date,bbg_eur6m_1y,bbg_eur6m_5y,bbg_eonia_1y,bbg_eonia_5y,bbg_estr_1y,bbg_estr_5y,source,raw_file
2006-10-05,3.786000,3.821090,,,,,"Bloomberg BGN, exported by Charlie",estr_eonia_euribor6m_1y5y_bbg_2026-10-05.xlsx
2006-10-06,3.792000,3.855680,,,,,"Bloomberg BGN, exported by Charlie",estr_eonia_euribor6m_1y5y_bbg_2026-10-05.xlsx
2006-10-09,3.809000,3.859580,,,,,"Bloomberg BGN, exported by Charlie",estr_eonia_euribor6m_1y5y_bbg_2026-10-05.xlsx
2006-10-10,3.840000,3.930740,,,,,"Bloomberg BGN, exported by Charlie",estr_eonia_euribor6m_1y5y_bbg_2026-10-05.xlsx
2006-10-11,3.854000,3.940560,,,,,"Bloomberg BGN, exported by Charlie",estr_eonia_euribor6m_1y5y_bbg_2026-10-05.xlsx
2006-10-12,3.843000,3.920320,,,,,"Bloomberg BGN, exported by Charlie",estr_eonia_euribor6m_1y5y_bbg_2026-10-05.xlsx
2006-10-13,3.849500,3.939000,,,,,"Bloomberg BGN, exported by Charlie",estr_eonia_euribor6m_1y5y_bbg_2026-10-05.xlsx
2006-10-16,3.848000,3.938610,,,,,"Bloomberg BGN, exported by Charlie",estr_eonia_euribor6m_1y5y_bbg_2026-10-05.xlsx
2006-10-17,3.838000,3.918920,,,,,"Bloomberg BGN, exported by Charlie",estr_eonia_euribor6m_1y5y_bbg_2026-10-05.xlsx
2006-10-18,3.834000,3.920440,,,,,"Bloomberg BGN, exported by Charlie",estr_eonia_euribor6m_1y5y_bbg_2026-10-05.xlsx
2006-10-19,3.841000,3.942650,,,,,"Bloomberg BGN, exported by Charlie",estr_eonia_euribor6m_1y5y_bbg_2026-10-05.xlsx
2006-10-20,3.861000,3.953000,,,,,"Bloomberg BGN, exported by Charlie",estr_eonia_euribor6m_1y5y_bbg_2026-10-05.xlsx
2006-10-23,3.886000,4.002950,,,,,"Bloomberg BGN, exported by Charlie",estr_eonia_euribor6m_1y5y_bbg_2026-10-05.xlsx
2006-10-24,3.892000,3.994400,,,,,"Bloomberg BGN, exported by Charlie",estr_eonia_euribor6m_1y5y_bbg_2026-10-05.xlsx
2006-10-25,3.902000,3.991910,,,,,"Bloomberg BGN, exported by Charlie",estr_eonia_euribor6m_1y5y_bbg_2026-10-05.xlsx
2006-10-26,3.909000,3.983160,,,,,"Bloomberg BGN, exported by Charlie",estr_eonia_euribor6m_1y5y_bbg_2026-10-05.xlsx
2006-10-27,3.908000,3.943250,,,,,"Bloomberg BGN, exported by Charlie",estr_eonia_euribor6m_1y5y_bbg_2026-10-05.xlsx
2006-10-30,3.914000,3.933000,,,,,"Bloomberg BGN, exported by Charlie",estr_eonia_euribor6m_1y5y_bbg_2026-10-05.xlsx
2006-10-31,3.884000,3.869150,,,,,"Bloomberg BGN, exported by Charlie",estr_eonia_euribor6m_1y5y_bbg_2026-10-05.xlsx
2006-11-01,3.865000,3.824170,,,,,"Bloomberg BGN, exported by Charlie",estr_eonia_euribor6m_1y5y_bbg_2026-10-05.xlsx
2006-11-02,3.883000,3.861620,,,,,"Bloomberg BGN, exported by Charlie",estr_eonia_euribor6m_1y5y_bbg_2026-10-05.xlsx
2006-11-03,3.910000,3.926000,,,,,"Bloomberg BGN, exported by Charlie",estr_eonia_euribor6m_1y5y_bbg_2026-10-05.xlsx
2006-11-06,3.930000,3.935500,,,,,"Bloomberg BGN, exported by Charlie",estr_eonia_euribor6m_1y5y_bbg_2026-10-05.xlsx
2006-11-07,3.930000,3.903440,,,,,"Bloomberg BGN, exported by Charlie",estr_eonia_euribor6m_1y5y_bbg_2026-10-05.xlsx
2006-11-08,3.944000,3.917010,,,,,"Bloomberg BGN, exported by Charlie",estr_eonia_euribor6m_1y5y_bbg_2026-10-05.xlsx
2006-11-09,3.945000,3.911650,,,,,"Bloomberg BGN, exported by Charlie",estr_eonia_euribor6m_1y5y_bbg_2026-10-05.xlsx
2006-11-10,3.911000,3.877000,,,,,"Bloomberg BGN, exported by Charlie",estr_eonia_euribor6m_1y5y_bbg_2026-10-05.xlsx
2006-11-13,3.920000,3.897730,,,,,"Bloomberg BGN, exported by Charlie",estr_eonia_euribor6m_1y5y_bbg_2026-10-05.xlsx
2006-11-14,3.920000,3.876000,,,,,"Bloomberg BGN, exported by Charlie",estr_eonia_euribor6m_1y5y_bbg_2026-10-05.xlsx
2006-11-15,3.924000,3.897090,,,,,"Bloomberg BGN, exported by Charlie",estr_eonia_euribor6m_1y5y_bbg_2026-10-05.xlsx
2006-11-16,3.941500,3.929500,,,,,"Bloomberg BGN, exported by Charlie",estr_eonia_euribor6m_1y5y_bbg_2026-10-05.xlsx
2006-11-17,3.920000,3.884000,,,,,"Bloomberg BGN, exported by Charlie",estr_eonia_euribor6m_1y5y_bbg_2026-10-05.xlsx
2006-11-20,3.889000,3.865010,,,,,"Bloomberg BGN, exported by Charlie",estr_eonia_euribor6m_1y5y_bbg_2026-10-05.xlsx
2006-11-21,3.890000,3.868370,,,,,"Bloomberg BGN, exported by Charlie",estr_eonia_euribor6m_1y5y_bbg_2026-10-05.xlsx
2006-11-22,3.885000,3.862170,,,,,"Bloomberg BGN, exported by Charlie",estr_eonia_euribor6m_1y5y_bbg_2026-10-05.xlsx
2006-11-23,3.920000,3.895590,,,,,"Bloomberg BGN, exported by Charlie",estr_eonia_euribor6m_1y5y_bbg_2026-10-05.xlsx
2006-11-24,3.902000,3.863000,,,,,"Bloomberg BGN, exported by Charlie",estr_eonia_euribor6m_1y5y_bbg_2026-10-05.xlsx
2006-11-27,3.885000,3.842450,,,,,"Bloomberg BGN, exported by Charlie",estr_eonia_euribor6m_1y5y_bbg_2026-10-05.xlsx
2006-11-28,3.878000,3.839470,,,,,"Bloomberg BGN, exported by Charlie",estr_eonia_euribor6m_1y5y_bbg_2026-10-05.xlsx
2006-11-29,3.897000,3.879500,,,,,"Bloomberg BGN, exported by Charlie",estr_eonia_euribor6m_1y5y_bbg_2026-10-05.xlsx
2006-11-30,3.891000,3.838620,,,,,"Bloomberg BGN, exported by Charlie",estr_eonia_euribor6m_1y5y_bbg_2026-10-05.xlsx
2006-12-01,3.868500,3.807000,,,,,"Bloomberg BGN, exported by Charlie",estr_eonia_euribor6m_1y5y_bbg_2026-10-05.xlsx
2006-12-04,3.836000,3.802370,,,,,"Bloomberg BGN, exported by Charlie",estr_eonia_euribor6m_1y5y_bbg_2026-10-05.xlsx
2006-12-05,3.864000,3.823910,,,,,"Bloomberg BGN, exported by Charlie",estr_eonia_euribor6m_1y5y_bbg_2026-10-05.xlsx
2006-12-06,3.883000,3.853240,,,,,"Bloomberg BGN, exported by Charlie",estr_eonia_euribor6m_1y5y_bbg_2026-10-05.xlsx
2006-12-07,3.913000,3.892750,,,,,"Bloomberg BGN, exported by Charlie",estr_eonia_euribor6m_1y5y_bbg_2026-10-05.xlsx
2006-12-08,3.929000,3.914000,,,,,"Bloomberg BGN, exported by Charlie",estr_eonia_euribor6m_1y5y_bbg_2026-10-05.xlsx
2006-12-11,3.945000,3.924590,,,,,"Bloomberg BGN, exported by Charlie",estr_eonia_euribor6m_1y5y_bbg_2026-10-05.xlsx
2006-12-12,3.945000,3.914680,,,,,"Bloomberg BGN, exported by Charlie",estr_eonia_euribor6m_1y5y_bbg_2026-10-05.xlsx
2006-12-13,3.972000,3.959780,,,,,"Bloomberg BGN, exported by Charlie",estr_eonia_euribor6m_1y5y_bbg_2026-10-05.xlsx
2006-12-14,3.982000,3.980930,,,,,"Bloomberg BGN, exported by Charlie",estr_eonia_euribor6m_1y5y_bbg_2026-10-05.xlsx
2006-12-15,3.995000,4.000000,,,,,"Bloomberg BGN, exported by Charlie",estr_eonia_euribor6m_1y5y_bbg_2026-10-05.xlsx
2006-12-18,4.004500,4.017500,,,,,"Bloomberg BGN, exported by Charlie",estr_eonia_euribor6m_1y5y_bbg_2026-10-05.xlsx
2006-12-19,4.017500,4.041220,,,,,"Bloomberg BGN, exported by Charlie",estr_eonia_euribor6m_1y5y_bbg_2026-10-05.xlsx
2006-12-20,4.033000,4.050000,,,,,"Bloomberg BGN, exported by Charlie",estr_eonia_euribor6m_1y5y_bbg_2026-10-05.xlsx
2006-12-21,4.030000,4.033000,,,,,"Bloomberg BGN, exported by Charlie",estr_eonia_euribor6m_1y5y_bbg_2026-10-05.xlsx
2006-12-22,4.049500,4.067000,,,,,"Bloomberg BGN, exported by Charlie",estr_eonia_euribor6m_1y5y_bbg_2026-10-05.xlsx
2006-12-25,4.049000,4.055000,,,,,"Bloomberg BGN, exported by Charlie",estr_eonia_euribor6m_1y5y_bbg_2026-10-05.xlsx
2006-12-26,4.049000,4.055000,,,,,"Bloomberg BGN, exported by Charlie",estr_eonia_euribor6m_1y5y_bbg_2026-10-05.xlsx
2006-12-27,4.060000,4.103000,,,,,"Bloomberg BGN, exported by Charlie",estr_eonia_euribor6m_1y5y_bbg_2026-10-05.xlsx
2006-12-28,4.075500,4.120000,,,,,"Bloomberg BGN, exported by Charlie",estr_eonia_euribor6m_1y5y_bbg_2026-10-05.xlsx
2006-12-29,4.076000,4.125010,,,,,"Bloomberg BGN, exported by Charlie",estr_eonia_euribor6m_1y5y_bbg_2026-10-05.xlsx
2007-01-01,4.076000,4.125000,,,,,"Bloomberg BGN, exported by Charlie",estr_eonia_euribor6m_1y5y_bbg_2026-10-05.xlsx
2007-01-02,4.071000,4.092000,3.949000,3.970000,3.864000,3.885000,"Bloomberg BGN, exported by Charlie",estr_eonia_euribor6m_1y5y_bbg_2026-10-05.xlsx
2007-01-03,4.073500,4.095000,3.950000,3.970000,3.865000,3.885000,"Bloomberg BGN, exported by Charlie",estr_eonia_euribor6m_1y5y_bbg_2026-10-05.xlsx
2007-01-04,4.076000,4.094000,3.953500,3.976000,3.868500,3.891000,"Bloomberg BGN, exported by Charlie",estr_eonia_euribor6m_1y5y_bbg_2026-10-05.xlsx
2007-01-05,4.093500,4.134000,3.970000,4.019500,3.885000,3.934500,"Bloomberg BGN, exported by Charlie",estr_eonia_euribor6m_1y5y_bbg_2026-10-05.xlsx
2007-01-08,4.095000,4.127500,3.971000,4.011500,3.886000,3.926500,"Bloomberg BGN, exported by Charlie",estr_eonia_euribor6m_1y5y_bbg_2026-10-05.xlsx
2007-01-09,4.109000,4.157500,3.993000,4.033000,3.908000,3.948000,"Bloomberg BGN, exported by Charlie",estr_eonia_euribor6m_1y5y_bbg_2026-10-05.xlsx
2007-01-10,4.121000,4.163000,3.998000,4.045000,3.913000,3.960000,"Bloomberg BGN, exported by Charlie",estr_eonia_euribor6m_1y5y_bbg_2026-10-05.xlsx
2007-01-11,4.118000,4.167000,3.979000,4.041000,3.894000,3.956000,"Bloomberg BGN, exported by Charlie",estr_eonia_euribor6m_1y5y_bbg_2026-10-05.xlsx
2007-01-12,4.114500,4.188000,3.985000,4.073000,3.900000,3.988000,"Bloomberg BGN, exported by Charlie",estr_eonia_euribor6m_1y5y_bbg_2026-10-05.xlsx
2007-01-15,4.119500,4.184500,3.994000,4.068000,3.909000,3.983000,"Bloomberg BGN, exported by Charlie",estr_eonia_euribor6m_1y5y_bbg_2026-10-05.xlsx
2007-01-16,4.115000,4.178500,3.992000,4.057500,3.907000,3.972500,"Bloomberg BGN, exported by Charlie",estr_eonia_euribor6m_1y5y_bbg_2026-10-05.xlsx
2007-01-17,4.114000,4.189000,3.996000,4.066000,3.911000,3.981000,"Bloomberg BGN, exported by Charlie",estr_eonia_euribor6m_1y5y_bbg_2026-10-05.xlsx
2007-01-18,4.124500,4.185000,4.001800,4.065000,3.916750,3.980000,"Bloomberg BGN, exported by Charlie",estr_eonia_euribor6m_1y5y_bbg_2026-10-05.xlsx
2007-01-19,4.129500,4.220000,4.012800,4.081000,3.927750,3.996000,"Bloomberg BGN, exported by Charlie",estr_eonia_euribor6m_1y5y_bbg_2026-10-05.xlsx
2007-01-22,4.120000,4.175000,3.996000,4.048500,3.911000,3.963500,"Bloomberg BGN, exported by Charlie",estr_eonia_euribor6m_1y5y_bbg_2026-10-05.xlsx
2007-01-23,4.126000,4.195100,4.011000,4.055000,3.926000,3.970000,"Bloomberg BGN, exported by Charlie",estr_eonia_euribor6m_1y5y_bbg_2026-10-05.xlsx
2007-01-24,4.136000,4.205000,4.013000,4.077000,3.928000,3.992000,"Bloomberg BGN, exported by Charlie",estr_eonia_euribor6m_1y5y_bbg_2026-10-05.xlsx
2007-01-25,4.144000,4.230000,4.020000,4.111000,3.935000,4.026000,"Bloomberg BGN, exported by Charlie",estr_eonia_euribor6m_1y5y_bbg_2026-10-05.xlsx
2007-01-26,4.143500,4.235100,4.020000,4.116500,3.935000,4.031500,"Bloomberg BGN, exported by Charlie",estr_eonia_euribor6m_1y5y_bbg_2026-10-05.xlsx
2007-01-29,4.154000,4.265100,4.029500,4.138500,3.944500,4.053500,"Bloomberg BGN, exported by Charlie",estr_eonia_euribor6m_1y5y_bbg_2026-10-05.xlsx
2007-01-30,4.150000,4.245100,4.024000,4.126000,3.939000,4.041000,"Bloomberg BGN, exported by Charlie",estr_eonia_euribor6m_1y5y_bbg_2026-10-05.xlsx
2007-01-31,4.151000,4.230000,4.015000,4.119500,3.930000,4.034500,"Bloomberg BGN, exported by Charlie",estr_eonia_euribor6m_1y5y_bbg_2026-10-05.xlsx
2007-02-01,4.144000,4.235100,4.021000,4.107000,3.936000,4.022000,"Bloomberg BGN, exported by Charlie",estr_eonia_euribor6m_1y5y_bbg_2026-10-05.xlsx
2007-02-02,4.113000,4.200100,3.984500,4.058000,3.899500,3.973000,"Bloomberg BGN, exported by Charlie",estr_eonia_euribor6m_1y5y_bbg_2026-10-05.xlsx
2007-02-05,4.100500,4.160100,3.979300,4.037000,3.894250,3.952000,"Bloomberg BGN, exported by Charlie",estr_eonia_euribor6m_1y5y_bbg_2026-10-05.xlsx
2007-02-06,4.108500,4.157500,3.987000,4.028000,3.902000,3.943000,"Bloomberg BGN, exported by Charlie",estr_eonia_euribor6m_1y5y_bbg_2026-10-05.xlsx
2007-02-07,4.119000,4.150100,3.995000,4.028000,3.910000,3.943000,"Bloomberg BGN, exported by Charlie",estr_eonia_euribor6m_1y5y_bbg_2026-10-05.xlsx
2007-02-08,4.145000,4.190100,4.025000,4.067500,3.940000,3.982500,"Bloomberg BGN, exported by Charlie",estr_eonia_euribor6m_1y5y_bbg_2026-10-05.xlsx
2007-02-09,4.153000,4.220000,4.030000,4.101500,3.945000,4.016500,"Bloomberg BGN, exported by Charlie",estr_eonia_euribor6m_1y5y_bbg_2026-10-05.xlsx
2007-02-12,4.149000,4.240000,4.024000,4.108000,3.939000,4.023000,"Bloomberg BGN, exported by Charlie",estr_eonia_euribor6m_1y5y_bbg_2026-10-05.xlsx
2007-02-13,4.162000,4.231500,4.036000,4.125000,3.951000,4.040000,"Bloomberg BGN, exported by Charlie",estr_eonia_euribor6m_1y5y_bbg_2026-10-05.xlsx
2007-02-14,4.157000,4.220100,4.029000,4.098500,3.944000,4.013500,"Bloomberg BGN, exported by Charlie",estr_eonia_euribor6m_1y5y_bbg_2026-10-05.xlsx
2007-02-15,4.143000,4.175100,4.020000,4.047500,3.935000,3.962500,"Bloomberg BGN, exported by Charlie",estr_eonia_euribor6m_1y5y_bbg_2026-10-05.xlsx
2007-02-16,4.154500,4.195000,4.035500,4.070500,3.950500,3.985500,"Bloomberg BGN, exported by Charlie",estr_eonia_euribor6m_1y5y_bbg_2026-10-05.xlsx
2007-02-19,4.167000,4.202000,4.048000,4.087000,3.963000,4.002000,"Bloomberg BGN, exported by Charlie",estr_eonia_euribor6m_1y5y_bbg_2026-10-05.xlsx
2007-02-20,4.164000,4.200000,4.040800,4.073000,3.955750,3.988000,"Bloomberg BGN, exported by Charlie",estr_eonia_euribor6m_1y5y_bbg_2026-10-05.xlsx
2007-02-21,4.163000,4.200100,4.042000,4.074000,3.957000,3.989000,"Bloomberg BGN, exported by Charlie",estr_eonia_euribor6m_1y5y_bbg_2026-10-05.xlsx
2007-02-22,4.176500,4.240000,4.056000,4.108000,3.971000,4.023000,"Bloomberg BGN, exported by Charlie",estr_eonia_euribor6m_1y5y_bbg_2026-10-05.xlsx
2007-02-23,4.170500,4.195000,4.045000,4.068000,3.960000,3.983000,"Bloomberg BGN, exported by Charlie",estr_eonia_euribor6m_1y5y_bbg_2026-10-05.xlsx
2007-02-26,4.158000,4.145000,4.034000,4.016000,3.949000,3.931000,"Bloomberg BGN, exported by Charlie",estr_eonia_euribor6m_1y5y_bbg_2026-10-05.xlsx
2007-02-27,4.144000,4.060100,3.997000,3.978000,3.912000,3.893000,"Bloomberg BGN, exported by Charlie",estr_eonia_euribor6m_1y5y_bbg_2026-10-05.xlsx
2007-02-28,4.116500,4.110000,3.992000,3.976000,3.907000,3.891000,"Bloomberg BGN, exported by Charlie",estr_eonia_euribor6m_1y5y_bbg_2026-10-05.xlsx
2007-03-01,4.115000,4.095000,3.979500,3.966000,3.894500,3.881000,"Bloomberg BGN, exported by Charlie",estr_eonia_euribor6m_1y5y_bbg_2026-10-05.xlsx
2007-03-02,4.085000,4.060100,3.942000,3.939000,3.857000,3.854000,"Bloomberg BGN, exported by Charlie",estr_eonia_euribor6m_1y5y_bbg_2026-10-05.xlsx
2007-03-05,4.074500,4.045100,3.939000,3.926000,3.854000,3.841000,"Bloomberg BGN, exported by Charlie",estr_eonia_euribor6m_1y5y_bbg_2026-10-05.xlsx
2007-03-06,4.100000,4.080000,3.977000,3.951000,3.892000,3.866000,"Bloomberg BGN, exported by Charlie",estr_eonia_euribor6m_1y5y_bbg_2026-10-05.xlsx
2007-03-07,4.109500,4.075000,3.978000,3.956500,3.893000,3.871500,"Bloomberg BGN, exported by Charlie",estr_eonia_euribor6m_1y5y_bbg_2026-10-05.xlsx
2007-03-08,4.135000,4.080100,4.013000,3.960000,3.928000,3.875000,"Bloomberg BGN, exported by Charlie",estr_eonia_euribor6m_1y5y_bbg_2026-10-05.xlsx
2007-03-09,4.168500,4.130000,4.044000,4.001500,3.959000,3.916500,"Bloomberg BGN, exported by Charlie",estr_eonia_euribor6m_1y5y_bbg_2026-10-05.xlsx
2007-03-12,4.171000,4.090000,4.039000,3.973500,3.954000,3.888500,"Bloomberg BGN, exported by Charlie",estr_eonia_euribor6m_1y5y_bbg_2026-10-05.xlsx
2007-03-13,4.159000,4.049000,4.023000,3.943000,3.938000,3.858000,"Bloomberg BGN, exported by Charlie",estr_eonia_euribor6m_1y5y_bbg_2026-10-05.xlsx
2007-03-14,4.157000,4.079500,4.027000,3.942000,3.942000,3.857000,"Bloomberg BGN, exported by Charlie",estr_eonia_euribor6m_1y5y_bbg_2026-10-05.xlsx
2007-03-15,4.174500,4.095000,4.044000,3.970000,3.959000,3.885000,"Bloomberg BGN, exported by Charlie",estr_eonia_euribor6m_1y5y_bbg_2026-10-05.xlsx
2007-03-16,4.179500,4.098000,4.046500,3.984000,3.961500,3.899000,"Bloomberg BGN, exported by Charlie",estr_eonia_euribor6m_1y5y_bbg_2026-10-05.xlsx
2007-03-19,4.196000,4.135000,4.062000,4.005500,3.977000,3.920500,"Bloomberg BGN, exported by Charlie",estr_eonia_euribor6m_1y5y_bbg_2026-10-05.xlsx
2007-03-20,4.191000,4.108500,4.062000,3.988500,3.977000,3.903500,"Bloomberg BGN, exported by Charlie",estr_eonia_euribor6m_1y5y_bbg_2026-10-05.xlsx
2007-03-21,4.196000,4.105000,4.041000,4.006000,3.956000,3.921000,"Bloomberg BGN, exported by Charlie",estr_eonia_euribor6m_1y5y_bbg_2026-10-05.xlsx
2007-03-22,4.193000,4.144500,4.064000,4.016000,3.979000,3.931000,"Bloomberg BGN, exported by Charlie",estr_eonia_euribor6m_1y5y_bbg_2026-10-05.xlsx
2007-03-23,4.200500,4.182000,4.071000,4.060000,3.986000,3.975000,"Bloomberg BGN, exported by Charlie",estr_eonia_euribor6m_1y5y_bbg_2026-10-05.xlsx
2007-03-26,4.211500,4.181000,4.080000,4.059500,3.995000,3.974500,"Bloomberg BGN, exported by Charlie",estr_eonia_euribor6m_1y5y_bbg_2026-10-05.xlsx
2007-03-27,4.225000,4.200100,3.977000,4.068000,3.892000,3.983000,"Bloomberg BGN, exported by Charlie",estr_eonia_euribor6m_1y5y_bbg_2026-10-05.xlsx
2007-03-28,4.240000,4.215000,4.099000,4.096000,4.014000,4.011000,"Bloomberg BGN, exported by Charlie",estr_eonia_euribor6m_1y5y_bbg_2026-10-05.xlsx
2007-03-29,4.241000,4.230000,4.111000,4.102000,4.026000,4.017000,"Bloomberg BGN, exported by Charlie",estr_eonia_euribor6m_1y5y_bbg_2026-10-05.xlsx
2007-03-30,4.249000,4.235100,4.112500,4.117000,4.027500,4.032000,"Bloomberg BGN, exported by Charlie",estr_eonia_euribor6m_1y5y_bbg_2026-10-05.xlsx
2007-04-02,4.270000,4.270100,4.140000,4.142500,4.055000,4.057500,"Bloomberg BGN, exported by Charlie",estr_eonia_euribor6m_1y5y_bbg_2026-10-05.xlsx
2007-04-03,4.271000,4.275000,4.142000,4.134000,4.057000,4.049000,"Bloomberg BGN, exported by Charlie",estr_eonia_euribor6m_1y5y_bbg_2026-10-05.xlsx
2007-04-04,4.268500,4.245000,4.138500,4.127000,4.053500,4.042000,"Bloomberg BGN, exported by Charlie",estr_eonia_euribor6m_1y5y_bbg_2026-10-05.xlsx
2007-04-05,4.268000,4.275100,4.148500,4.153000,4.063500,4.068000,"Bloomberg BGN, exported by Charlie",estr_eonia_euribor6m_1y5y_bbg_2026-10-05.xlsx
2007-04-06,4.282000,4.275000,,,,,"Bloomberg BGN, exported by Charlie",estr_eonia_euribor6m_1y5y_bbg_2026-10-05.xlsx
2007-04-09,4.282000,4.275000,,,,,"Bloomberg BGN, exported by Charlie",estr_eonia_euribor6m_1y5y_bbg_2026-10-05.xlsx
2007-04-10,4.302000,4.310000,4.170500,4.181000,4.085500,4.096000,"Bloomberg BGN, exported by Charlie",estr_eonia_euribor6m_1y5y_bbg_2026-10-05.xlsx
2007-04-11,4.311000,4.335100,4.182000,4.210000,4.097000,4.125000,"Bloomberg BGN, exported by Charlie",estr_eonia_euribor6m_1y5y_bbg_2026-10-05.xlsx
2007-04-12,4.323000,4.360000,4.201500,4.237000,4.116500,4.152000,"Bloomberg BGN, exported by Charlie",estr_eonia_euribor6m_1y5y_bbg_2026-10-05.xlsx
2007-04-13,4.342000,4.410000,4.207000,4.283000,4.122000,4.198000,"Bloomberg BGN, exported by Charlie",estr_eonia_euribor6m_1y5y_bbg_2026-10-05.xlsx
2007-04-16,4.330500,4.380000,4.193500,4.252000,4.108500,4.167000,"Bloomberg BGN, exported by Charlie",estr_eonia_euribor6m_1y5y_bbg_2026-10-05.xlsx
2007-04-17,4.330000,4.360100,4.195000,4.235000,4.110000,4.150000,"Bloomberg BGN, exported by Charlie",estr_eonia_euribor6m_1y5y_bbg_2026-10-05.xlsx
2007-04-18,4.328000,4.340000,4.193000,4.205000,4.108000,4.120000,"Bloomberg BGN, exported by Charlie",estr_eonia_euribor6m_1y5y_bbg_2026-10-05.xlsx
2007-04-19,4.349000,4.380000,4.214000,4.254000,4.129000,4.169000,"Bloomberg BGN, exported by Charlie",estr_eonia_euribor6m_1y5y_bbg_2026-10-05.xlsx
2007-04-20,4.343000,4.370100,4.208300,4.243000,4.123250,4.158000,"Bloomberg BGN, exported by Charlie",estr_eonia_euribor6m_1y5y_bbg_2026-10-05.xlsx
2007-04-23,4.335000,4.355100,4.200000,4.224000,4.115000,4.139000,"Bloomberg BGN, exported by Charlie",estr_eonia_euribor6m_1y5y_bbg_2026-10-05.xlsx
2007-04-24,4.336500,4.345100,4.203000,4.218000,4.118000,4.133000,"Bloomberg BGN, exported by Charlie",estr_eonia_euribor6m_1y5y_bbg_2026-10-05.xlsx
2007-04-25,4.347000,4.375000,4.213000,4.245000,4.128000,4.160000,"Bloomberg BGN, exported by Charlie",estr_eonia_euribor6m_1y5y_bbg_2026-10-05.xlsx
2007-04-26,4.367000,4.412000,4.235000,4.289000,4.150000,4.204000,"Bloomberg BGN, exported by Charlie",estr_eonia_euribor6m_1y5y_bbg_2026-10-05.xlsx
2007-04-27,4.368500,4.397000,4.233000,4.267000,4.148000,4.182000,"Bloomberg BGN, exported by Charlie",estr_eonia_euribor6m_1y5y_bbg_2026-10-05.xlsx
2007-04-30,4.345000,4.324000,4.214000,4.207000,4.129000,4.122000,"Bloomberg BGN, exported by Charlie",estr_eonia_euribor6m_1y5y_bbg_2026-10-05.xlsx
2007-05-01,4.367500,4.327000,,,,,"Bloomberg BGN, exported by Charlie",estr_eonia_euribor6m_1y5y_bbg_2026-10-05.xlsx
2007-05-02,4.382000,4.399000,4.245000,4.275000,4.160000,4.190000,"Bloomberg BGN, exported by Charlie",estr_eonia_euribor6m_1y5y_bbg_2026-10-05.xlsx
2007-05-03,4.387000,4.413000,4.252000,4.286000,4.167000,4.201000,"Bloomberg BGN, exported by Charlie",estr_eonia_euribor6m_1y5y_bbg_2026-10-05.xlsx
2007-05-04,4.379000,4.385000,4.243000,4.257000,4.158000,4.172000,"Bloomberg BGN, exported by Charlie",estr_eonia_euribor6m_1y5y_bbg_2026-10-05.xlsx
2007-05-07,4.390000,4.403000,4.254000,4.274000,4.169000,4.189000,"Bloomberg BGN, exported by Charlie",estr_eonia_euribor6m_1y5y_bbg_2026-10-05.xlsx
2007-05-08,4.382500,4.394500,4.248000,4.265000,4.163000,4.180000,"Bloomberg BGN, exported by Charlie",estr_eonia_euribor6m_1y5y_bbg_2026-10-05.xlsx
2007-05-09,4.393000,4.414000,4.257000,4.278000,4.172000,4.193000,"Bloomberg BGN, exported by Charlie",estr_eonia_euribor6m_1y5y_bbg_2026-10-05.xlsx
2007-05-10,4.383000,4.391000,4.247000,4.266000,4.162000,4.181000,"Bloomberg BGN, exported by Charlie",estr_eonia_euribor6m_1y5y_bbg_2026-10-05.xlsx
2007-05-11,4.382000,4.418000,4.252500,4.289000,4.167500,4.204000,"Bloomberg BGN, exported by Charlie",estr_eonia_euribor6m_1y5y_bbg_2026-10-05.xlsx
2007-05-14,4.404000,4.451500,4.266000,4.328000,4.181000,4.243000,"Bloomberg BGN, exported by Charlie",estr_eonia_euribor6m_1y5y_bbg_2026-10-05.xlsx
2007-05-15,4.429000,4.483000,4.297000,4.364000,4.212000,4.279000,"Bloomberg BGN, exported by Charlie",estr_eonia_euribor6m_1y5y_bbg_2026-10-05.xlsx
2007-05-16,4.451500,4.496000,4.319000,4.370000,4.234000,4.285000,"Bloomberg BGN, exported by Charlie",estr_eonia_euribor6m_1y5y_bbg_2026-10-05.xlsx
2007-05-17,4.466500,4.515000,4.329500,4.389000,4.244500,4.304000,"Bloomberg BGN, exported by Charlie",estr_eonia_euribor6m_1y5y_bbg_2026-10-05.xlsx
2007-05-18,4.471500,4.520000,4.330500,4.386000,4.245500,4.301000,"Bloomberg BGN, exported by Charlie",estr_eonia_euribor6m_1y5y_bbg_2026-10-05.xlsx
2007-05-21,4.461500,4.508000,4.324000,4.380000,4.239000,4.295000,"Bloomberg BGN, exported by Charlie",estr_eonia_euribor6m_1y5y_bbg_2026-10-05.xlsx
2007-05-22,4.488000,4.552000,4.349000,4.426000,4.264000,4.341000,"Bloomberg BGN, exported by Charlie",estr_eonia_euribor6m_1y5y_bbg_2026-10-05.xlsx
2007-05-23,4.499000,4.569000,4.361000,4.444000,4.276000,4.359000,"Bloomberg BGN, exported by Charlie",estr_eonia_euribor6m_1y5y_bbg_2026-10-05.xlsx
2007-05-24,4.479000,4.550500,4.341000,4.430000,4.256000,4.345000,"Bloomberg BGN, exported by Charlie",estr_eonia_euribor6m_1y5y_bbg_2026-10-05.xlsx
2007-05-25,4.511500,4.607000,4.372000,4.477000,4.287000,4.392000,"Bloomberg BGN, exported by Charlie",estr_eonia_euribor6m_1y5y_bbg_2026-10-05.xlsx
2007-05-28,4.517500,4.610000,4.377000,4.483000,4.292000,4.398000,"Bloomberg BGN, exported by Charlie",estr_eonia_euribor6m_1y5y_bbg_2026-10-05.xlsx
2007-05-29,4.509500,4.608000,4.382000,4.474000,4.297000,4.389000,"Bloomberg BGN, exported by Charlie",estr_eonia_euribor6m_1y5y_bbg_2026-10-05.xlsx
2007-05-30,4.523000,4.612000,4.384500,4.491000,4.299500,4.406000,"Bloomberg BGN, exported by Charlie",estr_eonia_euribor6m_1y5y_bbg_2026-10-05.xlsx
2007-05-31,4.539000,4.630500,4.402800,4.506000,4.317750,4.421000,"Bloomberg BGN, exported by Charlie",estr_eonia_euribor6m_1y5y_bbg_2026-10-05.xlsx
2007-06-01,4.562000,4.680500,4.424000,4.555000,4.339000,4.470000,"Bloomberg BGN, exported by Charlie",estr_eonia_euribor6m_1y5y_bbg_2026-10-05.xlsx
2007-06-04,4.558500,4.674000,4.420000,4.545000,4.335000,4.460000,"Bloomberg BGN, exported by Charlie",estr_eonia_euribor6m_1y5y_bbg_2026-10-05.xlsx
2007-06-05,4.558500,4.700000,4.425500,4.565000,4.340500,4.480000,"Bloomberg BGN, exported by Charlie",estr_eonia_euribor6m_1y5y_bbg_2026-10-05.xlsx
2007-06-06,4.532500,4.647500,4.397000,4.519000,4.312000,4.434000,"Bloomberg BGN, exported by Charlie",estr_eonia_euribor6m_1y5y_bbg_2026-10-05.xlsx
2007-06-07,4.564000,4.737000,4.427000,4.598000,4.342000,4.513000,"Bloomberg BGN, exported by Charlie",estr_eonia_euribor6m_1y5y_bbg_2026-10-05.xlsx
2007-06-08,4.558500,4.750000,4.423000,4.617000,4.338000,4.532000,"Bloomberg BGN, exported by Charlie",estr_eonia_euribor6m_1y5y_bbg_2026-10-05.xlsx
2007-06-11,4.563000,4.751000,4.424000,4.619000,4.339000,4.534000,"Bloomberg BGN, exported by Charlie",estr_eonia_euribor6m_1y5y_bbg_2026-10-05.xlsx
2007-06-12,4.589500,4.814000,4.451000,4.685000,4.366000,4.600000,"Bloomberg BGN, exported by Charlie",estr_eonia_euribor6m_1y5y_bbg_2026-10-05.xlsx
2007-06-13,4.585500,4.823500,4.445500,4.696000,4.360500,4.611000,"Bloomberg BGN, exported by Charlie",estr_eonia_euribor6m_1y5y_bbg_2026-10-05.xlsx
2007-06-14,4.578500,4.832500,4.441500,4.706000,4.356500,4.621000,"Bloomberg BGN, exported by Charlie",estr_eonia_euribor6m_1y5y_bbg_2026-10-05.xlsx
2007-06-15,4.595000,4.825500,4.450800,4.706000,4.365750,4.621000,"Bloomberg BGN, exported by Charlie",estr_eonia_euribor6m_1y5y_bbg_2026-10-05.xlsx
2007-06-18,4.587000,4.825470,4.449000,4.699000,4.364000,4.614000,"Bloomberg BGN, exported by Charlie",estr_eonia_euribor6m_1y5y_bbg_2026-10-05.xlsx
2007-06-19,4.574000,4.765500,4.430000,4.650000,4.345000,4.565000,"Bloomberg BGN, exported by Charlie",estr_eonia_euribor6m_1y5y_bbg_2026-10-05.xlsx
2007-06-20,4.592500,4.824500,4.455000,4.702000,4.370000,4.617000,"Bloomberg BGN, exported by Charlie",estr_eonia_euribor6m_1y5y_bbg_2026-10-05.xlsx
2007-06-21,4.601500,4.835500,4.462000,4.716000,4.377000,4.631000,"Bloomberg BGN, exported by Charlie",estr_eonia_euribor6m_1y5y_bbg_2026-10-05.xlsx
2007-06-22,4.591500,4.791000,4.438000,4.665000,4.353000,4.580000,"Bloomberg BGN, exported by Charlie",estr_eonia_euribor6m_1y5y_bbg_2026-10-05.xlsx
2007-06-25,4.585500,4.781500,4.438000,4.651000,4.353000,4.566000,"Bloomberg BGN, exported by Charlie",estr_eonia_euribor6m_1y5y_bbg_2026-10-05.xlsx
2007-06-26,4.589000,4.777500,4.445000,4.654000,4.360000,4.569000,"Bloomberg BGN, exported by Charlie",estr_eonia_euribor6m_1y5y_bbg_2026-10-05.xlsx
2007-06-27,4.577500,4.752500,4.437000,4.627000,4.352000,4.542000,"Bloomberg BGN, exported by Charlie",estr_eonia_euribor6m_1y5y_bbg_2026-10-05.xlsx
2007-06-28,4.599500,4.775500,4.461000,4.652000,4.376000,4.567000,"Bloomberg BGN, exported by Charlie",estr_eonia_euribor6m_1y5y_bbg_2026-10-05.xlsx
2007-06-29,4.602000,4.767500,4.457000,4.641000,4.372000,4.556000,"Bloomberg BGN, exported by Charlie",estr_eonia_euribor6m_1y5y_bbg_2026-10-05.xlsx
2007-07-02,4.595500,4.716000,4.454000,4.595000,4.369000,4.510000,"Bloomberg BGN, exported by Charlie",estr_eonia_euribor6m_1y5y_bbg_2026-10-05.xlsx
2007-07-03,4.612000,4.783500,4.470000,4.657000,4.385000,4.572000,"Bloomberg BGN, exported by Charlie",estr_eonia_euribor6m_1y5y_bbg_2026-10-05.xlsx
2007-07-04,4.624000,4.826500,4.483000,4.694000,4.398000,4.609000,"Bloomberg BGN, exported by Charlie",estr_eonia_euribor6m_1y5y_bbg_2026-10-05.xlsx
2007-07-05,4.646000,4.869000,4.510500,4.741000,4.425500,4.656000,"Bloomberg BGN, exported by Charlie",estr_eonia_euribor6m_1y5y_bbg_2026-10-05.xlsx
2007-07-06,4.654000,4.896000,4.517000,4.773000,4.432000,4.688000,"Bloomberg BGN, exported by Charlie",estr_eonia_euribor6m_1y5y_bbg_2026-10-05.xlsx
2007-07-09,4.658000,4.878500,4.510000,4.752000,4.425000,4.667000,"Bloomberg BGN, exported by Charlie",estr_eonia_euribor6m_1y5y_bbg_2026-10-05.xlsx
2007-07-10,4.631000,4.788500,4.488000,4.682000,4.403000,4.597000,"Bloomberg BGN, exported by Charlie",estr_eonia_euribor6m_1y5y_bbg_2026-10-05.xlsx
2007-07-11,4.642500,4.821000,4.508000,4.697000,4.423000,4.612000,"Bloomberg BGN, exported by Charlie",estr_eonia_euribor6m_1y5y_bbg_2026-10-05.xlsx
2007-07-12,4.660000,4.879500,4.525000,4.750000,4.440000,4.665000,"Bloomberg BGN, exported by Charlie",estr_eonia_euribor6m_1y5y_bbg_2026-10-05.xlsx
2007-07-13,4.662000,4.860500,4.521000,4.734000,4.436000,4.649000,"Bloomberg BGN, exported by Charlie",estr_eonia_euribor6m_1y5y_bbg_2026-10-05.xlsx
2007-07-16,4.652000,4.811500,4.510000,4.678000,4.425000,4.593000,"Bloomberg BGN, exported by Charlie",estr_eonia_euribor6m_1y5y_bbg_2026-10-05.xlsx
2007-07-17,4.661000,4.850500,4.525000,4.722000,4.440000,4.637000,"Bloomberg BGN, exported by Charlie",estr_eonia_euribor6m_1y5y_bbg_2026-10-05.xlsx
2007-07-18,4.648000,4.829500,4.514000,4.702000,4.429000,4.617000,"Bloomberg BGN, exported by Charlie",estr_eonia_euribor6m_1y5y_bbg_2026-10-05.xlsx
2007-07-19,4.662500,4.818000,4.526000,4.706000,4.441000,4.621000,"Bloomberg BGN, exported by Charlie",estr_eonia_euribor6m_1y5y_bbg_2026-10-05.xlsx
2007-07-20,4.636500,4.723000,4.491000,4.595000,4.406000,4.510000,"Bloomberg BGN, exported by Charlie",estr_eonia_euribor6m_1y5y_bbg_2026-10-05.xlsx
2007-07-23,4.639500,4.729000,4.501500,4.601000,4.416500,4.516000,"Bloomberg BGN, exported by Charlie",estr_eonia_euribor6m_1y5y_bbg_2026-10-05.xlsx
2007-07-24,4.635000,4.692500,4.487500,4.588000,4.402500,4.503000,"Bloomberg BGN, exported by Charlie",estr_eonia_euribor6m_1y5y_bbg_2026-10-05.xlsx
2007-07-25,4.624500,4.710000,4.488500,4.586000,4.403500,4.501000,"Bloomberg BGN, exported by Charlie",estr_eonia_euribor6m_1y5y_bbg_2026-10-05.xlsx
2007-07-26,4.588000,4.630000,4.432500,4.495000,4.347500,4.410000,"Bloomberg BGN, exported by Charlie",estr_eonia_euribor6m_1y5y_bbg_2026-10-05.xlsx
2007-07-27,4.585000,4.655000,4.438500,4.531000,4.353500,4.446000,"Bloomberg BGN, exported by Charlie",estr_eonia_euribor6m_1y5y_bbg_2026-10-05.xlsx
2007-07-30,4.579500,4.666500,4.441000,4.545000,4.356000,4.460000,"Bloomberg BGN, exported by Charlie",estr_eonia_euribor6m_1y5y_bbg_2026-10-05.xlsx
2007-07-31,4.601000,4.630500,4.436500,4.505000,4.351500,4.420000,"Bloomberg BGN, exported by Charlie",estr_eonia_euribor6m_1y5y_bbg_2026-10-05.xlsx
2007-08-01,4.587000,4.665000,4.457500,4.555000,4.372500,4.470000,"Bloomberg BGN, exported by Charlie",estr_eonia_euribor6m_1y5y_bbg_2026-10-05.xlsx
2007-08-02,4.612000,4.672500,4.477500,4.548000,4.392500,4.463000,"Bloomberg BGN, exported by Charlie",estr_eonia_euribor6m_1y5y_bbg_2026-10-05.xlsx
2007-08-03,4.602500,4.613500,4.435500,4.489000,4.350500,4.404000,"Bloomberg BGN, exported by Charlie",estr_eonia_euribor6m_1y5y_bbg_2026-10-05.xlsx
2007-08-06,4.586500,4.676500,4.454500,4.533000,4.369500,4.448000,"Bloomberg BGN, exported by Charlie",estr_eonia_euribor6m_1y5y_bbg_2026-10-05.xlsx
2007-08-07,4.612500,4.673500,4.466500,4.549000,4.381500,4.464000,"Bloomberg BGN, exported by Charlie",estr_eonia_euribor6m_1y5y_bbg_2026-10-05.xlsx
2007-08-08,4.658000,4.714000,4.496500,4.599000,4.411500,4.514000,"Bloomberg BGN, exported by Charlie",estr_eonia_euribor6m_1y5y_bbg_2026-10-05.xlsx
2007-08-09,4.628000,4.664500,4.408000,4.535000,4.323000,4.450000,"Bloomberg BGN, exported by Charlie",estr_eonia_euribor6m_1y5y_bbg_2026-10-05.xlsx
2007-08-10,4.616000,4.630500,4.381000,4.523000,4.296000,4.438000,"Bloomberg BGN, exported by Charlie",estr_eonia_euribor6m_1y5y_bbg_2026-10-05.xlsx
2007-08-13,4.637000,4.630000,4.364000,4.504000,4.279000,4.419000,"Bloomberg BGN, exported by Charlie",estr_eonia_euribor6m_1y5y_bbg_2026-10-05.xlsx
2007-08-14,4.628500,4.627500,4.330000,4.498000,4.245000,4.413000,"Bloomberg BGN, exported by Charlie",estr_eonia_euribor6m_1y5y_bbg_2026-10-05.xlsx
2007-08-15,4.594000,4.574500,4.271000,4.442000,4.186000,4.357000,"Bloomberg BGN, exported by Charlie",estr_eonia_euribor6m_1y5y_bbg_2026-10-05.xlsx
2007-08-16,4.527500,4.526000,4.136000,4.376000,4.051000,4.291000,"Bloomberg BGN, exported by Charlie",estr_eonia_euribor6m_1y5y_bbg_2026-10-05.xlsx
2007-08-17,4.542000,4.514500,4.159500,4.393000,4.074500,4.308000,"Bloomberg BGN, exported by Charlie",estr_eonia_euribor6m_1y5y_bbg_2026-10-05.xlsx
2007-08-20,4.551500,4.507000,4.153800,4.356000,4.068750,4.271000,"Bloomberg BGN, exported by Charlie",estr_eonia_euribor6m_1y5y_bbg_2026-10-05.xlsx
2007-08-21,4.545000,4.477000,4.131000,4.366000,4.046000,4.281000,"Bloomberg BGN, exported by Charlie",estr_eonia_euribor6m_1y5y_bbg_2026-10-05.xlsx
2007-08-22,4.652500,4.544000,4.242500,4.453000,4.157500,4.368000,"Bloomberg BGN, exported by Charlie",estr_eonia_euribor6m_1y5y_bbg_2026-10-05.xlsx
2007-08-23,4.687500,4.526000,4.267000,4.440000,4.182000,4.355000,"Bloomberg BGN, exported by Charlie",estr_eonia_euribor6m_1y5y_bbg_2026-10-05.xlsx
2007-08-24,4.706000,4.538000,4.279000,4.441000,4.194000,4.356000,"Bloomberg BGN, exported by Charlie",estr_eonia_euribor6m_1y5y_bbg_2026-10-05.xlsx
2007-08-27,4.671000,4.488000,4.228000,4.397000,4.143000,4.312000,"Bloomberg BGN, exported by Charlie",estr_eonia_euribor6m_1y5y_bbg_2026-10-05.xlsx
2007-08-28,4.643500,4.446000,4.191000,4.365000,4.106000,4.280000,"Bloomberg BGN, exported by Charlie",estr_eonia_euribor6m_1y5y_bbg_2026-10-05.xlsx
2007-08-29,4.661500,4.528000,4.254000,4.433000,4.169000,4.348000,"Bloomberg BGN, exported by Charlie",estr_eonia_euribor6m_1y5y_bbg_2026-10-05.xlsx
2007-08-30,4.670000,4.482000,4.205000,4.409000,4.120000,4.324000,"Bloomberg BGN, exported by Charlie",estr_eonia_euribor6m_1y5y_bbg_2026-10-05.xlsx
2007-08-31,4.700000,4.543000,4.230000,4.452000,4.145000,4.367000,"Bloomberg BGN, exported by Charlie",estr_eonia_euribor6m_1y5y_bbg_2026-10-05.xlsx
2007-09-03,4.663000,4.542000,4.241000,4.461000,4.156000,4.376000,"Bloomberg BGN, exported by Charlie",estr_eonia_euribor6m_1y5y_bbg_2026-10-05.xlsx
2007-09-04,4.713000,4.544000,4.237000,4.474000,4.152000,4.389000,"Bloomberg BGN, exported by Charlie",estr_eonia_euribor6m_1y5y_bbg_2026-10-05.xlsx
2007-09-05,4.705000,4.499000,4.185000,4.416000,4.100000,4.331000,"Bloomberg BGN, exported by Charlie",estr_eonia_euribor6m_1y5y_bbg_2026-10-05.xlsx
2007-09-06,4.679500,4.504500,4.177500,4.412000,4.092500,4.327000,"Bloomberg BGN, exported by Charlie",estr_eonia_euribor6m_1y5y_bbg_2026-10-05.xlsx
2007-09-07,4.612500,4.392500,4.107500,4.304000,4.022500,4.219000,"Bloomberg BGN, exported by Charlie",estr_eonia_euribor6m_1y5y_bbg_2026-10-05.xlsx
2007-09-10,4.583000,4.348500,4.110000,4.261000,4.025000,4.176000,"Bloomberg BGN, exported by Charlie",estr_eonia_euribor6m_1y5y_bbg_2026-10-05.xlsx
2007-09-11,4.618500,4.376000,4.140000,4.270000,4.055000,4.185000,"Bloomberg BGN, exported by Charlie",estr_eonia_euribor6m_1y5y_bbg_2026-10-05.xlsx
2007-09-12,4.629500,4.396500,4.127500,4.275000,4.042500,4.190000,"Bloomberg BGN, exported by Charlie",estr_eonia_euribor6m_1y5y_bbg_2026-10-05.xlsx
2007-09-13,4.645500,4.443500,4.165000,4.320000,4.080000,4.235000,"Bloomberg BGN, exported by Charlie",estr_eonia_euribor6m_1y5y_bbg_2026-10-05.xlsx
2007-09-14,4.624000,4.432000,4.157500,4.315000,4.072500,4.230000,"Bloomberg BGN, exported by Charlie",estr_eonia_euribor6m_1y5y_bbg_2026-10-05.xlsx
2007-09-17,4.577000,4.407500,4.140000,4.273000,4.055000,4.188000,"Bloomberg BGN, exported by Charlie",estr_eonia_euribor6m_1y5y_bbg_2026-10-05.xlsx
2007-09-18,4.526500,4.433000,4.190000,4.361000,4.105000,4.276000,"Bloomberg BGN, exported by Charlie",estr_eonia_euribor6m_1y5y_bbg_2026-10-05.xlsx
2007-09-19,4.573500,4.496000,4.165000,4.371000,4.080000,4.286000,"Bloomberg BGN, exported by Charlie",estr_eonia_euribor6m_1y5y_bbg_2026-10-05.xlsx
2007-09-20,4.582500,4.549500,4.172500,4.447000,4.087500,4.362000,"Bloomberg BGN, exported by Charlie",estr_eonia_euribor6m_1y5y_bbg_2026-10-05.xlsx
2007-09-21,4.578500,4.542000,4.136500,4.425000,4.051500,4.340000,"Bloomberg BGN, exported by Charlie",estr_eonia_euribor6m_1y5y_bbg_2026-10-05.xlsx
2007-09-24,4.596000,4.555500,4.126000,4.405000,4.041000,4.320000,"Bloomberg BGN, exported by Charlie",estr_eonia_euribor6m_1y5y_bbg_2026-10-05.xlsx
2007-09-25,4.592500,4.529000,4.110000,4.375000,4.025000,4.290000,"Bloomberg BGN, exported by Charlie",estr_eonia_euribor6m_1y5y_bbg_2026-10-05.xlsx
2007-09-26,4.626500,4.577500,4.137500,4.416000,4.052500,4.331000,"Bloomberg BGN, exported by Charlie",estr_eonia_euribor6m_1y5y_bbg_2026-10-05.xlsx
2007-09-27,4.651500,4.558000,4.130000,4.397000,4.045000,4.312000,"Bloomberg BGN, exported by Charlie",estr_eonia_euribor6m_1y5y_bbg_2026-10-05.xlsx
2007-09-28,4.694000,4.546000,4.125000,4.388000,4.040000,4.303000,"Bloomberg BGN, exported by Charlie",estr_eonia_euribor6m_1y5y_bbg_2026-10-05.xlsx
2007-10-01,4.637500,4.522500,4.112500,4.369000,4.027500,4.284000,"Bloomberg BGN, exported by Charlie",estr_eonia_euribor6m_1y5y_bbg_2026-10-05.xlsx
2007-10-02,4.675500,4.508500,4.090000,4.330000,4.005000,4.245000,"Bloomberg BGN, exported by Charlie",estr_eonia_euribor6m_1y5y_bbg_2026-10-05.xlsx
2007-10-03,4.692000,4.530500,4.090000,4.366000,4.005000,4.281000,"Bloomberg BGN, exported by Charlie",estr_eonia_euribor6m_1y5y_bbg_2026-10-05.xlsx
2007-10-04,4.663000,4.467000,4.080000,4.218000,3.995000,4.133000,"Bloomberg BGN, exported by Charlie",estr_eonia_euribor6m_1y5y_bbg_2026-10-05.xlsx
2007-10-05,4.651500,4.527250,4.102500,4.283000,4.017500,4.198000,"Bloomberg BGN, exported by Charlie",estr_eonia_euribor6m_1y5y_bbg_2026-10-05.xlsx
2007-10-08,4.660000,4.520000,4.099300,4.371000,4.014250,4.286000,"Bloomberg BGN, exported by Charlie",estr_eonia_euribor6m_1y5y_bbg_2026-10-05.xlsx
2007-10-09,4.667500,4.531000,4.107500,4.371000,4.022500,4.286000,"Bloomberg BGN, exported by Charlie",estr_eonia_euribor6m_1y5y_bbg_2026-10-05.xlsx
2007-10-10,4.632500,4.537500,4.115000,4.375000,4.030000,4.290000,"Bloomberg BGN, exported by Charlie",estr_eonia_euribor6m_1y5y_bbg_2026-10-05.xlsx
2007-10-11,4.670000,4.587500,4.122500,4.322000,4.037500,4.237000,"Bloomberg BGN, exported by Charlie",estr_eonia_euribor6m_1y5y_bbg_2026-10-05.xlsx
2007-10-12,4.691000,4.644500,4.230000,4.460000,4.145000,4.375000,"Bloomberg BGN, exported by Charlie",estr_eonia_euribor6m_1y5y_bbg_2026-10-05.xlsx
2007-10-15,4.700000,4.632000,4.230500,4.443000,4.145500,4.358000,"Bloomberg BGN, exported by Charlie",estr_eonia_euribor6m_1y5y_bbg_2026-10-05.xlsx
2007-10-16,4.695000,4.635000,4.230000,4.444000,4.145000,4.359000,"Bloomberg BGN, exported by Charlie",estr_eonia_euribor6m_1y5y_bbg_2026-10-05.xlsx
2007-10-17,4.675000,4.599500,4.202500,4.402000,4.117500,4.317000,"Bloomberg BGN, exported by Charlie",estr_eonia_euribor6m_1y5y_bbg_2026-10-05.xlsx
2007-10-18,4.668000,4.533500,4.172500,4.295000,4.087500,4.210000,"Bloomberg BGN, exported by Charlie",estr_eonia_euribor6m_1y5y_bbg_2026-10-05.xlsx
2007-10-19,4.623000,4.422500,4.125000,4.209000,4.040000,4.124000,"Bloomberg BGN, exported by Charlie",estr_eonia_euribor6m_1y5y_bbg_2026-10-05.xlsx
2007-10-22,4.597500,4.438500,4.112500,4.185000,4.027500,4.100000,"Bloomberg BGN, exported by Charlie",estr_eonia_euribor6m_1y5y_bbg_2026-10-05.xlsx
2007-10-23,4.530500,4.428500,4.120000,4.183000,4.035000,4.098000,"Bloomberg BGN, exported by Charlie",estr_eonia_euribor6m_1y5y_bbg_2026-10-05.xlsx
2007-10-24,4.551000,4.395000,4.092500,4.185000,4.007500,4.100000,"Bloomberg BGN, exported by Charlie",estr_eonia_euribor6m_1y5y_bbg_2026-10-05.xlsx
2007-10-25,4.535500,4.398500,4.095000,4.183000,4.010000,4.098000,"Bloomberg BGN, exported by Charlie",estr_eonia_euribor6m_1y5y_bbg_2026-10-05.xlsx
2007-10-26,4.553000,4.410500,4.110000,4.201000,4.025000,4.116000,"Bloomberg BGN, exported by Charlie",estr_eonia_euribor6m_1y5y_bbg_2026-10-05.xlsx
2007-10-29,4.573500,4.423000,4.129500,4.208000,4.044500,4.123000,"Bloomberg BGN, exported by Charlie",estr_eonia_euribor6m_1y5y_bbg_2026-10-05.xlsx
2007-10-30,4.599000,4.436000,4.160000,4.218000,4.075000,4.133000,"Bloomberg BGN, exported by Charlie",estr_eonia_euribor6m_1y5y_bbg_2026-10-05.xlsx
2007-10-31,4.658500,4.565000,4.236000,4.343000,4.151000,4.258000,"Bloomberg BGN, exported by Charlie",estr_eonia_euribor6m_1y5y_bbg_2026-10-05.xlsx
2007-11-01,4.613500,4.447000,4.186500,4.238000,4.101500,4.153000,"Bloomberg BGN, exported by Charlie",estr_eonia_euribor6m_1y5y_bbg_2026-10-05.xlsx
2007-11-02,4.613500,4.457000,4.167500,4.236000,4.082500,4.151000,"Bloomberg BGN, exported by Charlie",estr_eonia_euribor6m_1y5y_bbg_2026-10-05.xlsx
2007-11-05,4.604000,4.452500,4.171000,4.225000,4.086000,4.140000,"Bloomberg BGN, exported by Charlie",estr_eonia_euribor6m_1y5y_bbg_2026-10-05.xlsx
2007-11-06,4.590500,4.457500,4.160500,4.225000,4.075500,4.140000,"Bloomberg BGN, exported by Charlie",estr_eonia_euribor6m_1y5y_bbg_2026-10-05.xlsx
2007-11-07,4.587000,4.401500,4.120000,4.172000,4.035000,4.087000,"Bloomberg BGN, exported by Charlie",estr_eonia_euribor6m_1y5y_bbg_2026-10-05.xlsx
2007-11-08,4.535000,4.375500,4.096800,4.160000,4.011750,4.075000,"Bloomberg BGN, exported by Charlie",estr_eonia_euribor6m_1y5y_bbg_2026-10-05.xlsx
2007-11-09,4.525000,4.347500,4.093500,4.141000,4.008500,4.056000,"Bloomberg BGN, exported by Charlie",estr_eonia_euribor6m_1y5y_bbg_2026-10-05.xlsx
2007-11-12,4.520000,4.337500,4.094500,4.121000,4.009500,4.036000,"Bloomberg BGN, exported by Charlie",estr_eonia_euribor6m_1y5y_bbg_2026-10-05.xlsx
2007-11-13,4.530000,4.400000,4.107000,4.174000,4.022000,4.089000,"Bloomberg BGN, exported by Charlie",estr_eonia_euribor6m_1y5y_bbg_2026-10-05.xlsx
2007-11-14,4.551000,4.396500,4.122000,4.179000,4.037000,4.094000,"Bloomberg BGN, exported by Charlie",estr_eonia_euribor6m_1y5y_bbg_2026-10-05.xlsx
2007-11-15,4.525000,4.356000,4.095500,4.112000,4.010500,4.027000,"Bloomberg BGN, exported by Charlie",estr_eonia_euribor6m_1y5y_bbg_2026-10-05.xlsx
2007-11-16,4.541500,4.387000,4.102300,4.144000,4.017250,4.059000,"Bloomberg BGN, exported by Charlie",estr_eonia_euribor6m_1y5y_bbg_2026-10-05.xlsx
2007-11-19,4.487000,4.294500,4.041500,4.042000,3.956500,3.957000,"Bloomberg BGN, exported by Charlie",estr_eonia_euribor6m_1y5y_bbg_2026-10-05.xlsx
2007-11-20,4.537500,4.338000,4.051500,4.057000,3.966500,3.972000,"Bloomberg BGN, exported by Charlie",estr_eonia_euribor6m_1y5y_bbg_2026-10-05.xlsx
2007-11-21,4.467000,4.312000,4.033500,4.061000,3.948500,3.976000,"Bloomberg BGN, exported by Charlie",estr_eonia_euribor6m_1y5y_bbg_2026-10-05.xlsx
2007-11-22,4.511000,4.309500,4.024000,4.059000,3.939000,3.974000,"Bloomberg BGN, exported by Charlie",estr_eonia_euribor6m_1y5y_bbg_2026-10-05.xlsx
2007-11-23,4.530000,4.332500,4.010300,4.077000,3.925250,3.992000,"Bloomberg BGN, exported by Charlie",estr_eonia_euribor6m_1y5y_bbg_2026-10-05.xlsx
2007-11-26,4.532500,4.267500,3.977500,4.021000,3.892500,3.936000,"Bloomberg BGN, exported by Charlie",estr_eonia_euribor6m_1y5y_bbg_2026-10-05.xlsx
2007-11-27,4.563500,4.366500,4.036000,4.098000,3.951000,4.013000,"Bloomberg BGN, exported by Charlie",estr_eonia_euribor6m_1y5y_bbg_2026-10-05.xlsx
2007-11-28,4.603000,4.420000,4.046500,4.146000,3.961500,4.061000,"Bloomberg BGN, exported by Charlie",estr_eonia_euribor6m_1y5y_bbg_2026-10-05.xlsx
2007-11-29,4.592000,4.371000,4.022500,4.081000,3.937500,3.996000,"Bloomberg BGN, exported by Charlie",estr_eonia_euribor6m_1y5y_bbg_2026-10-05.xlsx
2007-11-30,4.650500,4.424000,4.047000,4.112000,3.962000,4.027000,"Bloomberg BGN, exported by Charlie",estr_eonia_euribor6m_1y5y_bbg_2026-10-05.xlsx
2007-12-03,4.637500,4.346000,4.047000,4.030000,3.962000,3.945000,"Bloomberg BGN, exported by Charlie",estr_eonia_euribor6m_1y5y_bbg_2026-10-05.xlsx
2007-12-04,4.649500,4.338500,4.036500,4.013000,3.951500,3.928000,"Bloomberg BGN, exported by Charlie",estr_eonia_euribor6m_1y5y_bbg_2026-10-05.xlsx
2007-12-05,4.639500,4.314000,4.015000,3.991000,3.930000,3.906000,"Bloomberg BGN, exported by Charlie",estr_eonia_euribor6m_1y5y_bbg_2026-10-05.xlsx
2007-12-06,4.670500,4.380500,4.076000,4.056000,3.991000,3.971000,"Bloomberg BGN, exported by Charlie",estr_eonia_euribor6m_1y5y_bbg_2026-10-05.xlsx
2007-12-07,4.745500,4.443500,4.107500,4.117000,4.022500,4.032000,"Bloomberg BGN, exported by Charlie",estr_eonia_euribor6m_1y5y_bbg_2026-10-05.xlsx
2007-12-10,4.723000,4.526000,4.164000,4.187000,4.079000,4.102000,"Bloomberg BGN, exported by Charlie",estr_eonia_euribor6m_1y5y_bbg_2026-10-05.xlsx
2007-12-11,4.811000,4.502000,4.149000,4.106000,4.064000,4.021000,"Bloomberg BGN, exported by Charlie",estr_eonia_euribor6m_1y5y_bbg_2026-10-05.xlsx
2007-12-12,4.849000,4.545000,4.180500,4.208000,4.095500,4.123000,"Bloomberg BGN, exported by Charlie",estr_eonia_euribor6m_1y5y_bbg_2026-10-05.xlsx
2007-12-13,4.859000,4.567000,4.206000,4.228000,4.121000,4.143000,"Bloomberg BGN, exported by Charlie",estr_eonia_euribor6m_1y5y_bbg_2026-10-05.xlsx
2007-12-14,4.877000,4.596500,4.212000,4.254000,4.127000,4.169000,"Bloomberg BGN, exported by Charlie",estr_eonia_euribor6m_1y5y_bbg_2026-10-05.xlsx
2007-12-17,4.764000,4.571500,4.175500,4.239000,4.090500,4.154000,"Bloomberg BGN, exported by Charlie",estr_eonia_euribor6m_1y5y_bbg_2026-10-05.xlsx
2007-12-18,4.806000,4.551000,4.179500,4.227000,4.094500,4.142000,"Bloomberg BGN, exported by Charlie",estr_eonia_euribor6m_1y5y_bbg_2026-10-05.xlsx
2007-12-19,4.780000,4.532000,4.163500,4.223000,4.078500,4.138000,"Bloomberg BGN, exported by Charlie",estr_eonia_euribor6m_1y5y_bbg_2026-10-05.xlsx
2007-12-20,4.757500,4.526000,4.158500,4.204000,4.073500,4.119000,"Bloomberg BGN, exported by Charlie",estr_eonia_euribor6m_1y5y_bbg_2026-10-05.xlsx
2007-12-21,4.761500,4.563000,4.188500,4.260000,4.103500,4.175000,"Bloomberg BGN, exported by Charlie",estr_eonia_euribor6m_1y5y_bbg_2026-10-05.xlsx
2007-12-24,4.754500,4.553000,4.182000,4.253000,4.097000,4.168000,"Bloomberg BGN, exported by Charlie",estr_eonia_euribor6m_1y5y_bbg_2026-10-05.xlsx
2007-12-25,4.750000,4.553000,,,,,"Bloomberg BGN, exported by Charlie",estr_eonia_euribor6m_1y5y_bbg_2026-10-05.xlsx
2007-12-26,4.762000,4.553000,,,,,"Bloomberg BGN, exported by Charlie",estr_eonia_euribor6m_1y5y_bbg_2026-10-05.xlsx
2007-12-27,4.768000,4.613000,4.178000,4.287000,4.093000,4.202000,"Bloomberg BGN, exported by Charlie",estr_eonia_euribor6m_1y5y_bbg_2026-10-05.xlsx
2007-12-28,4.714500,4.558500,4.186000,4.263000,4.101000,4.178000,"Bloomberg BGN, exported by Charlie",estr_eonia_euribor6m_1y5y_bbg_2026-10-05.xlsx
2007-12-31,4.696000,4.555000,4.176000,4.263000,4.091000,4.178000,"Bloomberg BGN, exported by Charlie",estr_eonia_euribor6m_1y5y_bbg_2026-10-05.xlsx
2008-01-01,4.715000,4.555000,,,,,"Bloomberg BGN, exported by Charlie",estr_eonia_euribor6m_1y5y_bbg_2026-10-05.xlsx
2008-01-02,4.659500,4.391000,4.112000,4.132000,4.027000,4.047000,"Bloomberg BGN, exported by Charlie",estr_eonia_euribor6m_1y5y_bbg_2026-10-05.xlsx
2008-01-03,4.632500,4.385500,4.085500,4.104000,4.000500,4.019000,"Bloomberg BGN, exported by Charlie",estr_eonia_euribor6m_1y5y_bbg_2026-10-05.xlsx
2008-01-04,4.536000,4.329500,4.063000,4.057000,3.978000,3.972000,"Bloomberg BGN, exported by Charlie",estr_eonia_euribor6m_1y5y_bbg_2026-10-05.xlsx
2008-01-07,4.613500,4.329500,4.083500,4.059000,3.998500,3.974000,"Bloomberg BGN, exported by Charlie",estr_eonia_euribor6m_1y5y_bbg_2026-10-05.xlsx
2008-01-08,4.620500,4.342500,4.089500,4.090000,4.004500,4.005000,"Bloomberg BGN, exported by Charlie",estr_eonia_euribor6m_1y5y_bbg_2026-10-05.xlsx
2008-01-09,4.583500,4.328000,4.070000,4.056000,3.985000,3.971000,"Bloomberg BGN, exported by Charlie",estr_eonia_euribor6m_1y5y_bbg_2026-10-05.xlsx
2008-01-10,4.595000,4.330000,4.079500,4.053000,3.994500,3.968000,"Bloomberg BGN, exported by Charlie",estr_eonia_euribor6m_1y5y_bbg_2026-10-05.xlsx
2008-01-11,4.577500,4.268000,4.045000,3.985000,3.960000,3.900000,"Bloomberg BGN, exported by Charlie",estr_eonia_euribor6m_1y5y_bbg_2026-10-05.xlsx
2008-01-14,4.505500,4.230000,3.997500,3.954000,3.912500,3.869000,"Bloomberg BGN, exported by Charlie",estr_eonia_euribor6m_1y5y_bbg_2026-10-05.xlsx
2008-01-15,4.482500,4.176500,3.971000,3.907000,3.886000,3.822000,"Bloomberg BGN, exported by Charlie",estr_eonia_euribor6m_1y5y_bbg_2026-10-05.xlsx
2008-01-16,4.371500,4.114500,3.916500,3.881000,3.831500,3.796000,"Bloomberg BGN, exported by Charlie",estr_eonia_euribor6m_1y5y_bbg_2026-10-05.xlsx
2008-01-17,4.308500,4.046000,3.888500,3.822000,3.803500,3.737000,"Bloomberg BGN, exported by Charlie",estr_eonia_euribor6m_1y5y_bbg_2026-10-05.xlsx
2008-01-18,4.289000,4.073000,3.857200,3.845000,3.772200,3.760000,"Bloomberg BGN, exported by Charlie",estr_eonia_euribor6m_1y5y_bbg_2026-10-05.xlsx
2008-01-21,4.209500,4.012500,3.738800,3.727000,3.653750,3.642000,"Bloomberg BGN, exported by Charlie",estr_eonia_euribor6m_1y5y_bbg_2026-10-05.xlsx
2008-01-22,4.155500,4.063000,3.704500,3.767000,3.619500,3.682000,"Bloomberg BGN, exported by Charlie",estr_eonia_euribor6m_1y5y_bbg_2026-10-05.xlsx
2008-01-23,4.068000,4.053000,3.657000,3.762000,3.572000,3.677000,"Bloomberg BGN, exported by Charlie",estr_eonia_euribor6m_1y5y_bbg_2026-10-05.xlsx
2008-01-24,4.207000,4.130500,3.786900,3.862000,3.701850,3.777000,"Bloomberg BGN, exported by Charlie",estr_eonia_euribor6m_1y5y_bbg_2026-10-05.xlsx
2008-01-25,4.230000,4.096000,3.751000,3.811000,3.666000,3.726000,"Bloomberg BGN, exported by Charlie",estr_eonia_euribor6m_1y5y_bbg_2026-10-05.xlsx
2008-01-28,4.253500,4.099500,3.765000,3.802000,3.680000,3.717000,"Bloomberg BGN, exported by Charlie",estr_eonia_euribor6m_1y5y_bbg_2026-10-05.xlsx
2008-01-29,4.256500,4.122000,3.789000,3.826000,3.704000,3.741000,"Bloomberg BGN, exported by Charlie",estr_eonia_euribor6m_1y5y_bbg_2026-10-05.xlsx
2008-01-30,4.256500,4.128500,3.753000,3.836000,3.668000,3.751000,"Bloomberg BGN, exported by Charlie",estr_eonia_euribor6m_1y5y_bbg_2026-10-05.xlsx
2008-01-31,4.192500,4.059000,3.696500,3.765000,3.611500,3.680000,"Bloomberg BGN, exported by Charlie",estr_eonia_euribor6m_1y5y_bbg_2026-10-05.xlsx
2008-02-01,4.191000,4.033000,3.719100,3.733000,3.634100,3.648000,"Bloomberg BGN, exported by Charlie",estr_eonia_euribor6m_1y5y_bbg_2026-10-05.xlsx
2008-02-04,4.208000,4.050500,3.732000,3.767000,3.647000,3.682000,"Bloomberg BGN, exported by Charlie",estr_eonia_euribor6m_1y5y_bbg_2026-10-05.xlsx
2008-02-05,4.145000,3.946000,3.610000,3.658000,3.525000,3.573000,"Bloomberg BGN, exported by Charlie",estr_eonia_euribor6m_1y5y_bbg_2026-10-05.xlsx
2008-02-06,4.133000,3.952000,3.617500,3.672000,3.532500,3.587000,"Bloomberg BGN, exported by Charlie",estr_eonia_euribor6m_1y5y_bbg_2026-10-05.xlsx
2008-02-07,4.080500,3.954000,3.530000,3.673000,3.444950,3.588000,"Bloomberg BGN, exported by Charlie",estr_eonia_euribor6m_1y5y_bbg_2026-10-05.xlsx
2008-02-08,3.986000,3.876000,3.464000,3.602000,3.379000,3.517000,"Bloomberg BGN, exported by Charlie",estr_eonia_euribor6m_1y5y_bbg_2026-10-05.xlsx
2008-02-11,4.025000,3.930000,3.488000,3.663000,3.403000,3.578000,"Bloomberg BGN, exported by Charlie",estr_eonia_euribor6m_1y5y_bbg_2026-10-05.xlsx
2008-02-12,4.049000,3.930500,3.508500,3.712000,3.423500,3.627000,"Bloomberg BGN, exported by Charlie",estr_eonia_euribor6m_1y5y_bbg_2026-10-05.xlsx
2008-02-13,4.083000,4.021000,3.568500,3.765000,3.483500,3.680000,"Bloomberg BGN, exported by Charlie",estr_eonia_euribor6m_1y5y_bbg_2026-10-05.xlsx
2008-02-14,4.053500,4.054000,3.614500,3.806000,3.529500,3.721000,"Bloomberg BGN, exported by Charlie",estr_eonia_euribor6m_1y5y_bbg_2026-10-05.xlsx
2008-02-15,4.115500,4.001000,3.590000,3.730000,3.505000,3.645000,"Bloomberg BGN, exported by Charlie",estr_eonia_euribor6m_1y5y_bbg_2026-10-05.xlsx
2008-02-18,4.164000,4.066000,3.630500,3.803000,3.545500,3.718000,"Bloomberg BGN, exported by Charlie",estr_eonia_euribor6m_1y5y_bbg_2026-10-05.xlsx
2008-02-19,4.176000,4.085000,3.660500,3.828000,3.575500,3.743000,"Bloomberg BGN, exported by Charlie",estr_eonia_euribor6m_1y5y_bbg_2026-10-05.xlsx
2008-02-20,4.207000,4.104000,3.680000,3.836000,3.595000,3.751000,"Bloomberg BGN, exported by Charlie",estr_eonia_euribor6m_1y5y_bbg_2026-10-05.xlsx
2008-02-21,4.152500,4.059500,3.699700,3.790000,3.614700,3.705000,"Bloomberg BGN, exported by Charlie",estr_eonia_euribor6m_1y5y_bbg_2026-10-05.xlsx
2008-02-22,4.225500,4.082000,3.719000,3.810000,3.634000,3.725000,"Bloomberg BGN, exported by Charlie",estr_eonia_euribor6m_1y5y_bbg_2026-10-05.xlsx
2008-02-25,4.233000,4.089500,3.717000,3.829000,3.632000,3.744000,"Bloomberg BGN, exported by Charlie",estr_eonia_euribor6m_1y5y_bbg_2026-10-05.xlsx
2008-02-26,4.250500,4.098000,3.720000,3.834000,3.635000,3.749000,"Bloomberg BGN, exported by Charlie",estr_eonia_euribor6m_1y5y_bbg_2026-10-05.xlsx
2008-02-27,4.250500,4.094500,3.707500,3.830000,3.622500,3.745000,"Bloomberg BGN, exported by Charlie",estr_eonia_euribor6m_1y5y_bbg_2026-10-05.xlsx
2008-02-28,4.185500,4.000500,3.644000,3.738000,3.559000,3.653000,"Bloomberg BGN, exported by Charlie",estr_eonia_euribor6m_1y5y_bbg_2026-10-05.xlsx
2008-02-29,4.139000,3.917500,3.581500,3.649000,3.496500,3.564000,"Bloomberg BGN, exported by Charlie",estr_eonia_euribor6m_1y5y_bbg_2026-10-05.xlsx
2008-03-03,4.184500,3.952500,3.630500,3.687000,3.545500,3.602000,"Bloomberg BGN, exported by Charlie",estr_eonia_euribor6m_1y5y_bbg_2026-10-05.xlsx
2008-03-04,4.201000,3.948000,3.636700,3.661000,3.551700,3.576000,"Bloomberg BGN, exported by Charlie",estr_eonia_euribor6m_1y5y_bbg_2026-10-05.xlsx
2008-03-05,4.228000,3.974000,3.683500,3.697000,3.598500,3.612000,"Bloomberg BGN, exported by Charlie",estr_eonia_euribor6m_1y5y_bbg_2026-10-05.xlsx
2008-03-06,4.287000,3.984000,3.708500,3.728000,3.623500,3.643000,"Bloomberg BGN, exported by Charlie",estr_eonia_euribor6m_1y5y_bbg_2026-10-05.xlsx
2008-03-07,4.281000,3.948500,3.636500,3.685000,3.551500,3.600000,"Bloomberg BGN, exported by Charlie",estr_eonia_euribor6m_1y5y_bbg_2026-10-05.xlsx
2008-03-10,4.291500,3.927500,3.630400,3.630000,3.545350,3.545000,"Bloomberg BGN, exported by Charlie",estr_eonia_euribor6m_1y5y_bbg_2026-10-05.xlsx
2008-03-11,4.364000,4.000500,3.743700,3.602000,3.658650,3.517000,"Bloomberg BGN, exported by Charlie",estr_eonia_euribor6m_1y5y_bbg_2026-10-05.xlsx
2008-03-12,4.374000,3.985000,3.730500,3.582000,3.645500,3.497000,"Bloomberg BGN, exported by Charlie",estr_eonia_euribor6m_1y5y_bbg_2026-10-05.xlsx
2008-03-13,4.394000,4.003000,3.741000,3.600000,3.656000,3.515000,"Bloomberg BGN, exported by Charlie",estr_eonia_euribor6m_1y5y_bbg_2026-10-05.xlsx
2008-03-14,4.394000,3.992750,3.694500,3.591000,3.609500,3.506000,"Bloomberg BGN, exported by Charlie",estr_eonia_euribor6m_1y5y_bbg_2026-10-05.xlsx
2008-03-17,4.308500,3.943500,3.595500,3.564000,3.510500,3.479000,"Bloomberg BGN, exported by Charlie",estr_eonia_euribor6m_1y5y_bbg_2026-10-05.xlsx
2008-03-18,4.389500,4.085500,3.724000,3.651000,3.639000,3.566000,"Bloomberg BGN, exported by Charlie",estr_eonia_euribor6m_1y5y_bbg_2026-10-05.xlsx
2008-03-19,4.409500,4.011500,3.712300,3.566000,3.627300,3.481000,"Bloomberg BGN, exported by Charlie",estr_eonia_euribor6m_1y5y_bbg_2026-10-05.xlsx
2008-03-20,4.460000,4.062500,3.771500,3.655000,3.686500,3.570000,"Bloomberg BGN, exported by Charlie",estr_eonia_euribor6m_1y5y_bbg_2026-10-05.xlsx
2008-03-21,4.464000,4.057000,,,,,"Bloomberg BGN, exported by Charlie",estr_eonia_euribor6m_1y5y_bbg_2026-10-05.xlsx
2008-03-24,4.450500,4.056000,,,,,"Bloomberg BGN, exported by Charlie",estr_eonia_euribor6m_1y5y_bbg_2026-10-05.xlsx
2008-03-25,4.548000,4.181000,3.877500,3.766000,3.792500,3.681000,"Bloomberg BGN, exported by Charlie",estr_eonia_euribor6m_1y5y_bbg_2026-10-05.xlsx
2008-03-26,4.558000,4.156000,3.878500,3.741000,3.793500,3.656000,"Bloomberg BGN, exported by Charlie",estr_eonia_euribor6m_1y5y_bbg_2026-10-05.xlsx
2008-03-27,4.550500,4.172000,3.846000,3.780000,3.761000,3.695000,"Bloomberg BGN, exported by Charlie",estr_eonia_euribor6m_1y5y_bbg_2026-10-05.xlsx
2008-03-28,4.536500,4.185000,3.844500,3.759000,3.759500,3.674000,"Bloomberg BGN, exported by Charlie",estr_eonia_euribor6m_1y5y_bbg_2026-10-05.xlsx
2008-03-31,4.552000,4.166500,3.865500,3.779000,3.780500,3.694000,"Bloomberg BGN, exported by Charlie",estr_eonia_euribor6m_1y5y_bbg_2026-10-05.xlsx
2008-04-01,4.582000,4.210500,3.894500,3.817000,3.809500,3.732000,"Bloomberg BGN, exported by Charlie",estr_eonia_euribor6m_1y5y_bbg_2026-10-05.xlsx
2008-04-02,4.629000,4.221000,3.920700,3.835000,3.835700,3.750000,"Bloomberg BGN, exported by Charlie",estr_eonia_euribor6m_1y5y_bbg_2026-10-05.xlsx
2008-04-03,4.614000,4.224500,3.893500,3.834000,3.808500,3.749000,"Bloomberg BGN, exported by Charlie",estr_eonia_euribor6m_1y5y_bbg_2026-10-05.xlsx
2008-04-04,4.588500,4.200500,3.887000,3.817000,3.802000,3.732000,"Bloomberg BGN, exported by Charlie",estr_eonia_euribor6m_1y5y_bbg_2026-10-05.xlsx
2008-04-07,4.611000,4.234000,3.908000,3.860000,3.823000,3.775000,"Bloomberg BGN, exported by Charlie",estr_eonia_euribor6m_1y5y_bbg_2026-10-05.xlsx
2008-04-08,4.607500,4.217000,3.910900,3.828000,3.825850,3.743000,"Bloomberg BGN, exported by Charlie",estr_eonia_euribor6m_1y5y_bbg_2026-10-05.xlsx
2008-04-09,4.575000,4.186000,3.878700,3.802000,3.793700,3.717000,"Bloomberg BGN, exported by Charlie",estr_eonia_euribor6m_1y5y_bbg_2026-10-05.xlsx
2008-04-10,4.611500,4.202500,3.876500,3.816000,3.791500,3.731000,"Bloomberg BGN, exported by Charlie",estr_eonia_euribor6m_1y5y_bbg_2026-10-05.xlsx
2008-04-11,4.596000,4.121000,3.845000,3.725000,3.760000,3.640000,"Bloomberg BGN, exported by Charlie",estr_eonia_euribor6m_1y5y_bbg_2026-10-05.xlsx
2008-04-14,4.628500,4.161500,3.894000,3.754000,3.809000,3.669000,"Bloomberg BGN, exported by Charlie",estr_eonia_euribor6m_1y5y_bbg_2026-10-05.xlsx
2008-04-15,4.671000,4.238500,3.923000,3.835000,3.838000,3.750000,"Bloomberg BGN, exported by Charlie",estr_eonia_euribor6m_1y5y_bbg_2026-10-05.xlsx
2008-04-16,4.726000,4.334000,3.954100,3.924000,3.869100,3.839000,"Bloomberg BGN, exported by Charlie",estr_eonia_euribor6m_1y5y_bbg_2026-10-05.xlsx
2008-04-17,4.759000,4.384500,3.988500,3.989000,3.903500,3.904000,"Bloomberg BGN, exported by Charlie",estr_eonia_euribor6m_1y5y_bbg_2026-10-05.xlsx
2008-04-18,4.790000,4.393500,4.010000,4.034000,3.925000,3.949000,"Bloomberg BGN, exported by Charlie",estr_eonia_euribor6m_1y5y_bbg_2026-10-05.xlsx
2008-04-21,4.792500,4.395000,4.024500,4.010000,3.939500,3.925000,"Bloomberg BGN, exported by Charlie",estr_eonia_euribor6m_1y5y_bbg_2026-10-05.xlsx
2008-04-22,4.853000,4.427000,4.106100,4.038000,4.021100,3.953000,"Bloomberg BGN, exported by Charlie",estr_eonia_euribor6m_1y5y_bbg_2026-10-05.xlsx
2008-04-23,4.871000,4.450500,4.101900,4.064000,4.016900,3.979000,"Bloomberg BGN, exported by Charlie",estr_eonia_euribor6m_1y5y_bbg_2026-10-05.xlsx
2008-04-24,4.888500,4.493500,4.100100,4.115000,4.015100,4.030000,"Bloomberg BGN, exported by Charlie",estr_eonia_euribor6m_1y5y_bbg_2026-10-05.xlsx
2008-04-25,4.893500,4.478000,4.115400,4.095000,4.030400,4.010000,"Bloomberg BGN, exported by Charlie",estr_eonia_euribor6m_1y5y_bbg_2026-10-05.xlsx
2008-04-28,4.853000,4.459500,4.078000,4.074000,3.993000,3.989000,"Bloomberg BGN, exported by Charlie",estr_eonia_euribor6m_1y5y_bbg_2026-10-05.xlsx
2008-04-29,4.811000,4.389500,4.046000,4.003000,3.961000,3.918000,"Bloomberg BGN, exported by Charlie",estr_eonia_euribor6m_1y5y_bbg_2026-10-05.xlsx
2008-04-30,4.803500,4.377500,4.029000,3.987000,3.944000,3.902000,"Bloomberg BGN, exported by Charlie",estr_eonia_euribor6m_1y5y_bbg_2026-10-05.xlsx
2008-05-01,4.806500,4.366000,,,,,"Bloomberg BGN, exported by Charlie",estr_eonia_euribor6m_1y5y_bbg_2026-10-05.xlsx
2008-05-02,4.820500,4.429500,4.044500,4.047000,3.959500,3.962000,"Bloomberg BGN, exported by Charlie",estr_eonia_euribor6m_1y5y_bbg_2026-10-05.xlsx
2008-05-05,4.846500,4.421500,4.080000,4.032000,3.995000,3.947000,"Bloomberg BGN, exported by Charlie",estr_eonia_euribor6m_1y5y_bbg_2026-10-05.xlsx
2008-05-06,4.829500,4.397000,4.038500,4.012000,3.953500,3.927000,"Bloomberg BGN, exported by Charlie",estr_eonia_euribor6m_1y5y_bbg_2026-10-05.xlsx
2008-05-07,4.795000,4.353000,4.024000,3.996000,3.939000,3.911000,"Bloomberg BGN, exported by Charlie",estr_eonia_euribor6m_1y5y_bbg_2026-10-05.xlsx
2008-05-08,4.778500,4.298500,4.022000,3.925000,3.937000,3.840000,"Bloomberg BGN, exported by Charlie",estr_eonia_euribor6m_1y5y_bbg_2026-10-05.xlsx
2008-05-09,4.778000,4.291000,4.019500,3.918000,3.934500,3.833000,"Bloomberg BGN, exported by Charlie",estr_eonia_euribor6m_1y5y_bbg_2026-10-05.xlsx
2008-05-12,4.823500,4.314500,4.042000,3.940000,3.957000,3.855000,"Bloomberg BGN, exported by Charlie",estr_eonia_euribor6m_1y5y_bbg_2026-10-05.xlsx
2008-05-13,4.874500,4.369000,4.078500,3.974000,3.993500,3.889000,"Bloomberg BGN, exported by Charlie",estr_eonia_euribor6m_1y5y_bbg_2026-10-05.xlsx
2008-05-14,4.920500,4.431500,4.106000,4.043000,4.021000,3.958000,"Bloomberg BGN, exported by Charlie",estr_eonia_euribor6m_1y5y_bbg_2026-10-05.xlsx
2008-05-15,4.898500,4.441000,4.138000,4.057000,4.053000,3.972000,"Bloomberg BGN, exported by Charlie",estr_eonia_euribor6m_1y5y_bbg_2026-10-05.xlsx
2008-05-16,4.938000,4.464500,4.128500,4.068000,4.043500,3.983000,"Bloomberg BGN, exported by Charlie",estr_eonia_euribor6m_1y5y_bbg_2026-10-05.xlsx
2008-05-19,4.929500,4.463500,4.145500,4.068000,4.060500,3.983000,"Bloomberg BGN, exported by Charlie",estr_eonia_euribor6m_1y5y_bbg_2026-10-05.xlsx
2008-05-20,4.921500,4.458500,4.164000,4.075000,4.079000,3.990000,"Bloomberg BGN, exported by Charlie",estr_eonia_euribor6m_1y5y_bbg_2026-10-05.xlsx
2008-05-21,4.971000,4.525000,4.230500,4.146000,4.145500,4.061000,"Bloomberg BGN, exported by Charlie",estr_eonia_euribor6m_1y5y_bbg_2026-10-05.xlsx
2008-05-22,5.015500,4.583500,4.289500,4.194000,4.204500,4.109000,"Bloomberg BGN, exported by Charlie",estr_eonia_euribor6m_1y5y_bbg_2026-10-05.xlsx
2008-05-23,5.039000,4.588000,4.283500,4.174000,4.198500,4.089000,"Bloomberg BGN, exported by Charlie",estr_eonia_euribor6m_1y5y_bbg_2026-10-05.xlsx
2008-05-26,5.036000,4.613000,4.282500,4.181000,4.197500,4.096000,"Bloomberg BGN, exported by Charlie",estr_eonia_euribor6m_1y5y_bbg_2026-10-05.xlsx
2008-05-27,5.049000,4.626000,4.278000,4.234000,4.193000,4.149000,"Bloomberg BGN, exported by Charlie",estr_eonia_euribor6m_1y5y_bbg_2026-10-05.xlsx
2008-05-28,5.053500,4.673000,4.279000,4.275000,4.194000,4.190000,"Bloomberg BGN, exported by Charlie",estr_eonia_euribor6m_1y5y_bbg_2026-10-05.xlsx
2008-05-29,5.094500,4.730500,4.333000,4.334000,4.248000,4.249000,"Bloomberg BGN, exported by Charlie",estr_eonia_euribor6m_1y5y_bbg_2026-10-05.xlsx
2008-05-30,5.118500,4.746500,4.349000,4.350000,4.264000,4.265000,"Bloomberg BGN, exported by Charlie",estr_eonia_euribor6m_1y5y_bbg_2026-10-05.xlsx
2008-06-02,5.079000,4.661500,4.300000,4.273000,4.215000,4.188000,"Bloomberg BGN, exported by Charlie",estr_eonia_euribor6m_1y5y_bbg_2026-10-05.xlsx
2008-06-03,5.090500,4.705000,4.338000,4.307000,4.253000,4.222000,"Bloomberg BGN, exported by Charlie",estr_eonia_euribor6m_1y5y_bbg_2026-10-05.xlsx
2008-06-04,5.121500,4.731000,4.332000,4.278500,4.247000,4.193500,"Bloomberg BGN, exported by Charlie",estr_eonia_euribor6m_1y5y_bbg_2026-10-05.xlsx
2008-06-05,5.314500,4.999000,4.605000,4.464000,4.520000,4.379000,"Bloomberg BGN, exported by Charlie",estr_eonia_euribor6m_1y5y_bbg_2026-10-05.xlsx
2008-06-06,5.436000,4.948000,4.653000,4.554000,4.568000,4.469000,"Bloomberg BGN, exported by Charlie",estr_eonia_euribor6m_1y5y_bbg_2026-10-05.xlsx
2008-06-09,5.447500,5.070500,4.639000,4.638500,4.554000,4.553500,"Bloomberg BGN, exported by Charlie",estr_eonia_euribor6m_1y5y_bbg_2026-10-05.xlsx
2008-06-10,5.428500,5.142500,4.624500,4.747000,4.539500,4.662000,"Bloomberg BGN, exported by Charlie",estr_eonia_euribor6m_1y5y_bbg_2026-10-05.xlsx
2008-06-11,5.389500,5.055500,4.579000,4.661000,4.494000,4.576000,"Bloomberg BGN, exported by Charlie",estr_eonia_euribor6m_1y5y_bbg_2026-10-05.xlsx
2008-06-12,5.404000,5.129500,4.589000,4.735000,4.504000,4.650000,"Bloomberg BGN, exported by Charlie",estr_eonia_euribor6m_1y5y_bbg_2026-10-05.xlsx
2008-06-13,5.434000,5.158500,4.623500,4.776000,4.538500,4.691000,"Bloomberg BGN, exported by Charlie",estr_eonia_euribor6m_1y5y_bbg_2026-10-05.xlsx
2008-06-16,5.445000,5.194500,4.665000,4.808000,4.580000,4.723000,"Bloomberg BGN, exported by Charlie",estr_eonia_euribor6m_1y5y_bbg_2026-10-05.xlsx
2008-06-17,5.400000,5.113500,4.617000,4.661000,4.532000,4.576000,"Bloomberg BGN, exported by Charlie",estr_eonia_euribor6m_1y5y_bbg_2026-10-05.xlsx
2008-06-18,5.374500,5.107500,4.592500,4.661000,4.507500,4.576000,"Bloomberg BGN, exported by Charlie",estr_eonia_euribor6m_1y5y_bbg_2026-10-05.xlsx
2008-06-19,5.374500,5.177500,4.641500,4.731000,4.556500,4.646000,"Bloomberg BGN, exported by Charlie",estr_eonia_euribor6m_1y5y_bbg_2026-10-05.xlsx
2008-06-20,5.403000,5.148500,4.634000,4.673000,4.549000,4.588000,"Bloomberg BGN, exported by Charlie",estr_eonia_euribor6m_1y5y_bbg_2026-10-05.xlsx
2008-06-23,5.388500,5.147000,4.618000,4.684000,4.533000,4.599000,"Bloomberg BGN, exported by Charlie",estr_eonia_euribor6m_1y5y_bbg_2026-10-05.xlsx
2008-06-24,5.357500,5.096000,4.573500,4.623000,4.488500,4.538000,"Bloomberg BGN, exported by Charlie",estr_eonia_euribor6m_1y5y_bbg_2026-10-05.xlsx
2008-06-25,5.353000,5.083000,4.582000,4.613000,4.497000,4.528000,"Bloomberg BGN, exported by Charlie",estr_eonia_euribor6m_1y5y_bbg_2026-10-05.xlsx
2008-06-26,5.241500,4.998500,4.539000,4.543000,4.454000,4.458000,"Bloomberg BGN, exported by Charlie",estr_eonia_euribor6m_1y5y_bbg_2026-10-05.xlsx
2008-06-27,5.299000,5.016000,4.538000,4.564000,4.453000,4.479000,"Bloomberg BGN, exported by Charlie",estr_eonia_euribor6m_1y5y_bbg_2026-10-05.xlsx
2008-06-30,5.375000,5.142500,4.629000,4.678000,4.544000,4.593000,"Bloomberg BGN, exported by Charlie",estr_eonia_euribor6m_1y5y_bbg_2026-10-05.xlsx
2008-07-01,5.365500,5.163000,4.628000,4.692000,4.543000,4.607000,"Bloomberg BGN, exported by Charlie",estr_eonia_euribor6m_1y5y_bbg_2026-10-05.xlsx
2008-07-02,5.395000,5.209500,4.667000,4.742000,4.582000,4.657000,"Bloomberg BGN, exported by Charlie",estr_eonia_euribor6m_1y5y_bbg_2026-10-05.xlsx
2008-07-03,5.290500,5.051500,4.531000,4.585000,4.446000,4.500000,"Bloomberg BGN, exported by Charlie",estr_eonia_euribor6m_1y5y_bbg_2026-10-05.xlsx
2008-07-04,5.297000,5.031500,4.549500,4.556000,4.464500,4.471000,"Bloomberg BGN, exported by Charlie",estr_eonia_euribor6m_1y5y_bbg_2026-10-05.xlsx
2008-07-07,5.254000,4.946500,4.497000,4.477000,4.412000,4.392000,"Bloomberg BGN, exported by Charlie",estr_eonia_euribor6m_1y5y_bbg_2026-10-05.xlsx
2008-07-08,5.264000,4.965500,4.504000,4.505000,4.419000,4.420000,"Bloomberg BGN, exported by Charlie",estr_eonia_euribor6m_1y5y_bbg_2026-10-05.xlsx
2008-07-09,5.260000,4.923000,4.482500,4.455000,4.397500,4.370000,"Bloomberg BGN, exported by Charlie",estr_eonia_euribor6m_1y5y_bbg_2026-10-05.xlsx
2008-07-10,5.271000,4.990000,4.492000,4.507000,4.407000,4.422000,"Bloomberg BGN, exported by Charlie",estr_eonia_euribor6m_1y5y_bbg_2026-10-05.xlsx
2008-07-11,5.262000,5.009000,4.477000,4.555500,4.392000,4.470500,"Bloomberg BGN, exported by Charlie",estr_eonia_euribor6m_1y5y_bbg_2026-10-05.xlsx
2008-07-14,5.233000,4.930500,4.446000,4.440000,4.361000,4.355000,"Bloomberg BGN, exported by Charlie",estr_eonia_euribor6m_1y5y_bbg_2026-10-05.xlsx
2008-07-15,5.205000,4.925000,4.434000,4.425000,4.349000,4.340000,"Bloomberg BGN, exported by Charlie",estr_eonia_euribor6m_1y5y_bbg_2026-10-05.xlsx
2008-07-16,5.217500,4.976000,4.449500,4.481000,4.364500,4.396000,"Bloomberg BGN, exported by Charlie",estr_eonia_euribor6m_1y5y_bbg_2026-10-05.xlsx
2008-07-17,5.224000,5.023000,4.468000,4.516000,4.383000,4.431000,"Bloomberg BGN, exported by Charlie",estr_eonia_euribor6m_1y5y_bbg_2026-10-05.xlsx
2008-07-18,5.314000,5.112000,4.560500,4.631000,4.475500,4.546000,"Bloomberg BGN, exported by Charlie",estr_eonia_euribor6m_1y5y_bbg_2026-10-05.xlsx
2008-07-21,5.341500,5.184000,4.590000,4.681000,4.505000,4.596000,"Bloomberg BGN, exported by Charlie",estr_eonia_euribor6m_1y5y_bbg_2026-10-05.xlsx
2008-07-22,5.353500,5.193000,4.593500,4.712000,4.508500,4.627000,"Bloomberg BGN, exported by Charlie",estr_eonia_euribor6m_1y5y_bbg_2026-10-05.xlsx
2008-07-23,5.322500,5.176000,4.562000,4.680000,4.477000,4.595000,"Bloomberg BGN, exported by Charlie",estr_eonia_euribor6m_1y5y_bbg_2026-10-05.xlsx
2008-07-24,5.173000,5.055000,4.486500,4.557500,4.401500,4.472500,"Bloomberg BGN, exported by Charlie",estr_eonia_euribor6m_1y5y_bbg_2026-10-05.xlsx
2008-07-25,5.265000,5.092000,4.524500,4.602000,4.439500,4.517000,"Bloomberg BGN, exported by Charlie",estr_eonia_euribor6m_1y5y_bbg_2026-10-05.xlsx
2008-07-28,5.236500,4.997500,4.464000,4.502000,4.379000,4.417000,"Bloomberg BGN, exported by Charlie",estr_eonia_euribor6m_1y5y_bbg_2026-10-05.xlsx
2008-07-29,5.199500,4.946000,4.437000,4.464000,4.352000,4.379000,"Bloomberg BGN, exported by Charlie",estr_eonia_euribor6m_1y5y_bbg_2026-10-05.xlsx
2008-07-30,5.177500,4.898000,4.412000,4.411000,4.327000,4.326000,"Bloomberg BGN, exported by Charlie",estr_eonia_euribor6m_1y5y_bbg_2026-10-05.xlsx
2008-07-31,5.079500,4.851000,4.398000,4.352000,4.313000,4.267000,"Bloomberg BGN, exported by Charlie",estr_eonia_euribor6m_1y5y_bbg_2026-10-05.xlsx
2008-08-01,5.103500,4.829000,4.420000,4.372000,4.335000,4.287000,"Bloomberg BGN, exported by Charlie",estr_eonia_euribor6m_1y5y_bbg_2026-10-05.xlsx
2008-08-04,5.188500,4.850000,4.430000,4.370000,4.345000,4.285000,"Bloomberg BGN, exported by Charlie",estr_eonia_euribor6m_1y5y_bbg_2026-10-05.xlsx
2008-08-05,5.182500,4.821000,4.426500,4.353000,4.341500,4.268000,"Bloomberg BGN, exported by Charlie",estr_eonia_euribor6m_1y5y_bbg_2026-10-05.xlsx
2008-08-06,5.168000,4.813000,4.408000,4.336000,4.323000,4.251000,"Bloomberg BGN, exported by Charlie",estr_eonia_euribor6m_1y5y_bbg_2026-10-05.xlsx
2008-08-07,5.081500,4.645000,4.284500,4.158000,4.199500,4.073000,"Bloomberg BGN, exported by Charlie",estr_eonia_euribor6m_1y5y_bbg_2026-10-05.xlsx
2008-08-08,5.088000,4.627000,4.289000,4.136000,4.204000,4.051000,"Bloomberg BGN, exported by Charlie",estr_eonia_euribor6m_1y5y_bbg_2026-10-05.xlsx
2008-08-11,5.099500,4.665000,4.308000,4.171000,4.223000,4.086000,"Bloomberg BGN, exported by Charlie",estr_eonia_euribor6m_1y5y_bbg_2026-10-05.xlsx
2008-08-12,5.069500,4.623000,4.264500,4.123000,4.179500,4.038000,"Bloomberg BGN, exported by Charlie",estr_eonia_euribor6m_1y5y_bbg_2026-10-05.xlsx
2008-08-13,5.026500,4.605500,4.253000,4.102000,4.168000,4.017000,"Bloomberg BGN, exported by Charlie",estr_eonia_euribor6m_1y5y_bbg_2026-10-05.xlsx
2008-08-14,5.065000,4.580000,4.254500,4.084000,4.169500,3.999000,"Bloomberg BGN, exported by Charlie",estr_eonia_euribor6m_1y5y_bbg_2026-10-05.xlsx
2008-08-15,5.059500,4.525000,4.233500,4.054000,4.148500,3.969000,"Bloomberg BGN, exported by Charlie",estr_eonia_euribor6m_1y5y_bbg_2026-10-05.xlsx
2008-08-18,5.011500,4.527500,4.220000,4.022000,4.135000,3.937000,"Bloomberg BGN, exported by Charlie",estr_eonia_euribor6m_1y5y_bbg_2026-10-05.xlsx
2008-08-19,5.080500,4.558000,4.255000,4.052000,4.170000,3.967000,"Bloomberg BGN, exported by Charlie",estr_eonia_euribor6m_1y5y_bbg_2026-10-05.xlsx
2008-08-20,5.062000,4.543000,4.226000,4.014000,4.141000,3.929000,"Bloomberg BGN, exported by Charlie",estr_eonia_euribor6m_1y5y_bbg_2026-10-05.xlsx
2008-08-21,5.109000,4.631000,4.270000,4.116000,4.185000,4.031000,"Bloomberg BGN, exported by Charlie",estr_eonia_euribor6m_1y5y_bbg_2026-10-05.xlsx
2008-08-22,5.131500,4.702000,4.289000,4.182000,4.204000,4.097000,"Bloomberg BGN, exported by Charlie",estr_eonia_euribor6m_1y5y_bbg_2026-10-05.xlsx
2008-08-25,5.093500,4.580000,4.241000,4.059000,4.156000,3.974000,"Bloomberg BGN, exported by Charlie",estr_eonia_euribor6m_1y5y_bbg_2026-10-05.xlsx
2008-08-26,5.008500,4.587000,4.223000,4.066000,4.138000,3.981000,"Bloomberg BGN, exported by Charlie",estr_eonia_euribor6m_1y5y_bbg_2026-10-05.xlsx
2008-08-27,5.110500,4.635000,4.263000,4.108000,4.178000,4.023000,"Bloomberg BGN, exported by Charlie",estr_eonia_euribor6m_1y5y_bbg_2026-10-05.xlsx
2008-08-28,5.122000,4.677000,4.276000,4.146000,4.191000,4.061000,"Bloomberg BGN, exported by Charlie",estr_eonia_euribor6m_1y5y_bbg_2026-10-05.xlsx
2008-08-29,5.123000,4.692500,4.267000,4.147000,4.182000,4.062000,"Bloomberg BGN, exported by Charlie",estr_eonia_euribor6m_1y5y_bbg_2026-10-05.xlsx
2008-09-01,5.089000,4.600500,4.237000,4.064000,4.152000,3.979000,"Bloomberg BGN, exported by Charlie",estr_eonia_euribor6m_1y5y_bbg_2026-10-05.xlsx
2008-09-02,5.086000,4.590000,4.240500,4.053000,4.155500,3.968000,"Bloomberg BGN, exported by Charlie",estr_eonia_euribor6m_1y5y_bbg_2026-10-05.xlsx
2008-09-03,5.116500,4.610500,4.269500,4.069000,4.184500,3.984000,"Bloomberg BGN, exported by Charlie",estr_eonia_euribor6m_1y5y_bbg_2026-10-05.xlsx
2008-09-04,5.104500,4.528000,4.236000,3.985000,4.151000,3.900000,"Bloomberg BGN, exported by Charlie",estr_eonia_euribor6m_1y5y_bbg_2026-10-05.xlsx
2008-09-05,5.100500,4.520000,4.226000,3.947000,4.141000,3.862000,"Bloomberg BGN, exported by Charlie",estr_eonia_euribor6m_1y5y_bbg_2026-10-05.xlsx
2008-09-08,5.099000,4.531000,4.236000,3.974000,4.151000,3.889000,"Bloomberg BGN, exported by Charlie",estr_eonia_euribor6m_1y5y_bbg_2026-10-05.xlsx
2008-09-09,5.080000,4.479500,4.213500,3.907000,4.128500,3.822000,"Bloomberg BGN, exported by Charlie",estr_eonia_euribor6m_1y5y_bbg_2026-10-05.xlsx
2008-09-10,5.099500,4.551500,4.243000,4.007000,4.158000,3.922000,"Bloomberg BGN, exported by Charlie",estr_eonia_euribor6m_1y5y_bbg_2026-10-05.xlsx
2008-09-11,5.107000,4.575500,4.230000,4.022000,4.145000,3.937000,"Bloomberg BGN, exported by Charlie",estr_eonia_euribor6m_1y5y_bbg_2026-10-05.xlsx
2008-09-12,5.150000,4.630000,4.264500,4.077000,4.179500,3.992000,"Bloomberg BGN, exported by Charlie",estr_eonia_euribor6m_1y5y_bbg_2026-10-05.xlsx
2008-09-15,5.032500,4.587000,4.067000,4.000000,3.982000,3.915000,"Bloomberg BGN, exported by Charlie",estr_eonia_euribor6m_1y5y_bbg_2026-10-05.xlsx
2008-09-16,5.077500,4.718000,4.122500,4.106000,4.037500,4.021000,"Bloomberg BGN, exported by Charlie",estr_eonia_euribor6m_1y5y_bbg_2026-10-05.xlsx
2008-09-17,5.088000,4.690000,4.101000,4.035000,4.016000,3.950000,"Bloomberg BGN, exported by Charlie",estr_eonia_euribor6m_1y5y_bbg_2026-10-05.xlsx
2008-09-18,5.174500,4.880000,4.129000,4.249000,4.044000,4.164000,"Bloomberg BGN, exported by Charlie",estr_eonia_euribor6m_1y5y_bbg_2026-10-05.xlsx
2008-09-19,5.211500,4.903000,4.210000,4.285000,4.125000,4.200000,"Bloomberg BGN, exported by Charlie",estr_eonia_euribor6m_1y5y_bbg_2026-10-05.xlsx
2008-09-22,5.196500,4.874000,4.206000,4.257500,4.121000,4.172500,"Bloomberg BGN, exported by Charlie",estr_eonia_euribor6m_1y5y_bbg_2026-10-05.xlsx
2008-09-23,5.217500,4.856000,4.199000,4.214000,4.114000,4.129000,"Bloomberg BGN, exported by Charlie",estr_eonia_euribor6m_1y5y_bbg_2026-10-05.xlsx
2008-09-24,5.213500,4.812000,4.135000,4.154000,4.050000,4.069000,"Bloomberg BGN, exported by Charlie",estr_eonia_euribor6m_1y5y_bbg_2026-10-05.xlsx
2008-09-25,5.188500,4.807000,4.069500,4.088000,3.984500,4.003000,"Bloomberg BGN, exported by Charlie",estr_eonia_euribor6m_1y5y_bbg_2026-10-05.xlsx
2008-09-26,5.105000,4.755000,3.996500,4.084000,3.911500,3.999000,"Bloomberg BGN, exported by Charlie",estr_eonia_euribor6m_1y5y_bbg_2026-10-05.xlsx
2008-09-29,4.909000,4.604000,3.737000,3.925500,3.652000,3.840500,"Bloomberg BGN, exported by Charlie",estr_eonia_euribor6m_1y5y_bbg_2026-10-05.xlsx
2008-09-30,5.040000,4.689500,3.862000,3.958000,3.777000,3.873000,"Bloomberg BGN, exported by Charlie",estr_eonia_euribor6m_1y5y_bbg_2026-10-05.xlsx
2008-10-01,4.978500,4.659000,3.831500,3.999000,3.746500,3.914000,"Bloomberg BGN, exported by Charlie",estr_eonia_euribor6m_1y5y_bbg_2026-10-05.xlsx
2008-10-02,4.858000,4.509000,3.648500,3.844000,3.563500,3.759000,"Bloomberg BGN, exported by Charlie",estr_eonia_euribor6m_1y5y_bbg_2026-10-05.xlsx
2008-10-03,4.788500,4.446000,3.576500,3.921000,3.491500,3.836000,"Bloomberg BGN, exported by Charlie",estr_eonia_euribor6m_1y5y_bbg_2026-10-05.xlsx
2008-10-06,4.707500,4.356000,3.428500,3.695000,3.343500,3.610000,"Bloomberg BGN, exported by Charlie",estr_eonia_euribor6m_1y5y_bbg_2026-10-05.xlsx
2008-10-07,4.619500,4.277000,3.347000,3.693500,3.262000,3.608500,"Bloomberg BGN, exported by Charlie",estr_eonia_euribor6m_1y5y_bbg_2026-10-05.xlsx
2008-10-08,4.589000,4.338500,3.173000,3.691500,3.088000,3.606500,"Bloomberg BGN, exported by Charlie",estr_eonia_euribor6m_1y5y_bbg_2026-10-05.xlsx
2008-10-09,4.745500,4.339500,3.225500,3.754500,3.140500,3.669500,"Bloomberg BGN, exported by Charlie",estr_eonia_euribor6m_1y5y_bbg_2026-10-05.xlsx
2008-10-10,4.613500,4.455000,3.099000,3.832000,3.014000,3.747000,"Bloomberg BGN, exported by Charlie",estr_eonia_euribor6m_1y5y_bbg_2026-10-05.xlsx
2008-10-13,4.524500,4.534000,3.174000,3.936000,3.089000,3.851000,"Bloomberg BGN, exported by Charlie",estr_eonia_euribor6m_1y5y_bbg_2026-10-05.xlsx
2008-10-14,4.576500,4.553500,3.305000,4.025000,3.220000,3.940000,"Bloomberg BGN, exported by Charlie",estr_eonia_euribor6m_1y5y_bbg_2026-10-05.xlsx
2008-10-15,4.490500,4.461000,3.166000,3.920500,3.081000,3.835500,"Bloomberg BGN, exported by Charlie",estr_eonia_euribor6m_1y5y_bbg_2026-10-05.xlsx
2008-10-16,4.428500,4.408500,3.133500,3.863000,3.048500,3.778000,"Bloomberg BGN, exported by Charlie",estr_eonia_euribor6m_1y5y_bbg_2026-10-05.xlsx
2008-10-17,4.315000,4.361500,3.004000,3.881500,2.919000,3.796500,"Bloomberg BGN, exported by Charlie",estr_eonia_euribor6m_1y5y_bbg_2026-10-05.xlsx
2008-10-20,4.315000,4.322500,3.069000,3.816000,2.984000,3.731000,"Bloomberg BGN, exported by Charlie",estr_eonia_euribor6m_1y5y_bbg_2026-10-05.xlsx
2008-10-21,4.252500,4.227500,2.999500,3.697000,2.914500,3.612000,"Bloomberg BGN, exported by Charlie",estr_eonia_euribor6m_1y5y_bbg_2026-10-05.xlsx
2008-10-22,4.186000,4.114500,2.891500,3.591000,2.806500,3.506000,"Bloomberg BGN, exported by Charlie",estr_eonia_euribor6m_1y5y_bbg_2026-10-05.xlsx
2008-10-23,4.209000,4.089000,2.859500,3.554000,2.774500,3.469000,"Bloomberg BGN, exported by Charlie",estr_eonia_euribor6m_1y5y_bbg_2026-10-05.xlsx
2008-10-24,4.189000,4.098500,2.737000,3.527000,2.652000,3.442000,"Bloomberg BGN, exported by Charlie",estr_eonia_euribor6m_1y5y_bbg_2026-10-05.xlsx
2008-10-27,4.129000,4.063000,2.650500,3.514000,2.565500,3.429000,"Bloomberg BGN, exported by Charlie",estr_eonia_euribor6m_1y5y_bbg_2026-10-05.xlsx
2008-10-28,4.068000,4.075000,2.684000,3.517000,2.599000,3.432000,"Bloomberg BGN, exported by Charlie",estr_eonia_euribor6m_1y5y_bbg_2026-10-05.xlsx
2008-10-29,4.049500,3.982000,2.629000,3.416000,2.544000,3.331000,"Bloomberg BGN, exported by Charlie",estr_eonia_euribor6m_1y5y_bbg_2026-10-05.xlsx
2008-10-30,3.990000,3.939000,2.571000,3.377000,2.486000,3.292000,"Bloomberg BGN, exported by Charlie",estr_eonia_euribor6m_1y5y_bbg_2026-10-05.xlsx
2008-10-31,4.010000,4.018000,2.595000,3.467000,2.510000,3.382000,"Bloomberg BGN, exported by Charlie",estr_eonia_euribor6m_1y5y_bbg_2026-10-05.xlsx
2008-11-03,3.989500,3.959500,2.596000,3.414000,2.511000,3.329000,"Bloomberg BGN, exported by Charlie",estr_eonia_euribor6m_1y5y_bbg_2026-10-05.xlsx
2008-11-04,3.998500,3.949000,2.624000,3.417500,2.539000,3.332500,"Bloomberg BGN, exported by Charlie",estr_eonia_euribor6m_1y5y_bbg_2026-10-05.xlsx
2008-11-05,3.978000,3.931500,2.611000,3.395000,2.526000,3.310000,"Bloomberg BGN, exported by Charlie",estr_eonia_euribor6m_1y5y_bbg_2026-10-05.xlsx
2008-11-06,3.864000,3.843500,2.475000,3.275000,2.390000,3.190000,"Bloomberg BGN, exported by Charlie",estr_eonia_euribor6m_1y5y_bbg_2026-10-05.xlsx
2008-11-07,3.811500,3.833000,2.462000,3.253000,2.377000,3.168000,"Bloomberg BGN, exported by Charlie",estr_eonia_euribor6m_1y5y_bbg_2026-10-05.xlsx
2008-11-10,3.735500,3.762500,2.402000,3.242000,2.317000,3.157000,"Bloomberg BGN, exported by Charlie",estr_eonia_euribor6m_1y5y_bbg_2026-10-05.xlsx
2008-11-11,3.661000,3.767000,2.333000,3.219000,2.248000,3.134000,"Bloomberg BGN, exported by Charlie",estr_eonia_euribor6m_1y5y_bbg_2026-10-05.xlsx
2008-11-12,3.585000,3.694500,2.197000,3.158000,2.112000,3.073000,"Bloomberg BGN, exported by Charlie",estr_eonia_euribor6m_1y5y_bbg_2026-10-05.xlsx
2008-11-13,3.660500,3.767000,2.204000,3.223000,2.119000,3.138000,"Bloomberg BGN, exported by Charlie",estr_eonia_euribor6m_1y5y_bbg_2026-10-05.xlsx
2008-11-14,3.636500,3.736000,2.164000,3.164000,2.079000,3.079000,"Bloomberg BGN, exported by Charlie",estr_eonia_euribor6m_1y5y_bbg_2026-10-05.xlsx
2008-11-17,3.554500,3.706000,2.098000,3.049000,2.013000,2.964000,"Bloomberg BGN, exported by Charlie",estr_eonia_euribor6m_1y5y_bbg_2026-10-05.xlsx
2008-11-18,3.530500,3.705500,2.072000,3.079000,1.987000,2.994000,"Bloomberg BGN, exported by Charlie",estr_eonia_euribor6m_1y5y_bbg_2026-10-05.xlsx
2008-11-19,3.476000,3.659000,1.999000,3.020000,1.914000,2.935000,"Bloomberg BGN, exported by Charlie",estr_eonia_euribor6m_1y5y_bbg_2026-10-05.xlsx
2008-11-20,3.386500,3.476000,1.866000,2.814000,1.781000,2.729000,"Bloomberg BGN, exported by Charlie",estr_eonia_euribor6m_1y5y_bbg_2026-10-05.xlsx
2008-11-21,3.376500,3.517000,1.880000,2.893000,1.795000,2.808000,"Bloomberg BGN, exported by Charlie",estr_eonia_euribor6m_1y5y_bbg_2026-10-05.xlsx
2008-11-24,3.444500,3.655000,1.999000,3.016000,1.914000,2.931000,"Bloomberg BGN, exported by Charlie",estr_eonia_euribor6m_1y5y_bbg_2026-10-05.xlsx
2008-11-25,3.385000,3.517000,1.968000,2.871000,1.883000,2.786000,"Bloomberg BGN, exported by Charlie",estr_eonia_euribor6m_1y5y_bbg_2026-10-05.xlsx
2008-11-26,3.337000,3.454500,1.917000,2.815000,1.832000,2.730000,"Bloomberg BGN, exported by Charlie",estr_eonia_euribor6m_1y5y_bbg_2026-10-05.xlsx
2008-11-27,3.324500,3.425000,1.910000,2.816000,1.825000,2.731000,"Bloomberg BGN, exported by Charlie",estr_eonia_euribor6m_1y5y_bbg_2026-10-05.xlsx
2008-11-28,3.304000,3.472000,1.904000,2.847000,1.819000,2.762000,"Bloomberg BGN, exported by Charlie",estr_eonia_euribor6m_1y5y_bbg_2026-10-05.xlsx
2008-12-01,3.252250,3.309500,1.870000,2.705000,1.785000,2.620000,"Bloomberg BGN, exported by Charlie",estr_eonia_euribor6m_1y5y_bbg_2026-10-05.xlsx
2008-12-02,3.216250,3.256000,1.840000,2.652000,1.755000,2.567000,"Bloomberg BGN, exported by Charlie",estr_eonia_euribor6m_1y5y_bbg_2026-10-05.xlsx
2008-12-03,3.135250,3.146000,1.728000,2.524500,1.643000,2.439500,"Bloomberg BGN, exported by Charlie",estr_eonia_euribor6m_1y5y_bbg_2026-10-05.xlsx
2008-12-04,3.202250,3.324150,1.842000,2.698000,1.757000,2.613000,"Bloomberg BGN, exported by Charlie",estr_eonia_euribor6m_1y5y_bbg_2026-10-05.xlsx
2008-12-05,3.162250,3.358000,1.849000,2.739000,1.764000,2.654000,"Bloomberg BGN, exported by Charlie",estr_eonia_euribor6m_1y5y_bbg_2026-10-05.xlsx
2008-12-08,3.180250,3.477000,1.916000,2.864000,1.831000,2.779000,"Bloomberg BGN, exported by Charlie",estr_eonia_euribor6m_1y5y_bbg_2026-10-05.xlsx
2008-12-09,3.365000,3.485100,1.957000,2.893000,1.872000,2.808000,"Bloomberg BGN, exported by Charlie",estr_eonia_euribor6m_1y5y_bbg_2026-10-05.xlsx
2008-12-10,3.137250,3.482000,1.910000,2.892000,1.825000,2.807000,"Bloomberg BGN, exported by Charlie",estr_eonia_euribor6m_1y5y_bbg_2026-10-05.xlsx
2008-12-11,3.066250,3.463000,1.861000,2.847000,1.776000,2.762000,"Bloomberg BGN, exported by Charlie",estr_eonia_euribor6m_1y5y_bbg_2026-10-05.xlsx
2008-12-12,3.080500,3.468000,1.892000,2.874000,1.807000,2.789000,"Bloomberg BGN, exported by Charlie",estr_eonia_euribor6m_1y5y_bbg_2026-10-05.xlsx
2008-12-15,3.059000,3.421000,1.865000,2.838000,1.780000,2.753000,"Bloomberg BGN, exported by Charlie",estr_eonia_euribor6m_1y5y_bbg_2026-10-05.xlsx
2008-12-16,2.909500,3.286000,1.717000,2.701000,1.632000,2.616000,"Bloomberg BGN, exported by Charlie",estr_eonia_euribor6m_1y5y_bbg_2026-10-05.xlsx
2008-12-17,2.863500,3.278000,1.721000,2.724000,1.636000,2.639000,"Bloomberg BGN, exported by Charlie",estr_eonia_euribor6m_1y5y_bbg_2026-10-05.xlsx
2008-12-18,2.836500,3.283000,1.698000,2.718000,1.613000,2.633000,"Bloomberg BGN, exported by Charlie",estr_eonia_euribor6m_1y5y_bbg_2026-10-05.xlsx
2008-12-19,2.845000,3.337000,1.669000,2.688500,1.584000,2.603500,"Bloomberg BGN, exported by Charlie",estr_eonia_euribor6m_1y5y_bbg_2026-10-05.xlsx
2008-12-22,2.754000,3.218800,1.603000,2.633500,1.518000,2.548500,"Bloomberg BGN, exported by Charlie",estr_eonia_euribor6m_1y5y_bbg_2026-10-05.xlsx
2008-12-23,2.714000,3.262000,1.597000,2.673000,1.512000,2.588000,"Bloomberg BGN, exported by Charlie",estr_eonia_euribor6m_1y5y_bbg_2026-10-05.xlsx
2008-12-24,2.724000,3.234000,1.584000,2.693500,1.499000,2.608500,"Bloomberg BGN, exported by Charlie",estr_eonia_euribor6m_1y5y_bbg_2026-10-05.xlsx
2008-12-25,2.702000,3.234000,,,,,"Bloomberg BGN, exported by Charlie",estr_eonia_euribor6m_1y5y_bbg_2026-10-05.xlsx
2008-12-26,2.702000,3.234000,,,,,"Bloomberg BGN, exported by Charlie",estr_eonia_euribor6m_1y5y_bbg_2026-10-05.xlsx
2008-12-29,2.642500,3.196000,1.537000,2.625000,1.452000,2.540000,"Bloomberg BGN, exported by Charlie",estr_eonia_euribor6m_1y5y_bbg_2026-10-05.xlsx
2008-12-30,2.657500,3.252000,1.601000,2.656000,1.516000,2.571000,"Bloomberg BGN, exported by Charlie",estr_eonia_euribor6m_1y5y_bbg_2026-10-05.xlsx
2008-12-31,2.554000,3.250000,1.559000,2.625000,1.474000,2.540000,"Bloomberg BGN, exported by Charlie",estr_eonia_euribor6m_1y5y_bbg_2026-10-05.xlsx
2009-01-01,2.554000,3.250000,,,,,"Bloomberg BGN, exported by Charlie",estr_eonia_euribor6m_1y5y_bbg_2026-10-05.xlsx
2009-01-02,2.633000,3.202550,1.586000,2.701000,1.501000,2.616000,"Bloomberg BGN, exported by Charlie",estr_eonia_euribor6m_1y5y_bbg_2026-10-05.xlsx
2009-01-05,2.589500,3.233000,1.563000,2.643000,1.478000,2.558000,"Bloomberg BGN, exported by Charlie",estr_eonia_euribor6m_1y5y_bbg_2026-10-05.xlsx
2009-01-06,2.577500,3.310000,1.533000,2.732000,1.448000,2.647000,"Bloomberg BGN, exported by Charlie",estr_eonia_euribor6m_1y5y_bbg_2026-10-05.xlsx
2009-01-07,2.502500,3.237000,1.440000,2.642000,1.355000,2.557000,"Bloomberg BGN, exported by Charlie",estr_eonia_euribor6m_1y5y_bbg_2026-10-05.xlsx
2009-01-08,2.459500,3.139500,1.421000,2.568000,1.336000,2.483000,"Bloomberg BGN, exported by Charlie",estr_eonia_euribor6m_1y5y_bbg_2026-10-05.xlsx
2009-01-09,2.348000,3.059000,1.320000,2.468500,1.235000,2.383500,"Bloomberg BGN, exported by Charlie",estr_eonia_euribor6m_1y5y_bbg_2026-10-05.xlsx
2009-01-12,2.329500,3.024000,1.314000,2.488000,1.229000,2.403000,"Bloomberg BGN, exported by Charlie",estr_eonia_euribor6m_1y5y_bbg_2026-10-05.xlsx
2009-01-13,2.322000,2.983000,1.309000,2.460000,1.224000,2.375000,"Bloomberg BGN, exported by Charlie",estr_eonia_euribor6m_1y5y_bbg_2026-10-05.xlsx
2009-01-14,2.309000,2.968000,1.324000,2.426000,1.239000,2.341000,"Bloomberg BGN, exported by Charlie",estr_eonia_euribor6m_1y5y_bbg_2026-10-05.xlsx
2009-01-15,2.354000,3.003000,1.391000,2.481000,1.306000,2.396000,"Bloomberg BGN, exported by Charlie",estr_eonia_euribor6m_1y5y_bbg_2026-10-05.xlsx
2009-01-16,2.255000,2.952000,1.246000,2.414000,1.161000,2.329000,"Bloomberg BGN, exported by Charlie",estr_eonia_euribor6m_1y5y_bbg_2026-10-05.xlsx
2009-01-19,2.240000,2.982500,1.273000,2.447000,1.188000,2.362000,"Bloomberg BGN, exported by Charlie",estr_eonia_euribor6m_1y5y_bbg_2026-10-05.xlsx
2009-01-20,2.176000,2.910000,1.202000,2.409000,1.117000,2.324000,"Bloomberg BGN, exported by Charlie",estr_eonia_euribor6m_1y5y_bbg_2026-10-05.xlsx
2009-01-21,2.111000,2.941000,1.184000,2.375500,1.099000,2.290500,"Bloomberg BGN, exported by Charlie",estr_eonia_euribor6m_1y5y_bbg_2026-10-05.xlsx
2009-01-22,2.109000,2.938000,1.162000,2.439000,1.077000,2.354000,"Bloomberg BGN, exported by Charlie",estr_eonia_euribor6m_1y5y_bbg_2026-10-05.xlsx
2009-01-23,2.108000,2.997000,1.167000,2.477000,1.082000,2.392000,"Bloomberg BGN, exported by Charlie",estr_eonia_euribor6m_1y5y_bbg_2026-10-05.xlsx
2009-01-26,2.179500,3.125000,1.282000,2.598000,1.197000,2.513000,"Bloomberg BGN, exported by Charlie",estr_eonia_euribor6m_1y5y_bbg_2026-10-05.xlsx
2009-01-27,2.174000,3.063000,1.276500,2.544000,1.191500,2.459000,"Bloomberg BGN, exported by Charlie",estr_eonia_euribor6m_1y5y_bbg_2026-10-05.xlsx
2009-01-28,2.144000,3.062000,1.266500,2.541500,1.181500,2.456500,"Bloomberg BGN, exported by Charlie",estr_eonia_euribor6m_1y5y_bbg_2026-10-05.xlsx
2009-01-29,2.124000,3.074000,1.236000,2.576000,1.151000,2.491000,"Bloomberg BGN, exported by Charlie",estr_eonia_euribor6m_1y5y_bbg_2026-10-05.xlsx
2009-01-30,2.094000,3.024500,1.211000,2.512000,1.126000,2.427000,"Bloomberg BGN, exported by Charlie",estr_eonia_euribor6m_1y5y_bbg_2026-10-05.xlsx
2009-02-02,2.089500,2.995000,1.221000,2.490000,1.136000,2.405000,"Bloomberg BGN, exported by Charlie",estr_eonia_euribor6m_1y5y_bbg_2026-10-05.xlsx
2009-02-03,2.073000,3.062000,1.191000,2.540000,1.106000,2.455000,"Bloomberg BGN, exported by Charlie",estr_eonia_euribor6m_1y5y_bbg_2026-10-05.xlsx
2009-02-04,2.033500,3.001000,1.134000,2.498000,1.049000,2.413000,"Bloomberg BGN, exported by Charlie",estr_eonia_euribor6m_1y5y_bbg_2026-10-05.xlsx
2009-02-05,2.001000,2.968000,1.084000,2.456000,0.999000,2.371000,"Bloomberg BGN, exported by Charlie",estr_eonia_euribor6m_1y5y_bbg_2026-10-05.xlsx
2009-02-06,1.982000,3.003000,1.017000,2.472000,0.932000,2.387000,"Bloomberg BGN, exported by Charlie",estr_eonia_euribor6m_1y5y_bbg_2026-10-05.xlsx
2009-02-09,1.992000,3.009000,1.057000,2.494000,0.972000,2.409000,"Bloomberg BGN, exported by Charlie",estr_eonia_euribor6m_1y5y_bbg_2026-10-05.xlsx
2009-02-10,2.007000,2.918000,1.093000,2.429000,1.008000,2.344000,"Bloomberg BGN, exported by Charlie",estr_eonia_euribor6m_1y5y_bbg_2026-10-05.xlsx
2009-02-11,1.961000,2.887000,1.032000,2.387000,0.947000,2.302000,"Bloomberg BGN, exported by Charlie",estr_eonia_euribor6m_1y5y_bbg_2026-10-05.xlsx
2009-02-12,1.954000,2.811000,1.014000,2.321000,0.929000,2.236000,"Bloomberg BGN, exported by Charlie",estr_eonia_euribor6m_1y5y_bbg_2026-10-05.xlsx
2009-02-13,1.956000,2.846000,1.011000,2.348000,0.926000,2.263000,"Bloomberg BGN, exported by Charlie",estr_eonia_euribor6m_1y5y_bbg_2026-10-05.xlsx
2009-02-16,1.934000,2.818500,0.977000,2.318000,0.892000,2.233000,"Bloomberg BGN, exported by Charlie",estr_eonia_euribor6m_1y5y_bbg_2026-10-05.xlsx
2009-02-17,1.907000,2.699000,0.943000,2.191000,0.858000,2.106000,"Bloomberg BGN, exported by Charlie",estr_eonia_euribor6m_1y5y_bbg_2026-10-05.xlsx
2009-02-18,1.963000,2.781000,0.987000,2.246000,0.902000,2.161000,"Bloomberg BGN, exported by Charlie",estr_eonia_euribor6m_1y5y_bbg_2026-10-05.xlsx
2009-02-19,1.976000,2.854000,1.009000,2.319000,0.924000,2.234000,"Bloomberg BGN, exported by Charlie",estr_eonia_euribor6m_1y5y_bbg_2026-10-05.xlsx
2009-02-20,1.926500,2.781000,0.946000,2.224000,0.861000,2.139000,"Bloomberg BGN, exported by Charlie",estr_eonia_euribor6m_1y5y_bbg_2026-10-05.xlsx
2009-02-23,1.937000,2.808000,0.966000,2.282000,0.881000,2.197000,"Bloomberg BGN, exported by Charlie",estr_eonia_euribor6m_1y5y_bbg_2026-10-05.xlsx
2009-02-24,1.916000,2.794000,0.923000,2.261000,0.838000,2.176000,"Bloomberg BGN, exported by Charlie",estr_eonia_euribor6m_1y5y_bbg_2026-10-05.xlsx
2009-02-25,1.907000,2.729000,0.913000,2.189000,0.828000,2.104000,"Bloomberg BGN, exported by Charlie",estr_eonia_euribor6m_1y5y_bbg_2026-10-05.xlsx
2009-02-26,1.904000,2.836000,0.889000,2.271000,0.804000,2.186000,"Bloomberg BGN, exported by Charlie",estr_eonia_euribor6m_1y5y_bbg_2026-10-05.xlsx
2009-02-27,1.896500,2.804000,0.889000,2.255000,0.804000,2.170000,"Bloomberg BGN, exported by Charlie",estr_eonia_euribor6m_1y5y_bbg_2026-10-05.xlsx
2009-03-02,1.849000,2.713000,0.826000,2.152000,0.741000,2.067000,"Bloomberg BGN, exported by Charlie",estr_eonia_euribor6m_1y5y_bbg_2026-10-05.xlsx
2009-03-03,1.827000,2.719000,0.786000,2.147000,0.701000,2.062000,"Bloomberg BGN, exported by Charlie",estr_eonia_euribor6m_1y5y_bbg_2026-10-05.xlsx
2009-03-04,1.789000,2.753000,0.762000,2.168000,0.677000,2.083000,"Bloomberg BGN, exported by Charlie",estr_eonia_euribor6m_1y5y_bbg_2026-10-05.xlsx
2009-03-05,1.802000,2.643000,0.754000,2.110000,0.669000,2.025000,"Bloomberg BGN, exported by Charlie",estr_eonia_euribor6m_1y5y_bbg_2026-10-05.xlsx
2009-03-06,1.816000,2.671000,0.783000,2.102000,0.698000,2.017000,"Bloomberg BGN, exported by Charlie",estr_eonia_euribor6m_1y5y_bbg_2026-10-05.xlsx
2009-03-09,1.849000,2.677500,0.822000,2.094000,0.737000,2.009000,"Bloomberg BGN, exported by Charlie",estr_eonia_euribor6m_1y5y_bbg_2026-10-05.xlsx
2009-03-10,1.848000,2.736000,0.841000,2.169000,0.756000,2.084000,"Bloomberg BGN, exported by Charlie",estr_eonia_euribor6m_1y5y_bbg_2026-10-05.xlsx
2009-03-11,1.856000,2.777000,0.879000,2.197000,0.794000,2.112000,"Bloomberg BGN, exported by Charlie",estr_eonia_euribor6m_1y5y_bbg_2026-10-05.xlsx
2009-03-12,1.817000,2.750500,0.831000,2.158000,0.746000,2.073000,"Bloomberg BGN, exported by Charlie",estr_eonia_euribor6m_1y5y_bbg_2026-10-05.xlsx
2009-03-13,1.803000,2.807500,0.842000,2.209000,0.757000,2.124000,"Bloomberg BGN, exported by Charlie",estr_eonia_euribor6m_1y5y_bbg_2026-10-05.xlsx
2009-03-16,1.786000,2.790500,0.822000,2.195000,0.737000,2.110000,"Bloomberg BGN, exported by Charlie",estr_eonia_euribor6m_1y5y_bbg_2026-10-05.xlsx
2009-03-17,1.783000,2.831500,0.810000,2.252000,0.725000,2.167000,"Bloomberg BGN, exported by Charlie",estr_eonia_euribor6m_1y5y_bbg_2026-10-05.xlsx
2009-03-18,1.683000,2.655000,0.720000,2.100000,0.635000,2.015000,"Bloomberg BGN, exported by Charlie",estr_eonia_euribor6m_1y5y_bbg_2026-10-05.xlsx
2009-03-19,1.728000,2.757000,0.796000,2.204000,0.711000,2.119000,"Bloomberg BGN, exported by Charlie",estr_eonia_euribor6m_1y5y_bbg_2026-10-05.xlsx
2009-03-20,1.684000,2.728000,0.757000,2.157000,0.672000,2.072000,"Bloomberg BGN, exported by Charlie",estr_eonia_euribor6m_1y5y_bbg_2026-10-05.xlsx
2009-03-23,1.714000,2.777000,0.818000,2.213000,0.733000,2.128000,"Bloomberg BGN, exported by Charlie",estr_eonia_euribor6m_1y5y_bbg_2026-10-05.xlsx
2009-03-24,1.726000,2.822500,0.838000,2.267000,0.753000,2.182000,"Bloomberg BGN, exported by Charlie",estr_eonia_euribor6m_1y5y_bbg_2026-10-05.xlsx
2009-03-25,1.725000,2.856500,0.839000,2.298500,0.754000,2.213500,"Bloomberg BGN, exported by Charlie",estr_eonia_euribor6m_1y5y_bbg_2026-10-05.xlsx
2009-03-26,1.692000,2.804500,0.804000,2.244000,0.719000,2.159000,"Bloomberg BGN, exported by Charlie",estr_eonia_euribor6m_1y5y_bbg_2026-10-05.xlsx
2009-03-27,1.643000,2.781000,0.792000,2.279000,0.707000,2.194000,"Bloomberg BGN, exported by Charlie",estr_eonia_euribor6m_1y5y_bbg_2026-10-05.xlsx
2009-03-30,1.630000,2.679000,0.758000,2.169500,0.673000,2.084500,"Bloomberg BGN, exported by Charlie",estr_eonia_euribor6m_1y5y_bbg_2026-10-05.xlsx
2009-03-31,1.618000,2.658000,0.748000,2.159000,0.663000,2.074000,"Bloomberg BGN, exported by Charlie",estr_eonia_euribor6m_1y5y_bbg_2026-10-05.xlsx
2009-04-01,1.607000,2.644000,0.727000,2.132000,0.642000,2.047000,"Bloomberg BGN, exported by Charlie",estr_eonia_euribor6m_1y5y_bbg_2026-10-05.xlsx
2009-04-02,1.667000,2.814000,0.863000,2.317000,0.778000,2.232000,"Bloomberg BGN, exported by Charlie",estr_eonia_euribor6m_1y5y_bbg_2026-10-05.xlsx
2009-04-03,1.743000,2.901000,0.933000,2.419000,0.848000,2.334000,"Bloomberg BGN, exported by Charlie",estr_eonia_euribor6m_1y5y_bbg_2026-10-05.xlsx
2009-04-06,1.701000,2.891000,0.861000,2.384500,0.776000,2.299500,"Bloomberg BGN, exported by Charlie",estr_eonia_euribor6m_1y5y_bbg_2026-10-05.xlsx
2009-04-07,1.672000,2.850000,0.845000,2.359000,0.760000,2.274000,"Bloomberg BGN, exported by Charlie",estr_eonia_euribor6m_1y5y_bbg_2026-10-05.xlsx
2009-04-08,1.671000,2.861000,0.849000,2.383000,0.764000,2.298000,"Bloomberg BGN, exported by Charlie",estr_eonia_euribor6m_1y5y_bbg_2026-10-05.xlsx
2009-04-09,1.659000,2.873000,0.856000,2.372000,0.771000,2.287000,"Bloomberg BGN, exported by Charlie",estr_eonia_euribor6m_1y5y_bbg_2026-10-05.xlsx
2009-04-10,1.671000,2.871000,,,,,"Bloomberg BGN, exported by Charlie",estr_eonia_euribor6m_1y5y_bbg_2026-10-05.xlsx
2009-04-13,1.662000,2.871000,,,,,"Bloomberg BGN, exported by Charlie",estr_eonia_euribor6m_1y5y_bbg_2026-10-05.xlsx
2009-04-14,1.634000,2.805000,0.851000,2.327000,0.766000,2.242000,"Bloomberg BGN, exported by Charlie",estr_eonia_euribor6m_1y5y_bbg_2026-10-05.xlsx
2009-04-15,1.619000,2.756000,0.842000,2.301500,0.757000,2.216500,"Bloomberg BGN, exported by Charlie",estr_eonia_euribor6m_1y5y_bbg_2026-10-05.xlsx
2009-04-16,1.641000,2.787000,0.890000,2.313000,0.805000,2.228000,"Bloomberg BGN, exported by Charlie",estr_eonia_euribor6m_1y5y_bbg_2026-10-05.xlsx
2009-04-17,1.679000,2.841000,0.982000,2.397000,0.897000,2.312000,"Bloomberg BGN, exported by Charlie",estr_eonia_euribor6m_1y5y_bbg_2026-10-05.xlsx
2009-04-20,1.658000,2.757000,0.951000,2.315000,0.866000,2.230000,"Bloomberg BGN, exported by Charlie",estr_eonia_euribor6m_1y5y_bbg_2026-10-05.xlsx
2009-04-21,1.672000,2.782000,0.954000,2.323500,0.869000,2.238500,"Bloomberg BGN, exported by Charlie",estr_eonia_euribor6m_1y5y_bbg_2026-10-05.xlsx
2009-04-22,1.681000,2.811000,0.970000,2.350000,0.885000,2.265000,"Bloomberg BGN, exported by Charlie",estr_eonia_euribor6m_1y5y_bbg_2026-10-05.xlsx
2009-04-23,1.668000,2.807000,0.931000,2.351500,0.846000,2.266500,"Bloomberg BGN, exported by Charlie",estr_eonia_euribor6m_1y5y_bbg_2026-10-05.xlsx
2009-04-24,1.644000,2.772000,0.891000,2.297000,0.806000,2.212000,"Bloomberg BGN, exported by Charlie",estr_eonia_euribor6m_1y5y_bbg_2026-10-05.xlsx
2009-04-27,1.620000,2.716000,0.860000,2.274000,0.775000,2.189000,"Bloomberg BGN, exported by Charlie",estr_eonia_euribor6m_1y5y_bbg_2026-10-05.xlsx
2009-04-28,1.608000,2.710000,0.852000,2.236000,0.767000,2.151000,"Bloomberg BGN, exported by Charlie",estr_eonia_euribor6m_1y5y_bbg_2026-10-05.xlsx
2009-04-29,1.594000,2.677500,0.822000,2.196000,0.737000,2.111000,"Bloomberg BGN, exported by Charlie",estr_eonia_euribor6m_1y5y_bbg_2026-10-05.xlsx
2009-04-30,1.582000,2.696000,0.815000,2.221000,0.730000,2.136000,"Bloomberg BGN, exported by Charlie",estr_eonia_euribor6m_1y5y_bbg_2026-10-05.xlsx
2009-05-01,1.575000,2.695000,,,,,"Bloomberg BGN, exported by Charlie",estr_eonia_euribor6m_1y5y_bbg_2026-10-05.xlsx
2009-05-04,1.600000,2.805000,0.853000,2.335000,0.768000,2.250000,"Bloomberg BGN, exported by Charlie",estr_eonia_euribor6m_1y5y_bbg_2026-10-05.xlsx
2009-05-05,1.585000,2.738000,0.839000,2.265000,0.754000,2.180000,"Bloomberg BGN, exported by Charlie",estr_eonia_euribor6m_1y5y_bbg_2026-10-05.xlsx
2009-05-06,1.549000,2.696000,0.814000,2.230000,0.729000,2.145000,"Bloomberg BGN, exported by Charlie",estr_eonia_euribor6m_1y5y_bbg_2026-10-05.xlsx
2009-05-07,1.520000,2.783000,0.775000,2.334000,0.690000,2.249000,"Bloomberg BGN, exported by Charlie",estr_eonia_euribor6m_1y5y_bbg_2026-10-05.xlsx
2009-05-08,1.439000,2.810000,0.737000,2.368000,0.652000,2.283000,"Bloomberg BGN, exported by Charlie",estr_eonia_euribor6m_1y5y_bbg_2026-10-05.xlsx
2009-05-11,1.484000,2.728000,0.779000,2.289000,0.694000,2.204000,"Bloomberg BGN, exported by Charlie",estr_eonia_euribor6m_1y5y_bbg_2026-10-05.xlsx
2009-05-12,1.491000,2.695500,0.796000,2.269000,0.711000,2.184000,"Bloomberg BGN, exported by Charlie",estr_eonia_euribor6m_1y5y_bbg_2026-10-05.xlsx
2009-05-13,1.474000,2.664000,0.749000,2.232000,0.664000,2.147000,"Bloomberg BGN, exported by Charlie",estr_eonia_euribor6m_1y5y_bbg_2026-10-05.xlsx
2009-05-14,1.439500,2.648500,0.746000,2.241500,0.661000,2.156500,"Bloomberg BGN, exported by Charlie",estr_eonia_euribor6m_1y5y_bbg_2026-10-05.xlsx
2009-05-15,1.435000,2.690500,0.734000,2.278000,0.649000,2.193000,"Bloomberg BGN, exported by Charlie",estr_eonia_euribor6m_1y5y_bbg_2026-10-05.xlsx
2009-05-18,1.405000,2.632000,0.714500,2.225500,0.629500,2.140500,"Bloomberg BGN, exported by Charlie",estr_eonia_euribor6m_1y5y_bbg_2026-10-05.xlsx
2009-05-19,1.432000,2.689000,0.800000,2.277000,0.715000,2.192000,"Bloomberg BGN, exported by Charlie",estr_eonia_euribor6m_1y5y_bbg_2026-10-05.xlsx
2009-05-20,1.448000,2.715000,0.836000,2.346000,0.751000,2.261000,"Bloomberg BGN, exported by Charlie",estr_eonia_euribor6m_1y5y_bbg_2026-10-05.xlsx
2009-05-21,1.453000,2.728000,0.840000,2.329000,0.755000,2.244000,"Bloomberg BGN, exported by Charlie",estr_eonia_euribor6m_1y5y_bbg_2026-10-05.xlsx
2009-05-22,1.460000,2.775500,0.863000,2.391000,0.778000,2.306000,"Bloomberg BGN, exported by Charlie",estr_eonia_euribor6m_1y5y_bbg_2026-10-05.xlsx
2009-05-25,1.484500,2.843000,0.882500,2.425000,0.797500,2.340000,"Bloomberg BGN, exported by Charlie",estr_eonia_euribor6m_1y5y_bbg_2026-10-05.xlsx
2009-05-26,1.492000,2.853000,0.892000,2.452000,0.807000,2.367000,"Bloomberg BGN, exported by Charlie",estr_eonia_euribor6m_1y5y_bbg_2026-10-05.xlsx
2009-05-27,1.494000,2.840000,0.892000,2.444000,0.807000,2.359000,"Bloomberg BGN, exported by Charlie",estr_eonia_euribor6m_1y5y_bbg_2026-10-05.xlsx
2009-05-28,1.461500,2.903000,0.856000,2.510500,0.771000,2.425500,"Bloomberg BGN, exported by Charlie",estr_eonia_euribor6m_1y5y_bbg_2026-10-05.xlsx
2009-05-29,1.444000,2.832000,0.813000,2.457000,0.728000,2.372000,"Bloomberg BGN, exported by Charlie",estr_eonia_euribor6m_1y5y_bbg_2026-10-05.xlsx
2009-06-01,1.466000,2.918000,0.847000,2.534000,0.762000,2.449000,"Bloomberg BGN, exported by Charlie",estr_eonia_euribor6m_1y5y_bbg_2026-10-05.xlsx
2009-06-02,1.424000,2.866000,0.785000,2.479000,0.700000,2.394000,"Bloomberg BGN, exported by Charlie",estr_eonia_euribor6m_1y5y_bbg_2026-10-05.xlsx
2009-06-03,1.445000,2.826000,0.818000,2.425500,0.733000,2.340500,"Bloomberg BGN, exported by Charlie",estr_eonia_euribor6m_1y5y_bbg_2026-10-05.xlsx
2009-06-04,1.547000,2.942000,0.958000,2.544500,0.873000,2.459500,"Bloomberg BGN, exported by Charlie",estr_eonia_euribor6m_1y5y_bbg_2026-10-05.xlsx
2009-06-05,1.603000,3.113000,1.010000,2.688000,0.925000,2.603000,"Bloomberg BGN, exported by Charlie",estr_eonia_euribor6m_1y5y_bbg_2026-10-05.xlsx
2009-06-08,1.672000,3.115000,1.057000,2.678000,0.972000,2.593000,"Bloomberg BGN, exported by Charlie",estr_eonia_euribor6m_1y5y_bbg_2026-10-05.xlsx
2009-06-09,1.614000,3.054000,0.996000,2.647500,0.911000,2.562500,"Bloomberg BGN, exported by Charlie",estr_eonia_euribor6m_1y5y_bbg_2026-10-05.xlsx
2009-06-10,1.615000,3.071000,0.993000,2.671000,0.908000,2.586000,"Bloomberg BGN, exported by Charlie",estr_eonia_euribor6m_1y5y_bbg_2026-10-05.xlsx
2009-06-11,1.606000,3.095000,0.972000,2.705000,0.887000,2.620000,"Bloomberg BGN, exported by Charlie",estr_eonia_euribor6m_1y5y_bbg_2026-10-05.xlsx
2009-06-12,1.595000,3.086000,0.944000,2.664000,0.859000,2.579000,"Bloomberg BGN, exported by Charlie",estr_eonia_euribor6m_1y5y_bbg_2026-10-05.xlsx
2009-06-15,1.544000,3.001000,0.908000,2.581000,0.823000,2.496000,"Bloomberg BGN, exported by Charlie",estr_eonia_euribor6m_1y5y_bbg_2026-10-05.xlsx
2009-06-16,1.539000,2.978000,0.914000,2.578000,0.829000,2.493000,"Bloomberg BGN, exported by Charlie",estr_eonia_euribor6m_1y5y_bbg_2026-10-05.xlsx
2009-06-17,1.525000,2.976000,0.905000,2.569000,0.820000,2.484000,"Bloomberg BGN, exported by Charlie",estr_eonia_euribor6m_1y5y_bbg_2026-10-05.xlsx
2009-06-18,1.520000,3.024000,0.890000,2.635000,0.805000,2.550000,"Bloomberg BGN, exported by Charlie",estr_eonia_euribor6m_1y5y_bbg_2026-10-05.xlsx
2009-06-19,1.466500,2.956000,0.846000,2.568000,0.761000,2.483000,"Bloomberg BGN, exported by Charlie",estr_eonia_euribor6m_1y5y_bbg_2026-10-05.xlsx
2009-06-22,1.459000,2.935000,0.840000,2.543000,0.755000,2.458000,"Bloomberg BGN, exported by Charlie",estr_eonia_euribor6m_1y5y_bbg_2026-10-05.xlsx
2009-06-23,1.470000,2.968000,0.842000,2.581000,0.757000,2.496000,"Bloomberg BGN, exported by Charlie",estr_eonia_euribor6m_1y5y_bbg_2026-10-05.xlsx
2009-06-24,1.430000,2.924000,0.779000,2.524000,0.694000,2.439000,"Bloomberg BGN, exported by Charlie",estr_eonia_euribor6m_1y5y_bbg_2026-10-05.xlsx
2009-06-25,1.365500,2.904000,0.740000,2.516000,0.655000,2.431000,"Bloomberg BGN, exported by Charlie",estr_eonia_euribor6m_1y5y_bbg_2026-10-05.xlsx
2009-06-26,1.364500,2.880000,0.788000,2.516000,0.703000,2.431000,"Bloomberg BGN, exported by Charlie",estr_eonia_euribor6m_1y5y_bbg_2026-10-05.xlsx
2009-06-29,1.365500,2.865500,0.839000,2.506000,0.754000,2.421000,"Bloomberg BGN, exported by Charlie",estr_eonia_euribor6m_1y5y_bbg_2026-10-05.xlsx
2009-06-30,1.380000,2.866000,0.819000,2.494000,0.734000,2.409000,"Bloomberg BGN, exported by Charlie",estr_eonia_euribor6m_1y5y_bbg_2026-10-05.xlsx
2009-07-01,1.364500,2.864500,0.828000,2.512000,0.743000,2.427000,"Bloomberg BGN, exported by Charlie",estr_eonia_euribor6m_1y5y_bbg_2026-10-05.xlsx
2009-07-02,1.309000,2.792500,0.739000,2.427000,0.654000,2.342000,"Bloomberg BGN, exported by Charlie",estr_eonia_euribor6m_1y5y_bbg_2026-10-05.xlsx
2009-07-03,1.299500,2.807000,0.736000,2.437000,0.651000,2.352000,"Bloomberg BGN, exported by Charlie",estr_eonia_euribor6m_1y5y_bbg_2026-10-05.xlsx
2009-07-06,1.291000,2.771000,0.718000,2.413000,0.633000,2.328000,"Bloomberg BGN, exported by Charlie",estr_eonia_euribor6m_1y5y_bbg_2026-10-05.xlsx
2009-07-07,1.279000,2.757500,0.702000,2.390000,0.617000,2.305000,"Bloomberg BGN, exported by Charlie",estr_eonia_euribor6m_1y5y_bbg_2026-10-05.xlsx
2009-07-08,1.270500,2.742000,0.686000,2.391500,0.601000,2.306500,"Bloomberg BGN, exported by Charlie",estr_eonia_euribor6m_1y5y_bbg_2026-10-05.xlsx
2009-07-09,1.296000,2.791000,0.700000,2.425000,0.615000,2.340000,"Bloomberg BGN, exported by Charlie",estr_eonia_euribor6m_1y5y_bbg_2026-10-05.xlsx
2009-07-10,1.301000,2.798000,0.710000,2.417000,0.625000,2.332000,"Bloomberg BGN, exported by Charlie",estr_eonia_euribor6m_1y5y_bbg_2026-10-05.xlsx
2009-07-13,1.285000,2.798500,0.708000,2.415000,0.623000,2.330000,"Bloomberg BGN, exported by Charlie",estr_eonia_euribor6m_1y5y_bbg_2026-10-05.xlsx
2009-07-14,1.290500,2.831000,0.702000,2.439000,0.617000,2.354000,"Bloomberg BGN, exported by Charlie",estr_eonia_euribor6m_1y5y_bbg_2026-10-05.xlsx
2009-07-15,1.310000,2.915000,0.717000,2.496000,0.632000,2.411000,"Bloomberg BGN, exported by Charlie",estr_eonia_euribor6m_1y5y_bbg_2026-10-05.xlsx
2009-07-16,1.275000,2.836000,0.649000,2.427000,0.564000,2.342000,"Bloomberg BGN, exported by Charlie",estr_eonia_euribor6m_1y5y_bbg_2026-10-05.xlsx
2009-07-17,1.286000,2.890000,0.677000,2.477000,0.592000,2.392000,"Bloomberg BGN, exported by Charlie",estr_eonia_euribor6m_1y5y_bbg_2026-10-05.xlsx
2009-07-20,1.260000,2.838500,0.663000,2.469000,0.578000,2.384000,"Bloomberg BGN, exported by Charlie",estr_eonia_euribor6m_1y5y_bbg_2026-10-05.xlsx
2009-07-21,1.258000,2.830000,0.649000,2.428000,0.564000,2.343000,"Bloomberg BGN, exported by Charlie",estr_eonia_euribor6m_1y5y_bbg_2026-10-05.xlsx
2009-07-22,1.270000,2.840000,0.678000,2.459000,0.593000,2.374000,"Bloomberg BGN, exported by Charlie",estr_eonia_euribor6m_1y5y_bbg_2026-10-05.xlsx
2009-07-23,1.275500,2.885000,0.708000,2.496000,0.623000,2.411000,"Bloomberg BGN, exported by Charlie",estr_eonia_euribor6m_1y5y_bbg_2026-10-05.xlsx
2009-07-24,1.285000,2.899000,0.703000,2.526000,0.618000,2.441000,"Bloomberg BGN, exported by Charlie",estr_eonia_euribor6m_1y5y_bbg_2026-10-05.xlsx
2009-07-27,1.281000,2.926000,0.721000,2.555000,0.636000,2.470000,"Bloomberg BGN, exported by Charlie",estr_eonia_euribor6m_1y5y_bbg_2026-10-05.xlsx
2009-07-28,1.274000,2.887500,0.733000,2.487000,0.648000,2.402000,"Bloomberg BGN, exported by Charlie",estr_eonia_euribor6m_1y5y_bbg_2026-10-05.xlsx
2009-07-29,1.267000,2.866000,0.720000,2.484000,0.635000,2.399000,"Bloomberg BGN, exported by Charlie",estr_eonia_euribor6m_1y5y_bbg_2026-10-05.xlsx
2009-07-30,1.231500,2.812000,0.688000,2.494000,0.603000,2.409000,"Bloomberg BGN, exported by Charlie",estr_eonia_euribor6m_1y5y_bbg_2026-10-05.xlsx
2009-07-31,1.211000,2.752000,0.665000,2.410000,0.580000,2.325000,"Bloomberg BGN, exported by Charlie",estr_eonia_euribor6m_1y5y_bbg_2026-10-05.xlsx
2009-08-03,1.258000,2.838000,0.742000,2.490000,0.657000,2.405000,"Bloomberg BGN, exported by Charlie",estr_eonia_euribor6m_1y5y_bbg_2026-10-05.xlsx
2009-08-04,1.313000,2.872500,0.775000,2.533000,0.690000,2.448000,"Bloomberg BGN, exported by Charlie",estr_eonia_euribor6m_1y5y_bbg_2026-10-05.xlsx
2009-08-05,1.317000,2.919000,0.810000,2.532000,0.725000,2.447000,"Bloomberg BGN, exported by Charlie",estr_eonia_euribor6m_1y5y_bbg_2026-10-05.xlsx
2009-08-06,1.308000,2.902000,0.784000,2.564000,0.699000,2.479000,"Bloomberg BGN, exported by Charlie",estr_eonia_euribor6m_1y5y_bbg_2026-10-05.xlsx
2009-08-07,1.377000,3.028000,0.842000,2.676000,0.757000,2.591000,"Bloomberg BGN, exported by Charlie",estr_eonia_euribor6m_1y5y_bbg_2026-10-05.xlsx
2009-08-10,1.349000,2.960000,0.816000,2.609000,0.731000,2.524000,"Bloomberg BGN, exported by Charlie",estr_eonia_euribor6m_1y5y_bbg_2026-10-05.xlsx
2009-08-11,1.316500,2.936500,0.795000,2.585000,0.710000,2.500000,"Bloomberg BGN, exported by Charlie",estr_eonia_euribor6m_1y5y_bbg_2026-10-05.xlsx
2009-08-12,1.283500,2.910500,0.745000,2.558000,0.660000,2.473000,"Bloomberg BGN, exported by Charlie",estr_eonia_euribor6m_1y5y_bbg_2026-10-05.xlsx
2009-08-13,1.258500,2.869000,0.727000,2.530000,0.642000,2.445000,"Bloomberg BGN, exported by Charlie",estr_eonia_euribor6m_1y5y_bbg_2026-10-05.xlsx
2009-08-14,1.242000,2.808000,0.715000,2.448000,0.630000,2.363000,"Bloomberg BGN, exported by Charlie",estr_eonia_euribor6m_1y5y_bbg_2026-10-05.xlsx
2009-08-17,1.254000,2.814500,0.740000,2.482000,0.655000,2.397000,"Bloomberg BGN, exported by Charlie",estr_eonia_euribor6m_1y5y_bbg_2026-10-05.xlsx
2009-08-18,1.273000,2.813000,0.741000,2.475000,0.656000,2.390000,"Bloomberg BGN, exported by Charlie",estr_eonia_euribor6m_1y5y_bbg_2026-10-05.xlsx
2009-08-19,1.262000,2.783500,0.722000,2.452000,0.637000,2.367000,"Bloomberg BGN, exported by Charlie",estr_eonia_euribor6m_1y5y_bbg_2026-10-05.xlsx
2009-08-20,1.252000,2.765500,0.708000,2.426000,0.623000,2.341000,"Bloomberg BGN, exported by Charlie",estr_eonia_euribor6m_1y5y_bbg_2026-10-05.xlsx
2009-08-21,1.287000,2.853000,0.758000,2.509000,0.673000,2.424000,"Bloomberg BGN, exported by Charlie",estr_eonia_euribor6m_1y5y_bbg_2026-10-05.xlsx
2009-08-24,1.255000,2.795000,0.710000,2.465000,0.625000,2.380000,"Bloomberg BGN, exported by Charlie",estr_eonia_euribor6m_1y5y_bbg_2026-10-05.xlsx
2009-08-25,1.251000,2.776000,0.708000,2.440000,0.623000,2.355000,"Bloomberg BGN, exported by Charlie",estr_eonia_euribor6m_1y5y_bbg_2026-10-05.xlsx
2009-08-26,1.262000,2.749000,0.703000,2.406000,0.618000,2.321000,"Bloomberg BGN, exported by Charlie",estr_eonia_euribor6m_1y5y_bbg_2026-10-05.xlsx
2009-08-27,1.241000,2.775000,0.676000,2.404000,0.591000,2.319000,"Bloomberg BGN, exported by Charlie",estr_eonia_euribor6m_1y5y_bbg_2026-10-05.xlsx
2009-08-28,1.226500,2.759000,0.681000,2.405000,0.596000,2.320000,"Bloomberg BGN, exported by Charlie",estr_eonia_euribor6m_1y5y_bbg_2026-10-05.xlsx
2009-08-31,1.221500,2.748000,0.675000,2.390000,0.590000,2.305000,"Bloomberg BGN, exported by Charlie",estr_eonia_euribor6m_1y5y_bbg_2026-10-05.xlsx
2009-09-01,1.205000,2.719000,0.673000,2.347000,0.588000,2.262000,"Bloomberg BGN, exported by Charlie",estr_eonia_euribor6m_1y5y_bbg_2026-10-05.xlsx
2009-09-02,1.226000,2.715000,0.680000,2.344000,0.595000,2.259000,"Bloomberg BGN, exported by Charlie",estr_eonia_euribor6m_1y5y_bbg_2026-10-05.xlsx
2009-09-03,1.196000,2.723000,0.632000,2.356000,0.547000,2.271000,"Bloomberg BGN, exported by Charlie",estr_eonia_euribor6m_1y5y_bbg_2026-10-05.xlsx
2009-09-04,1.172500,2.732000,0.621000,2.359000,0.536000,2.274000,"Bloomberg BGN, exported by Charlie",estr_eonia_euribor6m_1y5y_bbg_2026-10-05.xlsx
2009-09-07,1.146000,2.706000,0.578000,2.336000,0.493000,2.251000,"Bloomberg BGN, exported by Charlie",estr_eonia_euribor6m_1y5y_bbg_2026-10-05.xlsx
2009-09-08,1.141000,2.705500,0.578000,2.340000,0.493000,2.255000,"Bloomberg BGN, exported by Charlie",estr_eonia_euribor6m_1y5y_bbg_2026-10-05.xlsx
2009-09-09,1.149000,2.774000,0.617000,2.404000,0.532000,2.319000,"Bloomberg BGN, exported by Charlie",estr_eonia_euribor6m_1y5y_bbg_2026-10-05.xlsx
2009-09-10,1.126000,2.717000,0.596000,2.358000,0.511000,2.273000,"Bloomberg BGN, exported by Charlie",estr_eonia_euribor6m_1y5y_bbg_2026-10-05.xlsx
2009-09-11,1.127000,2.678000,0.610000,2.320000,0.525000,2.235000,"Bloomberg BGN, exported by Charlie",estr_eonia_euribor6m_1y5y_bbg_2026-10-05.xlsx
2009-09-14,1.143000,2.708000,0.628000,2.362000,0.543000,2.277000,"Bloomberg BGN, exported by Charlie",estr_eonia_euribor6m_1y5y_bbg_2026-10-05.xlsx
2009-09-15,1.157000,2.735000,0.637000,2.371000,0.552000,2.286000,"Bloomberg BGN, exported by Charlie",estr_eonia_euribor6m_1y5y_bbg_2026-10-05.xlsx
2009-09-16,1.161500,2.765000,0.670000,2.401000,0.585000,2.316000,"Bloomberg BGN, exported by Charlie",estr_eonia_euribor6m_1y5y_bbg_2026-10-05.xlsx
2009-09-17,1.176000,2.793000,0.685000,2.431000,0.600000,2.346000,"Bloomberg BGN, exported by Charlie",estr_eonia_euribor6m_1y5y_bbg_2026-10-05.xlsx
2009-09-18,1.191000,2.803000,0.689000,2.457000,0.604000,2.372000,"Bloomberg BGN, exported by Charlie",estr_eonia_euribor6m_1y5y_bbg_2026-10-05.xlsx
2009-09-21,1.183000,2.794000,0.673000,2.430000,0.588000,2.345000,"Bloomberg BGN, exported by Charlie",estr_eonia_euribor6m_1y5y_bbg_2026-10-05.xlsx
2009-09-22,1.151500,2.799000,0.641000,2.440000,0.556000,2.355000,"Bloomberg BGN, exported by Charlie",estr_eonia_euribor6m_1y5y_bbg_2026-10-05.xlsx
2009-09-23,1.137000,2.779000,0.607000,2.412000,0.522000,2.327000,"Bloomberg BGN, exported by Charlie",estr_eonia_euribor6m_1y5y_bbg_2026-10-05.xlsx
2009-09-24,1.153000,2.726000,0.618000,2.357000,0.533000,2.272000,"Bloomberg BGN, exported by Charlie",estr_eonia_euribor6m_1y5y_bbg_2026-10-05.xlsx
2009-09-25,1.156500,2.704500,0.646000,2.337000,0.561000,2.252000,"Bloomberg BGN, exported by Charlie",estr_eonia_euribor6m_1y5y_bbg_2026-10-05.xlsx
2009-09-28,1.167000,2.698500,0.641000,2.322000,0.556000,2.237000,"Bloomberg BGN, exported by Charlie",estr_eonia_euribor6m_1y5y_bbg_2026-10-05.xlsx
2009-09-29,1.178000,2.705000,0.653000,2.318000,0.568000,2.233000,"Bloomberg BGN, exported by Charlie",estr_eonia_euribor6m_1y5y_bbg_2026-10-05.xlsx
2009-09-30,1.180500,2.711500,0.673000,2.317000,0.588000,2.232000,"Bloomberg BGN, exported by Charlie",estr_eonia_euribor6m_1y5y_bbg_2026-10-05.xlsx
2009-10-01,1.165000,2.651000,0.661000,2.267000,0.576000,2.182000,"Bloomberg BGN, exported by Charlie",estr_eonia_euribor6m_1y5y_bbg_2026-10-05.xlsx
2009-10-02,1.164500,2.648000,0.660000,2.258000,0.575000,2.173000,"Bloomberg BGN, exported by Charlie",estr_eonia_euribor6m_1y5y_bbg_2026-10-05.xlsx
2009-10-05,1.177000,2.659000,0.660000,2.264000,0.575000,2.179000,"Bloomberg BGN, exported by Charlie",estr_eonia_euribor6m_1y5y_bbg_2026-10-05.xlsx
2009-10-06,1.170000,2.676000,0.670000,2.284000,0.585000,2.199000,"Bloomberg BGN, exported by Charlie",estr_eonia_euribor6m_1y5y_bbg_2026-10-05.xlsx
2009-10-07,1.192000,2.635000,0.717000,2.270000,0.632000,2.185000,"Bloomberg BGN, exported by Charlie",estr_eonia_euribor6m_1y5y_bbg_2026-10-05.xlsx
2009-10-08,1.227000,2.680000,0.747000,2.270000,0.662000,2.185000,"Bloomberg BGN, exported by Charlie",estr_eonia_euribor6m_1y5y_bbg_2026-10-05.xlsx
2009-10-09,1.267000,2.723000,0.795000,2.345000,0.710000,2.260000,"Bloomberg BGN, exported by Charlie",estr_eonia_euribor6m_1y5y_bbg_2026-10-05.xlsx
2009-10-12,1.254000,2.696000,0.768000,2.315000,0.683000,2.230000,"Bloomberg BGN, exported by Charlie",estr_eonia_euribor6m_1y5y_bbg_2026-10-05.xlsx
2009-10-13,1.238000,2.662000,0.756000,2.269000,0.671000,2.184000,"Bloomberg BGN, exported by Charlie",estr_eonia_euribor6m_1y5y_bbg_2026-10-05.xlsx
2009-10-14,1.260000,2.744000,0.782000,2.329500,0.697000,2.244500,"Bloomberg BGN, exported by Charlie",estr_eonia_euribor6m_1y5y_bbg_2026-10-05.xlsx
2009-10-15,1.283500,2.795000,0.815500,2.383000,0.730500,2.298000,"Bloomberg BGN, exported by Charlie",estr_eonia_euribor6m_1y5y_bbg_2026-10-05.xlsx
2009-10-16,1.286000,2.796000,0.814000,2.402000,0.729000,2.317000,"Bloomberg BGN, exported by Charlie",estr_eonia_euribor6m_1y5y_bbg_2026-10-05.xlsx
2009-10-19,1.300000,2.788000,0.819000,2.391000,0.734000,2.306000,"Bloomberg BGN, exported by Charlie",estr_eonia_euribor6m_1y5y_bbg_2026-10-05.xlsx
2009-10-20,1.268500,2.743000,0.799000,2.341000,0.714000,2.256000,"Bloomberg BGN, exported by Charlie",estr_eonia_euribor6m_1y5y_bbg_2026-10-05.xlsx
2009-10-21,1.297000,2.802000,0.810000,2.397000,0.725000,2.312000,"Bloomberg BGN, exported by Charlie",estr_eonia_euribor6m_1y5y_bbg_2026-10-05.xlsx
2009-10-22,1.287000,2.803000,0.790000,2.372000,0.705000,2.287000,"Bloomberg BGN, exported by Charlie",estr_eonia_euribor6m_1y5y_bbg_2026-10-05.xlsx
2009-10-23,1.277000,2.841000,0.794000,2.404000,0.709000,2.319000,"Bloomberg BGN, exported by Charlie",estr_eonia_euribor6m_1y5y_bbg_2026-10-05.xlsx
2009-10-26,1.270500,2.851000,0.778000,2.405000,0.693000,2.320000,"Bloomberg BGN, exported by Charlie",estr_eonia_euribor6m_1y5y_bbg_2026-10-05.xlsx
2009-10-27,1.228500,2.774000,0.730000,2.327000,0.645000,2.242000,"Bloomberg BGN, exported by Charlie",estr_eonia_euribor6m_1y5y_bbg_2026-10-05.xlsx
2009-10-28,1.199000,2.764000,0.715000,2.310000,0.630000,2.225000,"Bloomberg BGN, exported by Charlie",estr_eonia_euribor6m_1y5y_bbg_2026-10-05.xlsx
2009-10-29,1.271000,2.835000,0.781000,2.389000,0.696000,2.304000,"Bloomberg BGN, exported by Charlie",estr_eonia_euribor6m_1y5y_bbg_2026-10-05.xlsx
2009-10-30,1.241500,2.754000,0.766000,2.298000,0.681000,2.213000,"Bloomberg BGN, exported by Charlie",estr_eonia_euribor6m_1y5y_bbg_2026-10-05.xlsx
2009-11-02,1.252000,2.768500,0.767000,2.311000,0.682000,2.226000,"Bloomberg BGN, exported by Charlie",estr_eonia_euribor6m_1y5y_bbg_2026-10-05.xlsx
2009-11-03,1.248000,2.802000,0.768000,2.344000,0.683000,2.259000,"Bloomberg BGN, exported by Charlie",estr_eonia_euribor6m_1y5y_bbg_2026-10-05.xlsx
2009-11-04,1.255000,2.837000,0.773000,2.366000,0.688000,2.281000,"Bloomberg BGN, exported by Charlie",estr_eonia_euribor6m_1y5y_bbg_2026-10-05.xlsx
2009-11-05,1.238500,2.834000,0.750000,2.379000,0.665000,2.294000,"Bloomberg BGN, exported by Charlie",estr_eonia_euribor6m_1y5y_bbg_2026-10-05.xlsx
2009-11-06,1.223000,2.848000,0.716000,2.388000,0.631000,2.303000,"Bloomberg BGN, exported by Charlie",estr_eonia_euribor6m_1y5y_bbg_2026-10-05.xlsx
2009-11-09,1.201000,2.807000,0.710000,2.341000,0.625000,2.256000,"Bloomberg BGN, exported by Charlie",estr_eonia_euribor6m_1y5y_bbg_2026-10-05.xlsx
2009-11-10,1.215000,2.781000,0.716000,2.323000,0.631000,2.238000,"Bloomberg BGN, exported by Charlie",estr_eonia_euribor6m_1y5y_bbg_2026-10-05.xlsx
2009-11-11,1.198000,2.763000,0.693000,2.309000,0.608000,2.224000,"Bloomberg BGN, exported by Charlie",estr_eonia_euribor6m_1y5y_bbg_2026-10-05.xlsx
2009-11-12,1.186000,2.771000,0.684000,2.328000,0.599000,2.243000,"Bloomberg BGN, exported by Charlie",estr_eonia_euribor6m_1y5y_bbg_2026-10-05.xlsx
2009-11-13,1.177000,2.778000,0.682000,2.331000,0.597000,2.246000,"Bloomberg BGN, exported by Charlie",estr_eonia_euribor6m_1y5y_bbg_2026-10-05.xlsx
2009-11-16,1.161000,2.714500,0.670000,2.276000,0.585000,2.191000,"Bloomberg BGN, exported by Charlie",estr_eonia_euribor6m_1y5y_bbg_2026-10-05.xlsx
2009-11-17,1.173000,2.716000,0.693000,2.265000,0.608000,2.180000,"Bloomberg BGN, exported by Charlie",estr_eonia_euribor6m_1y5y_bbg_2026-10-05.xlsx
2009-11-18,1.175000,2.714000,0.691000,2.264000,0.606000,2.179000,"Bloomberg BGN, exported by Charlie",estr_eonia_euribor6m_1y5y_bbg_2026-10-05.xlsx
2009-11-19,1.164000,2.712500,0.694000,2.261000,0.609000,2.176000,"Bloomberg BGN, exported by Charlie",estr_eonia_euribor6m_1y5y_bbg_2026-10-05.xlsx
2009-11-20,1.196000,2.734000,0.734000,2.283000,0.649000,2.198000,"Bloomberg BGN, exported by Charlie",estr_eonia_euribor6m_1y5y_bbg_2026-10-05.xlsx
2009-11-23,1.227500,2.752000,0.771000,2.305000,0.686000,2.220000,"Bloomberg BGN, exported by Charlie",estr_eonia_euribor6m_1y5y_bbg_2026-10-05.xlsx
2009-11-24,1.237000,2.731000,0.762000,2.276000,0.677000,2.191000,"Bloomberg BGN, exported by Charlie",estr_eonia_euribor6m_1y5y_bbg_2026-10-05.xlsx
2009-11-25,1.267500,2.741000,0.788000,2.306000,0.703000,2.221000,"Bloomberg BGN, exported by Charlie",estr_eonia_euribor6m_1y5y_bbg_2026-10-05.xlsx
2009-11-26,1.224000,2.665000,0.729000,2.196000,0.644000,2.111000,"Bloomberg BGN, exported by Charlie",estr_eonia_euribor6m_1y5y_bbg_2026-10-05.xlsx
2009-11-27,1.233000,2.672000,0.737000,2.188000,0.652000,2.103000,"Bloomberg BGN, exported by Charlie",estr_eonia_euribor6m_1y5y_bbg_2026-10-05.xlsx
2009-11-30,1.258000,2.667000,0.756000,2.184000,0.671000,2.099000,"Bloomberg BGN, exported by Charlie",estr_eonia_euribor6m_1y5y_bbg_2026-10-05.xlsx
2009-12-01,1.231000,2.651000,0.740000,2.152000,0.655000,2.067000,"Bloomberg BGN, exported by Charlie",estr_eonia_euribor6m_1y5y_bbg_2026-10-05.xlsx
2009-12-02,1.235500,2.669000,0.764000,2.163000,0.679000,2.078000,"Bloomberg BGN, exported by Charlie",estr_eonia_euribor6m_1y5y_bbg_2026-10-05.xlsx
2009-12-03,1.259500,2.672000,0.740000,2.190000,0.655000,2.105000,"Bloomberg BGN, exported by Charlie",estr_eonia_euribor6m_1y5y_bbg_2026-10-05.xlsx
2009-12-04,1.275000,2.728000,0.757000,2.247000,0.672000,2.162000,"Bloomberg BGN, exported by Charlie",estr_eonia_euribor6m_1y5y_bbg_2026-10-05.xlsx
2009-12-07,1.256500,2.688000,0.743000,2.213000,0.658000,2.128000,"Bloomberg BGN, exported by Charlie",estr_eonia_euribor6m_1y5y_bbg_2026-10-05.xlsx
2009-12-08,1.212000,2.647000,0.715000,2.168000,0.630000,2.083000,"Bloomberg BGN, exported by Charlie",estr_eonia_euribor6m_1y5y_bbg_2026-10-05.xlsx
2009-12-09,1.216500,2.634000,0.721000,2.149000,0.636000,2.064000,"Bloomberg BGN, exported by Charlie",estr_eonia_euribor6m_1y5y_bbg_2026-10-05.xlsx
2009-12-10,1.245500,2.667000,0.748000,2.198000,0.663000,2.113000,"Bloomberg BGN, exported by Charlie",estr_eonia_euribor6m_1y5y_bbg_2026-10-05.xlsx
2009-12-11,1.261500,2.680000,0.759000,2.211000,0.674000,2.126000,"Bloomberg BGN, exported by Charlie",estr_eonia_euribor6m_1y5y_bbg_2026-10-05.xlsx
2009-12-14,1.247500,2.680500,0.747000,2.195000,0.662000,2.110000,"Bloomberg BGN, exported by Charlie",estr_eonia_euribor6m_1y5y_bbg_2026-10-05.xlsx
2009-12-15,1.263500,2.693500,0.762000,2.227000,0.677000,2.142000,"Bloomberg BGN, exported by Charlie",estr_eonia_euribor6m_1y5y_bbg_2026-10-05.xlsx
2009-12-16,1.237500,2.666000,0.721000,2.166000,0.636000,2.081000,"Bloomberg BGN, exported by Charlie",estr_eonia_euribor6m_1y5y_bbg_2026-10-05.xlsx
2009-12-17,1.209000,2.607000,0.689000,2.128000,0.604000,2.043000,"Bloomberg BGN, exported by Charlie",estr_eonia_euribor6m_1y5y_bbg_2026-10-05.xlsx
2009-12-18,1.210500,2.609000,0.694000,2.136000,0.609000,2.051000,"Bloomberg BGN, exported by Charlie",estr_eonia_euribor6m_1y5y_bbg_2026-10-05.xlsx
2009-12-21,1.234500,2.647000,0.715000,2.164000,0.630000,2.079000,"Bloomberg BGN, exported by Charlie",estr_eonia_euribor6m_1y5y_bbg_2026-10-05.xlsx
2009-12-22,1.225500,2.672500,0.725000,2.201000,0.640000,2.116000,"Bloomberg BGN, exported by Charlie",estr_eonia_euribor6m_1y5y_bbg_2026-10-05.xlsx
2009-12-23,1.229000,2.722000,0.728000,2.257000,0.643000,2.172000,"Bloomberg BGN, exported by Charlie",estr_eonia_euribor6m_1y5y_bbg_2026-10-05.xlsx
2009-12-24,1.253000,2.721000,0.743000,2.244000,0.658000,2.159000,"Bloomberg BGN, exported by Charlie",estr_eonia_euribor6m_1y5y_bbg_2026-10-05.xlsx
2009-12-25,1.257000,,,,,,"Bloomberg BGN, exported by Charlie",estr_eonia_euribor6m_1y5y_bbg_2026-10-05.xlsx
2009-12-28,1.250500,2.759000,0.727000,2.288000,0.642000,2.203000,"Bloomberg BGN, exported by Charlie",estr_eonia_euribor6m_1y5y_bbg_2026-10-05.xlsx
2009-12-29,1.277500,2.783000,0.778000,2.320000,0.693000,2.235000,"Bloomberg BGN, exported by Charlie",estr_eonia_euribor6m_1y5y_bbg_2026-10-05.xlsx
2009-12-30,1.299500,2.815500,0.794000,2.331000,0.709000,2.246000,"Bloomberg BGN, exported by Charlie",estr_eonia_euribor6m_1y5y_bbg_2026-10-05.xlsx
2009-12-31,1.311000,2.809000,0.803500,2.314000,0.718500,2.229000,"Bloomberg BGN, exported by Charlie",estr_eonia_euribor6m_1y5y_bbg_2026-10-05.xlsx
2010-01-01,1.307000,2.802000,,,,,"Bloomberg BGN, exported by Charlie",estr_eonia_euribor6m_1y5y_bbg_2026-10-05.xlsx
2010-01-04,1.299500,2.805750,0.790000,2.327000,0.705000,2.242000,"Bloomberg BGN, exported by Charlie",estr_eonia_euribor6m_1y5y_bbg_2026-10-05.xlsx
2010-01-05,1.266500,2.761000,0.755000,2.274000,0.670000,2.189000,"Bloomberg BGN, exported by Charlie",estr_eonia_euribor6m_1y5y_bbg_2026-10-05.xlsx
2010-01-06,1.274500,2.768000,0.750000,2.282000,0.665000,2.197000,"Bloomberg BGN, exported by Charlie",estr_eonia_euribor6m_1y5y_bbg_2026-10-05.xlsx
2010-01-07,1.256000,2.786000,0.744000,2.266000,0.659000,2.181000,"Bloomberg BGN, exported by Charlie",estr_eonia_euribor6m_1y5y_bbg_2026-10-05.xlsx
2010-01-08,1.244500,2.735000,0.728000,2.265000,0.643000,2.180000,"Bloomberg BGN, exported by Charlie",estr_eonia_euribor6m_1y5y_bbg_2026-10-05.xlsx
2010-01-11,1.235000,2.695000,0.732000,2.233000,0.647000,2.148000,"Bloomberg BGN, exported by Charlie",estr_eonia_euribor6m_1y5y_bbg_2026-10-05.xlsx
2010-01-12,1.223500,2.685250,0.724000,2.223000,0.639000,2.138000,"Bloomberg BGN, exported by Charlie",estr_eonia_euribor6m_1y5y_bbg_2026-10-05.xlsx
2010-01-13,1.229000,2.692500,0.733000,2.227000,0.648000,2.142000,"Bloomberg BGN, exported by Charlie",estr_eonia_euribor6m_1y5y_bbg_2026-10-05.xlsx
2010-01-14,1.205000,2.659500,0.697500,2.218000,0.612500,2.133000,"Bloomberg BGN, exported by Charlie",estr_eonia_euribor6m_1y5y_bbg_2026-10-05.xlsx
2010-01-15,1.192000,2.640000,0.677000,2.181000,0.592000,2.096000,"Bloomberg BGN, exported by Charlie",estr_eonia_euribor6m_1y5y_bbg_2026-10-05.xlsx
2010-01-18,1.185000,2.630000,0.673500,2.169000,0.588500,2.084000,"Bloomberg BGN, exported by Charlie",estr_eonia_euribor6m_1y5y_bbg_2026-10-05.xlsx
2010-01-19,1.214500,2.654000,0.706000,2.193000,0.621000,2.108000,"Bloomberg BGN, exported by Charlie",estr_eonia_euribor6m_1y5y_bbg_2026-10-05.xlsx
2010-01-20,1.207500,2.627000,0.698000,2.164000,0.613000,2.079000,"Bloomberg BGN, exported by Charlie",estr_eonia_euribor6m_1y5y_bbg_2026-10-05.xlsx
2010-01-21,1.178500,2.601000,0.667000,2.144000,0.582000,2.059000,"Bloomberg BGN, exported by Charlie",estr_eonia_euribor6m_1y5y_bbg_2026-10-05.xlsx
2010-01-22,1.184500,2.590000,0.664000,2.160000,0.579000,2.075000,"Bloomberg BGN, exported by Charlie",estr_eonia_euribor6m_1y5y_bbg_2026-10-05.xlsx
2010-01-25,1.182000,2.592000,0.663000,2.144000,0.578000,2.059000,"Bloomberg BGN, exported by Charlie",estr_eonia_euribor6m_1y5y_bbg_2026-10-05.xlsx
2010-01-26,1.191500,2.591500,0.681000,2.138000,0.596000,2.053000,"Bloomberg BGN, exported by Charlie",estr_eonia_euribor6m_1y5y_bbg_2026-10-05.xlsx
2010-01-27,1.222500,2.622750,0.719000,2.147000,0.634000,2.062000,"Bloomberg BGN, exported by Charlie",estr_eonia_euribor6m_1y5y_bbg_2026-10-05.xlsx
2010-01-28,1.195500,2.613250,0.706000,2.175000,0.621000,2.090000,"Bloomberg BGN, exported by Charlie",estr_eonia_euribor6m_1y5y_bbg_2026-10-05.xlsx
2010-01-29,1.199500,2.588250,0.686000,2.130000,0.601000,2.045000,"Bloomberg BGN, exported by Charlie",estr_eonia_euribor6m_1y5y_bbg_2026-10-05.xlsx
2010-02-01,1.215500,2.609500,0.701000,2.130000,0.616000,2.045000,"Bloomberg BGN, exported by Charlie",estr_eonia_euribor6m_1y5y_bbg_2026-10-05.xlsx
2010-02-02,1.221500,2.595500,0.708000,2.129000,0.623000,2.044000,"Bloomberg BGN, exported by Charlie",estr_eonia_euribor6m_1y5y_bbg_2026-10-05.xlsx
2010-02-03,1.222000,2.621000,0.716000,2.143000,0.631000,2.058000,"Bloomberg BGN, exported by Charlie",estr_eonia_euribor6m_1y5y_bbg_2026-10-05.xlsx
2010-02-04,1.190500,2.536000,0.662000,2.054000,0.577000,1.969000,"Bloomberg BGN, exported by Charlie",estr_eonia_euribor6m_1y5y_bbg_2026-10-05.xlsx
2010-02-05,1.171000,2.505000,0.644000,2.007000,0.559000,1.922000,"Bloomberg BGN, exported by Charlie",estr_eonia_euribor6m_1y5y_bbg_2026-10-05.xlsx
2010-02-08,1.195500,2.515000,0.662000,2.051000,0.577000,1.966000,"Bloomberg BGN, exported by Charlie",estr_eonia_euribor6m_1y5y_bbg_2026-10-05.xlsx
2010-02-09,1.195500,2.551000,0.665000,2.066000,0.580000,1.981000,"Bloomberg BGN, exported by Charlie",estr_eonia_euribor6m_1y5y_bbg_2026-10-05.xlsx
2010-02-10,1.190500,2.569000,0.665000,2.088000,0.580000,2.003000,"Bloomberg BGN, exported by Charlie",estr_eonia_euribor6m_1y5y_bbg_2026-10-05.xlsx
2010-02-11,1.162500,2.554000,0.636000,2.087000,0.551000,2.002000,"Bloomberg BGN, exported by Charlie",estr_eonia_euribor6m_1y5y_bbg_2026-10-05.xlsx
2010-02-12,1.146750,2.532750,0.613000,2.044000,0.528000,1.959000,"Bloomberg BGN, exported by Charlie",estr_eonia_euribor6m_1y5y_bbg_2026-10-05.xlsx
2010-02-15,1.141500,2.535000,0.605000,2.049000,0.520000,1.964000,"Bloomberg BGN, exported by Charlie",estr_eonia_euribor6m_1y5y_bbg_2026-10-05.xlsx
2010-02-16,1.140000,2.519500,0.608000,2.052000,0.523000,1.967000,"Bloomberg BGN, exported by Charlie",estr_eonia_euribor6m_1y5y_bbg_2026-10-05.xlsx
2010-02-17,1.129000,2.533000,0.605000,2.044000,0.520000,1.959000,"Bloomberg BGN, exported by Charlie",estr_eonia_euribor6m_1y5y_bbg_2026-10-05.xlsx
2010-02-18,1.132000,2.535500,0.615000,2.060000,0.530000,1.975000,"Bloomberg BGN, exported by Charlie",estr_eonia_euribor6m_1y5y_bbg_2026-10-05.xlsx
2010-02-19,1.153500,2.575000,0.632000,2.098000,0.547000,2.013000,"Bloomberg BGN, exported by Charlie",estr_eonia_euribor6m_1y5y_bbg_2026-10-05.xlsx
2010-02-22,1.153000,2.560500,0.626000,2.070000,0.541000,1.985000,"Bloomberg BGN, exported by Charlie",estr_eonia_euribor6m_1y5y_bbg_2026-10-05.xlsx
2010-02-23,1.125250,2.467500,0.605000,1.983000,0.520000,1.898000,"Bloomberg BGN, exported by Charlie",estr_eonia_euribor6m_1y5y_bbg_2026-10-05.xlsx
2010-02-24,1.111500,2.445000,0.573000,1.954000,0.488000,1.869000,"Bloomberg BGN, exported by Charlie",estr_eonia_euribor6m_1y5y_bbg_2026-10-05.xlsx
2010-02-25,1.093500,2.441000,0.564000,1.952000,0.479000,1.867000,"Bloomberg BGN, exported by Charlie",estr_eonia_euribor6m_1y5y_bbg_2026-10-05.xlsx
2010-02-26,1.089750,2.447000,0.567000,1.948000,0.482000,1.863000,"Bloomberg BGN, exported by Charlie",estr_eonia_euribor6m_1y5y_bbg_2026-10-05.xlsx
2010-03-01,1.102000,2.442500,0.577000,1.952000,0.492000,1.867000,"Bloomberg BGN, exported by Charlie",estr_eonia_euribor6m_1y5y_bbg_2026-10-05.xlsx
2010-03-02,1.104000,2.448000,0.579000,1.955000,0.494000,1.870000,"Bloomberg BGN, exported by Charlie",estr_eonia_euribor6m_1y5y_bbg_2026-10-05.xlsx
2010-03-03,1.113000,2.471250,0.593000,1.974000,0.508000,1.889000,"Bloomberg BGN, exported by Charlie",estr_eonia_euribor6m_1y5y_bbg_2026-10-05.xlsx
2010-03-04,1.114500,2.458500,0.593000,1.971000,0.508000,1.886000,"Bloomberg BGN, exported by Charlie",estr_eonia_euribor6m_1y5y_bbg_2026-10-05.xlsx
2010-03-05,1.133500,2.465000,0.601000,1.970000,0.516000,1.885000,"Bloomberg BGN, exported by Charlie",estr_eonia_euribor6m_1y5y_bbg_2026-10-05.xlsx
2010-03-08,1.134000,2.482000,0.600000,1.964000,0.515000,1.879000,"Bloomberg BGN, exported by Charlie",estr_eonia_euribor6m_1y5y_bbg_2026-10-05.xlsx
2010-03-09,1.125000,2.454250,0.597000,1.953000,0.512000,1.868000,"Bloomberg BGN, exported by Charlie",estr_eonia_euribor6m_1y5y_bbg_2026-10-05.xlsx
2010-03-10,1.126500,2.453000,0.615000,1.961000,0.530000,1.876000,"Bloomberg BGN, exported by Charlie",estr_eonia_euribor6m_1y5y_bbg_2026-10-05.xlsx
2010-03-11,1.138000,2.491250,0.631000,2.002000,0.546000,1.917000,"Bloomberg BGN, exported by Charlie",estr_eonia_euribor6m_1y5y_bbg_2026-10-05.xlsx
2010-03-12,1.152000,2.497500,0.652000,1.999000,0.567000,1.914000,"Bloomberg BGN, exported by Charlie",estr_eonia_euribor6m_1y5y_bbg_2026-10-05.xlsx
2010-03-15,1.138000,2.483880,0.633000,1.991000,0.548000,1.906000,"Bloomberg BGN, exported by Charlie",estr_eonia_euribor6m_1y5y_bbg_2026-10-05.xlsx
2010-03-16,1.132500,2.411750,0.628000,1.964000,0.543000,1.879000,"Bloomberg BGN, exported by Charlie",estr_eonia_euribor6m_1y5y_bbg_2026-10-05.xlsx
2010-03-17,1.114000,2.431500,0.631000,1.956000,0.546000,1.871000,"Bloomberg BGN, exported by Charlie",estr_eonia_euribor6m_1y5y_bbg_2026-10-05.xlsx
2010-03-18,1.125000,2.449000,0.641000,1.972000,0.556000,1.887000,"Bloomberg BGN, exported by Charlie",estr_eonia_euribor6m_1y5y_bbg_2026-10-05.xlsx
2010-03-19,1.128000,2.456750,0.655000,1.976000,0.570000,1.891000,"Bloomberg BGN, exported by Charlie",estr_eonia_euribor6m_1y5y_bbg_2026-10-05.xlsx
2010-03-22,1.111000,2.417750,0.620000,1.943000,0.535000,1.858000,"Bloomberg BGN, exported by Charlie",estr_eonia_euribor6m_1y5y_bbg_2026-10-05.xlsx
2010-03-23,1.086500,2.399000,0.621000,1.928000,0.536000,1.843000,"Bloomberg BGN, exported by Charlie",estr_eonia_euribor6m_1y5y_bbg_2026-10-05.xlsx
2010-03-24,1.086000,2.424500,0.625000,1.966000,0.540000,1.881000,"Bloomberg BGN, exported by Charlie",estr_eonia_euribor6m_1y5y_bbg_2026-10-05.xlsx
2010-03-25,1.085000,2.454500,0.619000,2.018000,0.534000,1.933000,"Bloomberg BGN, exported by Charlie",estr_eonia_euribor6m_1y5y_bbg_2026-10-05.xlsx
2010-03-26,1.094000,2.448130,0.617000,2.005000,0.532000,1.920000,"Bloomberg BGN, exported by Charlie",estr_eonia_euribor6m_1y5y_bbg_2026-10-05.xlsx
2010-03-29,1.102500,2.440500,0.619000,2.004000,0.534000,1.919000,"Bloomberg BGN, exported by Charlie",estr_eonia_euribor6m_1y5y_bbg_2026-10-05.xlsx
2010-03-30,1.103000,2.408000,0.623000,1.945000,0.538000,1.860000,"Bloomberg BGN, exported by Charlie",estr_eonia_euribor6m_1y5y_bbg_2026-10-05.xlsx
2010-03-31,1.085000,2.388500,0.633000,1.936000,0.548000,1.851000,"Bloomberg BGN, exported by Charlie",estr_eonia_euribor6m_1y5y_bbg_2026-10-05.xlsx
2010-04-01,1.102000,2.393000,0.657000,1.921000,0.572000,1.836000,"Bloomberg BGN, exported by Charlie",estr_eonia_euribor6m_1y5y_bbg_2026-10-05.xlsx
2010-04-02,1.114000,2.396000,,,,,"Bloomberg BGN, exported by Charlie",estr_eonia_euribor6m_1y5y_bbg_2026-10-05.xlsx
2010-04-05,1.114000,2.396000,,,,,"Bloomberg BGN, exported by Charlie",estr_eonia_euribor6m_1y5y_bbg_2026-10-05.xlsx
2010-04-06,1.137000,2.446500,0.680000,2.011000,0.595000,1.926000,"Bloomberg BGN, exported by Charlie",estr_eonia_euribor6m_1y5y_bbg_2026-10-05.xlsx
2010-04-07,1.105500,2.389000,0.641000,1.953000,0.556000,1.868000,"Bloomberg BGN, exported by Charlie",estr_eonia_euribor6m_1y5y_bbg_2026-10-05.xlsx
2010-04-08,1.095500,2.428500,0.633000,1.957000,0.548000,1.872000,"Bloomberg BGN, exported by Charlie",estr_eonia_euribor6m_1y5y_bbg_2026-10-05.xlsx
2010-04-09,1.118000,2.449880,0.659500,1.989000,0.574500,1.904000,"Bloomberg BGN, exported by Charlie",estr_eonia_euribor6m_1y5y_bbg_2026-10-05.xlsx
2010-04-12,1.139500,2.450750,0.676000,1.999000,0.591000,1.914000,"Bloomberg BGN, exported by Charlie",estr_eonia_euribor6m_1y5y_bbg_2026-10-05.xlsx
2010-04-13,1.121500,2.426500,0.667000,1.967000,0.582000,1.882000,"Bloomberg BGN, exported by Charlie",estr_eonia_euribor6m_1y5y_bbg_2026-10-05.xlsx
2010-04-14,1.125000,2.425000,0.648000,1.950000,0.563000,1.865000,"Bloomberg BGN, exported by Charlie",estr_eonia_euribor6m_1y5y_bbg_2026-10-05.xlsx
2010-04-15,1.122000,2.411000,0.655000,1.950000,0.570000,1.865000,"Bloomberg BGN, exported by Charlie",estr_eonia_euribor6m_1y5y_bbg_2026-10-05.xlsx
2010-04-16,1.084500,2.364000,0.625000,1.910000,0.540000,1.825000,"Bloomberg BGN, exported by Charlie",estr_eonia_euribor6m_1y5y_bbg_2026-10-05.xlsx
2010-04-19,1.078500,2.365000,0.614000,1.908000,0.529000,1.823000,"Bloomberg BGN, exported by Charlie",estr_eonia_euribor6m_1y5y_bbg_2026-10-05.xlsx
2010-04-20,1.091000,2.385630,0.635000,1.924000,0.550000,1.839000,"Bloomberg BGN, exported by Charlie",estr_eonia_euribor6m_1y5y_bbg_2026-10-05.xlsx
2010-04-21,1.086000,2.365500,0.634000,1.902000,0.549000,1.817000,"Bloomberg BGN, exported by Charlie",estr_eonia_euribor6m_1y5y_bbg_2026-10-05.xlsx
2010-04-22,1.096500,2.377000,0.644000,1.907000,0.559000,1.822000,"Bloomberg BGN, exported by Charlie",estr_eonia_euribor6m_1y5y_bbg_2026-10-05.xlsx
2010-04-23,1.116000,2.379000,0.655000,1.918000,0.570000,1.833000,"Bloomberg BGN, exported by Charlie",estr_eonia_euribor6m_1y5y_bbg_2026-10-05.xlsx
2010-04-26,1.120000,2.366250,0.643000,1.916000,0.558000,1.831000,"Bloomberg BGN, exported by Charlie",estr_eonia_euribor6m_1y5y_bbg_2026-10-05.xlsx
2010-04-27,1.126500,2.284500,0.666000,1.834000,0.581000,1.749000,"Bloomberg BGN, exported by Charlie",estr_eonia_euribor6m_1y5y_bbg_2026-10-05.xlsx
2010-04-28,1.123000,2.305750,0.638000,1.807000,0.553000,1.722000,"Bloomberg BGN, exported by Charlie",estr_eonia_euribor6m_1y5y_bbg_2026-10-05.xlsx
2010-04-29,1.126000,2.313750,0.629000,1.816000,0.544000,1.731000,"Bloomberg BGN, exported by Charlie",estr_eonia_euribor6m_1y5y_bbg_2026-10-05.xlsx
2010-04-30,1.135000,2.320000,0.664000,1.822000,0.579000,1.737000,"Bloomberg BGN, exported by Charlie",estr_eonia_euribor6m_1y5y_bbg_2026-10-05.xlsx
2010-05-03,1.148500,2.343500,0.655000,1.858000,0.570000,1.773000,"Bloomberg BGN, exported by Charlie",estr_eonia_euribor6m_1y5y_bbg_2026-10-05.xlsx
2010-05-04,1.125000,2.283750,0.610000,1.766000,0.525000,1.681000,"Bloomberg BGN, exported by Charlie",estr_eonia_euribor6m_1y5y_bbg_2026-10-05.xlsx
2010-05-05,1.083000,2.201000,0.539000,1.695000,0.454000,1.610000,"Bloomberg BGN, exported by Charlie",estr_eonia_euribor6m_1y5y_bbg_2026-10-05.xlsx
2010-05-06,1.091500,2.115500,0.548000,1.664000,0.463000,1.579000,"Bloomberg BGN, exported by Charlie",estr_eonia_euribor6m_1y5y_bbg_2026-10-05.xlsx
2010-05-07,1.125000,2.185000,0.542000,1.668000,0.457000,1.583000,"Bloomberg BGN, exported by Charlie",estr_eonia_euribor6m_1y5y_bbg_2026-10-05.xlsx
2010-05-10,1.074000,2.253000,0.544000,1.735000,0.459000,1.650000,"Bloomberg BGN, exported by Charlie",estr_eonia_euribor6m_1y5y_bbg_2026-10-05.xlsx
2010-05-11,1.081000,2.241000,0.523000,1.719000,0.438000,1.634000,"Bloomberg BGN, exported by Charlie",estr_eonia_euribor6m_1y5y_bbg_2026-10-05.xlsx
2010-05-12,1.063500,2.242000,0.497000,1.708000,0.412000,1.623000,"Bloomberg BGN, exported by Charlie",estr_eonia_euribor6m_1y5y_bbg_2026-10-05.xlsx
2010-05-13,1.046500,2.185000,0.498000,1.703000,0.413000,1.618000,"Bloomberg BGN, exported by Charlie",estr_eonia_euribor6m_1y5y_bbg_2026-10-05.xlsx
2010-05-14,1.081000,2.166000,0.500000,1.654000,0.415000,1.569000,"Bloomberg BGN, exported by Charlie",estr_eonia_euribor6m_1y5y_bbg_2026-10-05.xlsx
2010-05-17,1.079500,2.210000,0.517000,1.664000,0.432000,1.579000,"Bloomberg BGN, exported by Charlie",estr_eonia_euribor6m_1y5y_bbg_2026-10-05.xlsx
2010-05-18,1.059500,2.091000,0.517000,1.587000,0.432000,1.502000,"Bloomberg BGN, exported by Charlie",estr_eonia_euribor6m_1y5y_bbg_2026-10-05.xlsx
2010-05-19,1.077500,2.137750,0.506000,1.630000,0.421000,1.545000,"Bloomberg BGN, exported by Charlie",estr_eonia_euribor6m_1y5y_bbg_2026-10-05.xlsx
2010-05-20,1.084000,2.087000,0.506000,1.562000,0.421000,1.477000,"Bloomberg BGN, exported by Charlie",estr_eonia_euribor6m_1y5y_bbg_2026-10-05.xlsx
2010-05-21,1.109000,2.120000,0.533000,1.559000,0.448000,1.474000,"Bloomberg BGN, exported by Charlie",estr_eonia_euribor6m_1y5y_bbg_2026-10-05.xlsx
2010-05-24,1.130000,2.126000,0.543000,1.559000,0.458000,1.474000,"Bloomberg BGN, exported by Charlie",estr_eonia_euribor6m_1y5y_bbg_2026-10-05.xlsx
2010-05-25,1.124500,2.059000,0.510000,1.512000,0.425000,1.427000,"Bloomberg BGN, exported by Charlie",estr_eonia_euribor6m_1y5y_bbg_2026-10-05.xlsx
2010-05-26,1.109500,2.058500,0.524000,1.519000,0.439000,1.434000,"Bloomberg BGN, exported by Charlie",estr_eonia_euribor6m_1y5y_bbg_2026-10-05.xlsx
2010-05-27,1.120500,2.134250,0.530000,1.583000,0.445000,1.498000,"Bloomberg BGN, exported by Charlie",estr_eonia_euribor6m_1y5y_bbg_2026-10-05.xlsx
2010-05-28,1.136000,2.110000,0.543000,1.566000,0.458000,1.481000,"Bloomberg BGN, exported by Charlie",estr_eonia_euribor6m_1y5y_bbg_2026-10-05.xlsx
2010-05-31,1.114500,2.125000,0.534500,1.581000,0.449500,1.496000,"Bloomberg BGN, exported by Charlie",estr_eonia_euribor6m_1y5y_bbg_2026-10-05.xlsx
2010-06-01,1.136500,2.126000,0.540000,1.596000,0.455000,1.511000,"Bloomberg BGN, exported by Charlie",estr_eonia_euribor6m_1y5y_bbg_2026-10-05.xlsx
2010-06-02,1.133000,2.134250,0.542000,1.580000,0.457000,1.495000,"Bloomberg BGN, exported by Charlie",estr_eonia_euribor6m_1y5y_bbg_2026-10-05.xlsx
2010-06-03,1.124000,2.151000,0.529000,1.609000,0.444000,1.524000,"Bloomberg BGN, exported by Charlie",estr_eonia_euribor6m_1y5y_bbg_2026-10-05.xlsx
2010-06-04,1.098500,2.112000,0.512000,1.560000,0.427000,1.475000,"Bloomberg BGN, exported by Charlie",estr_eonia_euribor6m_1y5y_bbg_2026-10-05.xlsx
2010-06-07,1.086000,2.084750,0.493000,1.556000,0.408000,1.471000,"Bloomberg BGN, exported by Charlie",estr_eonia_euribor6m_1y5y_bbg_2026-10-05.xlsx
2010-06-08,1.056500,2.072500,0.476000,1.518000,0.391000,1.433000,"Bloomberg BGN, exported by Charlie",estr_eonia_euribor6m_1y5y_bbg_2026-10-05.xlsx
2010-06-09,1.076000,2.067000,0.492000,1.530500,0.407000,1.445500,"Bloomberg BGN, exported by Charlie",estr_eonia_euribor6m_1y5y_bbg_2026-10-05.xlsx
2010-06-10,1.085000,2.134000,0.495000,1.555000,0.410000,1.470000,"Bloomberg BGN, exported by Charlie",estr_eonia_euribor6m_1y5y_bbg_2026-10-05.xlsx
2010-06-11,1.070000,2.064000,0.493000,1.500000,0.408000,1.415000,"Bloomberg BGN, exported by Charlie",estr_eonia_euribor6m_1y5y_bbg_2026-10-05.xlsx
2010-06-14,1.090500,2.054250,0.518000,1.531000,0.433000,1.446000,"Bloomberg BGN, exported by Charlie",estr_eonia_euribor6m_1y5y_bbg_2026-10-05.xlsx
2010-06-15,1.114000,2.109250,0.529500,1.549000,0.444500,1.464000,"Bloomberg BGN, exported by Charlie",estr_eonia_euribor6m_1y5y_bbg_2026-10-05.xlsx
2010-06-16,1.101000,2.090000,0.528000,1.532500,0.443000,1.447500,"Bloomberg BGN, exported by Charlie",estr_eonia_euribor6m_1y5y_bbg_2026-10-05.xlsx
2010-06-17,1.116500,2.100500,0.532000,1.543000,0.447000,1.458000,"Bloomberg BGN, exported by Charlie",estr_eonia_euribor6m_1y5y_bbg_2026-10-05.xlsx
2010-06-18,1.147000,2.149000,0.563000,1.590000,0.478000,1.505000,"Bloomberg BGN, exported by Charlie",estr_eonia_euribor6m_1y5y_bbg_2026-10-05.xlsx
2010-06-21,1.172500,2.168000,0.612000,1.610000,0.527000,1.525000,"Bloomberg BGN, exported by Charlie",estr_eonia_euribor6m_1y5y_bbg_2026-10-05.xlsx
2010-06-22,1.157000,2.088750,0.578000,1.579000,0.493000,1.494000,"Bloomberg BGN, exported by Charlie",estr_eonia_euribor6m_1y5y_bbg_2026-10-05.xlsx
2010-06-23,1.165000,2.103000,0.594000,1.574000,0.509000,1.489000,"Bloomberg BGN, exported by Charlie",estr_eonia_euribor6m_1y5y_bbg_2026-10-05.xlsx
2010-06-24,1.134000,2.074000,0.583000,1.549000,0.498000,1.464000,"Bloomberg BGN, exported by Charlie",estr_eonia_euribor6m_1y5y_bbg_2026-10-05.xlsx
2010-06-25,1.166500,2.112250,0.614000,1.576000,0.529000,1.491000,"Bloomberg BGN, exported by Charlie",estr_eonia_euribor6m_1y5y_bbg_2026-10-05.xlsx
2010-06-28,1.170000,2.089000,0.613000,1.573000,0.528000,1.488000,"Bloomberg BGN, exported by Charlie",estr_eonia_euribor6m_1y5y_bbg_2026-10-05.xlsx
2010-06-29,1.140500,2.052500,0.586000,1.547000,0.501000,1.462000,"Bloomberg BGN, exported by Charlie",estr_eonia_euribor6m_1y5y_bbg_2026-10-05.xlsx
2010-06-30,1.172000,2.071000,0.637000,1.566000,0.552000,1.481000,"Bloomberg BGN, exported by Charlie",estr_eonia_euribor6m_1y5y_bbg_2026-10-05.xlsx
2010-07-01,1.215000,2.085000,0.677000,1.562000,0.592000,1.477000,"Bloomberg BGN, exported by Charlie",estr_eonia_euribor6m_1y5y_bbg_2026-10-05.xlsx
2010-07-02,1.207500,2.085000,0.660000,1.560000,0.575000,1.475000,"Bloomberg BGN, exported by Charlie",estr_eonia_euribor6m_1y5y_bbg_2026-10-05.xlsx
2010-07-05,1.208500,2.062000,0.640000,1.539000,0.555000,1.454000,"Bloomberg BGN, exported by Charlie",estr_eonia_euribor6m_1y5y_bbg_2026-10-05.xlsx
2010-07-06,1.198000,2.067500,0.664000,1.562000,0.579000,1.477000,"Bloomberg BGN, exported by Charlie",estr_eonia_euribor6m_1y5y_bbg_2026-10-05.xlsx
2010-07-07,1.208500,2.096500,0.699000,1.591000,0.614000,1.506000,"Bloomberg BGN, exported by Charlie",estr_eonia_euribor6m_1y5y_bbg_2026-10-05.xlsx
2010-07-08,1.217000,2.090000,0.749000,1.625000,0.664000,1.540000,"Bloomberg BGN, exported by Charlie",estr_eonia_euribor6m_1y5y_bbg_2026-10-05.xlsx
2010-07-09,1.215000,2.065000,0.744000,1.632000,0.659000,1.547000,"Bloomberg BGN, exported by Charlie",estr_eonia_euribor6m_1y5y_bbg_2026-10-05.xlsx
2010-07-12,1.177000,2.010500,0.681000,1.558000,0.596000,1.473000,"Bloomberg BGN, exported by Charlie",estr_eonia_euribor6m_1y5y_bbg_2026-10-05.xlsx
2010-07-13,1.200000,2.054750,0.717000,1.607000,0.632000,1.522000,"Bloomberg BGN, exported by Charlie",estr_eonia_euribor6m_1y5y_bbg_2026-10-05.xlsx
2010-07-14,1.211500,2.063000,0.710000,1.637000,0.625000,1.552000,"Bloomberg BGN, exported by Charlie",estr_eonia_euribor6m_1y5y_bbg_2026-10-05.xlsx
2010-07-15,1.214000,2.095000,0.739300,1.648000,0.654250,1.563000,"Bloomberg BGN, exported by Charlie",estr_eonia_euribor6m_1y5y_bbg_2026-10-05.xlsx
2010-07-16,1.219500,2.075000,0.752000,1.634000,0.667000,1.549000,"Bloomberg BGN, exported by Charlie",estr_eonia_euribor6m_1y5y_bbg_2026-10-05.xlsx
2010-07-19,1.246500,2.124000,0.778000,1.673000,0.693000,1.588000,"Bloomberg BGN, exported by Charlie",estr_eonia_euribor6m_1y5y_bbg_2026-10-05.xlsx
2010-07-20,1.222000,2.106380,0.741000,1.653500,0.656000,1.568500,"Bloomberg BGN, exported by Charlie",estr_eonia_euribor6m_1y5y_bbg_2026-10-05.xlsx
2010-07-21,1.191500,2.048750,0.695000,1.624000,0.610000,1.539000,"Bloomberg BGN, exported by Charlie",estr_eonia_euribor6m_1y5y_bbg_2026-10-05.xlsx
2010-07-22,1.177500,2.079500,0.686000,1.634000,0.601000,1.549000,"Bloomberg BGN, exported by Charlie",estr_eonia_euribor6m_1y5y_bbg_2026-10-05.xlsx
2010-07-23,1.200000,2.186000,0.732000,1.686000,0.647000,1.601000,"Bloomberg BGN, exported by Charlie",estr_eonia_euribor6m_1y5y_bbg_2026-10-05.xlsx
2010-07-26,1.245500,2.202000,0.742000,1.747000,0.657000,1.662000,"Bloomberg BGN, exported by Charlie",estr_eonia_euribor6m_1y5y_bbg_2026-10-05.xlsx
2010-07-27,1.249000,2.224000,0.750000,1.773000,0.665000,1.688000,"Bloomberg BGN, exported by Charlie",estr_eonia_euribor6m_1y5y_bbg_2026-10-05.xlsx
2010-07-28,1.240500,2.178000,0.741000,1.743500,0.656000,1.658500,"Bloomberg BGN, exported by Charlie",estr_eonia_euribor6m_1y5y_bbg_2026-10-05.xlsx
2010-07-29,1.227000,2.168000,0.728000,1.712000,0.643000,1.627000,"Bloomberg BGN, exported by Charlie",estr_eonia_euribor6m_1y5y_bbg_2026-10-05.xlsx
2010-07-30,1.207000,2.141000,0.709000,1.701000,0.624000,1.616000,"Bloomberg BGN, exported by Charlie",estr_eonia_euribor6m_1y5y_bbg_2026-10-05.xlsx
2010-08-02,1.209000,2.166500,0.716000,1.723000,0.631000,1.638000,"Bloomberg BGN, exported by Charlie",estr_eonia_euribor6m_1y5y_bbg_2026-10-05.xlsx
2010-08-03,1.203500,2.102000,0.714000,1.658000,0.629000,1.573000,"Bloomberg BGN, exported by Charlie",estr_eonia_euribor6m_1y5y_bbg_2026-10-05.xlsx
2010-08-04,1.231000,2.088000,0.726000,1.641000,0.641000,1.556000,"Bloomberg BGN, exported by Charlie",estr_eonia_euribor6m_1y5y_bbg_2026-10-05.xlsx
2010-08-05,1.244000,2.068000,0.752000,1.632000,0.667000,1.547000,"Bloomberg BGN, exported by Charlie",estr_eonia_euribor6m_1y5y_bbg_2026-10-05.xlsx
2010-08-06,1.247000,2.028000,0.761000,1.597000,0.676000,1.512000,"Bloomberg BGN, exported by Charlie",estr_eonia_euribor6m_1y5y_bbg_2026-10-05.xlsx
2010-08-09,1.228500,2.035000,0.748000,1.601000,0.663000,1.516000,"Bloomberg BGN, exported by Charlie",estr_eonia_euribor6m_1y5y_bbg_2026-10-05.xlsx
2010-08-10,1.221000,1.982000,0.715000,1.590000,0.630000,1.505000,"Bloomberg BGN, exported by Charlie",estr_eonia_euribor6m_1y5y_bbg_2026-10-05.xlsx
2010-08-11,1.188500,1.935000,0.670000,1.488000,0.585000,1.403000,"Bloomberg BGN, exported by Charlie",estr_eonia_euribor6m_1y5y_bbg_2026-10-05.xlsx
2010-08-12,1.181000,1.928750,0.639000,1.467000,0.554000,1.382000,"Bloomberg BGN, exported by Charlie",estr_eonia_euribor6m_1y5y_bbg_2026-10-05.xlsx
2010-08-13,1.177000,1.892500,0.629000,1.442000,0.544000,1.357000,"Bloomberg BGN, exported by Charlie",estr_eonia_euribor6m_1y5y_bbg_2026-10-05.xlsx
2010-08-16,1.163000,1.836500,0.617000,1.388000,0.532000,1.303000,"Bloomberg BGN, exported by Charlie",estr_eonia_euribor6m_1y5y_bbg_2026-10-05.xlsx
2010-08-17,1.189000,1.875500,0.645000,1.424000,0.560000,1.339000,"Bloomberg BGN, exported by Charlie",estr_eonia_euribor6m_1y5y_bbg_2026-10-05.xlsx
2010-08-18,1.181000,1.874750,0.651000,1.408000,0.566000,1.323000,"Bloomberg BGN, exported by Charlie",estr_eonia_euribor6m_1y5y_bbg_2026-10-05.xlsx
2010-08-19,1.200000,1.853750,0.657000,1.398000,0.572000,1.313000,"Bloomberg BGN, exported by Charlie",estr_eonia_euribor6m_1y5y_bbg_2026-10-05.xlsx
2010-08-20,1.157500,1.823000,0.600000,1.357000,0.515000,1.272000,"Bloomberg BGN, exported by Charlie",estr_eonia_euribor6m_1y5y_bbg_2026-10-05.xlsx
2010-08-23,1.171000,1.818000,0.602000,1.362000,0.517000,1.277000,"Bloomberg BGN, exported by Charlie",estr_eonia_euribor6m_1y5y_bbg_2026-10-05.xlsx
2010-08-24,1.157000,1.742250,0.590000,1.282000,0.505000,1.197000,"Bloomberg BGN, exported by Charlie",estr_eonia_euribor6m_1y5y_bbg_2026-10-05.xlsx
2010-08-25,1.164000,1.757750,0.600000,1.266000,0.515000,1.181000,"Bloomberg BGN, exported by Charlie",estr_eonia_euribor6m_1y5y_bbg_2026-10-05.xlsx
2010-08-26,1.170000,1.723000,0.604000,1.274000,0.519000,1.189000,"Bloomberg BGN, exported by Charlie",estr_eonia_euribor6m_1y5y_bbg_2026-10-05.xlsx
2010-08-27,1.186000,1.793000,0.625000,1.324000,0.540000,1.239000,"Bloomberg BGN, exported by Charlie",estr_eonia_euribor6m_1y5y_bbg_2026-10-05.xlsx
2010-08-30,1.157500,1.700000,0.607000,1.271000,0.522000,1.186000,"Bloomberg BGN, exported by Charlie",estr_eonia_euribor6m_1y5y_bbg_2026-10-05.xlsx
2010-08-31,1.145500,1.708000,0.584000,1.245000,0.499000,1.160000,"Bloomberg BGN, exported by Charlie",estr_eonia_euribor6m_1y5y_bbg_2026-10-05.xlsx
2010-09-01,1.171000,1.772000,0.600000,1.315000,0.515000,1.230000,"Bloomberg BGN, exported by Charlie",estr_eonia_euribor6m_1y5y_bbg_2026-10-05.xlsx
2010-09-02,1.168500,1.830000,0.610000,1.374000,0.525000,1.289000,"Bloomberg BGN, exported by Charlie",estr_eonia_euribor6m_1y5y_bbg_2026-10-05.xlsx
2010-09-03,1.182000,1.926000,0.625000,1.462000,0.540000,1.377000,"Bloomberg BGN, exported by Charlie",estr_eonia_euribor6m_1y5y_bbg_2026-10-05.xlsx
2010-09-06,1.174500,1.891500,0.618000,1.424000,0.533000,1.339000,"Bloomberg BGN, exported by Charlie",estr_eonia_euribor6m_1y5y_bbg_2026-10-05.xlsx
2010-09-07,1.171000,1.817000,0.606000,1.360000,0.521000,1.275000,"Bloomberg BGN, exported by Charlie",estr_eonia_euribor6m_1y5y_bbg_2026-10-05.xlsx
2010-09-08,1.186000,1.858380,0.613000,1.389000,0.528000,1.304000,"Bloomberg BGN, exported by Charlie",estr_eonia_euribor6m_1y5y_bbg_2026-10-05.xlsx
2010-09-09,1.204500,1.919000,0.654000,1.431000,0.569000,1.346000,"Bloomberg BGN, exported by Charlie",estr_eonia_euribor6m_1y5y_bbg_2026-10-05.xlsx
2010-09-10,1.230000,1.954000,0.667000,1.487000,0.582000,1.402000,"Bloomberg BGN, exported by Charlie",estr_eonia_euribor6m_1y5y_bbg_2026-10-05.xlsx
2010-09-13,1.241000,1.960000,0.683000,1.496000,0.598000,1.411000,"Bloomberg BGN, exported by Charlie",estr_eonia_euribor6m_1y5y_bbg_2026-10-05.xlsx
2010-09-14,1.220000,1.931000,0.678000,1.465000,0.593000,1.380000,"Bloomberg BGN, exported by Charlie",estr_eonia_euribor6m_1y5y_bbg_2026-10-05.xlsx
2010-09-15,1.249000,1.998000,0.710000,1.513000,0.625000,1.428000,"Bloomberg BGN, exported by Charlie",estr_eonia_euribor6m_1y5y_bbg_2026-10-05.xlsx
2010-09-16,1.247000,2.040500,0.732000,1.581000,0.647000,1.496000,"Bloomberg BGN, exported by Charlie",estr_eonia_euribor6m_1y5y_bbg_2026-10-05.xlsx
2010-09-17,1.253000,2.020000,0.731000,1.543000,0.646000,1.458000,"Bloomberg BGN, exported by Charlie",estr_eonia_euribor6m_1y5y_bbg_2026-10-05.xlsx
2010-09-20,1.250000,2.044000,0.737000,1.599000,0.652000,1.514000,"Bloomberg BGN, exported by Charlie",estr_eonia_euribor6m_1y5y_bbg_2026-10-05.xlsx
2010-09-21,1.261000,1.990000,0.720000,1.589000,0.635000,1.504000,"Bloomberg BGN, exported by Charlie",estr_eonia_euribor6m_1y5y_bbg_2026-10-05.xlsx
2010-09-22,1.222000,1.972500,0.701000,1.502000,0.616000,1.417000,"Bloomberg BGN, exported by Charlie",estr_eonia_euribor6m_1y5y_bbg_2026-10-05.xlsx
2010-09-23,1.201000,1.931000,0.675000,1.477000,0.590000,1.392000,"Bloomberg BGN, exported by Charlie",estr_eonia_euribor6m_1y5y_bbg_2026-10-05.xlsx
2010-09-24,1.216500,1.975750,0.698000,1.522000,0.613000,1.437000,"Bloomberg BGN, exported by Charlie",estr_eonia_euribor6m_1y5y_bbg_2026-10-05.xlsx
2010-09-27,1.236500,1.929250,0.712000,1.483000,0.627000,1.398000,"Bloomberg BGN, exported by Charlie",estr_eonia_euribor6m_1y5y_bbg_2026-10-05.xlsx
2010-09-28,1.247000,1.921000,0.722000,1.483000,0.637000,1.398000,"Bloomberg BGN, exported by Charlie",estr_eonia_euribor6m_1y5y_bbg_2026-10-05.xlsx
2010-09-29,1.253500,1.943000,0.762000,1.504000,0.677000,1.419000,"Bloomberg BGN, exported by Charlie",estr_eonia_euribor6m_1y5y_bbg_2026-10-05.xlsx
2010-09-30,1.280000,1.967000,0.859000,1.540000,0.774000,1.455000,"Bloomberg BGN, exported by Charlie",estr_eonia_euribor6m_1y5y_bbg_2026-10-05.xlsx
2010-10-01,1.285500,1.978000,0.841000,1.552000,0.756000,1.467000,"Bloomberg BGN, exported by Charlie",estr_eonia_euribor6m_1y5y_bbg_2026-10-05.xlsx
2010-10-04,1.291500,1.939000,0.829000,1.509000,0.744000,1.424000,"Bloomberg BGN, exported by Charlie",estr_eonia_euribor6m_1y5y_bbg_2026-10-05.xlsx
2010-10-05,1.298000,1.958250,0.826000,1.534000,0.741000,1.449000,"Bloomberg BGN, exported by Charlie",estr_eonia_euribor6m_1y5y_bbg_2026-10-05.xlsx
2010-10-06,1.283000,1.921250,0.817000,1.494000,0.732000,1.409000,"Bloomberg BGN, exported by Charlie",estr_eonia_euribor6m_1y5y_bbg_2026-10-05.xlsx
2010-10-07,1.284000,1.938000,0.838000,1.526000,0.753000,1.441000,"Bloomberg BGN, exported by Charlie",estr_eonia_euribor6m_1y5y_bbg_2026-10-05.xlsx
2010-10-08,1.277000,1.935000,0.822000,1.509000,0.737000,1.424000,"Bloomberg BGN, exported by Charlie",estr_eonia_euribor6m_1y5y_bbg_2026-10-05.xlsx
2010-10-11,1.270500,1.915250,0.820000,1.505000,0.735000,1.420000,"Bloomberg BGN, exported by Charlie",estr_eonia_euribor6m_1y5y_bbg_2026-10-05.xlsx
2010-10-12,1.274500,1.937000,0.820000,1.513000,0.735000,1.428000,"Bloomberg BGN, exported by Charlie",estr_eonia_euribor6m_1y5y_bbg_2026-10-05.xlsx
2010-10-13,1.276000,1.904000,0.805000,1.494000,0.720000,1.409000,"Bloomberg BGN, exported by Charlie",estr_eonia_euribor6m_1y5y_bbg_2026-10-05.xlsx
2010-10-14,1.306000,1.957000,0.850500,1.515000,0.765500,1.430000,"Bloomberg BGN, exported by Charlie",estr_eonia_euribor6m_1y5y_bbg_2026-10-05.xlsx
2010-10-15,1.297000,2.005000,0.863000,1.571000,0.778000,1.486000,"Bloomberg BGN, exported by Charlie",estr_eonia_euribor6m_1y5y_bbg_2026-10-05.xlsx
2010-10-18,1.309000,2.013000,0.905000,1.604000,0.820000,1.519000,"Bloomberg BGN, exported by Charlie",estr_eonia_euribor6m_1y5y_bbg_2026-10-05.xlsx
2010-10-19,1.357000,2.036500,0.924000,1.640500,0.839000,1.555500,"Bloomberg BGN, exported by Charlie",estr_eonia_euribor6m_1y5y_bbg_2026-10-05.xlsx
2010-10-20,1.378500,2.086750,0.956000,1.676000,0.871000,1.591000,"Bloomberg BGN, exported by Charlie",estr_eonia_euribor6m_1y5y_bbg_2026-10-05.xlsx
2010-10-21,1.395000,2.136000,0.965000,1.732000,0.880000,1.647000,"Bloomberg BGN, exported by Charlie",estr_eonia_euribor6m_1y5y_bbg_2026-10-05.xlsx
2010-10-22,1.385000,2.126000,0.963000,1.727000,0.878000,1.642000,"Bloomberg BGN, exported by Charlie",estr_eonia_euribor6m_1y5y_bbg_2026-10-05.xlsx
2010-10-25,1.385000,2.130500,0.956000,1.718000,0.871000,1.633000,"Bloomberg BGN, exported by Charlie",estr_eonia_euribor6m_1y5y_bbg_2026-10-05.xlsx
2010-10-26,1.399000,2.168000,0.996500,1.765000,0.911500,1.680000,"Bloomberg BGN, exported by Charlie",estr_eonia_euribor6m_1y5y_bbg_2026-10-05.xlsx
2010-10-27,1.421500,2.198000,0.990000,1.792000,0.905000,1.707000,"Bloomberg BGN, exported by Charlie",estr_eonia_euribor6m_1y5y_bbg_2026-10-05.xlsx
2010-10-28,1.413000,2.202000,0.996000,1.805000,0.911000,1.720000,"Bloomberg BGN, exported by Charlie",estr_eonia_euribor6m_1y5y_bbg_2026-10-05.xlsx
2010-10-29,1.392750,2.154500,0.974500,1.765000,0.889500,1.680000,"Bloomberg BGN, exported by Charlie",estr_eonia_euribor6m_1y5y_bbg_2026-10-05.xlsx
2010-11-01,1.399500,2.147000,0.969000,1.738000,0.884000,1.653000,"Bloomberg BGN, exported by Charlie",estr_eonia_euribor6m_1y5y_bbg_2026-10-05.xlsx
2010-11-02,1.411000,2.144500,0.981000,1.739000,0.896000,1.654000,"Bloomberg BGN, exported by Charlie",estr_eonia_euribor6m_1y5y_bbg_2026-10-05.xlsx
2010-11-03,1.401500,2.112500,0.964000,1.717000,0.879000,1.632000,"Bloomberg BGN, exported by Charlie",estr_eonia_euribor6m_1y5y_bbg_2026-10-05.xlsx
2010-11-04,1.392000,2.070000,0.950000,1.662000,0.865000,1.577000,"Bloomberg BGN, exported by Charlie",estr_eonia_euribor6m_1y5y_bbg_2026-10-05.xlsx
2010-11-05,1.408500,2.086000,0.958000,1.663000,0.873000,1.578000,"Bloomberg BGN, exported by Charlie",estr_eonia_euribor6m_1y5y_bbg_2026-10-05.xlsx
2010-11-08,1.421000,2.086000,0.963000,1.654000,0.878000,1.569000,"Bloomberg BGN, exported by Charlie",estr_eonia_euribor6m_1y5y_bbg_2026-10-05.xlsx
2010-11-09,1.425000,2.134000,0.955000,1.675000,0.870000,1.590000,"Bloomberg BGN, exported by Charlie",estr_eonia_euribor6m_1y5y_bbg_2026-10-05.xlsx
2010-11-10,1.439000,2.119500,0.946000,1.697000,0.861000,1.612000,"Bloomberg BGN, exported by Charlie",estr_eonia_euribor6m_1y5y_bbg_2026-10-05.xlsx
2010-11-11,1.437750,2.136500,0.953000,1.683000,0.868000,1.598000,"Bloomberg BGN, exported by Charlie",estr_eonia_euribor6m_1y5y_bbg_2026-10-05.xlsx
2010-11-12,1.447000,2.206000,0.952000,1.759000,0.867000,1.674000,"Bloomberg BGN, exported by Charlie",estr_eonia_euribor6m_1y5y_bbg_2026-10-05.xlsx
2010-11-15,1.439500,2.260000,0.949000,1.787000,0.864000,1.702000,"Bloomberg BGN, exported by Charlie",estr_eonia_euribor6m_1y5y_bbg_2026-10-05.xlsx
2010-11-16,1.442500,2.255000,0.948000,1.836000,0.863000,1.751000,"Bloomberg BGN, exported by Charlie",estr_eonia_euribor6m_1y5y_bbg_2026-10-05.xlsx
2010-11-17,1.425000,2.286500,0.919500,1.826000,0.834500,1.741000,"Bloomberg BGN, exported by Charlie",estr_eonia_euribor6m_1y5y_bbg_2026-10-05.xlsx
2010-11-18,1.441500,2.352500,0.947000,1.919000,0.862000,1.834000,"Bloomberg BGN, exported by Charlie",estr_eonia_euribor6m_1y5y_bbg_2026-10-05.xlsx
2010-11-19,1.439500,2.350750,0.961000,1.912000,0.876000,1.827000,"Bloomberg BGN, exported by Charlie",estr_eonia_euribor6m_1y5y_bbg_2026-10-05.xlsx
2010-11-22,1.392250,2.299000,0.918000,1.855000,0.833000,1.770000,"Bloomberg BGN, exported by Charlie",estr_eonia_euribor6m_1y5y_bbg_2026-10-05.xlsx
2010-11-23,1.370000,2.242000,0.853000,1.770000,0.768000,1.685000,"Bloomberg BGN, exported by Charlie",estr_eonia_euribor6m_1y5y_bbg_2026-10-05.xlsx
2010-11-24,1.385750,2.325000,0.866500,1.827000,0.781500,1.742000,"Bloomberg BGN, exported by Charlie",estr_eonia_euribor6m_1y5y_bbg_2026-10-05.xlsx
2010-11-25,1.397000,2.343000,0.868000,1.870000,0.783000,1.785000,"Bloomberg BGN, exported by Charlie",estr_eonia_euribor6m_1y5y_bbg_2026-10-05.xlsx
2010-11-26,1.387750,2.351000,0.861000,1.865000,0.776000,1.780000,"Bloomberg BGN, exported by Charlie",estr_eonia_euribor6m_1y5y_bbg_2026-10-05.xlsx
2010-11-29,1.392000,2.375000,0.853000,1.900000,0.768000,1.815000,"Bloomberg BGN, exported by Charlie",estr_eonia_euribor6m_1y5y_bbg_2026-10-05.xlsx
2010-11-30,1.361000,2.294000,0.816000,1.801000,0.731000,1.716000,"Bloomberg BGN, exported by Charlie",estr_eonia_euribor6m_1y5y_bbg_2026-10-05.xlsx
2010-12-01,1.360500,2.402000,0.838000,1.896000,0.753000,1.811000,"Bloomberg BGN, exported by Charlie",estr_eonia_euribor6m_1y5y_bbg_2026-10-05.xlsx
2010-12-02,1.358000,2.429000,0.815000,1.916000,0.730000,1.831000,"Bloomberg BGN, exported by Charlie",estr_eonia_euribor6m_1y5y_bbg_2026-10-05.xlsx
2010-12-03,1.350000,2.421500,0.829000,1.924000,0.744000,1.839000,"Bloomberg BGN, exported by Charlie",estr_eonia_euribor6m_1y5y_bbg_2026-10-05.xlsx
2010-12-06,1.349000,2.381250,0.823000,1.897000,0.738000,1.812000,"Bloomberg BGN, exported by Charlie",estr_eonia_euribor6m_1y5y_bbg_2026-10-05.xlsx
2010-12-07,1.358500,2.469750,0.826000,1.959000,0.741000,1.874000,"Bloomberg BGN, exported by Charlie",estr_eonia_euribor6m_1y5y_bbg_2026-10-05.xlsx
2010-12-08,1.388000,2.536750,0.855500,2.063000,0.770500,1.978000,"Bloomberg BGN, exported by Charlie",estr_eonia_euribor6m_1y5y_bbg_2026-10-05.xlsx
2010-12-09,1.395000,2.533000,0.870500,2.053000,0.785500,1.968000,"Bloomberg BGN, exported by Charlie",estr_eonia_euribor6m_1y5y_bbg_2026-10-05.xlsx
2010-12-10,1.414000,2.584880,0.893000,2.071000,0.808000,1.986000,"Bloomberg BGN, exported by Charlie",estr_eonia_euribor6m_1y5y_bbg_2026-10-05.xlsx
2010-12-13,1.401750,2.552000,0.864000,2.053000,0.779000,1.968000,"Bloomberg BGN, exported by Charlie",estr_eonia_euribor6m_1y5y_bbg_2026-10-05.xlsx
2010-12-14,1.413500,2.658000,0.871000,2.145000,0.786000,2.060000,"Bloomberg BGN, exported by Charlie",estr_eonia_euribor6m_1y5y_bbg_2026-10-05.xlsx
2010-12-15,1.412500,2.655500,0.880000,2.131000,0.795000,2.046000,"Bloomberg BGN, exported by Charlie",estr_eonia_euribor6m_1y5y_bbg_2026-10-05.xlsx
2010-12-16,1.409500,2.629500,0.873000,2.155000,0.788000,2.070000,"Bloomberg BGN, exported by Charlie",estr_eonia_euribor6m_1y5y_bbg_2026-10-05.xlsx
2010-12-17,1.406000,2.604500,0.869000,2.139000,0.784000,2.054000,"Bloomberg BGN, exported by Charlie",estr_eonia_euribor6m_1y5y_bbg_2026-10-05.xlsx
2010-12-20,1.417500,2.588380,0.882500,2.077000,0.797500,1.992000,"Bloomberg BGN, exported by Charlie",estr_eonia_euribor6m_1y5y_bbg_2026-10-05.xlsx
2010-12-21,1.410000,2.563000,0.880500,2.076000,0.795500,1.991000,"Bloomberg BGN, exported by Charlie",estr_eonia_euribor6m_1y5y_bbg_2026-10-05.xlsx
2010-12-22,1.374500,2.516250,0.815000,2.009000,0.730000,1.924000,"Bloomberg BGN, exported by Charlie",estr_eonia_euribor6m_1y5y_bbg_2026-10-05.xlsx
2010-12-23,1.371000,2.543630,0.795000,2.024000,0.710000,1.939000,"Bloomberg BGN, exported by Charlie",estr_eonia_euribor6m_1y5y_bbg_2026-10-05.xlsx
2010-12-24,1.357500,2.545000,0.786000,2.022000,0.701000,1.937000,"Bloomberg BGN, exported by Charlie",estr_eonia_euribor6m_1y5y_bbg_2026-10-05.xlsx
2010-12-27,1.360500,2.574250,0.796000,2.053000,0.711000,1.968000,"Bloomberg BGN, exported by Charlie",estr_eonia_euribor6m_1y5y_bbg_2026-10-05.xlsx
2010-12-28,1.329500,2.563500,0.779000,2.027000,0.694000,1.942000,"Bloomberg BGN, exported by Charlie",estr_eonia_euribor6m_1y5y_bbg_2026-10-05.xlsx
2010-12-29,1.337000,2.508000,0.779000,2.033000,0.694000,1.948000,"Bloomberg BGN, exported by Charlie",estr_eonia_euribor6m_1y5y_bbg_2026-10-05.xlsx
2010-12-30,1.323000,2.489000,0.766000,1.975000,0.681000,1.890000,"Bloomberg BGN, exported by Charlie",estr_eonia_euribor6m_1y5y_bbg_2026-10-05.xlsx
2010-12-31,1.311000,2.491000,0.757500,1.977000,0.672500,1.892000,"Bloomberg BGN, exported by Charlie",estr_eonia_euribor6m_1y5y_bbg_2026-10-05.xlsx
2011-01-03,1.310000,2.430250,0.767000,1.932000,0.682000,1.847000,"Bloomberg BGN, exported by Charlie",estr_eonia_euribor6m_1y5y_bbg_2026-10-05.xlsx
2011-01-04,1.320500,2.420000,0.789000,1.908000,0.704000,1.823000,"Bloomberg BGN, exported by Charlie",estr_eonia_euribor6m_1y5y_bbg_2026-10-05.xlsx
2011-01-05,1.361000,2.509750,0.821000,1.973500,0.736000,1.888500,"Bloomberg BGN, exported by Charlie",estr_eonia_euribor6m_1y5y_bbg_2026-10-05.xlsx
2011-01-06,1.351000,2.463000,0.808000,1.968000,0.723000,1.883000,"Bloomberg BGN, exported by Charlie",estr_eonia_euribor6m_1y5y_bbg_2026-10-05.xlsx
2011-01-07,1.345500,2.422500,0.780000,1.911000,0.695000,1.826000,"Bloomberg BGN, exported by Charlie",estr_eonia_euribor6m_1y5y_bbg_2026-10-05.xlsx
2011-01-10,1.351000,2.424000,0.800000,1.918000,0.715000,1.833000,"Bloomberg BGN, exported by Charlie",estr_eonia_euribor6m_1y5y_bbg_2026-10-05.xlsx
2011-01-11,1.362000,2.446500,0.827000,1.955000,0.742000,1.870000,"Bloomberg BGN, exported by Charlie",estr_eonia_euribor6m_1y5y_bbg_2026-10-05.xlsx
2011-01-12,1.385000,2.554000,0.859000,2.068000,0.774000,1.983000,"Bloomberg BGN, exported by Charlie",estr_eonia_euribor6m_1y5y_bbg_2026-10-05.xlsx
2011-01-13,1.434250,2.630000,0.943000,2.100000,0.858000,2.015000,"Bloomberg BGN, exported by Charlie",estr_eonia_euribor6m_1y5y_bbg_2026-10-05.xlsx
2011-01-14,1.448500,2.651000,0.957000,2.167000,0.872000,2.082000,"Bloomberg BGN, exported by Charlie",estr_eonia_euribor6m_1y5y_bbg_2026-10-05.xlsx
2011-01-17,1.457500,2.652000,0.960000,2.160500,0.875000,2.075500,"Bloomberg BGN, exported by Charlie",estr_eonia_euribor6m_1y5y_bbg_2026-10-05.xlsx
2011-01-18,1.462750,2.674000,0.993000,2.210500,0.908000,2.125500,"Bloomberg BGN, exported by Charlie",estr_eonia_euribor6m_1y5y_bbg_2026-10-05.xlsx
2011-01-19,1.459500,2.671000,0.960000,2.192000,0.875000,2.107000,"Bloomberg BGN, exported by Charlie",estr_eonia_euribor6m_1y5y_bbg_2026-10-05.xlsx
2011-01-20,1.504000,2.751000,1.030000,2.265500,0.945000,2.180500,"Bloomberg BGN, exported by Charlie",estr_eonia_euribor6m_1y5y_bbg_2026-10-05.xlsx
2011-01-21,1.531500,2.759500,1.056000,2.303000,0.971000,2.218000,"Bloomberg BGN, exported by Charlie",estr_eonia_euribor6m_1y5y_bbg_2026-10-05.xlsx
2011-01-24,1.499000,2.741000,1.007000,2.264000,0.922000,2.179000,"Bloomberg BGN, exported by Charlie",estr_eonia_euribor6m_1y5y_bbg_2026-10-05.xlsx
2011-01-25,1.502500,2.711000,1.050000,2.260000,0.965000,2.175000,"Bloomberg BGN, exported by Charlie",estr_eonia_euribor6m_1y5y_bbg_2026-10-05.xlsx
2011-01-26,1.529250,2.781000,1.067000,2.326000,0.982000,2.241000,"Bloomberg BGN, exported by Charlie",estr_eonia_euribor6m_1y5y_bbg_2026-10-05.xlsx
2011-01-27,1.550500,2.804000,1.112000,2.367000,1.027000,2.282000,"Bloomberg BGN, exported by Charlie",estr_eonia_euribor6m_1y5y_bbg_2026-10-05.xlsx
2011-01-28,1.555500,2.801000,1.140000,2.361000,1.055000,2.276000,"Bloomberg BGN, exported by Charlie",estr_eonia_euribor6m_1y5y_bbg_2026-10-05.xlsx
2011-01-31,1.582500,2.834000,1.164000,2.398000,1.079000,2.313000,"Bloomberg BGN, exported by Charlie",estr_eonia_euribor6m_1y5y_bbg_2026-10-05.xlsx
2011-02-01,1.606000,2.868000,1.162000,2.410000,1.077000,2.325000,"Bloomberg BGN, exported by Charlie",estr_eonia_euribor6m_1y5y_bbg_2026-10-05.xlsx
2011-02-02,1.625750,2.891000,1.217000,2.448000,1.132000,2.363000,"Bloomberg BGN, exported by Charlie",estr_eonia_euribor6m_1y5y_bbg_2026-10-05.xlsx
2011-02-03,1.579000,2.820250,1.151000,2.364000,1.066000,2.279000,"Bloomberg BGN, exported by Charlie",estr_eonia_euribor6m_1y5y_bbg_2026-10-05.xlsx
2011-02-04,1.611250,2.880000,1.171500,2.432000,1.086500,2.347000,"Bloomberg BGN, exported by Charlie",estr_eonia_euribor6m_1y5y_bbg_2026-10-05.xlsx
2011-02-07,1.578500,2.852000,1.128000,2.405000,1.043000,2.320000,"Bloomberg BGN, exported by Charlie",estr_eonia_euribor6m_1y5y_bbg_2026-10-05.xlsx
2011-02-08,1.640000,2.885000,1.198000,2.436000,1.113000,2.351000,"Bloomberg BGN, exported by Charlie",estr_eonia_euribor6m_1y5y_bbg_2026-10-05.xlsx
2011-02-09,1.637500,2.905250,1.210000,2.471000,1.125000,2.386000,"Bloomberg BGN, exported by Charlie",estr_eonia_euribor6m_1y5y_bbg_2026-10-05.xlsx
2011-02-10,1.642500,2.923500,1.194000,2.471000,1.109000,2.386000,"Bloomberg BGN, exported by Charlie",estr_eonia_euribor6m_1y5y_bbg_2026-10-05.xlsx
2011-02-11,1.625000,2.894000,1.175500,2.449000,1.090500,2.364000,"Bloomberg BGN, exported by Charlie",estr_eonia_euribor6m_1y5y_bbg_2026-10-05.xlsx
2011-02-14,1.619000,2.901000,1.165000,2.443500,1.080000,2.358500,"Bloomberg BGN, exported by Charlie",estr_eonia_euribor6m_1y5y_bbg_2026-10-05.xlsx
2011-02-15,1.620000,2.878000,1.166000,2.439000,1.081000,2.354000,"Bloomberg BGN, exported by Charlie",estr_eonia_euribor6m_1y5y_bbg_2026-10-05.xlsx
2011-02-16,1.610500,2.838500,1.153000,2.398000,1.068000,2.313000,"Bloomberg BGN, exported by Charlie",estr_eonia_euribor6m_1y5y_bbg_2026-10-05.xlsx
2011-02-17,1.582750,2.790000,1.118000,2.334000,1.033000,2.249000,"Bloomberg BGN, exported by Charlie",estr_eonia_euribor6m_1y5y_bbg_2026-10-05.xlsx
2011-02-18,1.619000,2.834000,1.152000,2.399000,1.067000,2.314000,"Bloomberg BGN, exported by Charlie",estr_eonia_euribor6m_1y5y_bbg_2026-10-05.xlsx
2011-02-21,1.652500,2.816000,1.191000,2.367000,1.106000,2.282000,"Bloomberg BGN, exported by Charlie",estr_eonia_euribor6m_1y5y_bbg_2026-10-05.xlsx
2011-02-22,1.670250,2.810000,1.237000,2.369000,1.152000,2.284000,"Bloomberg BGN, exported by Charlie",estr_eonia_euribor6m_1y5y_bbg_2026-10-05.xlsx
2011-02-23,1.674500,2.830000,1.240000,2.376000,1.155000,2.291000,"Bloomberg BGN, exported by Charlie",estr_eonia_euribor6m_1y5y_bbg_2026-10-05.xlsx
2011-02-24,1.675500,2.819000,1.245000,2.377000,1.160000,2.292000,"Bloomberg BGN, exported by Charlie",estr_eonia_euribor6m_1y5y_bbg_2026-10-05.xlsx
2011-02-25,1.672000,2.817000,1.237000,2.379500,1.152000,2.294500,"Bloomberg BGN, exported by Charlie",estr_eonia_euribor6m_1y5y_bbg_2026-10-05.xlsx
2011-02-28,1.673500,2.820000,1.232000,2.377000,1.147000,2.292000,"Bloomberg BGN, exported by Charlie",estr_eonia_euribor6m_1y5y_bbg_2026-10-05.xlsx
2011-03-01,1.672500,2.823500,1.234000,2.392000,1.149000,2.307000,"Bloomberg BGN, exported by Charlie",estr_eonia_euribor6m_1y5y_bbg_2026-10-05.xlsx
2011-03-02,1.687000,2.871000,1.238000,2.395000,1.153000,2.310000,"Bloomberg BGN, exported by Charlie",estr_eonia_euribor6m_1y5y_bbg_2026-10-05.xlsx
2011-03-03,1.803500,3.008750,1.458000,2.586000,1.373000,2.501000,"Bloomberg BGN, exported by Charlie",estr_eonia_euribor6m_1y5y_bbg_2026-10-05.xlsx
2011-03-04,1.827750,2.971000,1.407000,2.558000,1.322000,2.473000,"Bloomberg BGN, exported by Charlie",estr_eonia_euribor6m_1y5y_bbg_2026-10-05.xlsx
2011-03-07,1.827250,3.001500,1.409000,2.574000,1.324000,2.489000,"Bloomberg BGN, exported by Charlie",estr_eonia_euribor6m_1y5y_bbg_2026-10-05.xlsx
2011-03-08,1.839500,3.025000,1.406000,2.586000,1.321000,2.501000,"Bloomberg BGN, exported by Charlie",estr_eonia_euribor6m_1y5y_bbg_2026-10-05.xlsx
2011-03-09,1.837500,2.990000,1.404000,2.579000,1.319000,2.494000,"Bloomberg BGN, exported by Charlie",estr_eonia_euribor6m_1y5y_bbg_2026-10-05.xlsx
2011-03-10,1.828000,2.950000,1.384000,2.542000,1.299000,2.457000,"Bloomberg BGN, exported by Charlie",estr_eonia_euribor6m_1y5y_bbg_2026-10-05.xlsx
2011-03-11,1.805000,2.940000,1.357000,2.511000,1.272000,2.426000,"Bloomberg BGN, exported by Charlie",estr_eonia_euribor6m_1y5y_bbg_2026-10-05.xlsx
2011-03-14,1.796000,2.936000,1.343000,2.500000,1.258000,2.415000,"Bloomberg BGN, exported by Charlie",estr_eonia_euribor6m_1y5y_bbg_2026-10-05.xlsx
2011-03-15,1.761250,2.873000,1.279000,2.396500,1.194000,2.311500,"Bloomberg BGN, exported by Charlie",estr_eonia_euribor6m_1y5y_bbg_2026-10-05.xlsx
2011-03-16,1.701000,2.774000,1.230000,2.338000,1.145000,2.253000,"Bloomberg BGN, exported by Charlie",estr_eonia_euribor6m_1y5y_bbg_2026-10-05.xlsx
2011-03-17,1.751250,2.872500,1.298000,2.431000,1.213000,2.346000,"Bloomberg BGN, exported by Charlie",estr_eonia_euribor6m_1y5y_bbg_2026-10-05.xlsx
2011-03-18,1.783250,2.917000,1.349000,2.478000,1.264000,2.393000,"Bloomberg BGN, exported by Charlie",estr_eonia_euribor6m_1y5y_bbg_2026-10-05.xlsx
2011-03-21,1.815250,2.977500,1.393000,2.540000,1.308000,2.455000,"Bloomberg BGN, exported by Charlie",estr_eonia_euribor6m_1y5y_bbg_2026-10-05.xlsx
2011-03-22,1.819000,2.977250,1.393000,2.562000,1.308000,2.477000,"Bloomberg BGN, exported by Charlie",estr_eonia_euribor6m_1y5y_bbg_2026-10-05.xlsx
2011-03-23,1.804250,2.941000,1.383000,2.520000,1.298000,2.435000,"Bloomberg BGN, exported by Charlie",estr_eonia_euribor6m_1y5y_bbg_2026-10-05.xlsx
2011-03-24,1.826000,2.986000,1.407000,2.557000,1.322000,2.472000,"Bloomberg BGN, exported by Charlie",estr_eonia_euribor6m_1y5y_bbg_2026-10-05.xlsx
2011-03-25,1.847000,3.008500,1.430000,2.590000,1.345000,2.505000,"Bloomberg BGN, exported by Charlie",estr_eonia_euribor6m_1y5y_bbg_2026-10-05.xlsx
2011-03-28,1.854000,3.012000,1.448000,2.594000,1.363000,2.509000,"Bloomberg BGN, exported by Charlie",estr_eonia_euribor6m_1y5y_bbg_2026-10-05.xlsx
2011-03-29,1.858500,3.070000,1.450000,2.653000,1.365000,2.568000,"Bloomberg BGN, exported by Charlie",estr_eonia_euribor6m_1y5y_bbg_2026-10-05.xlsx
2011-03-30,1.849500,3.041000,1.436000,2.631000,1.351000,2.546000,"Bloomberg BGN, exported by Charlie",estr_eonia_euribor6m_1y5y_bbg_2026-10-05.xlsx
2011-03-31,1.883000,3.096000,1.469000,2.669000,1.384000,2.584000,"Bloomberg BGN, exported by Charlie",estr_eonia_euribor6m_1y5y_bbg_2026-10-05.xlsx
2011-04-01,1.903000,3.106000,1.482000,2.699000,1.397000,2.614000,"Bloomberg BGN, exported by Charlie",estr_eonia_euribor6m_1y5y_bbg_2026-10-05.xlsx
2011-04-04,1.899750,3.106000,1.476000,2.691000,1.391000,2.606000,"Bloomberg BGN, exported by Charlie",estr_eonia_euribor6m_1y5y_bbg_2026-10-05.xlsx
2011-04-05,1.919000,3.130000,1.494000,2.710000,1.409000,2.625000,"Bloomberg BGN, exported by Charlie",estr_eonia_euribor6m_1y5y_bbg_2026-10-05.xlsx
2011-04-06,1.922000,3.155000,1.497000,2.736000,1.412000,2.651000,"Bloomberg BGN, exported by Charlie",estr_eonia_euribor6m_1y5y_bbg_2026-10-05.xlsx
2011-04-07,1.924500,3.142880,1.514000,2.736000,1.429000,2.651000,"Bloomberg BGN, exported by Charlie",estr_eonia_euribor6m_1y5y_bbg_2026-10-05.xlsx
2011-04-08,1.968250,3.213000,1.587000,2.810000,1.502000,2.725000,"Bloomberg BGN, exported by Charlie",estr_eonia_euribor6m_1y5y_bbg_2026-10-05.xlsx
2011-04-11,1.978500,3.229000,1.577000,2.828000,1.492000,2.743000,"Bloomberg BGN, exported by Charlie",estr_eonia_euribor6m_1y5y_bbg_2026-10-05.xlsx
2011-04-12,1.958000,3.158000,1.548000,2.764000,1.463000,2.679000,"Bloomberg BGN, exported by Charlie",estr_eonia_euribor6m_1y5y_bbg_2026-10-05.xlsx
2011-04-13,1.961000,3.130000,1.550000,2.744500,1.465000,2.659500,"Bloomberg BGN, exported by Charlie",estr_eonia_euribor6m_1y5y_bbg_2026-10-05.xlsx
2011-04-14,1.979500,3.168000,1.560000,2.752000,1.475000,2.667000,"Bloomberg BGN, exported by Charlie",estr_eonia_euribor6m_1y5y_bbg_2026-10-05.xlsx
2011-04-15,1.968000,3.117000,1.560000,2.734000,1.475000,2.649000,"Bloomberg BGN, exported by Charlie",estr_eonia_euribor6m_1y5y_bbg_2026-10-05.xlsx
2011-04-18,1.933250,3.022000,1.503000,2.609000,1.418000,2.524000,"Bloomberg BGN, exported by Charlie",estr_eonia_euribor6m_1y5y_bbg_2026-10-05.xlsx
2011-04-19,1.953500,3.066750,1.543000,2.669500,1.458000,2.584500,"Bloomberg BGN, exported by Charlie",estr_eonia_euribor6m_1y5y_bbg_2026-10-05.xlsx
2011-04-20,1.968000,3.090000,1.561500,2.689500,1.476500,2.604500,"Bloomberg BGN, exported by Charlie",estr_eonia_euribor6m_1y5y_bbg_2026-10-05.xlsx
2011-04-21,1.938000,3.054000,1.522000,2.641000,1.437000,2.556000,"Bloomberg BGN, exported by Charlie",estr_eonia_euribor6m_1y5y_bbg_2026-10-05.xlsx
2011-04-22,1.934000,,1.519500,,,,"Bloomberg BGN, exported by Charlie",estr_eonia_euribor6m_1y5y_bbg_2026-10-05.xlsx
2011-04-25,1.935000,,1.518000,,,,"Bloomberg BGN, exported by Charlie",estr_eonia_euribor6m_1y5y_bbg_2026-10-05.xlsx
2011-04-26,1.930000,3.027500,1.510000,2.620000,1.425000,2.535000,"Bloomberg BGN, exported by Charlie",estr_eonia_euribor6m_1y5y_bbg_2026-10-05.xlsx
2011-04-27,1.952000,3.084500,1.568000,2.683000,1.483000,2.598000,"Bloomberg BGN, exported by Charlie",estr_eonia_euribor6m_1y5y_bbg_2026-10-05.xlsx
2011-04-28,1.957500,3.051000,1.581000,2.652000,1.496000,2.567000,"Bloomberg BGN, exported by Charlie",estr_eonia_euribor6m_1y5y_bbg_2026-10-05.xlsx
2011-04-29,1.955500,3.026000,1.592000,2.625000,1.507000,2.540000,"Bloomberg BGN, exported by Charlie",estr_eonia_euribor6m_1y5y_bbg_2026-10-05.xlsx
2011-05-02,1.979000,3.048500,1.606000,2.646000,1.521000,2.561000,"Bloomberg BGN, exported by Charlie",estr_eonia_euribor6m_1y5y_bbg_2026-10-05.xlsx
2011-05-03,2.002500,3.056000,1.640000,2.674000,1.555000,2.589000,"Bloomberg BGN, exported by Charlie",estr_eonia_euribor6m_1y5y_bbg_2026-10-05.xlsx
2011-05-04,2.039000,3.090500,1.684000,2.704000,1.599000,2.619000,"Bloomberg BGN, exported by Charlie",estr_eonia_euribor6m_1y5y_bbg_2026-10-05.xlsx
2011-05-05,1.951000,2.981000,1.554000,2.609000,1.469000,2.524000,"Bloomberg BGN, exported by Charlie",estr_eonia_euribor6m_1y5y_bbg_2026-10-05.xlsx
2011-05-06,1.963000,2.936000,1.571000,2.554500,1.486000,2.469500,"Bloomberg BGN, exported by Charlie",estr_eonia_euribor6m_1y5y_bbg_2026-10-05.xlsx
2011-05-09,1.956500,2.911750,1.551000,2.514000,1.466000,2.429000,"Bloomberg BGN, exported by Charlie",estr_eonia_euribor6m_1y5y_bbg_2026-10-05.xlsx
2011-05-10,1.962000,2.923000,1.537000,2.529000,1.452000,2.444000,"Bloomberg BGN, exported by Charlie",estr_eonia_euribor6m_1y5y_bbg_2026-10-05.xlsx
2011-05-11,1.950500,2.888500,1.524000,2.499000,1.439000,2.414000,"Bloomberg BGN, exported by Charlie",estr_eonia_euribor6m_1y5y_bbg_2026-10-05.xlsx
2011-05-12,1.956000,2.924000,1.530000,2.504000,1.445000,2.419000,"Bloomberg BGN, exported by Charlie",estr_eonia_euribor6m_1y5y_bbg_2026-10-05.xlsx
2011-05-13,1.959000,2.872000,1.542000,2.480000,1.457000,2.395000,"Bloomberg BGN, exported by Charlie",estr_eonia_euribor6m_1y5y_bbg_2026-10-05.xlsx
2011-05-16,1.985000,2.902000,1.570000,2.512000,1.485000,2.427000,"Bloomberg BGN, exported by Charlie",estr_eonia_euribor6m_1y5y_bbg_2026-10-05.xlsx
2011-05-17,1.974000,2.900000,1.552000,2.503000,1.467000,2.418000,"Bloomberg BGN, exported by Charlie",estr_eonia_euribor6m_1y5y_bbg_2026-10-05.xlsx
2011-05-18,1.990000,2.928000,1.574000,2.526000,1.489000,2.441000,"Bloomberg BGN, exported by Charlie",estr_eonia_euribor6m_1y5y_bbg_2026-10-05.xlsx
2011-05-19,1.999000,2.920000,1.584000,2.522000,1.499000,2.437000,"Bloomberg BGN, exported by Charlie",estr_eonia_euribor6m_1y5y_bbg_2026-10-05.xlsx
2011-05-20,1.977000,2.858000,1.547000,2.468000,1.462000,2.383000,"Bloomberg BGN, exported by Charlie",estr_eonia_euribor6m_1y5y_bbg_2026-10-05.xlsx
2011-05-23,1.942000,2.803000,1.499000,2.396000,1.414000,2.311000,"Bloomberg BGN, exported by Charlie",estr_eonia_euribor6m_1y5y_bbg_2026-10-05.xlsx
2011-05-24,1.943000,2.813000,1.516000,2.415500,1.431000,2.330500,"Bloomberg BGN, exported by Charlie",estr_eonia_euribor6m_1y5y_bbg_2026-10-05.xlsx
2011-05-25,1.929000,2.812000,1.481000,2.402500,1.396000,2.317500,"Bloomberg BGN, exported by Charlie",estr_eonia_euribor6m_1y5y_bbg_2026-10-05.xlsx
2011-05-26,1.910000,2.756000,1.461000,2.356500,1.376000,2.271500,"Bloomberg BGN, exported by Charlie",estr_eonia_euribor6m_1y5y_bbg_2026-10-05.xlsx
2011-05-27,1.887000,2.737000,1.425000,2.323000,1.340000,2.238000,"Bloomberg BGN, exported by Charlie",estr_eonia_euribor6m_1y5y_bbg_2026-10-05.xlsx
2011-05-30,1.891000,2.737000,1.436000,2.336000,1.351000,2.251000,"Bloomberg BGN, exported by Charlie",estr_eonia_euribor6m_1y5y_bbg_2026-10-05.xlsx
2011-05-31,1.909000,2.774500,1.466000,2.363000,1.381000,2.278000,"Bloomberg BGN, exported by Charlie",estr_eonia_euribor6m_1y5y_bbg_2026-10-05.xlsx
2011-06-01,1.916000,2.720000,1.473000,2.328500,1.388000,2.243500,"Bloomberg BGN, exported by Charlie",estr_eonia_euribor6m_1y5y_bbg_2026-10-05.xlsx
2011-06-02,1.935000,2.768000,1.503000,2.359500,1.418000,2.274500,"Bloomberg BGN, exported by Charlie",estr_eonia_euribor6m_1y5y_bbg_2026-10-05.xlsx
2011-06-03,1.948000,2.827000,1.520000,2.420000,1.435000,2.335000,"Bloomberg BGN, exported by Charlie",estr_eonia_euribor6m_1y5y_bbg_2026-10-05.xlsx
2011-06-06,1.938000,2.778000,1.524000,2.396000,1.439000,2.311000,"Bloomberg BGN, exported by Charlie",estr_eonia_euribor6m_1y5y_bbg_2026-10-05.xlsx
2011-06-07,1.962000,2.835000,1.557000,2.445000,1.472000,2.360000,"Bloomberg BGN, exported by Charlie",estr_eonia_euribor6m_1y5y_bbg_2026-10-05.xlsx
2011-06-08,1.950000,2.786000,1.541000,2.399000,1.456000,2.314000,"Bloomberg BGN, exported by Charlie",estr_eonia_euribor6m_1y5y_bbg_2026-10-05.xlsx
2011-06-09,1.934500,2.768000,1.522000,2.363500,1.437000,2.278500,"Bloomberg BGN, exported by Charlie",estr_eonia_euribor6m_1y5y_bbg_2026-10-05.xlsx
2011-06-10,1.898000,2.676000,1.468000,2.274000,1.383000,2.189000,"Bloomberg BGN, exported by Charlie",estr_eonia_euribor6m_1y5y_bbg_2026-10-05.xlsx
2011-06-13,1.907500,2.688000,1.484000,2.269500,1.399000,2.184500,"Bloomberg BGN, exported by Charlie",estr_eonia_euribor6m_1y5y_bbg_2026-10-05.xlsx
2011-06-14,1.932000,2.729000,1.525000,2.330500,1.440000,2.245500,"Bloomberg BGN, exported by Charlie",estr_eonia_euribor6m_1y5y_bbg_2026-10-05.xlsx
2011-06-15,1.912500,2.651000,1.476000,2.248500,1.391000,2.163500,"Bloomberg BGN, exported by Charlie",estr_eonia_euribor6m_1y5y_bbg_2026-10-05.xlsx
2011-06-16,1.903000,2.667000,1.458000,2.247500,1.373000,2.162500,"Bloomberg BGN, exported by Charlie",estr_eonia_euribor6m_1y5y_bbg_2026-10-05.xlsx
2011-06-17,1.922000,2.707000,1.494000,2.291000,1.409000,2.206000,"Bloomberg BGN, exported by Charlie",estr_eonia_euribor6m_1y5y_bbg_2026-10-05.xlsx
2011-06-20,1.932000,2.716000,1.495000,2.298000,1.410000,2.213000,"Bloomberg BGN, exported by Charlie",estr_eonia_euribor6m_1y5y_bbg_2026-10-05.xlsx
2011-06-21,1.946000,2.727500,1.504000,2.319000,1.419000,2.234000,"Bloomberg BGN, exported by Charlie",estr_eonia_euribor6m_1y5y_bbg_2026-10-05.xlsx
2011-06-22,1.929000,2.712500,1.477000,2.274000,1.392000,2.189000,"Bloomberg BGN, exported by Charlie",estr_eonia_euribor6m_1y5y_bbg_2026-10-05.xlsx
2011-06-23,1.890000,2.647000,1.403000,2.195000,1.318000,2.110000,"Bloomberg BGN, exported by Charlie",estr_eonia_euribor6m_1y5y_bbg_2026-10-05.xlsx
2011-06-24,1.873000,2.605500,1.392000,2.179000,1.307000,2.094000,"Bloomberg BGN, exported by Charlie",estr_eonia_euribor6m_1y5y_bbg_2026-10-05.xlsx
2011-06-27,1.900000,2.670500,1.429000,2.222000,1.344000,2.137000,"Bloomberg BGN, exported by Charlie",estr_eonia_euribor6m_1y5y_bbg_2026-10-05.xlsx
2011-06-28,1.931000,2.732500,1.490000,2.289000,1.405000,2.204000,"Bloomberg BGN, exported by Charlie",estr_eonia_euribor6m_1y5y_bbg_2026-10-05.xlsx
2011-06-29,1.956000,2.783000,1.522000,2.355000,1.437000,2.270000,"Bloomberg BGN, exported by Charlie",estr_eonia_euribor6m_1y5y_bbg_2026-10-05.xlsx
2011-06-30,1.973000,2.817000,1.556000,2.385000,1.471000,2.300000,"Bloomberg BGN, exported by Charlie",estr_eonia_euribor6m_1y5y_bbg_2026-10-05.xlsx
2011-07-01,1.995000,2.825000,1.575000,2.398000,1.490000,2.313000,"Bloomberg BGN, exported by Charlie",estr_eonia_euribor6m_1y5y_bbg_2026-10-05.xlsx
2011-07-04,2.015000,2.839000,1.595000,2.416500,1.510000,2.331500,"Bloomberg BGN, exported by Charlie",estr_eonia_euribor6m_1y5y_bbg_2026-10-05.xlsx
2011-07-05,2.009000,2.788000,1.578000,2.394000,1.493000,2.309000,"Bloomberg BGN, exported by Charlie",estr_eonia_euribor6m_1y5y_bbg_2026-10-05.xlsx
2011-07-06,1.999000,2.752000,1.558000,2.325000,1.473000,2.240000,"Bloomberg BGN, exported by Charlie",estr_eonia_euribor6m_1y5y_bbg_2026-10-05.xlsx
2011-07-07,2.013000,2.777000,1.571000,2.344000,1.486000,2.259000,"Bloomberg BGN, exported by Charlie",estr_eonia_euribor6m_1y5y_bbg_2026-10-05.xlsx
2011-07-08,1.976000,2.672000,1.503000,2.240000,1.418000,2.155000,"Bloomberg BGN, exported by Charlie",estr_eonia_euribor6m_1y5y_bbg_2026-10-05.xlsx
2011-07-11,1.902000,2.523000,1.400000,2.071000,1.315000,1.986000,"Bloomberg BGN, exported by Charlie",estr_eonia_euribor6m_1y5y_bbg_2026-10-05.xlsx
2011-07-12,1.895500,2.575000,1.393000,2.104000,1.308000,2.019000,"Bloomberg BGN, exported by Charlie",estr_eonia_euribor6m_1y5y_bbg_2026-10-05.xlsx
2011-07-13,1.884000,2.578000,1.383000,2.100000,1.298000,2.015000,"Bloomberg BGN, exported by Charlie",estr_eonia_euribor6m_1y5y_bbg_2026-10-05.xlsx
2011-07-14,1.869000,2.552000,1.364000,2.076000,1.279000,1.991000,"Bloomberg BGN, exported by Charlie",estr_eonia_euribor6m_1y5y_bbg_2026-10-05.xlsx
2011-07-15,1.863000,2.526500,1.349000,2.063000,1.264000,1.978000,"Bloomberg BGN, exported by Charlie",estr_eonia_euribor6m_1y5y_bbg_2026-10-05.xlsx
2011-07-18,1.860000,2.525000,1.325000,2.033000,1.240000,1.948000,"Bloomberg BGN, exported by Charlie",estr_eonia_euribor6m_1y5y_bbg_2026-10-05.xlsx
2011-07-19,1.870000,2.541000,1.329000,2.046000,1.244000,1.961000,"Bloomberg BGN, exported by Charlie",estr_eonia_euribor6m_1y5y_bbg_2026-10-05.xlsx
2011-07-20,1.886000,2.602000,1.369500,2.132000,1.284500,2.047000,"Bloomberg BGN, exported by Charlie",estr_eonia_euribor6m_1y5y_bbg_2026-10-05.xlsx
2011-07-21,1.927000,2.700000,1.439000,2.221000,1.354000,2.136000,"Bloomberg BGN, exported by Charlie",estr_eonia_euribor6m_1y5y_bbg_2026-10-05.xlsx
2011-07-22,1.928000,2.655000,1.448000,2.192000,1.363000,2.107000,"Bloomberg BGN, exported by Charlie",estr_eonia_euribor6m_1y5y_bbg_2026-10-05.xlsx
2011-07-25,1.913000,2.622000,1.418000,2.149000,1.333000,2.064000,"Bloomberg BGN, exported by Charlie",estr_eonia_euribor6m_1y5y_bbg_2026-10-05.xlsx
2011-07-26,1.918000,2.589000,1.415000,2.127000,1.330000,2.042000,"Bloomberg BGN, exported by Charlie",estr_eonia_euribor6m_1y5y_bbg_2026-10-05.xlsx
2011-07-27,1.890000,2.521000,1.355000,2.054000,1.270000,1.969000,"Bloomberg BGN, exported by Charlie",estr_eonia_euribor6m_1y5y_bbg_2026-10-05.xlsx
2011-07-28,1.884000,2.514000,1.354000,2.063000,1.269000,1.978000,"Bloomberg BGN, exported by Charlie",estr_eonia_euribor6m_1y5y_bbg_2026-10-05.xlsx
2011-07-29,1.863500,2.480000,1.320000,2.016000,1.235000,1.931000,"Bloomberg BGN, exported by Charlie",estr_eonia_euribor6m_1y5y_bbg_2026-10-05.xlsx
2011-08-01,1.866000,2.450000,1.322000,1.980000,1.237000,1.895000,"Bloomberg BGN, exported by Charlie",estr_eonia_euribor6m_1y5y_bbg_2026-10-05.xlsx
2011-08-02,1.822000,2.387000,1.214000,1.907000,1.129000,1.822000,"Bloomberg BGN, exported by Charlie",estr_eonia_euribor6m_1y5y_bbg_2026-10-05.xlsx
2011-08-03,1.809000,2.422500,1.224000,1.914000,1.139000,1.829000,"Bloomberg BGN, exported by Charlie",estr_eonia_euribor6m_1y5y_bbg_2026-10-05.xlsx
2011-08-04,1.698000,2.261000,1.027000,1.792000,0.942000,1.707000,"Bloomberg BGN, exported by Charlie",estr_eonia_euribor6m_1y5y_bbg_2026-10-05.xlsx
2011-08-05,1.653000,2.439000,1.029000,1.883000,0.944000,1.798000,"Bloomberg BGN, exported by Charlie",estr_eonia_euribor6m_1y5y_bbg_2026-10-05.xlsx
2011-08-08,1.549000,2.177000,0.818000,1.686000,0.733000,1.601000,"Bloomberg BGN, exported by Charlie",estr_eonia_euribor6m_1y5y_bbg_2026-10-05.xlsx
2011-08-09,1.562500,2.214000,0.823000,1.731000,0.738000,1.646000,"Bloomberg BGN, exported by Charlie",estr_eonia_euribor6m_1y5y_bbg_2026-10-05.xlsx
2011-08-10,1.492000,2.065000,0.698000,1.538000,0.613000,1.453000,"Bloomberg BGN, exported by Charlie",estr_eonia_euribor6m_1y5y_bbg_2026-10-05.xlsx
2011-08-11,1.529000,2.160000,0.758000,1.630000,0.673000,1.545000,"Bloomberg BGN, exported by Charlie",estr_eonia_euribor6m_1y5y_bbg_2026-10-05.xlsx
2011-08-12,1.564000,2.173000,0.804000,1.668000,0.719000,1.583000,"Bloomberg BGN, exported by Charlie",estr_eonia_euribor6m_1y5y_bbg_2026-10-05.xlsx
2011-08-15,1.582500,2.223000,0.837000,1.692000,0.752000,1.607000,"Bloomberg BGN, exported by Charlie",estr_eonia_euribor6m_1y5y_bbg_2026-10-05.xlsx
2011-08-16,1.577500,2.161000,0.836000,1.651000,0.751000,1.566000,"Bloomberg BGN, exported by Charlie",estr_eonia_euribor6m_1y5y_bbg_2026-10-05.xlsx
2011-08-17,1.567000,2.100000,0.816000,1.585000,0.731000,1.500000,"Bloomberg BGN, exported by Charlie",estr_eonia_euribor6m_1y5y_bbg_2026-10-05.xlsx
2011-08-18,1.516000,2.015000,0.726000,1.493000,0.641000,1.408000,"Bloomberg BGN, exported by Charlie",estr_eonia_euribor6m_1y5y_bbg_2026-10-05.xlsx
2011-08-19,1.532000,2.040000,0.737000,1.526000,0.652000,1.441000,"Bloomberg BGN, exported by Charlie",estr_eonia_euribor6m_1y5y_bbg_2026-10-05.xlsx
2011-08-22,1.549000,2.058000,0.740000,1.560000,0.655000,1.475000,"Bloomberg BGN, exported by Charlie",estr_eonia_euribor6m_1y5y_bbg_2026-10-05.xlsx
2011-08-23,1.576000,2.095000,0.774000,1.581000,0.689000,1.496000,"Bloomberg BGN, exported by Charlie",estr_eonia_euribor6m_1y5y_bbg_2026-10-05.xlsx
2011-08-24,1.608000,2.177500,0.812000,1.636000,0.727000,1.551000,"Bloomberg BGN, exported by Charlie",estr_eonia_euribor6m_1y5y_bbg_2026-10-05.xlsx
2011-08-25,1.579000,2.139000,0.766000,1.602000,0.681000,1.517000,"Bloomberg BGN, exported by Charlie",estr_eonia_euribor6m_1y5y_bbg_2026-10-05.xlsx
2011-08-26,1.580000,2.120000,0.768000,1.585000,0.683000,1.500000,"Bloomberg BGN, exported by Charlie",estr_eonia_euribor6m_1y5y_bbg_2026-10-05.xlsx
2011-08-29,1.617000,2.192000,0.813000,1.645000,0.728000,1.560000,"Bloomberg BGN, exported by Charlie",estr_eonia_euribor6m_1y5y_bbg_2026-10-05.xlsx
2011-08-30,1.588000,2.130000,0.789000,1.586000,0.704000,1.501000,"Bloomberg BGN, exported by Charlie",estr_eonia_euribor6m_1y5y_bbg_2026-10-05.xlsx
2011-08-31,1.618000,2.183000,0.834000,1.664000,0.749000,1.579000,"Bloomberg BGN, exported by Charlie",estr_eonia_euribor6m_1y5y_bbg_2026-10-05.xlsx
2011-09-01,1.574000,2.082000,0.765000,1.573000,0.680000,1.488000,"Bloomberg BGN, exported by Charlie",estr_eonia_euribor6m_1y5y_bbg_2026-10-05.xlsx
2011-09-02,1.537000,2.004000,0.696000,1.486500,0.611000,1.401500,"Bloomberg BGN, exported by Charlie",estr_eonia_euribor6m_1y5y_bbg_2026-10-05.xlsx
2011-09-05,1.524000,1.930000,0.629000,1.416000,0.544000,1.331000,"Bloomberg BGN, exported by Charlie",estr_eonia_euribor6m_1y5y_bbg_2026-10-05.xlsx
2011-09-06,1.527750,2.000000,0.631000,1.409000,0.546000,1.324000,"Bloomberg BGN, exported by Charlie",estr_eonia_euribor6m_1y5y_bbg_2026-10-05.xlsx
2011-09-07,1.541000,1.996000,0.666000,1.443000,0.581000,1.358000,"Bloomberg BGN, exported by Charlie",estr_eonia_euribor6m_1y5y_bbg_2026-10-05.xlsx
2011-09-08,1.503000,1.938000,0.631000,1.387000,0.546000,1.302000,"Bloomberg BGN, exported by Charlie",estr_eonia_euribor6m_1y5y_bbg_2026-10-05.xlsx
2011-09-09,1.492000,1.854000,0.541000,1.277000,0.456000,1.192000,"Bloomberg BGN, exported by Charlie",estr_eonia_euribor6m_1y5y_bbg_2026-10-05.xlsx
2011-09-12,1.529000,1.869000,0.583000,1.280000,0.498000,1.195000,"Bloomberg BGN, exported by Charlie",estr_eonia_euribor6m_1y5y_bbg_2026-10-05.xlsx
2011-09-13,1.569500,1.914000,0.647000,1.340000,0.562000,1.255000,"Bloomberg BGN, exported by Charlie",estr_eonia_euribor6m_1y5y_bbg_2026-10-05.xlsx
2011-09-14,1.612000,2.002000,0.672000,1.420000,0.587000,1.335000,"Bloomberg BGN, exported by Charlie",estr_eonia_euribor6m_1y5y_bbg_2026-10-05.xlsx
2011-09-15,1.595000,2.021000,0.687000,1.454000,0.602000,1.369000,"Bloomberg BGN, exported by Charlie",estr_eonia_euribor6m_1y5y_bbg_2026-10-05.xlsx
2011-09-16,1.562500,1.942000,0.654000,1.378000,0.569000,1.293000,"Bloomberg BGN, exported by Charlie",estr_eonia_euribor6m_1y5y_bbg_2026-10-05.xlsx
2011-09-19,1.561500,1.912000,0.617000,1.338500,0.532000,1.253500,"Bloomberg BGN, exported by Charlie",estr_eonia_euribor6m_1y5y_bbg_2026-10-05.xlsx
2011-09-20,1.554000,1.901000,0.606000,1.330000,0.521000,1.245000,"Bloomberg BGN, exported by Charlie",estr_eonia_euribor6m_1y5y_bbg_2026-10-05.xlsx
2011-09-21,1.544000,1.909000,0.594000,1.342000,0.509000,1.257000,"Bloomberg BGN, exported by Charlie",estr_eonia_euribor6m_1y5y_bbg_2026-10-05.xlsx
2011-09-22,1.526000,1.841000,0.553000,1.275000,0.468000,1.190000,"Bloomberg BGN, exported by Charlie",estr_eonia_euribor6m_1y5y_bbg_2026-10-05.xlsx
2011-09-23,1.513000,1.888000,0.529000,1.297000,0.444000,1.212000,"Bloomberg BGN, exported by Charlie",estr_eonia_euribor6m_1y5y_bbg_2026-10-05.xlsx
2011-09-26,1.513000,1.940000,0.571000,1.316000,0.486000,1.231000,"Bloomberg BGN, exported by Charlie",estr_eonia_euribor6m_1y5y_bbg_2026-10-05.xlsx
2011-09-27,1.561000,1.966000,0.654000,1.407000,0.569000,1.322000,"Bloomberg BGN, exported by Charlie",estr_eonia_euribor6m_1y5y_bbg_2026-10-05.xlsx
2011-09-28,1.613000,2.024000,0.687000,1.482000,0.602000,1.397000,"Bloomberg BGN, exported by Charlie",estr_eonia_euribor6m_1y5y_bbg_2026-10-05.xlsx
2011-09-29,1.611000,2.023000,0.674000,1.470000,0.589000,1.385000,"Bloomberg BGN, exported by Charlie",estr_eonia_euribor6m_1y5y_bbg_2026-10-05.xlsx
2011-09-30,1.593000,1.966000,0.658000,1.385000,0.573000,1.300000,"Bloomberg BGN, exported by Charlie",estr_eonia_euribor6m_1y5y_bbg_2026-10-05.xlsx
2011-10-03,1.567000,1.863000,0.622000,1.331000,0.537000,1.246000,"Bloomberg BGN, exported by Charlie",estr_eonia_euribor6m_1y5y_bbg_2026-10-05.xlsx
2011-10-04,1.574500,1.912000,0.623000,1.306000,0.538000,1.221000,"Bloomberg BGN, exported by Charlie",estr_eonia_euribor6m_1y5y_bbg_2026-10-05.xlsx
2011-10-05,1.576500,1.963000,0.623000,1.364000,0.538000,1.279000,"Bloomberg BGN, exported by Charlie",estr_eonia_euribor6m_1y5y_bbg_2026-10-05.xlsx
2011-10-06,1.640000,2.042000,0.718000,1.456000,0.633000,1.371000,"Bloomberg BGN, exported by Charlie",estr_eonia_euribor6m_1y5y_bbg_2026-10-05.xlsx
2011-10-07,1.631000,2.007000,0.708000,1.435000,0.623000,1.350000,"Bloomberg BGN, exported by Charlie",estr_eonia_euribor6m_1y5y_bbg_2026-10-05.xlsx
2011-10-10,1.658000,2.079000,0.749000,1.493000,0.664000,1.408000,"Bloomberg BGN, exported by Charlie",estr_eonia_euribor6m_1y5y_bbg_2026-10-05.xlsx
2011-10-11,1.649500,2.067500,0.753000,1.489000,0.668000,1.404000,"Bloomberg BGN, exported by Charlie",estr_eonia_euribor6m_1y5y_bbg_2026-10-05.xlsx
2011-10-12,1.677000,2.152000,0.780000,1.610500,0.695000,1.525500,"Bloomberg BGN, exported by Charlie",estr_eonia_euribor6m_1y5y_bbg_2026-10-05.xlsx
2011-10-13,1.654500,2.100500,0.747000,1.501000,0.662000,1.416000,"Bloomberg BGN, exported by Charlie",estr_eonia_euribor6m_1y5y_bbg_2026-10-05.xlsx
2011-10-14,1.664000,2.140000,0.761000,1.565000,0.676000,1.480000,"Bloomberg BGN, exported by Charlie",estr_eonia_euribor6m_1y5y_bbg_2026-10-05.xlsx
2011-10-17,1.615000,2.031000,0.694000,1.446000,0.609000,1.361000,"Bloomberg BGN, exported by Charlie",estr_eonia_euribor6m_1y5y_bbg_2026-10-05.xlsx
2011-10-18,1.635000,2.045000,0.700000,1.422000,0.615000,1.337000,"Bloomberg BGN, exported by Charlie",estr_eonia_euribor6m_1y5y_bbg_2026-10-05.xlsx
2011-10-19,1.629000,2.020000,0.721000,1.465000,0.636000,1.380000,"Bloomberg BGN, exported by Charlie",estr_eonia_euribor6m_1y5y_bbg_2026-10-05.xlsx
2011-10-20,1.645500,2.043500,0.727000,1.425000,0.642000,1.340000,"Bloomberg BGN, exported by Charlie",estr_eonia_euribor6m_1y5y_bbg_2026-10-05.xlsx
2011-10-21,1.654000,2.067000,0.728000,1.494000,0.643000,1.409000,"Bloomberg BGN, exported by Charlie",estr_eonia_euribor6m_1y5y_bbg_2026-10-05.xlsx
2011-10-24,1.657000,2.080000,0.719000,1.488000,0.634000,1.403000,"Bloomberg BGN, exported by Charlie",estr_eonia_euribor6m_1y5y_bbg_2026-10-05.xlsx
2011-10-25,1.609500,1.981000,0.672000,1.425100,0.587000,1.340050,"Bloomberg BGN, exported by Charlie",estr_eonia_euribor6m_1y5y_bbg_2026-10-05.xlsx
2011-10-26,1.614000,1.989000,0.653000,1.357000,0.568000,1.272000,"Bloomberg BGN, exported by Charlie",estr_eonia_euribor6m_1y5y_bbg_2026-10-05.xlsx
2011-10-27,1.663000,2.093750,0.743000,1.516000,0.658000,1.431000,"Bloomberg BGN, exported by Charlie",estr_eonia_euribor6m_1y5y_bbg_2026-10-05.xlsx
2011-10-28,1.641000,2.069000,0.708000,1.477000,0.623000,1.392000,"Bloomberg BGN, exported by Charlie",estr_eonia_euribor6m_1y5y_bbg_2026-10-05.xlsx
2011-10-31,1.596000,1.862000,0.649000,1.377000,0.564000,1.292000,"Bloomberg BGN, exported by Charlie",estr_eonia_euribor6m_1y5y_bbg_2026-10-05.xlsx
2011-11-01,1.570500,1.855500,0.577000,1.264000,0.492000,1.179000,"Bloomberg BGN, exported by Charlie",estr_eonia_euribor6m_1y5y_bbg_2026-10-05.xlsx
2011-11-02,1.578500,1.903500,0.579000,1.273000,0.494000,1.188000,"Bloomberg BGN, exported by Charlie",estr_eonia_euribor6m_1y5y_bbg_2026-10-05.xlsx
2011-11-03,1.547000,1.899000,0.517000,1.290000,0.432000,1.205000,"Bloomberg BGN, exported by Charlie",estr_eonia_euribor6m_1y5y_bbg_2026-10-05.xlsx
2011-11-04,1.541500,1.874000,0.533000,1.258000,0.448000,1.173000,"Bloomberg BGN, exported by Charlie",estr_eonia_euribor6m_1y5y_bbg_2026-10-05.xlsx
2011-11-07,1.531000,1.891000,0.524000,1.231000,0.439000,1.146000,"Bloomberg BGN, exported by Charlie",estr_eonia_euribor6m_1y5y_bbg_2026-10-05.xlsx
2011-11-08,1.563000,1.965000,0.553000,1.225000,0.468000,1.140000,"Bloomberg BGN, exported by Charlie",estr_eonia_euribor6m_1y5y_bbg_2026-10-05.xlsx
2011-11-09,1.518500,1.804500,0.472000,1.169000,0.387000,1.084000,"Bloomberg BGN, exported by Charlie",estr_eonia_euribor6m_1y5y_bbg_2026-10-05.xlsx
2011-11-10,1.529000,1.859500,0.501000,1.218000,0.416000,1.133000,"Bloomberg BGN, exported by Charlie",estr_eonia_euribor6m_1y5y_bbg_2026-10-05.xlsx
2011-11-11,1.524500,1.925000,0.480000,1.267000,0.395000,1.182000,"Bloomberg BGN, exported by Charlie",estr_eonia_euribor6m_1y5y_bbg_2026-10-05.xlsx
2011-11-14,1.508000,1.846000,0.464000,1.173000,0.379000,1.088000,"Bloomberg BGN, exported by Charlie",estr_eonia_euribor6m_1y5y_bbg_2026-10-05.xlsx
2011-11-15,1.510000,1.878000,0.454000,1.212000,0.369000,1.127000,"Bloomberg BGN, exported by Charlie",estr_eonia_euribor6m_1y5y_bbg_2026-10-05.xlsx
2011-11-16,1.544000,1.922000,0.477000,1.245000,0.392000,1.160000,"Bloomberg BGN, exported by Charlie",estr_eonia_euribor6m_1y5y_bbg_2026-10-05.xlsx
2011-11-17,1.617000,1.997500,0.517000,1.295000,0.432000,1.210000,"Bloomberg BGN, exported by Charlie",estr_eonia_euribor6m_1y5y_bbg_2026-10-05.xlsx
2011-11-18,1.606000,2.077000,0.508000,1.329000,0.423000,1.244000,"Bloomberg BGN, exported by Charlie",estr_eonia_euribor6m_1y5y_bbg_2026-10-05.xlsx
2011-11-21,1.605000,2.045000,0.500000,1.287000,0.415000,1.202000,"Bloomberg BGN, exported by Charlie",estr_eonia_euribor6m_1y5y_bbg_2026-10-05.xlsx
2011-11-22,1.587000,1.991000,0.492000,1.268000,0.407000,1.183000,"Bloomberg BGN, exported by Charlie",estr_eonia_euribor6m_1y5y_bbg_2026-10-05.xlsx
2011-11-23,1.605000,2.047000,0.514000,1.312000,0.429000,1.227000,"Bloomberg BGN, exported by Charlie",estr_eonia_euribor6m_1y5y_bbg_2026-10-05.xlsx
2011-11-24,1.603500,2.077500,0.516000,1.359000,0.431000,1.274000,"Bloomberg BGN, exported by Charlie",estr_eonia_euribor6m_1y5y_bbg_2026-10-05.xlsx
2011-11-25,1.595000,2.097500,0.518000,1.380000,0.433000,1.295000,"Bloomberg BGN, exported by Charlie",estr_eonia_euribor6m_1y5y_bbg_2026-10-05.xlsx
2011-11-28,1.578000,2.094500,0.492000,1.443000,0.407000,1.358000,"Bloomberg BGN, exported by Charlie",estr_eonia_euribor6m_1y5y_bbg_2026-10-05.xlsx
2011-11-29,1.531000,2.121000,0.447000,1.460000,0.362000,1.375000,"Bloomberg BGN, exported by Charlie",estr_eonia_euribor6m_1y5y_bbg_2026-10-05.xlsx
2011-11-30,1.495000,2.039000,0.449000,1.375000,0.364000,1.290000,"Bloomberg BGN, exported by Charlie",estr_eonia_euribor6m_1y5y_bbg_2026-10-05.xlsx
2011-12-01,1.473000,1.959500,0.422000,1.312000,0.337000,1.227000,"Bloomberg BGN, exported by Charlie",estr_eonia_euribor6m_1y5y_bbg_2026-10-05.xlsx
2011-12-02,1.502000,1.977000,0.458000,1.352000,0.373000,1.267000,"Bloomberg BGN, exported by Charlie",estr_eonia_euribor6m_1y5y_bbg_2026-10-05.xlsx
2011-12-05,1.509000,2.037000,0.468000,1.389000,0.383000,1.304000,"Bloomberg BGN, exported by Charlie",estr_eonia_euribor6m_1y5y_bbg_2026-10-05.xlsx
2011-12-06,1.500000,2.026000,0.457000,1.393000,0.372000,1.308000,"Bloomberg BGN, exported by Charlie",estr_eonia_euribor6m_1y5y_bbg_2026-10-05.xlsx
2011-12-07,1.476500,1.965500,0.439000,1.359000,0.354000,1.274000,"Bloomberg BGN, exported by Charlie",estr_eonia_euribor6m_1y5y_bbg_2026-10-05.xlsx
2011-12-08,1.490000,1.885500,0.429000,1.280000,0.344000,1.195000,"Bloomberg BGN, exported by Charlie",estr_eonia_euribor6m_1y5y_bbg_2026-10-05.xlsx
2011-12-09,1.500000,1.942000,0.433000,1.313000,0.348000,1.228000,"Bloomberg BGN, exported by Charlie",estr_eonia_euribor6m_1y5y_bbg_2026-10-05.xlsx
2011-12-12,1.502000,1.884000,0.450000,1.244000,0.365000,1.159000,"Bloomberg BGN, exported by Charlie",estr_eonia_euribor6m_1y5y_bbg_2026-10-05.xlsx
2011-12-13,1.511000,1.866000,0.451000,1.243000,0.366000,1.158000,"Bloomberg BGN, exported by Charlie",estr_eonia_euribor6m_1y5y_bbg_2026-10-05.xlsx
2011-12-14,1.519000,1.839000,0.434000,1.183000,0.349000,1.098000,"Bloomberg BGN, exported by Charlie",estr_eonia_euribor6m_1y5y_bbg_2026-10-05.xlsx
2011-12-15,1.487000,1.823500,0.421000,1.183000,0.336000,1.098000,"Bloomberg BGN, exported by Charlie",estr_eonia_euribor6m_1y5y_bbg_2026-10-05.xlsx
2011-12-16,1.483500,1.785000,0.449000,1.146000,0.364000,1.061000,"Bloomberg BGN, exported by Charlie",estr_eonia_euribor6m_1y5y_bbg_2026-10-05.xlsx
2011-12-19,1.487500,1.792000,0.442000,1.157000,0.357000,1.072000,"Bloomberg BGN, exported by Charlie",estr_eonia_euribor6m_1y5y_bbg_2026-10-05.xlsx
2011-12-20,1.467000,1.839000,0.420000,1.205000,0.335000,1.120000,"Bloomberg BGN, exported by Charlie",estr_eonia_euribor6m_1y5y_bbg_2026-10-05.xlsx
2011-12-21,1.504000,1.849500,0.442000,1.220000,0.357000,1.135000,"Bloomberg BGN, exported by Charlie",estr_eonia_euribor6m_1y5y_bbg_2026-10-05.xlsx
2011-12-22,1.494500,1.835000,0.434000,1.194000,0.349000,1.109000,"Bloomberg BGN, exported by Charlie",estr_eonia_euribor6m_1y5y_bbg_2026-10-05.xlsx
2011-12-23,1.488000,1.841000,0.420000,1.194000,0.335000,1.109000,"Bloomberg BGN, exported by Charlie",estr_eonia_euribor6m_1y5y_bbg_2026-10-05.xlsx
2011-12-26,,1.837000,0.420000,,,,"Bloomberg BGN, exported by Charlie",estr_eonia_euribor6m_1y5y_bbg_2026-10-05.xlsx
2011-12-27,1.453000,1.771000,0.392000,1.129000,0.307000,1.044000,"Bloomberg BGN, exported by Charlie",estr_eonia_euribor6m_1y5y_bbg_2026-10-05.xlsx
2011-12-28,1.447000,1.771000,0.392000,1.136000,0.307000,1.051000,"Bloomberg BGN, exported by Charlie",estr_eonia_euribor6m_1y5y_bbg_2026-10-05.xlsx
2011-12-29,1.428000,1.755000,0.384000,1.122000,0.299000,1.037000,"Bloomberg BGN, exported by Charlie",estr_eonia_euribor6m_1y5y_bbg_2026-10-05.xlsx
2011-12-30,1.420000,1.705000,0.377000,1.104000,0.292000,1.019000,"Bloomberg BGN, exported by Charlie",estr_eonia_euribor6m_1y5y_bbg_2026-10-05.xlsx
2012-01-02,1.431500,1.789000,0.391000,1.142000,0.306000,1.057000,"Bloomberg BGN, exported by Charlie",estr_eonia_euribor6m_1y5y_bbg_2026-10-05.xlsx
2012-01-03,1.418000,1.732000,0.379000,1.080000,0.294000,0.995000,"Bloomberg BGN, exported by Charlie",estr_eonia_euribor6m_1y5y_bbg_2026-10-05.xlsx
2012-01-04,1.404000,1.727000,0.357000,1.077000,0.272000,0.992000,"Bloomberg BGN, exported by Charlie",estr_eonia_euribor6m_1y5y_bbg_2026-10-05.xlsx
2012-01-05,1.396000,1.723000,0.346000,1.069000,0.261000,0.984000,"Bloomberg BGN, exported by Charlie",estr_eonia_euribor6m_1y5y_bbg_2026-10-05.xlsx
2012-01-06,1.390000,1.698000,0.344000,1.058000,0.259000,0.973000,"Bloomberg BGN, exported by Charlie",estr_eonia_euribor6m_1y5y_bbg_2026-10-05.xlsx
2012-01-09,1.388500,1.711000,0.336000,1.019000,0.251000,0.934000,"Bloomberg BGN, exported by Charlie",estr_eonia_euribor6m_1y5y_bbg_2026-10-05.xlsx
2012-01-10,1.385000,1.716000,0.341000,1.047000,0.256000,0.962000,"Bloomberg BGN, exported by Charlie",estr_eonia_euribor6m_1y5y_bbg_2026-10-05.xlsx
2012-01-11,1.367500,1.644000,0.331000,0.963000,0.246000,0.878000,"Bloomberg BGN, exported by Charlie",estr_eonia_euribor6m_1y5y_bbg_2026-10-05.xlsx
2012-01-12,1.341000,1.628000,0.323000,0.961000,0.238000,0.876000,"Bloomberg BGN, exported by Charlie",estr_eonia_euribor6m_1y5y_bbg_2026-10-05.xlsx
2012-01-13,1.307000,1.577000,0.308000,0.933000,0.223000,0.848000,"Bloomberg BGN, exported by Charlie",estr_eonia_euribor6m_1y5y_bbg_2026-10-05.xlsx
2012-01-16,1.306500,1.574000,0.335000,0.960000,0.250000,0.875000,"Bloomberg BGN, exported by Charlie",estr_eonia_euribor6m_1y5y_bbg_2026-10-05.xlsx
2012-01-17,1.320000,1.615000,0.342000,0.990000,0.257000,0.905000,"Bloomberg BGN, exported by Charlie",estr_eonia_euribor6m_1y5y_bbg_2026-10-05.xlsx
2012-01-18,1.325000,1.625000,0.352000,0.997000,0.267000,0.912000,"Bloomberg BGN, exported by Charlie",estr_eonia_euribor6m_1y5y_bbg_2026-10-05.xlsx
2012-01-19,1.318500,1.650000,0.353000,1.038500,0.268000,0.953500,"Bloomberg BGN, exported by Charlie",estr_eonia_euribor6m_1y5y_bbg_2026-10-05.xlsx
2012-01-20,1.287000,1.667000,0.331000,1.066000,0.246000,0.981000,"Bloomberg BGN, exported by Charlie",estr_eonia_euribor6m_1y5y_bbg_2026-10-05.xlsx
2012-01-23,1.266000,1.677000,0.335000,1.079000,0.250000,0.994000,"Bloomberg BGN, exported by Charlie",estr_eonia_euribor6m_1y5y_bbg_2026-10-05.xlsx
2012-01-24,1.292500,1.707000,0.362000,1.121000,0.277000,1.036000,"Bloomberg BGN, exported by Charlie",estr_eonia_euribor6m_1y5y_bbg_2026-10-05.xlsx
2012-01-25,1.284000,1.687000,0.339000,1.105000,0.254000,1.020000,"Bloomberg BGN, exported by Charlie",estr_eonia_euribor6m_1y5y_bbg_2026-10-05.xlsx
2012-01-26,1.275000,1.615000,0.339000,1.037000,0.254000,0.952000,"Bloomberg BGN, exported by Charlie",estr_eonia_euribor6m_1y5y_bbg_2026-10-05.xlsx
2012-01-27,1.301000,1.632000,0.353000,1.035000,0.268000,0.950000,"Bloomberg BGN, exported by Charlie",estr_eonia_euribor6m_1y5y_bbg_2026-10-05.xlsx
2012-01-30,1.284000,1.598000,0.341000,0.992000,0.256000,0.907000,"Bloomberg BGN, exported by Charlie",estr_eonia_euribor6m_1y5y_bbg_2026-10-05.xlsx
2012-01-31,1.242000,1.534000,0.338000,0.952000,0.253000,0.867000,"Bloomberg BGN, exported by Charlie",estr_eonia_euribor6m_1y5y_bbg_2026-10-05.xlsx
2012-02-01,1.225000,1.532000,0.331000,0.962000,0.246000,0.877000,"Bloomberg BGN, exported by Charlie",estr_eonia_euribor6m_1y5y_bbg_2026-10-05.xlsx
2012-02-02,1.227500,1.529000,0.325000,0.955000,0.240000,0.870000,"Bloomberg BGN, exported by Charlie",estr_eonia_euribor6m_1y5y_bbg_2026-10-05.xlsx
2012-02-03,1.237000,1.600000,0.329000,1.008000,0.244000,0.923000,"Bloomberg BGN, exported by Charlie",estr_eonia_euribor6m_1y5y_bbg_2026-10-05.xlsx
2012-02-06,1.217000,1.557000,0.321000,0.971000,0.236000,0.886000,"Bloomberg BGN, exported by Charlie",estr_eonia_euribor6m_1y5y_bbg_2026-10-05.xlsx
2012-02-07,1.227500,1.608000,0.333000,1.024000,0.248000,0.939000,"Bloomberg BGN, exported by Charlie",estr_eonia_euribor6m_1y5y_bbg_2026-10-05.xlsx
2012-02-08,1.232000,1.634000,0.341000,1.061000,0.256000,0.976000,"Bloomberg BGN, exported by Charlie",estr_eonia_euribor6m_1y5y_bbg_2026-10-05.xlsx
2012-02-09,1.238000,1.661000,0.354000,1.085000,0.269000,1.000000,"Bloomberg BGN, exported by Charlie",estr_eonia_euribor6m_1y5y_bbg_2026-10-05.xlsx
2012-02-10,1.241500,1.572000,0.356000,1.015000,0.271000,0.930000,"Bloomberg BGN, exported by Charlie",estr_eonia_euribor6m_1y5y_bbg_2026-10-05.xlsx
2012-02-13,1.243000,1.591000,0.362000,1.009000,0.277000,0.924000,"Bloomberg BGN, exported by Charlie",estr_eonia_euribor6m_1y5y_bbg_2026-10-05.xlsx
2012-02-14,1.220000,1.572000,0.343000,0.969000,0.258000,0.884000,"Bloomberg BGN, exported by Charlie",estr_eonia_euribor6m_1y5y_bbg_2026-10-05.xlsx
2012-02-15,1.219500,1.551000,0.345500,0.958000,0.260500,0.873000,"Bloomberg BGN, exported by Charlie",estr_eonia_euribor6m_1y5y_bbg_2026-10-05.xlsx
2012-02-16,1.243000,1.599000,0.357000,0.996000,0.272000,0.911000,"Bloomberg BGN, exported by Charlie",estr_eonia_euribor6m_1y5y_bbg_2026-10-05.xlsx
2012-02-17,1.237000,1.609000,0.355000,1.017000,0.270000,0.932000,"Bloomberg BGN, exported by Charlie",estr_eonia_euribor6m_1y5y_bbg_2026-10-05.xlsx
2012-02-20,1.225000,1.622000,0.354000,1.024000,0.269000,0.939000,"Bloomberg BGN, exported by Charlie",estr_eonia_euribor6m_1y5y_bbg_2026-10-05.xlsx
2012-02-21,1.218500,1.626000,0.357000,1.037000,0.272000,0.952000,"Bloomberg BGN, exported by Charlie",estr_eonia_euribor6m_1y5y_bbg_2026-10-05.xlsx
2012-02-22,1.222000,1.601000,0.357000,1.009000,0.272000,0.924000,"Bloomberg BGN, exported by Charlie",estr_eonia_euribor6m_1y5y_bbg_2026-10-05.xlsx
2012-02-23,1.222500,1.597000,0.363000,1.013000,0.278000,0.928000,"Bloomberg BGN, exported by Charlie",estr_eonia_euribor6m_1y5y_bbg_2026-10-05.xlsx
2012-02-24,1.188500,1.576000,0.345500,0.984000,0.260500,0.899000,"Bloomberg BGN, exported by Charlie",estr_eonia_euribor6m_1y5y_bbg_2026-10-05.xlsx
2012-02-27,1.171500,1.532000,0.346000,0.951000,0.261000,0.866000,"Bloomberg BGN, exported by Charlie",estr_eonia_euribor6m_1y5y_bbg_2026-10-05.xlsx
2012-02-28,1.165500,1.549000,0.358000,0.960000,0.273000,0.875000,"Bloomberg BGN, exported by Charlie",estr_eonia_euribor6m_1y5y_bbg_2026-10-05.xlsx
2012-02-29,1.145500,1.550000,0.345000,0.970000,0.260000,0.885000,"Bloomberg BGN, exported by Charlie",estr_eonia_euribor6m_1y5y_bbg_2026-10-05.xlsx
2012-03-01,1.131500,1.556000,0.340000,0.994000,0.255000,0.909000,"Bloomberg BGN, exported by Charlie",estr_eonia_euribor6m_1y5y_bbg_2026-10-05.xlsx
2012-03-02,1.099000,1.508000,0.338500,0.962000,0.253500,0.877000,"Bloomberg BGN, exported by Charlie",estr_eonia_euribor6m_1y5y_bbg_2026-10-05.xlsx
2012-03-05,1.109000,1.533000,0.345000,0.988000,0.260000,0.903000,"Bloomberg BGN, exported by Charlie",estr_eonia_euribor6m_1y5y_bbg_2026-10-05.xlsx
2012-03-06,1.113000,1.527000,0.349000,0.978000,0.264000,0.893000,"Bloomberg BGN, exported by Charlie",estr_eonia_euribor6m_1y5y_bbg_2026-10-05.xlsx
2012-03-07,1.108000,1.519000,0.336500,0.956000,0.251500,0.871000,"Bloomberg BGN, exported by Charlie",estr_eonia_euribor6m_1y5y_bbg_2026-10-05.xlsx
2012-03-08,1.110000,1.527000,0.342000,0.957500,0.257000,0.872500,"Bloomberg BGN, exported by Charlie",estr_eonia_euribor6m_1y5y_bbg_2026-10-05.xlsx
2012-03-09,1.096000,1.519000,0.341000,0.961000,0.256000,0.876000,"Bloomberg BGN, exported by Charlie",estr_eonia_euribor6m_1y5y_bbg_2026-10-05.xlsx
2012-03-12,1.089000,1.507000,0.343500,0.939000,0.258500,0.854000,"Bloomberg BGN, exported by Charlie",estr_eonia_euribor6m_1y5y_bbg_2026-10-05.xlsx
2012-03-13,1.098000,1.535000,0.357000,0.973500,0.272000,0.888500,"Bloomberg BGN, exported by Charlie",estr_eonia_euribor6m_1y5y_bbg_2026-10-05.xlsx
2012-03-14,1.115000,1.639000,0.368000,1.065000,0.283000,0.980000,"Bloomberg BGN, exported by Charlie",estr_eonia_euribor6m_1y5y_bbg_2026-10-05.xlsx
2012-03-15,1.111000,1.670000,0.369000,1.099000,0.284000,1.014000,"Bloomberg BGN, exported by Charlie",estr_eonia_euribor6m_1y5y_bbg_2026-10-05.xlsx
2012-03-16,1.112000,1.728500,0.387000,1.185000,0.302000,1.100000,"Bloomberg BGN, exported by Charlie",estr_eonia_euribor6m_1y5y_bbg_2026-10-05.xlsx
2012-03-19,1.082000,1.731000,0.379000,1.191500,0.294000,1.106500,"Bloomberg BGN, exported by Charlie",estr_eonia_euribor6m_1y5y_bbg_2026-10-05.xlsx
2012-03-20,1.062500,1.703500,0.377000,1.180000,0.292000,1.095000,"Bloomberg BGN, exported by Charlie",estr_eonia_euribor6m_1y5y_bbg_2026-10-05.xlsx
2012-03-21,1.046000,1.650500,0.374000,1.142000,0.289000,1.057000,"Bloomberg BGN, exported by Charlie",estr_eonia_euribor6m_1y5y_bbg_2026-10-05.xlsx
2012-03-22,1.049000,1.625500,0.372000,1.092000,0.287000,1.007000,"Bloomberg BGN, exported by Charlie",estr_eonia_euribor6m_1y5y_bbg_2026-10-05.xlsx
2012-03-23,1.040000,1.594500,0.363000,1.069000,0.278000,0.984000,"Bloomberg BGN, exported by Charlie",estr_eonia_euribor6m_1y5y_bbg_2026-10-05.xlsx
2012-03-26,1.036000,1.631500,0.369000,1.101000,0.284000,1.016000,"Bloomberg BGN, exported by Charlie",estr_eonia_euribor6m_1y5y_bbg_2026-10-05.xlsx
2012-03-27,1.034000,1.603500,0.367000,1.073000,0.282000,0.988000,"Bloomberg BGN, exported by Charlie",estr_eonia_euribor6m_1y5y_bbg_2026-10-05.xlsx
2012-03-28,1.031000,1.592000,0.369000,1.046000,0.284000,0.961000,"Bloomberg BGN, exported by Charlie",estr_eonia_euribor6m_1y5y_bbg_2026-10-05.xlsx
2012-03-29,1.038000,1.575500,0.378000,1.036500,0.293000,0.951500,"Bloomberg BGN, exported by Charlie",estr_eonia_euribor6m_1y5y_bbg_2026-10-05.xlsx
2012-03-30,1.031000,1.591300,0.371000,1.028000,0.286000,0.943000,"Bloomberg BGN, exported by Charlie",estr_eonia_euribor6m_1y5y_bbg_2026-10-05.xlsx
2012-04-02,1.025000,1.570000,0.370000,1.033000,0.285000,0.948000,"Bloomberg BGN, exported by Charlie",estr_eonia_euribor6m_1y5y_bbg_2026-10-05.xlsx
2012-04-03,1.031000,1.618700,0.379000,1.033000,0.294000,0.948000,"Bloomberg BGN, exported by Charlie",estr_eonia_euribor6m_1y5y_bbg_2026-10-05.xlsx
2012-04-04,1.034000,1.565000,0.377000,1.014000,0.292000,0.929000,"Bloomberg BGN, exported by Charlie",estr_eonia_euribor6m_1y5y_bbg_2026-10-05.xlsx
2012-04-05,1.021500,1.512700,0.363000,0.979000,0.278000,0.894000,"Bloomberg BGN, exported by Charlie",estr_eonia_euribor6m_1y5y_bbg_2026-10-05.xlsx
2012-04-06,1.020000,1.519000,0.366500,,,,"Bloomberg BGN, exported by Charlie",estr_eonia_euribor6m_1y5y_bbg_2026-10-05.xlsx
2012-04-09,,,0.368000,,,,"Bloomberg BGN, exported by Charlie",estr_eonia_euribor6m_1y5y_bbg_2026-10-05.xlsx
2012-04-10,1.018000,1.465000,0.362000,0.933000,0.277000,0.848000,"Bloomberg BGN, exported by Charlie",estr_eonia_euribor6m_1y5y_bbg_2026-10-05.xlsx
2012-04-11,1.023000,1.514000,0.357000,0.970000,0.272000,0.885000,"Bloomberg BGN, exported by Charlie",estr_eonia_euribor6m_1y5y_bbg_2026-10-05.xlsx
2012-04-12,1.006000,1.513500,0.344000,0.965000,0.259000,0.880000,"Bloomberg BGN, exported by Charlie",estr_eonia_euribor6m_1y5y_bbg_2026-10-05.xlsx
2012-04-13,1.002000,1.486000,0.342000,0.941000,0.257000,0.856000,"Bloomberg BGN, exported by Charlie",estr_eonia_euribor6m_1y5y_bbg_2026-10-05.xlsx
2012-04-16,1.018000,1.504500,0.340000,0.929000,0.255000,0.844000,"Bloomberg BGN, exported by Charlie",estr_eonia_euribor6m_1y5y_bbg_2026-10-05.xlsx
2012-04-17,1.006500,1.508500,0.336000,0.954000,0.251000,0.869000,"Bloomberg BGN, exported by Charlie",estr_eonia_euribor6m_1y5y_bbg_2026-10-05.xlsx
2012-04-18,0.992000,1.477900,0.329000,0.917000,0.244000,0.832000,"Bloomberg BGN, exported by Charlie",estr_eonia_euribor6m_1y5y_bbg_2026-10-05.xlsx
2012-04-19,1.008000,1.492500,0.337000,0.936000,0.252000,0.851000,"Bloomberg BGN, exported by Charlie",estr_eonia_euribor6m_1y5y_bbg_2026-10-05.xlsx
2012-04-20,1.018000,1.531000,0.343000,0.961500,0.258000,0.876500,"Bloomberg BGN, exported by Charlie",estr_eonia_euribor6m_1y5y_bbg_2026-10-05.xlsx
2012-04-23,1.009000,1.510500,0.320000,0.928000,0.235000,0.843000,"Bloomberg BGN, exported by Charlie",estr_eonia_euribor6m_1y5y_bbg_2026-10-05.xlsx
2012-04-24,1.009000,1.542000,0.320000,0.954000,0.235000,0.869000,"Bloomberg BGN, exported by Charlie",estr_eonia_euribor6m_1y5y_bbg_2026-10-05.xlsx
2012-04-25,0.986000,1.529500,0.309000,0.955000,0.224000,0.870000,"Bloomberg BGN, exported by Charlie",estr_eonia_euribor6m_1y5y_bbg_2026-10-05.xlsx
2012-04-26,0.955000,1.493000,0.285000,0.915000,0.200000,0.830000,"Bloomberg BGN, exported by Charlie",estr_eonia_euribor6m_1y5y_bbg_2026-10-05.xlsx
2012-04-27,0.950000,1.484800,0.285500,0.904000,0.200500,0.819000,"Bloomberg BGN, exported by Charlie",estr_eonia_euribor6m_1y5y_bbg_2026-10-05.xlsx
2012-04-30,0.925000,1.420300,0.280000,0.877000,0.195000,0.792000,"Bloomberg BGN, exported by Charlie",estr_eonia_euribor6m_1y5y_bbg_2026-10-05.xlsx
2012-05-01,0.926000,1.426800,0.285000,,,,"Bloomberg BGN, exported by Charlie",estr_eonia_euribor6m_1y5y_bbg_2026-10-05.xlsx
2012-05-02,0.910000,1.362500,0.270000,0.833000,0.185000,0.748000,"Bloomberg BGN, exported by Charlie",estr_eonia_euribor6m_1y5y_bbg_2026-10-05.xlsx
2012-05-03,0.914000,1.361000,0.289000,0.837000,0.204000,0.752000,"Bloomberg BGN, exported by Charlie",estr_eonia_euribor6m_1y5y_bbg_2026-10-05.xlsx
2012-05-04,0.903000,1.324500,0.278000,0.800000,0.193000,0.715000,"Bloomberg BGN, exported by Charlie",estr_eonia_euribor6m_1y5y_bbg_2026-10-05.xlsx
2012-05-07,0.907000,1.351000,0.280500,0.835000,0.195500,0.750000,"Bloomberg BGN, exported by Charlie",estr_eonia_euribor6m_1y5y_bbg_2026-10-05.xlsx
2012-05-08,0.940500,1.348500,0.296000,0.804000,0.211000,0.719000,"Bloomberg BGN, exported by Charlie",estr_eonia_euribor6m_1y5y_bbg_2026-10-05.xlsx
2012-05-09,0.956000,1.372600,0.283000,0.807000,0.198000,0.722000,"Bloomberg BGN, exported by Charlie",estr_eonia_euribor6m_1y5y_bbg_2026-10-05.xlsx
2012-05-10,0.938000,1.353500,0.286000,0.808000,0.201000,0.723000,"Bloomberg BGN, exported by Charlie",estr_eonia_euribor6m_1y5y_bbg_2026-10-05.xlsx
2012-05-11,0.962000,1.353200,0.287500,0.797000,0.202500,0.712000,"Bloomberg BGN, exported by Charlie",estr_eonia_euribor6m_1y5y_bbg_2026-10-05.xlsx
2012-05-14,0.978000,1.338000,0.265000,0.756000,0.180000,0.671000,"Bloomberg BGN, exported by Charlie",estr_eonia_euribor6m_1y5y_bbg_2026-10-05.xlsx
2012-05-15,0.972000,1.347500,0.273000,0.771000,0.188000,0.686000,"Bloomberg BGN, exported by Charlie",estr_eonia_euribor6m_1y5y_bbg_2026-10-05.xlsx
2012-05-16,0.957000,1.360000,0.270000,0.788000,0.185000,0.703000,"Bloomberg BGN, exported by Charlie",estr_eonia_euribor6m_1y5y_bbg_2026-10-05.xlsx
2012-05-17,0.969250,1.347500,0.275500,0.759000,0.190500,0.674000,"Bloomberg BGN, exported by Charlie",estr_eonia_euribor6m_1y5y_bbg_2026-10-05.xlsx
2012-05-18,0.973000,1.348500,0.281000,0.760000,0.196000,0.675000,"Bloomberg BGN, exported by Charlie",estr_eonia_euribor6m_1y5y_bbg_2026-10-05.xlsx
2012-05-21,0.963000,1.377200,0.273000,0.779000,0.188000,0.694000,"Bloomberg BGN, exported by Charlie",estr_eonia_euribor6m_1y5y_bbg_2026-10-05.xlsx
2012-05-22,0.942000,1.326000,0.271000,0.763000,0.186000,0.678000,"Bloomberg BGN, exported by Charlie",estr_eonia_euribor6m_1y5y_bbg_2026-10-05.xlsx
2012-05-23,0.934000,1.309200,0.269000,0.716500,0.184000,0.631500,"Bloomberg BGN, exported by Charlie",estr_eonia_euribor6m_1y5y_bbg_2026-10-05.xlsx
2012-05-24,0.910000,1.269600,0.254100,0.697000,0.169050,0.612000,"Bloomberg BGN, exported by Charlie",estr_eonia_euribor6m_1y5y_bbg_2026-10-05.xlsx
2012-05-25,0.907000,1.253000,0.251000,0.693000,0.166000,0.608000,"Bloomberg BGN, exported by Charlie",estr_eonia_euribor6m_1y5y_bbg_2026-10-05.xlsx
2012-05-28,0.899000,1.244000,0.249000,0.679000,0.164000,0.594000,"Bloomberg BGN, exported by Charlie",estr_eonia_euribor6m_1y5y_bbg_2026-10-05.xlsx
2012-05-29,0.908000,1.286700,0.251000,0.687000,0.166000,0.602000,"Bloomberg BGN, exported by Charlie",estr_eonia_euribor6m_1y5y_bbg_2026-10-05.xlsx
2012-05-30,0.886000,1.180000,0.237000,0.625000,0.152000,0.540000,"Bloomberg BGN, exported by Charlie",estr_eonia_euribor6m_1y5y_bbg_2026-10-05.xlsx
2012-05-31,0.887000,1.169200,0.236000,0.606000,0.151000,0.521000,"Bloomberg BGN, exported by Charlie",estr_eonia_euribor6m_1y5y_bbg_2026-10-05.xlsx
2012-06-01,0.880000,1.167300,0.222000,0.603000,0.137000,0.518000,"Bloomberg BGN, exported by Charlie",estr_eonia_euribor6m_1y5y_bbg_2026-10-05.xlsx
2012-06-04,0.882000,1.185900,0.227000,0.608000,0.142000,0.523000,"Bloomberg BGN, exported by Charlie",estr_eonia_euribor6m_1y5y_bbg_2026-10-05.xlsx
2012-06-05,0.878500,1.191000,0.227000,0.623000,0.142000,0.538000,"Bloomberg BGN, exported by Charlie",estr_eonia_euribor6m_1y5y_bbg_2026-10-05.xlsx
2012-06-06,0.895000,1.276300,0.246000,0.718000,0.161000,0.633000,"Bloomberg BGN, exported by Charlie",estr_eonia_euribor6m_1y5y_bbg_2026-10-05.xlsx
2012-06-07,0.909000,1.308300,0.259000,0.757000,0.174000,0.672000,"Bloomberg BGN, exported by Charlie",estr_eonia_euribor6m_1y5y_bbg_2026-10-05.xlsx
2012-06-08,0.879000,1.279700,0.225000,0.730000,0.140000,0.645000,"Bloomberg BGN, exported by Charlie",estr_eonia_euribor6m_1y5y_bbg_2026-10-05.xlsx
2012-06-11,0.882500,1.249150,0.238000,0.719000,0.153000,0.634000,"Bloomberg BGN, exported by Charlie",estr_eonia_euribor6m_1y5y_bbg_2026-10-05.xlsx
2012-06-12,0.898500,1.367900,0.256000,0.786000,0.171000,0.701000,"Bloomberg BGN, exported by Charlie",estr_eonia_euribor6m_1y5y_bbg_2026-10-05.xlsx
2012-06-13,0.914000,1.365950,0.255000,0.819500,0.170000,0.734500,"Bloomberg BGN, exported by Charlie",estr_eonia_euribor6m_1y5y_bbg_2026-10-05.xlsx
2012-06-14,0.905000,1.389000,0.248000,0.825000,0.163000,0.740000,"Bloomberg BGN, exported by Charlie",estr_eonia_euribor6m_1y5y_bbg_2026-10-05.xlsx
2012-06-15,0.864000,1.298600,0.212000,0.732000,0.127000,0.647000,"Bloomberg BGN, exported by Charlie",estr_eonia_euribor6m_1y5y_bbg_2026-10-05.xlsx
2012-06-18,0.861000,1.264000,0.194000,0.716000,0.109000,0.631000,"Bloomberg BGN, exported by Charlie",estr_eonia_euribor6m_1y5y_bbg_2026-10-05.xlsx
2012-06-19,0.876000,1.344800,0.209000,0.784000,0.124000,0.699000,"Bloomberg BGN, exported by Charlie",estr_eonia_euribor6m_1y5y_bbg_2026-10-05.xlsx
2012-06-20,0.873500,1.377000,0.214000,0.818000,0.129000,0.733000,"Bloomberg BGN, exported by Charlie",estr_eonia_euribor6m_1y5y_bbg_2026-10-05.xlsx
2012-06-21,0.852000,1.295000,0.202000,0.764000,0.117000,0.679000,"Bloomberg BGN, exported by Charlie",estr_eonia_euribor6m_1y5y_bbg_2026-10-05.xlsx
2012-06-22,0.854000,1.318900,0.206000,0.792000,0.121000,0.707000,"Bloomberg BGN, exported by Charlie",estr_eonia_euribor6m_1y5y_bbg_2026-10-05.xlsx
2012-06-25,0.842000,1.253400,0.199000,0.734000,0.114000,0.649000,"Bloomberg BGN, exported by Charlie",estr_eonia_euribor6m_1y5y_bbg_2026-10-05.xlsx
2012-06-26,0.858000,1.290200,0.209000,0.768000,0.124000,0.683000,"Bloomberg BGN, exported by Charlie",estr_eonia_euribor6m_1y5y_bbg_2026-10-05.xlsx
2012-06-27,0.857000,1.303000,0.212000,0.800000,0.127000,0.715000,"Bloomberg BGN, exported by Charlie",estr_eonia_euribor6m_1y5y_bbg_2026-10-05.xlsx
2012-06-28,0.855000,1.299000,0.219000,0.761000,0.134000,0.676000,"Bloomberg BGN, exported by Charlie",estr_eonia_euribor6m_1y5y_bbg_2026-10-05.xlsx
2012-06-29,0.853000,1.306000,0.226000,0.791000,0.141000,0.706000,"Bloomberg BGN, exported by Charlie",estr_eonia_euribor6m_1y5y_bbg_2026-10-05.xlsx
2012-07-02,0.839000,1.250000,0.214000,0.731000,0.129000,0.646000,"Bloomberg BGN, exported by Charlie",estr_eonia_euribor6m_1y5y_bbg_2026-10-05.xlsx
2012-07-03,0.835000,1.231000,0.211000,0.728000,0.126000,0.643000,"Bloomberg BGN, exported by Charlie",estr_eonia_euribor6m_1y5y_bbg_2026-10-05.xlsx
2012-07-04,0.829000,1.207700,0.208000,0.704000,0.123000,0.619000,"Bloomberg BGN, exported by Charlie",estr_eonia_euribor6m_1y5y_bbg_2026-10-05.xlsx
2012-07-05,0.804000,1.130000,0.137000,0.624000,0.052000,0.539000,"Bloomberg BGN, exported by Charlie",estr_eonia_euribor6m_1y5y_bbg_2026-10-05.xlsx
2012-07-06,0.765000,1.101600,0.126000,0.597000,0.041000,0.512000,"Bloomberg BGN, exported by Charlie",estr_eonia_euribor6m_1y5y_bbg_2026-10-05.xlsx
2012-07-09,0.772500,1.129700,0.137000,0.617000,0.052000,0.532000,"Bloomberg BGN, exported by Charlie",estr_eonia_euribor6m_1y5y_bbg_2026-10-05.xlsx
2012-07-10,0.760000,1.129000,0.130000,0.621000,0.045000,0.536000,"Bloomberg BGN, exported by Charlie",estr_eonia_euribor6m_1y5y_bbg_2026-10-05.xlsx
2012-07-11,0.743000,1.126200,0.112000,0.602000,0.027000,0.517000,"Bloomberg BGN, exported by Charlie",estr_eonia_euribor6m_1y5y_bbg_2026-10-05.xlsx
2012-07-12,0.715000,1.083700,0.107000,0.582000,0.022000,0.497000,"Bloomberg BGN, exported by Charlie",estr_eonia_euribor6m_1y5y_bbg_2026-10-05.xlsx
2012-07-13,0.696500,1.077000,0.108000,0.613000,0.023000,0.528000,"Bloomberg BGN, exported by Charlie",estr_eonia_euribor6m_1y5y_bbg_2026-10-05.xlsx
2012-07-16,0.695000,1.079600,0.101000,0.595000,0.016000,0.510000,"Bloomberg BGN, exported by Charlie",estr_eonia_euribor6m_1y5y_bbg_2026-10-05.xlsx
2012-07-17,0.696000,1.078000,0.096000,0.587500,0.011000,0.502500,"Bloomberg BGN, exported by Charlie",estr_eonia_euribor6m_1y5y_bbg_2026-10-05.xlsx
2012-07-18,0.678500,1.047000,0.080000,0.560000,-0.005000,0.475000,"Bloomberg BGN, exported by Charlie",estr_eonia_euribor6m_1y5y_bbg_2026-10-05.xlsx
2012-07-19,0.672500,1.051800,0.075000,0.567000,-0.010000,0.482000,"Bloomberg BGN, exported by Charlie",estr_eonia_euribor6m_1y5y_bbg_2026-10-05.xlsx
2012-07-20,0.658000,1.005000,0.056000,0.516000,-0.029000,0.431000,"Bloomberg BGN, exported by Charlie",estr_eonia_euribor6m_1y5y_bbg_2026-10-05.xlsx
2012-07-23,0.665000,1.031000,0.066000,0.532000,-0.019000,0.447000,"Bloomberg BGN, exported by Charlie",estr_eonia_euribor6m_1y5y_bbg_2026-10-05.xlsx
2012-07-24,0.665500,1.044000,0.060000,0.539000,-0.025000,0.454000,"Bloomberg BGN, exported by Charlie",estr_eonia_euribor6m_1y5y_bbg_2026-10-05.xlsx
2012-07-25,0.665000,1.058600,0.078000,0.571000,-0.007000,0.486000,"Bloomberg BGN, exported by Charlie",estr_eonia_euribor6m_1y5y_bbg_2026-10-05.xlsx
2012-07-26,0.665000,1.101000,0.075500,0.594000,-0.009500,0.509000,"Bloomberg BGN, exported by Charlie",estr_eonia_euribor6m_1y5y_bbg_2026-10-05.xlsx
2012-07-27,0.612500,1.100300,-0.003000,0.630000,-0.088000,0.545000,"Bloomberg BGN, exported by Charlie",estr_eonia_euribor6m_1y5y_bbg_2026-10-05.xlsx
2012-07-30,0.601000,1.064000,0.031000,0.576000,-0.054000,0.491000,"Bloomberg BGN, exported by Charlie",estr_eonia_euribor6m_1y5y_bbg_2026-10-05.xlsx
2012-07-31,0.605000,1.020000,0.040000,0.539000,-0.045000,0.454000,"Bloomberg BGN, exported by Charlie",estr_eonia_euribor6m_1y5y_bbg_2026-10-05.xlsx
2012-08-01,0.606000,1.070000,0.035000,0.573000,-0.050000,0.488000,"Bloomberg BGN, exported by Charlie",estr_eonia_euribor6m_1y5y_bbg_2026-10-05.xlsx
2012-08-02,0.606500,1.022000,0.055000,0.527500,-0.030000,0.442500,"Bloomberg BGN, exported by Charlie",estr_eonia_euribor6m_1y5y_bbg_2026-10-05.xlsx
2012-08-03,0.624500,1.121700,0.074000,0.643000,-0.011000,0.558000,"Bloomberg BGN, exported by Charlie",estr_eonia_euribor6m_1y5y_bbg_2026-10-05.xlsx
2012-08-06,0.596000,1.075000,0.041000,0.591000,-0.044000,0.506000,"Bloomberg BGN, exported by Charlie",estr_eonia_euribor6m_1y5y_bbg_2026-10-05.xlsx
2012-08-07,0.610000,1.119300,0.054000,0.638000,-0.031000,0.553000,"Bloomberg BGN, exported by Charlie",estr_eonia_euribor6m_1y5y_bbg_2026-10-05.xlsx
2012-08-08,0.598000,1.087200,0.047000,0.593500,-0.038000,0.508500,"Bloomberg BGN, exported by Charlie",estr_eonia_euribor6m_1y5y_bbg_2026-10-05.xlsx
2012-08-09,0.579000,1.053600,0.039000,0.589000,-0.046000,0.504000,"Bloomberg BGN, exported by Charlie",estr_eonia_euribor6m_1y5y_bbg_2026-10-05.xlsx
2012-08-10,0.568000,1.025800,0.045000,0.561000,-0.040000,0.476000,"Bloomberg BGN, exported by Charlie",estr_eonia_euribor6m_1y5y_bbg_2026-10-05.xlsx
2012-08-13,0.573000,1.040000,0.052000,0.574000,-0.033000,0.489000,"Bloomberg BGN, exported by Charlie",estr_eonia_euribor6m_1y5y_bbg_2026-10-05.xlsx
2012-08-14,0.575000,1.076500,0.055000,0.615000,-0.030000,0.530000,"Bloomberg BGN, exported by Charlie",estr_eonia_euribor6m_1y5y_bbg_2026-10-05.xlsx
2012-08-15,0.574500,1.126000,0.060000,0.679000,-0.025000,0.594000,"Bloomberg BGN, exported by Charlie",estr_eonia_euribor6m_1y5y_bbg_2026-10-05.xlsx
2012-08-16,0.566500,1.104000,0.056500,0.658000,-0.028500,0.573000,"Bloomberg BGN, exported by Charlie",estr_eonia_euribor6m_1y5y_bbg_2026-10-05.xlsx
2012-08-17,0.548000,1.067300,0.051000,0.624000,-0.034000,0.539000,"Bloomberg BGN, exported by Charlie",estr_eonia_euribor6m_1y5y_bbg_2026-10-05.xlsx
2012-08-20,0.540500,1.049900,0.053000,0.635000,-0.032000,0.550000,"Bloomberg BGN, exported by Charlie",estr_eonia_euribor6m_1y5y_bbg_2026-10-05.xlsx
2012-08-21,0.549500,1.048200,0.055000,0.645500,-0.030000,0.560500,"Bloomberg BGN, exported by Charlie",estr_eonia_euribor6m_1y5y_bbg_2026-10-05.xlsx
2012-08-22,0.540000,1.025400,0.058000,0.619500,-0.027000,0.534500,"Bloomberg BGN, exported by Charlie",estr_eonia_euribor6m_1y5y_bbg_2026-10-05.xlsx
2012-08-23,0.517000,0.981900,0.049000,0.572000,-0.036000,0.487000,"Bloomberg BGN, exported by Charlie",estr_eonia_euribor6m_1y5y_bbg_2026-10-05.xlsx
2012-08-24,0.509000,0.959000,0.060000,0.555000,-0.025000,0.470000,"Bloomberg BGN, exported by Charlie",estr_eonia_euribor6m_1y5y_bbg_2026-10-05.xlsx
2012-08-27,0.506000,0.960600,0.056500,0.570000,-0.028500,0.485000,"Bloomberg BGN, exported by Charlie",estr_eonia_euribor6m_1y5y_bbg_2026-10-05.xlsx
2012-08-28,0.508000,0.964500,0.064000,0.573000,-0.021000,0.488000,"Bloomberg BGN, exported by Charlie",estr_eonia_euribor6m_1y5y_bbg_2026-10-05.xlsx
2012-08-29,0.506000,0.960000,0.057000,0.574000,-0.028000,0.489000,"Bloomberg BGN, exported by Charlie",estr_eonia_euribor6m_1y5y_bbg_2026-10-05.xlsx
2012-08-30,0.493000,0.930900,0.051000,0.534000,-0.034000,0.449000,"Bloomberg BGN, exported by Charlie",estr_eonia_euribor6m_1y5y_bbg_2026-10-05.xlsx
2012-08-31,0.494000,0.934000,0.056000,0.552000,-0.029000,0.467000,"Bloomberg BGN, exported by Charlie",estr_eonia_euribor6m_1y5y_bbg_2026-10-05.xlsx
2012-09-03,0.490000,0.947600,0.054000,0.561000,-0.031000,0.476000,"Bloomberg BGN, exported by Charlie",estr_eonia_euribor6m_1y5y_bbg_2026-10-05.xlsx
2012-09-04,0.488000,0.956500,0.051000,0.561000,-0.034000,0.476000,"Bloomberg BGN, exported by Charlie",estr_eonia_euribor6m_1y5y_bbg_2026-10-05.xlsx
2012-09-05,0.480000,0.971000,0.051000,0.576000,-0.034000,0.491000,"Bloomberg BGN, exported by Charlie",estr_eonia_euribor6m_1y5y_bbg_2026-10-05.xlsx
2012-09-06,0.492000,1.029000,0.073000,0.655000,-0.012000,0.570000,"Bloomberg BGN, exported by Charlie",estr_eonia_euribor6m_1y5y_bbg_2026-10-05.xlsx
2012-09-07,0.486500,1.035000,0.066000,0.638000,-0.019000,0.553000,"Bloomberg BGN, exported by Charlie",estr_eonia_euribor6m_1y5y_bbg_2026-10-05.xlsx
2012-09-10,0.483000,0.989100,0.065000,0.633000,-0.020000,0.548000,"Bloomberg BGN, exported by Charlie",estr_eonia_euribor6m_1y5y_bbg_2026-10-05.xlsx
2012-09-11,0.471000,1.001000,0.069000,0.635000,-0.016000,0.550000,"Bloomberg BGN, exported by Charlie",estr_eonia_euribor6m_1y5y_bbg_2026-10-05.xlsx
2012-09-12,0.487000,1.059500,0.085000,0.697000,,0.612000,"Bloomberg BGN, exported by Charlie",estr_eonia_euribor6m_1y5y_bbg_2026-10-05.xlsx
2012-09-13,0.468000,1.019900,0.079000,0.687000,-0.006000,0.602000,"Bloomberg BGN, exported by Charlie",estr_eonia_euribor6m_1y5y_bbg_2026-10-05.xlsx
2012-09-14,0.477000,1.090000,0.088000,0.744000,0.003000,0.659000,"Bloomberg BGN, exported by Charlie",estr_eonia_euribor6m_1y5y_bbg_2026-10-05.xlsx
2012-09-17,0.466000,1.085700,0.077000,0.727000,-0.008000,0.642000,"Bloomberg BGN, exported by Charlie",estr_eonia_euribor6m_1y5y_bbg_2026-10-05.xlsx
2012-09-18,0.451000,1.049500,0.071000,0.703000,-0.014000,0.618000,"Bloomberg BGN, exported by Charlie",estr_eonia_euribor6m_1y5y_bbg_2026-10-05.xlsx
2012-09-19,0.439000,1.022000,0.074000,0.683000,-0.011000,0.598000,"Bloomberg BGN, exported by Charlie",estr_eonia_euribor6m_1y5y_bbg_2026-10-05.xlsx
2012-09-20,0.410000,0.963000,0.054000,0.637000,-0.031000,0.552000,"Bloomberg BGN, exported by Charlie",estr_eonia_euribor6m_1y5y_bbg_2026-10-05.xlsx
2012-09-21,0.397000,0.935200,0.054000,0.639000,-0.031000,0.554000,"Bloomberg BGN, exported by Charlie",estr_eonia_euribor6m_1y5y_bbg_2026-10-05.xlsx
2012-09-24,0.400000,0.924000,0.065000,0.636000,-0.020000,0.551000,"Bloomberg BGN, exported by Charlie",estr_eonia_euribor6m_1y5y_bbg_2026-10-05.xlsx
2012-09-25,0.418000,0.944000,0.069500,0.670000,-0.015500,0.585000,"Bloomberg BGN, exported by Charlie",estr_eonia_euribor6m_1y5y_bbg_2026-10-05.xlsx
2012-09-26,0.434000,0.946000,0.071000,0.624000,-0.014000,0.539000,"Bloomberg BGN, exported by Charlie",estr_eonia_euribor6m_1y5y_bbg_2026-10-05.xlsx
2012-09-27,0.422000,0.951000,0.071000,0.628500,-0.014000,0.543500,"Bloomberg BGN, exported by Charlie",estr_eonia_euribor6m_1y5y_bbg_2026-10-05.xlsx
2012-09-28,0.409000,0.947000,0.070000,0.629000,-0.015000,0.544000,"Bloomberg BGN, exported by Charlie",estr_eonia_euribor6m_1y5y_bbg_2026-10-05.xlsx
2012-10-01,0.427000,0.942000,0.075000,0.630000,-0.010000,0.545000,"Bloomberg BGN, exported by Charlie",estr_eonia_euribor6m_1y5y_bbg_2026-10-05.xlsx
2012-10-02,0.421000,0.942000,0.073000,0.626000,-0.012000,0.541000,"Bloomberg BGN, exported by Charlie",estr_eonia_euribor6m_1y5y_bbg_2026-10-05.xlsx
2012-10-03,0.406000,0.917000,0.060000,0.610000,-0.025000,0.525000,"Bloomberg BGN, exported by Charlie",estr_eonia_euribor6m_1y5y_bbg_2026-10-05.xlsx
2012-10-04,0.415000,0.960000,0.077000,0.624500,-0.008000,0.539500,"Bloomberg BGN, exported by Charlie",estr_eonia_euribor6m_1y5y_bbg_2026-10-05.xlsx
2012-10-05,0.413000,0.955200,0.076000,0.640000,-0.009000,0.555000,"Bloomberg BGN, exported by Charlie",estr_eonia_euribor6m_1y5y_bbg_2026-10-05.xlsx
2012-10-08,0.404000,0.931000,0.068000,0.609500,-0.017000,0.524500,"Bloomberg BGN, exported by Charlie",estr_eonia_euribor6m_1y5y_bbg_2026-10-05.xlsx
2012-10-09,0.401000,0.926100,0.064500,0.601000,-0.020500,0.516000,"Bloomberg BGN, exported by Charlie",estr_eonia_euribor6m_1y5y_bbg_2026-10-05.xlsx
2012-10-10,0.402000,0.916000,0.070000,0.591000,-0.015000,0.506000,"Bloomberg BGN, exported by Charlie",estr_eonia_euribor6m_1y5y_bbg_2026-10-05.xlsx
2012-10-11,0.405500,0.913900,0.070500,0.601000,-0.014500,0.516000,"Bloomberg BGN, exported by Charlie",estr_eonia_euribor6m_1y5y_bbg_2026-10-05.xlsx
2012-10-12,0.410500,0.920500,0.072000,0.586500,-0.013000,0.501500,"Bloomberg BGN, exported by Charlie",estr_eonia_euribor6m_1y5y_bbg_2026-10-05.xlsx
2012-10-15,0.421000,0.948000,0.085000,0.610000,,0.525000,"Bloomberg BGN, exported by Charlie",estr_eonia_euribor6m_1y5y_bbg_2026-10-05.xlsx
2012-10-16,0.428500,0.980500,0.086000,0.642000,0.001000,0.557000,"Bloomberg BGN, exported by Charlie",estr_eonia_euribor6m_1y5y_bbg_2026-10-05.xlsx
2012-10-17,0.426000,1.050000,0.096000,0.708000,0.011000,0.623000,"Bloomberg BGN, exported by Charlie",estr_eonia_euribor6m_1y5y_bbg_2026-10-05.xlsx
2012-10-18,0.421000,1.035000,0.091000,0.707000,0.006000,0.622000,"Bloomberg BGN, exported by Charlie",estr_eonia_euribor6m_1y5y_bbg_2026-10-05.xlsx
2012-10-19,0.420500,0.999000,0.093000,0.690000,0.008000,0.605000,"Bloomberg BGN, exported by Charlie",estr_eonia_euribor6m_1y5y_bbg_2026-10-05.xlsx
2012-10-22,0.429000,1.049000,0.099000,0.719000,0.014000,0.634000,"Bloomberg BGN, exported by Charlie",estr_eonia_euribor6m_1y5y_bbg_2026-10-05.xlsx
2012-10-23,0.420000,1.021500,0.094000,0.700000,0.009000,0.615000,"Bloomberg BGN, exported by Charlie",estr_eonia_euribor6m_1y5y_bbg_2026-10-05.xlsx
2012-10-24,0.409000,1.006000,0.087000,0.677500,0.002000,0.592500,"Bloomberg BGN, exported by Charlie",estr_eonia_euribor6m_1y5y_bbg_2026-10-05.xlsx
2012-10-25,0.412000,1.017700,0.090000,0.690000,0.005000,0.605000,"Bloomberg BGN, exported by Charlie",estr_eonia_euribor6m_1y5y_bbg_2026-10-05.xlsx
2012-10-26,0.400000,0.971500,0.079000,0.648000,-0.006000,0.563000,"Bloomberg BGN, exported by Charlie",estr_eonia_euribor6m_1y5y_bbg_2026-10-05.xlsx
2012-10-29,0.396000,0.957500,0.080000,0.635000,-0.005000,0.550000,"Bloomberg BGN, exported by Charlie",estr_eonia_euribor6m_1y5y_bbg_2026-10-05.xlsx
2012-10-30,0.398000,0.957900,0.078000,0.631000,-0.007000,0.546000,"Bloomberg BGN, exported by Charlie",estr_eonia_euribor6m_1y5y_bbg_2026-10-05.xlsx
2012-10-31,0.401000,0.954500,0.085000,0.632000,,0.547000,"Bloomberg BGN, exported by Charlie",estr_eonia_euribor6m_1y5y_bbg_2026-10-05.xlsx
2012-11-01,0.389500,0.954100,0.072500,0.617000,-0.012500,0.532000,"Bloomberg BGN, exported by Charlie",estr_eonia_euribor6m_1y5y_bbg_2026-10-05.xlsx
2012-11-02,0.381000,0.928000,0.061500,0.609500,-0.023500,0.524500,"Bloomberg BGN, exported by Charlie",estr_eonia_euribor6m_1y5y_bbg_2026-10-05.xlsx
2012-11-05,0.374000,0.925000,0.059500,0.594500,-0.025500,0.509500,"Bloomberg BGN, exported by Charlie",estr_eonia_euribor6m_1y5y_bbg_2026-10-05.xlsx
2012-11-06,0.368000,0.936000,0.058000,0.603000,-0.027000,0.518000,"Bloomberg BGN, exported by Charlie",estr_eonia_euribor6m_1y5y_bbg_2026-10-05.xlsx
2012-11-07,0.353000,0.872000,0.046500,0.545500,-0.038500,0.460500,"Bloomberg BGN, exported by Charlie",estr_eonia_euribor6m_1y5y_bbg_2026-10-05.xlsx
2012-11-08,0.348000,0.855800,0.047000,0.553000,-0.038000,0.468000,"Bloomberg BGN, exported by Charlie",estr_eonia_euribor6m_1y5y_bbg_2026-10-05.xlsx
2012-11-09,0.348500,0.839000,0.051000,0.533000,-0.034000,0.448000,"Bloomberg BGN, exported by Charlie",estr_eonia_euribor6m_1y5y_bbg_2026-10-05.xlsx
2012-11-12,0.341000,0.844000,0.048000,0.533500,-0.037000,0.448500,"Bloomberg BGN, exported by Charlie",estr_eonia_euribor6m_1y5y_bbg_2026-10-05.xlsx
2012-11-13,0.340000,0.826600,0.048000,0.519000,-0.037000,0.434000,"Bloomberg BGN, exported by Charlie",estr_eonia_euribor6m_1y5y_bbg_2026-10-05.xlsx
2012-11-14,0.340000,0.830000,0.045000,0.515500,-0.040000,0.430500,"Bloomberg BGN, exported by Charlie",estr_eonia_euribor6m_1y5y_bbg_2026-10-05.xlsx
2012-11-15,0.341000,0.835200,0.044000,0.510500,-0.041000,0.425500,"Bloomberg BGN, exported by Charlie",estr_eonia_euribor6m_1y5y_bbg_2026-10-05.xlsx
2012-11-16,0.348000,0.845000,0.044500,0.517000,-0.040500,0.432000,"Bloomberg BGN, exported by Charlie",estr_eonia_euribor6m_1y5y_bbg_2026-10-05.xlsx
2012-11-19,0.347000,0.858300,0.049000,0.525000,-0.036000,0.440000,"Bloomberg BGN, exported by Charlie",estr_eonia_euribor6m_1y5y_bbg_2026-10-05.xlsx
2012-11-20,0.353000,0.895500,0.050000,0.558000,-0.035000,0.473000,"Bloomberg BGN, exported by Charlie",estr_eonia_euribor6m_1y5y_bbg_2026-10-05.xlsx
2012-11-21,0.358000,0.905300,0.050000,0.573000,-0.035000,0.488000,"Bloomberg BGN, exported by Charlie",estr_eonia_euribor6m_1y5y_bbg_2026-10-05.xlsx
2012-11-22,0.357000,0.906000,0.049000,0.571500,-0.036000,0.486500,"Bloomberg BGN, exported by Charlie",estr_eonia_euribor6m_1y5y_bbg_2026-10-05.xlsx
2012-11-23,0.360000,0.911000,0.051500,0.570000,-0.033500,0.485000,"Bloomberg BGN, exported by Charlie",estr_eonia_euribor6m_1y5y_bbg_2026-10-05.xlsx
2012-11-26,0.359500,0.906000,0.051000,0.561000,-0.034000,0.476000,"Bloomberg BGN, exported by Charlie",estr_eonia_euribor6m_1y5y_bbg_2026-10-05.xlsx
2012-11-27,0.361000,0.899000,0.051000,0.570000,-0.034000,0.485000,"Bloomberg BGN, exported by Charlie",estr_eonia_euribor6m_1y5y_bbg_2026-10-05.xlsx
2012-11-28,0.348000,0.864000,0.046500,0.529000,-0.038500,0.444000,"Bloomberg BGN, exported by Charlie",estr_eonia_euribor6m_1y5y_bbg_2026-10-05.xlsx
2012-11-29,0.354000,0.866000,0.049500,0.537000,-0.035500,0.452000,"Bloomberg BGN, exported by Charlie",estr_eonia_euribor6m_1y5y_bbg_2026-10-05.xlsx
2012-11-30,0.353000,0.852000,0.046500,0.538000,-0.038500,0.453000,"Bloomberg BGN, exported by Charlie",estr_eonia_euribor6m_1y5y_bbg_2026-10-05.xlsx
2012-12-03,0.356000,0.891000,0.048000,0.563000,-0.037000,0.478000,"Bloomberg BGN, exported by Charlie",estr_eonia_euribor6m_1y5y_bbg_2026-10-05.xlsx
2012-12-04,0.343500,0.872000,0.045000,0.550500,-0.040000,0.465500,"Bloomberg BGN, exported by Charlie",estr_eonia_euribor6m_1y5y_bbg_2026-10-05.xlsx
2012-12-05,0.335000,0.842000,0.040000,0.519500,-0.045000,0.434500,"Bloomberg BGN, exported by Charlie",estr_eonia_euribor6m_1y5y_bbg_2026-10-05.xlsx
2012-12-06,0.314000,0.781000,0.011500,0.457000,-0.073500,0.372000,"Bloomberg BGN, exported by Charlie",estr_eonia_euribor6m_1y5y_bbg_2026-10-05.xlsx
2012-12-07,0.294000,0.751500,-0.011500,0.430500,-0.096500,0.345500,"Bloomberg BGN, exported by Charlie",estr_eonia_euribor6m_1y5y_bbg_2026-10-05.xlsx
2012-12-10,0.287250,0.759500,-0.011000,0.441000,-0.096000,0.356000,"Bloomberg BGN, exported by Charlie",estr_eonia_euribor6m_1y5y_bbg_2026-10-05.xlsx
2012-12-11,0.290000,0.770000,0.005000,0.461000,-0.080000,0.376000,"Bloomberg BGN, exported by Charlie",estr_eonia_euribor6m_1y5y_bbg_2026-10-05.xlsx
2012-12-12,0.297000,0.797000,0.019000,0.472000,-0.066000,0.387000,"Bloomberg BGN, exported by Charlie",estr_eonia_euribor6m_1y5y_bbg_2026-10-05.xlsx
2012-12-13,0.294000,0.792000,0.018500,0.494000,-0.066500,0.409000,"Bloomberg BGN, exported by Charlie",estr_eonia_euribor6m_1y5y_bbg_2026-10-05.xlsx
2012-12-14,0.300000,0.809700,0.027000,0.498000,-0.058000,0.413000,"Bloomberg BGN, exported by Charlie",estr_eonia_euribor6m_1y5y_bbg_2026-10-05.xlsx
2012-12-17,0.314000,0.817000,0.037000,0.505000,-0.048000,0.420000,"Bloomberg BGN, exported by Charlie",estr_eonia_euribor6m_1y5y_bbg_2026-10-05.xlsx
2012-12-18,0.309000,0.834000,0.037000,0.529300,-0.048000,0.444250,"Bloomberg BGN, exported by Charlie",estr_eonia_euribor6m_1y5y_bbg_2026-10-05.xlsx
2012-12-19,0.315000,0.835000,0.039000,0.533800,-0.046000,0.448800,"Bloomberg BGN, exported by Charlie",estr_eonia_euribor6m_1y5y_bbg_2026-10-05.xlsx
2012-12-20,0.318000,0.819000,0.042000,0.522000,-0.043000,0.437000,"Bloomberg BGN, exported by Charlie",estr_eonia_euribor6m_1y5y_bbg_2026-10-05.xlsx
2012-12-21,0.319000,0.805000,0.043000,0.507500,-0.042000,0.422500,"Bloomberg BGN, exported by Charlie",estr_eonia_euribor6m_1y5y_bbg_2026-10-05.xlsx
2012-12-24,0.324500,0.802300,0.054000,0.507500,-0.031000,0.422500,"Bloomberg BGN, exported by Charlie",estr_eonia_euribor6m_1y5y_bbg_2026-10-05.xlsx
2012-12-25,,,0.042000,,,,"Bloomberg BGN, exported by Charlie",estr_eonia_euribor6m_1y5y_bbg_2026-10-05.xlsx
2012-12-26,,0.804000,0.042000,,,,"Bloomberg BGN, exported by Charlie",estr_eonia_euribor6m_1y5y_bbg_2026-10-05.xlsx
2012-12-27,0.329000,0.768000,0.056000,0.481000,-0.029000,0.396000,"Bloomberg BGN, exported by Charlie",estr_eonia_euribor6m_1y5y_bbg_2026-10-05.xlsx
2012-12-28,0.325000,0.771400,0.052000,0.472000,-0.033000,0.387000,"Bloomberg BGN, exported by Charlie",estr_eonia_euribor6m_1y5y_bbg_2026-10-05.xlsx
2012-12-31,0.326000,0.770000,0.049500,0.472000,-0.035500,0.387000,"Bloomberg BGN, exported by Charlie",estr_eonia_euribor6m_1y5y_bbg_2026-10-05.xlsx
2013-01-01,0.324000,,0.050000,,,,"Bloomberg BGN, exported by Charlie",estr_eonia_euribor6m_1y5y_bbg_2026-10-05.xlsx
2013-01-02,0.330000,0.846000,0.054000,0.546500,-0.031000,0.461500,"Bloomberg BGN, exported by Charlie",estr_eonia_euribor6m_1y5y_bbg_2026-10-05.xlsx
2013-01-03,0.342000,0.896000,0.065000,0.571000,-0.020000,0.486000,"Bloomberg BGN, exported by Charlie",estr_eonia_euribor6m_1y5y_bbg_2026-10-05.xlsx
2013-01-04,0.364000,0.911700,0.073000,0.609500,-0.012000,0.524500,"Bloomberg BGN, exported by Charlie",estr_eonia_euribor6m_1y5y_bbg_2026-10-05.xlsx
2013-01-07,0.358000,0.893000,0.070500,0.587000,-0.014500,0.502000,"Bloomberg BGN, exported by Charlie",estr_eonia_euribor6m_1y5y_bbg_2026-10-05.xlsx
2013-01-08,0.351000,0.869000,0.064500,0.566000,-0.020500,0.481000,"Bloomberg BGN, exported by Charlie",estr_eonia_euribor6m_1y5y_bbg_2026-10-05.xlsx
2013-01-09,0.343000,0.856000,0.059000,0.554000,-0.026000,0.469000,"Bloomberg BGN, exported by Charlie",estr_eonia_euribor6m_1y5y_bbg_2026-10-05.xlsx
2013-01-10,0.369000,0.937500,0.093000,0.641000,0.008000,0.556000,"Bloomberg BGN, exported by Charlie",estr_eonia_euribor6m_1y5y_bbg_2026-10-05.xlsx
2013-01-11,0.399000,0.967000,0.114000,0.672500,0.029000,0.587500,"Bloomberg BGN, exported by Charlie",estr_eonia_euribor6m_1y5y_bbg_2026-10-05.xlsx
2013-01-14,0.412000,0.988000,0.136000,0.670000,0.051000,0.585000,"Bloomberg BGN, exported by Charlie",estr_eonia_euribor6m_1y5y_bbg_2026-10-05.xlsx
2013-01-15,0.409000,0.973000,0.132000,0.662500,0.047000,0.577500,"Bloomberg BGN, exported by Charlie",estr_eonia_euribor6m_1y5y_bbg_2026-10-05.xlsx
2013-01-16,0.402000,0.944000,0.137000,0.649300,0.052000,0.564300,"Bloomberg BGN, exported by Charlie",estr_eonia_euribor6m_1y5y_bbg_2026-10-05.xlsx
2013-01-17,0.462000,1.054000,0.203000,0.755800,0.118000,0.670800,"Bloomberg BGN, exported by Charlie",estr_eonia_euribor6m_1y5y_bbg_2026-10-05.xlsx
2013-01-18,0.445000,1.018500,0.164000,0.699000,0.079000,0.614000,"Bloomberg BGN, exported by Charlie",estr_eonia_euribor6m_1y5y_bbg_2026-10-05.xlsx
2013-01-21,0.444000,1.033000,0.163000,0.726000,0.078000,0.641000,"Bloomberg BGN, exported by Charlie",estr_eonia_euribor6m_1y5y_bbg_2026-10-05.xlsx
2013-01-22,0.431000,1.020000,0.153000,0.704500,0.068000,0.619500,"Bloomberg BGN, exported by Charlie",estr_eonia_euribor6m_1y5y_bbg_2026-10-05.xlsx
2013-01-23,0.433000,0.992000,0.163000,0.683000,0.078000,0.598000,"Bloomberg BGN, exported by Charlie",estr_eonia_euribor6m_1y5y_bbg_2026-10-05.xlsx
2013-01-24,0.441000,1.011000,0.175000,0.709500,0.090000,0.624500,"Bloomberg BGN, exported by Charlie",estr_eonia_euribor6m_1y5y_bbg_2026-10-05.xlsx
2013-01-25,0.499000,1.138500,0.237000,0.821000,0.152000,0.736000,"Bloomberg BGN, exported by Charlie",estr_eonia_euribor6m_1y5y_bbg_2026-10-05.xlsx
2013-01-28,0.513000,1.199500,0.241000,0.884000,0.156000,0.799000,"Bloomberg BGN, exported by Charlie",estr_eonia_euribor6m_1y5y_bbg_2026-10-05.xlsx
2013-01-29,0.501000,1.183500,0.224000,0.868000,0.139000,0.783000,"Bloomberg BGN, exported by Charlie",estr_eonia_euribor6m_1y5y_bbg_2026-10-05.xlsx
2013-01-30,0.512000,1.192000,0.237000,0.890500,0.152000,0.805500,"Bloomberg BGN, exported by Charlie",estr_eonia_euribor6m_1y5y_bbg_2026-10-05.xlsx
2013-01-31,0.512000,1.187500,0.237500,0.870000,0.152500,0.785000,"Bloomberg BGN, exported by Charlie",estr_eonia_euribor6m_1y5y_bbg_2026-10-05.xlsx
2013-02-01,0.507000,1.184500,0.223500,0.833000,0.138500,0.748000,"Bloomberg BGN, exported by Charlie",estr_eonia_euribor6m_1y5y_bbg_2026-10-05.xlsx
2013-02-04,0.481000,1.117600,0.197000,0.790000,0.112000,0.705000,"Bloomberg BGN, exported by Charlie",estr_eonia_euribor6m_1y5y_bbg_2026-10-05.xlsx
2013-02-05,0.491000,1.151000,0.207000,0.823200,0.122000,0.738200,"Bloomberg BGN, exported by Charlie",estr_eonia_euribor6m_1y5y_bbg_2026-10-05.xlsx
2013-02-06,0.486000,1.139000,0.201000,0.811000,0.116000,0.726000,"Bloomberg BGN, exported by Charlie",estr_eonia_euribor6m_1y5y_bbg_2026-10-05.xlsx
2013-02-07,0.460000,1.087500,0.173500,0.755900,0.088500,0.670900,"Bloomberg BGN, exported by Charlie",estr_eonia_euribor6m_1y5y_bbg_2026-10-05.xlsx
2013-02-08,0.454000,1.064500,0.172000,0.755200,0.087000,0.670200,"Bloomberg BGN, exported by Charlie",estr_eonia_euribor6m_1y5y_bbg_2026-10-05.xlsx
2013-02-11,0.453000,1.066500,0.168000,0.763000,0.083000,0.678000,"Bloomberg BGN, exported by Charlie",estr_eonia_euribor6m_1y5y_bbg_2026-10-05.xlsx
2013-02-12,0.454000,1.101000,0.173000,0.792700,0.088000,0.707700,"Bloomberg BGN, exported by Charlie",estr_eonia_euribor6m_1y5y_bbg_2026-10-05.xlsx
2013-02-13,0.455000,1.148500,0.179000,0.834500,0.094000,0.749500,"Bloomberg BGN, exported by Charlie",estr_eonia_euribor6m_1y5y_bbg_2026-10-05.xlsx
2013-02-14,0.435000,1.091000,0.153500,0.783000,0.068500,0.698000,"Bloomberg BGN, exported by Charlie",estr_eonia_euribor6m_1y5y_bbg_2026-10-05.xlsx
2013-02-15,0.431000,1.086500,0.154000,0.787000,0.069000,0.702000,"Bloomberg BGN, exported by Charlie",estr_eonia_euribor6m_1y5y_bbg_2026-10-05.xlsx
2013-02-18,0.428000,1.080500,0.151000,0.770000,0.066000,0.685000,"Bloomberg BGN, exported by Charlie",estr_eonia_euribor6m_1y5y_bbg_2026-10-05.xlsx
2013-02-19,0.431000,1.083700,0.153000,0.763000,0.068000,0.678000,"Bloomberg BGN, exported by Charlie",estr_eonia_euribor6m_1y5y_bbg_2026-10-05.xlsx
2013-02-20,0.440000,1.092500,0.164000,0.793000,0.079000,0.708000,"Bloomberg BGN, exported by Charlie",estr_eonia_euribor6m_1y5y_bbg_2026-10-05.xlsx
2013-02-21,0.425000,1.051000,0.146000,0.735000,0.061000,0.650000,"Bloomberg BGN, exported by Charlie",estr_eonia_euribor6m_1y5y_bbg_2026-10-05.xlsx
2013-02-22,0.394000,1.024000,0.121000,0.708000,0.036000,0.623000,"Bloomberg BGN, exported by Charlie",estr_eonia_euribor6m_1y5y_bbg_2026-10-05.xlsx
2013-02-25,0.391000,0.953500,0.125500,0.703000,0.040500,0.618000,"Bloomberg BGN, exported by Charlie",estr_eonia_euribor6m_1y5y_bbg_2026-10-05.xlsx
2013-02-26,0.379000,0.953000,0.103000,0.645000,0.018000,0.560000,"Bloomberg BGN, exported by Charlie",estr_eonia_euribor6m_1y5y_bbg_2026-10-05.xlsx
2013-02-27,0.371000,0.963500,0.098000,0.640000,0.013000,0.555000,"Bloomberg BGN, exported by Charlie",estr_eonia_euribor6m_1y5y_bbg_2026-10-05.xlsx
2013-02-28,0.355000,0.917950,0.079000,0.607000,-0.006000,0.522000,"Bloomberg BGN, exported by Charlie",estr_eonia_euribor6m_1y5y_bbg_2026-10-05.xlsx
2013-03-01,0.341000,0.890500,0.073000,0.582000,-0.012000,0.497000,"Bloomberg BGN, exported by Charlie",estr_eonia_euribor6m_1y5y_bbg_2026-10-05.xlsx
2013-03-04,0.340000,0.906400,0.075000,0.597900,-0.010000,0.512900,"Bloomberg BGN, exported by Charlie",estr_eonia_euribor6m_1y5y_bbg_2026-10-05.xlsx
2013-03-05,0.347000,0.927000,0.085000,0.619000,,0.534000,"Bloomberg BGN, exported by Charlie",estr_eonia_euribor6m_1y5y_bbg_2026-10-05.xlsx
2013-03-06,0.332000,0.908000,0.076500,0.604000,-0.008500,0.519000,"Bloomberg BGN, exported by Charlie",estr_eonia_euribor6m_1y5y_bbg_2026-10-05.xlsx
2013-03-07,0.359000,0.950000,0.101000,0.650000,0.016000,0.565000,"Bloomberg BGN, exported by Charlie",estr_eonia_euribor6m_1y5y_bbg_2026-10-05.xlsx
2013-03-08,0.354000,0.942500,0.096000,0.653300,0.011000,0.568300,"Bloomberg BGN, exported by Charlie",estr_eonia_euribor6m_1y5y_bbg_2026-10-05.xlsx
2013-03-11,0.357000,0.963000,0.099000,0.662000,0.014000,0.577000,"Bloomberg BGN, exported by Charlie",estr_eonia_euribor6m_1y5y_bbg_2026-10-05.xlsx
2013-03-12,0.350000,0.931000,0.098000,0.635000,0.013000,0.550000,"Bloomberg BGN, exported by Charlie",estr_eonia_euribor6m_1y5y_bbg_2026-10-05.xlsx
2013-03-13,0.354000,0.926000,0.102000,0.631000,0.017000,0.546000,"Bloomberg BGN, exported by Charlie",estr_eonia_euribor6m_1y5y_bbg_2026-10-05.xlsx
2013-03-14,0.357500,0.929000,0.098000,0.624000,0.013000,0.539000,"Bloomberg BGN, exported by Charlie",estr_eonia_euribor6m_1y5y_bbg_2026-10-05.xlsx
2013-03-15,0.353500,0.911500,0.095000,0.618000,0.010000,0.533000,"Bloomberg BGN, exported by Charlie",estr_eonia_euribor6m_1y5y_bbg_2026-10-05.xlsx
2013-03-18,0.357000,0.885600,0.091000,0.587000,0.006000,0.502000,"Bloomberg BGN, exported by Charlie",estr_eonia_euribor6m_1y5y_bbg_2026-10-05.xlsx
2013-03-19,0.417000,0.900000,0.112000,0.562000,0.027000,0.477000,"Bloomberg BGN, exported by Charlie",estr_eonia_euribor6m_1y5y_bbg_2026-10-05.xlsx
2013-03-20,0.412000,0.936000,0.110000,0.597000,0.025000,0.512000,"Bloomberg BGN, exported by Charlie",estr_eonia_euribor6m_1y5y_bbg_2026-10-05.xlsx
2013-03-21,0.409000,0.901000,0.114000,0.575600,0.029000,0.490600,"Bloomberg BGN, exported by Charlie",estr_eonia_euribor6m_1y5y_bbg_2026-10-05.xlsx
2013-03-22,0.416000,0.920000,0.115000,0.586000,0.030000,0.501000,"Bloomberg BGN, exported by Charlie",estr_eonia_euribor6m_1y5y_bbg_2026-10-05.xlsx
2013-03-25,0.403000,0.897000,0.108000,0.567000,0.023000,0.482000,"Bloomberg BGN, exported by Charlie",estr_eonia_euribor6m_1y5y_bbg_2026-10-05.xlsx
2013-03-26,0.399500,0.889700,0.097000,0.545000,0.012000,0.460000,"Bloomberg BGN, exported by Charlie",estr_eonia_euribor6m_1y5y_bbg_2026-10-05.xlsx
2013-03-27,0.410000,0.886200,0.092000,0.516000,0.007000,0.431000,"Bloomberg BGN, exported by Charlie",estr_eonia_euribor6m_1y5y_bbg_2026-10-05.xlsx
2013-03-28,0.410000,0.920300,0.092000,0.541000,0.007000,0.456000,"Bloomberg BGN, exported by Charlie",estr_eonia_euribor6m_1y5y_bbg_2026-10-05.xlsx
2013-03-29,0.408000,0.920000,0.092000,0.540000,,,"Bloomberg BGN, exported by Charlie",estr_eonia_euribor6m_1y5y_bbg_2026-10-05.xlsx
2013-04-01,,,0.092000,,,,"Bloomberg BGN, exported by Charlie",estr_eonia_euribor6m_1y5y_bbg_2026-10-05.xlsx
2013-04-02,0.383000,0.891100,0.090000,0.544000,0.005000,0.459000,"Bloomberg BGN, exported by Charlie",estr_eonia_euribor6m_1y5y_bbg_2026-10-05.xlsx
2013-04-03,0.379000,0.872500,0.092000,0.542000,0.007000,0.457000,"Bloomberg BGN, exported by Charlie",estr_eonia_euribor6m_1y5y_bbg_2026-10-05.xlsx
2013-04-04,0.359000,0.826800,0.081000,0.500000,-0.004000,0.415000,"Bloomberg BGN, exported by Charlie",estr_eonia_euribor6m_1y5y_bbg_2026-10-05.xlsx
2013-04-05,0.356000,0.829500,0.087000,0.492500,0.002000,0.407500,"Bloomberg BGN, exported by Charlie",estr_eonia_euribor6m_1y5y_bbg_2026-10-05.xlsx
2013-04-08,0.369000,0.851500,0.100000,0.513000,0.015000,0.428000,"Bloomberg BGN, exported by Charlie",estr_eonia_euribor6m_1y5y_bbg_2026-10-05.xlsx
2013-04-09,0.373000,0.873500,0.101000,0.532000,0.016000,0.447000,"Bloomberg BGN, exported by Charlie",estr_eonia_euribor6m_1y5y_bbg_2026-10-05.xlsx
2013-04-10,0.377000,0.882000,0.099000,0.544000,0.014000,0.459000,"Bloomberg BGN, exported by Charlie",estr_eonia_euribor6m_1y5y_bbg_2026-10-05.xlsx
2013-04-11,0.374000,0.874900,0.095000,0.529000,0.010000,0.444000,"Bloomberg BGN, exported by Charlie",estr_eonia_euribor6m_1y5y_bbg_2026-10-05.xlsx
2013-04-12,0.366000,0.834500,0.089000,0.500000,0.004000,0.415000,"Bloomberg BGN, exported by Charlie",estr_eonia_euribor6m_1y5y_bbg_2026-10-05.xlsx
2013-04-15,0.356000,0.811000,0.085000,0.486000,,0.401000,"Bloomberg BGN, exported by Charlie",estr_eonia_euribor6m_1y5y_bbg_2026-10-05.xlsx
2013-04-16,0.360000,0.830000,0.092000,0.505000,0.007000,0.420000,"Bloomberg BGN, exported by Charlie",estr_eonia_euribor6m_1y5y_bbg_2026-10-05.xlsx
2013-04-17,0.344000,0.803500,0.082000,0.480000,-0.003000,0.395000,"Bloomberg BGN, exported by Charlie",estr_eonia_euribor6m_1y5y_bbg_2026-10-05.xlsx
2013-04-18,0.339000,0.788000,0.084000,0.485000,-0.001000,0.400000,"Bloomberg BGN, exported by Charlie",estr_eonia_euribor6m_1y5y_bbg_2026-10-05.xlsx
2013-04-19,0.341000,0.801000,0.085000,0.496000,,0.411000,"Bloomberg BGN, exported by Charlie",estr_eonia_euribor6m_1y5y_bbg_2026-10-05.xlsx
2013-04-22,0.335000,0.776500,0.081000,0.475000,-0.004000,0.390000,"Bloomberg BGN, exported by Charlie",estr_eonia_euribor6m_1y5y_bbg_2026-10-05.xlsx
2013-04-23,0.329000,0.769000,0.079000,0.478000,-0.006000,0.393000,"Bloomberg BGN, exported by Charlie",estr_eonia_euribor6m_1y5y_bbg_2026-10-05.xlsx
2013-04-24,0.324500,0.768100,0.078000,0.472100,-0.007000,0.387100,"Bloomberg BGN, exported by Charlie",estr_eonia_euribor6m_1y5y_bbg_2026-10-05.xlsx
2013-04-25,0.327000,0.762000,0.080000,0.469500,-0.005000,0.384500,"Bloomberg BGN, exported by Charlie",estr_eonia_euribor6m_1y5y_bbg_2026-10-05.xlsx
2013-04-26,0.324000,0.754000,0.077000,0.456000,-0.008000,0.371000,"Bloomberg BGN, exported by Charlie",estr_eonia_euribor6m_1y5y_bbg_2026-10-05.xlsx
2013-04-29,0.321000,0.740000,0.075000,0.441000,-0.010000,0.356000,"Bloomberg BGN, exported by Charlie",estr_eonia_euribor6m_1y5y_bbg_2026-10-05.xlsx
2013-04-30,0.328000,0.751000,0.078000,0.454000,-0.007000,0.369000,"Bloomberg BGN, exported by Charlie",estr_eonia_euribor6m_1y5y_bbg_2026-10-05.xlsx
2013-05-01,0.324000,0.750200,0.071000,0.452000,,,"Bloomberg BGN, exported by Charlie",estr_eonia_euribor6m_1y5y_bbg_2026-10-05.xlsx
2013-05-02,0.300000,0.711000,0.042000,0.414000,-0.043000,0.329000,"Bloomberg BGN, exported by Charlie",estr_eonia_euribor6m_1y5y_bbg_2026-10-05.xlsx
2013-05-03,0.307000,0.761000,0.055000,0.455000,-0.030000,0.370000,"Bloomberg BGN, exported by Charlie",estr_eonia_euribor6m_1y5y_bbg_2026-10-05.xlsx
2013-05-06,0.303000,0.758000,0.048000,0.461000,-0.037000,0.376000,"Bloomberg BGN, exported by Charlie",estr_eonia_euribor6m_1y5y_bbg_2026-10-05.xlsx
2013-05-07,0.316000,0.811000,0.060000,0.507000,-0.025000,0.422000,"Bloomberg BGN, exported by Charlie",estr_eonia_euribor6m_1y5y_bbg_2026-10-05.xlsx
2013-05-08,0.311000,0.789000,0.057000,0.490000,-0.028000,0.405000,"Bloomberg BGN, exported by Charlie",estr_eonia_euribor6m_1y5y_bbg_2026-10-05.xlsx
2013-05-09,0.302000,0.782500,0.054000,0.490500,-0.031000,0.405500,"Bloomberg BGN, exported by Charlie",estr_eonia_euribor6m_1y5y_bbg_2026-10-05.xlsx
2013-05-10,0.326500,0.845500,0.071000,0.549000,-0.014000,0.464000,"Bloomberg BGN, exported by Charlie",estr_eonia_euribor6m_1y5y_bbg_2026-10-05.xlsx
2013-05-13,0.318000,0.811500,0.061000,0.521000,-0.024000,0.436000,"Bloomberg BGN, exported by Charlie",estr_eonia_euribor6m_1y5y_bbg_2026-10-05.xlsx
2013-05-14,0.325000,0.840500,0.069000,0.537000,-0.016000,0.452000,"Bloomberg BGN, exported by Charlie",estr_eonia_euribor6m_1y5y_bbg_2026-10-05.xlsx
2013-05-15,0.312000,0.805600,0.059000,0.525000,-0.026000,0.440000,"Bloomberg BGN, exported by Charlie",estr_eonia_euribor6m_1y5y_bbg_2026-10-05.xlsx
2013-05-16,0.297000,0.787500,0.040000,0.488000,-0.045000,0.403000,"Bloomberg BGN, exported by Charlie",estr_eonia_euribor6m_1y5y_bbg_2026-10-05.xlsx
2013-05-17,0.291000,0.778000,0.028000,0.464000,-0.057000,0.379000,"Bloomberg BGN, exported by Charlie",estr_eonia_euribor6m_1y5y_bbg_2026-10-05.xlsx
2013-05-20,0.301000,0.795000,0.043500,0.502800,-0.041500,0.417800,"Bloomberg BGN, exported by Charlie",estr_eonia_euribor6m_1y5y_bbg_2026-10-05.xlsx
2013-05-21,0.306000,0.824000,0.047000,0.523000,-0.038000,0.438000,"Bloomberg BGN, exported by Charlie",estr_eonia_euribor6m_1y5y_bbg_2026-10-05.xlsx
2013-05-22,0.304000,0.832000,0.045000,0.525100,-0.040000,0.440100,"Bloomberg BGN, exported by Charlie",estr_eonia_euribor6m_1y5y_bbg_2026-10-05.xlsx
2013-05-23,0.308000,0.857000,0.053000,0.566000,-0.032000,0.481000,"Bloomberg BGN, exported by Charlie",estr_eonia_euribor6m_1y5y_bbg_2026-10-05.xlsx
2013-05-24,0.306000,0.877000,0.051000,0.560000,-0.034000,0.475000,"Bloomberg BGN, exported by Charlie",estr_eonia_euribor6m_1y5y_bbg_2026-10-05.xlsx
2013-05-27,0.317000,0.900500,0.063000,0.595000,-0.022000,0.510000,"Bloomberg BGN, exported by Charlie",estr_eonia_euribor6m_1y5y_bbg_2026-10-05.xlsx
2013-05-28,0.328000,0.930000,0.065000,0.604500,-0.020000,0.519500,"Bloomberg BGN, exported by Charlie",estr_eonia_euribor6m_1y5y_bbg_2026-10-05.xlsx
2013-05-29,0.336000,0.952000,0.075000,0.647800,-0.010000,0.562800,"Bloomberg BGN, exported by Charlie",estr_eonia_euribor6m_1y5y_bbg_2026-10-05.xlsx
2013-05-30,0.343500,0.961300,0.082000,0.654000,-0.003000,0.569000,"Bloomberg BGN, exported by Charlie",estr_eonia_euribor6m_1y5y_bbg_2026-10-05.xlsx
2013-05-31,0.330000,0.933000,0.074000,0.627000,-0.011000,0.542000,"Bloomberg BGN, exported by Charlie",estr_eonia_euribor6m_1y5y_bbg_2026-10-05.xlsx
2013-06-03,0.343250,0.980000,0.090000,0.652000,0.005000,0.567000,"Bloomberg BGN, exported by Charlie",estr_eonia_euribor6m_1y5y_bbg_2026-10-05.xlsx
2013-06-04,0.340000,0.988000,0.081000,0.675000,-0.004000,0.590000,"Bloomberg BGN, exported by Charlie",estr_eonia_euribor6m_1y5y_bbg_2026-10-05.xlsx
2013-06-05,0.336000,0.961000,0.076000,0.651600,-0.009000,0.566600,"Bloomberg BGN, exported by Charlie",estr_eonia_euribor6m_1y5y_bbg_2026-10-05.xlsx
2013-06-06,0.363000,1.011000,0.111000,0.691000,0.026000,0.606000,"Bloomberg BGN, exported by Charlie",estr_eonia_euribor6m_1y5y_bbg_2026-10-05.xlsx
2013-06-07,0.388000,1.070000,0.137000,0.743000,0.052000,0.658000,"Bloomberg BGN, exported by Charlie",estr_eonia_euribor6m_1y5y_bbg_2026-10-05.xlsx
2013-06-10,0.400500,1.120600,0.141000,0.812000,0.056000,0.727000,"Bloomberg BGN, exported by Charlie",estr_eonia_euribor6m_1y5y_bbg_2026-10-05.xlsx
2013-06-11,0.401000,1.131700,0.136000,0.826700,0.051000,0.741650,"Bloomberg BGN, exported by Charlie",estr_eonia_euribor6m_1y5y_bbg_2026-10-05.xlsx
2013-06-12,0.391250,1.119500,0.131000,0.787000,0.046000,0.702000,"Bloomberg BGN, exported by Charlie",estr_eonia_euribor6m_1y5y_bbg_2026-10-05.xlsx
2013-06-13,0.388750,1.070800,0.122000,0.761000,0.037000,0.676000,"Bloomberg BGN, exported by Charlie",estr_eonia_euribor6m_1y5y_bbg_2026-10-05.xlsx
2013-06-14,0.370000,1.034000,0.111000,0.707000,0.026000,0.622000,"Bloomberg BGN, exported by Charlie",estr_eonia_euribor6m_1y5y_bbg_2026-10-05.xlsx
2013-06-17,0.373500,1.034500,0.116000,0.704000,0.031000,0.619000,"Bloomberg BGN, exported by Charlie",estr_eonia_euribor6m_1y5y_bbg_2026-10-05.xlsx
2013-06-18,0.391500,1.066600,0.133000,0.758000,0.048000,0.673000,"Bloomberg BGN, exported by Charlie",estr_eonia_euribor6m_1y5y_bbg_2026-10-05.xlsx
2013-06-19,0.392500,1.148800,0.137000,0.763000,0.052000,0.678000,"Bloomberg BGN, exported by Charlie",estr_eonia_euribor6m_1y5y_bbg_2026-10-05.xlsx
2013-06-20,0.438750,1.237000,0.170000,0.921000,0.085000,0.836000,"Bloomberg BGN, exported by Charlie",estr_eonia_euribor6m_1y5y_bbg_2026-10-05.xlsx
2013-06-21,0.462000,1.319000,0.200000,0.975000,0.115000,0.890000,"Bloomberg BGN, exported by Charlie",estr_eonia_euribor6m_1y5y_bbg_2026-10-05.xlsx
2013-06-24,0.492000,1.388000,0.207000,1.029000,0.122000,0.944000,"Bloomberg BGN, exported by Charlie",estr_eonia_euribor6m_1y5y_bbg_2026-10-05.xlsx
2013-06-25,0.478500,1.350000,0.197000,0.993000,0.112000,0.908000,"Bloomberg BGN, exported by Charlie",estr_eonia_euribor6m_1y5y_bbg_2026-10-05.xlsx
2013-06-26,0.440000,1.262000,0.169000,0.925000,0.084000,0.840000,"Bloomberg BGN, exported by Charlie",estr_eonia_euribor6m_1y5y_bbg_2026-10-05.xlsx
2013-06-27,0.427000,1.225000,0.160000,0.884500,0.075000,0.799500,"Bloomberg BGN, exported by Charlie",estr_eonia_euribor6m_1y5y_bbg_2026-10-05.xlsx
2013-06-28,0.438000,1.221000,0.168000,0.896000,0.083000,0.811000,"Bloomberg BGN, exported by Charlie",estr_eonia_euribor6m_1y5y_bbg_2026-10-05.xlsx
2013-07-01,0.449000,1.234000,0.178000,0.890900,0.093000,0.805900,"Bloomberg BGN, exported by Charlie",estr_eonia_euribor6m_1y5y_bbg_2026-10-05.xlsx
2013-07-02,0.428000,1.171300,0.159000,0.861000,0.074000,0.776000,"Bloomberg BGN, exported by Charlie",estr_eonia_euribor6m_1y5y_bbg_2026-10-05.xlsx
2013-07-03,0.440000,1.203000,0.158000,0.838000,0.073000,0.753000,"Bloomberg BGN, exported by Charlie",estr_eonia_euribor6m_1y5y_bbg_2026-10-05.xlsx
2013-07-04,0.409500,1.129000,0.127500,0.787000,0.042500,0.702000,"Bloomberg BGN, exported by Charlie",estr_eonia_euribor6m_1y5y_bbg_2026-10-05.xlsx
2013-07-05,0.389000,1.160000,0.116000,0.823000,0.031000,0.738000,"Bloomberg BGN, exported by Charlie",estr_eonia_euribor6m_1y5y_bbg_2026-10-05.xlsx
2013-07-08,0.373000,1.128500,0.109500,0.796500,0.024500,0.711500,"Bloomberg BGN, exported by Charlie",estr_eonia_euribor6m_1y5y_bbg_2026-10-05.xlsx
2013-07-09,0.375000,1.075500,0.110000,0.745000,0.025000,0.660000,"Bloomberg BGN, exported by Charlie",estr_eonia_euribor6m_1y5y_bbg_2026-10-05.xlsx
2013-07-10,0.392000,1.129000,0.129000,0.793000,0.044000,0.708000,"Bloomberg BGN, exported by Charlie",estr_eonia_euribor6m_1y5y_bbg_2026-10-05.xlsx
2013-07-11,0.404250,1.108000,0.133000,0.779000,0.048000,0.694000,"Bloomberg BGN, exported by Charlie",estr_eonia_euribor6m_1y5y_bbg_2026-10-05.xlsx
2013-07-12,0.408000,1.085000,0.139500,0.754700,0.054500,0.669700,"Bloomberg BGN, exported by Charlie",estr_eonia_euribor6m_1y5y_bbg_2026-10-05.xlsx
2013-07-15,0.411250,1.108900,0.140000,0.758000,0.055000,0.673000,"Bloomberg BGN, exported by Charlie",estr_eonia_euribor6m_1y5y_bbg_2026-10-05.xlsx
2013-07-16,0.398000,1.084900,0.127000,0.738000,0.042000,0.653000,"Bloomberg BGN, exported by Charlie",estr_eonia_euribor6m_1y5y_bbg_2026-10-05.xlsx
2013-07-17,0.391000,1.066000,0.130000,0.722000,0.045000,0.637000,"Bloomberg BGN, exported by Charlie",estr_eonia_euribor6m_1y5y_bbg_2026-10-05.xlsx
2013-07-18,0.381000,1.042500,0.116000,0.699000,0.031000,0.614000,"Bloomberg BGN, exported by Charlie",estr_eonia_euribor6m_1y5y_bbg_2026-10-05.xlsx
2013-07-19,0.394000,1.060000,0.136000,0.715000,0.051000,0.630000,"Bloomberg BGN, exported by Charlie",estr_eonia_euribor6m_1y5y_bbg_2026-10-05.xlsx
2013-07-22,0.410000,1.067000,0.149000,0.722000,0.064000,0.637000,"Bloomberg BGN, exported by Charlie",estr_eonia_euribor6m_1y5y_bbg_2026-10-05.xlsx
2013-07-23,0.425000,1.113000,0.164000,0.769000,0.079000,0.684000,"Bloomberg BGN, exported by Charlie",estr_eonia_euribor6m_1y5y_bbg_2026-10-05.xlsx
2013-07-24,0.430000,1.187000,0.164000,0.846000,0.079000,0.761000,"Bloomberg BGN, exported by Charlie",estr_eonia_euribor6m_1y5y_bbg_2026-10-05.xlsx
2013-07-25,0.413000,1.166500,0.144000,0.839000,0.059000,0.754000,"Bloomberg BGN, exported by Charlie",estr_eonia_euribor6m_1y5y_bbg_2026-10-05.xlsx
2013-07-26,0.414000,1.170000,0.148000,0.840000,0.063000,0.755000,"Bloomberg BGN, exported by Charlie",estr_eonia_euribor6m_1y5y_bbg_2026-10-05.xlsx
2013-07-29,0.422000,1.182000,0.155000,0.841000,0.070000,0.756000,"Bloomberg BGN, exported by Charlie",estr_eonia_euribor6m_1y5y_bbg_2026-10-05.xlsx
2013-07-30,0.419000,1.196000,0.151000,0.855000,0.066000,0.770000,"Bloomberg BGN, exported by Charlie",estr_eonia_euribor6m_1y5y_bbg_2026-10-05.xlsx
2013-07-31,0.409000,1.162300,0.142000,0.846500,0.057000,0.761500,"Bloomberg BGN, exported by Charlie",estr_eonia_euribor6m_1y5y_bbg_2026-10-05.xlsx
2013-08-01,0.416000,1.213000,0.147000,0.859000,0.062000,0.774000,"Bloomberg BGN, exported by Charlie",estr_eonia_euribor6m_1y5y_bbg_2026-10-05.xlsx
2013-08-02,0.420000,1.184700,0.149000,0.849000,0.064000,0.764000,"Bloomberg BGN, exported by Charlie",estr_eonia_euribor6m_1y5y_bbg_2026-10-05.xlsx
2013-08-05,0.422000,1.213500,0.151000,0.871900,0.066000,0.786850,"Bloomberg BGN, exported by Charlie",estr_eonia_euribor6m_1y5y_bbg_2026-10-05.xlsx
2013-08-06,0.427000,1.224500,0.157000,0.887000,0.072000,0.802000,"Bloomberg BGN, exported by Charlie",estr_eonia_euribor6m_1y5y_bbg_2026-10-05.xlsx
2013-08-07,0.424000,1.202000,0.153000,0.871000,0.068000,0.786000,"Bloomberg BGN, exported by Charlie",estr_eonia_euribor6m_1y5y_bbg_2026-10-05.xlsx
2013-08-08,0.425250,1.225000,0.152000,0.871000,0.067000,0.786000,"Bloomberg BGN, exported by Charlie",estr_eonia_euribor6m_1y5y_bbg_2026-10-05.xlsx
2013-08-09,0.422000,1.186500,0.151000,0.852000,0.066000,0.767000,"Bloomberg BGN, exported by Charlie",estr_eonia_euribor6m_1y5y_bbg_2026-10-05.xlsx
2013-08-12,0.421000,1.205300,0.150000,0.862000,0.065000,0.777000,"Bloomberg BGN, exported by Charlie",estr_eonia_euribor6m_1y5y_bbg_2026-10-05.xlsx
2013-08-13,0.449000,1.302000,0.184000,0.965000,0.099000,0.880000,"Bloomberg BGN, exported by Charlie",estr_eonia_euribor6m_1y5y_bbg_2026-10-05.xlsx
2013-08-14,0.439000,1.284000,0.172000,0.951900,0.087000,0.866850,"Bloomberg BGN, exported by Charlie",estr_eonia_euribor6m_1y5y_bbg_2026-10-05.xlsx
2013-08-15,0.449000,1.330500,0.180000,1.003000,0.095000,0.918000,"Bloomberg BGN, exported by Charlie",estr_eonia_euribor6m_1y5y_bbg_2026-10-05.xlsx
2013-08-16,0.444000,1.343500,0.173500,1.013500,0.088500,0.928500,"Bloomberg BGN, exported by Charlie",estr_eonia_euribor6m_1y5y_bbg_2026-10-05.xlsx
2013-08-19,0.448000,1.349500,0.179000,1.012000,0.094000,0.927000,"Bloomberg BGN, exported by Charlie",estr_eonia_euribor6m_1y5y_bbg_2026-10-05.xlsx
2013-08-20,0.438000,1.311000,0.169000,0.969000,0.084000,0.884000,"Bloomberg BGN, exported by Charlie",estr_eonia_euribor6m_1y5y_bbg_2026-10-05.xlsx
2013-08-21,0.444000,1.359800,0.176000,0.995900,0.091000,0.910900,"Bloomberg BGN, exported by Charlie",estr_eonia_euribor6m_1y5y_bbg_2026-10-05.xlsx
2013-08-22,0.452000,1.380000,0.183000,1.034000,0.098000,0.949000,"Bloomberg BGN, exported by Charlie",estr_eonia_euribor6m_1y5y_bbg_2026-10-05.xlsx
2013-08-23,0.458000,1.421500,0.188000,1.078000,0.103000,0.993000,"Bloomberg BGN, exported by Charlie",estr_eonia_euribor6m_1y5y_bbg_2026-10-05.xlsx
2013-08-26,0.453000,1.390000,0.180000,1.042000,0.095000,0.957000,"Bloomberg BGN, exported by Charlie",estr_eonia_euribor6m_1y5y_bbg_2026-10-05.xlsx
2013-08-27,0.439000,1.326900,0.166000,0.997000,0.081000,0.912000,"Bloomberg BGN, exported by Charlie",estr_eonia_euribor6m_1y5y_bbg_2026-10-05.xlsx
2013-08-28,0.445000,1.375000,0.177000,1.021000,0.092000,0.936000,"Bloomberg BGN, exported by Charlie",estr_eonia_euribor6m_1y5y_bbg_2026-10-05.xlsx
2013-08-29,0.439000,1.352000,0.172000,1.009000,0.087000,0.924000,"Bloomberg BGN, exported by Charlie",estr_eonia_euribor6m_1y5y_bbg_2026-10-05.xlsx
2013-08-30,0.442000,1.365000,0.171000,1.015000,0.086000,0.930000,"Bloomberg BGN, exported by Charlie",estr_eonia_euribor6m_1y5y_bbg_2026-10-05.xlsx
2013-09-02,0.446000,1.398000,0.179000,1.046100,0.094000,0.961050,"Bloomberg BGN, exported by Charlie",estr_eonia_euribor6m_1y5y_bbg_2026-10-05.xlsx
2013-09-03,0.449000,1.416000,0.179000,1.078000,0.094000,0.993000,"Bloomberg BGN, exported by Charlie",estr_eonia_euribor6m_1y5y_bbg_2026-10-05.xlsx
2013-09-04,0.447000,1.422600,0.179000,1.064000,0.094000,0.979000,"Bloomberg BGN, exported by Charlie",estr_eonia_euribor6m_1y5y_bbg_2026-10-05.xlsx
2013-09-05,0.460000,1.539000,0.184000,1.179500,0.099000,1.094500,"Bloomberg BGN, exported by Charlie",estr_eonia_euribor6m_1y5y_bbg_2026-10-05.xlsx
2013-09-06,0.437000,1.448600,0.165000,1.083500,0.080000,0.998500,"Bloomberg BGN, exported by Charlie",estr_eonia_euribor6m_1y5y_bbg_2026-10-05.xlsx
2013-09-09,0.432000,1.449000,0.165000,1.082100,0.080000,0.997050,"Bloomberg BGN, exported by Charlie",estr_eonia_euribor6m_1y5y_bbg_2026-10-05.xlsx
2013-09-10,0.442250,1.490000,0.172000,1.128100,0.087000,1.043050,"Bloomberg BGN, exported by Charlie",estr_eonia_euribor6m_1y5y_bbg_2026-10-05.xlsx
2013-09-11,0.433000,1.442100,0.166000,1.099000,0.081000,1.014000,"Bloomberg BGN, exported by Charlie",estr_eonia_euribor6m_1y5y_bbg_2026-10-05.xlsx
2013-09-12,0.427500,1.412000,0.161000,1.049100,0.076000,0.964050,"Bloomberg BGN, exported by Charlie",estr_eonia_euribor6m_1y5y_bbg_2026-10-05.xlsx
2013-09-13,0.428000,1.397900,0.159000,1.033000,0.074000,0.948000,"Bloomberg BGN, exported by Charlie",estr_eonia_euribor6m_1y5y_bbg_2026-10-05.xlsx
2013-09-16,0.422000,1.378000,0.157000,1.008000,0.072000,0.923000,"Bloomberg BGN, exported by Charlie",estr_eonia_euribor6m_1y5y_bbg_2026-10-05.xlsx
2013-09-17,0.423000,1.379000,0.160000,1.020000,0.075000,0.935000,"Bloomberg BGN, exported by Charlie",estr_eonia_euribor6m_1y5y_bbg_2026-10-05.xlsx
2013-09-18,0.415000,1.317000,0.161000,1.050000,0.076000,0.965000,"Bloomberg BGN, exported by Charlie",estr_eonia_euribor6m_1y5y_bbg_2026-10-05.xlsx
2013-09-19,0.412750,1.342500,0.154000,0.970000,0.069000,0.885000,"Bloomberg BGN, exported by Charlie",estr_eonia_euribor6m_1y5y_bbg_2026-10-05.xlsx
2013-09-20,0.414000,1.339000,0.160000,0.983500,0.075000,0.898500,"Bloomberg BGN, exported by Charlie",estr_eonia_euribor6m_1y5y_bbg_2026-10-05.xlsx
2013-09-23,0.411750,1.309900,0.157000,0.951000,0.072000,0.866000,"Bloomberg BGN, exported by Charlie",estr_eonia_euribor6m_1y5y_bbg_2026-10-05.xlsx
2013-09-24,0.405750,1.256000,0.150000,0.900000,0.065000,0.815000,"Bloomberg BGN, exported by Charlie",estr_eonia_euribor6m_1y5y_bbg_2026-10-05.xlsx
2013-09-25,0.415000,1.251000,0.154000,0.896500,0.069000,0.811500,"Bloomberg BGN, exported by Charlie",estr_eonia_euribor6m_1y5y_bbg_2026-10-05.xlsx
2013-09-26,0.420500,1.265000,0.160000,0.904000,0.075000,0.819000,"Bloomberg BGN, exported by Charlie",estr_eonia_euribor6m_1y5y_bbg_2026-10-05.xlsx
2013-09-27,0.417000,1.242000,0.157000,0.867500,0.072000,0.782500,"Bloomberg BGN, exported by Charlie",estr_eonia_euribor6m_1y5y_bbg_2026-10-05.xlsx
2013-09-30,0.415000,1.218000,0.153000,0.865000,0.068000,0.780000,"Bloomberg BGN, exported by Charlie",estr_eonia_euribor6m_1y5y_bbg_2026-10-05.xlsx
2013-10-01,0.412500,1.262000,0.153000,0.883000,0.068000,0.798000,"Bloomberg BGN, exported by Charlie",estr_eonia_euribor6m_1y5y_bbg_2026-10-05.xlsx
2013-10-02,0.410750,1.260400,0.152000,0.889000,0.067000,0.804000,"Bloomberg BGN, exported by Charlie",estr_eonia_euribor6m_1y5y_bbg_2026-10-05.xlsx
2013-10-03,0.413250,1.272000,0.153000,0.889000,0.068000,0.804000,"Bloomberg BGN, exported by Charlie",estr_eonia_euribor6m_1y5y_bbg_2026-10-05.xlsx
2013-10-04,0.419500,1.302000,0.160000,0.927000,0.075000,0.842000,"Bloomberg BGN, exported by Charlie",estr_eonia_euribor6m_1y5y_bbg_2026-10-05.xlsx
2013-10-07,0.417000,1.274900,0.160000,0.906000,0.075000,0.821000,"Bloomberg BGN, exported by Charlie",estr_eonia_euribor6m_1y5y_bbg_2026-10-05.xlsx
2013-10-08,0.438250,1.290000,0.181000,0.922000,0.096000,0.837000,"Bloomberg BGN, exported by Charlie",estr_eonia_euribor6m_1y5y_bbg_2026-10-05.xlsx
2013-10-09,0.439000,1.285000,0.176000,0.916000,0.091000,0.831000,"Bloomberg BGN, exported by Charlie",estr_eonia_euribor6m_1y5y_bbg_2026-10-05.xlsx
2013-10-10,0.429750,1.311000,0.173000,0.955000,0.088000,0.870000,"Bloomberg BGN, exported by Charlie",estr_eonia_euribor6m_1y5y_bbg_2026-10-05.xlsx
2013-10-11,0.427000,1.299000,0.169000,0.934000,0.084000,0.849000,"Bloomberg BGN, exported by Charlie",estr_eonia_euribor6m_1y5y_bbg_2026-10-05.xlsx
2013-10-14,0.426000,1.315500,0.172000,0.932000,0.087000,0.847000,"Bloomberg BGN, exported by Charlie",estr_eonia_euribor6m_1y5y_bbg_2026-10-05.xlsx
2013-10-15,0.429500,1.322000,0.173000,0.971000,0.088000,0.886000,"Bloomberg BGN, exported by Charlie",estr_eonia_euribor6m_1y5y_bbg_2026-10-05.xlsx
2013-10-16,0.431000,1.311000,0.174000,0.989000,0.089000,0.904000,"Bloomberg BGN, exported by Charlie",estr_eonia_euribor6m_1y5y_bbg_2026-10-05.xlsx
2013-10-17,0.422000,1.276000,0.170000,0.927000,0.085000,0.842000,"Bloomberg BGN, exported by Charlie",estr_eonia_euribor6m_1y5y_bbg_2026-10-05.xlsx
2013-10-18,0.415000,1.245000,0.165000,0.893000,0.080000,0.808000,"Bloomberg BGN, exported by Charlie",estr_eonia_euribor6m_1y5y_bbg_2026-10-05.xlsx
2013-10-21,0.416750,1.253000,0.164000,0.902500,0.079000,0.817500,"Bloomberg BGN, exported by Charlie",estr_eonia_euribor6m_1y5y_bbg_2026-10-05.xlsx
2013-10-22,0.405000,1.195500,0.156000,0.850500,0.071000,0.765500,"Bloomberg BGN, exported by Charlie",estr_eonia_euribor6m_1y5y_bbg_2026-10-05.xlsx
2013-10-23,0.410000,1.179000,0.164000,0.829500,0.079000,0.744500,"Bloomberg BGN, exported by Charlie",estr_eonia_euribor6m_1y5y_bbg_2026-10-05.xlsx
2013-10-24,0.426000,1.202000,0.184000,0.853000,0.099000,0.768000,"Bloomberg BGN, exported by Charlie",estr_eonia_euribor6m_1y5y_bbg_2026-10-05.xlsx
2013-10-25,0.433000,1.202000,0.189000,0.856000,0.104000,0.771000,"Bloomberg BGN, exported by Charlie",estr_eonia_euribor6m_1y5y_bbg_2026-10-05.xlsx
2013-10-28,0.436000,1.209600,0.188000,0.858000,0.103000,0.773000,"Bloomberg BGN, exported by Charlie",estr_eonia_euribor6m_1y5y_bbg_2026-10-05.xlsx
2013-10-29,0.430000,1.178000,0.182000,0.832000,0.097000,0.747000,"Bloomberg BGN, exported by Charlie",estr_eonia_euribor6m_1y5y_bbg_2026-10-05.xlsx
2013-10-30,0.422000,1.166000,0.181000,0.792000,0.096000,0.707000,"Bloomberg BGN, exported by Charlie",estr_eonia_euribor6m_1y5y_bbg_2026-10-05.xlsx
2013-10-31,0.385000,1.099000,0.141000,0.755000,0.056000,0.670000,"Bloomberg BGN, exported by Charlie",estr_eonia_euribor6m_1y5y_bbg_2026-10-05.xlsx
2013-11-01,0.380000,1.104000,0.140000,0.753000,0.055000,0.668000,"Bloomberg BGN, exported by Charlie",estr_eonia_euribor6m_1y5y_bbg_2026-10-05.xlsx
2013-11-04,0.386000,1.096800,0.141000,0.752000,0.056000,0.667000,"Bloomberg BGN, exported by Charlie",estr_eonia_euribor6m_1y5y_bbg_2026-10-05.xlsx
2013-11-05,0.393000,1.140500,0.148000,0.805000,0.063000,0.720000,"Bloomberg BGN, exported by Charlie",estr_eonia_euribor6m_1y5y_bbg_2026-10-05.xlsx
2013-11-06,0.387500,1.144000,0.144500,0.796500,0.059500,0.711500,"Bloomberg BGN, exported by Charlie",estr_eonia_euribor6m_1y5y_bbg_2026-10-05.xlsx
2013-11-07,0.359000,1.057000,0.115000,0.721000,0.030000,0.636000,"Bloomberg BGN, exported by Charlie",estr_eonia_euribor6m_1y5y_bbg_2026-10-05.xlsx
2013-11-08,0.352000,1.113500,0.114000,0.775500,0.029000,0.690500,"Bloomberg BGN, exported by Charlie",estr_eonia_euribor6m_1y5y_bbg_2026-10-05.xlsx
2013-11-11,0.357000,1.115000,0.125000,0.775500,0.040000,0.690500,"Bloomberg BGN, exported by Charlie",estr_eonia_euribor6m_1y5y_bbg_2026-10-05.xlsx
2013-11-12,0.356000,1.120200,0.120000,0.783500,0.035000,0.698500,"Bloomberg BGN, exported by Charlie",estr_eonia_euribor6m_1y5y_bbg_2026-10-05.xlsx
2013-11-13,0.347000,1.071000,0.105000,0.731000,0.020000,0.646000,"Bloomberg BGN, exported by Charlie",estr_eonia_euribor6m_1y5y_bbg_2026-10-05.xlsx
2013-11-14,0.350000,1.063500,0.109000,0.721000,0.024000,0.636000,"Bloomberg BGN, exported by Charlie",estr_eonia_euribor6m_1y5y_bbg_2026-10-05.xlsx
2013-11-15,0.353000,1.070600,0.108500,0.731500,0.023500,0.646500,"Bloomberg BGN, exported by Charlie",estr_eonia_euribor6m_1y5y_bbg_2026-10-05.xlsx
2013-11-18,0.352000,1.050900,0.106000,0.714000,0.021000,0.629000,"Bloomberg BGN, exported by Charlie",estr_eonia_euribor6m_1y5y_bbg_2026-10-05.xlsx
2013-11-19,0.355000,1.088600,0.106000,0.736000,0.021000,0.651000,"Bloomberg BGN, exported by Charlie",estr_eonia_euribor6m_1y5y_bbg_2026-10-05.xlsx
2013-11-20,0.344000,1.089400,0.088000,0.716000,0.003000,0.631000,"Bloomberg BGN, exported by Charlie",estr_eonia_euribor6m_1y5y_bbg_2026-10-05.xlsx
2013-11-21,0.342000,1.071000,0.092000,0.717000,0.007000,0.632000,"Bloomberg BGN, exported by Charlie",estr_eonia_euribor6m_1y5y_bbg_2026-10-05.xlsx
2013-11-22,0.357000,1.076100,0.113000,0.732000,0.028000,0.647000,"Bloomberg BGN, exported by Charlie",estr_eonia_euribor6m_1y5y_bbg_2026-10-05.xlsx
2013-11-25,0.357000,1.068700,0.117000,0.725000,0.032000,0.640000,"Bloomberg BGN, exported by Charlie",estr_eonia_euribor6m_1y5y_bbg_2026-10-05.xlsx
2013-11-26,0.356000,1.053000,0.107000,0.703000,0.022000,0.618000,"Bloomberg BGN, exported by Charlie",estr_eonia_euribor6m_1y5y_bbg_2026-10-05.xlsx
2013-11-27,0.352000,1.053300,0.105000,0.719500,0.020000,0.634500,"Bloomberg BGN, exported by Charlie",estr_eonia_euribor6m_1y5y_bbg_2026-10-05.xlsx
2013-11-28,0.353000,1.054000,0.107000,0.715100,0.022000,0.630050,"Bloomberg BGN, exported by Charlie",estr_eonia_euribor6m_1y5y_bbg_2026-10-05.xlsx
2013-11-29,0.353000,1.054000,0.105000,0.708500,0.020000,0.623500,"Bloomberg BGN, exported by Charlie",estr_eonia_euribor6m_1y5y_bbg_2026-10-05.xlsx
2013-12-02,0.358000,1.069700,0.110000,0.730000,0.025000,0.645000,"Bloomberg BGN, exported by Charlie",estr_eonia_euribor6m_1y5y_bbg_2026-10-05.xlsx
2013-12-03,0.357000,1.061000,0.109000,0.711500,0.024000,0.626500,"Bloomberg BGN, exported by Charlie",estr_eonia_euribor6m_1y5y_bbg_2026-10-05.xlsx
2013-12-04,0.365000,1.120500,0.114000,0.772000,0.029000,0.687000,"Bloomberg BGN, exported by Charlie",estr_eonia_euribor6m_1y5y_bbg_2026-10-05.xlsx
2013-12-05,0.384000,1.174600,0.132000,0.815000,0.047000,0.730000,"Bloomberg BGN, exported by Charlie",estr_eonia_euribor6m_1y5y_bbg_2026-10-05.xlsx
2013-12-06,0.390000,1.157600,0.146000,0.801000,0.061000,0.716000,"Bloomberg BGN, exported by Charlie",estr_eonia_euribor6m_1y5y_bbg_2026-10-05.xlsx
2013-12-09,0.401500,1.166000,0.154000,0.805000,0.069000,0.720000,"Bloomberg BGN, exported by Charlie",estr_eonia_euribor6m_1y5y_bbg_2026-10-05.xlsx
2013-12-10,0.402000,1.146500,0.152000,0.793500,0.067000,0.708500,"Bloomberg BGN, exported by Charlie",estr_eonia_euribor6m_1y5y_bbg_2026-10-05.xlsx
2013-12-11,0.423000,1.162500,0.170000,0.783500,0.085000,0.698500,"Bloomberg BGN, exported by Charlie",estr_eonia_euribor6m_1y5y_bbg_2026-10-05.xlsx
2013-12-12,0.427000,1.149000,0.177000,0.795500,0.092000,0.710500,"Bloomberg BGN, exported by Charlie",estr_eonia_euribor6m_1y5y_bbg_2026-10-05.xlsx
2013-12-13,0.427000,1.141500,0.176000,0.771500,0.091000,0.686500,"Bloomberg BGN, exported by Charlie",estr_eonia_euribor6m_1y5y_bbg_2026-10-05.xlsx
2013-12-16,0.442000,1.163000,0.192000,0.783000,0.107000,0.698000,"Bloomberg BGN, exported by Charlie",estr_eonia_euribor6m_1y5y_bbg_2026-10-05.xlsx
2013-12-17,0.421000,1.137000,0.164000,0.770500,0.079000,0.685500,"Bloomberg BGN, exported by Charlie",estr_eonia_euribor6m_1y5y_bbg_2026-10-05.xlsx
2013-12-18,0.417500,1.160900,0.159500,0.804500,0.074500,0.719500,"Bloomberg BGN, exported by Charlie",estr_eonia_euribor6m_1y5y_bbg_2026-10-05.xlsx
2013-12-19,0.403000,1.184300,0.142000,0.819000,0.057000,0.734000,"Bloomberg BGN, exported by Charlie",estr_eonia_euribor6m_1y5y_bbg_2026-10-05.xlsx
2013-12-20,0.412000,1.205000,0.157000,0.835000,0.072000,0.750000,"Bloomberg BGN, exported by Charlie",estr_eonia_euribor6m_1y5y_bbg_2026-10-05.xlsx
2013-12-23,0.421000,1.220500,0.162000,0.852500,0.077000,0.767500,"Bloomberg BGN, exported by Charlie",estr_eonia_euribor6m_1y5y_bbg_2026-10-05.xlsx
2013-12-24,0.416000,1.220000,0.155000,0.837500,0.070000,0.752500,"Bloomberg BGN, exported by Charlie",estr_eonia_euribor6m_1y5y_bbg_2026-10-05.xlsx
2013-12-25,0.416000,1.220000,0.160000,,,,"Bloomberg BGN, exported by Charlie",estr_eonia_euribor6m_1y5y_bbg_2026-10-05.xlsx
2013-12-26,,1.220000,0.162000,,,,"Bloomberg BGN, exported by Charlie",estr_eonia_euribor6m_1y5y_bbg_2026-10-05.xlsx
2013-12-27,0.412000,1.283500,0.151000,0.901000,0.066000,0.816000,"Bloomberg BGN, exported by Charlie",estr_eonia_euribor6m_1y5y_bbg_2026-10-05.xlsx
2013-12-30,0.403000,1.259000,0.142000,0.889000,0.057000,0.804000,"Bloomberg BGN, exported by Charlie",estr_eonia_euribor6m_1y5y_bbg_2026-10-05.xlsx
2013-12-31,0.414000,1.259100,0.156000,0.912000,0.071000,0.827000,"Bloomberg BGN, exported by Charlie",estr_eonia_euribor6m_1y5y_bbg_2026-10-05.xlsx
2014-01-01,,1.259000,0.153500,,,,"Bloomberg BGN, exported by Charlie",estr_eonia_euribor6m_1y5y_bbg_2026-10-05.xlsx
2014-01-02,0.411000,1.268000,0.150000,0.897000,0.065000,0.812000,"Bloomberg BGN, exported by Charlie",estr_eonia_euribor6m_1y5y_bbg_2026-10-05.xlsx
2014-01-03,0.405000,1.253000,0.147000,0.886000,0.062000,0.801000,"Bloomberg BGN, exported by Charlie",estr_eonia_euribor6m_1y5y_bbg_2026-10-05.xlsx
2014-01-06,0.409000,1.231000,0.150000,0.861000,0.065000,0.776000,"Bloomberg BGN, exported by Charlie",estr_eonia_euribor6m_1y5y_bbg_2026-10-05.xlsx
2014-01-07,0.421000,1.223000,0.166000,0.853000,0.081000,0.768000,"Bloomberg BGN, exported by Charlie",estr_eonia_euribor6m_1y5y_bbg_2026-10-05.xlsx
2014-01-08,0.431000,1.265000,0.176000,0.895600,0.091000,0.810550,"Bloomberg BGN, exported by Charlie",estr_eonia_euribor6m_1y5y_bbg_2026-10-05.xlsx
2014-01-09,0.422000,1.260000,0.165000,0.897000,0.080000,0.812000,"Bloomberg BGN, exported by Charlie",estr_eonia_euribor6m_1y5y_bbg_2026-10-05.xlsx
2014-01-10,0.417000,1.196800,0.160000,0.843000,0.075000,0.758000,"Bloomberg BGN, exported by Charlie",estr_eonia_euribor6m_1y5y_bbg_2026-10-05.xlsx
2014-01-13,0.415000,1.177000,0.160000,0.815000,0.075000,0.730000,"Bloomberg BGN, exported by Charlie",estr_eonia_euribor6m_1y5y_bbg_2026-10-05.xlsx
2014-01-14,0.430000,1.200000,0.181000,0.827000,0.096000,0.742000,"Bloomberg BGN, exported by Charlie",estr_eonia_euribor6m_1y5y_bbg_2026-10-05.xlsx
2014-01-15,0.440500,1.212000,0.188000,0.847500,0.103000,0.762500,"Bloomberg BGN, exported by Charlie",estr_eonia_euribor6m_1y5y_bbg_2026-10-05.xlsx
2014-01-16,0.432000,1.166000,0.176000,0.810000,0.091000,0.725000,"Bloomberg BGN, exported by Charlie",estr_eonia_euribor6m_1y5y_bbg_2026-10-05.xlsx
2014-01-17,0.418000,1.132600,0.163000,0.779500,0.078000,0.694500,"Bloomberg BGN, exported by Charlie",estr_eonia_euribor6m_1y5y_bbg_2026-10-05.xlsx
2014-01-20,0.416500,1.118000,0.162000,0.759000,0.077000,0.674000,"Bloomberg BGN, exported by Charlie",estr_eonia_euribor6m_1y5y_bbg_2026-10-05.xlsx
2014-01-21,0.417000,1.117500,0.163000,0.756000,0.078000,0.671000,"Bloomberg BGN, exported by Charlie",estr_eonia_euribor6m_1y5y_bbg_2026-10-05.xlsx
2014-01-22,0.416500,1.146300,0.164000,0.782000,0.079000,0.697000,"Bloomberg BGN, exported by Charlie",estr_eonia_euribor6m_1y5y_bbg_2026-10-05.xlsx
2014-01-23,0.409000,1.121000,0.159000,0.758000,0.074000,0.673000,"Bloomberg BGN, exported by Charlie",estr_eonia_euribor6m_1y5y_bbg_2026-10-05.xlsx
2014-01-24,0.414000,1.088000,0.157000,0.725000,0.072000,0.640000,"Bloomberg BGN, exported by Charlie",estr_eonia_euribor6m_1y5y_bbg_2026-10-05.xlsx
2014-01-27,0.425500,1.110000,0.166000,0.735500,0.081000,0.650500,"Bloomberg BGN, exported by Charlie",estr_eonia_euribor6m_1y5y_bbg_2026-10-05.xlsx
2014-01-28,0.416000,1.100000,0.156000,0.734500,0.071000,0.649500,"Bloomberg BGN, exported by Charlie",estr_eonia_euribor6m_1y5y_bbg_2026-10-05.xlsx
2014-01-29,0.410000,1.069000,0.150000,0.702500,0.065000,0.617500,"Bloomberg BGN, exported by Charlie",estr_eonia_euribor6m_1y5y_bbg_2026-10-05.xlsx
2014-01-30,0.394000,1.063000,0.131000,0.687000,0.046000,0.602000,"Bloomberg BGN, exported by Charlie",estr_eonia_euribor6m_1y5y_bbg_2026-10-05.xlsx
2014-01-31,0.378000,1.015000,0.103000,0.643500,0.018000,0.558500,"Bloomberg BGN, exported by Charlie",estr_eonia_euribor6m_1y5y_bbg_2026-10-05.xlsx
2014-02-03,0.380000,0.999100,0.110000,0.646000,0.025000,0.561000,"Bloomberg BGN, exported by Charlie",estr_eonia_euribor6m_1y5y_bbg_2026-10-05.xlsx
2014-02-04,0.380000,1.010000,0.108000,0.639500,0.023000,0.554500,"Bloomberg BGN, exported by Charlie",estr_eonia_euribor6m_1y5y_bbg_2026-10-05.xlsx
2014-02-05,0.376000,1.002100,0.102000,0.629000,0.017000,0.544000,"Bloomberg BGN, exported by Charlie",estr_eonia_euribor6m_1y5y_bbg_2026-10-05.xlsx
2014-02-06,0.395000,1.056100,0.130000,0.687500,0.045000,0.602500,"Bloomberg BGN, exported by Charlie",estr_eonia_euribor6m_1y5y_bbg_2026-10-05.xlsx
2014-02-07,0.382000,1.020900,0.113000,0.645500,0.028000,0.560500,"Bloomberg BGN, exported by Charlie",estr_eonia_euribor6m_1y5y_bbg_2026-10-05.xlsx
2014-02-10,0.391000,1.025000,0.124000,0.653000,0.039000,0.568000,"Bloomberg BGN, exported by Charlie",estr_eonia_euribor6m_1y5y_bbg_2026-10-05.xlsx
2014-02-11,0.387000,1.030000,0.119000,0.660000,0.034000,0.575000,"Bloomberg BGN, exported by Charlie",estr_eonia_euribor6m_1y5y_bbg_2026-10-05.xlsx
2014-02-12,0.387000,1.047000,0.116000,0.676000,0.031000,0.591000,"Bloomberg BGN, exported by Charlie",estr_eonia_euribor6m_1y5y_bbg_2026-10-05.xlsx
2014-02-13,0.376000,1.003000,0.099000,0.636000,0.014000,0.551000,"Bloomberg BGN, exported by Charlie",estr_eonia_euribor6m_1y5y_bbg_2026-10-05.xlsx
2014-02-14,0.382000,1.016500,0.108000,0.646500,0.023000,0.561500,"Bloomberg BGN, exported by Charlie",estr_eonia_euribor6m_1y5y_bbg_2026-10-05.xlsx
2014-02-17,0.382000,1.017200,0.108000,0.648000,0.023000,0.563000,"Bloomberg BGN, exported by Charlie",estr_eonia_euribor6m_1y5y_bbg_2026-10-05.xlsx
2014-02-18,0.380500,1.000500,0.110000,0.627000,0.025000,0.542000,"Bloomberg BGN, exported by Charlie",estr_eonia_euribor6m_1y5y_bbg_2026-10-05.xlsx
2014-02-19,0.376000,1.003700,0.105000,0.624000,0.020000,0.539000,"Bloomberg BGN, exported by Charlie",estr_eonia_euribor6m_1y5y_bbg_2026-10-05.xlsx
2014-02-20,0.381000,1.027000,0.109000,0.658500,0.024000,0.573500,"Bloomberg BGN, exported by Charlie",estr_eonia_euribor6m_1y5y_bbg_2026-10-05.xlsx
2014-02-21,0.380500,1.010400,0.110000,0.645000,0.025000,0.560000,"Bloomberg BGN, exported by Charlie",estr_eonia_euribor6m_1y5y_bbg_2026-10-05.xlsx
2014-02-24,0.384000,1.031800,0.115000,0.670000,0.030000,0.585000,"Bloomberg BGN, exported by Charlie",estr_eonia_euribor6m_1y5y_bbg_2026-10-05.xlsx
2014-02-25,0.387000,1.010800,0.118000,0.644000,0.033000,0.559000,"Bloomberg BGN, exported by Charlie",estr_eonia_euribor6m_1y5y_bbg_2026-10-05.xlsx
2014-02-26,0.381000,0.988900,0.110300,0.626300,0.025250,0.541250,"Bloomberg BGN, exported by Charlie",estr_eonia_euribor6m_1y5y_bbg_2026-10-05.xlsx
2014-02-27,0.377000,0.953000,0.101000,0.588000,0.016000,0.503000,"Bloomberg BGN, exported by Charlie",estr_eonia_euribor6m_1y5y_bbg_2026-10-05.xlsx
2014-02-28,0.394000,0.999900,0.123000,0.649000,0.038000,0.564000,"Bloomberg BGN, exported by Charlie",estr_eonia_euribor6m_1y5y_bbg_2026-10-05.xlsx
2014-03-03,0.385000,0.969000,0.106000,0.604000,0.021000,0.519000,"Bloomberg BGN, exported by Charlie",estr_eonia_euribor6m_1y5y_bbg_2026-10-05.xlsx
2014-03-04,0.381500,0.983000,0.102000,0.618500,0.017000,0.533500,"Bloomberg BGN, exported by Charlie",estr_eonia_euribor6m_1y5y_bbg_2026-10-05.xlsx
2014-03-05,0.383000,0.979100,0.104000,0.621600,0.019000,0.536550,"Bloomberg BGN, exported by Charlie",estr_eonia_euribor6m_1y5y_bbg_2026-10-05.xlsx
2014-03-06,0.403000,1.035000,0.147000,0.669000,0.062000,0.584000,"Bloomberg BGN, exported by Charlie",estr_eonia_euribor6m_1y5y_bbg_2026-10-05.xlsx
2014-03-07,0.422000,1.043300,0.173000,0.687500,0.088000,0.602500,"Bloomberg BGN, exported by Charlie",estr_eonia_euribor6m_1y5y_bbg_2026-10-05.xlsx
2014-03-10,0.418000,1.027500,0.154000,0.659000,0.069000,0.574000,"Bloomberg BGN, exported by Charlie",estr_eonia_euribor6m_1y5y_bbg_2026-10-05.xlsx
2014-03-11,0.415250,1.018500,0.155000,0.659000,0.070000,0.574000,"Bloomberg BGN, exported by Charlie",estr_eonia_euribor6m_1y5y_bbg_2026-10-05.xlsx
2014-03-12,0.413000,0.989000,0.152000,0.626000,0.067000,0.541000,"Bloomberg BGN, exported by Charlie",estr_eonia_euribor6m_1y5y_bbg_2026-10-05.xlsx
2014-03-13,0.404750,0.929500,0.140000,0.583000,0.055000,0.498000,"Bloomberg BGN, exported by Charlie",estr_eonia_euribor6m_1y5y_bbg_2026-10-05.xlsx
2014-03-14,0.413000,0.964500,0.154000,0.603000,0.069000,0.518000,"Bloomberg BGN, exported by Charlie",estr_eonia_euribor6m_1y5y_bbg_2026-10-05.xlsx
2014-03-17,0.419000,0.978500,0.160000,0.616000,0.075000,0.531000,"Bloomberg BGN, exported by Charlie",estr_eonia_euribor6m_1y5y_bbg_2026-10-05.xlsx
2014-03-18,0.421000,0.979300,0.164000,0.618000,0.079000,0.533000,"Bloomberg BGN, exported by Charlie",estr_eonia_euribor6m_1y5y_bbg_2026-10-05.xlsx
2014-03-19,0.434000,1.047500,0.172000,0.642000,0.087000,0.557000,"Bloomberg BGN, exported by Charlie",estr_eonia_euribor6m_1y5y_bbg_2026-10-05.xlsx
2014-03-20,0.438750,1.048500,0.181000,0.702000,0.096000,0.617000,"Bloomberg BGN, exported by Charlie",estr_eonia_euribor6m_1y5y_bbg_2026-10-05.xlsx
2014-03-21,0.443000,1.044500,0.186000,0.691500,0.101000,0.606500,"Bloomberg BGN, exported by Charlie",estr_eonia_euribor6m_1y5y_bbg_2026-10-05.xlsx
2014-03-24,0.438000,1.011100,0.175000,0.655000,0.090000,0.570000,"Bloomberg BGN, exported by Charlie",estr_eonia_euribor6m_1y5y_bbg_2026-10-05.xlsx
2014-03-25,0.422750,0.992900,0.153000,0.633000,0.068000,0.548000,"Bloomberg BGN, exported by Charlie",estr_eonia_euribor6m_1y5y_bbg_2026-10-05.xlsx
2014-03-26,0.414000,0.964000,0.147000,0.606000,0.062000,0.521000,"Bloomberg BGN, exported by Charlie",estr_eonia_euribor6m_1y5y_bbg_2026-10-05.xlsx
2014-03-27,0.405000,0.952000,0.137000,0.593000,0.052000,0.508000,"Bloomberg BGN, exported by Charlie",estr_eonia_euribor6m_1y5y_bbg_2026-10-05.xlsx
2014-03-28,0.408000,0.961000,0.142000,0.605000,0.057000,0.520000,"Bloomberg BGN, exported by Charlie",estr_eonia_euribor6m_1y5y_bbg_2026-10-05.xlsx
2014-03-31,0.412000,0.971800,0.145000,0.624500,0.060000,0.539500,"Bloomberg BGN, exported by Charlie",estr_eonia_euribor6m_1y5y_bbg_2026-10-05.xlsx
2014-04-01,0.423000,0.989500,0.159000,0.635500,0.074000,0.550500,"Bloomberg BGN, exported by Charlie",estr_eonia_euribor6m_1y5y_bbg_2026-10-05.xlsx
2014-04-02,0.423000,1.012000,0.158000,0.669500,0.073000,0.584500,"Bloomberg BGN, exported by Charlie",estr_eonia_euribor6m_1y5y_bbg_2026-10-05.xlsx
2014-04-03,0.424000,0.996100,0.164000,0.651600,0.079000,0.566550,"Bloomberg BGN, exported by Charlie",estr_eonia_euribor6m_1y5y_bbg_2026-10-05.xlsx
2014-04-04,0.416000,0.936100,0.154000,0.599000,0.069000,0.514000,"Bloomberg BGN, exported by Charlie",estr_eonia_euribor6m_1y5y_bbg_2026-10-05.xlsx
2014-04-07,0.420000,0.936500,0.154000,0.594000,0.069000,0.509000,"Bloomberg BGN, exported by Charlie",estr_eonia_euribor6m_1y5y_bbg_2026-10-05.xlsx
2014-04-08,0.415000,0.952000,0.150500,0.620500,0.065500,0.535500,"Bloomberg BGN, exported by Charlie",estr_eonia_euribor6m_1y5y_bbg_2026-10-05.xlsx
2014-04-09,0.415000,0.982000,0.153000,0.640000,0.068000,0.555000,"Bloomberg BGN, exported by Charlie",estr_eonia_euribor6m_1y5y_bbg_2026-10-05.xlsx
2014-04-10,0.411000,0.942900,0.145000,0.594000,0.060000,0.509000,"Bloomberg BGN, exported by Charlie",estr_eonia_euribor6m_1y5y_bbg_2026-10-05.xlsx
2014-04-11,0.418000,0.924800,0.155000,0.584000,0.070000,0.499000,"Bloomberg BGN, exported by Charlie",estr_eonia_euribor6m_1y5y_bbg_2026-10-05.xlsx
2014-04-14,0.407750,0.933000,0.142000,0.591000,0.057000,0.506000,"Bloomberg BGN, exported by Charlie",estr_eonia_euribor6m_1y5y_bbg_2026-10-05.xlsx
2014-04-15,0.400000,0.894500,0.132000,0.543000,0.047000,0.458000,"Bloomberg BGN, exported by Charlie",estr_eonia_euribor6m_1y5y_bbg_2026-10-05.xlsx
2014-04-16,0.406250,0.902000,0.137000,0.563800,0.052000,0.478750,"Bloomberg BGN, exported by Charlie",estr_eonia_euribor6m_1y5y_bbg_2026-10-05.xlsx
2014-04-17,0.414750,0.952500,0.147000,0.597000,0.062000,0.512000,"Bloomberg BGN, exported by Charlie",estr_eonia_euribor6m_1y5y_bbg_2026-10-05.xlsx
2014-04-18,,0.956500,0.147000,,,,"Bloomberg BGN, exported by Charlie",estr_eonia_euribor6m_1y5y_bbg_2026-10-05.xlsx
2014-04-21,,0.952500,0.147000,,,,"Bloomberg BGN, exported by Charlie",estr_eonia_euribor6m_1y5y_bbg_2026-10-05.xlsx
2014-04-22,0.416000,0.950000,0.151000,0.614500,0.066000,0.529500,"Bloomberg BGN, exported by Charlie",estr_eonia_euribor6m_1y5y_bbg_2026-10-05.xlsx
2014-04-23,0.422000,0.963000,0.158000,0.623000,0.073000,0.538000,"Bloomberg BGN, exported by Charlie",estr_eonia_euribor6m_1y5y_bbg_2026-10-05.xlsx
2014-04-24,0.428750,0.972000,0.167000,0.639000,0.082000,0.554000,"Bloomberg BGN, exported by Charlie",estr_eonia_euribor6m_1y5y_bbg_2026-10-05.xlsx
2014-04-25,0.428500,0.954500,0.163000,0.619000,0.078000,0.534000,"Bloomberg BGN, exported by Charlie",estr_eonia_euribor6m_1y5y_bbg_2026-10-05.xlsx
2014-04-28,0.429000,0.958400,0.163000,0.618000,0.078000,0.533000,"Bloomberg BGN, exported by Charlie",estr_eonia_euribor6m_1y5y_bbg_2026-10-05.xlsx
2014-04-29,0.414250,0.937000,0.138000,0.602000,0.053000,0.517000,"Bloomberg BGN, exported by Charlie",estr_eonia_euribor6m_1y5y_bbg_2026-10-05.xlsx
2014-04-30,0.410750,0.915600,0.139000,0.579300,0.054000,0.494300,"Bloomberg BGN, exported by Charlie",estr_eonia_euribor6m_1y5y_bbg_2026-10-05.xlsx
2014-05-01,0.411000,0.915500,0.136000,,,,"Bloomberg BGN, exported by Charlie",estr_eonia_euribor6m_1y5y_bbg_2026-10-05.xlsx
2014-05-02,0.407250,0.897600,0.136000,0.562000,0.051000,0.476950,"Bloomberg BGN, exported by Charlie",estr_eonia_euribor6m_1y5y_bbg_2026-10-05.xlsx
2014-05-05,0.412000,0.907000,0.139000,0.575000,0.054000,0.489950,"Bloomberg BGN, exported by Charlie",estr_eonia_euribor6m_1y5y_bbg_2026-10-05.xlsx
2014-05-06,0.417000,0.924500,0.146000,0.588800,0.061000,0.503750,"Bloomberg BGN, exported by Charlie",estr_eonia_euribor6m_1y5y_bbg_2026-10-05.xlsx
2014-05-07,0.420000,0.935800,0.147000,0.597400,0.062000,0.512350,"Bloomberg BGN, exported by Charlie",estr_eonia_euribor6m_1y5y_bbg_2026-10-05.xlsx
2014-05-08,0.403000,0.891000,0.121000,0.559000,0.036000,0.474000,"Bloomberg BGN, exported by Charlie",estr_eonia_euribor6m_1y5y_bbg_2026-10-05.xlsx
2014-05-09,0.406000,0.890000,0.127000,0.559000,0.042000,0.474000,"Bloomberg BGN, exported by Charlie",estr_eonia_euribor6m_1y5y_bbg_2026-10-05.xlsx
2014-05-12,0.403500,0.885900,0.125000,0.554000,0.040000,0.469000,"Bloomberg BGN, exported by Charlie",estr_eonia_euribor6m_1y5y_bbg_2026-10-05.xlsx
2014-05-13,0.394000,0.835700,0.106000,0.502000,0.021000,0.417000,"Bloomberg BGN, exported by Charlie",estr_eonia_euribor6m_1y5y_bbg_2026-10-05.xlsx
2014-05-14,0.381000,0.787600,0.092000,0.455000,0.007000,0.370000,"Bloomberg BGN, exported by Charlie",estr_eonia_euribor6m_1y5y_bbg_2026-10-05.xlsx
2014-05-15,0.372000,0.753500,0.082000,0.424000,-0.003000,0.339000,"Bloomberg BGN, exported by Charlie",estr_eonia_euribor6m_1y5y_bbg_2026-10-05.xlsx
2014-05-16,0.371750,0.777000,0.087000,0.452600,0.002000,0.367600,"Bloomberg BGN, exported by Charlie",estr_eonia_euribor6m_1y5y_bbg_2026-10-05.xlsx
2014-05-19,0.375000,0.803100,0.089000,0.466000,0.004000,0.381000,"Bloomberg BGN, exported by Charlie",estr_eonia_euribor6m_1y5y_bbg_2026-10-05.xlsx
2014-05-20,0.369250,0.792000,0.081000,0.464000,-0.004000,0.379000,"Bloomberg BGN, exported by Charlie",estr_eonia_euribor6m_1y5y_bbg_2026-10-05.xlsx
2014-05-21,0.372000,0.814400,0.087000,0.483000,0.002000,0.398000,"Bloomberg BGN, exported by Charlie",estr_eonia_euribor6m_1y5y_bbg_2026-10-05.xlsx
2014-05-22,0.366000,0.797200,0.077000,0.467800,-0.008000,0.382750,"Bloomberg BGN, exported by Charlie",estr_eonia_euribor6m_1y5y_bbg_2026-10-05.xlsx
2014-05-23,0.360000,0.798900,0.070000,0.469000,-0.015000,0.384000,"Bloomberg BGN, exported by Charlie",estr_eonia_euribor6m_1y5y_bbg_2026-10-05.xlsx
2014-05-26,0.354000,0.793000,0.065000,0.452000,-0.020000,0.367000,"Bloomberg BGN, exported by Charlie",estr_eonia_euribor6m_1y5y_bbg_2026-10-05.xlsx
2014-05-27,0.355250,0.762900,0.068000,0.435000,-0.017000,0.350000,"Bloomberg BGN, exported by Charlie",estr_eonia_euribor6m_1y5y_bbg_2026-10-05.xlsx
2014-05-28,0.352750,0.738400,0.064000,0.409000,-0.021000,0.324000,"Bloomberg BGN, exported by Charlie",estr_eonia_euribor6m_1y5y_bbg_2026-10-05.xlsx
2014-05-29,0.352000,0.753000,0.064000,0.424000,-0.021000,0.339000,"Bloomberg BGN, exported by Charlie",estr_eonia_euribor6m_1y5y_bbg_2026-10-05.xlsx
2014-05-30,0.355000,0.762000,0.068000,0.434300,-0.017000,0.349250,"Bloomberg BGN, exported by Charlie",estr_eonia_euribor6m_1y5y_bbg_2026-10-05.xlsx
2014-06-02,0.350000,0.757500,0.064000,0.435000,-0.021000,0.350000,"Bloomberg BGN, exported by Charlie",estr_eonia_euribor6m_1y5y_bbg_2026-10-05.xlsx
2014-06-03,0.346250,0.785000,0.060000,0.456300,-0.025000,0.371300,"Bloomberg BGN, exported by Charlie",estr_eonia_euribor6m_1y5y_bbg_2026-10-05.xlsx
2014-06-04,0.336000,0.786000,0.049000,0.459900,-0.036000,0.374850,"Bloomberg BGN, exported by Charlie",estr_eonia_euribor6m_1y5y_bbg_2026-10-05.xlsx
2014-06-05,0.337000,0.732000,0.052000,0.414000,-0.033000,0.329000,"Bloomberg BGN, exported by Charlie",estr_eonia_euribor6m_1y5y_bbg_2026-10-05.xlsx
2014-06-06,0.330750,0.690800,0.062000,0.379000,-0.023000,0.294000,"Bloomberg BGN, exported by Charlie",estr_eonia_euribor6m_1y5y_bbg_2026-10-05.xlsx
2014-06-09,0.331000,0.707500,0.064000,0.410000,-0.021000,0.325000,"Bloomberg BGN, exported by Charlie",estr_eonia_euribor6m_1y5y_bbg_2026-10-05.xlsx
2014-06-10,0.331000,0.729500,0.060000,0.425000,-0.025000,0.340000,"Bloomberg BGN, exported by Charlie",estr_eonia_euribor6m_1y5y_bbg_2026-10-05.xlsx
2014-06-11,0.316000,0.723000,0.039000,0.418000,-0.046000,0.333000,"Bloomberg BGN, exported by Charlie",estr_eonia_euribor6m_1y5y_bbg_2026-10-05.xlsx
2014-06-12,0.306000,0.691900,0.033000,0.408500,-0.052000,0.323500,"Bloomberg BGN, exported by Charlie",estr_eonia_euribor6m_1y5y_bbg_2026-10-05.xlsx
2014-06-13,0.300000,0.698500,0.024000,0.400500,-0.061000,0.315500,"Bloomberg BGN, exported by Charlie",estr_eonia_euribor6m_1y5y_bbg_2026-10-05.xlsx
2014-06-16,0.292000,0.696100,0.023000,0.398000,-0.062000,0.313000,"Bloomberg BGN, exported by Charlie",estr_eonia_euribor6m_1y5y_bbg_2026-10-05.xlsx
2014-06-17,0.294250,0.728300,0.036000,0.433000,-0.049000,0.348000,"Bloomberg BGN, exported by Charlie",estr_eonia_euribor6m_1y5y_bbg_2026-10-05.xlsx
2014-06-18,0.299000,0.704500,0.040000,0.414000,-0.045000,0.329000,"Bloomberg BGN, exported by Charlie",estr_eonia_euribor6m_1y5y_bbg_2026-10-05.xlsx
2014-06-19,0.295750,0.683000,0.040000,0.385200,-0.045000,0.300150,"Bloomberg BGN, exported by Charlie",estr_eonia_euribor6m_1y5y_bbg_2026-10-05.xlsx
2014-06-20,0.298000,0.694000,0.047000,0.398200,-0.038000,0.313150,"Bloomberg BGN, exported by Charlie",estr_eonia_euribor6m_1y5y_bbg_2026-10-05.xlsx
2014-06-23,0.300750,0.686000,0.047000,0.387500,-0.038000,0.302500,"Bloomberg BGN, exported by Charlie",estr_eonia_euribor6m_1y5y_bbg_2026-10-05.xlsx
2014-06-24,0.296000,0.684000,0.040000,0.390000,-0.045000,0.304950,"Bloomberg BGN, exported by Charlie",estr_eonia_euribor6m_1y5y_bbg_2026-10-05.xlsx
2014-06-25,0.292500,0.657300,0.039000,0.361000,-0.046000,0.275950,"Bloomberg BGN, exported by Charlie",estr_eonia_euribor6m_1y5y_bbg_2026-10-05.xlsx
2014-06-26,0.292000,0.651000,0.042000,0.356300,-0.043000,0.271250,"Bloomberg BGN, exported by Charlie",estr_eonia_euribor6m_1y5y_bbg_2026-10-05.xlsx
2014-06-27,0.294000,0.673000,0.046000,0.379000,-0.039000,0.294000,"Bloomberg BGN, exported by Charlie",estr_eonia_euribor6m_1y5y_bbg_2026-10-05.xlsx
2014-06-30,0.289000,0.654200,0.041000,0.358300,-0.044000,0.273250,"Bloomberg BGN, exported by Charlie",estr_eonia_euribor6m_1y5y_bbg_2026-10-05.xlsx
2014-07-01,0.289000,0.651200,0.038000,0.353000,-0.047000,0.268000,"Bloomberg BGN, exported by Charlie",estr_eonia_euribor6m_1y5y_bbg_2026-10-05.xlsx
2014-07-02,0.291000,0.677000,0.044000,0.381800,-0.041000,0.296750,"Bloomberg BGN, exported by Charlie",estr_eonia_euribor6m_1y5y_bbg_2026-10-05.xlsx
2014-07-03,0.288000,0.679000,0.038000,0.380800,-0.047000,0.295750,"Bloomberg BGN, exported by Charlie",estr_eonia_euribor6m_1y5y_bbg_2026-10-05.xlsx
2014-07-04,0.287000,0.661000,0.037500,0.369000,-0.047500,0.284000,"Bloomberg BGN, exported by Charlie",estr_eonia_euribor6m_1y5y_bbg_2026-10-05.xlsx
2014-07-07,0.287000,0.664000,0.039000,0.366000,-0.046000,0.281000,"Bloomberg BGN, exported by Charlie",estr_eonia_euribor6m_1y5y_bbg_2026-10-05.xlsx
2014-07-08,0.287500,0.635500,0.041000,0.341000,-0.044000,0.256000,"Bloomberg BGN, exported by Charlie",estr_eonia_euribor6m_1y5y_bbg_2026-10-05.xlsx
2014-07-09,0.292000,0.644500,0.046000,0.351000,-0.039000,0.266000,"Bloomberg BGN, exported by Charlie",estr_eonia_euribor6m_1y5y_bbg_2026-10-05.xlsx
2014-07-10,0.294500,0.639000,0.047000,0.339000,-0.038000,0.254000,"Bloomberg BGN, exported by Charlie",estr_eonia_euribor6m_1y5y_bbg_2026-10-05.xlsx
2014-07-11,0.297000,0.636000,0.050000,0.336000,-0.035000,0.251000,"Bloomberg BGN, exported by Charlie",estr_eonia_euribor6m_1y5y_bbg_2026-10-05.xlsx
2014-07-14,0.300000,0.639400,0.053000,0.343400,-0.032000,0.258350,"Bloomberg BGN, exported by Charlie",estr_eonia_euribor6m_1y5y_bbg_2026-10-05.xlsx
2014-07-15,0.300000,0.641000,0.051000,0.339400,-0.034000,0.254350,"Bloomberg BGN, exported by Charlie",estr_eonia_euribor6m_1y5y_bbg_2026-10-05.xlsx
2014-07-16,0.297500,0.632000,0.047000,0.334000,-0.038000,0.249000,"Bloomberg BGN, exported by Charlie",estr_eonia_euribor6m_1y5y_bbg_2026-10-05.xlsx
2014-07-17,0.295500,0.618000,0.047000,0.321000,-0.038000,0.236000,"Bloomberg BGN, exported by Charlie",estr_eonia_euribor6m_1y5y_bbg_2026-10-05.xlsx
2014-07-18,0.300000,0.626700,0.055000,0.330000,-0.030000,0.245000,"Bloomberg BGN, exported by Charlie",estr_eonia_euribor6m_1y5y_bbg_2026-10-05.xlsx
2014-07-21,0.301000,0.625000,0.058000,0.323700,-0.027000,0.238650,"Bloomberg BGN, exported by Charlie",estr_eonia_euribor6m_1y5y_bbg_2026-10-05.xlsx
2014-07-22,0.308500,0.642000,0.067000,0.342400,-0.018000,0.257400,"Bloomberg BGN, exported by Charlie",estr_eonia_euribor6m_1y5y_bbg_2026-10-05.xlsx
2014-07-23,0.308000,0.632300,0.066000,0.327000,-0.019000,0.242000,"Bloomberg BGN, exported by Charlie",estr_eonia_euribor6m_1y5y_bbg_2026-10-05.xlsx
2014-07-24,0.311500,0.655000,0.066000,0.348000,-0.019000,0.263000,"Bloomberg BGN, exported by Charlie",estr_eonia_euribor6m_1y5y_bbg_2026-10-05.xlsx
2014-07-25,0.307000,0.630100,0.060000,0.326500,-0.025000,0.241500,"Bloomberg BGN, exported by Charlie",estr_eonia_euribor6m_1y5y_bbg_2026-10-05.xlsx
2014-07-28,0.307000,0.634800,0.061000,0.331400,-0.024000,0.246350,"Bloomberg BGN, exported by Charlie",estr_eonia_euribor6m_1y5y_bbg_2026-10-05.xlsx
2014-07-29,0.304000,0.624800,0.059000,0.320200,-0.026000,0.235200,"Bloomberg BGN, exported by Charlie",estr_eonia_euribor6m_1y5y_bbg_2026-10-05.xlsx
2014-07-30,0.307000,0.665500,0.060000,0.348000,-0.025000,0.263000,"Bloomberg BGN, exported by Charlie",estr_eonia_euribor6m_1y5y_bbg_2026-10-05.xlsx
2014-07-31,0.308000,0.648000,0.060000,0.337000,-0.025000,0.252000,"Bloomberg BGN, exported by Charlie",estr_eonia_euribor6m_1y5y_bbg_2026-10-05.xlsx
2014-08-01,0.309000,0.639000,0.056500,0.326000,-0.028500,0.241000,"Bloomberg BGN, exported by Charlie",estr_eonia_euribor6m_1y5y_bbg_2026-10-05.xlsx
2014-08-04,0.308000,0.650500,0.057000,0.331000,-0.028000,0.246000,"Bloomberg BGN, exported by Charlie",estr_eonia_euribor6m_1y5y_bbg_2026-10-05.xlsx
2014-08-05,0.308250,0.658000,0.057000,0.344300,-0.028000,0.259250,"Bloomberg BGN, exported by Charlie",estr_eonia_euribor6m_1y5y_bbg_2026-10-05.xlsx
2014-08-06,0.303000,0.621000,0.049000,0.302000,-0.036000,0.217000,"Bloomberg BGN, exported by Charlie",estr_eonia_euribor6m_1y5y_bbg_2026-10-05.xlsx
2014-08-07,0.301500,0.609800,0.046000,0.289000,-0.039000,0.204000,"Bloomberg BGN, exported by Charlie",estr_eonia_euribor6m_1y5y_bbg_2026-10-05.xlsx
2014-08-08,0.305000,0.638900,0.049000,0.295600,-0.036000,0.210600,"Bloomberg BGN, exported by Charlie",estr_eonia_euribor6m_1y5y_bbg_2026-10-05.xlsx
2014-08-11,0.300000,0.621300,0.042000,0.293500,-0.043000,0.208500,"Bloomberg BGN, exported by Charlie",estr_eonia_euribor6m_1y5y_bbg_2026-10-05.xlsx
2014-08-12,0.298500,0.621000,0.041000,0.287700,-0.044000,0.202650,"Bloomberg BGN, exported by Charlie",estr_eonia_euribor6m_1y5y_bbg_2026-10-05.xlsx
2014-08-13,0.296000,0.586500,0.040000,0.259800,-0.045000,0.174750,"Bloomberg BGN, exported by Charlie",estr_eonia_euribor6m_1y5y_bbg_2026-10-05.xlsx
2014-08-14,0.295000,0.581900,0.038000,0.261000,-0.047000,0.176000,"Bloomberg BGN, exported by Charlie",estr_eonia_euribor6m_1y5y_bbg_2026-10-05.xlsx
2014-08-15,0.291500,0.577000,0.035000,0.235000,-0.050000,0.150000,"Bloomberg BGN, exported by Charlie",estr_eonia_euribor6m_1y5y_bbg_2026-10-05.xlsx
2014-08-18,0.291000,0.591800,0.034000,0.265000,-0.051000,0.180000,"Bloomberg BGN, exported by Charlie",estr_eonia_euribor6m_1y5y_bbg_2026-10-05.xlsx
2014-08-19,0.286000,0.573000,0.026000,0.249000,-0.059000,0.164000,"Bloomberg BGN, exported by Charlie",estr_eonia_euribor6m_1y5y_bbg_2026-10-05.xlsx
2014-08-20,0.280000,0.559000,0.024000,0.236000,-0.061000,0.151000,"Bloomberg BGN, exported by Charlie",estr_eonia_euribor6m_1y5y_bbg_2026-10-05.xlsx
2014-08-21,0.279000,0.567500,0.023000,0.248500,-0.062000,0.163500,"Bloomberg BGN, exported by Charlie",estr_eonia_euribor6m_1y5y_bbg_2026-10-05.xlsx
2014-08-22,0.279000,0.552500,0.024000,0.237800,-0.061000,0.152750,"Bloomberg BGN, exported by Charlie",estr_eonia_euribor6m_1y5y_bbg_2026-10-05.xlsx
2014-08-25,0.249000,0.515000,-0.013000,0.195600,-0.098000,0.110550,"Bloomberg BGN, exported by Charlie",estr_eonia_euribor6m_1y5y_bbg_2026-10-05.xlsx
2014-08-26,0.250000,0.511500,-0.008000,0.197000,-0.093000,0.112000,"Bloomberg BGN, exported by Charlie",estr_eonia_euribor6m_1y5y_bbg_2026-10-05.xlsx
2014-08-27,0.255000,0.495000,-0.003000,0.180000,-0.088000,0.095000,"Bloomberg BGN, exported by Charlie",estr_eonia_euribor6m_1y5y_bbg_2026-10-05.xlsx
2014-08-28,0.258000,0.499600,,0.185000,-0.085000,0.100000,"Bloomberg BGN, exported by Charlie",estr_eonia_euribor6m_1y5y_bbg_2026-10-05.xlsx
2014-08-29,0.247000,0.503500,-0.011000,0.183900,-0.096000,0.098850,"Bloomberg BGN, exported by Charlie",estr_eonia_euribor6m_1y5y_bbg_2026-10-05.xlsx
2014-09-01,0.238500,0.482100,-0.023000,0.166000,-0.108000,0.081000,"Bloomberg BGN, exported by Charlie",estr_eonia_euribor6m_1y5y_bbg_2026-10-05.xlsx
2014-09-02,0.239000,0.503000,-0.020000,0.186000,-0.105000,0.101000,"Bloomberg BGN, exported by Charlie",estr_eonia_euribor6m_1y5y_bbg_2026-10-05.xlsx
2014-09-03,0.242000,0.504000,-0.015000,0.186000,-0.100000,0.101000,"Bloomberg BGN, exported by Charlie",estr_eonia_euribor6m_1y5y_bbg_2026-10-05.xlsx
2014-09-04,0.215000,0.472000,-0.073000,0.146000,-0.158000,0.061000,"Bloomberg BGN, exported by Charlie",estr_eonia_euribor6m_1y5y_bbg_2026-10-05.xlsx
2014-09-05,0.187000,0.459100,-0.078000,0.147300,-0.163000,0.062250,"Bloomberg BGN, exported by Charlie",estr_eonia_euribor6m_1y5y_bbg_2026-10-05.xlsx
2014-09-08,0.186000,0.481300,-0.076000,0.170000,-0.161000,0.085000,"Bloomberg BGN, exported by Charlie",estr_eonia_euribor6m_1y5y_bbg_2026-10-05.xlsx
2014-09-09,0.186000,0.487000,-0.075000,0.177000,-0.160000,0.092000,"Bloomberg BGN, exported by Charlie",estr_eonia_euribor6m_1y5y_bbg_2026-10-05.xlsx
2014-09-10,0.184000,0.492400,-0.074000,0.183600,-0.159000,0.098550,"Bloomberg BGN, exported by Charlie",estr_eonia_euribor6m_1y5y_bbg_2026-10-05.xlsx
2014-09-11,0.179500,0.482700,-0.076000,0.177000,-0.161000,0.092000,"Bloomberg BGN, exported by Charlie",estr_eonia_euribor6m_1y5y_bbg_2026-10-05.xlsx
2014-09-12,0.187000,0.515000,-0.064000,0.204200,-0.149000,0.119200,"Bloomberg BGN, exported by Charlie",estr_eonia_euribor6m_1y5y_bbg_2026-10-05.xlsx
2014-09-15,0.180500,0.488000,-0.067000,0.191000,-0.152000,0.106000,"Bloomberg BGN, exported by Charlie",estr_eonia_euribor6m_1y5y_bbg_2026-10-05.xlsx
2014-09-16,0.187000,0.506800,-0.055000,0.195300,-0.140000,0.110250,"Bloomberg BGN, exported by Charlie",estr_eonia_euribor6m_1y5y_bbg_2026-10-05.xlsx
2014-09-17,0.184000,0.492500,-0.060000,0.185000,-0.145000,0.100000,"Bloomberg BGN, exported by Charlie",estr_eonia_euribor6m_1y5y_bbg_2026-10-05.xlsx
2014-09-18,0.188500,0.527500,-0.051000,0.219400,-0.136000,0.134350,"Bloomberg BGN, exported by Charlie",estr_eonia_euribor6m_1y5y_bbg_2026-10-05.xlsx
2014-09-19,0.181000,0.489000,-0.063000,0.187300,-0.148000,0.102250,"Bloomberg BGN, exported by Charlie",estr_eonia_euribor6m_1y5y_bbg_2026-10-05.xlsx
2014-09-22,0.181250,0.482000,-0.060000,0.170400,-0.145000,0.085350,"Bloomberg BGN, exported by Charlie",estr_eonia_euribor6m_1y5y_bbg_2026-10-05.xlsx
2014-09-23,0.186000,0.489500,-0.048000,0.182500,-0.133000,0.097500,"Bloomberg BGN, exported by Charlie",estr_eonia_euribor6m_1y5y_bbg_2026-10-05.xlsx
2014-09-24,0.182500,0.496500,-0.054000,0.179000,-0.139000,0.094000,"Bloomberg BGN, exported by Charlie",estr_eonia_euribor6m_1y5y_bbg_2026-10-05.xlsx
2014-09-25,0.181000,0.465000,-0.055000,0.156000,-0.140000,0.071000,"Bloomberg BGN, exported by Charlie",estr_eonia_euribor6m_1y5y_bbg_2026-10-05.xlsx
2014-09-26,0.179000,0.467500,-0.054000,0.161200,-0.139000,0.076150,"Bloomberg BGN, exported by Charlie",estr_eonia_euribor6m_1y5y_bbg_2026-10-05.xlsx
2014-09-29,0.179000,0.463700,-0.054000,0.155000,-0.139000,0.070000,"Bloomberg BGN, exported by Charlie",estr_eonia_euribor6m_1y5y_bbg_2026-10-05.xlsx
2014-09-30,0.175000,0.446000,-0.056000,0.143000,-0.141000,0.058000,"Bloomberg BGN, exported by Charlie",estr_eonia_euribor6m_1y5y_bbg_2026-10-05.xlsx
2014-10-01,0.171000,0.417000,-0.062000,0.116500,-0.147000,0.031450,"Bloomberg BGN, exported by Charlie",estr_eonia_euribor6m_1y5y_bbg_2026-10-05.xlsx
2014-10-02,0.171000,0.457000,-0.059000,0.139000,-0.144000,0.054000,"Bloomberg BGN, exported by Charlie",estr_eonia_euribor6m_1y5y_bbg_2026-10-05.xlsx
2014-10-03,0.175000,0.459500,-0.053000,0.158000,-0.138000,0.073000,"Bloomberg BGN, exported by Charlie",estr_eonia_euribor6m_1y5y_bbg_2026-10-05.xlsx
2014-10-06,0.173000,0.451100,-0.055000,0.150000,-0.140000,0.064950,"Bloomberg BGN, exported by Charlie",estr_eonia_euribor6m_1y5y_bbg_2026-10-05.xlsx
2014-10-07,0.174000,0.444100,-0.048000,0.150200,-0.133000,0.065200,"Bloomberg BGN, exported by Charlie",estr_eonia_euribor6m_1y5y_bbg_2026-10-05.xlsx
2014-10-08,0.175250,0.447500,-0.049000,0.153000,-0.134000,0.068000,"Bloomberg BGN, exported by Charlie",estr_eonia_euribor6m_1y5y_bbg_2026-10-05.xlsx
2014-10-09,0.178000,0.458600,-0.043000,0.155000,-0.128000,0.070000,"Bloomberg BGN, exported by Charlie",estr_eonia_euribor6m_1y5y_bbg_2026-10-05.xlsx
2014-10-10,0.183000,0.454000,-0.038000,0.154800,-0.123000,0.069750,"Bloomberg BGN, exported by Charlie",estr_eonia_euribor6m_1y5y_bbg_2026-10-05.xlsx
2014-10-13,0.192000,0.464900,-0.021000,0.160000,-0.106000,0.075000,"Bloomberg BGN, exported by Charlie",estr_eonia_euribor6m_1y5y_bbg_2026-10-05.xlsx
2014-10-14,0.185000,0.437500,-0.034000,0.133000,-0.119000,0.048000,"Bloomberg BGN, exported by Charlie",estr_eonia_euribor6m_1y5y_bbg_2026-10-05.xlsx
2014-10-15,0.187000,0.402000,-0.033000,0.093000,-0.118000,0.008000,"Bloomberg BGN, exported by Charlie",estr_eonia_euribor6m_1y5y_bbg_2026-10-05.xlsx
2014-10-16,0.203000,0.469200,-0.034000,0.153000,-0.119000,0.068000,"Bloomberg BGN, exported by Charlie",estr_eonia_euribor6m_1y5y_bbg_2026-10-05.xlsx
2014-10-17,0.195000,0.468000,-0.038000,0.164000,-0.123000,0.079000,"Bloomberg BGN, exported by Charlie",estr_eonia_euribor6m_1y5y_bbg_2026-10-05.xlsx
2014-10-20,0.194750,0.458000,-0.036000,0.144800,-0.121000,0.059750,"Bloomberg BGN, exported by Charlie",estr_eonia_euribor6m_1y5y_bbg_2026-10-05.xlsx
2014-10-21,0.202000,0.478000,-0.020000,0.171000,-0.105000,0.086000,"Bloomberg BGN, exported by Charlie",estr_eonia_euribor6m_1y5y_bbg_2026-10-05.xlsx
2014-10-22,0.202000,0.467000,-0.020000,0.158000,-0.105000,0.073000,"Bloomberg BGN, exported by Charlie",estr_eonia_euribor6m_1y5y_bbg_2026-10-05.xlsx
2014-10-23,0.200000,0.488000,-0.023000,0.179000,-0.108000,0.094000,"Bloomberg BGN, exported by Charlie",estr_eonia_euribor6m_1y5y_bbg_2026-10-05.xlsx
2014-10-24,0.204000,0.489500,-0.016000,0.178200,-0.101000,0.093200,"Bloomberg BGN, exported by Charlie",estr_eonia_euribor6m_1y5y_bbg_2026-10-05.xlsx
2014-10-27,0.204000,0.482100,-0.018000,0.169000,-0.103000,0.084000,"Bloomberg BGN, exported by Charlie",estr_eonia_euribor6m_1y5y_bbg_2026-10-05.xlsx
2014-10-28,0.201000,0.484500,-0.026000,0.172800,-0.111000,0.087750,"Bloomberg BGN, exported by Charlie",estr_eonia_euribor6m_1y5y_bbg_2026-10-05.xlsx
2014-10-29,0.202000,0.494000,-0.027000,0.182400,-0.112000,0.097350,"Bloomberg BGN, exported by Charlie",estr_eonia_euribor6m_1y5y_bbg_2026-10-05.xlsx
2014-10-30,0.198500,0.463500,-0.033000,0.149000,-0.118000,0.064000,"Bloomberg BGN, exported by Charlie",estr_eonia_euribor6m_1y5y_bbg_2026-10-05.xlsx
2014-10-31,0.193000,0.437000,-0.036000,0.135000,-0.121000,0.050000,"Bloomberg BGN, exported by Charlie",estr_eonia_euribor6m_1y5y_bbg_2026-10-05.xlsx
2014-11-03,0.190000,0.452500,-0.045000,0.141500,-0.130000,0.056450,"Bloomberg BGN, exported by Charlie",estr_eonia_euribor6m_1y5y_bbg_2026-10-05.xlsx
2014-11-04,0.191000,0.426300,-0.045000,0.113100,-0.130000,0.028050,"Bloomberg BGN, exported by Charlie",estr_eonia_euribor6m_1y5y_bbg_2026-10-05.xlsx
2014-11-05,0.190000,0.431000,-0.048000,0.118000,-0.133000,0.032950,"Bloomberg BGN, exported by Charlie",estr_eonia_euribor6m_1y5y_bbg_2026-10-05.xlsx
2014-11-06,0.185000,0.431500,-0.051000,0.116400,-0.136000,0.031350,"Bloomberg BGN, exported by Charlie",estr_eonia_euribor6m_1y5y_bbg_2026-10-05.xlsx
2014-11-07,0.184000,0.419000,-0.054000,0.109000,-0.139000,0.024000,"Bloomberg BGN, exported by Charlie",estr_eonia_euribor6m_1y5y_bbg_2026-10-05.xlsx
2014-11-10,0.186000,0.435000,-0.051000,0.120600,-0.136000,0.035550,"Bloomberg BGN, exported by Charlie",estr_eonia_euribor6m_1y5y_bbg_2026-10-05.xlsx
2014-11-11,0.186000,0.431400,-0.048000,0.118400,-0.133000,0.033400,"Bloomberg BGN, exported by Charlie",estr_eonia_euribor6m_1y5y_bbg_2026-10-05.xlsx
2014-11-12,0.185000,0.422000,-0.053000,0.103500,-0.138000,0.018500,"Bloomberg BGN, exported by Charlie",estr_eonia_euribor6m_1y5y_bbg_2026-10-05.xlsx
2014-11-13,0.185000,0.406000,-0.053000,0.092000,-0.138000,0.007000,"Bloomberg BGN, exported by Charlie",estr_eonia_euribor6m_1y5y_bbg_2026-10-05.xlsx
2014-11-14,0.186500,0.400000,-0.047000,0.091000,-0.132000,0.006000,"Bloomberg BGN, exported by Charlie",estr_eonia_euribor6m_1y5y_bbg_2026-10-05.xlsx
2014-11-17,0.189000,0.423000,-0.041000,0.110000,-0.126000,0.025000,"Bloomberg BGN, exported by Charlie",estr_eonia_euribor6m_1y5y_bbg_2026-10-05.xlsx
2014-11-18,0.191000,0.433000,-0.037000,0.114100,-0.122000,0.029050,"Bloomberg BGN, exported by Charlie",estr_eonia_euribor6m_1y5y_bbg_2026-10-05.xlsx
2014-11-19,0.195000,0.460800,-0.029000,0.153000,-0.114000,0.068000,"Bloomberg BGN, exported by Charlie",estr_eonia_euribor6m_1y5y_bbg_2026-10-05.xlsx
2014-11-20,0.189000,0.429000,-0.038000,0.111300,-0.123000,0.026300,"Bloomberg BGN, exported by Charlie",estr_eonia_euribor6m_1y5y_bbg_2026-10-05.xlsx
2014-11-21,0.182500,0.413000,-0.042500,0.096000,-0.127500,0.011000,"Bloomberg BGN, exported by Charlie",estr_eonia_euribor6m_1y5y_bbg_2026-10-05.xlsx
2014-11-24,0.181000,0.411000,-0.043000,0.098000,-0.128000,0.013000,"Bloomberg BGN, exported by Charlie",estr_eonia_euribor6m_1y5y_bbg_2026-10-05.xlsx
2014-11-25,0.183000,0.401400,-0.038000,0.087900,-0.123000,0.002850,"Bloomberg BGN, exported by Charlie",estr_eonia_euribor6m_1y5y_bbg_2026-10-05.xlsx
2014-11-26,0.183000,0.400400,-0.040000,0.087000,-0.125000,0.002000,"Bloomberg BGN, exported by Charlie",estr_eonia_euribor6m_1y5y_bbg_2026-10-05.xlsx
2014-11-27,0.182500,0.396000,-0.042000,0.079500,-0.127000,-0.005500,"Bloomberg BGN, exported by Charlie",estr_eonia_euribor6m_1y5y_bbg_2026-10-05.xlsx
2014-11-28,0.182000,0.396900,-0.040000,0.087000,-0.125000,0.002000,"Bloomberg BGN, exported by Charlie",estr_eonia_euribor6m_1y5y_bbg_2026-10-05.xlsx
2014-12-01,0.187000,0.441000,-0.032000,0.106000,-0.117000,0.021000,"Bloomberg BGN, exported by Charlie",estr_eonia_euribor6m_1y5y_bbg_2026-10-05.xlsx
2014-12-02,0.181000,0.424300,-0.043000,0.106000,-0.128000,0.021000,"Bloomberg BGN, exported by Charlie",estr_eonia_euribor6m_1y5y_bbg_2026-10-05.xlsx
2014-12-03,0.177000,0.404000,-0.046000,0.093000,-0.131000,0.008000,"Bloomberg BGN, exported by Charlie",estr_eonia_euribor6m_1y5y_bbg_2026-10-05.xlsx
2014-12-04,0.180000,0.411600,-0.038000,0.123000,-0.123000,0.038000,"Bloomberg BGN, exported by Charlie",estr_eonia_euribor6m_1y5y_bbg_2026-10-05.xlsx
2014-12-05,0.183500,0.426000,-0.033000,0.131000,-0.118000,0.046000,"Bloomberg BGN, exported by Charlie",estr_eonia_euribor6m_1y5y_bbg_2026-10-05.xlsx
2014-12-08,0.179000,0.404400,-0.038000,0.102000,-0.123000,0.017000,"Bloomberg BGN, exported by Charlie",estr_eonia_euribor6m_1y5y_bbg_2026-10-05.xlsx
2014-12-09,0.179000,0.411000,-0.042000,0.101000,-0.127000,0.016000,"Bloomberg BGN, exported by Charlie",estr_eonia_euribor6m_1y5y_bbg_2026-10-05.xlsx
2014-12-10,0.184000,0.403000,-0.038000,0.098500,-0.123000,0.013500,"Bloomberg BGN, exported by Charlie",estr_eonia_euribor6m_1y5y_bbg_2026-10-05.xlsx
2014-12-11,0.184000,0.403300,-0.039000,0.095500,-0.124000,0.010500,"Bloomberg BGN, exported by Charlie",estr_eonia_euribor6m_1y5y_bbg_2026-10-05.xlsx
2014-12-12,0.182000,0.388000,-0.039000,0.082500,-0.124000,-0.002550,"Bloomberg BGN, exported by Charlie",estr_eonia_euribor6m_1y5y_bbg_2026-10-05.xlsx
2014-12-15,0.180000,0.391000,-0.043800,0.079000,-0.128750,-0.006000,"Bloomberg BGN, exported by Charlie",estr_eonia_euribor6m_1y5y_bbg_2026-10-05.xlsx
2014-12-16,0.186000,0.384600,-0.043500,0.080000,-0.128500,-0.005000,"Bloomberg BGN, exported by Charlie",estr_eonia_euribor6m_1y5y_bbg_2026-10-05.xlsx
2014-12-17,0.181000,0.395800,-0.049000,0.072000,-0.134000,-0.013000,"Bloomberg BGN, exported by Charlie",estr_eonia_euribor6m_1y5y_bbg_2026-10-05.xlsx
2014-12-18,0.178000,0.403300,-0.049000,0.094000,-0.134000,0.009000,"Bloomberg BGN, exported by Charlie",estr_eonia_euribor6m_1y5y_bbg_2026-10-05.xlsx
2014-12-19,0.173000,0.389000,-0.053000,0.080000,-0.138000,-0.005000,"Bloomberg BGN, exported by Charlie",estr_eonia_euribor6m_1y5y_bbg_2026-10-05.xlsx
2014-12-22,0.169500,0.391000,-0.061500,0.080000,-0.146500,-0.005000,"Bloomberg BGN, exported by Charlie",estr_eonia_euribor6m_1y5y_bbg_2026-10-05.xlsx
2014-12-23,0.169000,0.395300,-0.060000,0.080000,-0.145000,-0.005000,"Bloomberg BGN, exported by Charlie",estr_eonia_euribor6m_1y5y_bbg_2026-10-05.xlsx
2014-12-24,0.167000,0.391000,-0.063000,0.080000,-0.148000,-0.005000,"Bloomberg BGN, exported by Charlie",estr_eonia_euribor6m_1y5y_bbg_2026-10-05.xlsx
2014-12-25,,0.390000,-0.060000,,,,"Bloomberg BGN, exported by Charlie",estr_eonia_euribor6m_1y5y_bbg_2026-10-05.xlsx
2014-12-26,,0.391500,-0.060000,,,,"Bloomberg BGN, exported by Charlie",estr_eonia_euribor6m_1y5y_bbg_2026-10-05.xlsx
2014-12-29,0.166000,0.367000,-0.065000,0.057800,-0.150000,-0.027250,"Bloomberg BGN, exported by Charlie",estr_eonia_euribor6m_1y5y_bbg_2026-10-05.xlsx
2014-12-30,0.161000,0.359000,-0.074000,0.056700,-0.159000,-0.028300,"Bloomberg BGN, exported by Charlie",estr_eonia_euribor6m_1y5y_bbg_2026-10-05.xlsx
2014-12-31,0.164000,0.358100,-0.070000,0.056700,-0.155000,-0.028300,"Bloomberg BGN, exported by Charlie",estr_eonia_euribor6m_1y5y_bbg_2026-10-05.xlsx
2015-01-01,,0.357000,-0.073000,,,,"Bloomberg BGN, exported by Charlie",estr_eonia_euribor6m_1y5y_bbg_2026-10-05.xlsx
2015-01-02,0.152000,0.342000,-0.083000,0.022500,-0.168000,-0.062500,"Bloomberg BGN, exported by Charlie",estr_eonia_euribor6m_1y5y_bbg_2026-10-05.xlsx
2015-01-05,0.154000,0.345000,-0.080000,0.033000,-0.165000,-0.052000,"Bloomberg BGN, exported by Charlie",estr_eonia_euribor6m_1y5y_bbg_2026-10-05.xlsx
2015-01-06,0.154000,0.334900,-0.080000,0.017000,-0.165000,-0.068000,"Bloomberg BGN, exported by Charlie",estr_eonia_euribor6m_1y5y_bbg_2026-10-05.xlsx
2015-01-07,0.154250,0.343500,-0.079000,0.022100,-0.164000,-0.062950,"Bloomberg BGN, exported by Charlie",estr_eonia_euribor6m_1y5y_bbg_2026-10-05.xlsx
2015-01-08,0.156000,0.350000,-0.074000,0.033000,-0.159000,-0.052000,"Bloomberg BGN, exported by Charlie",estr_eonia_euribor6m_1y5y_bbg_2026-10-05.xlsx
2015-01-09,0.154000,0.345500,-0.079000,0.026000,-0.164000,-0.059000,"Bloomberg BGN, exported by Charlie",estr_eonia_euribor6m_1y5y_bbg_2026-10-05.xlsx
2015-01-12,0.153500,0.333300,-0.077000,0.019000,-0.162000,-0.066000,"Bloomberg BGN, exported by Charlie",estr_eonia_euribor6m_1y5y_bbg_2026-10-05.xlsx
2015-01-13,0.152000,0.334000,-0.080000,0.024000,-0.165000,-0.061000,"Bloomberg BGN, exported by Charlie",estr_eonia_euribor6m_1y5y_bbg_2026-10-05.xlsx
2015-01-14,0.145500,0.316000,-0.080000,0.014700,-0.165000,-0.070350,"Bloomberg BGN, exported by Charlie",estr_eonia_euribor6m_1y5y_bbg_2026-10-05.xlsx
2015-01-15,0.129000,0.282700,-0.099000,0.006000,-0.184000,-0.079000,"Bloomberg BGN, exported by Charlie",estr_eonia_euribor6m_1y5y_bbg_2026-10-05.xlsx
2015-01-16,0.118000,0.285900,-0.112000,-0.001500,-0.197000,-0.086500,"Bloomberg BGN, exported by Charlie",estr_eonia_euribor6m_1y5y_bbg_2026-10-05.xlsx
2015-01-19,0.114500,0.278500,-0.110100,0.006000,-0.195050,-0.079000,"Bloomberg BGN, exported by Charlie",estr_eonia_euribor6m_1y5y_bbg_2026-10-05.xlsx
2015-01-20,0.117500,0.299500,-0.100000,0.043000,-0.185000,-0.042000,"Bloomberg BGN, exported by Charlie",estr_eonia_euribor6m_1y5y_bbg_2026-10-05.xlsx
2015-01-21,0.120000,0.332000,-0.092000,0.084900,-0.177000,-0.000150,"Bloomberg BGN, exported by Charlie",estr_eonia_euribor6m_1y5y_bbg_2026-10-05.xlsx
2015-01-22,0.115000,0.308600,-0.097000,0.097000,-0.182000,0.012000,"Bloomberg BGN, exported by Charlie",estr_eonia_euribor6m_1y5y_bbg_2026-10-05.xlsx
2015-01-23,0.109000,0.273600,-0.098000,0.031000,-0.183000,-0.054000,"Bloomberg BGN, exported by Charlie",estr_eonia_euribor6m_1y5y_bbg_2026-10-05.xlsx
2015-01-26,0.121000,0.316000,-0.083000,0.060000,-0.168000,-0.025000,"Bloomberg BGN, exported by Charlie",estr_eonia_euribor6m_1y5y_bbg_2026-10-05.xlsx
2015-01-27,0.116000,0.308500,-0.098000,0.041000,-0.183000,-0.044000,"Bloomberg BGN, exported by Charlie",estr_eonia_euribor6m_1y5y_bbg_2026-10-05.xlsx
2015-01-28,0.118500,0.273000,-0.099000,0.020000,-0.184000,-0.065000,"Bloomberg BGN, exported by Charlie",estr_eonia_euribor6m_1y5y_bbg_2026-10-05.xlsx
2015-01-29,0.128000,0.317000,-0.093000,0.033600,-0.178000,-0.051400,"Bloomberg BGN, exported by Charlie",estr_eonia_euribor6m_1y5y_bbg_2026-10-05.xlsx
2015-01-30,0.140000,0.301000,-0.086000,0.019000,-0.171000,-0.066000,"Bloomberg BGN, exported by Charlie",estr_eonia_euribor6m_1y5y_bbg_2026-10-05.xlsx
2015-02-02,0.140000,0.309100,-0.092000,0.026000,-0.177000,-0.059000,"Bloomberg BGN, exported by Charlie",estr_eonia_euribor6m_1y5y_bbg_2026-10-05.xlsx
2015-02-03,0.128000,0.312200,-0.100000,0.028800,-0.185000,-0.056250,"Bloomberg BGN, exported by Charlie",estr_eonia_euribor6m_1y5y_bbg_2026-10-05.xlsx
2015-02-04,0.131000,0.313000,-0.097000,0.040500,-0.182000,-0.044500,"Bloomberg BGN, exported by Charlie",estr_eonia_euribor6m_1y5y_bbg_2026-10-05.xlsx
2015-02-05,0.133000,0.314000,-0.096000,0.043000,-0.181000,-0.042000,"Bloomberg BGN, exported by Charlie",estr_eonia_euribor6m_1y5y_bbg_2026-10-05.xlsx
2015-02-06,0.133000,0.306000,-0.094000,0.046800,-0.179000,-0.038200,"Bloomberg BGN, exported by Charlie",estr_eonia_euribor6m_1y5y_bbg_2026-10-05.xlsx
2015-02-09,0.141000,0.316500,-0.090000,0.042300,-0.175000,-0.042750,"Bloomberg BGN, exported by Charlie",estr_eonia_euribor6m_1y5y_bbg_2026-10-05.xlsx
2015-02-10,0.134000,0.318500,-0.098500,0.042300,-0.183500,-0.042750,"Bloomberg BGN, exported by Charlie",estr_eonia_euribor6m_1y5y_bbg_2026-10-05.xlsx
2015-02-11,0.134000,0.311000,-0.100000,0.033900,-0.185000,-0.051150,"Bloomberg BGN, exported by Charlie",estr_eonia_euribor6m_1y5y_bbg_2026-10-05.xlsx
2015-02-12,0.127000,0.294000,-0.102000,0.016000,-0.187000,-0.069000,"Bloomberg BGN, exported by Charlie",estr_eonia_euribor6m_1y5y_bbg_2026-10-05.xlsx
2015-02-13,0.127000,0.301000,-0.100500,0.020500,-0.185500,-0.064500,"Bloomberg BGN, exported by Charlie",estr_eonia_euribor6m_1y5y_bbg_2026-10-05.xlsx
2015-02-16,0.128000,0.281100,-0.098000,0.010000,-0.183000,-0.075000,"Bloomberg BGN, exported by Charlie",estr_eonia_euribor6m_1y5y_bbg_2026-10-05.xlsx
2015-02-17,0.130000,0.313000,-0.103500,0.032000,-0.188500,-0.053000,"Bloomberg BGN, exported by Charlie",estr_eonia_euribor6m_1y5y_bbg_2026-10-05.xlsx
2015-02-18,0.126000,0.308500,-0.105000,0.031300,-0.190000,-0.053750,"Bloomberg BGN, exported by Charlie",estr_eonia_euribor6m_1y5y_bbg_2026-10-05.xlsx
2015-02-19,0.129000,0.309500,-0.102500,0.032100,-0.187500,-0.052950,"Bloomberg BGN, exported by Charlie",estr_eonia_euribor6m_1y5y_bbg_2026-10-05.xlsx
2015-02-20,0.134000,0.320800,-0.098000,0.030800,-0.183000,-0.054250,"Bloomberg BGN, exported by Charlie",estr_eonia_euribor6m_1y5y_bbg_2026-10-05.xlsx
2015-02-23,0.120000,0.295000,-0.098000,0.023000,-0.183000,-0.062000,"Bloomberg BGN, exported by Charlie",estr_eonia_euribor6m_1y5y_bbg_2026-10-05.xlsx
2015-02-24,0.112000,0.289500,-0.105000,0.029000,-0.190000,-0.056050,"Bloomberg BGN, exported by Charlie",estr_eonia_euribor6m_1y5y_bbg_2026-10-05.xlsx
2015-02-25,0.107000,0.266000,-0.107000,0.011100,-0.192000,-0.073900,"Bloomberg BGN, exported by Charlie",estr_eonia_euribor6m_1y5y_bbg_2026-10-05.xlsx
2015-02-26,0.097000,0.260600,-0.113000,0.002000,-0.198000,-0.083000,"Bloomberg BGN, exported by Charlie",estr_eonia_euribor6m_1y5y_bbg_2026-10-05.xlsx
2015-02-27,0.095000,0.268000,-0.109000,0.016000,-0.194000,-0.069000,"Bloomberg BGN, exported by Charlie",estr_eonia_euribor6m_1y5y_bbg_2026-10-05.xlsx
2015-03-02,0.098000,0.277000,-0.108000,0.023200,-0.193000,-0.061850,"Bloomberg BGN, exported by Charlie",estr_eonia_euribor6m_1y5y_bbg_2026-10-05.xlsx
2015-03-03,0.100000,0.283700,-0.106000,0.027000,-0.191000,-0.058000,"Bloomberg BGN, exported by Charlie",estr_eonia_euribor6m_1y5y_bbg_2026-10-05.xlsx
2015-03-04,0.103000,0.298000,-0.101000,0.051000,-0.186000,-0.034000,"Bloomberg BGN, exported by Charlie",estr_eonia_euribor6m_1y5y_bbg_2026-10-05.xlsx
2015-03-05,0.099750,0.295000,-0.104000,0.044900,-0.189000,-0.040150,"Bloomberg BGN, exported by Charlie",estr_eonia_euribor6m_1y5y_bbg_2026-10-05.xlsx
2015-03-06,0.100000,0.325400,-0.107000,0.075000,-0.192000,-0.010000,"Bloomberg BGN, exported by Charlie",estr_eonia_euribor6m_1y5y_bbg_2026-10-05.xlsx
2015-03-09,0.096500,0.298500,-0.113000,0.037300,-0.198000,-0.047750,"Bloomberg BGN, exported by Charlie",estr_eonia_euribor6m_1y5y_bbg_2026-10-05.xlsx
2015-03-10,0.090000,0.270000,-0.117000,0.008000,-0.202000,-0.077000,"Bloomberg BGN, exported by Charlie",estr_eonia_euribor6m_1y5y_bbg_2026-10-05.xlsx
2015-03-11,0.085000,0.250000,-0.124000,-0.012000,-0.209000,-0.097000,"Bloomberg BGN, exported by Charlie",estr_eonia_euribor6m_1y5y_bbg_2026-10-05.xlsx
2015-03-12,0.085000,0.280000,-0.122000,0.018000,-0.207000,-0.067050,"Bloomberg BGN, exported by Charlie",estr_eonia_euribor6m_1y5y_bbg_2026-10-05.xlsx
2015-03-13,0.082500,0.273500,-0.120500,0.015000,-0.205500,-0.070000,"Bloomberg BGN, exported by Charlie",estr_eonia_euribor6m_1y5y_bbg_2026-10-05.xlsx
2015-03-16,0.083000,0.283500,-0.121000,0.027000,-0.206000,-0.058050,"Bloomberg BGN, exported by Charlie",estr_eonia_euribor6m_1y5y_bbg_2026-10-05.xlsx
2015-03-17,0.093000,0.284400,-0.109000,0.031000,-0.194000,-0.054000,"Bloomberg BGN, exported by Charlie",estr_eonia_euribor6m_1y5y_bbg_2026-10-05.xlsx
2015-03-18,0.087500,0.243500,-0.119000,-0.002000,-0.204000,-0.087000,"Bloomberg BGN, exported by Charlie",estr_eonia_euribor6m_1y5y_bbg_2026-10-05.xlsx
2015-03-19,0.090500,0.249500,-0.120000,-0.008300,-0.205000,-0.093250,"Bloomberg BGN, exported by Charlie",estr_eonia_euribor6m_1y5y_bbg_2026-10-05.xlsx
2015-03-20,0.086000,0.250000,-0.124000,-0.010000,-0.209000,-0.095000,"Bloomberg BGN, exported by Charlie",estr_eonia_euribor6m_1y5y_bbg_2026-10-05.xlsx
2015-03-23,0.088000,0.281100,-0.120000,0.016500,-0.205000,-0.068500,"Bloomberg BGN, exported by Charlie",estr_eonia_euribor6m_1y5y_bbg_2026-10-05.xlsx
2015-03-24,0.089500,0.278400,-0.118000,0.022000,-0.203000,-0.063000,"Bloomberg BGN, exported by Charlie",estr_eonia_euribor6m_1y5y_bbg_2026-10-05.xlsx
2015-03-25,0.084500,0.269500,-0.128000,0.004000,-0.213000,-0.081000,"Bloomberg BGN, exported by Charlie",estr_eonia_euribor6m_1y5y_bbg_2026-10-05.xlsx
2015-03-26,0.085000,0.255500,-0.127500,0.001400,-0.212500,-0.083600,"Bloomberg BGN, exported by Charlie",estr_eonia_euribor6m_1y5y_bbg_2026-10-05.xlsx
2015-03-27,0.088000,0.261300,-0.122000,-0.001200,-0.207000,-0.086150,"Bloomberg BGN, exported by Charlie",estr_eonia_euribor6m_1y5y_bbg_2026-10-05.xlsx
2015-03-30,0.082500,0.268000,-0.128500,0.008000,-0.213500,-0.077000,"Bloomberg BGN, exported by Charlie",estr_eonia_euribor6m_1y5y_bbg_2026-10-05.xlsx
2015-03-31,0.080000,0.244500,-0.130000,-0.016000,-0.215000,-0.101000,"Bloomberg BGN, exported by Charlie",estr_eonia_euribor6m_1y5y_bbg_2026-10-05.xlsx
2015-04-01,0.082000,0.250000,-0.129000,-0.017000,-0.214000,-0.102000,"Bloomberg BGN, exported by Charlie",estr_eonia_euribor6m_1y5y_bbg_2026-10-05.xlsx
2015-04-02,0.084000,0.264000,-0.126300,0.006000,-0.211250,-0.079000,"Bloomberg BGN, exported by Charlie",estr_eonia_euribor6m_1y5y_bbg_2026-10-05.xlsx
2015-04-03,,0.264500,,,,,"Bloomberg BGN, exported by Charlie",estr_eonia_euribor6m_1y5y_bbg_2026-10-05.xlsx
2015-04-06,,0.264500,,,,,"Bloomberg BGN, exported by Charlie",estr_eonia_euribor6m_1y5y_bbg_2026-10-05.xlsx
2015-04-07,0.081000,0.249000,-0.131000,-0.011000,-0.216000,-0.095950,"Bloomberg BGN, exported by Charlie",estr_eonia_euribor6m_1y5y_bbg_2026-10-05.xlsx
2015-04-08,0.073000,0.220000,-0.138000,-0.036300,-0.223000,-0.121250,"Bloomberg BGN, exported by Charlie",estr_eonia_euribor6m_1y5y_bbg_2026-10-05.xlsx
2015-04-09,0.073000,0.218200,-0.138000,-0.040500,-0.223000,-0.125500,"Bloomberg BGN, exported by Charlie",estr_eonia_euribor6m_1y5y_bbg_2026-10-05.xlsx
2015-04-10,0.072250,0.217500,-0.138000,-0.035300,-0.223000,-0.120250,"Bloomberg BGN, exported by Charlie",estr_eonia_euribor6m_1y5y_bbg_2026-10-05.xlsx
2015-04-13,0.069500,0.213900,-0.139000,-0.038900,-0.224000,-0.123900,"Bloomberg BGN, exported by Charlie",estr_eonia_euribor6m_1y5y_bbg_2026-10-05.xlsx
2015-04-14,0.064000,0.204000,-0.144000,-0.047000,-0.229000,-0.132000,"Bloomberg BGN, exported by Charlie",estr_eonia_euribor6m_1y5y_bbg_2026-10-05.xlsx
2015-04-15,0.061000,0.191600,-0.146500,-0.056800,-0.231500,-0.141750,"Bloomberg BGN, exported by Charlie",estr_eonia_euribor6m_1y5y_bbg_2026-10-05.xlsx
2015-04-16,0.062000,0.185000,-0.143300,-0.060000,-0.228250,-0.145000,"Bloomberg BGN, exported by Charlie",estr_eonia_euribor6m_1y5y_bbg_2026-10-05.xlsx
2015-04-17,0.066000,0.185600,-0.139000,-0.060000,-0.224000,-0.145000,"Bloomberg BGN, exported by Charlie",estr_eonia_euribor6m_1y5y_bbg_2026-10-05.xlsx
2015-04-20,0.068000,0.195000,-0.141000,-0.054000,-0.226000,-0.139000,"Bloomberg BGN, exported by Charlie",estr_eonia_euribor6m_1y5y_bbg_2026-10-05.xlsx
2015-04-21,0.066000,0.210500,-0.143000,-0.050000,-0.228000,-0.135000,"Bloomberg BGN, exported by Charlie",estr_eonia_euribor6m_1y5y_bbg_2026-10-05.xlsx
2015-04-22,0.066000,0.233800,-0.139500,-0.018000,-0.224500,-0.103000,"Bloomberg BGN, exported by Charlie",estr_eonia_euribor6m_1y5y_bbg_2026-10-05.xlsx
2015-04-23,0.064000,0.217100,-0.139000,-0.024000,-0.224000,-0.109000,"Bloomberg BGN, exported by Charlie",estr_eonia_euribor6m_1y5y_bbg_2026-10-05.xlsx
2015-04-24,0.065750,0.211000,-0.136000,-0.029800,-0.221000,-0.114750,"Bloomberg BGN, exported by Charlie",estr_eonia_euribor6m_1y5y_bbg_2026-10-05.xlsx
2015-04-27,0.062000,0.210500,-0.138000,-0.033000,-0.223000,-0.118000,"Bloomberg BGN, exported by Charlie",estr_eonia_euribor6m_1y5y_bbg_2026-10-05.xlsx
2015-04-28,0.054250,0.205000,-0.141000,-0.035500,-0.226000,-0.120500,"Bloomberg BGN, exported by Charlie",estr_eonia_euribor6m_1y5y_bbg_2026-10-05.xlsx
2015-04-29,0.062000,0.255500,-0.130000,0.034000,-0.215000,-0.051000,"Bloomberg BGN, exported by Charlie",estr_eonia_euribor6m_1y5y_bbg_2026-10-05.xlsx
2015-04-30,0.069500,0.292900,-0.123000,0.072800,-0.208000,-0.012200,"Bloomberg BGN, exported by Charlie",estr_eonia_euribor6m_1y5y_bbg_2026-10-05.xlsx
2015-05-01,0.071500,0.292900,-0.118000,,,,"Bloomberg BGN, exported by Charlie",estr_eonia_euribor6m_1y5y_bbg_2026-10-05.xlsx
2015-05-04,0.066000,0.350400,-0.128000,0.112000,-0.213000,0.027000,"Bloomberg BGN, exported by Charlie",estr_eonia_euribor6m_1y5y_bbg_2026-10-05.xlsx
2015-05-05,0.069000,0.371000,-0.120000,0.141000,-0.205000,0.056000,"Bloomberg BGN, exported by Charlie",estr_eonia_euribor6m_1y5y_bbg_2026-10-05.xlsx
2015-05-06,0.067000,0.407900,-0.123500,0.169000,-0.208500,0.084000,"Bloomberg BGN, exported by Charlie",estr_eonia_euribor6m_1y5y_bbg_2026-10-05.xlsx
2015-05-07,0.065000,0.383500,-0.121000,0.162000,-0.206000,0.077000,"Bloomberg BGN, exported by Charlie",estr_eonia_euribor6m_1y5y_bbg_2026-10-05.xlsx
2015-05-08,0.064000,0.365000,-0.127000,0.140000,-0.212000,0.055000,"Bloomberg BGN, exported by Charlie",estr_eonia_euribor6m_1y5y_bbg_2026-10-05.xlsx
2015-05-11,0.067000,0.402000,-0.123000,0.158700,-0.208000,0.073650,"Bloomberg BGN, exported by Charlie",estr_eonia_euribor6m_1y5y_bbg_2026-10-05.xlsx
2015-05-12,0.070000,0.426000,-0.119000,0.183500,-0.204000,0.098500,"Bloomberg BGN, exported by Charlie",estr_eonia_euribor6m_1y5y_bbg_2026-10-05.xlsx
2015-05-13,0.073000,0.429500,-0.111000,0.195500,-0.196000,0.110500,"Bloomberg BGN, exported by Charlie",estr_eonia_euribor6m_1y5y_bbg_2026-10-05.xlsx
2015-05-14,0.073000,0.414000,-0.114000,0.189000,-0.199000,0.104000,"Bloomberg BGN, exported by Charlie",estr_eonia_euribor6m_1y5y_bbg_2026-10-05.xlsx
2015-05-15,0.074000,0.404400,-0.116000,0.165000,-0.201000,0.080000,"Bloomberg BGN, exported by Charlie",estr_eonia_euribor6m_1y5y_bbg_2026-10-05.xlsx
2015-05-18,0.072000,0.410700,-0.117000,0.174000,-0.202000,0.089000,"Bloomberg BGN, exported by Charlie",estr_eonia_euribor6m_1y5y_bbg_2026-10-05.xlsx
2015-05-19,0.069000,0.393400,-0.122000,0.160000,-0.207000,0.075000,"Bloomberg BGN, exported by Charlie",estr_eonia_euribor6m_1y5y_bbg_2026-10-05.xlsx
2015-05-20,0.066000,0.396300,-0.124000,0.165000,-0.209000,0.080000,"Bloomberg BGN, exported by Charlie",estr_eonia_euribor6m_1y5y_bbg_2026-10-05.xlsx
2015-05-21,0.070000,0.405400,-0.124000,0.167000,-0.209000,0.082000,"Bloomberg BGN, exported by Charlie",estr_eonia_euribor6m_1y5y_bbg_2026-10-05.xlsx
2015-05-22,0.072000,0.398700,-0.123000,0.160000,-0.208000,0.075000,"Bloomberg BGN, exported by Charlie",estr_eonia_euribor6m_1y5y_bbg_2026-10-05.xlsx
2015-05-25,0.072000,0.398800,-0.123000,0.160000,-0.208000,0.075000,"Bloomberg BGN, exported by Charlie",estr_eonia_euribor6m_1y5y_bbg_2026-10-05.xlsx
2015-05-26,0.069000,0.375000,-0.130000,0.125000,-0.215000,0.040000,"Bloomberg BGN, exported by Charlie",estr_eonia_euribor6m_1y5y_bbg_2026-10-05.xlsx
2015-05-27,0.066500,0.366500,-0.132000,0.122000,-0.217000,0.037000,"Bloomberg BGN, exported by Charlie",estr_eonia_euribor6m_1y5y_bbg_2026-10-05.xlsx
2015-05-28,0.071000,0.372000,-0.122000,0.123500,-0.207000,0.038450,"Bloomberg BGN, exported by Charlie",estr_eonia_euribor6m_1y5y_bbg_2026-10-05.xlsx
2015-05-29,0.071000,0.350000,-0.126000,0.101000,-0.211000,0.016000,"Bloomberg BGN, exported by Charlie",estr_eonia_euribor6m_1y5y_bbg_2026-10-05.xlsx
2015-06-01,0.073000,0.395000,-0.124000,0.130700,-0.209000,0.045700,"Bloomberg BGN, exported by Charlie",estr_eonia_euribor6m_1y5y_bbg_2026-10-05.xlsx
2015-06-02,0.072500,0.431000,-0.123000,0.188500,-0.208000,0.103500,"Bloomberg BGN, exported by Charlie",estr_eonia_euribor6m_1y5y_bbg_2026-10-05.xlsx
2015-06-03,0.075000,0.554000,-0.119000,0.293500,-0.204000,0.208500,"Bloomberg BGN, exported by Charlie",estr_eonia_euribor6m_1y5y_bbg_2026-10-05.xlsx
2015-06-04,0.072000,0.495000,-0.120000,0.266000,-0.205000,0.181000,"Bloomberg BGN, exported by Charlie",estr_eonia_euribor6m_1y5y_bbg_2026-10-05.xlsx
2015-06-05,0.075000,0.513200,-0.119500,0.280500,-0.204500,0.195450,"Bloomberg BGN, exported by Charlie",estr_eonia_euribor6m_1y5y_bbg_2026-10-05.xlsx
2015-06-08,0.078000,0.541000,-0.115000,0.294000,-0.200000,0.209000,"Bloomberg BGN, exported by Charlie",estr_eonia_euribor6m_1y5y_bbg_2026-10-05.xlsx
2015-06-09,0.081000,0.583000,-0.114000,0.338000,-0.199000,0.253000,"Bloomberg BGN, exported by Charlie",estr_eonia_euribor6m_1y5y_bbg_2026-10-05.xlsx
2015-06-10,0.077000,0.584200,-0.118000,0.337000,-0.203000,0.252000,"Bloomberg BGN, exported by Charlie",estr_eonia_euribor6m_1y5y_bbg_2026-10-05.xlsx
2015-06-11,0.081000,0.544100,-0.115000,0.301000,-0.200000,0.216000,"Bloomberg BGN, exported by Charlie",estr_eonia_euribor6m_1y5y_bbg_2026-10-05.xlsx
2015-06-12,0.085000,0.557000,-0.121000,0.277500,-0.206000,0.192500,"Bloomberg BGN, exported by Charlie",estr_eonia_euribor6m_1y5y_bbg_2026-10-05.xlsx
2015-06-15,0.099000,0.558500,-0.121500,0.284000,-0.206500,0.199000,"Bloomberg BGN, exported by Charlie",estr_eonia_euribor6m_1y5y_bbg_2026-10-05.xlsx
2015-06-16,0.096000,0.542500,-0.122000,0.269000,-0.207000,0.184000,"Bloomberg BGN, exported by Charlie",estr_eonia_euribor6m_1y5y_bbg_2026-10-05.xlsx
2015-06-17,0.091000,0.531000,-0.126000,0.260000,-0.211000,0.175000,"Bloomberg BGN, exported by Charlie",estr_eonia_euribor6m_1y5y_bbg_2026-10-05.xlsx
2015-06-18,0.085000,0.532500,-0.126000,0.265000,-0.211000,0.180000,"Bloomberg BGN, exported by Charlie",estr_eonia_euribor6m_1y5y_bbg_2026-10-05.xlsx
2015-06-19,0.085000,0.511900,-0.124000,0.247800,-0.209000,0.162750,"Bloomberg BGN, exported by Charlie",estr_eonia_euribor6m_1y5y_bbg_2026-10-05.xlsx
2015-06-22,0.067000,0.556200,-0.125000,0.300000,-0.210000,0.215000,"Bloomberg BGN, exported by Charlie",estr_eonia_euribor6m_1y5y_bbg_2026-10-05.xlsx
2015-06-23,0.068250,0.553500,-0.125000,0.296000,-0.210000,0.211000,"Bloomberg BGN, exported by Charlie",estr_eonia_euribor6m_1y5y_bbg_2026-10-05.xlsx
2015-06-24,0.070000,0.514000,-0.126000,0.281000,-0.211000,0.196000,"Bloomberg BGN, exported by Charlie",estr_eonia_euribor6m_1y5y_bbg_2026-10-05.xlsx
2015-06-25,0.070000,0.530300,-0.126000,0.283000,-0.211000,0.198000,"Bloomberg BGN, exported by Charlie",estr_eonia_euribor6m_1y5y_bbg_2026-10-05.xlsx
2015-06-26,0.072000,0.569400,-0.120500,0.314500,-0.205500,0.229500,"Bloomberg BGN, exported by Charlie",estr_eonia_euribor6m_1y5y_bbg_2026-10-05.xlsx
2015-06-29,0.080750,0.497500,-0.121000,0.254500,-0.206000,0.169500,"Bloomberg BGN, exported by Charlie",estr_eonia_euribor6m_1y5y_bbg_2026-10-05.xlsx
2015-06-30,0.076000,0.500500,-0.124000,0.240000,-0.209000,0.155000,"Bloomberg BGN, exported by Charlie",estr_eonia_euribor6m_1y5y_bbg_2026-10-05.xlsx
2015-07-01,0.071000,0.508600,-0.127000,0.248000,-0.212000,0.163000,"Bloomberg BGN, exported by Charlie",estr_eonia_euribor6m_1y5y_bbg_2026-10-05.xlsx
2015-07-02,0.070000,0.518300,-0.127000,0.259500,-0.212000,0.174500,"Bloomberg BGN, exported by Charlie",estr_eonia_euribor6m_1y5y_bbg_2026-10-05.xlsx
2015-07-03,0.073000,0.492200,-0.126000,0.234800,-0.211000,0.149750,"Bloomberg BGN, exported by Charlie",estr_eonia_euribor6m_1y5y_bbg_2026-10-05.xlsx
2015-07-06,0.075000,0.459500,-0.132000,0.214000,-0.217000,0.129000,"Bloomberg BGN, exported by Charlie",estr_eonia_euribor6m_1y5y_bbg_2026-10-05.xlsx
2015-07-07,0.072000,0.449000,-0.138000,0.180800,-0.223000,0.095800,"Bloomberg BGN, exported by Charlie",estr_eonia_euribor6m_1y5y_bbg_2026-10-05.xlsx
2015-07-08,0.070000,0.454800,-0.141000,0.185000,-0.226000,0.100000,"Bloomberg BGN, exported by Charlie",estr_eonia_euribor6m_1y5y_bbg_2026-10-05.xlsx
2015-07-09,0.069000,0.482500,-0.139000,0.205000,-0.224000,0.119950,"Bloomberg BGN, exported by Charlie",estr_eonia_euribor6m_1y5y_bbg_2026-10-05.xlsx
2015-07-10,0.071750,0.558500,-0.129000,0.294000,-0.214000,0.209000,"Bloomberg BGN, exported by Charlie",estr_eonia_euribor6m_1y5y_bbg_2026-10-05.xlsx
2015-07-13,0.059000,0.517000,-0.138000,0.259000,-0.223000,0.174000,"Bloomberg BGN, exported by Charlie",estr_eonia_euribor6m_1y5y_bbg_2026-10-05.xlsx
2015-07-14,0.056000,0.496900,-0.139000,0.249000,-0.224000,0.164000,"Bloomberg BGN, exported by Charlie",estr_eonia_euribor6m_1y5y_bbg_2026-10-05.xlsx
2015-07-15,0.056000,0.461000,-0.138000,0.217000,-0.223000,0.132000,"Bloomberg BGN, exported by Charlie",estr_eonia_euribor6m_1y5y_bbg_2026-10-05.xlsx
2015-07-16,0.056000,0.479500,-0.136000,0.231000,-0.221000,0.146000,"Bloomberg BGN, exported by Charlie",estr_eonia_euribor6m_1y5y_bbg_2026-10-05.xlsx
2015-07-17,0.057000,0.446300,-0.132500,0.203000,-0.217500,0.118000,"Bloomberg BGN, exported by Charlie",estr_eonia_euribor6m_1y5y_bbg_2026-10-05.xlsx
2015-07-20,0.059250,0.441900,-0.130000,0.196300,-0.215000,0.111300,"Bloomberg BGN, exported by Charlie",estr_eonia_euribor6m_1y5y_bbg_2026-10-05.xlsx
2015-07-21,0.060000,0.451660,-0.129800,0.194900,-0.214750,0.109850,"Bloomberg BGN, exported by Charlie",estr_eonia_euribor6m_1y5y_bbg_2026-10-05.xlsx
2015-07-22,0.063000,0.431000,-0.127000,0.174000,-0.212000,0.089000,"Bloomberg BGN, exported by Charlie",estr_eonia_euribor6m_1y5y_bbg_2026-10-05.xlsx
2015-07-23,0.062000,0.424400,-0.128500,0.175000,-0.213500,0.090000,"Bloomberg BGN, exported by Charlie",estr_eonia_euribor6m_1y5y_bbg_2026-10-05.xlsx
2015-07-24,0.062000,0.411040,-0.128300,0.154000,-0.213250,0.069000,"Bloomberg BGN, exported by Charlie",estr_eonia_euribor6m_1y5y_bbg_2026-10-05.xlsx
2015-07-27,0.063000,0.406200,-0.127800,0.163000,-0.212750,0.078000,"Bloomberg BGN, exported by Charlie",estr_eonia_euribor6m_1y5y_bbg_2026-10-05.xlsx
2015-07-28,0.059000,0.416000,-0.130800,0.158000,-0.215750,0.073000,"Bloomberg BGN, exported by Charlie",estr_eonia_euribor6m_1y5y_bbg_2026-10-05.xlsx
2015-07-29,0.056000,0.411060,-0.131000,0.167000,-0.216000,0.082000,"Bloomberg BGN, exported by Charlie",estr_eonia_euribor6m_1y5y_bbg_2026-10-05.xlsx
2015-07-30,0.054000,0.401000,-0.132000,0.145500,-0.217000,0.060500,"Bloomberg BGN, exported by Charlie",estr_eonia_euribor6m_1y5y_bbg_2026-10-05.xlsx
2015-07-31,0.053500,0.398450,-0.133300,0.145500,-0.218250,0.060500,"Bloomberg BGN, exported by Charlie",estr_eonia_euribor6m_1y5y_bbg_2026-10-05.xlsx
2015-08-03,0.052000,0.384000,-0.135000,0.132000,-0.220000,0.047000,"Bloomberg BGN, exported by Charlie",estr_eonia_euribor6m_1y5y_bbg_2026-10-05.xlsx
2015-08-04,0.052000,0.407500,-0.135000,0.137500,-0.220000,0.052500,"Bloomberg BGN, exported by Charlie",estr_eonia_euribor6m_1y5y_bbg_2026-10-05.xlsx
2015-08-05,0.053000,0.432510,-0.134000,0.179000,-0.219000,0.094000,"Bloomberg BGN, exported by Charlie",estr_eonia_euribor6m_1y5y_bbg_2026-10-05.xlsx
2015-08-06,0.054000,0.414000,-0.132000,0.169000,-0.217000,0.084000,"Bloomberg BGN, exported by Charlie",estr_eonia_euribor6m_1y5y_bbg_2026-10-05.xlsx
2015-08-07,0.050500,0.391200,-0.135000,0.139000,-0.220000,0.054000,"Bloomberg BGN, exported by Charlie",estr_eonia_euribor6m_1y5y_bbg_2026-10-05.xlsx
2015-08-10,0.051000,0.409300,-0.135000,0.153000,-0.220000,0.068000,"Bloomberg BGN, exported by Charlie",estr_eonia_euribor6m_1y5y_bbg_2026-10-05.xlsx
2015-08-11,0.049000,0.383000,-0.138000,0.130000,-0.223000,0.045000,"Bloomberg BGN, exported by Charlie",estr_eonia_euribor6m_1y5y_bbg_2026-10-05.xlsx
2015-08-12,0.048000,0.375000,-0.138000,0.110000,-0.223000,0.025000,"Bloomberg BGN, exported by Charlie",estr_eonia_euribor6m_1y5y_bbg_2026-10-05.xlsx
2015-08-13,0.048000,0.384000,-0.139000,0.126000,-0.224000,0.041000,"Bloomberg BGN, exported by Charlie",estr_eonia_euribor6m_1y5y_bbg_2026-10-05.xlsx
2015-08-14,0.048000,0.402000,-0.140000,0.147000,-0.225000,0.062000,"Bloomberg BGN, exported by Charlie",estr_eonia_euribor6m_1y5y_bbg_2026-10-05.xlsx
2015-08-17,0.047000,0.390100,-0.140000,0.130500,-0.225000,0.045500,"Bloomberg BGN, exported by Charlie",estr_eonia_euribor6m_1y5y_bbg_2026-10-05.xlsx
2015-08-18,0.047500,0.395300,-0.140000,0.134000,-0.225000,0.049000,"Bloomberg BGN, exported by Charlie",estr_eonia_euribor6m_1y5y_bbg_2026-10-05.xlsx
2015-08-19,0.047000,0.364710,-0.142000,0.124000,-0.227000,0.039000,"Bloomberg BGN, exported by Charlie",estr_eonia_euribor6m_1y5y_bbg_2026-10-05.xlsx
2015-08-20,0.044250,0.354000,-0.143000,0.100000,-0.228000,0.015000,"Bloomberg BGN, exported by Charlie",estr_eonia_euribor6m_1y5y_bbg_2026-10-05.xlsx
2015-08-21,0.045000,0.356800,-0.143000,0.094000,-0.228000,0.009000,"Bloomberg BGN, exported by Charlie",estr_eonia_euribor6m_1y5y_bbg_2026-10-05.xlsx
2015-08-24,0.048000,0.374160,-0.139000,0.111500,-0.224000,0.026500,"Bloomberg BGN, exported by Charlie",estr_eonia_euribor6m_1y5y_bbg_2026-10-05.xlsx
2015-08-25,0.048000,0.433900,-0.141000,0.184000,-0.226000,0.099000,"Bloomberg BGN, exported by Charlie",estr_eonia_euribor6m_1y5y_bbg_2026-10-05.xlsx
2015-08-26,0.045000,0.431900,-0.145000,0.159000,-0.230000,0.074000,"Bloomberg BGN, exported by Charlie",estr_eonia_euribor6m_1y5y_bbg_2026-10-05.xlsx
2015-08-27,0.045000,0.422560,-0.145000,0.164500,-0.230000,0.079500,"Bloomberg BGN, exported by Charlie",estr_eonia_euribor6m_1y5y_bbg_2026-10-05.xlsx
2015-08-28,0.047500,0.428400,-0.142000,0.175000,-0.227000,0.090000,"Bloomberg BGN, exported by Charlie",estr_eonia_euribor6m_1y5y_bbg_2026-10-05.xlsx
2015-08-31,0.047000,0.467800,-0.142000,0.189000,-0.227000,0.104000,"Bloomberg BGN, exported by Charlie",estr_eonia_euribor6m_1y5y_bbg_2026-10-05.xlsx
2015-09-01,0.045000,0.455300,-0.144000,0.199000,-0.229000,0.114000,"Bloomberg BGN, exported by Charlie",estr_eonia_euribor6m_1y5y_bbg_2026-10-05.xlsx
2015-09-02,0.045000,0.443800,-0.145000,0.179000,-0.230000,0.094000,"Bloomberg BGN, exported by Charlie",estr_eonia_euribor6m_1y5y_bbg_2026-10-05.xlsx
2015-09-03,0.038000,0.402000,-0.152000,0.144000,-0.237000,0.059000,"Bloomberg BGN, exported by Charlie",estr_eonia_euribor6m_1y5y_bbg_2026-10-05.xlsx
2015-09-04,0.039000,0.379800,-0.150000,0.131000,-0.235000,0.046000,"Bloomberg BGN, exported by Charlie",estr_eonia_euribor6m_1y5y_bbg_2026-10-05.xlsx
2015-09-07,0.042000,0.375830,-0.148000,0.122000,-0.233000,0.037000,"Bloomberg BGN, exported by Charlie",estr_eonia_euribor6m_1y5y_bbg_2026-10-05.xlsx
2015-09-08,0.042000,0.383000,-0.148000,0.126000,-0.233000,0.041000,"Bloomberg BGN, exported by Charlie",estr_eonia_euribor6m_1y5y_bbg_2026-10-05.xlsx
2015-09-09,0.042000,0.373500,-0.149000,0.124500,-0.234000,0.039500,"Bloomberg BGN, exported by Charlie",estr_eonia_euribor6m_1y5y_bbg_2026-10-05.xlsx
2015-09-10,0.045000,0.384100,-0.147000,0.122000,-0.232000,0.037000,"Bloomberg BGN, exported by Charlie",estr_eonia_euribor6m_1y5y_bbg_2026-10-05.xlsx
2015-09-11,0.041000,0.370000,-0.151000,0.101000,-0.236000,0.016000,"Bloomberg BGN, exported by Charlie",estr_eonia_euribor6m_1y5y_bbg_2026-10-05.xlsx
2015-09-14,0.040000,0.365900,-0.152000,0.103000,-0.237000,0.018000,"Bloomberg BGN, exported by Charlie",estr_eonia_euribor6m_1y5y_bbg_2026-10-05.xlsx
2015-09-15,0.042000,0.419200,-0.150000,0.144300,-0.235000,0.059250,"Bloomberg BGN, exported by Charlie",estr_eonia_euribor6m_1y5y_bbg_2026-10-05.xlsx
2015-09-16,0.042000,0.427000,-0.149000,0.167000,-0.234000,0.082000,"Bloomberg BGN, exported by Charlie",estr_eonia_euribor6m_1y5y_bbg_2026-10-05.xlsx
2015-09-17,0.044000,0.390000,-0.147000,0.181000,-0.232000,0.096000,"Bloomberg BGN, exported by Charlie",estr_eonia_euribor6m_1y5y_bbg_2026-10-05.xlsx
2015-09-18,0.040000,0.382700,-0.154000,0.123300,-0.239000,0.038250,"Bloomberg BGN, exported by Charlie",estr_eonia_euribor6m_1y5y_bbg_2026-10-05.xlsx
2015-09-21,0.038000,0.391600,-0.156000,0.125000,-0.241000,0.040000,"Bloomberg BGN, exported by Charlie",estr_eonia_euribor6m_1y5y_bbg_2026-10-05.xlsx
2015-09-22,0.024000,0.352500,-0.175000,0.082000,-0.260000,-0.003000,"Bloomberg BGN, exported by Charlie",estr_eonia_euribor6m_1y5y_bbg_2026-10-05.xlsx
2015-09-23,0.028500,0.356000,-0.169000,0.088000,-0.254000,0.003000,"Bloomberg BGN, exported by Charlie",estr_eonia_euribor6m_1y5y_bbg_2026-10-05.xlsx
2015-09-24,0.033000,0.377600,-0.166000,0.103000,-0.251000,0.018000,"Bloomberg BGN, exported by Charlie",estr_eonia_euribor6m_1y5y_bbg_2026-10-05.xlsx
2015-09-25,0.030000,0.372000,-0.167000,0.110000,-0.252000,0.025000,"Bloomberg BGN, exported by Charlie",estr_eonia_euribor6m_1y5y_bbg_2026-10-05.xlsx
2015-09-28,0.028500,0.353540,-0.169000,0.089000,-0.254000,0.003950,"Bloomberg BGN, exported by Charlie",estr_eonia_euribor6m_1y5y_bbg_2026-10-05.xlsx
2015-09-29,0.024750,0.353610,-0.174000,0.084000,-0.259000,-0.001000,"Bloomberg BGN, exported by Charlie",estr_eonia_euribor6m_1y5y_bbg_2026-10-05.xlsx
2015-09-30,0.024000,0.347000,-0.173000,0.082000,-0.258000,-0.003000,"Bloomberg BGN, exported by Charlie",estr_eonia_euribor6m_1y5y_bbg_2026-10-05.xlsx
2015-10-01,0.019250,0.325000,-0.179000,0.056000,-0.264000,-0.029000,"Bloomberg BGN, exported by Charlie",estr_eonia_euribor6m_1y5y_bbg_2026-10-05.xlsx
2015-10-02,0.018000,0.318600,-0.177000,0.047500,-0.262000,-0.037500,"Bloomberg BGN, exported by Charlie",estr_eonia_euribor6m_1y5y_bbg_2026-10-05.xlsx
2015-10-05,0.019000,0.337940,-0.173000,0.070000,-0.258000,-0.015000,"Bloomberg BGN, exported by Charlie",estr_eonia_euribor6m_1y5y_bbg_2026-10-05.xlsx
2015-10-06,0.025000,0.351400,-0.169000,0.088000,-0.254000,0.003000,"Bloomberg BGN, exported by Charlie",estr_eonia_euribor6m_1y5y_bbg_2026-10-05.xlsx
2015-10-07,0.026000,0.364000,-0.168000,0.094000,-0.253000,0.009000,"Bloomberg BGN, exported by Charlie",estr_eonia_euribor6m_1y5y_bbg_2026-10-05.xlsx
2015-10-08,0.025900,0.363080,-0.170000,0.095000,-0.255000,0.009950,"Bloomberg BGN, exported by Charlie",estr_eonia_euribor6m_1y5y_bbg_2026-10-05.xlsx
2015-10-09,0.026000,0.365000,-0.169000,0.102000,-0.254000,0.017000,"Bloomberg BGN, exported by Charlie",estr_eonia_euribor6m_1y5y_bbg_2026-10-05.xlsx
2015-10-12,0.026000,0.344000,-0.169000,0.079000,-0.254000,-0.006000,"Bloomberg BGN, exported by Charlie",estr_eonia_euribor6m_1y5y_bbg_2026-10-05.xlsx
2015-10-13,0.023400,0.343400,-0.172000,0.082000,-0.257000,-0.003000,"Bloomberg BGN, exported by Charlie",estr_eonia_euribor6m_1y5y_bbg_2026-10-05.xlsx
2015-10-14,0.021000,0.319300,-0.175500,0.059000,-0.260500,-0.026000,"Bloomberg BGN, exported by Charlie",estr_eonia_euribor6m_1y5y_bbg_2026-10-05.xlsx
2015-10-15,0.015000,0.337280,-0.181000,0.069000,-0.266000,-0.016000,"Bloomberg BGN, exported by Charlie",estr_eonia_euribor6m_1y5y_bbg_2026-10-05.xlsx
2015-10-16,0.010000,0.325100,-0.190000,0.062200,-0.275000,-0.022850,"Bloomberg BGN, exported by Charlie",estr_eonia_euribor6m_1y5y_bbg_2026-10-05.xlsx
2015-10-19,0.009000,0.323600,-0.189000,0.063000,-0.274000,-0.022000,"Bloomberg BGN, exported by Charlie",estr_eonia_euribor6m_1y5y_bbg_2026-10-05.xlsx
2015-10-20,0.015000,0.355400,-0.181000,0.099000,-0.266000,0.014000,"Bloomberg BGN, exported by Charlie",estr_eonia_euribor6m_1y5y_bbg_2026-10-05.xlsx
2015-10-21,0.013000,0.324400,-0.183000,0.069000,-0.268000,-0.016000,"Bloomberg BGN, exported by Charlie",estr_eonia_euribor6m_1y5y_bbg_2026-10-05.xlsx
2015-10-22,-0.016000,0.276300,-0.220000,0.017000,-0.305000,-0.068000,"Bloomberg BGN, exported by Charlie",estr_eonia_euribor6m_1y5y_bbg_2026-10-05.xlsx
2015-10-23,-0.025000,0.274000,-0.233000,0.022000,-0.318000,-0.063000,"Bloomberg BGN, exported by Charlie",estr_eonia_euribor6m_1y5y_bbg_2026-10-05.xlsx
2015-10-26,-0.031000,0.255200,-0.239000,0.005000,-0.324000,-0.080000,"Bloomberg BGN, exported by Charlie",estr_eonia_euribor6m_1y5y_bbg_2026-10-05.xlsx
2015-10-27,-0.035500,0.230400,-0.247000,-0.022000,-0.332000,-0.107000,"Bloomberg BGN, exported by Charlie",estr_eonia_euribor6m_1y5y_bbg_2026-10-05.xlsx
2015-10-28,-0.031000,0.244300,-0.250000,-0.032400,-0.335000,-0.117350,"Bloomberg BGN, exported by Charlie",estr_eonia_euribor6m_1y5y_bbg_2026-10-05.xlsx
2015-10-29,-0.029000,0.272500,-0.241000,0.026000,-0.326000,-0.059000,"Bloomberg BGN, exported by Charlie",estr_eonia_euribor6m_1y5y_bbg_2026-10-05.xlsx
2015-10-30,-0.028000,0.270900,-0.240000,0.021000,-0.325000,-0.064000,"Bloomberg BGN, exported by Charlie",estr_eonia_euribor6m_1y5y_bbg_2026-10-05.xlsx
2015-11-02,-0.025000,0.295200,-0.238000,0.042000,-0.323000,-0.043000,"Bloomberg BGN, exported by Charlie",estr_eonia_euribor6m_1y5y_bbg_2026-10-05.xlsx
2015-11-03,-0.033000,0.288300,-0.244500,0.038000,-0.329500,-0.047000,"Bloomberg BGN, exported by Charlie",estr_eonia_euribor6m_1y5y_bbg_2026-10-05.xlsx
2015-11-04,-0.031000,0.282000,-0.243000,0.034000,-0.328000,-0.051000,"Bloomberg BGN, exported by Charlie",estr_eonia_euribor6m_1y5y_bbg_2026-10-05.xlsx
2015-11-05,-0.037000,0.279500,-0.250000,0.033000,-0.335000,-0.052000,"Bloomberg BGN, exported by Charlie",estr_eonia_euribor6m_1y5y_bbg_2026-10-05.xlsx
2015-11-06,-0.026000,0.318600,-0.232000,0.073000,-0.317000,-0.012000,"Bloomberg BGN, exported by Charlie",estr_eonia_euribor6m_1y5y_bbg_2026-10-05.xlsx
2015-11-09,-0.050500,0.266200,-0.269000,0.018000,-0.354000,-0.067000,"Bloomberg BGN, exported by Charlie",estr_eonia_euribor6m_1y5y_bbg_2026-10-05.xlsx
2015-11-10,-0.058000,0.255300,-0.276000,0.004000,-0.361000,-0.081000,"Bloomberg BGN, exported by Charlie",estr_eonia_euribor6m_1y5y_bbg_2026-10-05.xlsx
2015-11-11,-0.060000,0.246000,-0.279000,0.002000,-0.364000,-0.083000,"Bloomberg BGN, exported by Charlie",estr_eonia_euribor6m_1y5y_bbg_2026-10-05.xlsx
2015-11-12,-0.061000,0.252200,-0.280000,0.016000,-0.365000,-0.069000,"Bloomberg BGN, exported by Charlie",estr_eonia_euribor6m_1y5y_bbg_2026-10-05.xlsx
2015-11-13,-0.067000,0.227200,-0.289000,-0.004000,-0.374000,-0.089000,"Bloomberg BGN, exported by Charlie",estr_eonia_euribor6m_1y5y_bbg_2026-10-05.xlsx
2015-11-16,-0.062000,0.236000,-0.281000,-0.007300,-0.366000,-0.092250,"Bloomberg BGN, exported by Charlie",estr_eonia_euribor6m_1y5y_bbg_2026-10-05.xlsx
2015-11-17,-0.071000,0.204500,-0.291000,-0.031000,-0.376000,-0.116000,"Bloomberg BGN, exported by Charlie",estr_eonia_euribor6m_1y5y_bbg_2026-10-05.xlsx
2015-11-18,-0.066000,0.216300,-0.289000,-0.024000,-0.374000,-0.109000,"Bloomberg BGN, exported by Charlie",estr_eonia_euribor6m_1y5y_bbg_2026-10-05.xlsx
2015-11-19,-0.070000,0.200000,-0.292000,-0.045500,-0.377000,-0.130450,"Bloomberg BGN, exported by Charlie",estr_eonia_euribor6m_1y5y_bbg_2026-10-05.xlsx
2015-11-20,-0.084500,0.177900,-0.309000,-0.061900,-0.394000,-0.146850,"Bloomberg BGN, exported by Charlie",estr_eonia_euribor6m_1y5y_bbg_2026-10-05.xlsx
2015-11-23,-0.089000,0.168100,-0.314000,-0.065000,-0.399000,-0.150000,"Bloomberg BGN, exported by Charlie",estr_eonia_euribor6m_1y5y_bbg_2026-10-05.xlsx
2015-11-24,-0.079000,0.192700,-0.297000,-0.043000,-0.382000,-0.128000,"Bloomberg BGN, exported by Charlie",estr_eonia_euribor6m_1y5y_bbg_2026-10-05.xlsx
2015-11-25,-0.092000,0.167000,-0.320000,-0.072000,-0.405000,-0.157000,"Bloomberg BGN, exported by Charlie",estr_eonia_euribor6m_1y5y_bbg_2026-10-05.xlsx
2015-11-26,-0.100000,0.166200,-0.327000,-0.072000,-0.412000,-0.157000,"Bloomberg BGN, exported by Charlie",estr_eonia_euribor6m_1y5y_bbg_2026-10-05.xlsx
2015-11-27,-0.101000,0.167000,-0.328000,-0.075500,-0.413000,-0.160500,"Bloomberg BGN, exported by Charlie",estr_eonia_euribor6m_1y5y_bbg_2026-10-05.xlsx
2015-11-30,-0.101000,0.171900,-0.325000,-0.070000,-0.410000,-0.155000,"Bloomberg BGN, exported by Charlie",estr_eonia_euribor6m_1y5y_bbg_2026-10-05.xlsx
2015-12-01,-0.113000,0.147000,-0.338000,-0.093000,-0.423000,-0.178000,"Bloomberg BGN, exported by Charlie",estr_eonia_euribor6m_1y5y_bbg_2026-10-05.xlsx
2015-12-02,-0.110500,0.143100,-0.333000,-0.102000,-0.418000,-0.187000,"Bloomberg BGN, exported by Charlie",estr_eonia_euribor6m_1y5y_bbg_2026-10-05.xlsx
2015-12-03,-0.040000,0.334600,-0.229000,0.065000,-0.314000,-0.020000,"Bloomberg BGN, exported by Charlie",estr_eonia_euribor6m_1y5y_bbg_2026-10-05.xlsx
2015-12-04,-0.043000,0.306300,-0.247000,0.075000,-0.332000,-0.010000,"Bloomberg BGN, exported by Charlie",estr_eonia_euribor6m_1y5y_bbg_2026-10-05.xlsx
2015-12-07,-0.050000,0.257700,-0.254000,0.024000,-0.339000,-0.061000,"Bloomberg BGN, exported by Charlie",estr_eonia_euribor6m_1y5y_bbg_2026-10-05.xlsx
2015-12-08,-0.054000,0.246000,-0.260300,0.013000,-0.345250,-0.072000,"Bloomberg BGN, exported by Charlie",estr_eonia_euribor6m_1y5y_bbg_2026-10-05.xlsx
2015-12-09,-0.057000,0.250800,-0.265000,0.017000,-0.350000,-0.068000,"Bloomberg BGN, exported by Charlie",estr_eonia_euribor6m_1y5y_bbg_2026-10-05.xlsx
2015-12-10,-0.057000,0.256000,-0.265000,0.011000,-0.350000,-0.074000,"Bloomberg BGN, exported by Charlie",estr_eonia_euribor6m_1y5y_bbg_2026-10-05.xlsx
2015-12-11,-0.066000,0.224400,-0.274000,-0.010000,-0.359000,-0.095000,"Bloomberg BGN, exported by Charlie",estr_eonia_euribor6m_1y5y_bbg_2026-10-05.xlsx
2015-12-14,-0.062000,0.258000,-0.272000,0.020000,-0.357000,-0.065000,"Bloomberg BGN, exported by Charlie",estr_eonia_euribor6m_1y5y_bbg_2026-10-05.xlsx
2015-12-15,-0.062000,0.295900,-0.271000,0.060000,-0.356000,-0.025000,"Bloomberg BGN, exported by Charlie",estr_eonia_euribor6m_1y5y_bbg_2026-10-05.xlsx
2015-12-16,-0.058000,0.323800,-0.269000,0.088000,-0.354000,0.003000,"Bloomberg BGN, exported by Charlie",estr_eonia_euribor6m_1y5y_bbg_2026-10-05.xlsx
2015-12-17,-0.061000,0.285000,-0.274000,0.044000,-0.359000,-0.041000,"Bloomberg BGN, exported by Charlie",estr_eonia_euribor6m_1y5y_bbg_2026-10-05.xlsx
2015-12-18,-0.063000,0.264000,-0.278000,0.014000,-0.363000,-0.071000,"Bloomberg BGN, exported by Charlie",estr_eonia_euribor6m_1y5y_bbg_2026-10-05.xlsx
2015-12-21,-0.059000,0.277800,-0.275000,0.029000,-0.360000,-0.056000,"Bloomberg BGN, exported by Charlie",estr_eonia_euribor6m_1y5y_bbg_2026-10-05.xlsx
2015-12-22,-0.052500,0.319200,-0.271000,0.069300,-0.356000,-0.015750,"Bloomberg BGN, exported by Charlie",estr_eonia_euribor6m_1y5y_bbg_2026-10-05.xlsx
2015-12-23,-0.054000,0.343000,-0.271500,0.090000,-0.356500,0.005000,"Bloomberg BGN, exported by Charlie",estr_eonia_euribor6m_1y5y_bbg_2026-10-05.xlsx
2015-12-24,-0.052800,0.339000,-0.271000,0.090000,-0.356000,0.005000,"Bloomberg BGN, exported by Charlie",estr_eonia_euribor6m_1y5y_bbg_2026-10-05.xlsx
2015-12-25,,0.344500,,0.092600,,,"Bloomberg BGN, exported by Charlie",estr_eonia_euribor6m_1y5y_bbg_2026-10-05.xlsx
2015-12-28,-0.054000,0.315500,-0.273000,0.060000,-0.358000,-0.025000,"Bloomberg BGN, exported by Charlie",estr_eonia_euribor6m_1y5y_bbg_2026-10-05.xlsx
2015-12-29,-0.057000,0.342000,-0.274000,0.082000,-0.359000,-0.003000,"Bloomberg BGN, exported by Charlie",estr_eonia_euribor6m_1y5y_bbg_2026-10-05.xlsx
2015-12-30,-0.057000,0.331000,-0.273000,0.082000,-0.358000,-0.003000,"Bloomberg BGN, exported by Charlie",estr_eonia_euribor6m_1y5y_bbg_2026-10-05.xlsx
2015-12-31,-0.057000,0.331800,-0.272000,0.082000,-0.357000,-0.003000,"Bloomberg BGN, exported by Charlie",estr_eonia_euribor6m_1y5y_bbg_2026-10-05.xlsx
2016-01-01,,0.331000,,,,,"Bloomberg BGN, exported by Charlie",estr_eonia_euribor6m_1y5y_bbg_2026-10-05.xlsx
2016-01-04,-0.064500,0.309000,-0.280000,0.053000,-0.365000,-0.032000,"Bloomberg BGN, exported by Charlie",estr_eonia_euribor6m_1y5y_bbg_2026-10-05.xlsx
2016-01-05,-0.075000,0.269100,-0.295000,0.012000,-0.380000,-0.073000,"Bloomberg BGN, exported by Charlie",estr_eonia_euribor6m_1y5y_bbg_2026-10-05.xlsx
2016-01-06,-0.078500,0.239500,-0.303000,-0.007000,-0.388000,-0.092000,"Bloomberg BGN, exported by Charlie",estr_eonia_euribor6m_1y5y_bbg_2026-10-05.xlsx
2016-01-07,-0.080000,0.246000,-0.304000,0.011100,-0.389000,-0.073950,"Bloomberg BGN, exported by Charlie",estr_eonia_euribor6m_1y5y_bbg_2026-10-05.xlsx
2016-01-08,-0.084000,0.243200,-0.308500,-0.003000,-0.393500,-0.088000,"Bloomberg BGN, exported by Charlie",estr_eonia_euribor6m_1y5y_bbg_2026-10-05.xlsx
2016-01-11,-0.084000,0.254000,-0.310000,0.002000,-0.395000,-0.083000,"Bloomberg BGN, exported by Charlie",estr_eonia_euribor6m_1y5y_bbg_2026-10-05.xlsx
2016-01-12,-0.085500,0.243000,-0.314500,-0.007000,-0.399500,-0.092000,"Bloomberg BGN, exported by Charlie",estr_eonia_euribor6m_1y5y_bbg_2026-10-05.xlsx
2016-01-13,-0.084000,0.224500,-0.308300,-0.013000,-0.393250,-0.098000,"Bloomberg BGN, exported by Charlie",estr_eonia_euribor6m_1y5y_bbg_2026-10-05.xlsx
2016-01-14,-0.081000,0.235250,-0.306000,-0.006000,-0.391000,-0.091000,"Bloomberg BGN, exported by Charlie",estr_eonia_euribor6m_1y5y_bbg_2026-10-05.xlsx
2016-01-15,-0.085000,0.224700,-0.313000,-0.031000,-0.398000,-0.116000,"Bloomberg BGN, exported by Charlie",estr_eonia_euribor6m_1y5y_bbg_2026-10-05.xlsx
2016-01-18,-0.082000,0.215000,-0.309000,-0.038000,-0.394000,-0.123000,"Bloomberg BGN, exported by Charlie",estr_eonia_euribor6m_1y5y_bbg_2026-10-05.xlsx
2016-01-19,-0.085500,0.207700,-0.315000,-0.045000,-0.400000,-0.130000,"Bloomberg BGN, exported by Charlie",estr_eonia_euribor6m_1y5y_bbg_2026-10-05.xlsx
2016-01-20,-0.097000,0.190500,-0.333000,-0.077600,-0.418000,-0.162550,"Bloomberg BGN, exported by Charlie",estr_eonia_euribor6m_1y5y_bbg_2026-10-05.xlsx
2016-01-21,-0.122200,0.132000,-0.368000,-0.122000,-0.453000,-0.207000,"Bloomberg BGN, exported by Charlie",estr_eonia_euribor6m_1y5y_bbg_2026-10-05.xlsx
2016-01-22,-0.122000,0.148000,-0.361000,-0.103900,-0.446000,-0.188850,"Bloomberg BGN, exported by Charlie",estr_eonia_euribor6m_1y5y_bbg_2026-10-05.xlsx
2016-01-25,-0.126000,0.143250,-0.367000,-0.109000,-0.452000,-0.194000,"Bloomberg BGN, exported by Charlie",estr_eonia_euribor6m_1y5y_bbg_2026-10-05.xlsx
2016-01-26,-0.133000,0.135250,-0.374000,-0.123400,-0.459000,-0.208350,"Bloomberg BGN, exported by Charlie",estr_eonia_euribor6m_1y5y_bbg_2026-10-05.xlsx
2016-01-27,-0.127000,0.125250,-0.362000,-0.110000,-0.447000,-0.195000,"Bloomberg BGN, exported by Charlie",estr_eonia_euribor6m_1y5y_bbg_2026-10-05.xlsx
2016-01-28,-0.128500,0.122600,-0.367000,-0.134000,-0.452000,-0.219000,"Bloomberg BGN, exported by Charlie",estr_eonia_euribor6m_1y5y_bbg_2026-10-05.xlsx
2016-01-29,-0.154000,0.077500,-0.398000,-0.187000,-0.483000,-0.272000,"Bloomberg BGN, exported by Charlie",estr_eonia_euribor6m_1y5y_bbg_2026-10-05.xlsx
2016-02-01,-0.155000,0.078500,-0.392000,-0.182100,-0.477000,-0.267050,"Bloomberg BGN, exported by Charlie",estr_eonia_euribor6m_1y5y_bbg_2026-10-05.xlsx
2016-02-02,-0.162500,0.054000,-0.401000,-0.201000,-0.486000,-0.286000,"Bloomberg BGN, exported by Charlie",estr_eonia_euribor6m_1y5y_bbg_2026-10-05.xlsx
2016-02-03,-0.168000,0.046600,-0.411000,-0.222500,-0.496000,-0.307500,"Bloomberg BGN, exported by Charlie",estr_eonia_euribor6m_1y5y_bbg_2026-10-05.xlsx
2016-02-04,-0.167000,0.055000,-0.408000,-0.207000,-0.493000,-0.292000,"Bloomberg BGN, exported by Charlie",estr_eonia_euribor6m_1y5y_bbg_2026-10-05.xlsx
2016-02-05,-0.167000,0.055800,-0.411000,-0.209000,-0.496000,-0.294000,"Bloomberg BGN, exported by Charlie",estr_eonia_euribor6m_1y5y_bbg_2026-10-05.xlsx
2016-02-08,-0.146000,0.044300,-0.424000,-0.231500,-0.509000,-0.316500,"Bloomberg BGN, exported by Charlie",estr_eonia_euribor6m_1y5y_bbg_2026-10-05.xlsx
2016-02-09,-0.149000,0.059500,-0.422000,-0.244000,-0.507000,-0.329000,"Bloomberg BGN, exported by Charlie",estr_eonia_euribor6m_1y5y_bbg_2026-10-05.xlsx
2016-02-10,-0.154000,0.050100,-0.413000,-0.228200,-0.498000,-0.313150,"Bloomberg BGN, exported by Charlie",estr_eonia_euribor6m_1y5y_bbg_2026-10-05.xlsx
2016-02-11,-0.162000,0.055500,-0.435100,-0.253900,-0.520050,-0.338850,"Bloomberg BGN, exported by Charlie",estr_eonia_euribor6m_1y5y_bbg_2026-10-05.xlsx
2016-02-12,-0.143000,0.087500,-0.406000,-0.211000,-0.491000,-0.296000,"Bloomberg BGN, exported by Charlie",estr_eonia_euribor6m_1y5y_bbg_2026-10-05.xlsx
2016-02-15,-0.152000,0.060500,-0.416000,-0.236900,-0.501000,-0.321850,"Bloomberg BGN, exported by Charlie",estr_eonia_euribor6m_1y5y_bbg_2026-10-05.xlsx
2016-02-16,-0.158000,0.065500,-0.418000,-0.222000,-0.503000,-0.307000,"Bloomberg BGN, exported by Charlie",estr_eonia_euribor6m_1y5y_bbg_2026-10-05.xlsx
2016-02-17,-0.153000,0.066500,-0.413000,-0.224000,-0.498000,-0.309000,"Bloomberg BGN, exported by Charlie",estr_eonia_euribor6m_1y5y_bbg_2026-10-05.xlsx
2016-02-18,-0.164000,0.038000,-0.428000,-0.252000,-0.513000,-0.337000,"Bloomberg BGN, exported by Charlie",estr_eonia_euribor6m_1y5y_bbg_2026-10-05.xlsx
2016-02-19,-0.168000,0.051000,-0.433000,-0.246800,-0.518000,-0.331750,"Bloomberg BGN, exported by Charlie",estr_eonia_euribor6m_1y5y_bbg_2026-10-05.xlsx
2016-02-22,-0.167000,0.037000,-0.428000,-0.260300,-0.513000,-0.345250,"Bloomberg BGN, exported by Charlie",estr_eonia_euribor6m_1y5y_bbg_2026-10-05.xlsx
2016-02-23,-0.166000,0.031500,-0.426000,-0.264000,-0.511000,-0.349000,"Bloomberg BGN, exported by Charlie",estr_eonia_euribor6m_1y5y_bbg_2026-10-05.xlsx
2016-02-24,-0.158000,0.040500,-0.415000,-0.265500,-0.500000,-0.350500,"Bloomberg BGN, exported by Charlie",estr_eonia_euribor6m_1y5y_bbg_2026-10-05.xlsx
2016-02-25,-0.170000,0.017200,-0.432000,-0.286000,-0.517000,-0.371000,"Bloomberg BGN, exported by Charlie",estr_eonia_euribor6m_1y5y_bbg_2026-10-05.xlsx
2016-02-26,-0.173000,0.008500,-0.441000,-0.295000,-0.526000,-0.380000,"Bloomberg BGN, exported by Charlie",estr_eonia_euribor6m_1y5y_bbg_2026-10-05.xlsx
2016-02-29,-0.190000,-0.032500,-0.455300,-0.334000,-0.540250,-0.419000,"Bloomberg BGN, exported by Charlie",estr_eonia_euribor6m_1y5y_bbg_2026-10-05.xlsx
2016-03-01,-0.182000,-0.016500,-0.441000,-0.315800,-0.526000,-0.400750,"Bloomberg BGN, exported by Charlie",estr_eonia_euribor6m_1y5y_bbg_2026-10-05.xlsx
2016-03-02,-0.177000,0.002000,-0.433000,-0.289000,-0.518000,-0.374000,"Bloomberg BGN, exported by Charlie",estr_eonia_euribor6m_1y5y_bbg_2026-10-05.xlsx
2016-03-03,-0.192000,-0.031500,-0.449000,-0.332600,-0.534000,-0.417550,"Bloomberg BGN, exported by Charlie",estr_eonia_euribor6m_1y5y_bbg_2026-10-05.xlsx
2016-03-04,-0.173000,0.008000,-0.422000,-0.270000,-0.507000,-0.355000,"Bloomberg BGN, exported by Charlie",estr_eonia_euribor6m_1y5y_bbg_2026-10-05.xlsx
2016-03-07,-0.171000,-0.003000,-0.421000,-0.284000,-0.506000,-0.369000,"Bloomberg BGN, exported by Charlie",estr_eonia_euribor6m_1y5y_bbg_2026-10-05.xlsx
2016-03-08,-0.180500,0.002750,-0.431000,-0.280500,-0.516000,-0.365450,"Bloomberg BGN, exported by Charlie",estr_eonia_euribor6m_1y5y_bbg_2026-10-05.xlsx
2016-03-09,-0.175000,0.032000,-0.417000,-0.240000,-0.502000,-0.325000,"Bloomberg BGN, exported by Charlie",estr_eonia_euribor6m_1y5y_bbg_2026-10-05.xlsx
2016-03-10,-0.143000,0.070000,-0.370000,-0.184500,-0.455000,-0.269500,"Bloomberg BGN, exported by Charlie",estr_eonia_euribor6m_1y5y_bbg_2026-10-05.xlsx
2016-03-11,-0.142000,0.064200,-0.374000,-0.201000,-0.459000,-0.285950,"Bloomberg BGN, exported by Charlie",estr_eonia_euribor6m_1y5y_bbg_2026-10-05.xlsx
2016-03-14,-0.140000,0.089100,-0.372000,-0.181000,-0.457000,-0.266000,"Bloomberg BGN, exported by Charlie",estr_eonia_euribor6m_1y5y_bbg_2026-10-05.xlsx
2016-03-15,-0.138500,0.092000,-0.369000,-0.175000,-0.454000,-0.260000,"Bloomberg BGN, exported by Charlie",estr_eonia_euribor6m_1y5y_bbg_2026-10-05.xlsx
2016-03-16,-0.140000,0.061000,-0.373000,-0.179000,-0.458000,-0.264000,"Bloomberg BGN, exported by Charlie",estr_eonia_euribor6m_1y5y_bbg_2026-10-05.xlsx
2016-03-17,-0.144000,0.043000,-0.376000,-0.220000,-0.461000,-0.305000,"Bloomberg BGN, exported by Charlie",estr_eonia_euribor6m_1y5y_bbg_2026-10-05.xlsx
2016-03-18,-0.149000,0.040200,-0.382000,-0.228000,-0.467000,-0.313000,"Bloomberg BGN, exported by Charlie",estr_eonia_euribor6m_1y5y_bbg_2026-10-05.xlsx
2016-03-21,-0.147000,0.043500,-0.382000,-0.230000,-0.467000,-0.315000,"Bloomberg BGN, exported by Charlie",estr_eonia_euribor6m_1y5y_bbg_2026-10-05.xlsx
2016-03-22,-0.147000,0.051000,-0.382000,-0.219800,-0.467000,-0.304750,"Bloomberg BGN, exported by Charlie",estr_eonia_euribor6m_1y5y_bbg_2026-10-05.xlsx
2016-03-23,-0.149000,0.043500,-0.386000,-0.231000,-0.471000,-0.316000,"Bloomberg BGN, exported by Charlie",estr_eonia_euribor6m_1y5y_bbg_2026-10-05.xlsx
2016-03-24,-0.148000,0.046500,-0.383000,-0.219000,-0.468000,-0.304000,"Bloomberg BGN, exported by Charlie",estr_eonia_euribor6m_1y5y_bbg_2026-10-05.xlsx
2016-03-25,,0.047000,,,,,"Bloomberg BGN, exported by Charlie",estr_eonia_euribor6m_1y5y_bbg_2026-10-05.xlsx
2016-03-28,,0.047000,,,,,"Bloomberg BGN, exported by Charlie",estr_eonia_euribor6m_1y5y_bbg_2026-10-05.xlsx
2016-03-29,-0.152000,0.016500,-0.387000,-0.255000,-0.472000,-0.340000,"Bloomberg BGN, exported by Charlie",estr_eonia_euribor6m_1y5y_bbg_2026-10-05.xlsx
2016-03-30,-0.150000,0.023000,-0.387000,-0.245000,-0.472000,-0.329950,"Bloomberg BGN, exported by Charlie",estr_eonia_euribor6m_1y5y_bbg_2026-10-05.xlsx
2016-03-31,-0.147000,0.023000,-0.379000,-0.242000,-0.464000,-0.327000,"Bloomberg BGN, exported by Charlie",estr_eonia_euribor6m_1y5y_bbg_2026-10-05.xlsx
2016-04-01,-0.145750,0.022000,-0.379000,-0.247500,-0.464000,-0.332450,"Bloomberg BGN, exported by Charlie",estr_eonia_euribor6m_1y5y_bbg_2026-10-05.xlsx
2016-04-04,-0.144000,0.023100,-0.377000,-0.256000,-0.462000,-0.341000,"Bloomberg BGN, exported by Charlie",estr_eonia_euribor6m_1y5y_bbg_2026-10-05.xlsx
2016-04-05,-0.146000,0.005600,-0.382000,-0.281000,-0.467000,-0.366000,"Bloomberg BGN, exported by Charlie",estr_eonia_euribor6m_1y5y_bbg_2026-10-05.xlsx
2016-04-06,-0.149300,0.010100,-0.387000,-0.279000,-0.472000,-0.364000,"Bloomberg BGN, exported by Charlie",estr_eonia_euribor6m_1y5y_bbg_2026-10-05.xlsx
2016-04-07,-0.151400,-0.004000,-0.394000,-0.298300,-0.479000,-0.383300,"Bloomberg BGN, exported by Charlie",estr_eonia_euribor6m_1y5y_bbg_2026-10-05.xlsx
2016-04-08,-0.150000,-0.009000,-0.396000,-0.301000,-0.481000,-0.386000,"Bloomberg BGN, exported by Charlie",estr_eonia_euribor6m_1y5y_bbg_2026-10-05.xlsx
2016-04-11,-0.152500,-0.008000,-0.401500,-0.304000,-0.486500,-0.389000,"Bloomberg BGN, exported by Charlie",estr_eonia_euribor6m_1y5y_bbg_2026-10-05.xlsx
2016-04-12,-0.154000,0.017000,-0.401000,-0.272000,-0.486000,-0.357000,"Bloomberg BGN, exported by Charlie",estr_eonia_euribor6m_1y5y_bbg_2026-10-05.xlsx
2016-04-13,-0.154000,0.005300,-0.402000,-0.285000,-0.487000,-0.370000,"Bloomberg BGN, exported by Charlie",estr_eonia_euribor6m_1y5y_bbg_2026-10-05.xlsx
2016-04-14,-0.149000,0.029000,-0.393000,-0.260300,-0.478000,-0.345250,"Bloomberg BGN, exported by Charlie",estr_eonia_euribor6m_1y5y_bbg_2026-10-05.xlsx
2016-04-15,-0.152000,0.006000,-0.395000,-0.288100,-0.480000,-0.373050,"Bloomberg BGN, exported by Charlie",estr_eonia_euribor6m_1y5y_bbg_2026-10-05.xlsx
2016-04-18,-0.149000,0.015000,-0.387000,-0.270000,-0.472000,-0.355000,"Bloomberg BGN, exported by Charlie",estr_eonia_euribor6m_1y5y_bbg_2026-10-05.xlsx
2016-04-19,-0.147400,0.017500,-0.388000,-0.271000,-0.473000,-0.356000,"Bloomberg BGN, exported by Charlie",estr_eonia_euribor6m_1y5y_bbg_2026-10-05.xlsx
2016-04-20,-0.148000,0.023500,-0.388800,-0.275000,-0.473750,-0.360000,"Bloomberg BGN, exported by Charlie",estr_eonia_euribor6m_1y5y_bbg_2026-10-05.xlsx
2016-04-21,-0.145000,0.050300,-0.382000,-0.229000,-0.467000,-0.314000,"Bloomberg BGN, exported by Charlie",estr_eonia_euribor6m_1y5y_bbg_2026-10-05.xlsx
2016-04-22,-0.153000,0.036300,-0.390000,-0.245000,-0.475000,-0.330000,"Bloomberg BGN, exported by Charlie",estr_eonia_euribor6m_1y5y_bbg_2026-10-05.xlsx
2016-04-25,-0.150000,0.054900,-0.388000,-0.224000,-0.473000,-0.309000,"Bloomberg BGN, exported by Charlie",estr_eonia_euribor6m_1y5y_bbg_2026-10-05.xlsx
2016-04-26,-0.149000,0.083000,-0.383000,-0.196000,-0.468000,-0.281000,"Bloomberg BGN, exported by Charlie",estr_eonia_euribor6m_1y5y_bbg_2026-10-05.xlsx
2016-04-27,-0.151000,0.063900,-0.383000,-0.212000,-0.468000,-0.297000,"Bloomberg BGN, exported by Charlie",estr_eonia_euribor6m_1y5y_bbg_2026-10-05.xlsx
2016-04-28,-0.149000,0.047500,-0.383000,-0.227000,-0.468000,-0.312000,"Bloomberg BGN, exported by Charlie",estr_eonia_euribor6m_1y5y_bbg_2026-10-05.xlsx
2016-04-29,-0.145000,0.073000,-0.378000,-0.206000,-0.463000,-0.291000,"Bloomberg BGN, exported by Charlie",estr_eonia_euribor6m_1y5y_bbg_2026-10-05.xlsx
2016-05-02,-0.140000,0.079400,-0.372000,-0.202000,-0.457000,-0.287000,"Bloomberg BGN, exported by Charlie",estr_eonia_euribor6m_1y5y_bbg_2026-10-05.xlsx
2016-05-03,-0.147000,0.035200,-0.381000,-0.243000,-0.466000,-0.328000,"Bloomberg BGN, exported by Charlie",estr_eonia_euribor6m_1y5y_bbg_2026-10-05.xlsx
2016-05-04,-0.150000,0.036800,-0.383000,-0.242600,-0.468000,-0.327600,"Bloomberg BGN, exported by Charlie",estr_eonia_euribor6m_1y5y_bbg_2026-10-05.xlsx
2016-05-05,-0.151900,0.006400,-0.386000,-0.268500,-0.471000,-0.353500,"Bloomberg BGN, exported by Charlie",estr_eonia_euribor6m_1y5y_bbg_2026-10-05.xlsx
2016-05-06,-0.155000,0.021000,-0.389800,-0.274300,-0.474750,-0.359250,"Bloomberg BGN, exported by Charlie",estr_eonia_euribor6m_1y5y_bbg_2026-10-05.xlsx
2016-05-09,-0.155000,-0.004000,-0.391000,-0.290000,-0.476000,-0.375000,"Bloomberg BGN, exported by Charlie",estr_eonia_euribor6m_1y5y_bbg_2026-10-05.xlsx
2016-05-10,-0.156000,-0.008500,-0.388000,-0.294000,-0.473000,-0.379000,"Bloomberg BGN, exported by Charlie",estr_eonia_euribor6m_1y5y_bbg_2026-10-05.xlsx
2016-05-11,-0.154000,-0.007400,-0.386500,-0.291000,-0.471450,-0.376000,"Bloomberg BGN, exported by Charlie",estr_eonia_euribor6m_1y5y_bbg_2026-10-05.xlsx
2016-05-12,-0.152000,0.009700,-0.381000,-0.274000,-0.466000,-0.359000,"Bloomberg BGN, exported by Charlie",estr_eonia_euribor6m_1y5y_bbg_2026-10-05.xlsx
2016-05-13,-0.152750,-0.003000,-0.383000,-0.284000,-0.468000,-0.369000,"Bloomberg BGN, exported by Charlie",estr_eonia_euribor6m_1y5y_bbg_2026-10-05.xlsx
2016-05-16,-0.151000,0.013000,-0.380000,-0.270000,-0.465000,-0.355000,"Bloomberg BGN, exported by Charlie",estr_eonia_euribor6m_1y5y_bbg_2026-10-05.xlsx
2016-05-17,-0.148000,0.013000,-0.377300,-0.266000,-0.462250,-0.351000,"Bloomberg BGN, exported by Charlie",estr_eonia_euribor6m_1y5y_bbg_2026-10-05.xlsx
2016-05-18,-0.148500,0.035500,-0.375100,-0.246800,-0.460050,-0.331750,"Bloomberg BGN, exported by Charlie",estr_eonia_euribor6m_1y5y_bbg_2026-10-05.xlsx
2016-05-19,-0.148000,0.029700,-0.375000,-0.242000,-0.460000,-0.327000,"Bloomberg BGN, exported by Charlie",estr_eonia_euribor6m_1y5y_bbg_2026-10-05.xlsx
2016-05-20,-0.148000,0.024750,-0.373000,-0.246000,-0.458000,-0.331000,"Bloomberg BGN, exported by Charlie",estr_eonia_euribor6m_1y5y_bbg_2026-10-05.xlsx
2016-05-23,-0.150000,0.025700,-0.373400,-0.243100,-0.458350,-0.328050,"Bloomberg BGN, exported by Charlie",estr_eonia_euribor6m_1y5y_bbg_2026-10-05.xlsx
2016-05-24,-0.151000,0.026000,-0.375800,-0.243000,-0.460750,-0.328000,"Bloomberg BGN, exported by Charlie",estr_eonia_euribor6m_1y5y_bbg_2026-10-05.xlsx
2016-05-25,-0.154000,0.016900,-0.377000,-0.259000,-0.462000,-0.344000,"Bloomberg BGN, exported by Charlie",estr_eonia_euribor6m_1y5y_bbg_2026-10-05.xlsx
2016-05-26,-0.157000,0.000500,-0.381000,-0.273000,-0.466000,-0.358000,"Bloomberg BGN, exported by Charlie",estr_eonia_euribor6m_1y5y_bbg_2026-10-05.xlsx
2016-05-27,-0.158000,0.001000,-0.381000,-0.275500,-0.466000,-0.360450,"Bloomberg BGN, exported by Charlie",estr_eonia_euribor6m_1y5y_bbg_2026-10-05.xlsx
2016-05-30,-0.158000,0.012000,-0.380000,-0.263000,-0.465000,-0.348000,"Bloomberg BGN, exported by Charlie",estr_eonia_euribor6m_1y5y_bbg_2026-10-05.xlsx
2016-05-31,-0.161000,0.006200,-0.381000,-0.269000,-0.466000,-0.354000,"Bloomberg BGN, exported by Charlie",estr_eonia_euribor6m_1y5y_bbg_2026-10-05.xlsx
2016-06-01,-0.160000,0.004900,-0.383000,-0.272000,-0.468000,-0.357000,"Bloomberg BGN, exported by Charlie",estr_eonia_euribor6m_1y5y_bbg_2026-10-05.xlsx
2016-06-02,-0.156000,-0.000400,-0.379000,-0.274000,-0.464000,-0.359000,"Bloomberg BGN, exported by Charlie",estr_eonia_euribor6m_1y5y_bbg_2026-10-05.xlsx
2016-06-03,-0.160000,-0.023800,-0.380000,-0.299000,-0.465000,-0.384000,"Bloomberg BGN, exported by Charlie",estr_eonia_euribor6m_1y5y_bbg_2026-10-05.xlsx
2016-06-06,-0.160000,-0.008200,-0.383000,-0.279000,-0.468000,-0.364000,"Bloomberg BGN, exported by Charlie",estr_eonia_euribor6m_1y5y_bbg_2026-10-05.xlsx
2016-06-07,-0.160000,-0.017900,-0.383000,-0.295000,-0.468000,-0.380000,"Bloomberg BGN, exported by Charlie",estr_eonia_euribor6m_1y5y_bbg_2026-10-05.xlsx
2016-06-08,-0.157000,-0.011000,-0.379000,-0.287000,-0.464000,-0.372000,"Bloomberg BGN, exported by Charlie",estr_eonia_euribor6m_1y5y_bbg_2026-10-05.xlsx
2016-06-09,-0.157000,-0.020000,-0.384000,-0.300300,-0.469000,-0.385250,"Bloomberg BGN, exported by Charlie",estr_eonia_euribor6m_1y5y_bbg_2026-10-05.xlsx
2016-06-10,-0.159000,-0.022000,-0.387000,-0.314500,-0.472000,-0.399500,"Bloomberg BGN, exported by Charlie",estr_eonia_euribor6m_1y5y_bbg_2026-10-05.xlsx
2016-06-13,-0.158750,-0.020400,-0.388000,-0.315000,-0.473000,-0.400000,"Bloomberg BGN, exported by Charlie",estr_eonia_euribor6m_1y5y_bbg_2026-10-05.xlsx
2016-06-14,-0.161000,-0.030400,-0.400200,-0.335000,-0.485150,-0.420000,"Bloomberg BGN, exported by Charlie",estr_eonia_euribor6m_1y5y_bbg_2026-10-05.xlsx
2016-06-15,-0.164000,-0.048000,-0.404000,-0.352000,-0.489000,-0.437000,"Bloomberg BGN, exported by Charlie",estr_eonia_euribor6m_1y5y_bbg_2026-10-05.xlsx
2016-06-16,-0.165000,-0.047500,-0.408000,-0.365500,-0.493000,-0.450500,"Bloomberg BGN, exported by Charlie",estr_eonia_euribor6m_1y5y_bbg_2026-10-05.xlsx
2016-06-17,-0.173750,-0.063100,-0.413000,-0.370000,-0.498000,-0.455000,"Bloomberg BGN, exported by Charlie",estr_eonia_euribor6m_1y5y_bbg_2026-10-05.xlsx
2016-06-20,-0.170500,-0.053000,-0.397000,-0.344000,-0.482000,-0.429000,"Bloomberg BGN, exported by Charlie",estr_eonia_euribor6m_1y5y_bbg_2026-10-05.xlsx
2016-06-21,-0.171000,-0.040000,-0.393000,-0.336000,-0.478000,-0.421000,"Bloomberg BGN, exported by Charlie",estr_eonia_euribor6m_1y5y_bbg_2026-10-05.xlsx
2016-06-22,-0.171000,-0.039000,-0.397000,-0.330000,-0.482000,-0.415000,"Bloomberg BGN, exported by Charlie",estr_eonia_euribor6m_1y5y_bbg_2026-10-05.xlsx
2016-06-23,-0.168000,-0.014200,-0.391000,-0.299000,-0.476000,-0.384000,"Bloomberg BGN, exported by Charlie",estr_eonia_euribor6m_1y5y_bbg_2026-10-05.xlsx
2016-06-24,-0.192000,-0.048000,-0.443000,-0.374000,-0.528000,-0.459000,"Bloomberg BGN, exported by Charlie",estr_eonia_euribor6m_1y5y_bbg_2026-10-05.xlsx
2016-06-27,-0.190000,-0.088200,-0.436000,-0.407000,-0.521000,-0.492000,"Bloomberg BGN, exported by Charlie",estr_eonia_euribor6m_1y5y_bbg_2026-10-05.xlsx
2016-06-28,-0.197400,-0.095900,-0.433000,-0.414000,-0.518000,-0.499000,"Bloomberg BGN, exported by Charlie",estr_eonia_euribor6m_1y5y_bbg_2026-10-05.xlsx
2016-06-29,-0.200000,-0.090200,-0.433000,-0.413500,-0.518000,-0.498500,"Bloomberg BGN, exported by Charlie",estr_eonia_euribor6m_1y5y_bbg_2026-10-05.xlsx
2016-06-30,-0.193000,-0.077000,-0.421000,-0.387200,-0.506000,-0.472150,"Bloomberg BGN, exported by Charlie",estr_eonia_euribor6m_1y5y_bbg_2026-10-05.xlsx
2016-07-01,-0.205000,-0.121000,-0.435000,-0.422000,-0.520000,-0.507000,"Bloomberg BGN, exported by Charlie",estr_eonia_euribor6m_1y5y_bbg_2026-10-05.xlsx
2016-07-04,-0.216000,-0.145500,-0.447000,-0.451600,-0.532000,-0.536600,"Bloomberg BGN, exported by Charlie",estr_eonia_euribor6m_1y5y_bbg_2026-10-05.xlsx
2016-07-05,-0.219000,-0.164800,-0.446500,-0.471000,-0.531500,-0.555950,"Bloomberg BGN, exported by Charlie",estr_eonia_euribor6m_1y5y_bbg_2026-10-05.xlsx
2016-07-06,-0.220000,-0.162600,-0.447000,-0.466000,-0.532000,-0.551000,"Bloomberg BGN, exported by Charlie",estr_eonia_euribor6m_1y5y_bbg_2026-10-05.xlsx
2016-07-07,-0.222000,-0.165000,-0.448000,-0.463900,-0.533000,-0.548900,"Bloomberg BGN, exported by Charlie",estr_eonia_euribor6m_1y5y_bbg_2026-10-05.xlsx
2016-07-08,-0.226000,-0.183000,-0.449000,-0.473500,-0.534000,-0.558450,"Bloomberg BGN, exported by Charlie",estr_eonia_euribor6m_1y5y_bbg_2026-10-05.xlsx
2016-07-11,-0.224000,-0.167500,-0.447000,-0.467800,-0.532000,-0.552800,"Bloomberg BGN, exported by Charlie",estr_eonia_euribor6m_1y5y_bbg_2026-10-05.xlsx
2016-07-12,-0.219000,-0.140500,-0.432000,-0.431400,-0.517000,-0.516350,"Bloomberg BGN, exported by Charlie",estr_eonia_euribor6m_1y5y_bbg_2026-10-05.xlsx
2016-07-13,-0.222000,-0.157000,-0.437000,-0.443500,-0.522000,-0.528500,"Bloomberg BGN, exported by Charlie",estr_eonia_euribor6m_1y5y_bbg_2026-10-05.xlsx
2016-07-14,-0.216000,-0.143500,-0.423000,-0.417000,-0.508000,-0.502000,"Bloomberg BGN, exported by Charlie",estr_eonia_euribor6m_1y5y_bbg_2026-10-05.xlsx
2016-07-15,-0.213000,-0.120600,-0.418000,-0.392500,-0.503000,-0.477500,"Bloomberg BGN, exported by Charlie",estr_eonia_euribor6m_1y5y_bbg_2026-10-05.xlsx
2016-07-18,-0.215000,-0.141000,-0.418000,-0.410800,-0.503000,-0.495750,"Bloomberg BGN, exported by Charlie",estr_eonia_euribor6m_1y5y_bbg_2026-10-05.xlsx
2016-07-19,-0.214000,-0.134400,-0.416000,-0.406900,-0.501000,-0.491900,"Bloomberg BGN, exported by Charlie",estr_eonia_euribor6m_1y5y_bbg_2026-10-05.xlsx
2016-07-20,-0.206000,-0.126600,-0.409000,-0.397500,-0.494000,-0.482500,"Bloomberg BGN, exported by Charlie",estr_eonia_euribor6m_1y5y_bbg_2026-10-05.xlsx
2016-07-21,-0.205000,-0.123500,-0.404000,-0.389100,-0.489000,-0.474050,"Bloomberg BGN, exported by Charlie",estr_eonia_euribor6m_1y5y_bbg_2026-10-05.xlsx
2016-07-22,-0.202750,-0.111500,-0.403000,-0.389500,-0.488000,-0.474500,"Bloomberg BGN, exported by Charlie",estr_eonia_euribor6m_1y5y_bbg_2026-10-05.xlsx
2016-07-25,-0.200000,-0.116000,-0.400000,-0.389300,-0.485000,-0.474250,"Bloomberg BGN, exported by Charlie",estr_eonia_euribor6m_1y5y_bbg_2026-10-05.xlsx
2016-07-26,-0.200000,-0.120000,-0.400000,-0.385600,-0.485000,-0.470550,"Bloomberg BGN, exported by Charlie",estr_eonia_euribor6m_1y5y_bbg_2026-10-05.xlsx
2016-07-27,-0.202000,-0.145900,-0.402000,-0.411000,-0.487000,-0.496000,"Bloomberg BGN, exported by Charlie",estr_eonia_euribor6m_1y5y_bbg_2026-10-05.xlsx
2016-07-28,-0.200000,-0.138300,-0.400000,-0.409000,-0.485000,-0.494000,"Bloomberg BGN, exported by Charlie",estr_eonia_euribor6m_1y5y_bbg_2026-10-05.xlsx
2016-07-29,-0.201000,-0.152000,-0.402000,-0.421000,-0.487000,-0.506000,"Bloomberg BGN, exported by Charlie",estr_eonia_euribor6m_1y5y_bbg_2026-10-05.xlsx
2016-08-01,-0.201500,-0.140000,-0.402000,-0.414800,-0.487000,-0.499750,"Bloomberg BGN, exported by Charlie",estr_eonia_euribor6m_1y5y_bbg_2026-10-05.xlsx
2016-08-02,-0.194000,-0.110500,-0.392000,-0.385000,-0.477000,-0.470000,"Bloomberg BGN, exported by Charlie",estr_eonia_euribor6m_1y5y_bbg_2026-10-05.xlsx
2016-08-03,-0.194000,-0.121000,-0.390000,-0.384500,-0.475000,-0.469500,"Bloomberg BGN, exported by Charlie",estr_eonia_euribor6m_1y5y_bbg_2026-10-05.xlsx
2016-08-04,-0.201000,-0.144000,-0.398000,-0.416900,-0.483000,-0.501850,"Bloomberg BGN, exported by Charlie",estr_eonia_euribor6m_1y5y_bbg_2026-10-05.xlsx
2016-08-05,-0.201000,-0.128300,-0.398000,-0.401500,-0.483000,-0.486500,"Bloomberg BGN, exported by Charlie",estr_eonia_euribor6m_1y5y_bbg_2026-10-05.xlsx
2016-08-08,-0.204000,-0.134300,-0.400000,-0.405000,-0.485000,-0.490000,"Bloomberg BGN, exported by Charlie",estr_eonia_euribor6m_1y5y_bbg_2026-10-05.xlsx
2016-08-09,-0.206000,-0.146500,-0.402000,-0.413300,-0.487000,-0.498250,"Bloomberg BGN, exported by Charlie",estr_eonia_euribor6m_1y5y_bbg_2026-10-05.xlsx
2016-08-10,-0.210500,-0.170000,-0.409000,-0.437000,-0.494000,-0.522000,"Bloomberg BGN, exported by Charlie",estr_eonia_euribor6m_1y5y_bbg_2026-10-05.xlsx
2016-08-11,-0.207000,-0.134000,-0.401000,-0.419000,-0.486000,-0.504000,"Bloomberg BGN, exported by Charlie",estr_eonia_euribor6m_1y5y_bbg_2026-10-05.xlsx
2016-08-12,-0.209500,-0.151000,-0.404000,-0.422700,-0.489000,-0.507650,"Bloomberg BGN, exported by Charlie",estr_eonia_euribor6m_1y5y_bbg_2026-10-05.xlsx
2016-08-15,-0.206500,-0.135000,-0.400300,-0.405000,-0.485250,-0.490000,"Bloomberg BGN, exported by Charlie",estr_eonia_euribor6m_1y5y_bbg_2026-10-05.xlsx
2016-08-16,-0.202500,-0.127000,-0.398000,-0.392000,-0.483000,-0.477000,"Bloomberg BGN, exported by Charlie",estr_eonia_euribor6m_1y5y_bbg_2026-10-05.xlsx
2016-08-17,-0.203250,-0.129500,-0.399000,-0.393000,-0.484000,-0.477950,"Bloomberg BGN, exported by Charlie",estr_eonia_euribor6m_1y5y_bbg_2026-10-05.xlsx
2016-08-18,-0.204000,-0.139000,-0.398000,-0.407000,-0.483000,-0.492000,"Bloomberg BGN, exported by Charlie",estr_eonia_euribor6m_1y5y_bbg_2026-10-05.xlsx
2016-08-19,-0.199000,-0.117400,-0.395000,-0.392000,-0.480000,-0.477000,"Bloomberg BGN, exported by Charlie",estr_eonia_euribor6m_1y5y_bbg_2026-10-05.xlsx
2016-08-22,-0.200500,-0.134750,-0.396000,-0.405000,-0.481000,-0.490000,"Bloomberg BGN, exported by Charlie",estr_eonia_euribor6m_1y5y_bbg_2026-10-05.xlsx
2016-08-23,-0.200250,-0.131100,-0.394800,-0.407000,-0.479800,-0.492000,"Bloomberg BGN, exported by Charlie",estr_eonia_euribor6m_1y5y_bbg_2026-10-05.xlsx
2016-08-24,-0.196000,-0.125000,-0.390000,-0.396500,-0.475000,-0.481500,"Bloomberg BGN, exported by Charlie",estr_eonia_euribor6m_1y5y_bbg_2026-10-05.xlsx
2016-08-25,-0.193000,-0.118000,-0.386000,-0.389000,-0.471000,-0.474000,"Bloomberg BGN, exported by Charlie",estr_eonia_euribor6m_1y5y_bbg_2026-10-05.xlsx
2016-08-26,-0.195000,-0.113100,-0.387000,-0.384800,-0.472000,-0.469750,"Bloomberg BGN, exported by Charlie",estr_eonia_euribor6m_1y5y_bbg_2026-10-05.xlsx
2016-08-29,-0.199000,-0.127000,-0.391000,-0.398500,-0.476000,-0.483500,"Bloomberg BGN, exported by Charlie",estr_eonia_euribor6m_1y5y_bbg_2026-10-05.xlsx
2016-08-30,-0.200000,-0.128500,-0.391200,-0.400000,-0.476200,-0.485000,"Bloomberg BGN, exported by Charlie",estr_eonia_euribor6m_1y5y_bbg_2026-10-05.xlsx
2016-08-31,-0.203000,-0.123000,-0.394000,-0.393200,-0.479000,-0.478200,"Bloomberg BGN, exported by Charlie",estr_eonia_euribor6m_1y5y_bbg_2026-10-05.xlsx
2016-09-01,-0.204100,-0.125000,-0.394000,-0.394000,-0.479000,-0.479000,"Bloomberg BGN, exported by Charlie",estr_eonia_euribor6m_1y5y_bbg_2026-10-05.xlsx
2016-09-02,-0.206000,-0.117500,-0.394000,-0.391000,-0.479000,-0.476000,"Bloomberg BGN, exported by Charlie",estr_eonia_euribor6m_1y5y_bbg_2026-10-05.xlsx
2016-09-05,-0.209000,-0.130000,-0.398000,-0.392800,-0.483000,-0.477800,"Bloomberg BGN, exported by Charlie",estr_eonia_euribor6m_1y5y_bbg_2026-10-05.xlsx
2016-09-06,-0.221000,-0.170000,-0.407000,-0.430900,-0.492000,-0.515850,"Bloomberg BGN, exported by Charlie",estr_eonia_euribor6m_1y5y_bbg_2026-10-05.xlsx
2016-09-07,-0.222000,-0.172000,-0.407000,-0.434000,-0.492000,-0.519000,"Bloomberg BGN, exported by Charlie",estr_eonia_euribor6m_1y5y_bbg_2026-10-05.xlsx
2016-09-08,-0.214000,-0.136000,-0.393000,-0.390000,-0.478000,-0.475000,"Bloomberg BGN, exported by Charlie",estr_eonia_euribor6m_1y5y_bbg_2026-10-05.xlsx
2016-09-09,-0.211000,-0.111250,-0.389000,-0.356000,-0.474000,-0.441000,"Bloomberg BGN, exported by Charlie",estr_eonia_euribor6m_1y5y_bbg_2026-10-05.xlsx
2016-09-12,-0.209000,-0.101000,-0.386000,-0.347000,-0.471000,-0.432000,"Bloomberg BGN, exported by Charlie",estr_eonia_euribor6m_1y5y_bbg_2026-10-05.xlsx
2016-09-13,-0.206000,-0.085000,-0.380000,-0.318000,-0.465000,-0.403000,"Bloomberg BGN, exported by Charlie",estr_eonia_euribor6m_1y5y_bbg_2026-10-05.xlsx
2016-09-14,-0.214000,-0.113000,-0.386000,-0.352300,-0.471000,-0.437250,"Bloomberg BGN, exported by Charlie",estr_eonia_euribor6m_1y5y_bbg_2026-10-05.xlsx
2016-09-15,-0.213500,-0.100000,-0.383000,-0.336000,-0.468000,-0.421000,"Bloomberg BGN, exported by Charlie",estr_eonia_euribor6m_1y5y_bbg_2026-10-05.xlsx
2016-09-16,-0.216000,-0.116000,-0.387000,-0.356500,-0.472000,-0.441500,"Bloomberg BGN, exported by Charlie",estr_eonia_euribor6m_1y5y_bbg_2026-10-05.xlsx
2016-09-19,-0.214000,-0.103500,-0.384000,-0.350000,-0.469000,-0.435000,"Bloomberg BGN, exported by Charlie",estr_eonia_euribor6m_1y5y_bbg_2026-10-05.xlsx
2016-09-20,-0.217000,-0.120400,-0.387000,-0.362000,-0.472000,-0.447000,"Bloomberg BGN, exported by Charlie",estr_eonia_euribor6m_1y5y_bbg_2026-10-05.xlsx
2016-09-21,-0.213000,-0.110000,-0.384500,-0.352000,-0.469500,-0.437000,"Bloomberg BGN, exported by Charlie",estr_eonia_euribor6m_1y5y_bbg_2026-10-05.xlsx
2016-09-22,-0.218250,-0.149100,-0.387000,-0.392200,-0.472000,-0.477200,"Bloomberg BGN, exported by Charlie",estr_eonia_euribor6m_1y5y_bbg_2026-10-05.xlsx
2016-09-23,-0.217000,-0.149000,-0.388000,-0.392000,-0.473000,-0.477000,"Bloomberg BGN, exported by Charlie",estr_eonia_euribor6m_1y5y_bbg_2026-10-05.xlsx
2016-09-26,-0.219250,-0.162000,-0.396000,-0.414000,-0.481000,-0.499000,"Bloomberg BGN, exported by Charlie",estr_eonia_euribor6m_1y5y_bbg_2026-10-05.xlsx
2016-09-27,-0.212000,-0.161000,-0.400000,-0.420500,-0.485000,-0.505500,"Bloomberg BGN, exported by Charlie",estr_eonia_euribor6m_1y5y_bbg_2026-10-05.xlsx
2016-09-28,-0.215000,-0.160000,-0.397000,-0.416000,-0.482000,-0.501000,"Bloomberg BGN, exported by Charlie",estr_eonia_euribor6m_1y5y_bbg_2026-10-05.xlsx
2016-09-29,-0.209000,-0.165000,-0.385000,-0.411900,-0.470000,-0.496900,"Bloomberg BGN, exported by Charlie",estr_eonia_euribor6m_1y5y_bbg_2026-10-05.xlsx
2016-09-30,-0.207000,-0.140000,-0.389000,-0.390000,-0.474000,-0.475000,"Bloomberg BGN, exported by Charlie",estr_eonia_euribor6m_1y5y_bbg_2026-10-05.xlsx
2016-10-03,-0.206000,-0.135000,-0.389000,-0.384000,-0.474000,-0.469000,"Bloomberg BGN, exported by Charlie",estr_eonia_euribor6m_1y5y_bbg_2026-10-05.xlsx
2016-10-04,-0.202000,-0.123000,-0.386000,-0.374700,-0.471000,-0.459650,"Bloomberg BGN, exported by Charlie",estr_eonia_euribor6m_1y5y_bbg_2026-10-05.xlsx
2016-10-05,-0.206250,-0.105000,-0.386000,-0.345300,-0.471000,-0.430250,"Bloomberg BGN, exported by Charlie",estr_eonia_euribor6m_1y5y_bbg_2026-10-05.xlsx
2016-10-06,-0.205000,-0.097000,-0.384000,-0.338000,-0.469000,-0.423000,"Bloomberg BGN, exported by Charlie",estr_eonia_euribor6m_1y5y_bbg_2026-10-05.xlsx
2016-10-07,-0.203000,-0.083000,-0.380000,-0.327900,-0.465000,-0.412850,"Bloomberg BGN, exported by Charlie",estr_eonia_euribor6m_1y5y_bbg_2026-10-05.xlsx
2016-10-10,-0.199000,-0.062500,-0.375000,-0.303500,-0.460000,-0.388500,"Bloomberg BGN, exported by Charlie",estr_eonia_euribor6m_1y5y_bbg_2026-10-05.xlsx
2016-10-11,-0.202000,-0.068000,-0.380000,-0.312500,-0.465000,-0.397450,"Bloomberg BGN, exported by Charlie",estr_eonia_euribor6m_1y5y_bbg_2026-10-05.xlsx
2016-10-12,-0.202500,-0.070000,-0.380000,-0.303000,-0.465000,-0.388000,"Bloomberg BGN, exported by Charlie",estr_eonia_euribor6m_1y5y_bbg_2026-10-05.xlsx
2016-10-13,-0.201000,-0.068000,-0.376000,-0.313500,-0.461000,-0.398500,"Bloomberg BGN, exported by Charlie",estr_eonia_euribor6m_1y5y_bbg_2026-10-05.xlsx
2016-10-14,-0.202000,-0.052000,-0.377000,-0.302000,-0.462000,-0.386950,"Bloomberg BGN, exported by Charlie",estr_eonia_euribor6m_1y5y_bbg_2026-10-05.xlsx
2016-10-17,-0.202500,-0.063750,-0.378000,-0.306000,-0.463000,-0.391000,"Bloomberg BGN, exported by Charlie",estr_eonia_euribor6m_1y5y_bbg_2026-10-05.xlsx
2016-10-18,-0.205000,-0.071000,-0.379000,-0.310500,-0.464000,-0.395500,"Bloomberg BGN, exported by Charlie",estr_eonia_euribor6m_1y5y_bbg_2026-10-05.xlsx
2016-10-19,-0.205000,-0.066600,-0.379000,-0.315000,-0.464000,-0.400000,"Bloomberg BGN, exported by Charlie",estr_eonia_euribor6m_1y5y_bbg_2026-10-05.xlsx
2016-10-20,-0.207750,-0.071000,-0.377000,-0.314000,-0.462000,-0.399000,"Bloomberg BGN, exported by Charlie",estr_eonia_euribor6m_1y5y_bbg_2026-10-05.xlsx
2016-10-21,-0.206000,-0.064300,-0.372000,-0.307000,-0.457000,-0.392000,"Bloomberg BGN, exported by Charlie",estr_eonia_euribor6m_1y5y_bbg_2026-10-05.xlsx
2016-10-24,-0.204500,-0.055600,-0.370800,-0.299000,-0.455750,-0.384000,"Bloomberg BGN, exported by Charlie",estr_eonia_euribor6m_1y5y_bbg_2026-10-05.xlsx
2016-10-25,-0.202000,-0.045000,-0.369000,-0.285400,-0.454000,-0.370350,"Bloomberg BGN, exported by Charlie",estr_eonia_euribor6m_1y5y_bbg_2026-10-05.xlsx
2016-10-26,-0.200000,-0.019000,-0.365000,-0.260000,-0.450000,-0.345000,"Bloomberg BGN, exported by Charlie",estr_eonia_euribor6m_1y5y_bbg_2026-10-05.xlsx
2016-10-27,-0.197000,0.011000,-0.361000,-0.219700,-0.446000,-0.304700,"Bloomberg BGN, exported by Charlie",estr_eonia_euribor6m_1y5y_bbg_2026-10-05.xlsx
2016-10-28,-0.193000,0.014000,-0.358000,-0.216000,-0.443000,-0.301000,"Bloomberg BGN, exported by Charlie",estr_eonia_euribor6m_1y5y_bbg_2026-10-05.xlsx
2016-10-31,-0.194000,0.011400,-0.359300,-0.225400,-0.444300,-0.310350,"Bloomberg BGN, exported by Charlie",estr_eonia_euribor6m_1y5y_bbg_2026-10-05.xlsx
2016-11-01,-0.192000,0.015500,-0.355000,-0.214500,-0.440000,-0.299500,"Bloomberg BGN, exported by Charlie",estr_eonia_euribor6m_1y5y_bbg_2026-10-05.xlsx
2016-11-02,-0.192000,0.008500,-0.354000,-0.239000,-0.439000,-0.324000,"Bloomberg BGN, exported by Charlie",estr_eonia_euribor6m_1y5y_bbg_2026-10-05.xlsx
2016-11-03,-0.190500,0.031000,-0.352000,-0.207000,-0.437000,-0.292000,"Bloomberg BGN, exported by Charlie",estr_eonia_euribor6m_1y5y_bbg_2026-10-05.xlsx
2016-11-04,-0.189500,0.017300,-0.351000,-0.224000,-0.436000,-0.309000,"Bloomberg BGN, exported by Charlie",estr_eonia_euribor6m_1y5y_bbg_2026-10-05.xlsx
2016-11-07,-0.189750,0.030500,-0.352000,-0.211600,-0.437000,-0.296550,"Bloomberg BGN, exported by Charlie",estr_eonia_euribor6m_1y5y_bbg_2026-10-05.xlsx
2016-11-08,-0.186250,0.041500,-0.348000,-0.195000,-0.433000,-0.280000,"Bloomberg BGN, exported by Charlie",estr_eonia_euribor6m_1y5y_bbg_2026-10-05.xlsx
2016-11-09,-0.185000,0.082000,-0.350000,-0.184200,-0.435000,-0.269150,"Bloomberg BGN, exported by Charlie",estr_eonia_euribor6m_1y5y_bbg_2026-10-05.xlsx
2016-11-10,-0.185000,0.103000,-0.348000,-0.136000,-0.433000,-0.221000,"Bloomberg BGN, exported by Charlie",estr_eonia_euribor6m_1y5y_bbg_2026-10-05.xlsx
2016-11-11,-0.181000,0.137000,-0.344000,-0.105000,-0.429000,-0.190000,"Bloomberg BGN, exported by Charlie",estr_eonia_euribor6m_1y5y_bbg_2026-10-05.xlsx
2016-11-14,-0.186000,0.145000,-0.348000,-0.097000,-0.433000,-0.182000,"Bloomberg BGN, exported by Charlie",estr_eonia_euribor6m_1y5y_bbg_2026-10-05.xlsx
2016-11-15,-0.188000,0.142000,-0.348000,-0.102000,-0.433000,-0.187000,"Bloomberg BGN, exported by Charlie",estr_eonia_euribor6m_1y5y_bbg_2026-10-05.xlsx
2016-11-16,-0.190000,0.139000,-0.352000,-0.101000,-0.437000,-0.186000,"Bloomberg BGN, exported by Charlie",estr_eonia_euribor6m_1y5y_bbg_2026-10-05.xlsx
2016-11-17,-0.193000,0.134000,-0.354000,-0.112000,-0.439000,-0.196950,"Bloomberg BGN, exported by Charlie",estr_eonia_euribor6m_1y5y_bbg_2026-10-05.xlsx
2016-11-18,-0.195000,0.124000,-0.354000,-0.123000,-0.439000,-0.208000,"Bloomberg BGN, exported by Charlie",estr_eonia_euribor6m_1y5y_bbg_2026-10-05.xlsx
2016-11-21,-0.197000,0.117500,-0.354000,-0.124800,-0.439000,-0.209750,"Bloomberg BGN, exported by Charlie",estr_eonia_euribor6m_1y5y_bbg_2026-10-05.xlsx
2016-11-22,-0.197000,0.096000,-0.354000,-0.151000,-0.439000,-0.236000,"Bloomberg BGN, exported by Charlie",estr_eonia_euribor6m_1y5y_bbg_2026-10-05.xlsx
2016-11-23,-0.196000,0.097000,-0.351000,-0.151000,-0.436000,-0.236000,"Bloomberg BGN, exported by Charlie",estr_eonia_euribor6m_1y5y_bbg_2026-10-05.xlsx
2016-11-24,-0.199750,0.083000,-0.353000,-0.159300,-0.438000,-0.244300,"Bloomberg BGN, exported by Charlie",estr_eonia_euribor6m_1y5y_bbg_2026-10-05.xlsx
2016-11-25,-0.197000,0.090000,-0.347000,-0.145000,-0.432000,-0.230000,"Bloomberg BGN, exported by Charlie",estr_eonia_euribor6m_1y5y_bbg_2026-10-05.xlsx
2016-11-28,-0.202500,0.069500,-0.352000,-0.173000,-0.437000,-0.258000,"Bloomberg BGN, exported by Charlie",estr_eonia_euribor6m_1y5y_bbg_2026-10-05.xlsx
2016-11-29,-0.204000,0.049000,-0.354000,-0.184000,-0.439000,-0.269000,"Bloomberg BGN, exported by Charlie",estr_eonia_euribor6m_1y5y_bbg_2026-10-05.xlsx
2016-11-30,-0.199000,0.087000,-0.351000,-0.161000,-0.436000,-0.246000,"Bloomberg BGN, exported by Charlie",estr_eonia_euribor6m_1y5y_bbg_2026-10-05.xlsx
2016-12-01,-0.194000,0.139000,-0.346000,-0.095000,-0.431000,-0.180000,"Bloomberg BGN, exported by Charlie",estr_eonia_euribor6m_1y5y_bbg_2026-10-05.xlsx
2016-12-02,-0.198000,0.095000,-0.353000,-0.155000,-0.438000,-0.240000,"Bloomberg BGN, exported by Charlie",estr_eonia_euribor6m_1y5y_bbg_2026-10-05.xlsx
2016-12-05,-0.199000,0.111000,-0.352300,-0.127000,-0.437250,-0.212000,"Bloomberg BGN, exported by Charlie",estr_eonia_euribor6m_1y5y_bbg_2026-10-05.xlsx
2016-12-06,-0.196000,0.155000,-0.343500,-0.079000,-0.428500,-0.164000,"Bloomberg BGN, exported by Charlie",estr_eonia_euribor6m_1y5y_bbg_2026-10-05.xlsx
2016-12-07,-0.195000,0.146000,-0.344000,-0.087000,-0.429000,-0.172000,"Bloomberg BGN, exported by Charlie",estr_eonia_euribor6m_1y5y_bbg_2026-10-05.xlsx
2016-12-08,-0.204000,0.135000,-0.350000,-0.096000,-0.435000,-0.180950,"Bloomberg BGN, exported by Charlie",estr_eonia_euribor6m_1y5y_bbg_2026-10-05.xlsx
2016-12-09,-0.203000,0.120000,-0.351000,-0.108000,-0.436000,-0.193000,"Bloomberg BGN, exported by Charlie",estr_eonia_euribor6m_1y5y_bbg_2026-10-05.xlsx
2016-12-12,-0.203000,0.152000,-0.349000,-0.079800,-0.434000,-0.164750,"Bloomberg BGN, exported by Charlie",estr_eonia_euribor6m_1y5y_bbg_2026-10-05.xlsx
2016-12-13,-0.203000,0.131000,-0.346000,-0.099000,-0.431000,-0.184000,"Bloomberg BGN, exported by Charlie",estr_eonia_euribor6m_1y5y_bbg_2026-10-05.xlsx
2016-12-14,-0.203000,0.104000,-0.346000,-0.125000,-0.431000,-0.210000,"Bloomberg BGN, exported by Charlie",estr_eonia_euribor6m_1y5y_bbg_2026-10-05.xlsx
2016-12-15,-0.201000,0.125000,-0.342000,-0.105000,-0.427000,-0.190000,"Bloomberg BGN, exported by Charlie",estr_eonia_euribor6m_1y5y_bbg_2026-10-05.xlsx
2016-12-16,-0.198000,0.122000,-0.337000,-0.105000,-0.422000,-0.190000,"Bloomberg BGN, exported by Charlie",estr_eonia_euribor6m_1y5y_bbg_2026-10-05.xlsx
2016-12-19,-0.198000,0.094000,-0.337000,-0.135900,-0.422000,-0.220900,"Bloomberg BGN, exported by Charlie",estr_eonia_euribor6m_1y5y_bbg_2026-10-05.xlsx
2016-12-20,-0.197750,0.110000,-0.337500,-0.117000,-0.422500,-0.202000,"Bloomberg BGN, exported by Charlie",estr_eonia_euribor6m_1y5y_bbg_2026-10-05.xlsx
2016-12-21,-0.196000,0.103000,-0.337000,-0.131100,-0.422000,-0.216100,"Bloomberg BGN, exported by Charlie",estr_eonia_euribor6m_1y5y_bbg_2026-10-05.xlsx
2016-12-22,-0.194250,0.120000,-0.336000,-0.114000,-0.421000,-0.199000,"Bloomberg BGN, exported by Charlie",estr_eonia_euribor6m_1y5y_bbg_2026-10-05.xlsx
2016-12-23,-0.194000,0.108000,-0.334000,-0.132000,-0.419000,-0.217000,"Bloomberg BGN, exported by Charlie",estr_eonia_euribor6m_1y5y_bbg_2026-10-05.xlsx
2016-12-27,-0.196000,0.080000,-0.337000,-0.161000,-0.422000,-0.246000,"Bloomberg BGN, exported by Charlie",estr_eonia_euribor6m_1y5y_bbg_2026-10-05.xlsx
2016-12-28,-0.201000,0.095000,-0.341000,-0.148000,-0.426000,-0.233000,"Bloomberg BGN, exported by Charlie",estr_eonia_euribor6m_1y5y_bbg_2026-10-05.xlsx
2016-12-29,-0.203000,0.078000,-0.342000,-0.163000,-0.427000,-0.248000,"Bloomberg BGN, exported by Charlie",estr_eonia_euribor6m_1y5y_bbg_2026-10-05.xlsx
2016-12-30,-0.202000,0.077000,-0.343000,-0.163000,-0.428000,-0.248000,"Bloomberg BGN, exported by Charlie",estr_eonia_euribor6m_1y5y_bbg_2026-10-05.xlsx
2017-01-02,-0.209000,0.066000,-0.351000,-0.170000,-0.436000,-0.255000,"Bloomberg BGN, exported by Charlie",estr_eonia_euribor6m_1y5y_bbg_2026-10-05.xlsx
2017-01-03,-0.204000,0.086000,-0.343000,-0.152000,-0.428000,-0.237000,"Bloomberg BGN, exported by Charlie",estr_eonia_euribor6m_1y5y_bbg_2026-10-05.xlsx
2017-01-04,-0.206000,0.097000,-0.344000,-0.136500,-0.429000,-0.221500,"Bloomberg BGN, exported by Charlie",estr_eonia_euribor6m_1y5y_bbg_2026-10-05.xlsx
2017-01-05,-0.211000,0.097000,-0.346300,-0.136000,-0.431250,-0.221000,"Bloomberg BGN, exported by Charlie",estr_eonia_euribor6m_1y5y_bbg_2026-10-05.xlsx
2017-01-06,-0.212000,0.120000,-0.345000,-0.104000,-0.430000,-0.189000,"Bloomberg BGN, exported by Charlie",estr_eonia_euribor6m_1y5y_bbg_2026-10-05.xlsx
2017-01-09,-0.214000,0.110000,-0.347000,-0.117000,-0.432000,-0.202000,"Bloomberg BGN, exported by Charlie",estr_eonia_euribor6m_1y5y_bbg_2026-10-05.xlsx
2017-01-10,-0.219000,0.108000,-0.351300,-0.115200,-0.436250,-0.200200,"Bloomberg BGN, exported by Charlie",estr_eonia_euribor6m_1y5y_bbg_2026-10-05.xlsx
2017-01-11,-0.226000,0.081000,-0.355000,-0.140000,-0.440000,-0.225000,"Bloomberg BGN, exported by Charlie",estr_eonia_euribor6m_1y5y_bbg_2026-10-05.xlsx
2017-01-12,-0.225000,0.077000,-0.355000,-0.143300,-0.440000,-0.228300,"Bloomberg BGN, exported by Charlie",estr_eonia_euribor6m_1y5y_bbg_2026-10-05.xlsx
2017-01-13,-0.225000,0.086000,-0.354000,-0.128000,-0.439000,-0.213000,"Bloomberg BGN, exported by Charlie",estr_eonia_euribor6m_1y5y_bbg_2026-10-05.xlsx
2017-01-16,-0.229000,0.079500,-0.356000,-0.135000,-0.441000,-0.220000,"Bloomberg BGN, exported by Charlie",estr_eonia_euribor6m_1y5y_bbg_2026-10-05.xlsx
2017-01-17,-0.228000,0.084000,-0.356000,-0.132000,-0.441000,-0.217000,"Bloomberg BGN, exported by Charlie",estr_eonia_euribor6m_1y5y_bbg_2026-10-05.xlsx
2017-01-18,-0.227000,0.110000,-0.352000,-0.103000,-0.437000,-0.188000,"Bloomberg BGN, exported by Charlie",estr_eonia_euribor6m_1y5y_bbg_2026-10-05.xlsx
2017-01-19,-0.224500,0.132000,-0.349000,-0.084500,-0.434000,-0.169500,"Bloomberg BGN, exported by Charlie",estr_eonia_euribor6m_1y5y_bbg_2026-10-05.xlsx
2017-01-20,-0.221000,0.154000,-0.345000,-0.051000,-0.430000,-0.136000,"Bloomberg BGN, exported by Charlie",estr_eonia_euribor6m_1y5y_bbg_2026-10-05.xlsx
2017-01-23,-0.224000,0.119500,-0.350000,-0.094000,-0.435000,-0.179000,"Bloomberg BGN, exported by Charlie",estr_eonia_euribor6m_1y5y_bbg_2026-10-05.xlsx
2017-01-24,-0.224000,0.144000,-0.349000,-0.067000,-0.434000,-0.152000,"Bloomberg BGN, exported by Charlie",estr_eonia_euribor6m_1y5y_bbg_2026-10-05.xlsx
2017-01-25,-0.220000,0.186500,-0.344000,-0.027300,-0.429000,-0.112250,"Bloomberg BGN, exported by Charlie",estr_eonia_euribor6m_1y5y_bbg_2026-10-05.xlsx
2017-01-26,-0.219000,0.201000,-0.340000,-0.015600,-0.425000,-0.100600,"Bloomberg BGN, exported by Charlie",estr_eonia_euribor6m_1y5y_bbg_2026-10-05.xlsx
2017-01-27,-0.216000,0.198000,-0.338000,-0.017000,-0.423000,-0.102000,"Bloomberg BGN, exported by Charlie",estr_eonia_euribor6m_1y5y_bbg_2026-10-05.xlsx
2017-01-30,-0.218000,0.193750,-0.342000,-0.030000,-0.427000,-0.115000,"Bloomberg BGN, exported by Charlie",estr_eonia_euribor6m_1y5y_bbg_2026-10-05.xlsx
2017-01-31,-0.218000,0.188000,-0.343000,-0.037800,-0.428000,-0.122800,"Bloomberg BGN, exported by Charlie",estr_eonia_euribor6m_1y5y_bbg_2026-10-05.xlsx
2017-02-01,-0.217000,0.200000,-0.342000,-0.022600,-0.427000,-0.107600,"Bloomberg BGN, exported by Charlie",estr_eonia_euribor6m_1y5y_bbg_2026-10-05.xlsx
2017-02-02,-0.218000,0.177000,-0.343000,-0.042800,-0.428000,-0.127800,"Bloomberg BGN, exported by Charlie",estr_eonia_euribor6m_1y5y_bbg_2026-10-05.xlsx
2017-02-03,-0.219000,0.171000,-0.338000,-0.050000,-0.423000,-0.135000,"Bloomberg BGN, exported by Charlie",estr_eonia_euribor6m_1y5y_bbg_2026-10-05.xlsx
2017-02-06,-0.214000,0.145000,-0.341000,-0.082000,-0.426000,-0.167000,"Bloomberg BGN, exported by Charlie",estr_eonia_euribor6m_1y5y_bbg_2026-10-05.xlsx
2017-02-07,-0.210000,0.155000,-0.337300,-0.072400,-0.422250,-0.157400,"Bloomberg BGN, exported by Charlie",estr_eonia_euribor6m_1y5y_bbg_2026-10-05.xlsx
2017-02-08,-0.210000,0.120000,-0.340000,-0.108000,-0.425000,-0.193000,"Bloomberg BGN, exported by Charlie",estr_eonia_euribor6m_1y5y_bbg_2026-10-05.xlsx
2017-02-09,-0.208000,0.138000,-0.340000,-0.090900,-0.425000,-0.175900,"Bloomberg BGN, exported by Charlie",estr_eonia_euribor6m_1y5y_bbg_2026-10-05.xlsx
2017-02-10,-0.208000,0.142000,-0.341000,-0.088500,-0.426000,-0.173500,"Bloomberg BGN, exported by Charlie",estr_eonia_euribor6m_1y5y_bbg_2026-10-05.xlsx
2017-02-13,-0.206300,0.157000,-0.338000,-0.074000,-0.423000,-0.159000,"Bloomberg BGN, exported by Charlie",estr_eonia_euribor6m_1y5y_bbg_2026-10-05.xlsx
2017-02-14,-0.208250,0.172000,-0.340000,-0.061100,-0.425000,-0.146100,"Bloomberg BGN, exported by Charlie",estr_eonia_euribor6m_1y5y_bbg_2026-10-05.xlsx
2017-02-15,-0.207000,0.165000,-0.338000,-0.062700,-0.423000,-0.147700,"Bloomberg BGN, exported by Charlie",estr_eonia_euribor6m_1y5y_bbg_2026-10-05.xlsx
2017-02-16,-0.206000,0.149000,-0.337000,-0.082000,-0.422000,-0.167000,"Bloomberg BGN, exported by Charlie",estr_eonia_euribor6m_1y5y_bbg_2026-10-05.xlsx
2017-02-17,-0.208000,0.134000,-0.344000,-0.102000,-0.429000,-0.187000,"Bloomberg BGN, exported by Charlie",estr_eonia_euribor6m_1y5y_bbg_2026-10-05.xlsx
2017-02-20,-0.206000,0.134000,-0.346000,-0.102600,-0.431000,-0.187600,"Bloomberg BGN, exported by Charlie",estr_eonia_euribor6m_1y5y_bbg_2026-10-05.xlsx
2017-02-21,-0.209000,0.135000,-0.348000,-0.106500,-0.433000,-0.191500,"Bloomberg BGN, exported by Charlie",estr_eonia_euribor6m_1y5y_bbg_2026-10-05.xlsx
2017-02-22,-0.207000,0.130000,-0.350000,-0.119000,-0.435000,-0.204000,"Bloomberg BGN, exported by Charlie",estr_eonia_euribor6m_1y5y_bbg_2026-10-05.xlsx
2017-02-23,-0.213000,0.106000,-0.354000,-0.137200,-0.439000,-0.222200,"Bloomberg BGN, exported by Charlie",estr_eonia_euribor6m_1y5y_bbg_2026-10-05.xlsx
2017-02-24,-0.209000,0.094000,-0.354000,-0.153000,-0.439000,-0.238000,"Bloomberg BGN, exported by Charlie",estr_eonia_euribor6m_1y5y_bbg_2026-10-05.xlsx
2017-02-27,-0.212500,0.096000,-0.353000,-0.146300,-0.438000,-0.231250,"Bloomberg BGN, exported by Charlie",estr_eonia_euribor6m_1y5y_bbg_2026-10-05.xlsx
2017-02-28,-0.215000,0.078000,-0.352000,-0.157000,-0.437000,-0.242000,"Bloomberg BGN, exported by Charlie",estr_eonia_euribor6m_1y5y_bbg_2026-10-05.xlsx
2017-03-01,-0.216000,0.101000,-0.352000,-0.129000,-0.437000,-0.214000,"Bloomberg BGN, exported by Charlie",estr_eonia_euribor6m_1y5y_bbg_2026-10-05.xlsx
2017-03-02,-0.214000,0.140000,-0.345000,-0.084800,-0.430000,-0.169750,"Bloomberg BGN, exported by Charlie",estr_eonia_euribor6m_1y5y_bbg_2026-10-05.xlsx
2017-03-03,-0.200500,0.190000,-0.331000,-0.040000,-0.416000,-0.125000,"Bloomberg BGN, exported by Charlie",estr_eonia_euribor6m_1y5y_bbg_2026-10-05.xlsx
2017-03-06,-0.199500,0.188500,-0.327000,-0.034900,-0.412000,-0.119900,"Bloomberg BGN, exported by Charlie",estr_eonia_euribor6m_1y5y_bbg_2026-10-05.xlsx
2017-03-07,-0.202500,0.172750,-0.332000,-0.052000,-0.417000,-0.137000,"Bloomberg BGN, exported by Charlie",estr_eonia_euribor6m_1y5y_bbg_2026-10-05.xlsx
2017-03-08,-0.202000,0.198000,-0.330000,-0.024000,-0.415000,-0.109000,"Bloomberg BGN, exported by Charlie",estr_eonia_euribor6m_1y5y_bbg_2026-10-05.xlsx
2017-03-09,-0.201000,0.262000,-0.326300,0.038000,-0.411300,-0.047000,"Bloomberg BGN, exported by Charlie",estr_eonia_euribor6m_1y5y_bbg_2026-10-05.xlsx
2017-03-10,-0.193000,0.320000,-0.320000,0.096000,-0.405000,0.011000,"Bloomberg BGN, exported by Charlie",estr_eonia_euribor6m_1y5y_bbg_2026-10-05.xlsx
2017-03-13,-0.200000,0.301000,-0.325000,0.072000,-0.410000,-0.013000,"Bloomberg BGN, exported by Charlie",estr_eonia_euribor6m_1y5y_bbg_2026-10-05.xlsx
2017-03-14,-0.203750,0.273000,-0.330000,0.046000,-0.415000,-0.039000,"Bloomberg BGN, exported by Charlie",estr_eonia_euribor6m_1y5y_bbg_2026-10-05.xlsx
2017-03-15,-0.203000,0.253000,-0.330400,0.029100,-0.415400,-0.055900,"Bloomberg BGN, exported by Charlie",estr_eonia_euribor6m_1y5y_bbg_2026-10-05.xlsx
2017-03-16,-0.204000,0.271000,-0.316300,0.046000,-0.401250,-0.039000,"Bloomberg BGN, exported by Charlie",estr_eonia_euribor6m_1y5y_bbg_2026-10-05.xlsx
2017-03-17,-0.197000,0.264000,-0.318000,0.040500,-0.403000,-0.044500,"Bloomberg BGN, exported by Charlie",estr_eonia_euribor6m_1y5y_bbg_2026-10-05.xlsx
2017-03-20,-0.195600,0.274000,-0.316000,0.049900,-0.401000,-0.035100,"Bloomberg BGN, exported by Charlie",estr_eonia_euribor6m_1y5y_bbg_2026-10-05.xlsx
2017-03-21,-0.192700,0.287000,-0.312300,0.071100,-0.397300,-0.013900,"Bloomberg BGN, exported by Charlie",estr_eonia_euribor6m_1y5y_bbg_2026-10-05.xlsx
2017-03-22,-0.199000,0.261000,-0.315500,0.050300,-0.400500,-0.034700,"Bloomberg BGN, exported by Charlie",estr_eonia_euribor6m_1y5y_bbg_2026-10-05.xlsx
2017-03-23,-0.197600,0.272000,-0.312500,0.061300,-0.397500,-0.023700,"Bloomberg BGN, exported by Charlie",estr_eonia_euribor6m_1y5y_bbg_2026-10-05.xlsx
2017-03-24,-0.199750,0.271000,-0.314400,0.056000,-0.399400,-0.029000,"Bloomberg BGN, exported by Charlie",estr_eonia_euribor6m_1y5y_bbg_2026-10-05.xlsx
2017-03-27,-0.201000,0.251000,-0.318000,0.037100,-0.403000,-0.047900,"Bloomberg BGN, exported by Charlie",estr_eonia_euribor6m_1y5y_bbg_2026-10-05.xlsx
2017-03-28,-0.204200,0.241000,-0.318700,0.025000,-0.403700,-0.060000,"Bloomberg BGN, exported by Charlie",estr_eonia_euribor6m_1y5y_bbg_2026-10-05.xlsx
2017-03-29,-0.212000,0.199600,-0.328000,-0.016000,-0.413000,-0.101000,"Bloomberg BGN, exported by Charlie",estr_eonia_euribor6m_1y5y_bbg_2026-10-05.xlsx
2017-03-30,-0.215250,0.185000,-0.330000,-0.029000,-0.415000,-0.114000,"Bloomberg BGN, exported by Charlie",estr_eonia_euribor6m_1y5y_bbg_2026-10-05.xlsx
2017-03-31,-0.217250,0.183500,-0.334500,-0.034000,-0.419500,-0.119000,"Bloomberg BGN, exported by Charlie",estr_eonia_euribor6m_1y5y_bbg_2026-10-05.xlsx
2017-04-03,-0.223000,0.159000,-0.343100,-0.061000,-0.428100,-0.146000,"Bloomberg BGN, exported by Charlie",estr_eonia_euribor6m_1y5y_bbg_2026-10-05.xlsx
2017-04-04,-0.223000,0.155000,-0.341900,-0.064900,-0.426900,-0.149900,"Bloomberg BGN, exported by Charlie",estr_eonia_euribor6m_1y5y_bbg_2026-10-05.xlsx
2017-04-05,-0.223200,0.151000,-0.343000,-0.069000,-0.428000,-0.154000,"Bloomberg BGN, exported by Charlie",estr_eonia_euribor6m_1y5y_bbg_2026-10-05.xlsx
2017-04-06,-0.221300,0.156000,-0.341000,-0.065000,-0.426000,-0.150000,"Bloomberg BGN, exported by Charlie",estr_eonia_euribor6m_1y5y_bbg_2026-10-05.xlsx
2017-04-07,-0.223000,0.149000,-0.344000,-0.082000,-0.429000,-0.167000,"Bloomberg BGN, exported by Charlie",estr_eonia_euribor6m_1y5y_bbg_2026-10-05.xlsx
2017-04-10,-0.223000,0.130000,-0.347000,-0.100000,-0.432000,-0.185000,"Bloomberg BGN, exported by Charlie",estr_eonia_euribor6m_1y5y_bbg_2026-10-05.xlsx
2017-04-11,-0.223250,0.135000,-0.352900,-0.098000,-0.437900,-0.183000,"Bloomberg BGN, exported by Charlie",estr_eonia_euribor6m_1y5y_bbg_2026-10-05.xlsx
2017-04-12,-0.220500,0.134000,-0.353000,-0.099200,-0.438000,-0.184200,"Bloomberg BGN, exported by Charlie",estr_eonia_euribor6m_1y5y_bbg_2026-10-05.xlsx
2017-04-13,-0.223500,0.116000,-0.356800,-0.117000,-0.441750,-0.202000,"Bloomberg BGN, exported by Charlie",estr_eonia_euribor6m_1y5y_bbg_2026-10-05.xlsx
2017-04-14,,0.123000,,,,,"Bloomberg BGN, exported by Charlie",estr_eonia_euribor6m_1y5y_bbg_2026-10-05.xlsx
2017-04-17,,0.116000,,,,,"Bloomberg BGN, exported by Charlie",estr_eonia_euribor6m_1y5y_bbg_2026-10-05.xlsx
2017-04-18,-0.225000,0.107000,-0.358000,-0.123400,-0.443000,-0.208350,"Bloomberg BGN, exported by Charlie",estr_eonia_euribor6m_1y5y_bbg_2026-10-05.xlsx
2017-04-19,-0.225000,0.124000,-0.357500,-0.105000,-0.442500,-0.190000,"Bloomberg BGN, exported by Charlie",estr_eonia_euribor6m_1y5y_bbg_2026-10-05.xlsx
2017-04-20,-0.222000,0.154000,-0.353000,-0.070000,-0.438000,-0.155000,"Bloomberg BGN, exported by Charlie",estr_eonia_euribor6m_1y5y_bbg_2026-10-05.xlsx
2017-04-21,-0.218000,0.176000,-0.351000,-0.056000,-0.436000,-0.141000,"Bloomberg BGN, exported by Charlie",estr_eonia_euribor6m_1y5y_bbg_2026-10-05.xlsx
2017-04-24,-0.221000,0.196000,-0.338000,-0.016700,-0.423000,-0.101700,"Bloomberg BGN, exported by Charlie",estr_eonia_euribor6m_1y5y_bbg_2026-10-05.xlsx
2017-04-25,-0.218000,0.234700,-0.334500,0.020000,-0.419500,-0.065000,"Bloomberg BGN, exported by Charlie",estr_eonia_euribor6m_1y5y_bbg_2026-10-05.xlsx
2017-04-26,-0.220000,0.223000,-0.338000,0.008000,-0.423000,-0.077000,"Bloomberg BGN, exported by Charlie",estr_eonia_euribor6m_1y5y_bbg_2026-10-05.xlsx
2017-04-27,-0.229000,0.183000,-0.343000,-0.028400,-0.428000,-0.113400,"Bloomberg BGN, exported by Charlie",estr_eonia_euribor6m_1y5y_bbg_2026-10-05.xlsx
2017-04-28,-0.228000,0.192000,-0.343000,-0.016000,-0.428000,-0.101000,"Bloomberg BGN, exported by Charlie",estr_eonia_euribor6m_1y5y_bbg_2026-10-05.xlsx
2017-05-01,,0.190000,,,,,"Bloomberg BGN, exported by Charlie",estr_eonia_euribor6m_1y5y_bbg_2026-10-05.xlsx
2017-05-02,-0.238000,0.202000,-0.350000,-0.000200,-0.435000,-0.085200,"Bloomberg BGN, exported by Charlie",estr_eonia_euribor6m_1y5y_bbg_2026-10-05.xlsx
2017-05-03,-0.244000,0.198000,-0.347000,-0.001000,-0.432000,-0.086000,"Bloomberg BGN, exported by Charlie",estr_eonia_euribor6m_1y5y_bbg_2026-10-05.xlsx
2017-05-04,-0.226000,0.229000,-0.342000,0.029000,-0.427000,-0.056000,"Bloomberg BGN, exported by Charlie",estr_eonia_euribor6m_1y5y_bbg_2026-10-05.xlsx
2017-05-05,-0.223000,0.245500,-0.336000,0.044000,-0.421000,-0.041000,"Bloomberg BGN, exported by Charlie",estr_eonia_euribor6m_1y5y_bbg_2026-10-05.xlsx
2017-05-08,-0.222000,0.242000,-0.335000,0.041000,-0.420000,-0.044000,"Bloomberg BGN, exported by Charlie",estr_eonia_euribor6m_1y5y_bbg_2026-10-05.xlsx
2017-05-09,-0.223000,0.237500,-0.335000,0.037000,-0.420000,-0.048000,"Bloomberg BGN, exported by Charlie",estr_eonia_euribor6m_1y5y_bbg_2026-10-05.xlsx
2017-05-10,-0.225250,0.235000,-0.336000,0.039000,-0.421000,-0.046000,"Bloomberg BGN, exported by Charlie",estr_eonia_euribor6m_1y5y_bbg_2026-10-05.xlsx
2017-05-11,-0.227000,0.226000,-0.338000,0.032000,-0.423000,-0.053000,"Bloomberg BGN, exported by Charlie",estr_eonia_euribor6m_1y5y_bbg_2026-10-05.xlsx
2017-05-12,-0.232000,0.209000,-0.342000,0.013000,-0.427000,-0.072000,"Bloomberg BGN, exported by Charlie",estr_eonia_euribor6m_1y5y_bbg_2026-10-05.xlsx
2017-05-15,-0.232000,0.211000,-0.341500,0.024000,-0.426500,-0.061000,"Bloomberg BGN, exported by Charlie",estr_eonia_euribor6m_1y5y_bbg_2026-10-05.xlsx
2017-05-16,-0.229550,0.227000,-0.338000,0.032000,-0.423000,-0.053000,"Bloomberg BGN, exported by Charlie",estr_eonia_euribor6m_1y5y_bbg_2026-10-05.xlsx
2017-05-17,-0.233000,0.180500,-0.343000,-0.002500,-0.428000,-0.087500,"Bloomberg BGN, exported by Charlie",estr_eonia_euribor6m_1y5y_bbg_2026-10-05.xlsx
2017-05-18,-0.231000,0.180000,-0.340000,-0.013000,-0.425000,-0.098000,"Bloomberg BGN, exported by Charlie",estr_eonia_euribor6m_1y5y_bbg_2026-10-05.xlsx
2017-05-19,-0.227000,0.199000,-0.339000,0.008000,-0.424000,-0.077000,"Bloomberg BGN, exported by Charlie",estr_eonia_euribor6m_1y5y_bbg_2026-10-05.xlsx
2017-05-22,-0.225000,0.218000,-0.335000,0.026000,-0.420000,-0.059000,"Bloomberg BGN, exported by Charlie",estr_eonia_euribor6m_1y5y_bbg_2026-10-05.xlsx
2017-05-23,-0.225000,0.222000,-0.335500,0.036000,-0.420500,-0.049000,"Bloomberg BGN, exported by Charlie",estr_eonia_euribor6m_1y5y_bbg_2026-10-05.xlsx
2017-05-24,-0.228000,0.220000,-0.337000,0.030500,-0.422000,-0.054500,"Bloomberg BGN, exported by Charlie",estr_eonia_euribor6m_1y5y_bbg_2026-10-05.xlsx
2017-05-25,-0.230000,0.203500,-0.340000,0.012000,-0.425000,-0.073000,"Bloomberg BGN, exported by Charlie",estr_eonia_euribor6m_1y5y_bbg_2026-10-05.xlsx
2017-05-26,-0.235000,0.183500,-0.344000,-0.008000,-0.429000,-0.093000,"Bloomberg BGN, exported by Charlie",estr_eonia_euribor6m_1y5y_bbg_2026-10-05.xlsx
2017-05-29,-0.238000,0.171000,-0.347500,-0.022000,-0.432500,-0.107000,"Bloomberg BGN, exported by Charlie",estr_eonia_euribor6m_1y5y_bbg_2026-10-05.xlsx
2017-05-30,-0.237900,0.164800,-0.347400,-0.031200,-0.432400,-0.116200,"Bloomberg BGN, exported by Charlie",estr_eonia_euribor6m_1y5y_bbg_2026-10-05.xlsx
2017-05-31,-0.237000,0.164250,-0.346000,-0.031700,-0.431000,-0.116700,"Bloomberg BGN, exported by Charlie",estr_eonia_euribor6m_1y5y_bbg_2026-10-05.xlsx
2017-06-01,-0.237750,0.173500,-0.349500,-0.025500,-0.434500,-0.110500,"Bloomberg BGN, exported by Charlie",estr_eonia_euribor6m_1y5y_bbg_2026-10-05.xlsx
2017-06-02,-0.235750,0.161000,-0.347000,-0.035700,-0.432000,-0.120700,"Bloomberg BGN, exported by Charlie",estr_eonia_euribor6m_1y5y_bbg_2026-10-05.xlsx
2017-06-05,-0.235000,0.164450,-0.346200,-0.031800,-0.431200,-0.116800,"Bloomberg BGN, exported by Charlie",estr_eonia_euribor6m_1y5y_bbg_2026-10-05.xlsx
2017-06-06,-0.234000,0.151950,-0.347000,-0.050000,-0.432000,-0.135000,"Bloomberg BGN, exported by Charlie",estr_eonia_euribor6m_1y5y_bbg_2026-10-05.xlsx
2017-06-07,-0.239000,0.149550,-0.351000,-0.050000,-0.436000,-0.135000,"Bloomberg BGN, exported by Charlie",estr_eonia_euribor6m_1y5y_bbg_2026-10-05.xlsx
2017-06-08,-0.242100,0.147000,-0.352000,-0.052500,-0.437000,-0.137500,"Bloomberg BGN, exported by Charlie",estr_eonia_euribor6m_1y5y_bbg_2026-10-05.xlsx
2017-06-09,-0.246400,0.142000,-0.353000,-0.058000,-0.438000,-0.143000,"Bloomberg BGN, exported by Charlie",estr_eonia_euribor6m_1y5y_bbg_2026-10-05.xlsx
2017-06-12,-0.251000,0.129100,-0.353900,-0.068000,-0.438900,-0.153000,"Bloomberg BGN, exported by Charlie",estr_eonia_euribor6m_1y5y_bbg_2026-10-05.xlsx
2017-06-13,-0.252400,0.143000,-0.353400,-0.050500,-0.438400,-0.135500,"Bloomberg BGN, exported by Charlie",estr_eonia_euribor6m_1y5y_bbg_2026-10-05.xlsx
2017-06-14,-0.255000,0.112000,-0.354000,-0.076200,-0.439000,-0.161200,"Bloomberg BGN, exported by Charlie",estr_eonia_euribor6m_1y5y_bbg_2026-10-05.xlsx
2017-06-15,-0.252000,0.147650,-0.349500,-0.043500,-0.434500,-0.128500,"Bloomberg BGN, exported by Charlie",estr_eonia_euribor6m_1y5y_bbg_2026-10-05.xlsx
2017-06-16,-0.252000,0.138800,-0.349000,-0.051700,-0.434000,-0.136700,"Bloomberg BGN, exported by Charlie",estr_eonia_euribor6m_1y5y_bbg_2026-10-05.xlsx
2017-06-19,-0.252000,0.145000,-0.349000,-0.044000,-0.434000,-0.129000,"Bloomberg BGN, exported by Charlie",estr_eonia_euribor6m_1y5y_bbg_2026-10-05.xlsx
2017-06-20,-0.255500,0.127500,-0.353000,-0.058000,-0.438000,-0.143000,"Bloomberg BGN, exported by Charlie",estr_eonia_euribor6m_1y5y_bbg_2026-10-05.xlsx
2017-06-21,-0.253000,0.139000,-0.348000,-0.046000,-0.433000,-0.131000,"Bloomberg BGN, exported by Charlie",estr_eonia_euribor6m_1y5y_bbg_2026-10-05.xlsx
2017-06-22,-0.254500,0.127000,-0.349000,-0.056800,-0.434000,-0.141800,"Bloomberg BGN, exported by Charlie",estr_eonia_euribor6m_1y5y_bbg_2026-10-05.xlsx
2017-06-23,-0.254000,0.137100,-0.347000,-0.048500,-0.432000,-0.133500,"Bloomberg BGN, exported by Charlie",estr_eonia_euribor6m_1y5y_bbg_2026-10-05.xlsx
2017-06-26,-0.252400,0.140050,-0.346000,-0.044000,-0.431000,-0.129000,"Bloomberg BGN, exported by Charlie",estr_eonia_euribor6m_1y5y_bbg_2026-10-05.xlsx
2017-06-27,-0.242800,0.224000,-0.335000,0.031800,-0.420000,-0.053200,"Bloomberg BGN, exported by Charlie",estr_eonia_euribor6m_1y5y_bbg_2026-10-05.xlsx
2017-06-28,-0.245100,0.212300,-0.339300,0.023000,-0.424300,-0.062000,"Bloomberg BGN, exported by Charlie",estr_eonia_euribor6m_1y5y_bbg_2026-10-05.xlsx
2017-06-29,-0.238000,0.258500,-0.333000,0.067600,-0.418000,-0.017450,"Bloomberg BGN, exported by Charlie",estr_eonia_euribor6m_1y5y_bbg_2026-10-05.xlsx
2017-06-30,-0.234500,0.275500,-0.332000,0.079000,-0.417000,-0.006000,"Bloomberg BGN, exported by Charlie",estr_eonia_euribor6m_1y5y_bbg_2026-10-05.xlsx
2017-07-03,-0.236000,0.272000,-0.334000,0.074000,-0.419000,-0.011000,"Bloomberg BGN, exported by Charlie",estr_eonia_euribor6m_1y5y_bbg_2026-10-05.xlsx
2017-07-04,-0.241000,0.274000,-0.335800,0.078000,-0.420750,-0.007000,"Bloomberg BGN, exported by Charlie",estr_eonia_euribor6m_1y5y_bbg_2026-10-05.xlsx
2017-07-05,-0.241000,0.273500,-0.335500,0.077000,-0.420500,-0.008000,"Bloomberg BGN, exported by Charlie",estr_eonia_euribor6m_1y5y_bbg_2026-10-05.xlsx
2017-07-06,-0.237000,0.329000,-0.331000,0.134000,-0.416000,0.049000,"Bloomberg BGN, exported by Charlie",estr_eonia_euribor6m_1y5y_bbg_2026-10-05.xlsx
2017-07-07,-0.236450,0.329500,-0.330000,0.129000,-0.415000,0.044000,"Bloomberg BGN, exported by Charlie",estr_eonia_euribor6m_1y5y_bbg_2026-10-05.xlsx
2017-07-10,-0.237200,0.316500,-0.332000,0.117000,-0.417000,0.032000,"Bloomberg BGN, exported by Charlie",estr_eonia_euribor6m_1y5y_bbg_2026-10-05.xlsx
2017-07-11,-0.236200,0.315000,-0.331300,0.122000,-0.416250,0.037000,"Bloomberg BGN, exported by Charlie",estr_eonia_euribor6m_1y5y_bbg_2026-10-05.xlsx
2017-07-12,-0.239050,0.304250,-0.333800,0.106000,-0.418750,0.021000,"Bloomberg BGN, exported by Charlie",estr_eonia_euribor6m_1y5y_bbg_2026-10-05.xlsx
2017-07-13,-0.241000,0.309000,-0.336000,0.109000,-0.421000,0.024000,"Bloomberg BGN, exported by Charlie",estr_eonia_euribor6m_1y5y_bbg_2026-10-05.xlsx
2017-07-14,-0.241050,0.319500,-0.334000,0.125200,-0.419000,0.040150,"Bloomberg BGN, exported by Charlie",estr_eonia_euribor6m_1y5y_bbg_2026-10-05.xlsx
2017-07-17,-0.244250,0.309450,-0.338000,0.111100,-0.423000,0.026100,"Bloomberg BGN, exported by Charlie",estr_eonia_euribor6m_1y5y_bbg_2026-10-05.xlsx
2017-07-18,-0.247000,0.297700,-0.341000,0.098800,-0.426000,0.013800,"Bloomberg BGN, exported by Charlie",estr_eonia_euribor6m_1y5y_bbg_2026-10-05.xlsx
2017-07-19,-0.249000,0.278400,-0.342000,0.085000,-0.427000,,"Bloomberg BGN, exported by Charlie",estr_eonia_euribor6m_1y5y_bbg_2026-10-05.xlsx
2017-07-20,-0.251500,0.275100,-0.345000,0.080700,-0.430000,-0.004300,"Bloomberg BGN, exported by Charlie",estr_eonia_euribor6m_1y5y_bbg_2026-10-05.xlsx
2017-07-21,-0.253000,0.250100,-0.347800,0.053200,-0.432750,-0.031800,"Bloomberg BGN, exported by Charlie",estr_eonia_euribor6m_1y5y_bbg_2026-10-05.xlsx
2017-07-24,-0.252500,0.251700,-0.348000,0.052000,-0.433000,-0.033000,"Bloomberg BGN, exported by Charlie",estr_eonia_euribor6m_1y5y_bbg_2026-10-05.xlsx
2017-07-25,-0.251000,0.277500,-0.344500,0.078000,-0.429500,-0.007000,"Bloomberg BGN, exported by Charlie",estr_eonia_euribor6m_1y5y_bbg_2026-10-05.xlsx
2017-07-26,-0.252050,0.276000,-0.345000,0.075400,-0.430000,-0.009600,"Bloomberg BGN, exported by Charlie",estr_eonia_euribor6m_1y5y_bbg_2026-10-05.xlsx
2017-07-27,-0.250000,0.266000,-0.346000,0.066000,-0.431000,-0.019000,"Bloomberg BGN, exported by Charlie",estr_eonia_euribor6m_1y5y_bbg_2026-10-05.xlsx
2017-07-28,-0.249500,0.271000,-0.345000,0.071100,-0.430000,-0.013900,"Bloomberg BGN, exported by Charlie",estr_eonia_euribor6m_1y5y_bbg_2026-10-05.xlsx
2017-07-31,-0.248050,0.280000,-0.344300,0.081800,-0.429250,-0.003200,"Bloomberg BGN, exported by Charlie",estr_eonia_euribor6m_1y5y_bbg_2026-10-05.xlsx
2017-08-01,-0.251000,0.245000,-0.346800,0.043000,-0.431750,-0.042000,"Bloomberg BGN, exported by Charlie",estr_eonia_euribor6m_1y5y_bbg_2026-10-05.xlsx
2017-08-02,-0.251250,0.240100,-0.347000,0.042500,-0.432000,-0.042500,"Bloomberg BGN, exported by Charlie",estr_eonia_euribor6m_1y5y_bbg_2026-10-05.xlsx
2017-08-03,-0.250500,0.233000,-0.347000,0.031000,-0.432000,-0.054000,"Bloomberg BGN, exported by Charlie",estr_eonia_euribor6m_1y5y_bbg_2026-10-05.xlsx
2017-08-04,-0.249000,0.237500,-0.346000,0.037000,-0.431000,-0.048000,"Bloomberg BGN, exported by Charlie",estr_eonia_euribor6m_1y5y_bbg_2026-10-05.xlsx
2017-08-07,-0.248050,0.234000,-0.345000,0.028000,-0.430000,-0.057000,"Bloomberg BGN, exported by Charlie",estr_eonia_euribor6m_1y5y_bbg_2026-10-05.xlsx
2017-08-08,-0.247000,0.238000,-0.344000,0.035100,-0.429000,-0.049900,"Bloomberg BGN, exported by Charlie",estr_eonia_euribor6m_1y5y_bbg_2026-10-05.xlsx
2017-08-09,-0.250000,0.216300,-0.347000,0.011700,-0.432000,-0.073350,"Bloomberg BGN, exported by Charlie",estr_eonia_euribor6m_1y5y_bbg_2026-10-05.xlsx
2017-08-10,-0.253000,0.205200,-0.349800,-0.001400,-0.434750,-0.086400,"Bloomberg BGN, exported by Charlie",estr_eonia_euribor6m_1y5y_bbg_2026-10-05.xlsx
2017-08-11,-0.256050,0.190450,-0.352000,-0.016000,-0.437000,-0.101000,"Bloomberg BGN, exported by Charlie",estr_eonia_euribor6m_1y5y_bbg_2026-10-05.xlsx
2017-08-14,-0.256500,0.203000,-0.353000,-0.002000,-0.438000,-0.087000,"Bloomberg BGN, exported by Charlie",estr_eonia_euribor6m_1y5y_bbg_2026-10-05.xlsx
2017-08-15,-0.255400,0.218000,-0.350500,0.014200,-0.435500,-0.070850,"Bloomberg BGN, exported by Charlie",estr_eonia_euribor6m_1y5y_bbg_2026-10-05.xlsx
2017-08-16,-0.254000,0.221000,-0.350000,0.011000,-0.435000,-0.074000,"Bloomberg BGN, exported by Charlie",estr_eonia_euribor6m_1y5y_bbg_2026-10-05.xlsx
2017-08-17,-0.255000,0.205300,-0.349000,0.006100,-0.434000,-0.078900,"Bloomberg BGN, exported by Charlie",estr_eonia_euribor6m_1y5y_bbg_2026-10-05.xlsx
2017-08-18,-0.255000,0.208700,-0.349000,0.010000,-0.434000,-0.075000,"Bloomberg BGN, exported by Charlie",estr_eonia_euribor6m_1y5y_bbg_2026-10-05.xlsx
2017-08-21,-0.257000,0.192000,-0.351300,-0.008300,-0.436250,-0.093250,"Bloomberg BGN, exported by Charlie",estr_eonia_euribor6m_1y5y_bbg_2026-10-05.xlsx
2017-08-22,-0.258400,0.191100,-0.351000,-0.006000,-0.436000,-0.091000,"Bloomberg BGN, exported by Charlie",estr_eonia_euribor6m_1y5y_bbg_2026-10-05.xlsx
2017-08-23,-0.257800,0.177150,-0.350300,-0.017000,-0.435300,-0.102000,"Bloomberg BGN, exported by Charlie",estr_eonia_euribor6m_1y5y_bbg_2026-10-05.xlsx
2017-08-24,-0.258000,0.182500,-0.350000,-0.013000,-0.435000,-0.098000,"Bloomberg BGN, exported by Charlie",estr_eonia_euribor6m_1y5y_bbg_2026-10-05.xlsx
2017-08-25,-0.257000,0.180000,-0.350000,-0.014000,-0.435000,-0.099000,"Bloomberg BGN, exported by Charlie",estr_eonia_euribor6m_1y5y_bbg_2026-10-05.xlsx
2017-08-28,-0.258500,0.174000,-0.351000,-0.021000,-0.436000,-0.106000,"Bloomberg BGN, exported by Charlie",estr_eonia_euribor6m_1y5y_bbg_2026-10-05.xlsx
2017-08-29,-0.259400,0.153000,-0.353800,-0.039400,-0.438750,-0.124400,"Bloomberg BGN, exported by Charlie",estr_eonia_euribor6m_1y5y_bbg_2026-10-05.xlsx
2017-08-30,-0.259000,0.160300,-0.353000,-0.038500,-0.438000,-0.123500,"Bloomberg BGN, exported by Charlie",estr_eonia_euribor6m_1y5y_bbg_2026-10-05.xlsx
2017-08-31,-0.260000,0.161000,-0.354500,-0.039300,-0.439500,-0.124300,"Bloomberg BGN, exported by Charlie",estr_eonia_euribor6m_1y5y_bbg_2026-10-05.xlsx
2017-09-01,-0.261000,0.162000,-0.355500,-0.039000,-0.440500,-0.124000,"Bloomberg BGN, exported by Charlie",estr_eonia_euribor6m_1y5y_bbg_2026-10-05.xlsx
2017-09-04,-0.261000,0.151000,-0.355000,-0.048700,-0.440000,-0.133700,"Bloomberg BGN, exported by Charlie",estr_eonia_euribor6m_1y5y_bbg_2026-10-05.xlsx
2017-09-05,-0.265000,0.131500,-0.360000,-0.080000,-0.445000,-0.165000,"Bloomberg BGN, exported by Charlie",estr_eonia_euribor6m_1y5y_bbg_2026-10-05.xlsx
2017-09-06,-0.262000,0.148100,-0.356300,-0.038000,-0.441250,-0.123000,"Bloomberg BGN, exported by Charlie",estr_eonia_euribor6m_1y5y_bbg_2026-10-05.xlsx
2017-09-07,-0.265500,0.136000,-0.361500,-0.070000,-0.446500,-0.155000,"Bloomberg BGN, exported by Charlie",estr_eonia_euribor6m_1y5y_bbg_2026-10-05.xlsx
2017-09-08,-0.265000,0.143000,-0.359000,-0.058000,-0.444000,-0.143000,"Bloomberg BGN, exported by Charlie",estr_eonia_euribor6m_1y5y_bbg_2026-10-05.xlsx
2017-09-11,-0.264500,0.153200,-0.360000,-0.046500,-0.445000,-0.131500,"Bloomberg BGN, exported by Charlie",estr_eonia_euribor6m_1y5y_bbg_2026-10-05.xlsx
2017-09-12,-0.262000,0.186200,-0.356900,-0.011500,-0.441900,-0.096500,"Bloomberg BGN, exported by Charlie",estr_eonia_euribor6m_1y5y_bbg_2026-10-05.xlsx
2017-09-13,-0.261000,0.184100,-0.355400,-0.012000,-0.440400,-0.097000,"Bloomberg BGN, exported by Charlie",estr_eonia_euribor6m_1y5y_bbg_2026-10-05.xlsx
2017-09-14,-0.260000,0.201050,-0.354000,0.004000,-0.439000,-0.081000,"Bloomberg BGN, exported by Charlie",estr_eonia_euribor6m_1y5y_bbg_2026-10-05.xlsx
2017-09-15,-0.257200,0.220000,-0.352000,0.027700,-0.437000,-0.057300,"Bloomberg BGN, exported by Charlie",estr_eonia_euribor6m_1y5y_bbg_2026-10-05.xlsx
2017-09-18,-0.256600,0.233500,-0.351000,0.035000,-0.436000,-0.050000,"Bloomberg BGN, exported by Charlie",estr_eonia_euribor6m_1y5y_bbg_2026-10-05.xlsx
2017-09-19,-0.256500,0.224050,-0.351800,0.028000,-0.436750,-0.057000,"Bloomberg BGN, exported by Charlie",estr_eonia_euribor6m_1y5y_bbg_2026-10-05.xlsx
2017-09-20,-0.255500,0.221000,-0.351000,0.024000,-0.436000,-0.061000,"Bloomberg BGN, exported by Charlie",estr_eonia_euribor6m_1y5y_bbg_2026-10-05.xlsx
2017-09-21,-0.256000,0.239000,-0.350000,0.043000,-0.435000,-0.042000,"Bloomberg BGN, exported by Charlie",estr_eonia_euribor6m_1y5y_bbg_2026-10-05.xlsx
2017-09-22,-0.254000,0.240000,-0.348800,0.046000,-0.433750,-0.039000,"Bloomberg BGN, exported by Charlie",estr_eonia_euribor6m_1y5y_bbg_2026-10-05.xlsx
2017-09-25,-0.257000,0.210000,-0.351000,0.015000,-0.436000,-0.070000,"Bloomberg BGN, exported by Charlie",estr_eonia_euribor6m_1y5y_bbg_2026-10-05.xlsx
2017-09-26,-0.257000,0.216950,-0.350000,0.017400,-0.435000,-0.067600,"Bloomberg BGN, exported by Charlie",estr_eonia_euribor6m_1y5y_bbg_2026-10-05.xlsx
2017-09-27,-0.255800,0.246800,-0.347600,0.049000,-0.432600,-0.036000,"Bloomberg BGN, exported by Charlie",estr_eonia_euribor6m_1y5y_bbg_2026-10-05.xlsx
2017-09-28,-0.256000,0.249000,-0.349000,0.057000,-0.434000,-0.028000,"Bloomberg BGN, exported by Charlie",estr_eonia_euribor6m_1y5y_bbg_2026-10-05.xlsx
2017-09-29,-0.255500,0.249250,-0.347000,0.056100,-0.432000,-0.028950,"Bloomberg BGN, exported by Charlie",estr_eonia_euribor6m_1y5y_bbg_2026-10-05.xlsx
2017-10-02,-0.255000,0.244000,-0.348000,0.051500,-0.433000,-0.033500,"Bloomberg BGN, exported by Charlie",estr_eonia_euribor6m_1y5y_bbg_2026-10-05.xlsx
2017-10-03,-0.256000,0.244350,-0.348000,0.054900,-0.433000,-0.030100,"Bloomberg BGN, exported by Charlie",estr_eonia_euribor6m_1y5y_bbg_2026-10-05.xlsx
2017-10-04,-0.256000,0.241050,-0.347300,0.053200,-0.432250,-0.031850,"Bloomberg BGN, exported by Charlie",estr_eonia_euribor6m_1y5y_bbg_2026-10-05.xlsx
2017-10-05,-0.255000,0.238950,-0.347000,0.052000,-0.432000,-0.033000,"Bloomberg BGN, exported by Charlie",estr_eonia_euribor6m_1y5y_bbg_2026-10-05.xlsx
2017-10-06,-0.254000,0.250050,-0.346000,0.056900,-0.431000,-0.028100,"Bloomberg BGN, exported by Charlie",estr_eonia_euribor6m_1y5y_bbg_2026-10-05.xlsx
2017-10-09,-0.257500,0.239950,-0.348800,0.046000,-0.433800,-0.039000,"Bloomberg BGN, exported by Charlie",estr_eonia_euribor6m_1y5y_bbg_2026-10-05.xlsx
2017-10-10,-0.257000,0.237000,-0.349000,0.048000,-0.434000,-0.037000,"Bloomberg BGN, exported by Charlie",estr_eonia_euribor6m_1y5y_bbg_2026-10-05.xlsx
2017-10-11,-0.255500,0.254500,-0.346800,0.061000,-0.431750,-0.024000,"Bloomberg BGN, exported by Charlie",estr_eonia_euribor6m_1y5y_bbg_2026-10-05.xlsx
2017-10-12,-0.257400,0.237500,-0.348500,0.045000,-0.433500,-0.040000,"Bloomberg BGN, exported by Charlie",estr_eonia_euribor6m_1y5y_bbg_2026-10-05.xlsx
2017-10-13,-0.260000,0.216000,-0.351000,0.020000,-0.436000,-0.065000,"Bloomberg BGN, exported by Charlie",estr_eonia_euribor6m_1y5y_bbg_2026-10-05.xlsx
2017-10-16,-0.261800,0.195500,-0.352700,0.002000,-0.437700,-0.083000,"Bloomberg BGN, exported by Charlie",estr_eonia_euribor6m_1y5y_bbg_2026-10-05.xlsx
2017-10-17,-0.262000,0.193200,-0.352000,0.001200,-0.437000,-0.083850,"Bloomberg BGN, exported by Charlie",estr_eonia_euribor6m_1y5y_bbg_2026-10-05.xlsx
2017-10-18,-0.262000,0.213100,-0.352000,0.022000,-0.437000,-0.063000,"Bloomberg BGN, exported by Charlie",estr_eonia_euribor6m_1y5y_bbg_2026-10-05.xlsx
2017-10-19,-0.262500,0.214050,-0.352300,0.023000,-0.437250,-0.062000,"Bloomberg BGN, exported by Charlie",estr_eonia_euribor6m_1y5y_bbg_2026-10-05.xlsx
2017-10-20,-0.261600,0.243050,-0.352000,0.052200,-0.437000,-0.032800,"Bloomberg BGN, exported by Charlie",estr_eonia_euribor6m_1y5y_bbg_2026-10-05.xlsx
2017-10-23,-0.262000,0.229950,-0.353000,0.041000,-0.438000,-0.044000,"Bloomberg BGN, exported by Charlie",estr_eonia_euribor6m_1y5y_bbg_2026-10-05.xlsx
2017-10-24,-0.260000,0.254500,-0.351500,0.062800,-0.436500,-0.022200,"Bloomberg BGN, exported by Charlie",estr_eonia_euribor6m_1y5y_bbg_2026-10-05.xlsx
2017-10-25,-0.259000,0.264500,-0.350000,0.070000,-0.435000,-0.015000,"Bloomberg BGN, exported by Charlie",estr_eonia_euribor6m_1y5y_bbg_2026-10-05.xlsx
2017-10-26,-0.264000,0.222050,-0.354000,0.028300,-0.439000,-0.056700,"Bloomberg BGN, exported by Charlie",estr_eonia_euribor6m_1y5y_bbg_2026-10-05.xlsx
2017-10-27,-0.266000,0.206700,-0.355400,0.015000,-0.440400,-0.070000,"Bloomberg BGN, exported by Charlie",estr_eonia_euribor6m_1y5y_bbg_2026-10-05.xlsx
2017-10-30,-0.266000,0.197000,-0.355800,0.007000,-0.440750,-0.078000,"Bloomberg BGN, exported by Charlie",estr_eonia_euribor6m_1y5y_bbg_2026-10-05.xlsx
2017-10-31,-0.265800,0.194600,-0.355300,0.004000,-0.440300,-0.081000,"Bloomberg BGN, exported by Charlie",estr_eonia_euribor6m_1y5y_bbg_2026-10-05.xlsx
2017-11-01,-0.266000,0.201500,-0.354200,0.014000,-0.439200,-0.071000,"Bloomberg BGN, exported by Charlie",estr_eonia_euribor6m_1y5y_bbg_2026-10-05.xlsx
2017-11-02,-0.266000,0.198400,-0.354000,0.012000,-0.439000,-0.073000,"Bloomberg BGN, exported by Charlie",estr_eonia_euribor6m_1y5y_bbg_2026-10-05.xlsx
2017-11-03,-0.266000,0.197000,-0.354000,0.012000,-0.439000,-0.073000,"Bloomberg BGN, exported by Charlie",estr_eonia_euribor6m_1y5y_bbg_2026-10-05.xlsx
2017-11-06,-0.267000,0.179500,-0.355100,-0.006000,-0.440100,-0.091000,"Bloomberg BGN, exported by Charlie",estr_eonia_euribor6m_1y5y_bbg_2026-10-05.xlsx
2017-11-07,-0.266600,0.176500,-0.355800,-0.007000,-0.440750,-0.092000,"Bloomberg BGN, exported by Charlie",estr_eonia_euribor6m_1y5y_bbg_2026-10-05.xlsx
2017-11-08,-0.267500,0.179500,-0.355700,-0.004000,-0.440700,-0.089000,"Bloomberg BGN, exported by Charlie",estr_eonia_euribor6m_1y5y_bbg_2026-10-05.xlsx
2017-11-09,-0.266000,0.194250,-0.353900,0.015500,-0.438900,-0.069500,"Bloomberg BGN, exported by Charlie",estr_eonia_euribor6m_1y5y_bbg_2026-10-05.xlsx
2017-11-10,-0.266000,0.216850,-0.354000,0.033000,-0.439000,-0.052000,"Bloomberg BGN, exported by Charlie",estr_eonia_euribor6m_1y5y_bbg_2026-10-05.xlsx
2017-11-13,-0.266000,0.221050,-0.354000,0.037000,-0.439000,-0.048000,"Bloomberg BGN, exported by Charlie",estr_eonia_euribor6m_1y5y_bbg_2026-10-05.xlsx
2017-11-14,-0.266000,0.208000,-0.354100,0.025000,-0.439050,-0.060000,"Bloomberg BGN, exported by Charlie",estr_eonia_euribor6m_1y5y_bbg_2026-10-05.xlsx
2017-11-15,-0.265000,0.199500,-0.354200,0.012000,-0.439200,-0.073000,"Bloomberg BGN, exported by Charlie",estr_eonia_euribor6m_1y5y_bbg_2026-10-05.xlsx
2017-11-16,-0.264250,0.203000,-0.353000,0.018700,-0.438000,-0.066300,"Bloomberg BGN, exported by Charlie",estr_eonia_euribor6m_1y5y_bbg_2026-10-05.xlsx
2017-11-17,-0.264700,0.199000,-0.354000,0.013500,-0.439000,-0.071500,"Bloomberg BGN, exported by Charlie",estr_eonia_euribor6m_1y5y_bbg_2026-10-05.xlsx
2017-11-20,-0.264000,0.202500,-0.353000,0.021900,-0.438000,-0.063100,"Bloomberg BGN, exported by Charlie",estr_eonia_euribor6m_1y5y_bbg_2026-10-05.xlsx
2017-11-21,-0.264000,0.195250,-0.351000,0.015500,-0.436000,-0.069500,"Bloomberg BGN, exported by Charlie",estr_eonia_euribor6m_1y5y_bbg_2026-10-05.xlsx
2017-11-22,-0.263000,0.203500,-0.351900,0.021000,-0.436900,-0.064000,"Bloomberg BGN, exported by Charlie",estr_eonia_euribor6m_1y5y_bbg_2026-10-05.xlsx
2017-11-23,-0.262000,0.206000,-0.351900,0.025000,-0.436900,-0.060000,"Bloomberg BGN, exported by Charlie",estr_eonia_euribor6m_1y5y_bbg_2026-10-05.xlsx
2017-11-24,-0.262000,0.215500,-0.351100,0.033300,-0.436100,-0.051700,"Bloomberg BGN, exported by Charlie",estr_eonia_euribor6m_1y5y_bbg_2026-10-05.xlsx
2017-11-27,-0.262000,0.199500,-0.351600,0.021400,-0.436600,-0.063600,"Bloomberg BGN, exported by Charlie",estr_eonia_euribor6m_1y5y_bbg_2026-10-05.xlsx
2017-11-28,-0.263000,0.205500,-0.351000,0.027400,-0.436000,-0.057600,"Bloomberg BGN, exported by Charlie",estr_eonia_euribor6m_1y5y_bbg_2026-10-05.xlsx
2017-11-29,-0.263000,0.230500,-0.351000,0.053000,-0.436000,-0.032000,"Bloomberg BGN, exported by Charlie",estr_eonia_euribor6m_1y5y_bbg_2026-10-05.xlsx
2017-11-30,-0.260000,0.223500,-0.333000,0.067500,-0.418000,-0.017500,"Bloomberg BGN, exported by Charlie",estr_eonia_euribor6m_1y5y_bbg_2026-10-05.xlsx
2017-12-01,-0.261800,0.200450,-0.347000,0.031000,-0.432000,-0.054000,"Bloomberg BGN, exported by Charlie",estr_eonia_euribor6m_1y5y_bbg_2026-10-05.xlsx
2017-12-04,-0.261650,0.208050,-0.343200,0.034000,-0.428150,-0.051000,"Bloomberg BGN, exported by Charlie",estr_eonia_euribor6m_1y5y_bbg_2026-10-05.xlsx
2017-12-05,-0.261900,0.191500,-0.345000,0.017000,-0.430000,-0.068000,"Bloomberg BGN, exported by Charlie",estr_eonia_euribor6m_1y5y_bbg_2026-10-05.xlsx
2017-12-06,-0.265000,0.187500,-0.348800,0.011000,-0.433750,-0.074000,"Bloomberg BGN, exported by Charlie",estr_eonia_euribor6m_1y5y_bbg_2026-10-05.xlsx
2017-12-07,-0.265000,0.192500,-0.342000,0.020000,-0.427000,-0.065000,"Bloomberg BGN, exported by Charlie",estr_eonia_euribor6m_1y5y_bbg_2026-10-05.xlsx
2017-12-08,-0.265200,0.207500,-0.341800,0.037000,-0.426800,-0.048000,"Bloomberg BGN, exported by Charlie",estr_eonia_euribor6m_1y5y_bbg_2026-10-05.xlsx
2017-12-11,-0.266000,0.202000,-0.341800,0.032300,-0.426800,-0.052700,"Bloomberg BGN, exported by Charlie",estr_eonia_euribor6m_1y5y_bbg_2026-10-05.xlsx
2017-12-12,-0.263500,0.214000,-0.338000,0.050000,-0.423000,-0.035000,"Bloomberg BGN, exported by Charlie",estr_eonia_euribor6m_1y5y_bbg_2026-10-05.xlsx
2017-12-13,-0.266300,0.209000,-0.345000,0.044000,-0.430000,-0.041000,"Bloomberg BGN, exported by Charlie",estr_eonia_euribor6m_1y5y_bbg_2026-10-05.xlsx
2017-12-14,-0.265700,0.207500,-0.348000,0.038000,-0.433000,-0.047000,"Bloomberg BGN, exported by Charlie",estr_eonia_euribor6m_1y5y_bbg_2026-10-05.xlsx
2017-12-15,-0.266500,0.208650,-0.349000,0.042000,-0.434000,-0.043000,"Bloomberg BGN, exported by Charlie",estr_eonia_euribor6m_1y5y_bbg_2026-10-05.xlsx
2017-12-18,-0.265000,0.215500,-0.346000,0.048500,-0.431000,-0.036500,"Bloomberg BGN, exported by Charlie",estr_eonia_euribor6m_1y5y_bbg_2026-10-05.xlsx
2017-12-19,-0.265500,0.256000,-0.344000,0.090000,-0.429000,0.005000,"Bloomberg BGN, exported by Charlie",estr_eonia_euribor6m_1y5y_bbg_2026-10-05.xlsx
2017-12-20,-0.262200,0.276650,-0.343000,0.122000,-0.428000,0.037000,"Bloomberg BGN, exported by Charlie",estr_eonia_euribor6m_1y5y_bbg_2026-10-05.xlsx
2017-12-21,-0.260650,0.298500,-0.341000,0.134000,-0.426000,0.049000,"Bloomberg BGN, exported by Charlie",estr_eonia_euribor6m_1y5y_bbg_2026-10-05.xlsx
2017-12-22,-0.259000,0.307500,-0.337800,0.148500,-0.422750,0.063500,"Bloomberg BGN, exported by Charlie",estr_eonia_euribor6m_1y5y_bbg_2026-10-05.xlsx
2017-12-27,-0.260000,0.296500,-0.338000,0.134400,-0.423000,0.049400,"Bloomberg BGN, exported by Charlie",estr_eonia_euribor6m_1y5y_bbg_2026-10-05.xlsx
2017-12-28,-0.258300,0.313000,-0.335000,0.150500,-0.420000,0.065500,"Bloomberg BGN, exported by Charlie",estr_eonia_euribor6m_1y5y_bbg_2026-10-05.xlsx
2017-12-29,-0.257250,0.316000,-0.332300,0.153100,-0.417300,0.068100,"Bloomberg BGN, exported by Charlie",estr_eonia_euribor6m_1y5y_bbg_2026-10-05.xlsx
2018-01-02,-0.258000,0.318500,-0.333000,0.159000,-0.418000,0.074000,"Bloomberg BGN, exported by Charlie",estr_eonia_euribor6m_1y5y_bbg_2026-10-05.xlsx
2018-01-03,-0.256000,0.297500,-0.335000,0.139000,-0.420000,0.054000,"Bloomberg BGN, exported by Charlie",estr_eonia_euribor6m_1y5y_bbg_2026-10-05.xlsx
2018-01-04,-0.254150,0.301500,-0.334500,0.137000,-0.419500,0.052000,"Bloomberg BGN, exported by Charlie",estr_eonia_euribor6m_1y5y_bbg_2026-10-05.xlsx
2018-01-05,-0.254500,0.304000,-0.334200,0.142000,-0.419200,0.057000,"Bloomberg BGN, exported by Charlie",estr_eonia_euribor6m_1y5y_bbg_2026-10-05.xlsx
2018-01-08,-0.255350,0.294000,-0.336000,0.133000,-0.421000,0.048000,"Bloomberg BGN, exported by Charlie",estr_eonia_euribor6m_1y5y_bbg_2026-10-05.xlsx
2018-01-09,-0.255150,0.309000,-0.335000,0.146000,-0.420000,0.061000,"Bloomberg BGN, exported by Charlie",estr_eonia_euribor6m_1y5y_bbg_2026-10-05.xlsx
2018-01-10,-0.255750,0.323500,-0.334000,0.162000,-0.419000,0.077000,"Bloomberg BGN, exported by Charlie",estr_eonia_euribor6m_1y5y_bbg_2026-10-05.xlsx
2018-01-11,-0.252500,0.370000,-0.329000,0.208000,-0.414000,0.123000,"Bloomberg BGN, exported by Charlie",estr_eonia_euribor6m_1y5y_bbg_2026-10-05.xlsx
2018-01-12,-0.251500,0.380500,-0.329000,0.218000,-0.414000,0.133000,"Bloomberg BGN, exported by Charlie",estr_eonia_euribor6m_1y5y_bbg_2026-10-05.xlsx
2018-01-15,-0.253000,0.389500,-0.329000,0.228000,-0.414000,0.143000,"Bloomberg BGN, exported by Charlie",estr_eonia_euribor6m_1y5y_bbg_2026-10-05.xlsx
2018-01-16,-0.252000,0.381450,-0.330000,0.222000,-0.415000,0.137000,"Bloomberg BGN, exported by Charlie",estr_eonia_euribor6m_1y5y_bbg_2026-10-05.xlsx
2018-01-17,-0.256000,0.368000,-0.333800,0.210000,-0.418750,0.125000,"Bloomberg BGN, exported by Charlie",estr_eonia_euribor6m_1y5y_bbg_2026-10-05.xlsx
2018-01-18,-0.258000,0.378250,-0.336000,0.218000,-0.421000,0.133000,"Bloomberg BGN, exported by Charlie",estr_eonia_euribor6m_1y5y_bbg_2026-10-05.xlsx
2018-01-19,-0.261000,0.375000,-0.337500,0.217000,-0.422500,0.132000,"Bloomberg BGN, exported by Charlie",estr_eonia_euribor6m_1y5y_bbg_2026-10-05.xlsx
2018-01-22,-0.260400,0.378500,-0.338000,0.220000,-0.423000,0.135000,"Bloomberg BGN, exported by Charlie",estr_eonia_euribor6m_1y5y_bbg_2026-10-05.xlsx
2018-01-23,-0.261300,0.379250,-0.339000,0.222000,-0.424000,0.137000,"Bloomberg BGN, exported by Charlie",estr_eonia_euribor6m_1y5y_bbg_2026-10-05.xlsx
2018-01-24,-0.261000,0.389800,-0.338000,0.233000,-0.423000,0.148000,"Bloomberg BGN, exported by Charlie",estr_eonia_euribor6m_1y5y_bbg_2026-10-05.xlsx
2018-01-25,-0.263000,0.427000,-0.339100,0.272000,-0.424100,0.187000,"Bloomberg BGN, exported by Charlie",estr_eonia_euribor6m_1y5y_bbg_2026-10-05.xlsx
2018-01-26,-0.262000,0.453450,-0.337800,0.296000,-0.422750,0.211000,"Bloomberg BGN, exported by Charlie",estr_eonia_euribor6m_1y5y_bbg_2026-10-05.xlsx
2018-01-29,-0.262000,0.481000,-0.338700,0.322000,-0.423700,0.237000,"Bloomberg BGN, exported by Charlie",estr_eonia_euribor6m_1y5y_bbg_2026-10-05.xlsx
2018-01-30,-0.263100,0.473250,-0.339300,0.314000,-0.424250,0.229000,"Bloomberg BGN, exported by Charlie",estr_eonia_euribor6m_1y5y_bbg_2026-10-05.xlsx
2018-01-31,-0.264500,0.474500,-0.341000,0.315000,-0.426000,0.230000,"Bloomberg BGN, exported by Charlie",estr_eonia_euribor6m_1y5y_bbg_2026-10-05.xlsx
2018-02-01,-0.264600,0.479500,-0.341000,0.326000,-0.426000,0.241000,"Bloomberg BGN, exported by Charlie",estr_eonia_euribor6m_1y5y_bbg_2026-10-05.xlsx
2018-02-02,-0.264500,0.493250,-0.343000,0.336000,-0.428000,0.251000,"Bloomberg BGN, exported by Charlie",estr_eonia_euribor6m_1y5y_bbg_2026-10-05.xlsx
2018-02-05,-0.266000,0.470950,-0.345000,0.319000,-0.430000,0.234000,"Bloomberg BGN, exported by Charlie",estr_eonia_euribor6m_1y5y_bbg_2026-10-05.xlsx
2018-02-06,-0.267000,0.456000,-0.345000,0.303000,-0.430000,0.218000,"Bloomberg BGN, exported by Charlie",estr_eonia_euribor6m_1y5y_bbg_2026-10-05.xlsx
2018-02-07,-0.263500,0.475500,-0.342100,0.323000,-0.427100,0.238000,"Bloomberg BGN, exported by Charlie",estr_eonia_euribor6m_1y5y_bbg_2026-10-05.xlsx
2018-02-08,-0.264000,0.479700,-0.344000,0.330700,-0.429000,0.245650,"Bloomberg BGN, exported by Charlie",estr_eonia_euribor6m_1y5y_bbg_2026-10-05.xlsx
2018-02-09,-0.264000,0.477500,-0.346000,0.324000,-0.431000,0.239000,"Bloomberg BGN, exported by Charlie",estr_eonia_euribor6m_1y5y_bbg_2026-10-05.xlsx
2018-02-12,-0.263500,0.497500,-0.346800,0.339000,-0.431800,0.254000,"Bloomberg BGN, exported by Charlie",estr_eonia_euribor6m_1y5y_bbg_2026-10-05.xlsx
2018-02-13,-0.263000,0.487000,-0.347400,0.319000,-0.432400,0.234000,"Bloomberg BGN, exported by Charlie",estr_eonia_euribor6m_1y5y_bbg_2026-10-05.xlsx
2018-02-14,-0.261500,0.496500,-0.342000,0.333000,-0.427000,0.248000,"Bloomberg BGN, exported by Charlie",estr_eonia_euribor6m_1y5y_bbg_2026-10-05.xlsx
2018-02-15,-0.258900,0.509350,-0.344000,0.342000,-0.429000,0.257000,"Bloomberg BGN, exported by Charlie",estr_eonia_euribor6m_1y5y_bbg_2026-10-05.xlsx
2018-02-16,-0.257750,0.477950,-0.343800,0.311000,-0.428750,0.226000,"Bloomberg BGN, exported by Charlie",estr_eonia_euribor6m_1y5y_bbg_2026-10-05.xlsx
2018-02-19,-0.256500,0.492500,-0.344000,0.326000,-0.429000,0.241000,"Bloomberg BGN, exported by Charlie",estr_eonia_euribor6m_1y5y_bbg_2026-10-05.xlsx
2018-02-20,-0.256250,0.489500,-0.344000,0.325000,-0.429000,0.240000,"Bloomberg BGN, exported by Charlie",estr_eonia_euribor6m_1y5y_bbg_2026-10-05.xlsx
2018-02-21,-0.254000,0.483500,-0.343300,0.319700,-0.428250,0.234700,"Bloomberg BGN, exported by Charlie",estr_eonia_euribor6m_1y5y_bbg_2026-10-05.xlsx
2018-02-22,-0.248500,0.487000,-0.342000,0.310000,-0.427000,0.225000,"Bloomberg BGN, exported by Charlie",estr_eonia_euribor6m_1y5y_bbg_2026-10-05.xlsx
2018-02-23,-0.247500,0.459800,-0.344000,0.278000,-0.429000,0.193000,"Bloomberg BGN, exported by Charlie",estr_eonia_euribor6m_1y5y_bbg_2026-10-05.xlsx
2018-02-26,-0.247500,0.464000,-0.343200,0.285500,-0.428200,0.200500,"Bloomberg BGN, exported by Charlie",estr_eonia_euribor6m_1y5y_bbg_2026-10-05.xlsx
2018-02-27,-0.251000,0.474500,-0.345000,0.297000,-0.430000,0.212000,"Bloomberg BGN, exported by Charlie",estr_eonia_euribor6m_1y5y_bbg_2026-10-05.xlsx
2018-02-28,-0.252500,0.454500,-0.345000,0.283500,-0.430000,0.198500,"Bloomberg BGN, exported by Charlie",estr_eonia_euribor6m_1y5y_bbg_2026-10-05.xlsx
2018-03-01,-0.254500,0.454500,-0.347000,0.277000,-0.432000,0.192000,"Bloomberg BGN, exported by Charlie",estr_eonia_euribor6m_1y5y_bbg_2026-10-05.xlsx
2018-03-02,-0.254650,0.453500,-0.347000,0.275000,-0.432000,0.190000,"Bloomberg BGN, exported by Charlie",estr_eonia_euribor6m_1y5y_bbg_2026-10-05.xlsx
2018-03-05,-0.255800,0.456500,-0.346000,0.285000,-0.431000,0.200000,"Bloomberg BGN, exported by Charlie",estr_eonia_euribor6m_1y5y_bbg_2026-10-05.xlsx
2018-03-06,-0.256000,0.474750,-0.347100,0.298000,-0.432100,0.213000,"Bloomberg BGN, exported by Charlie",estr_eonia_euribor6m_1y5y_bbg_2026-10-05.xlsx
2018-03-07,-0.257200,0.457500,-0.348000,0.283500,-0.433000,0.198500,"Bloomberg BGN, exported by Charlie",estr_eonia_euribor6m_1y5y_bbg_2026-10-05.xlsx
2018-03-08,-0.259800,0.450000,-0.351000,0.278500,-0.436000,0.193500,"Bloomberg BGN, exported by Charlie",estr_eonia_euribor6m_1y5y_bbg_2026-10-05.xlsx
2018-03-09,-0.259000,0.454500,-0.349700,0.285000,-0.434700,0.200000,"Bloomberg BGN, exported by Charlie",estr_eonia_euribor6m_1y5y_bbg_2026-10-05.xlsx
2018-03-12,-0.261100,0.443500,-0.350700,0.271000,-0.435700,0.186000,"Bloomberg BGN, exported by Charlie",estr_eonia_euribor6m_1y5y_bbg_2026-10-05.xlsx
2018-03-13,-0.261000,0.440000,-0.351400,0.258000,-0.436400,0.173000,"Bloomberg BGN, exported by Charlie",estr_eonia_euribor6m_1y5y_bbg_2026-10-05.xlsx
2018-03-14,-0.261000,0.420600,-0.351900,0.243500,-0.436900,0.158500,"Bloomberg BGN, exported by Charlie",estr_eonia_euribor6m_1y5y_bbg_2026-10-05.xlsx
2018-03-15,-0.262000,0.407500,-0.353000,0.230000,-0.438000,0.145000,"Bloomberg BGN, exported by Charlie",estr_eonia_euribor6m_1y5y_bbg_2026-10-05.xlsx
2018-03-16,-0.264000,0.402500,-0.354800,0.225000,-0.439750,0.140000,"Bloomberg BGN, exported by Charlie",estr_eonia_euribor6m_1y5y_bbg_2026-10-05.xlsx
2018-03-19,-0.265000,0.411500,-0.354200,0.237000,-0.439200,0.152000,"Bloomberg BGN, exported by Charlie",estr_eonia_euribor6m_1y5y_bbg_2026-10-05.xlsx
2018-03-20,-0.265000,0.419600,-0.353500,0.247000,-0.438500,0.162000,"Bloomberg BGN, exported by Charlie",estr_eonia_euribor6m_1y5y_bbg_2026-10-05.xlsx
2018-03-21,-0.263400,0.429500,-0.352500,0.256000,-0.437500,0.171000,"Bloomberg BGN, exported by Charlie",estr_eonia_euribor6m_1y5y_bbg_2026-10-05.xlsx
2018-03-22,-0.263500,0.395250,-0.353000,0.226500,-0.438000,0.141500,"Bloomberg BGN, exported by Charlie",estr_eonia_euribor6m_1y5y_bbg_2026-10-05.xlsx
2018-03-23,-0.263000,0.401050,-0.354100,0.221300,-0.439100,0.136250,"Bloomberg BGN, exported by Charlie",estr_eonia_euribor6m_1y5y_bbg_2026-10-05.xlsx
2018-03-26,-0.262600,0.401500,-0.354000,0.220000,-0.439000,0.135000,"Bloomberg BGN, exported by Charlie",estr_eonia_euribor6m_1y5y_bbg_2026-10-05.xlsx
2018-03-27,-0.263400,0.374750,-0.354000,0.201500,-0.439000,0.116500,"Bloomberg BGN, exported by Charlie",estr_eonia_euribor6m_1y5y_bbg_2026-10-05.xlsx
2018-03-28,-0.262500,0.374300,-0.354000,0.195500,-0.439000,0.110500,"Bloomberg BGN, exported by Charlie",estr_eonia_euribor6m_1y5y_bbg_2026-10-05.xlsx
2018-03-29,-0.261400,0.364200,-0.354000,0.188300,-0.439000,0.103250,"Bloomberg BGN, exported by Charlie",estr_eonia_euribor6m_1y5y_bbg_2026-10-05.xlsx
2018-04-02,,,-0.353000,,,,"Bloomberg BGN, exported by Charlie",estr_eonia_euribor6m_1y5y_bbg_2026-10-05.xlsx
2018-04-03,-0.261400,0.363200,-0.354000,0.185500,-0.439000,0.100500,"Bloomberg BGN, exported by Charlie",estr_eonia_euribor6m_1y5y_bbg_2026-10-05.xlsx
2018-04-04,-0.261000,0.360500,-0.353000,0.182000,-0.438000,0.097000,"Bloomberg BGN, exported by Charlie",estr_eonia_euribor6m_1y5y_bbg_2026-10-05.xlsx
2018-04-05,-0.260700,0.378000,-0.353000,0.197000,-0.438000,0.112000,"Bloomberg BGN, exported by Charlie",estr_eonia_euribor6m_1y5y_bbg_2026-10-05.xlsx
2018-04-06,-0.261000,0.363000,-0.354000,0.181000,-0.439000,0.096000,"Bloomberg BGN, exported by Charlie",estr_eonia_euribor6m_1y5y_bbg_2026-10-05.xlsx
2018-04-09,-0.261000,0.364950,-0.354000,0.181500,-0.439000,0.096500,"Bloomberg BGN, exported by Charlie",estr_eonia_euribor6m_1y5y_bbg_2026-10-05.xlsx
2018-04-10,-0.260000,0.368500,-0.352000,0.190000,-0.437000,0.105000,"Bloomberg BGN, exported by Charlie",estr_eonia_euribor6m_1y5y_bbg_2026-10-05.xlsx
2018-04-11,-0.258600,0.367500,-0.352400,0.183400,-0.437400,0.098400,"Bloomberg BGN, exported by Charlie",estr_eonia_euribor6m_1y5y_bbg_2026-10-05.xlsx
2018-04-12,-0.259500,0.372750,-0.351500,0.188000,-0.436500,0.103000,"Bloomberg BGN, exported by Charlie",estr_eonia_euribor6m_1y5y_bbg_2026-10-05.xlsx
2018-04-13,-0.259500,0.367500,-0.352800,0.184000,-0.437800,0.099000,"Bloomberg BGN, exported by Charlie",estr_eonia_euribor6m_1y5y_bbg_2026-10-05.xlsx
2018-04-16,-0.260000,0.375800,-0.353000,0.193000,-0.438000,0.108000,"Bloomberg BGN, exported by Charlie",estr_eonia_euribor6m_1y5y_bbg_2026-10-05.xlsx
2018-04-17,-0.259700,0.362000,-0.353000,0.181500,-0.438000,0.096500,"Bloomberg BGN, exported by Charlie",estr_eonia_euribor6m_1y5y_bbg_2026-10-05.xlsx
2018-04-18,-0.259900,0.371500,-0.353000,0.195300,-0.438000,0.110300,"Bloomberg BGN, exported by Charlie",estr_eonia_euribor6m_1y5y_bbg_2026-10-05.xlsx
2018-04-19,-0.259000,0.413500,-0.352500,0.234800,-0.437500,0.149800,"Bloomberg BGN, exported by Charlie",estr_eonia_euribor6m_1y5y_bbg_2026-10-05.xlsx
2018-04-20,-0.259500,0.408500,-0.352000,0.235000,-0.437000,0.150000,"Bloomberg BGN, exported by Charlie",estr_eonia_euribor6m_1y5y_bbg_2026-10-05.xlsx
2018-04-23,-0.256300,0.424000,-0.350500,0.251000,-0.435500,0.166000,"Bloomberg BGN, exported by Charlie",estr_eonia_euribor6m_1y5y_bbg_2026-10-05.xlsx
2018-04-24,-0.256000,0.419200,-0.350200,0.250100,-0.435200,0.165100,"Bloomberg BGN, exported by Charlie",estr_eonia_euribor6m_1y5y_bbg_2026-10-05.xlsx
2018-04-25,-0.255500,0.436500,-0.350000,0.260000,-0.435000,0.175000,"Bloomberg BGN, exported by Charlie",estr_eonia_euribor6m_1y5y_bbg_2026-10-05.xlsx
2018-04-26,-0.256500,0.414000,-0.350000,0.240800,-0.435000,0.155800,"Bloomberg BGN, exported by Charlie",estr_eonia_euribor6m_1y5y_bbg_2026-10-05.xlsx
2018-04-27,-0.257000,0.401500,-0.352000,0.227000,-0.437000,0.142000,"Bloomberg BGN, exported by Charlie",estr_eonia_euribor6m_1y5y_bbg_2026-10-05.xlsx
2018-04-30,-0.257100,0.386500,-0.351800,0.216000,-0.436750,0.131000,"Bloomberg BGN, exported by Charlie",estr_eonia_euribor6m_1y5y_bbg_2026-10-05.xlsx
2018-05-02,-0.258200,0.397500,-0.353500,0.226000,-0.438500,0.141000,"Bloomberg BGN, exported by Charlie",estr_eonia_euribor6m_1y5y_bbg_2026-10-05.xlsx
2018-05-03,-0.258000,0.365000,-0.354000,0.195000,-0.439000,0.110000,"Bloomberg BGN, exported by Charlie",estr_eonia_euribor6m_1y5y_bbg_2026-10-05.xlsx
2018-05-04,-0.258500,0.369500,-0.355000,0.202000,-0.440000,0.117000,"Bloomberg BGN, exported by Charlie",estr_eonia_euribor6m_1y5y_bbg_2026-10-05.xlsx
2018-05-07,-0.257800,0.365100,-0.354000,0.195000,-0.439000,0.110000,"Bloomberg BGN, exported by Charlie",estr_eonia_euribor6m_1y5y_bbg_2026-10-05.xlsx
2018-05-08,-0.258000,0.383500,-0.353000,0.216600,-0.438000,0.131550,"Bloomberg BGN, exported by Charlie",estr_eonia_euribor6m_1y5y_bbg_2026-10-05.xlsx
2018-05-09,-0.255500,0.387500,-0.349000,0.216500,-0.434000,0.131500,"Bloomberg BGN, exported by Charlie",estr_eonia_euribor6m_1y5y_bbg_2026-10-05.xlsx
2018-05-10,-0.253500,0.387000,-0.352000,0.214000,-0.437000,0.129000,"Bloomberg BGN, exported by Charlie",estr_eonia_euribor6m_1y5y_bbg_2026-10-05.xlsx
2018-05-11,-0.254000,0.397500,-0.353300,0.220500,-0.438300,0.135500,"Bloomberg BGN, exported by Charlie",estr_eonia_euribor6m_1y5y_bbg_2026-10-05.xlsx
2018-05-14,-0.250900,0.432500,-0.349300,0.253500,-0.434250,0.168500,"Bloomberg BGN, exported by Charlie",estr_eonia_euribor6m_1y5y_bbg_2026-10-05.xlsx
2018-05-15,-0.250600,0.448500,-0.350000,0.271500,-0.435000,0.186500,"Bloomberg BGN, exported by Charlie",estr_eonia_euribor6m_1y5y_bbg_2026-10-05.xlsx
2018-05-16,-0.249000,0.427500,-0.350000,0.251000,-0.435000,0.166000,"Bloomberg BGN, exported by Charlie",estr_eonia_euribor6m_1y5y_bbg_2026-10-05.xlsx
2018-05-17,-0.248000,0.448750,-0.349800,0.272000,-0.434750,0.187000,"Bloomberg BGN, exported by Charlie",estr_eonia_euribor6m_1y5y_bbg_2026-10-05.xlsx
2018-05-18,-0.247300,0.416700,-0.351400,0.238500,-0.436400,0.153450,"Bloomberg BGN, exported by Charlie",estr_eonia_euribor6m_1y5y_bbg_2026-10-05.xlsx
2018-05-21,-0.247750,0.399500,-0.355000,0.215000,-0.440000,0.130000,"Bloomberg BGN, exported by Charlie",estr_eonia_euribor6m_1y5y_bbg_2026-10-05.xlsx
2018-05-22,-0.247000,0.407900,-0.353000,0.221400,-0.438000,0.136350,"Bloomberg BGN, exported by Charlie",estr_eonia_euribor6m_1y5y_bbg_2026-10-05.xlsx
2018-05-23,-0.245700,0.373950,-0.355900,0.185000,-0.440900,0.100000,"Bloomberg BGN, exported by Charlie",estr_eonia_euribor6m_1y5y_bbg_2026-10-05.xlsx
2018-05-24,-0.248500,0.350550,-0.357100,0.166000,-0.442100,0.081000,"Bloomberg BGN, exported by Charlie",estr_eonia_euribor6m_1y5y_bbg_2026-10-05.xlsx
2018-05-25,-0.242100,0.312000,-0.358000,0.116000,-0.443000,0.031000,"Bloomberg BGN, exported by Charlie",estr_eonia_euribor6m_1y5y_bbg_2026-10-05.xlsx
2018-05-28,-0.238000,0.287550,-0.357000,0.093000,-0.442000,0.008000,"Bloomberg BGN, exported by Charlie",estr_eonia_euribor6m_1y5y_bbg_2026-10-05.xlsx
2018-05-29,-0.226500,0.242000,-0.334000,0.040700,-0.419000,-0.044300,"Bloomberg BGN, exported by Charlie",estr_eonia_euribor6m_1y5y_bbg_2026-10-05.xlsx
2018-05-30,-0.227250,0.298350,-0.359300,0.096500,-0.444250,0.011500,"Bloomberg BGN, exported by Charlie",estr_eonia_euribor6m_1y5y_bbg_2026-10-05.xlsx
2018-05-31,-0.231000,0.300500,-0.357000,0.115000,-0.442000,0.030000,"Bloomberg BGN, exported by Charlie",estr_eonia_euribor6m_1y5y_bbg_2026-10-05.xlsx
2018-06-01,-0.243000,0.326000,-0.357000,0.135000,-0.442000,0.050000,"Bloomberg BGN, exported by Charlie",estr_eonia_euribor6m_1y5y_bbg_2026-10-05.xlsx
2018-06-04,-0.248100,0.332900,-0.355000,0.153000,-0.440000,0.068000,"Bloomberg BGN, exported by Charlie",estr_eonia_euribor6m_1y5y_bbg_2026-10-05.xlsx
2018-06-05,-0.246800,0.327900,-0.347000,0.137000,-0.432000,0.052000,"Bloomberg BGN, exported by Charlie",estr_eonia_euribor6m_1y5y_bbg_2026-10-05.xlsx
2018-06-06,-0.239200,0.385800,-0.350000,0.212000,-0.435000,0.127000,"Bloomberg BGN, exported by Charlie",estr_eonia_euribor6m_1y5y_bbg_2026-10-05.xlsx
2018-06-07,-0.238000,0.398350,-0.339000,0.209000,-0.424000,0.124000,"Bloomberg BGN, exported by Charlie",estr_eonia_euribor6m_1y5y_bbg_2026-10-05.xlsx
2018-06-08,-0.233000,0.374500,-0.350800,0.183000,-0.435750,0.098000,"Bloomberg BGN, exported by Charlie",estr_eonia_euribor6m_1y5y_bbg_2026-10-05.xlsx
2018-06-11,-0.237700,0.393900,-0.347000,0.206000,-0.432000,0.121000,"Bloomberg BGN, exported by Charlie",estr_eonia_euribor6m_1y5y_bbg_2026-10-05.xlsx
2018-06-12,-0.240000,0.393000,-0.347000,0.205000,-0.432000,0.120000,"Bloomberg BGN, exported by Charlie",estr_eonia_euribor6m_1y5y_bbg_2026-10-05.xlsx
2018-06-13,-0.243000,0.380850,-0.345000,0.200000,-0.430000,0.115000,"Bloomberg BGN, exported by Charlie",estr_eonia_euribor6m_1y5y_bbg_2026-10-05.xlsx
2018-06-14,-0.253500,0.330950,-0.354000,0.154000,-0.439000,0.069000,"Bloomberg BGN, exported by Charlie",estr_eonia_euribor6m_1y5y_bbg_2026-10-05.xlsx
2018-06-15,-0.256000,0.295700,-0.354000,0.120000,-0.439000,0.035000,"Bloomberg BGN, exported by Charlie",estr_eonia_euribor6m_1y5y_bbg_2026-10-05.xlsx
2018-06-18,-0.254600,0.278450,-0.351000,0.102500,-0.436000,0.017500,"Bloomberg BGN, exported by Charlie",estr_eonia_euribor6m_1y5y_bbg_2026-10-05.xlsx
2018-06-19,-0.253000,0.255000,-0.355000,0.071000,-0.440000,-0.014000,"Bloomberg BGN, exported by Charlie",estr_eonia_euribor6m_1y5y_bbg_2026-10-05.xlsx
2018-06-20,-0.251000,0.263750,-0.354000,0.085000,-0.439000,,"Bloomberg BGN, exported by Charlie",estr_eonia_euribor6m_1y5y_bbg_2026-10-05.xlsx
2018-06-21,-0.248250,0.252250,-0.353800,0.069000,-0.438800,-0.016000,"Bloomberg BGN, exported by Charlie",estr_eonia_euribor6m_1y5y_bbg_2026-10-05.xlsx
2018-06-22,-0.247900,0.262280,-0.352900,0.082800,-0.437900,-0.002250,"Bloomberg BGN, exported by Charlie",estr_eonia_euribor6m_1y5y_bbg_2026-10-05.xlsx
2018-06-25,-0.249050,0.257800,-0.354900,0.074900,-0.439900,-0.010100,"Bloomberg BGN, exported by Charlie",estr_eonia_euribor6m_1y5y_bbg_2026-10-05.xlsx
2018-06-26,-0.252500,0.271100,-0.356000,0.095000,-0.441000,0.010000,"Bloomberg BGN, exported by Charlie",estr_eonia_euribor6m_1y5y_bbg_2026-10-05.xlsx
2018-06-27,-0.253000,0.266000,-0.355000,0.086000,-0.440000,0.001000,"Bloomberg BGN, exported by Charlie",estr_eonia_euribor6m_1y5y_bbg_2026-10-05.xlsx
2018-06-28,-0.254000,0.264100,-0.355600,0.090000,-0.440600,0.005000,"Bloomberg BGN, exported by Charlie",estr_eonia_euribor6m_1y5y_bbg_2026-10-05.xlsx
2018-06-29,-0.253800,0.262850,-0.353800,0.087000,-0.438750,0.002000,"Bloomberg BGN, exported by Charlie",estr_eonia_euribor6m_1y5y_bbg_2026-10-05.xlsx
2018-07-02,-0.254350,0.255000,-0.356000,0.084000,-0.441000,-0.001000,"Bloomberg BGN, exported by Charlie",estr_eonia_euribor6m_1y5y_bbg_2026-10-05.xlsx
2018-07-03,-0.256000,0.256700,-0.355500,0.083800,-0.440500,-0.001200,"Bloomberg BGN, exported by Charlie",estr_eonia_euribor6m_1y5y_bbg_2026-10-05.xlsx
2018-07-04,-0.253800,0.266500,-0.355800,0.104000,-0.440800,0.019000,"Bloomberg BGN, exported by Charlie",estr_eonia_euribor6m_1y5y_bbg_2026-10-05.xlsx
2018-07-05,-0.255200,0.263700,-0.357000,0.089200,-0.442000,0.004200,"Bloomberg BGN, exported by Charlie",estr_eonia_euribor6m_1y5y_bbg_2026-10-05.xlsx
2018-07-06,-0.256300,0.263000,-0.356500,0.085000,-0.441500,,"Bloomberg BGN, exported by Charlie",estr_eonia_euribor6m_1y5y_bbg_2026-10-05.xlsx
2018-07-09,-0.257000,0.261000,-0.357000,0.081000,-0.442000,-0.004000,"Bloomberg BGN, exported by Charlie",estr_eonia_euribor6m_1y5y_bbg_2026-10-05.xlsx
2018-07-10,-0.257000,0.276950,-0.356800,0.097100,-0.441750,0.012100,"Bloomberg BGN, exported by Charlie",estr_eonia_euribor6m_1y5y_bbg_2026-10-05.xlsx
2018-07-11,-0.257300,0.273100,-0.357000,0.094000,-0.442000,0.009000,"Bloomberg BGN, exported by Charlie",estr_eonia_euribor6m_1y5y_bbg_2026-10-05.xlsx
2018-07-12,-0.259000,0.273000,-0.357400,0.087000,-0.442400,0.002000,"Bloomberg BGN, exported by Charlie",estr_eonia_euribor6m_1y5y_bbg_2026-10-05.xlsx
2018-07-13,-0.257000,0.263000,-0.357000,0.078800,-0.442000,-0.006200,"Bloomberg BGN, exported by Charlie",estr_eonia_euribor6m_1y5y_bbg_2026-10-05.xlsx
2018-07-16,-0.257000,0.275700,-0.356800,0.090000,-0.441800,0.005000,"Bloomberg BGN, exported by Charlie",estr_eonia_euribor6m_1y5y_bbg_2026-10-05.xlsx
2018-07-17,-0.257600,0.266000,-0.357000,0.082700,-0.442000,-0.002300,"Bloomberg BGN, exported by Charlie",estr_eonia_euribor6m_1y5y_bbg_2026-10-05.xlsx
2018-07-18,-0.257050,0.263000,-0.357000,0.079000,-0.442000,-0.006000,"Bloomberg BGN, exported by Charlie",estr_eonia_euribor6m_1y5y_bbg_2026-10-05.xlsx
2018-07-19,-0.257100,0.258400,-0.357000,0.079700,-0.442000,-0.005300,"Bloomberg BGN, exported by Charlie",estr_eonia_euribor6m_1y5y_bbg_2026-10-05.xlsx
2018-07-20,-0.256550,0.282050,-0.357000,0.097000,-0.442000,0.012000,"Bloomberg BGN, exported by Charlie",estr_eonia_euribor6m_1y5y_bbg_2026-10-05.xlsx
2018-07-23,-0.256000,0.299000,-0.356300,0.117500,-0.441250,0.032500,"Bloomberg BGN, exported by Charlie",estr_eonia_euribor6m_1y5y_bbg_2026-10-05.xlsx
2018-07-24,-0.256500,0.296200,-0.356000,0.110800,-0.441000,0.025800,"Bloomberg BGN, exported by Charlie",estr_eonia_euribor6m_1y5y_bbg_2026-10-05.xlsx
2018-07-25,-0.255500,0.294000,-0.355500,0.111000,-0.440500,0.026000,"Bloomberg BGN, exported by Charlie",estr_eonia_euribor6m_1y5y_bbg_2026-10-05.xlsx
2018-07-26,-0.255300,0.308000,-0.355000,0.126700,-0.440000,0.041650,"Bloomberg BGN, exported by Charlie",estr_eonia_euribor6m_1y5y_bbg_2026-10-05.xlsx
2018-07-27,-0.256500,0.306500,-0.355300,0.124000,-0.440300,0.039000,"Bloomberg BGN, exported by Charlie",estr_eonia_euribor6m_1y5y_bbg_2026-10-05.xlsx
2018-07-30,-0.252900,0.326450,-0.353500,0.144000,-0.438500,0.059000,"Bloomberg BGN, exported by Charlie",estr_eonia_euribor6m_1y5y_bbg_2026-10-05.xlsx
2018-07-31,-0.253050,0.332000,-0.353000,0.155000,-0.438000,0.070000,"Bloomberg BGN, exported by Charlie",estr_eonia_euribor6m_1y5y_bbg_2026-10-05.xlsx
2018-08-01,-0.251000,0.350100,-0.353100,0.168000,-0.438100,0.083000,"Bloomberg BGN, exported by Charlie",estr_eonia_euribor6m_1y5y_bbg_2026-10-05.xlsx
2018-08-02,-0.251050,0.343700,-0.353200,0.160000,-0.438200,0.075000,"Bloomberg BGN, exported by Charlie",estr_eonia_euribor6m_1y5y_bbg_2026-10-05.xlsx
2018-08-03,-0.246000,0.322000,-0.350300,0.143000,-0.435250,0.058000,"Bloomberg BGN, exported by Charlie",estr_eonia_euribor6m_1y5y_bbg_2026-10-05.xlsx
2018-08-06,-0.245050,0.310500,-0.350700,0.128000,-0.435700,0.043000,"Bloomberg BGN, exported by Charlie",estr_eonia_euribor6m_1y5y_bbg_2026-10-05.xlsx
2018-08-07,-0.244300,0.318000,-0.351000,0.135000,-0.436000,0.050000,"Bloomberg BGN, exported by Charlie",estr_eonia_euribor6m_1y5y_bbg_2026-10-05.xlsx
2018-08-08,-0.244000,0.311700,-0.350000,0.129000,-0.435000,0.044000,"Bloomberg BGN, exported by Charlie",estr_eonia_euribor6m_1y5y_bbg_2026-10-05.xlsx
2018-08-09,-0.242200,0.301000,-0.350000,0.121000,-0.435000,0.036000,"Bloomberg BGN, exported by Charlie",estr_eonia_euribor6m_1y5y_bbg_2026-10-05.xlsx
2018-08-10,-0.239000,0.271000,-0.351000,0.089400,-0.436000,0.004350,"Bloomberg BGN, exported by Charlie",estr_eonia_euribor6m_1y5y_bbg_2026-10-05.xlsx
2018-08-13,-0.240000,0.265900,-0.350300,0.081000,-0.435250,-0.004000,"Bloomberg BGN, exported by Charlie",estr_eonia_euribor6m_1y5y_bbg_2026-10-05.xlsx
2018-08-14,-0.243700,0.269500,-0.353000,0.086000,-0.438000,0.001000,"Bloomberg BGN, exported by Charlie",estr_eonia_euribor6m_1y5y_bbg_2026-10-05.xlsx
2018-08-15,-0.246000,0.256100,-0.353000,0.072000,-0.438000,-0.013000,"Bloomberg BGN, exported by Charlie",estr_eonia_euribor6m_1y5y_bbg_2026-10-05.xlsx
2018-08-16,-0.246000,0.265800,-0.353000,0.082000,-0.438000,-0.003000,"Bloomberg BGN, exported by Charlie",estr_eonia_euribor6m_1y5y_bbg_2026-10-05.xlsx
2018-08-17,-0.246600,0.257500,-0.355000,0.076200,-0.440000,-0.008800,"Bloomberg BGN, exported by Charlie",estr_eonia_euribor6m_1y5y_bbg_2026-10-05.xlsx
2018-08-20,-0.248500,0.259100,-0.353400,0.077700,-0.438400,-0.007300,"Bloomberg BGN, exported by Charlie",estr_eonia_euribor6m_1y5y_bbg_2026-10-05.xlsx
2018-08-21,-0.246700,0.273400,-0.352500,0.090000,-0.437500,0.005000,"Bloomberg BGN, exported by Charlie",estr_eonia_euribor6m_1y5y_bbg_2026-10-05.xlsx
2018-08-22,-0.246700,0.274000,-0.353000,0.093000,-0.438000,0.008000,"Bloomberg BGN, exported by Charlie",estr_eonia_euribor6m_1y5y_bbg_2026-10-05.xlsx
2018-08-23,-0.247400,0.274500,-0.352500,0.096000,-0.437500,0.011000,"Bloomberg BGN, exported by Charlie",estr_eonia_euribor6m_1y5y_bbg_2026-10-05.xlsx
2018-08-24,-0.247900,0.278750,-0.352000,0.099000,-0.437000,0.014000,"Bloomberg BGN, exported by Charlie",estr_eonia_euribor6m_1y5y_bbg_2026-10-05.xlsx
2018-08-27,-0.247600,0.292050,-0.350500,0.110300,-0.435500,0.025300,"Bloomberg BGN, exported by Charlie",estr_eonia_euribor6m_1y5y_bbg_2026-10-05.xlsx
2018-08-28,-0.247000,0.290000,-0.351000,0.111000,-0.436000,0.026000,"Bloomberg BGN, exported by Charlie",estr_eonia_euribor6m_1y5y_bbg_2026-10-05.xlsx
2018-08-29,-0.246000,0.305850,-0.350200,0.130000,-0.435200,0.045000,"Bloomberg BGN, exported by Charlie",estr_eonia_euribor6m_1y5y_bbg_2026-10-05.xlsx
2018-08-30,-0.244000,0.285000,-0.350000,0.106000,-0.435000,0.021000,"Bloomberg BGN, exported by Charlie",estr_eonia_euribor6m_1y5y_bbg_2026-10-05.xlsx
2018-08-31,-0.246800,0.273450,-0.349000,0.095500,-0.434000,0.010500,"Bloomberg BGN, exported by Charlie",estr_eonia_euribor6m_1y5y_bbg_2026-10-05.xlsx
2018-09-03,-0.247000,0.274000,-0.350300,0.098000,-0.435250,0.013000,"Bloomberg BGN, exported by Charlie",estr_eonia_euribor6m_1y5y_bbg_2026-10-05.xlsx
2018-09-04,-0.249000,0.283100,-0.351500,0.108000,-0.436500,0.022950,"Bloomberg BGN, exported by Charlie",estr_eonia_euribor6m_1y5y_bbg_2026-10-05.xlsx
2018-09-05,-0.248000,0.300000,-0.348300,0.126600,-0.433250,0.041600,"Bloomberg BGN, exported by Charlie",estr_eonia_euribor6m_1y5y_bbg_2026-10-05.xlsx
2018-09-06,-0.252200,0.289000,-0.348900,0.119800,-0.433900,0.034800,"Bloomberg BGN, exported by Charlie",estr_eonia_euribor6m_1y5y_bbg_2026-10-05.xlsx
2018-09-07,-0.250500,0.303000,-0.348000,0.135000,-0.433000,0.050000,"Bloomberg BGN, exported by Charlie",estr_eonia_euribor6m_1y5y_bbg_2026-10-05.xlsx
2018-09-10,-0.252800,0.307000,-0.348800,0.142000,-0.433800,0.057000,"Bloomberg BGN, exported by Charlie",estr_eonia_euribor6m_1y5y_bbg_2026-10-05.xlsx
2018-09-11,-0.255000,0.318000,-0.349000,0.163000,-0.434000,0.078000,"Bloomberg BGN, exported by Charlie",estr_eonia_euribor6m_1y5y_bbg_2026-10-05.xlsx
2018-09-12,-0.254100,0.313000,-0.347000,0.160000,-0.432000,0.075000,"Bloomberg BGN, exported by Charlie",estr_eonia_euribor6m_1y5y_bbg_2026-10-05.xlsx
2018-09-13,-0.254100,0.320500,-0.347000,0.168000,-0.432000,0.083000,"Bloomberg BGN, exported by Charlie",estr_eonia_euribor6m_1y5y_bbg_2026-10-05.xlsx
2018-09-14,-0.254600,0.326000,-0.347300,0.177000,-0.432300,0.092000,"Bloomberg BGN, exported by Charlie",estr_eonia_euribor6m_1y5y_bbg_2026-10-05.xlsx
2018-09-17,-0.253700,0.341600,-0.346000,0.196000,-0.431000,0.111000,"Bloomberg BGN, exported by Charlie",estr_eonia_euribor6m_1y5y_bbg_2026-10-05.xlsx
2018-09-18,-0.252500,0.352500,-0.344800,0.203000,-0.429750,0.118000,"Bloomberg BGN, exported by Charlie",estr_eonia_euribor6m_1y5y_bbg_2026-10-05.xlsx
2018-09-19,-0.252000,0.358000,-0.346000,0.212000,-0.431000,0.127000,"Bloomberg BGN, exported by Charlie",estr_eonia_euribor6m_1y5y_bbg_2026-10-05.xlsx
2018-09-20,-0.251000,0.355700,-0.345000,0.211500,-0.430000,0.126500,"Bloomberg BGN, exported by Charlie",estr_eonia_euribor6m_1y5y_bbg_2026-10-05.xlsx
2018-09-21,-0.250050,0.348200,-0.345000,0.200000,-0.430000,0.115000,"Bloomberg BGN, exported by Charlie",estr_eonia_euribor6m_1y5y_bbg_2026-10-05.xlsx
2018-09-24,-0.246400,0.392000,-0.343000,0.248000,-0.428000,0.163000,"Bloomberg BGN, exported by Charlie",estr_eonia_euribor6m_1y5y_bbg_2026-10-05.xlsx
2018-09-25,-0.245700,0.420000,-0.342100,0.269000,-0.427100,0.184000,"Bloomberg BGN, exported by Charlie",estr_eonia_euribor6m_1y5y_bbg_2026-10-05.xlsx
2018-09-26,-0.244500,0.411000,-0.341000,0.262500,-0.426000,0.177500,"Bloomberg BGN, exported by Charlie",estr_eonia_euribor6m_1y5y_bbg_2026-10-05.xlsx
2018-09-27,-0.242000,0.425400,-0.339000,0.273300,-0.424000,0.188300,"Bloomberg BGN, exported by Charlie",estr_eonia_euribor6m_1y5y_bbg_2026-10-05.xlsx
2018-09-28,-0.242300,0.392000,-0.339500,0.242500,-0.424500,0.157500,"Bloomberg BGN, exported by Charlie",estr_eonia_euribor6m_1y5y_bbg_2026-10-05.xlsx
2018-10-01,-0.241500,0.395850,-0.339000,0.239000,-0.424000,0.154000,"Bloomberg BGN, exported by Charlie",estr_eonia_euribor6m_1y5y_bbg_2026-10-05.xlsx
2018-10-02,-0.240600,0.370500,-0.342000,0.217000,-0.427000,0.132000,"Bloomberg BGN, exported by Charlie",estr_eonia_euribor6m_1y5y_bbg_2026-10-05.xlsx
2018-10-03,-0.242000,0.401500,-0.342000,0.250000,-0.427000,0.165000,"Bloomberg BGN, exported by Charlie",estr_eonia_euribor6m_1y5y_bbg_2026-10-05.xlsx
2018-10-04,-0.241500,0.439250,-0.342000,0.287000,-0.427000,0.202000,"Bloomberg BGN, exported by Charlie",estr_eonia_euribor6m_1y5y_bbg_2026-10-05.xlsx
2018-10-05,-0.239900,0.463250,-0.340300,0.304700,-0.425250,0.219700,"Bloomberg BGN, exported by Charlie",estr_eonia_euribor6m_1y5y_bbg_2026-10-05.xlsx
2018-10-08,-0.238900,0.443800,-0.339900,0.287000,-0.424900,0.202000,"Bloomberg BGN, exported by Charlie",estr_eonia_euribor6m_1y5y_bbg_2026-10-05.xlsx
2018-10-09,-0.239500,0.441500,-0.339900,0.286000,-0.424900,0.201000,"Bloomberg BGN, exported by Charlie",estr_eonia_euribor6m_1y5y_bbg_2026-10-05.xlsx
2018-10-10,-0.238050,0.451100,-0.335000,0.296000,-0.420000,0.211000,"Bloomberg BGN, exported by Charlie",estr_eonia_euribor6m_1y5y_bbg_2026-10-05.xlsx
2018-10-11,-0.237500,0.440350,-0.335200,0.285000,-0.420200,0.200000,"Bloomberg BGN, exported by Charlie",estr_eonia_euribor6m_1y5y_bbg_2026-10-05.xlsx
2018-10-12,-0.239000,0.421000,-0.337000,0.266000,-0.422000,0.181000,"Bloomberg BGN, exported by Charlie",estr_eonia_euribor6m_1y5y_bbg_2026-10-05.xlsx
2018-10-15,-0.239500,0.422000,-0.338000,0.267500,-0.423000,0.182500,"Bloomberg BGN, exported by Charlie",estr_eonia_euribor6m_1y5y_bbg_2026-10-05.xlsx
2018-10-16,-0.243300,0.404000,-0.340500,0.253000,-0.425500,0.168000,"Bloomberg BGN, exported by Charlie",estr_eonia_euribor6m_1y5y_bbg_2026-10-05.xlsx
2018-10-17,-0.244100,0.382080,-0.340000,0.239000,-0.425000,0.154000,"Bloomberg BGN, exported by Charlie",estr_eonia_euribor6m_1y5y_bbg_2026-10-05.xlsx
2018-10-18,-0.241300,0.369750,-0.337800,0.223000,-0.422800,0.138000,"Bloomberg BGN, exported by Charlie",estr_eonia_euribor6m_1y5y_bbg_2026-10-05.xlsx
2018-10-19,-0.241200,0.402750,-0.343800,0.246000,-0.428750,0.161000,"Bloomberg BGN, exported by Charlie",estr_eonia_euribor6m_1y5y_bbg_2026-10-05.xlsx
2018-10-22,-0.240400,0.386500,-0.342700,0.239000,-0.427700,0.154000,"Bloomberg BGN, exported by Charlie",estr_eonia_euribor6m_1y5y_bbg_2026-10-05.xlsx
2018-10-23,-0.235400,0.373950,-0.342300,0.220000,-0.427250,0.135000,"Bloomberg BGN, exported by Charlie",estr_eonia_euribor6m_1y5y_bbg_2026-10-05.xlsx
2018-10-24,-0.236500,0.358500,-0.343800,0.200000,-0.428750,0.115000,"Bloomberg BGN, exported by Charlie",estr_eonia_euribor6m_1y5y_bbg_2026-10-05.xlsx
2018-10-25,-0.237250,0.364800,-0.345000,0.205000,-0.430000,0.120000,"Bloomberg BGN, exported by Charlie",estr_eonia_euribor6m_1y5y_bbg_2026-10-05.xlsx
2018-10-26,-0.239000,0.336500,-0.344300,0.185000,-0.429250,0.100000,"Bloomberg BGN, exported by Charlie",estr_eonia_euribor6m_1y5y_bbg_2026-10-05.xlsx
2018-10-29,-0.239500,0.347800,-0.346600,0.189000,-0.431600,0.104000,"Bloomberg BGN, exported by Charlie",estr_eonia_euribor6m_1y5y_bbg_2026-10-05.xlsx
2018-10-30,-0.240500,0.341500,-0.347000,0.184000,-0.432000,0.099000,"Bloomberg BGN, exported by Charlie",estr_eonia_euribor6m_1y5y_bbg_2026-10-05.xlsx
2018-10-31,-0.239700,0.352500,-0.346000,0.194000,-0.431000,0.109000,"Bloomberg BGN, exported by Charlie",estr_eonia_euribor6m_1y5y_bbg_2026-10-05.xlsx
2018-11-01,-0.239000,0.358000,-0.346200,0.202500,-0.431200,0.117500,"Bloomberg BGN, exported by Charlie",estr_eonia_euribor6m_1y5y_bbg_2026-10-05.xlsx
2018-11-02,-0.240400,0.360000,-0.347000,0.210000,-0.432000,0.125000,"Bloomberg BGN, exported by Charlie",estr_eonia_euribor6m_1y5y_bbg_2026-10-05.xlsx
2018-11-05,-0.243000,0.360500,-0.348800,0.203000,-0.433750,0.118000,"Bloomberg BGN, exported by Charlie",estr_eonia_euribor6m_1y5y_bbg_2026-10-05.xlsx
2018-11-06,-0.243300,0.365000,-0.348100,0.211200,-0.433100,0.126200,"Bloomberg BGN, exported by Charlie",estr_eonia_euribor6m_1y5y_bbg_2026-10-05.xlsx
2018-11-07,-0.242000,0.372500,-0.347500,0.222000,-0.432500,0.137000,"Bloomberg BGN, exported by Charlie",estr_eonia_euribor6m_1y5y_bbg_2026-10-05.xlsx
2018-11-08,-0.239300,0.382000,-0.346000,0.227000,-0.431000,0.142000,"Bloomberg BGN, exported by Charlie",estr_eonia_euribor6m_1y5y_bbg_2026-10-05.xlsx
2018-11-09,-0.240000,0.360000,-0.346300,0.209500,-0.431250,0.124500,"Bloomberg BGN, exported by Charlie",estr_eonia_euribor6m_1y5y_bbg_2026-10-05.xlsx
2018-11-12,-0.239000,0.349000,-0.346700,0.197900,-0.431700,0.112900,"Bloomberg BGN, exported by Charlie",estr_eonia_euribor6m_1y5y_bbg_2026-10-05.xlsx
2018-11-13,-0.237500,0.354050,-0.346100,0.198000,-0.431100,0.113000,"Bloomberg BGN, exported by Charlie",estr_eonia_euribor6m_1y5y_bbg_2026-10-05.xlsx
2018-11-14,-0.237000,0.344000,-0.345700,0.191000,-0.430700,0.106000,"Bloomberg BGN, exported by Charlie",estr_eonia_euribor6m_1y5y_bbg_2026-10-05.xlsx
2018-11-15,-0.237750,0.324000,-0.347000,0.175000,-0.432000,0.090000,"Bloomberg BGN, exported by Charlie",estr_eonia_euribor6m_1y5y_bbg_2026-10-05.xlsx
2018-11-16,-0.237000,0.323300,-0.347000,0.171000,-0.432000,0.086000,"Bloomberg BGN, exported by Charlie",estr_eonia_euribor6m_1y5y_bbg_2026-10-05.xlsx
2018-11-19,-0.236000,0.322250,-0.346000,0.172000,-0.431000,0.087000,"Bloomberg BGN, exported by Charlie",estr_eonia_euribor6m_1y5y_bbg_2026-10-05.xlsx
2018-11-20,-0.239400,0.316700,-0.347000,0.165000,-0.432000,0.080000,"Bloomberg BGN, exported by Charlie",estr_eonia_euribor6m_1y5y_bbg_2026-10-05.xlsx
2018-11-21,-0.240000,0.316050,-0.348000,0.165000,-0.433000,0.079950,"Bloomberg BGN, exported by Charlie",estr_eonia_euribor6m_1y5y_bbg_2026-10-05.xlsx
2018-11-22,-0.240200,0.314950,-0.346000,0.167000,-0.431000,0.082000,"Bloomberg BGN, exported by Charlie",estr_eonia_euribor6m_1y5y_bbg_2026-10-05.xlsx
2018-11-23,-0.241950,0.300950,-0.347000,0.154000,-0.432000,0.069000,"Bloomberg BGN, exported by Charlie",estr_eonia_euribor6m_1y5y_bbg_2026-10-05.xlsx
2018-11-26,-0.242100,0.310000,-0.347000,0.161500,-0.432000,0.076500,"Bloomberg BGN, exported by Charlie",estr_eonia_euribor6m_1y5y_bbg_2026-10-05.xlsx
2018-11-27,-0.243300,0.298700,-0.348400,0.154000,-0.433400,0.069000,"Bloomberg BGN, exported by Charlie",estr_eonia_euribor6m_1y5y_bbg_2026-10-05.xlsx
2018-11-28,-0.243600,0.301950,-0.348900,0.156000,-0.433900,0.071000,"Bloomberg BGN, exported by Charlie",estr_eonia_euribor6m_1y5y_bbg_2026-10-05.xlsx
2018-11-29,-0.242700,0.279500,-0.350000,0.135000,-0.435000,0.050000,"Bloomberg BGN, exported by Charlie",estr_eonia_euribor6m_1y5y_bbg_2026-10-05.xlsx
2018-11-30,-0.240000,0.274500,-0.349600,0.128500,-0.434600,0.043500,"Bloomberg BGN, exported by Charlie",estr_eonia_euribor6m_1y5y_bbg_2026-10-05.xlsx
2018-12-03,-0.237200,0.273000,-0.351000,0.121000,-0.436000,0.036000,"Bloomberg BGN, exported by Charlie",estr_eonia_euribor6m_1y5y_bbg_2026-10-05.xlsx
2018-12-04,-0.235500,0.245500,-0.352000,0.096400,-0.437000,0.011350,"Bloomberg BGN, exported by Charlie",estr_eonia_euribor6m_1y5y_bbg_2026-10-05.xlsx
2018-12-05,-0.230550,0.270500,-0.349900,0.117800,-0.434900,0.032750,"Bloomberg BGN, exported by Charlie",estr_eonia_euribor6m_1y5y_bbg_2026-10-05.xlsx
2018-12-06,-0.229200,0.263250,-0.347100,0.110800,-0.432100,0.025750,"Bloomberg BGN, exported by Charlie",estr_eonia_euribor6m_1y5y_bbg_2026-10-05.xlsx
2018-12-07,-0.227900,0.262500,-0.346000,0.112000,-0.431000,0.027000,"Bloomberg BGN, exported by Charlie",estr_eonia_euribor6m_1y5y_bbg_2026-10-05.xlsx
2018-12-10,-0.227700,0.263150,-0.348600,0.117000,-0.433600,0.032000,"Bloomberg BGN, exported by Charlie",estr_eonia_euribor6m_1y5y_bbg_2026-10-05.xlsx
2018-12-11,-0.226000,0.261050,-0.348000,0.108800,-0.433000,0.023750,"Bloomberg BGN, exported by Charlie",estr_eonia_euribor6m_1y5y_bbg_2026-10-05.xlsx
2018-12-12,-0.224050,0.289450,-0.347500,0.141500,-0.432500,0.056450,"Bloomberg BGN, exported by Charlie",estr_eonia_euribor6m_1y5y_bbg_2026-10-05.xlsx
2018-12-13,-0.223650,0.277150,-0.348700,0.124000,-0.433700,0.039000,"Bloomberg BGN, exported by Charlie",estr_eonia_euribor6m_1y5y_bbg_2026-10-05.xlsx
2018-12-14,-0.223650,0.260000,-0.348100,0.112000,-0.433100,0.027000,"Bloomberg BGN, exported by Charlie",estr_eonia_euribor6m_1y5y_bbg_2026-10-05.xlsx
2018-12-17,-0.224600,0.263500,-0.349000,0.111000,-0.434000,0.026000,"Bloomberg BGN, exported by Charlie",estr_eonia_euribor6m_1y5y_bbg_2026-10-05.xlsx
2018-12-18,-0.227350,0.251850,-0.351000,0.101500,-0.436000,0.016450,"Bloomberg BGN, exported by Charlie",estr_eonia_euribor6m_1y5y_bbg_2026-10-05.xlsx
2018-12-19,-0.228400,0.239000,-0.351000,0.087000,-0.436000,0.002000,"Bloomberg BGN, exported by Charlie",estr_eonia_euribor6m_1y5y_bbg_2026-10-05.xlsx
2018-12-20,-0.230400,0.227500,-0.351000,0.081000,-0.436000,-0.004000,"Bloomberg BGN, exported by Charlie",estr_eonia_euribor6m_1y5y_bbg_2026-10-05.xlsx
2018-12-21,-0.231500,0.225950,-0.352000,0.077000,-0.437000,-0.008000,"Bloomberg BGN, exported by Charlie",estr_eonia_euribor6m_1y5y_bbg_2026-10-05.xlsx
2018-12-24,-0.232400,,-0.352000,0.077000,-0.437000,-0.008000,"Bloomberg BGN, exported by Charlie",estr_eonia_euribor6m_1y5y_bbg_2026-10-05.xlsx
2018-12-25,,,-0.352000,,,,"Bloomberg BGN, exported by Charlie",estr_eonia_euribor6m_1y5y_bbg_2026-10-05.xlsx
2018-12-26,,,,0.073000,,,"Bloomberg BGN, exported by Charlie",estr_eonia_euribor6m_1y5y_bbg_2026-10-05.xlsx
2018-12-27,-0.232900,0.205500,-0.352400,0.062000,-0.437400,-0.023000,"Bloomberg BGN, exported by Charlie",estr_eonia_euribor6m_1y5y_bbg_2026-10-05.xlsx
2018-12-28,-0.231000,0.197950,-0.351000,0.051000,-0.436000,-0.034000,"Bloomberg BGN, exported by Charlie",estr_eonia_euribor6m_1y5y_bbg_2026-10-05.xlsx
2018-12-31,-0.232250,,-0.353000,0.051000,-0.438000,-0.034000,"Bloomberg BGN, exported by Charlie",estr_eonia_euribor6m_1y5y_bbg_2026-10-05.xlsx
2019-01-01,,,,0.051000,-0.438000,,"Bloomberg BGN, exported by Charlie",estr_eonia_euribor6m_1y5y_bbg_2026-10-05.xlsx
2019-01-02,-0.232950,0.148950,-0.353800,0.038500,-0.438750,-0.046500,"Bloomberg BGN, exported by Charlie",estr_eonia_euribor6m_1y5y_bbg_2026-10-05.xlsx
2019-01-03,-0.229200,0.148000,-0.353000,0.001000,-0.438000,-0.084000,"Bloomberg BGN, exported by Charlie",estr_eonia_euribor6m_1y5y_bbg_2026-10-05.xlsx
2019-01-04,-0.226250,0.186150,-0.351900,0.035000,-0.436900,-0.050000,"Bloomberg BGN, exported by Charlie",estr_eonia_euribor6m_1y5y_bbg_2026-10-05.xlsx
2019-01-07,-0.224000,0.195000,-0.351600,0.045000,-0.436600,-0.040000,"Bloomberg BGN, exported by Charlie",estr_eonia_euribor6m_1y5y_bbg_2026-10-05.xlsx
2019-01-08,-0.219500,0.214200,-0.350700,0.063500,-0.435700,-0.021550,"Bloomberg BGN, exported by Charlie",estr_eonia_euribor6m_1y5y_bbg_2026-10-05.xlsx
2019-01-09,-0.219000,0.221950,-0.352000,0.068000,-0.437000,-0.017000,"Bloomberg BGN, exported by Charlie",estr_eonia_euribor6m_1y5y_bbg_2026-10-05.xlsx
2019-01-10,-0.220400,0.208750,-0.351000,0.054000,-0.436000,-0.031000,"Bloomberg BGN, exported by Charlie",estr_eonia_euribor6m_1y5y_bbg_2026-10-05.xlsx
2019-01-11,-0.220800,0.202050,-0.351700,0.048500,-0.436700,-0.036550,"Bloomberg BGN, exported by Charlie",estr_eonia_euribor6m_1y5y_bbg_2026-10-05.xlsx
2019-01-14,-0.224700,0.186100,-0.353000,0.034000,-0.438000,-0.051000,"Bloomberg BGN, exported by Charlie",estr_eonia_euribor6m_1y5y_bbg_2026-10-05.xlsx
2019-01-15,-0.226500,0.163500,-0.353900,0.012400,-0.438900,-0.072650,"Bloomberg BGN, exported by Charlie",estr_eonia_euribor6m_1y5y_bbg_2026-10-05.xlsx
2019-01-16,-0.224750,0.176500,-0.352000,0.018000,-0.437000,-0.067000,"Bloomberg BGN, exported by Charlie",estr_eonia_euribor6m_1y5y_bbg_2026-10-05.xlsx
2019-01-17,-0.224200,0.188000,-0.352700,0.030000,-0.437700,-0.055000,"Bloomberg BGN, exported by Charlie",estr_eonia_euribor6m_1y5y_bbg_2026-10-05.xlsx
2019-01-18,-0.221600,0.212000,-0.350500,0.052000,-0.435500,-0.033000,"Bloomberg BGN, exported by Charlie",estr_eonia_euribor6m_1y5y_bbg_2026-10-05.xlsx
2019-01-21,-0.221500,0.204750,-0.350600,0.049000,-0.435600,-0.036000,"Bloomberg BGN, exported by Charlie",estr_eonia_euribor6m_1y5y_bbg_2026-10-05.xlsx
2019-01-22,-0.222100,0.190800,-0.351000,0.027000,-0.436000,-0.058000,"Bloomberg BGN, exported by Charlie",estr_eonia_euribor6m_1y5y_bbg_2026-10-05.xlsx
2019-01-23,-0.221900,0.180500,-0.348500,0.026000,-0.433500,-0.059000,"Bloomberg BGN, exported by Charlie",estr_eonia_euribor6m_1y5y_bbg_2026-10-05.xlsx
2019-01-24,-0.221000,0.152000,-0.350500,-0.008000,-0.435500,-0.093000,"Bloomberg BGN, exported by Charlie",estr_eonia_euribor6m_1y5y_bbg_2026-10-05.xlsx
2019-01-25,-0.221000,0.175500,-0.348000,0.019000,-0.433000,-0.066000,"Bloomberg BGN, exported by Charlie",estr_eonia_euribor6m_1y5y_bbg_2026-10-05.xlsx
2019-01-28,-0.220500,0.172300,-0.348000,0.011000,-0.433000,-0.074000,"Bloomberg BGN, exported by Charlie",estr_eonia_euribor6m_1y5y_bbg_2026-10-05.xlsx
2019-01-29,-0.221000,0.160500,-0.349000,0.001000,-0.434000,-0.084000,"Bloomberg BGN, exported by Charlie",estr_eonia_euribor6m_1y5y_bbg_2026-10-05.xlsx
2019-01-30,-0.219800,0.157500,-0.347800,-0.003000,-0.432800,-0.088000,"Bloomberg BGN, exported by Charlie",estr_eonia_euribor6m_1y5y_bbg_2026-10-05.xlsx
2019-01-31,-0.223700,0.122750,-0.352000,-0.034000,-0.437000,-0.119000,"Bloomberg BGN, exported by Charlie",estr_eonia_euribor6m_1y5y_bbg_2026-10-05.xlsx
2019-02-01,-0.221000,0.149000,-0.349500,-0.005000,-0.434500,-0.090000,"Bloomberg BGN, exported by Charlie",estr_eonia_euribor6m_1y5y_bbg_2026-10-05.xlsx
2019-02-04,-0.219600,0.157500,-0.350000,-0.006000,-0.435000,-0.091000,"Bloomberg BGN, exported by Charlie",estr_eonia_euribor6m_1y5y_bbg_2026-10-05.xlsx
2019-02-05,-0.218000,0.154500,-0.347600,-0.007000,-0.432600,-0.092000,"Bloomberg BGN, exported by Charlie",estr_eonia_euribor6m_1y5y_bbg_2026-10-05.xlsx
2019-02-06,-0.215250,0.150700,-0.345600,-0.011000,-0.430600,-0.096000,"Bloomberg BGN, exported by Charlie",estr_eonia_euribor6m_1y5y_bbg_2026-10-05.xlsx
2019-02-07,-0.213200,0.122250,-0.348000,-0.044100,-0.433000,-0.129100,"Bloomberg BGN, exported by Charlie",estr_eonia_euribor6m_1y5y_bbg_2026-10-05.xlsx
2019-02-08,-0.215000,0.103000,-0.349000,-0.061000,-0.434000,-0.146000,"Bloomberg BGN, exported by Charlie",estr_eonia_euribor6m_1y5y_bbg_2026-10-05.xlsx
2019-02-11,-0.214100,0.118800,-0.349000,-0.046000,-0.434000,-0.131000,"Bloomberg BGN, exported by Charlie",estr_eonia_euribor6m_1y5y_bbg_2026-10-05.xlsx
2019-02-12,-0.216700,0.125550,-0.349000,-0.037300,-0.434000,-0.122300,"Bloomberg BGN, exported by Charlie",estr_eonia_euribor6m_1y5y_bbg_2026-10-05.xlsx
2019-02-13,-0.215800,0.130500,-0.348400,-0.031000,-0.433400,-0.116000,"Bloomberg BGN, exported by Charlie",estr_eonia_euribor6m_1y5y_bbg_2026-10-05.xlsx
2019-02-14,-0.215000,0.132000,-0.347900,-0.032000,-0.432900,-0.117000,"Bloomberg BGN, exported by Charlie",estr_eonia_euribor6m_1y5y_bbg_2026-10-05.xlsx
2019-02-15,-0.216500,0.132000,-0.349000,-0.030000,-0.434000,-0.115000,"Bloomberg BGN, exported by Charlie",estr_eonia_euribor6m_1y5y_bbg_2026-10-05.xlsx
2019-02-18,-0.219300,0.128500,-0.348000,-0.028000,-0.433000,-0.113000,"Bloomberg BGN, exported by Charlie",estr_eonia_euribor6m_1y5y_bbg_2026-10-05.xlsx
2019-02-19,-0.224000,0.121500,-0.350000,-0.033000,-0.435000,-0.118000,"Bloomberg BGN, exported by Charlie",estr_eonia_euribor6m_1y5y_bbg_2026-10-05.xlsx
2019-02-20,-0.221250,0.110000,-0.348000,-0.047400,-0.433000,-0.132400,"Bloomberg BGN, exported by Charlie",estr_eonia_euribor6m_1y5y_bbg_2026-10-05.xlsx
2019-02-21,-0.219000,0.137500,-0.347000,-0.022000,-0.432000,-0.107000,"Bloomberg BGN, exported by Charlie",estr_eonia_euribor6m_1y5y_bbg_2026-10-05.xlsx
2019-02-22,-0.217000,0.113750,-0.346300,-0.046000,-0.431250,-0.131000,"Bloomberg BGN, exported by Charlie",estr_eonia_euribor6m_1y5y_bbg_2026-10-05.xlsx
2019-02-25,-0.216350,0.123500,-0.346000,-0.035000,-0.431000,-0.120000,"Bloomberg BGN, exported by Charlie",estr_eonia_euribor6m_1y5y_bbg_2026-10-05.xlsx
2019-02-26,-0.213700,0.125700,-0.344000,-0.037000,-0.429000,-0.122000,"Bloomberg BGN, exported by Charlie",estr_eonia_euribor6m_1y5y_bbg_2026-10-05.xlsx
2019-02-27,-0.213250,0.151850,-0.342000,-0.010000,-0.427000,-0.095000,"Bloomberg BGN, exported by Charlie",estr_eonia_euribor6m_1y5y_bbg_2026-10-05.xlsx
2019-02-28,-0.210050,0.169450,-0.340000,0.006000,-0.425000,-0.079000,"Bloomberg BGN, exported by Charlie",estr_eonia_euribor6m_1y5y_bbg_2026-10-05.xlsx
2019-03-01,-0.211000,0.172200,-0.341000,0.010000,-0.426000,-0.075000,"Bloomberg BGN, exported by Charlie",estr_eonia_euribor6m_1y5y_bbg_2026-10-05.xlsx
2019-03-04,-0.211000,0.160750,-0.342100,-0.002900,-0.427100,-0.087900,"Bloomberg BGN, exported by Charlie",estr_eonia_euribor6m_1y5y_bbg_2026-10-05.xlsx
2019-03-05,-0.214500,0.157000,-0.344300,-0.002000,-0.429250,-0.087000,"Bloomberg BGN, exported by Charlie",estr_eonia_euribor6m_1y5y_bbg_2026-10-05.xlsx
2019-03-06,-0.219300,0.125950,-0.347800,-0.035500,-0.432750,-0.120500,"Bloomberg BGN, exported by Charlie",estr_eonia_euribor6m_1y5y_bbg_2026-10-05.xlsx
2019-03-07,-0.226700,0.076200,-0.353000,-0.079000,-0.438000,-0.164000,"Bloomberg BGN, exported by Charlie",estr_eonia_euribor6m_1y5y_bbg_2026-10-05.xlsx
2019-03-08,-0.227500,0.080000,-0.351400,-0.079000,-0.436400,-0.164000,"Bloomberg BGN, exported by Charlie",estr_eonia_euribor6m_1y5y_bbg_2026-10-05.xlsx
2019-03-11,-0.225750,0.086350,-0.351000,-0.069000,-0.436000,-0.154000,"Bloomberg BGN, exported by Charlie",estr_eonia_euribor6m_1y5y_bbg_2026-10-05.xlsx
2019-03-12,-0.224800,0.082700,-0.353000,-0.079000,-0.438000,-0.164000,"Bloomberg BGN, exported by Charlie",estr_eonia_euribor6m_1y5y_bbg_2026-10-05.xlsx
2019-03-13,-0.224800,0.086000,-0.353000,-0.076000,-0.438000,-0.161000,"Bloomberg BGN, exported by Charlie",estr_eonia_euribor6m_1y5y_bbg_2026-10-05.xlsx
2019-03-14,-0.225000,0.099000,-0.353000,-0.065000,-0.438000,-0.150000,"Bloomberg BGN, exported by Charlie",estr_eonia_euribor6m_1y5y_bbg_2026-10-05.xlsx
2019-03-15,-0.224500,0.093200,-0.352500,-0.068000,-0.437500,-0.153000,"Bloomberg BGN, exported by Charlie",estr_eonia_euribor6m_1y5y_bbg_2026-10-05.xlsx
2019-03-18,-0.223100,0.087250,-0.351000,-0.077000,-0.436000,-0.162000,"Bloomberg BGN, exported by Charlie",estr_eonia_euribor6m_1y5y_bbg_2026-10-05.xlsx
2019-03-19,-0.223000,0.098250,-0.351800,-0.069000,-0.436750,-0.154000,"Bloomberg BGN, exported by Charlie",estr_eonia_euribor6m_1y5y_bbg_2026-10-05.xlsx
2019-03-20,-0.221600,0.091900,-0.352300,-0.079000,-0.437250,-0.164000,"Bloomberg BGN, exported by Charlie",estr_eonia_euribor6m_1y5y_bbg_2026-10-05.xlsx
2019-03-21,-0.221000,0.073850,-0.352000,-0.088600,-0.437000,-0.173550,"Bloomberg BGN, exported by Charlie",estr_eonia_euribor6m_1y5y_bbg_2026-10-05.xlsx
2019-03-22,-0.221500,0.048000,-0.353300,-0.112000,-0.438250,-0.197000,"Bloomberg BGN, exported by Charlie",estr_eonia_euribor6m_1y5y_bbg_2026-10-05.xlsx
2019-03-25,-0.221800,0.042000,-0.353800,-0.127000,-0.438800,-0.212000,"Bloomberg BGN, exported by Charlie",estr_eonia_euribor6m_1y5y_bbg_2026-10-05.xlsx
2019-03-26,-0.221000,0.055400,-0.354800,-0.113600,-0.439750,-0.198600,"Bloomberg BGN, exported by Charlie",estr_eonia_euribor6m_1y5y_bbg_2026-10-05.xlsx
2019-03-27,-0.232500,-0.010050,-0.366800,-0.175000,-0.451750,-0.260000,"Bloomberg BGN, exported by Charlie",estr_eonia_euribor6m_1y5y_bbg_2026-10-05.xlsx
2019-03-28,-0.230700,0.011000,-0.364500,-0.154000,-0.449500,-0.239000,"Bloomberg BGN, exported by Charlie",estr_eonia_euribor6m_1y5y_bbg_2026-10-05.xlsx
2019-03-29,-0.229700,0.013600,-0.367500,-0.159000,-0.452500,-0.244000,"Bloomberg BGN, exported by Charlie",estr_eonia_euribor6m_1y5y_bbg_2026-10-05.xlsx
2019-04-01,-0.231600,0.029500,-0.370500,-0.143000,-0.455500,-0.228000,"Bloomberg BGN, exported by Charlie",estr_eonia_euribor6m_1y5y_bbg_2026-10-05.xlsx
2019-04-02,-0.234600,0.016500,-0.372000,-0.151800,-0.457000,-0.236800,"Bloomberg BGN, exported by Charlie",estr_eonia_euribor6m_1y5y_bbg_2026-10-05.xlsx
2019-04-03,-0.233200,0.049000,-0.372100,-0.127500,-0.457100,-0.212500,"Bloomberg BGN, exported by Charlie",estr_eonia_euribor6m_1y5y_bbg_2026-10-05.xlsx
2019-04-04,-0.233750,0.039500,-0.373500,-0.136000,-0.458500,-0.221000,"Bloomberg BGN, exported by Charlie",estr_eonia_euribor6m_1y5y_bbg_2026-10-05.xlsx
2019-04-05,-0.234050,0.041000,-0.372800,-0.130000,-0.457800,-0.215000,"Bloomberg BGN, exported by Charlie",estr_eonia_euribor6m_1y5y_bbg_2026-10-05.xlsx
2019-04-08,-0.234300,0.041160,-0.374000,-0.129600,-0.459000,-0.214600,"Bloomberg BGN, exported by Charlie",estr_eonia_euribor6m_1y5y_bbg_2026-10-05.xlsx
2019-04-09,-0.234000,0.032400,-0.372000,-0.138000,-0.457000,-0.223000,"Bloomberg BGN, exported by Charlie",estr_eonia_euribor6m_1y5y_bbg_2026-10-05.xlsx
2019-04-10,-0.239250,0.001250,-0.377000,-0.171000,-0.462000,-0.256000,"Bloomberg BGN, exported by Charlie",estr_eonia_euribor6m_1y5y_bbg_2026-10-05.xlsx
2019-04-11,-0.237300,0.016750,-0.374800,-0.156000,-0.459750,-0.241000,"Bloomberg BGN, exported by Charlie",estr_eonia_euribor6m_1y5y_bbg_2026-10-05.xlsx
2019-04-12,-0.233500,0.055250,-0.369000,-0.118000,-0.454000,-0.203000,"Bloomberg BGN, exported by Charlie",estr_eonia_euribor6m_1y5y_bbg_2026-10-05.xlsx
2019-04-15,-0.232750,0.058500,-0.369800,-0.114000,-0.454800,-0.199000,"Bloomberg BGN, exported by Charlie",estr_eonia_euribor6m_1y5y_bbg_2026-10-05.xlsx
2019-04-16,-0.234250,0.061500,-0.369000,-0.105000,-0.454000,-0.190000,"Bloomberg BGN, exported by Charlie",estr_eonia_euribor6m_1y5y_bbg_2026-10-05.xlsx
2019-04-17,-0.234000,0.074250,-0.369000,-0.095500,-0.454000,-0.180450,"Bloomberg BGN, exported by Charlie",estr_eonia_euribor6m_1y5y_bbg_2026-10-05.xlsx
2019-04-18,-0.234000,0.040000,-0.370000,-0.130000,-0.455000,-0.215000,"Bloomberg BGN, exported by Charlie",estr_eonia_euribor6m_1y5y_bbg_2026-10-05.xlsx
2019-04-19,,,,,-0.455000,,"Bloomberg BGN, exported by Charlie",estr_eonia_euribor6m_1y5y_bbg_2026-10-05.xlsx
2019-04-22,,,,,-0.455000,,"Bloomberg BGN, exported by Charlie",estr_eonia_euribor6m_1y5y_bbg_2026-10-05.xlsx
2019-04-23,-0.233000,0.051050,-0.368000,-0.120000,-0.453000,-0.205000,"Bloomberg BGN, exported by Charlie",estr_eonia_euribor6m_1y5y_bbg_2026-10-05.xlsx
2019-04-24,-0.234000,0.019000,-0.370000,-0.154000,-0.455000,-0.239000,"Bloomberg BGN, exported by Charlie",estr_eonia_euribor6m_1y5y_bbg_2026-10-05.xlsx
2019-04-25,-0.231000,0.029000,-0.367000,-0.144000,-0.452000,-0.229000,"Bloomberg BGN, exported by Charlie",estr_eonia_euribor6m_1y5y_bbg_2026-10-05.xlsx
2019-04-26,-0.229900,0.025000,-0.368700,-0.152000,-0.453700,-0.237000,"Bloomberg BGN, exported by Charlie",estr_eonia_euribor6m_1y5y_bbg_2026-10-05.xlsx
2019-04-29,-0.230750,0.033500,-0.368000,-0.139000,-0.453000,-0.224000,"Bloomberg BGN, exported by Charlie",estr_eonia_euribor6m_1y5y_bbg_2026-10-05.xlsx
2019-04-30,-0.230750,0.038250,-0.367200,-0.141000,-0.452200,-0.226000,"Bloomberg BGN, exported by Charlie",estr_eonia_euribor6m_1y5y_bbg_2026-10-05.xlsx
2019-05-01,,,,-0.141300,-0.452200,,"Bloomberg BGN, exported by Charlie",estr_eonia_euribor6m_1y5y_bbg_2026-10-05.xlsx
2019-05-02,-0.232100,0.041500,-0.368000,-0.131000,-0.453000,-0.216000,"Bloomberg BGN, exported by Charlie",estr_eonia_euribor6m_1y5y_bbg_2026-10-05.xlsx
2019-05-03,-0.233000,0.043000,-0.369900,-0.135000,-0.454900,-0.220000,"Bloomberg BGN, exported by Charlie",estr_eonia_euribor6m_1y5y_bbg_2026-10-05.xlsx
2019-05-06,-0.233700,0.031900,-0.370000,-0.151000,-0.455000,-0.236000,"Bloomberg BGN, exported by Charlie",estr_eonia_euribor6m_1y5y_bbg_2026-10-05.xlsx
2019-05-07,-0.233750,0.003750,-0.371000,-0.173000,-0.456000,-0.258000,"Bloomberg BGN, exported by Charlie",estr_eonia_euribor6m_1y5y_bbg_2026-10-05.xlsx
2019-05-08,-0.234800,0.008740,-0.371500,-0.165000,-0.456500,-0.250000,"Bloomberg BGN, exported by Charlie",estr_eonia_euribor6m_1y5y_bbg_2026-10-05.xlsx
2019-05-09,-0.236200,0.011000,-0.375700,-0.168000,-0.460700,-0.253000,"Bloomberg BGN, exported by Charlie",estr_eonia_euribor6m_1y5y_bbg_2026-10-05.xlsx
2019-05-10,-0.235500,0.007250,-0.374000,-0.169000,-0.459000,-0.254000,"Bloomberg BGN, exported by Charlie",estr_eonia_euribor6m_1y5y_bbg_2026-10-05.xlsx
2019-05-13,-0.238500,-0.007250,-0.377000,-0.183000,-0.462000,-0.268000,"Bloomberg BGN, exported by Charlie",estr_eonia_euribor6m_1y5y_bbg_2026-10-05.xlsx
2019-05-14,-0.242590,-0.016250,-0.380000,-0.192000,-0.465000,-0.277000,"Bloomberg BGN, exported by Charlie",estr_eonia_euribor6m_1y5y_bbg_2026-10-05.xlsx
2019-05-15,-0.249000,-0.031000,-0.384000,-0.204000,-0.469000,-0.289000,"Bloomberg BGN, exported by Charlie",estr_eonia_euribor6m_1y5y_bbg_2026-10-05.xlsx
2019-05-16,-0.252000,-0.020000,-0.385000,-0.194000,-0.470000,-0.279000,"Bloomberg BGN, exported by Charlie",estr_eonia_euribor6m_1y5y_bbg_2026-10-05.xlsx
2019-05-17,-0.258700,-0.033500,-0.388000,-0.201000,-0.473000,-0.286000,"Bloomberg BGN, exported by Charlie",estr_eonia_euribor6m_1y5y_bbg_2026-10-05.xlsx
2019-05-20,-0.261500,-0.028000,-0.390000,-0.194000,-0.475000,-0.279000,"Bloomberg BGN, exported by Charlie",estr_eonia_euribor6m_1y5y_bbg_2026-10-05.xlsx
2019-05-21,-0.262500,-0.023000,-0.385000,-0.190000,-0.470000,-0.275000,"Bloomberg BGN, exported by Charlie",estr_eonia_euribor6m_1y5y_bbg_2026-10-05.xlsx
2019-05-22,-0.261000,-0.040750,-0.385000,-0.204000,-0.470000,-0.289000,"Bloomberg BGN, exported by Charlie",estr_eonia_euribor6m_1y5y_bbg_2026-10-05.xlsx
2019-05-23,-0.262000,-0.055250,-0.386000,-0.220000,-0.471000,-0.305000,"Bloomberg BGN, exported by Charlie",estr_eonia_euribor6m_1y5y_bbg_2026-10-05.xlsx
2019-05-24,-0.261600,-0.047050,-0.388000,-0.210800,-0.473000,-0.295750,"Bloomberg BGN, exported by Charlie",estr_eonia_euribor6m_1y5y_bbg_2026-10-05.xlsx
2019-05-27,-0.261000,-0.055950,-0.386000,-0.223000,-0.471000,-0.308000,"Bloomberg BGN, exported by Charlie",estr_eonia_euribor6m_1y5y_bbg_2026-10-05.xlsx
2019-05-28,-0.263700,-0.069000,-0.391000,-0.232000,-0.476000,-0.317000,"Bloomberg BGN, exported by Charlie",estr_eonia_euribor6m_1y5y_bbg_2026-10-05.xlsx
2019-05-29,-0.267200,-0.080550,-0.393000,-0.242000,-0.478000,-0.327000,"Bloomberg BGN, exported by Charlie",estr_eonia_euribor6m_1y5y_bbg_2026-10-05.xlsx
2019-05-30,-0.270500,-0.082000,-0.393000,-0.243500,-0.478000,-0.328500,"Bloomberg BGN, exported by Charlie",estr_eonia_euribor6m_1y5y_bbg_2026-10-05.xlsx
2019-05-31,-0.277400,-0.096000,-0.401000,-0.257000,-0.486000,-0.342000,"Bloomberg BGN, exported by Charlie",estr_eonia_euribor6m_1y5y_bbg_2026-10-05.xlsx
2019-06-03,-0.278250,-0.100550,-0.400000,-0.264000,-0.485000,-0.349000,"Bloomberg BGN, exported by Charlie",estr_eonia_euribor6m_1y5y_bbg_2026-10-05.xlsx
2019-06-04,-0.280000,-0.107050,-0.405000,-0.269000,-0.490000,-0.354000,"Bloomberg BGN, exported by Charlie",estr_eonia_euribor6m_1y5y_bbg_2026-10-05.xlsx
2019-06-05,-0.288500,-0.146350,-0.415000,-0.305000,-0.500000,-0.390000,"Bloomberg BGN, exported by Charlie",estr_eonia_euribor6m_1y5y_bbg_2026-10-05.xlsx
2019-06-06,-0.282500,-0.134050,-0.402300,-0.290000,-0.487250,-0.375000,"Bloomberg BGN, exported by Charlie",estr_eonia_euribor6m_1y5y_bbg_2026-10-05.xlsx
2019-06-07,-0.289500,-0.154000,-0.414000,-0.310000,-0.499000,-0.395000,"Bloomberg BGN, exported by Charlie",estr_eonia_euribor6m_1y5y_bbg_2026-10-05.xlsx
2019-06-10,-0.289900,-0.140650,-0.411700,-0.294000,-0.496700,-0.379000,"Bloomberg BGN, exported by Charlie",estr_eonia_euribor6m_1y5y_bbg_2026-10-05.xlsx
2019-06-11,-0.290000,-0.148750,-0.412300,-0.303000,-0.497300,-0.388000,"Bloomberg BGN, exported by Charlie",estr_eonia_euribor6m_1y5y_bbg_2026-10-05.xlsx
2019-06-12,-0.294750,-0.154500,-0.418500,-0.306000,-0.503500,-0.391000,"Bloomberg BGN, exported by Charlie",estr_eonia_euribor6m_1y5y_bbg_2026-10-05.xlsx
2019-06-13,-0.297500,-0.158150,-0.422100,-0.312900,-0.507100,-0.397900,"Bloomberg BGN, exported by Charlie",estr_eonia_euribor6m_1y5y_bbg_2026-10-05.xlsx
2019-06-14,-0.304500,-0.167230,-0.432000,-0.324000,-0.517000,-0.409000,"Bloomberg BGN, exported by Charlie",estr_eonia_euribor6m_1y5y_bbg_2026-10-05.xlsx
2019-06-17,-0.304500,-0.161000,-0.428500,-0.318500,-0.513500,-0.403500,"Bloomberg BGN, exported by Charlie",estr_eonia_euribor6m_1y5y_bbg_2026-10-05.xlsx
2019-06-18,-0.344200,-0.230550,-0.481300,-0.387000,-0.566250,-0.472000,"Bloomberg BGN, exported by Charlie",estr_eonia_euribor6m_1y5y_bbg_2026-10-05.xlsx
2019-06-19,-0.349000,-0.202550,-0.475000,-0.359000,-0.560000,-0.444000,"Bloomberg BGN, exported by Charlie",estr_eonia_euribor6m_1y5y_bbg_2026-10-05.xlsx
2019-06-20,-0.356100,-0.214000,-0.485000,-0.371000,-0.570000,-0.456000,"Bloomberg BGN, exported by Charlie",estr_eonia_euribor6m_1y5y_bbg_2026-10-05.xlsx
2019-06-21,-0.349750,-0.187000,-0.474000,-0.346000,-0.559000,-0.431000,"Bloomberg BGN, exported by Charlie",estr_eonia_euribor6m_1y5y_bbg_2026-10-05.xlsx
2019-06-24,-0.355400,-0.206000,-0.481100,-0.362500,-0.566100,-0.447500,"Bloomberg BGN, exported by Charlie",estr_eonia_euribor6m_1y5y_bbg_2026-10-05.xlsx
2019-06-25,-0.359000,-0.219000,-0.485000,-0.375000,-0.570000,-0.460000,"Bloomberg BGN, exported by Charlie",estr_eonia_euribor6m_1y5y_bbg_2026-10-05.xlsx
2019-06-26,-0.357500,-0.201500,-0.480000,-0.361500,-0.565000,-0.446500,"Bloomberg BGN, exported by Charlie",estr_eonia_euribor6m_1y5y_bbg_2026-10-05.xlsx
2019-06-27,-0.361000,-0.219550,-0.484100,-0.382000,-0.569100,-0.467000,"Bloomberg BGN, exported by Charlie",estr_eonia_euribor6m_1y5y_bbg_2026-10-05.xlsx
2019-06-28,-0.363000,-0.229500,-0.488000,-0.391000,-0.573000,-0.476000,"Bloomberg BGN, exported by Charlie",estr_eonia_euribor6m_1y5y_bbg_2026-10-05.xlsx
2019-07-01,-0.371000,-0.252250,-0.494800,-0.411500,-0.579750,-0.496500,"Bloomberg BGN, exported by Charlie",estr_eonia_euribor6m_1y5y_bbg_2026-10-05.xlsx
2019-07-02,-0.383200,-0.263550,-0.505800,-0.425000,-0.590750,-0.510000,"Bloomberg BGN, exported by Charlie",estr_eonia_euribor6m_1y5y_bbg_2026-10-05.xlsx
2019-07-03,-0.389000,-0.276000,-0.510000,-0.433000,-0.595000,-0.518000,"Bloomberg BGN, exported by Charlie",estr_eonia_euribor6m_1y5y_bbg_2026-10-05.xlsx
2019-07-04,-0.391050,-0.289700,-0.509000,-0.444300,-0.594000,-0.529300,"Bloomberg BGN, exported by Charlie",estr_eonia_euribor6m_1y5y_bbg_2026-10-05.xlsx
2019-07-05,-0.388500,-0.268500,-0.500000,-0.425000,-0.585000,-0.510000,"Bloomberg BGN, exported by Charlie",estr_eonia_euribor6m_1y5y_bbg_2026-10-05.xlsx
2019-07-08,-0.387000,-0.265700,-0.500000,-0.420000,-0.585000,-0.505000,"Bloomberg BGN, exported by Charlie",estr_eonia_euribor6m_1y5y_bbg_2026-10-05.xlsx
2019-07-09,-0.381050,-0.244250,-0.491000,-0.400400,-0.576000,-0.485400,"Bloomberg BGN, exported by Charlie",estr_eonia_euribor6m_1y5y_bbg_2026-10-05.xlsx
2019-07-10,-0.383300,-0.224950,-0.502000,-0.380000,-0.587000,-0.465000,"Bloomberg BGN, exported by Charlie",estr_eonia_euribor6m_1y5y_bbg_2026-10-05.xlsx
2019-07-11,-0.387050,-0.201000,-0.492800,-0.351000,-0.577750,-0.436000,"Bloomberg BGN, exported by Charlie",estr_eonia_euribor6m_1y5y_bbg_2026-10-05.xlsx
2019-07-12,-0.387750,-0.200000,-0.498000,-0.354000,-0.583000,-0.439000,"Bloomberg BGN, exported by Charlie",estr_eonia_euribor6m_1y5y_bbg_2026-10-05.xlsx
2019-07-15,-0.393650,-0.226000,-0.509000,-0.381800,-0.594000,-0.466750,"Bloomberg BGN, exported by Charlie",estr_eonia_euribor6m_1y5y_bbg_2026-10-05.xlsx
2019-07-16,-0.403000,-0.241000,-0.515000,-0.400000,-0.600000,-0.485000,"Bloomberg BGN, exported by Charlie",estr_eonia_euribor6m_1y5y_bbg_2026-10-05.xlsx
2019-07-17,-0.410000,-0.267750,-0.522400,-0.428000,-0.607400,-0.513000,"Bloomberg BGN, exported by Charlie",estr_eonia_euribor6m_1y5y_bbg_2026-10-05.xlsx
2019-07-18,-0.409250,-0.280500,-0.559500,-0.443000,-0.644500,-0.528000,"Bloomberg BGN, exported by Charlie",estr_eonia_euribor6m_1y5y_bbg_2026-10-05.xlsx
2019-07-19,-0.416750,-0.298000,-0.536000,-0.463000,-0.621000,-0.548000,"Bloomberg BGN, exported by Charlie",estr_eonia_euribor6m_1y5y_bbg_2026-10-05.xlsx
2019-07-22,-0.421050,-0.305000,-0.537000,-0.469500,-0.622000,-0.554500,"Bloomberg BGN, exported by Charlie",estr_eonia_euribor6m_1y5y_bbg_2026-10-05.xlsx
2019-07-23,-0.423050,-0.310050,-0.538500,-0.469500,-0.623500,-0.554500,"Bloomberg BGN, exported by Charlie",estr_eonia_euribor6m_1y5y_bbg_2026-10-05.xlsx
2019-07-24,-0.427900,-0.319000,-0.543000,-0.486000,-0.628000,-0.571000,"Bloomberg BGN, exported by Charlie",estr_eonia_euribor6m_1y5y_bbg_2026-10-05.xlsx
2019-07-25,-0.428200,-0.320000,-0.540000,-0.491000,-0.625000,-0.576000,"Bloomberg BGN, exported by Charlie",estr_eonia_euribor6m_1y5y_bbg_2026-10-05.xlsx
2019-07-26,-0.417050,-0.312300,-0.529000,-0.475800,-0.614000,-0.560800,"Bloomberg BGN, exported by Charlie",estr_eonia_euribor6m_1y5y_bbg_2026-10-05.xlsx
2019-07-29,-0.412000,-0.316650,-0.529000,-0.479700,-0.614000,-0.564700,"Bloomberg BGN, exported by Charlie",estr_eonia_euribor6m_1y5y_bbg_2026-10-05.xlsx
2019-07-30,-0.410050,-0.314500,-0.525100,-0.477000,-0.610100,-0.562000,"Bloomberg BGN, exported by Charlie",estr_eonia_euribor6m_1y5y_bbg_2026-10-05.xlsx
2019-07-31,-0.420900,-0.343500,-0.530000,-0.507000,-0.615000,-0.592000,"Bloomberg BGN, exported by Charlie",estr_eonia_euribor6m_1y5y_bbg_2026-10-05.xlsx
2019-08-01,-0.421000,-0.353000,-0.551000,-0.509800,-0.636000,-0.594800,"Bloomberg BGN, exported by Charlie",estr_eonia_euribor6m_1y5y_bbg_2026-10-05.xlsx
2019-08-02,-0.429850,-0.376250,-0.551000,-0.532000,-0.636000,-0.617000,"Bloomberg BGN, exported by Charlie",estr_eonia_euribor6m_1y5y_bbg_2026-10-05.xlsx
2019-08-05,-0.433000,-0.389750,-0.563000,-0.557000,-0.648000,-0.642000,"Bloomberg BGN, exported by Charlie",estr_eonia_euribor6m_1y5y_bbg_2026-10-05.xlsx
2019-08-06,-0.445000,-0.400000,-0.561000,-0.559000,-0.646000,-0.644000,"Bloomberg BGN, exported by Charlie",estr_eonia_euribor6m_1y5y_bbg_2026-10-05.xlsx
2019-08-07,-0.458300,-0.435200,-0.574000,-0.597000,-0.659000,-0.682000,"Bloomberg BGN, exported by Charlie",estr_eonia_euribor6m_1y5y_bbg_2026-10-05.xlsx
2019-08-08,-0.460500,-0.422500,-0.579000,-0.587000,-0.664000,-0.672000,"Bloomberg BGN, exported by Charlie",estr_eonia_euribor6m_1y5y_bbg_2026-10-05.xlsx
2019-08-09,-0.467000,-0.438000,-0.584000,-0.598000,-0.669000,-0.683000,"Bloomberg BGN, exported by Charlie",estr_eonia_euribor6m_1y5y_bbg_2026-10-05.xlsx
2019-08-12,-0.469000,-0.438000,-0.587000,-0.604000,-0.672000,-0.689000,"Bloomberg BGN, exported by Charlie",estr_eonia_euribor6m_1y5y_bbg_2026-10-05.xlsx
2019-08-13,-0.468000,-0.443500,-0.586800,-0.611200,-0.671800,-0.696200,"Bloomberg BGN, exported by Charlie",estr_eonia_euribor6m_1y5y_bbg_2026-10-05.xlsx
2019-08-14,-0.473000,-0.474500,-0.590000,-0.642500,-0.675000,-0.727500,"Bloomberg BGN, exported by Charlie",estr_eonia_euribor6m_1y5y_bbg_2026-10-05.xlsx
2019-08-15,-0.505000,-0.552480,-0.636300,-0.720000,-0.721300,-0.805000,"Bloomberg BGN, exported by Charlie",estr_eonia_euribor6m_1y5y_bbg_2026-10-05.xlsx
2019-08-16,-0.511000,-0.548350,-0.634000,-0.720000,-0.719000,-0.805000,"Bloomberg BGN, exported by Charlie",estr_eonia_euribor6m_1y5y_bbg_2026-10-05.xlsx
2019-08-19,-0.498500,-0.508000,-0.616500,-0.679000,-0.701500,-0.764000,"Bloomberg BGN, exported by Charlie",estr_eonia_euribor6m_1y5y_bbg_2026-10-05.xlsx
2019-08-20,-0.505050,-0.524000,-0.625000,-0.701000,-0.710000,-0.786000,"Bloomberg BGN, exported by Charlie",estr_eonia_euribor6m_1y5y_bbg_2026-10-05.xlsx
2019-08-21,-0.487000,-0.485000,-0.597000,-0.666000,-0.682000,-0.751000,"Bloomberg BGN, exported by Charlie",estr_eonia_euribor6m_1y5y_bbg_2026-10-05.xlsx
2019-08-22,-0.467100,-0.453000,-0.582000,-0.628000,-0.667000,-0.713000,"Bloomberg BGN, exported by Charlie",estr_eonia_euribor6m_1y5y_bbg_2026-10-05.xlsx
2019-08-23,-0.476000,-0.479300,-0.601000,-0.654500,-0.686000,-0.739500,"Bloomberg BGN, exported by Charlie",estr_eonia_euribor6m_1y5y_bbg_2026-10-05.xlsx
2019-08-26,-0.479000,-0.478900,-0.597000,-0.653500,-0.682000,-0.738500,"Bloomberg BGN, exported by Charlie",estr_eonia_euribor6m_1y5y_bbg_2026-10-05.xlsx
2019-08-27,-0.483250,-0.510500,-0.609000,-0.690000,-0.694000,-0.775000,"Bloomberg BGN, exported by Charlie",estr_eonia_euribor6m_1y5y_bbg_2026-10-05.xlsx
2019-08-28,-0.490000,-0.520000,-0.605000,-0.706000,-0.690000,-0.791000,"Bloomberg BGN, exported by Charlie",estr_eonia_euribor6m_1y5y_bbg_2026-10-05.xlsx
2019-08-29,-0.493400,-0.525000,-0.618000,-0.707000,-0.703000,-0.792000,"Bloomberg BGN, exported by Charlie",estr_eonia_euribor6m_1y5y_bbg_2026-10-05.xlsx
2019-08-30,-0.497000,-0.527000,-0.622000,-0.704000,-0.707000,-0.789000,"Bloomberg BGN, exported by Charlie",estr_eonia_euribor6m_1y5y_bbg_2026-10-05.xlsx
2019-09-02,-0.511700,-0.534000,-0.633000,-0.711300,-0.718000,-0.796300,"Bloomberg BGN, exported by Charlie",estr_eonia_euribor6m_1y5y_bbg_2026-10-05.xlsx
2019-09-03,-0.513300,-0.529000,-0.630000,-0.711000,-0.715000,-0.796000,"Bloomberg BGN, exported by Charlie",estr_eonia_euribor6m_1y5y_bbg_2026-10-05.xlsx
2019-09-04,-0.504500,-0.510000,-0.626000,-0.697000,-0.711000,-0.782000,"Bloomberg BGN, exported by Charlie",estr_eonia_euribor6m_1y5y_bbg_2026-10-05.xlsx
2019-09-05,-0.484300,-0.470000,-0.604000,-0.648000,-0.689000,-0.733000,"Bloomberg BGN, exported by Charlie",estr_eonia_euribor6m_1y5y_bbg_2026-10-05.xlsx
2019-09-06,-0.480500,-0.490800,-0.606000,-0.659300,-0.691000,-0.744300,"Bloomberg BGN, exported by Charlie",estr_eonia_euribor6m_1y5y_bbg_2026-10-05.xlsx
2019-09-09,-0.475600,-0.468000,-0.605700,-0.637700,-0.690700,-0.722700,"Bloomberg BGN, exported by Charlie",estr_eonia_euribor6m_1y5y_bbg_2026-10-05.xlsx
2019-09-10,-0.472900,-0.449300,-0.600000,-0.618000,-0.685000,-0.703000,"Bloomberg BGN, exported by Charlie",estr_eonia_euribor6m_1y5y_bbg_2026-10-05.xlsx
2019-09-11,-0.470000,-0.445700,-0.598000,-0.611000,-0.683000,-0.696000,"Bloomberg BGN, exported by Charlie",estr_eonia_euribor6m_1y5y_bbg_2026-10-05.xlsx
2019-09-12,-0.426500,-0.375200,-0.522000,-0.535000,-0.607000,-0.620000,"Bloomberg BGN, exported by Charlie",estr_eonia_euribor6m_1y5y_bbg_2026-10-05.xlsx
2019-09-13,-0.409000,-0.336250,-0.514000,-0.499000,-0.599000,-0.584000,"Bloomberg BGN, exported by Charlie",estr_eonia_euribor6m_1y5y_bbg_2026-10-05.xlsx
2019-09-16,-0.400800,-0.356450,-0.515000,-0.525200,-0.600000,-0.610200,"Bloomberg BGN, exported by Charlie",estr_eonia_euribor6m_1y5y_bbg_2026-10-05.xlsx
2019-09-17,-0.404000,-0.363000,-0.522000,-0.531000,-0.607000,-0.616000,"Bloomberg BGN, exported by Charlie",estr_eonia_euribor6m_1y5y_bbg_2026-10-05.xlsx
2019-09-18,-0.408000,-0.383000,-0.517800,-0.550000,-0.602750,-0.635000,"Bloomberg BGN, exported by Charlie",estr_eonia_euribor6m_1y5y_bbg_2026-10-05.xlsx
2019-09-19,-0.402000,-0.372750,-0.518000,-0.542000,-0.603000,-0.627000,"Bloomberg BGN, exported by Charlie",estr_eonia_euribor6m_1y5y_bbg_2026-10-05.xlsx
2019-09-20,-0.391500,-0.372500,-0.512000,-0.537000,-0.597000,-0.622000,"Bloomberg BGN, exported by Charlie",estr_eonia_euribor6m_1y5y_bbg_2026-10-05.xlsx
2019-09-23,-0.408000,-0.411300,-0.531000,-0.576000,-0.616000,-0.661000,"Bloomberg BGN, exported by Charlie",estr_eonia_euribor6m_1y5y_bbg_2026-10-05.xlsx
2019-09-24,-0.415000,-0.426300,-0.536000,-0.595000,-0.621000,-0.680000,"Bloomberg BGN, exported by Charlie",estr_eonia_euribor6m_1y5y_bbg_2026-10-05.xlsx
2019-09-25,-0.412500,-0.399000,-0.531500,-0.572000,-0.616500,-0.657000,"Bloomberg BGN, exported by Charlie",estr_eonia_euribor6m_1y5y_bbg_2026-10-05.xlsx
2019-09-26,-0.419500,-0.403000,-0.539000,-0.570000,-0.624000,-0.655000,"Bloomberg BGN, exported by Charlie",estr_eonia_euribor6m_1y5y_bbg_2026-10-05.xlsx
2019-09-27,-0.421500,-0.408500,-0.541000,-0.576000,-0.626000,-0.661000,"Bloomberg BGN, exported by Charlie",estr_eonia_euribor6m_1y5y_bbg_2026-10-05.xlsx
2019-09-30,-0.424650,-0.407500,-0.540900,-0.573000,-0.625900,-0.658000,"Bloomberg BGN, exported by Charlie",estr_eonia_euribor6m_1y5y_bbg_2026-10-05.xlsx
2019-10-01,-0.427500,-0.408200,-0.545000,-0.565000,-0.630000,-0.650000,"Bloomberg BGN, exported by Charlie",estr_eonia_euribor6m_1y5y_bbg_2026-10-05.xlsx
2019-10-02,-0.431000,-0.406500,-0.551000,-0.571700,-0.636000,-0.656700,"Bloomberg BGN, exported by Charlie",estr_eonia_euribor6m_1y5y_bbg_2026-10-05.xlsx
2019-10-03,-0.438000,-0.426800,-0.557000,-0.592000,-0.643000,,"Bloomberg BGN, exported by Charlie",estr_eonia_euribor6m_1y5y_bbg_2026-10-05.xlsx
2019-10-04,-0.441500,-0.427000,-0.559000,-0.596000,-0.645000,,"Bloomberg BGN, exported by Charlie",estr_eonia_euribor6m_1y5y_bbg_2026-10-05.xlsx
2019-10-07,-0.439200,-0.417250,-0.558000,-0.585000,-0.643000,,"Bloomberg BGN, exported by Charlie",estr_eonia_euribor6m_1y5y_bbg_2026-10-05.xlsx
2019-10-08,-0.442250,-0.425000,-0.560000,-0.588000,-0.646000,,"Bloomberg BGN, exported by Charlie",estr_eonia_euribor6m_1y5y_bbg_2026-10-05.xlsx
2019-10-09,-0.428600,-0.387000,-0.544000,-0.549000,-0.629000,,"Bloomberg BGN, exported by Charlie",estr_eonia_euribor6m_1y5y_bbg_2026-10-05.xlsx
2019-10-10,-0.409500,-0.346000,-0.525000,-0.509000,-0.610000,,"Bloomberg BGN, exported by Charlie",estr_eonia_euribor6m_1y5y_bbg_2026-10-05.xlsx
2019-10-11,-0.396500,-0.327000,-0.516000,-0.486000,-0.601000,-0.569000,"Bloomberg BGN, exported by Charlie",estr_eonia_euribor6m_1y5y_bbg_2026-10-05.xlsx
2019-10-14,-0.391050,-0.328750,-0.515600,-0.492000,-0.601000,-0.573500,"Bloomberg BGN, exported by Charlie",estr_eonia_euribor6m_1y5y_bbg_2026-10-05.xlsx
2019-10-15,-0.385200,-0.299700,-0.504000,-0.459000,-0.590000,-0.546000,"Bloomberg BGN, exported by Charlie",estr_eonia_euribor6m_1y5y_bbg_2026-10-05.xlsx
2019-10-16,-0.376150,-0.284000,-0.499000,-0.445500,-0.583000,-0.530000,"Bloomberg BGN, exported by Charlie",estr_eonia_euribor6m_1y5y_bbg_2026-10-05.xlsx
2019-10-17,-0.373500,-0.285900,-0.501000,-0.448000,-0.585000,-0.534000,"Bloomberg BGN, exported by Charlie",estr_eonia_euribor6m_1y5y_bbg_2026-10-05.xlsx
2019-10-18,-0.370250,-0.265000,-0.492000,-0.420000,-0.577000,-0.510000,"Bloomberg BGN, exported by Charlie",estr_eonia_euribor6m_1y5y_bbg_2026-10-05.xlsx
2019-10-21,-0.365700,-0.247000,-0.489000,-0.406000,-0.573000,-0.493000,"Bloomberg BGN, exported by Charlie",estr_eonia_euribor6m_1y5y_bbg_2026-10-05.xlsx
2019-10-22,-0.364500,-0.252650,-0.487900,-0.418000,-0.573000,-0.500000,"Bloomberg BGN, exported by Charlie",estr_eonia_euribor6m_1y5y_bbg_2026-10-05.xlsx
2019-10-23,-0.366000,-0.274950,-0.490000,-0.437000,-0.573000,-0.521000,"Bloomberg BGN, exported by Charlie",estr_eonia_euribor6m_1y5y_bbg_2026-10-05.xlsx
2019-10-24,-0.365050,-0.274500,-0.486000,-0.435000,-0.571000,-0.522000,"Bloomberg BGN, exported by Charlie",estr_eonia_euribor6m_1y5y_bbg_2026-10-05.xlsx
2019-10-25,-0.361000,-0.244000,-0.482000,-0.408000,-0.567000,-0.491000,"Bloomberg BGN, exported by Charlie",estr_eonia_euribor6m_1y5y_bbg_2026-10-05.xlsx
2019-10-28,-0.358500,-0.226950,-0.478000,-0.385000,-0.565000,-0.473000,"Bloomberg BGN, exported by Charlie",estr_eonia_euribor6m_1y5y_bbg_2026-10-05.xlsx
2019-10-29,-0.354000,-0.230500,-0.478000,-0.393600,-0.562000,-0.477500,"Bloomberg BGN, exported by Charlie",estr_eonia_euribor6m_1y5y_bbg_2026-10-05.xlsx
2019-10-30,-0.353250,-0.228400,-0.485000,-0.395000,-0.564000,-0.478000,"Bloomberg BGN, exported by Charlie",estr_eonia_euribor6m_1y5y_bbg_2026-10-05.xlsx
2019-10-31,-0.361000,-0.261650,-0.493000,-0.432000,-0.578500,-0.517600,"Bloomberg BGN, exported by Charlie",estr_eonia_euribor6m_1y5y_bbg_2026-10-05.xlsx
2019-11-01,-0.363000,-0.254000,-0.490000,-0.425000,-0.574000,-0.512000,"Bloomberg BGN, exported by Charlie",estr_eonia_euribor6m_1y5y_bbg_2026-10-05.xlsx
2019-11-04,-0.360050,-0.243000,-0.492000,-0.413000,-0.575500,-0.498400,"Bloomberg BGN, exported by Charlie",estr_eonia_euribor6m_1y5y_bbg_2026-10-05.xlsx
2019-11-05,-0.354050,-0.224500,-0.480000,-0.398000,-0.565000,-0.481000,"Bloomberg BGN, exported by Charlie",estr_eonia_euribor6m_1y5y_bbg_2026-10-05.xlsx
2019-11-06,-0.352400,-0.235750,-0.482000,-0.409000,-0.567000,-0.495000,"Bloomberg BGN, exported by Charlie",estr_eonia_euribor6m_1y5y_bbg_2026-10-05.xlsx
2019-11-07,-0.339000,-0.167400,-0.469000,-0.338000,-0.553000,-0.423000,"Bloomberg BGN, exported by Charlie",estr_eonia_euribor6m_1y5y_bbg_2026-10-05.xlsx
2019-11-08,-0.334000,-0.179500,-0.470000,-0.356000,-0.553000,-0.440000,"Bloomberg BGN, exported by Charlie",estr_eonia_euribor6m_1y5y_bbg_2026-10-05.xlsx
2019-11-11,-0.339900,-0.178000,-0.471000,-0.356000,-0.556000,-0.443000,"Bloomberg BGN, exported by Charlie",estr_eonia_euribor6m_1y5y_bbg_2026-10-05.xlsx
2019-11-12,-0.340750,-0.192000,-0.475000,-0.365800,-0.559000,-0.452550,"Bloomberg BGN, exported by Charlie",estr_eonia_euribor6m_1y5y_bbg_2026-10-05.xlsx
2019-11-13,-0.346050,-0.212150,-0.476000,-0.388000,-0.561000,-0.474000,"Bloomberg BGN, exported by Charlie",estr_eonia_euribor6m_1y5y_bbg_2026-10-05.xlsx
2019-11-14,-0.341500,-0.233850,-0.475000,-0.413000,-0.560400,-0.497000,"Bloomberg BGN, exported by Charlie",estr_eonia_euribor6m_1y5y_bbg_2026-10-05.xlsx
2019-11-15,-0.341600,-0.225000,-0.474500,-0.405000,-0.559000,-0.489000,"Bloomberg BGN, exported by Charlie",estr_eonia_euribor6m_1y5y_bbg_2026-10-05.xlsx
2019-11-18,-0.340100,-0.220500,-0.470000,-0.396000,-0.555000,-0.481150,"Bloomberg BGN, exported by Charlie",estr_eonia_euribor6m_1y5y_bbg_2026-10-05.xlsx
2019-11-19,-0.341500,-0.222850,-0.473000,-0.399000,-0.556900,-0.483000,"Bloomberg BGN, exported by Charlie",estr_eonia_euribor6m_1y5y_bbg_2026-10-05.xlsx
2019-11-20,-0.346700,-0.225000,-0.480000,-0.406000,-0.565000,-0.485750,"Bloomberg BGN, exported by Charlie",estr_eonia_euribor6m_1y5y_bbg_2026-10-05.xlsx
2019-11-21,-0.343500,-0.206500,-0.474000,-0.376000,-0.558000,-0.464000,"Bloomberg BGN, exported by Charlie",estr_eonia_euribor6m_1y5y_bbg_2026-10-05.xlsx
2019-11-22,-0.346000,-0.227800,-0.479500,-0.401000,-0.564100,-0.486000,"Bloomberg BGN, exported by Charlie",estr_eonia_euribor6m_1y5y_bbg_2026-10-05.xlsx
2019-11-25,-0.345800,-0.224000,-0.477000,-0.398500,-0.563000,-0.481450,"Bloomberg BGN, exported by Charlie",estr_eonia_euribor6m_1y5y_bbg_2026-10-05.xlsx
2019-11-26,-0.346050,-0.237000,-0.475000,-0.408000,-0.560000,-0.493000,"Bloomberg BGN, exported by Charlie",estr_eonia_euribor6m_1y5y_bbg_2026-10-05.xlsx
2019-11-27,-0.348750,-0.240000,-0.475000,-0.412500,-0.559500,-0.497000,"Bloomberg BGN, exported by Charlie",estr_eonia_euribor6m_1y5y_bbg_2026-10-05.xlsx
2019-11-28,-0.351500,-0.235000,-0.474000,-0.408000,-0.558400,-0.493000,"Bloomberg BGN, exported by Charlie",estr_eonia_euribor6m_1y5y_bbg_2026-10-05.xlsx
2019-11-29,-0.345500,-0.228900,-0.470000,-0.399000,-0.556000,-0.485400,"Bloomberg BGN, exported by Charlie",estr_eonia_euribor6m_1y5y_bbg_2026-10-05.xlsx
2019-12-02,-0.343300,-0.183250,-0.465100,-0.357000,-0.553000,-0.440000,"Bloomberg BGN, exported by Charlie",estr_eonia_euribor6m_1y5y_bbg_2026-10-05.xlsx
2019-12-03,-0.343000,-0.230600,-0.473000,-0.402000,-0.557500,-0.487300,"Bloomberg BGN, exported by Charlie",estr_eonia_euribor6m_1y5y_bbg_2026-10-05.xlsx
2019-12-04,-0.344000,-0.210000,-0.473000,-0.383500,-0.557000,-0.466000,"Bloomberg BGN, exported by Charlie",estr_eonia_euribor6m_1y5y_bbg_2026-10-05.xlsx
2019-12-05,-0.341000,-0.190000,-0.469000,-0.361000,-0.554000,-0.446000,"Bloomberg BGN, exported by Charlie",estr_eonia_euribor6m_1y5y_bbg_2026-10-05.xlsx
2019-12-06,-0.339500,-0.181800,-0.469000,-0.354000,-0.555000,-0.439000,"Bloomberg BGN, exported by Charlie",estr_eonia_euribor6m_1y5y_bbg_2026-10-05.xlsx
2019-12-09,-0.342300,-0.197000,-0.474000,-0.367000,-0.558000,-0.452000,"Bloomberg BGN, exported by Charlie",estr_eonia_euribor6m_1y5y_bbg_2026-10-05.xlsx
2019-12-10,-0.342800,-0.194000,-0.472000,-0.366000,-0.557500,-0.450000,"Bloomberg BGN, exported by Charlie",estr_eonia_euribor6m_1y5y_bbg_2026-10-05.xlsx
2019-12-11,-0.343900,-0.211000,-0.472000,-0.381200,-0.557000,-0.466400,"Bloomberg BGN, exported by Charlie",estr_eonia_euribor6m_1y5y_bbg_2026-10-05.xlsx
2019-12-12,-0.339500,-0.185500,-0.467000,-0.356000,-0.553000,-0.440000,"Bloomberg BGN, exported by Charlie",estr_eonia_euribor6m_1y5y_bbg_2026-10-05.xlsx
2019-12-13,-0.337750,-0.195250,-0.464000,-0.362700,-0.548000,-0.447450,"Bloomberg BGN, exported by Charlie",estr_eonia_euribor6m_1y5y_bbg_2026-10-05.xlsx
2019-12-16,-0.339050,-0.184000,-0.463800,-0.353000,-0.548000,-0.437800,"Bloomberg BGN, exported by Charlie",estr_eonia_euribor6m_1y5y_bbg_2026-10-05.xlsx
2019-12-17,-0.339750,-0.187000,-0.463000,-0.357000,-0.547000,-0.441000,"Bloomberg BGN, exported by Charlie",estr_eonia_euribor6m_1y5y_bbg_2026-10-05.xlsx
2019-12-18,-0.343000,-0.160550,-0.459000,-0.328000,-0.542700,-0.412200,"Bloomberg BGN, exported by Charlie",estr_eonia_euribor6m_1y5y_bbg_2026-10-05.xlsx
2019-12-19,-0.338750,-0.156200,-0.456300,-0.326000,-0.541500,-0.412000,"Bloomberg BGN, exported by Charlie",estr_eonia_euribor6m_1y5y_bbg_2026-10-05.xlsx
2019-12-20,-0.330450,-0.158750,-0.455000,-0.328000,-0.539000,-0.413000,"Bloomberg BGN, exported by Charlie",estr_eonia_euribor6m_1y5y_bbg_2026-10-05.xlsx
2019-12-23,-0.334000,-0.150000,-0.454000,-0.314000,-0.538500,-0.401000,"Bloomberg BGN, exported by Charlie",estr_eonia_euribor6m_1y5y_bbg_2026-10-05.xlsx
2019-12-24,-0.326200,,-0.447000,,-0.534000,,"Bloomberg BGN, exported by Charlie",estr_eonia_euribor6m_1y5y_bbg_2026-10-05.xlsx
2019-12-27,-0.324750,-0.152500,-0.448000,-0.322300,-0.535500,-0.407000,"Bloomberg BGN, exported by Charlie",estr_eonia_euribor6m_1y5y_bbg_2026-10-05.xlsx
2019-12-30,-0.322250,-0.110500,-0.447000,-0.281000,-0.531500,-0.366000,"Bloomberg BGN, exported by Charlie",estr_eonia_euribor6m_1y5y_bbg_2026-10-05.xlsx
2019-12-31,-0.321200,,-0.446000,,-0.529500,,"Bloomberg BGN, exported by Charlie",estr_eonia_euribor6m_1y5y_bbg_2026-10-05.xlsx
2020-01-02,-0.322050,-0.146000,-0.448000,-0.313000,-0.533500,-0.397600,"Bloomberg BGN, exported by Charlie",estr_eonia_euribor6m_1y5y_bbg_2026-10-05.xlsx
2020-01-03,-0.328050,-0.181000,-0.458800,-0.350000,-0.541000,-0.433000,"Bloomberg BGN, exported by Charlie",estr_eonia_euribor6m_1y5y_bbg_2026-10-05.xlsx
2020-01-06,-0.331100,-0.189900,-0.459000,-0.358500,-0.543500,-0.443200,"Bloomberg BGN, exported by Charlie",estr_eonia_euribor6m_1y5y_bbg_2026-10-05.xlsx
2020-01-07,-0.332050,-0.196550,-0.464000,-0.364000,-0.545000,-0.450350,"Bloomberg BGN, exported by Charlie",estr_eonia_euribor6m_1y5y_bbg_2026-10-05.xlsx
2020-01-08,-0.334800,-0.166400,-0.458000,-0.336000,-0.543000,-0.419000,"Bloomberg BGN, exported by Charlie",estr_eonia_euribor6m_1y5y_bbg_2026-10-05.xlsx
2020-01-09,-0.331250,-0.147350,-0.453000,-0.314000,-0.537500,-0.399200,"Bloomberg BGN, exported by Charlie",estr_eonia_euribor6m_1y5y_bbg_2026-10-05.xlsx
2020-01-10,-0.332000,-0.150500,-0.451700,-0.316000,-0.529000,-0.401000,"Bloomberg BGN, exported by Charlie",estr_eonia_euribor6m_1y5y_bbg_2026-10-05.xlsx
2020-01-13,-0.325000,-0.128600,-0.450700,-0.294600,-0.535000,-0.380000,"Bloomberg BGN, exported by Charlie",estr_eonia_euribor6m_1y5y_bbg_2026-10-05.xlsx
2020-01-14,-0.328500,-0.129000,-0.450000,-0.292000,-0.533500,-0.377000,"Bloomberg BGN, exported by Charlie",estr_eonia_euribor6m_1y5y_bbg_2026-10-05.xlsx
2020-01-15,-0.332050,-0.143000,-0.450000,-0.306000,-0.535000,-0.389700,"Bloomberg BGN, exported by Charlie",estr_eonia_euribor6m_1y5y_bbg_2026-10-05.xlsx
2020-01-16,-0.330100,-0.158100,-0.450000,-0.321000,-0.536000,-0.406500,"Bloomberg BGN, exported by Charlie",estr_eonia_euribor6m_1y5y_bbg_2026-10-05.xlsx
2020-01-17,-0.331500,-0.158000,-0.450700,-0.316000,-0.532000,-0.402000,"Bloomberg BGN, exported by Charlie",estr_eonia_euribor6m_1y5y_bbg_2026-10-05.xlsx
2020-01-20,-0.332400,-0.159000,-0.450000,-0.319000,-0.535000,-0.405000,"Bloomberg BGN, exported by Charlie",estr_eonia_euribor6m_1y5y_bbg_2026-10-05.xlsx
2020-01-21,-0.331050,-0.172000,-0.448000,-0.333500,-0.533500,-0.417900,"Bloomberg BGN, exported by Charlie",estr_eonia_euribor6m_1y5y_bbg_2026-10-05.xlsx
2020-01-22,-0.328000,-0.179500,-0.447700,-0.341000,-0.532300,-0.427000,"Bloomberg BGN, exported by Charlie",estr_eonia_euribor6m_1y5y_bbg_2026-10-05.xlsx
2020-01-23,-0.327000,-0.208200,-0.452000,-0.367500,-0.536000,-0.454300,"Bloomberg BGN, exported by Charlie",estr_eonia_euribor6m_1y5y_bbg_2026-10-05.xlsx
2020-01-24,-0.332000,-0.226000,-0.456000,-0.389000,-0.539000,-0.474000,"Bloomberg BGN, exported by Charlie",estr_eonia_euribor6m_1y5y_bbg_2026-10-05.xlsx
2020-01-27,-0.345250,-0.264000,-0.466000,-0.427000,-0.551500,-0.510700,"Bloomberg BGN, exported by Charlie",estr_eonia_euribor6m_1y5y_bbg_2026-10-05.xlsx
2020-01-28,-0.349000,-0.237500,-0.469000,-0.403000,-0.553800,-0.485000,"Bloomberg BGN, exported by Charlie",estr_eonia_euribor6m_1y5y_bbg_2026-10-05.xlsx
2020-01-29,-0.354050,-0.254000,-0.474000,-0.415300,-0.558000,-0.498900,"Bloomberg BGN, exported by Charlie",estr_eonia_euribor6m_1y5y_bbg_2026-10-05.xlsx
2020-01-30,-0.362050,-0.277000,-0.482000,-0.434000,-0.568000,-0.518400,"Bloomberg BGN, exported by Charlie",estr_eonia_euribor6m_1y5y_bbg_2026-10-05.xlsx
2020-01-31,-0.366050,-0.298000,-0.487300,-0.455000,-0.572000,-0.541000,"Bloomberg BGN, exported by Charlie",estr_eonia_euribor6m_1y5y_bbg_2026-10-05.xlsx
2020-02-03,-0.366050,-0.301000,-0.488000,-0.459000,-0.573000,-0.542000,"Bloomberg BGN, exported by Charlie",estr_eonia_euribor6m_1y5y_bbg_2026-10-05.xlsx
2020-02-04,-0.360000,-0.271200,-0.479000,-0.427000,-0.565000,-0.512000,"Bloomberg BGN, exported by Charlie",estr_eonia_euribor6m_1y5y_bbg_2026-10-05.xlsx
2020-02-05,-0.359700,-0.246000,-0.476000,-0.406000,-0.560000,-0.488200,"Bloomberg BGN, exported by Charlie",estr_eonia_euribor6m_1y5y_bbg_2026-10-05.xlsx
2020-02-06,-0.358000,-0.253000,-0.476000,-0.407500,-0.560500,-0.493000,"Bloomberg BGN, exported by Charlie",estr_eonia_euribor6m_1y5y_bbg_2026-10-05.xlsx
2020-02-07,-0.359000,-0.264000,-0.479000,-0.422000,-0.564000,-0.505000,"Bloomberg BGN, exported by Charlie",estr_eonia_euribor6m_1y5y_bbg_2026-10-05.xlsx
2020-02-10,-0.364000,-0.287000,-0.481000,-0.443000,-0.565500,-0.529000,"Bloomberg BGN, exported by Charlie",estr_eonia_euribor6m_1y5y_bbg_2026-10-05.xlsx
2020-02-11,-0.369900,-0.277700,-0.488000,-0.428000,-0.573000,-0.514750,"Bloomberg BGN, exported by Charlie",estr_eonia_euribor6m_1y5y_bbg_2026-10-05.xlsx
2020-02-12,-0.375800,-0.274000,-0.484000,-0.423500,-0.569100,-0.508500,"Bloomberg BGN, exported by Charlie",estr_eonia_euribor6m_1y5y_bbg_2026-10-05.xlsx
2020-02-13,-0.376000,-0.285000,-0.488200,-0.435000,-0.575000,-0.519000,"Bloomberg BGN, exported by Charlie",estr_eonia_euribor6m_1y5y_bbg_2026-10-05.xlsx
2020-02-14,-0.380500,-0.298000,-0.492000,-0.444000,-0.576000,-0.530400,"Bloomberg BGN, exported by Charlie",estr_eonia_euribor6m_1y5y_bbg_2026-10-05.xlsx
2020-02-17,-0.378500,-0.300050,-0.490000,-0.446000,-0.576100,-0.531000,"Bloomberg BGN, exported by Charlie",estr_eonia_euribor6m_1y5y_bbg_2026-10-05.xlsx
2020-02-18,-0.381000,-0.304500,-0.491000,-0.451500,-0.576000,-0.536500,"Bloomberg BGN, exported by Charlie",estr_eonia_euribor6m_1y5y_bbg_2026-10-05.xlsx
2020-02-19,-0.375050,-0.311100,-0.488000,-0.458000,-0.573000,-0.544000,"Bloomberg BGN, exported by Charlie",estr_eonia_euribor6m_1y5y_bbg_2026-10-05.xlsx
2020-02-20,-0.376500,-0.317000,-0.488000,-0.462000,-0.572500,-0.547000,"Bloomberg BGN, exported by Charlie",estr_eonia_euribor6m_1y5y_bbg_2026-10-05.xlsx
2020-02-21,-0.374600,-0.304220,-0.486000,-0.456500,-0.570500,-0.540500,"Bloomberg BGN, exported by Charlie",estr_eonia_euribor6m_1y5y_bbg_2026-10-05.xlsx
2020-02-24,-0.383300,-0.336500,-0.501000,-0.484000,-0.585000,-0.569000,"Bloomberg BGN, exported by Charlie",estr_eonia_euribor6m_1y5y_bbg_2026-10-05.xlsx
2020-02-25,-0.390050,-0.348250,-0.517000,-0.506000,-0.603000,-0.591800,"Bloomberg BGN, exported by Charlie",estr_eonia_euribor6m_1y5y_bbg_2026-10-05.xlsx
2020-02-26,-0.401000,-0.341500,-0.523000,-0.498000,-0.608000,-0.583000,"Bloomberg BGN, exported by Charlie",estr_eonia_euribor6m_1y5y_bbg_2026-10-05.xlsx
2020-02-27,-0.401050,-0.348500,-0.530000,-0.507000,-0.611000,-0.594000,"Bloomberg BGN, exported by Charlie",estr_eonia_euribor6m_1y5y_bbg_2026-10-05.xlsx
2020-02-28,-0.419000,-0.371500,-0.576000,-0.543000,-0.642000,-0.628000,"Bloomberg BGN, exported by Charlie",estr_eonia_euribor6m_1y5y_bbg_2026-10-05.xlsx
2020-03-02,-0.451500,-0.405500,-0.605000,-0.580000,-0.688000,-0.666000,"Bloomberg BGN, exported by Charlie",estr_eonia_euribor6m_1y5y_bbg_2026-10-05.xlsx
2020-03-03,-0.466500,-0.413700,-0.613000,-0.582500,-0.696000,-0.662500,"Bloomberg BGN, exported by Charlie",estr_eonia_euribor6m_1y5y_bbg_2026-10-05.xlsx
2020-03-04,-0.471000,-0.428000,-0.608700,-0.599000,-0.699000,-0.685000,"Bloomberg BGN, exported by Charlie",estr_eonia_euribor6m_1y5y_bbg_2026-10-05.xlsx
2020-03-05,-0.460500,-0.428100,-0.604300,-0.610500,-0.669000,-0.692000,"Bloomberg BGN, exported by Charlie",estr_eonia_euribor6m_1y5y_bbg_2026-10-05.xlsx
2020-03-06,-0.455500,-0.424000,-0.611000,-0.612000,-0.698000,-0.697000,"Bloomberg BGN, exported by Charlie",estr_eonia_euribor6m_1y5y_bbg_2026-10-05.xlsx
2020-03-09,-0.472900,-0.453000,-0.671000,-0.675000,-0.757000,-0.758000,"Bloomberg BGN, exported by Charlie",estr_eonia_euribor6m_1y5y_bbg_2026-10-05.xlsx
2020-03-10,-0.473500,-0.404800,-0.636000,-0.618100,-0.716000,-0.680000,"Bloomberg BGN, exported by Charlie",estr_eonia_euribor6m_1y5y_bbg_2026-10-05.xlsx
2020-03-11,-0.488000,-0.422500,-0.661700,-0.607500,-0.753000,-0.690000,"Bloomberg BGN, exported by Charlie",estr_eonia_euribor6m_1y5y_bbg_2026-10-05.xlsx
2020-03-12,-0.457500,-0.372000,-0.593000,-0.554000,-0.677000,-0.632000,"Bloomberg BGN, exported by Charlie",estr_eonia_euribor6m_1y5y_bbg_2026-10-05.xlsx
2020-03-13,-0.401500,-0.272300,-0.560000,-0.484500,-0.647000,-0.539400,"Bloomberg BGN, exported by Charlie",estr_eonia_euribor6m_1y5y_bbg_2026-10-05.xlsx
2020-03-16,-0.394200,-0.254000,-0.582000,-0.459000,-0.668000,-0.537000,"Bloomberg BGN, exported by Charlie",estr_eonia_euribor6m_1y5y_bbg_2026-10-05.xlsx
2020-03-17,-0.393000,-0.248000,-0.572000,-0.443000,-0.658000,-0.542000,"Bloomberg BGN, exported by Charlie",estr_eonia_euribor6m_1y5y_bbg_2026-10-05.xlsx
2020-03-18,-0.360000,-0.126750,-0.540000,-0.318500,-0.623000,-0.405000,"Bloomberg BGN, exported by Charlie",estr_eonia_euribor6m_1y5y_bbg_2026-10-05.xlsx
2020-03-19,-0.329500,-0.089500,-0.525000,-0.343000,-0.603500,-0.411000,"Bloomberg BGN, exported by Charlie",estr_eonia_euribor6m_1y5y_bbg_2026-10-05.xlsx
2020-03-20,-0.317750,-0.153750,-0.536000,-0.354500,-0.624500,-0.469100,"Bloomberg BGN, exported by Charlie",estr_eonia_euribor6m_1y5y_bbg_2026-10-05.xlsx
2020-03-23,-0.319800,-0.164000,-0.532000,-0.405000,-0.627000,-0.484000,"Bloomberg BGN, exported by Charlie",estr_eonia_euribor6m_1y5y_bbg_2026-10-05.xlsx
2020-03-24,-0.311000,-0.146000,-0.518200,-0.367000,-0.600000,-0.447000,"Bloomberg BGN, exported by Charlie",estr_eonia_euribor6m_1y5y_bbg_2026-10-05.xlsx
2020-03-25,-0.295000,-0.109000,-0.494000,-0.327000,-0.584000,-0.409000,"Bloomberg BGN, exported by Charlie",estr_eonia_euribor6m_1y5y_bbg_2026-10-05.xlsx
2020-03-26,-0.300250,-0.178750,-0.506000,-0.389000,-0.601000,-0.470000,"Bloomberg BGN, exported by Charlie",estr_eonia_euribor6m_1y5y_bbg_2026-10-05.xlsx
2020-03-27,-0.314700,-0.233000,-0.512000,-0.432500,-0.608000,-0.515000,"Bloomberg BGN, exported by Charlie",estr_eonia_euribor6m_1y5y_bbg_2026-10-05.xlsx
2020-03-30,-0.314000,-0.244750,-0.508000,-0.447000,-0.607000,-0.530750,"Bloomberg BGN, exported by Charlie",estr_eonia_euribor6m_1y5y_bbg_2026-10-05.xlsx
2020-03-31,-0.317250,-0.234500,-0.497000,-0.423700,-0.590000,-0.507500,"Bloomberg BGN, exported by Charlie",estr_eonia_euribor6m_1y5y_bbg_2026-10-05.xlsx
2020-04-01,-0.304000,-0.235500,-0.488800,-0.427500,-0.575000,-0.513500,"Bloomberg BGN, exported by Charlie",estr_eonia_euribor6m_1y5y_bbg_2026-10-05.xlsx
2020-04-02,-0.295000,-0.234000,-0.487700,-0.424000,-0.574000,-0.507800,"Bloomberg BGN, exported by Charlie",estr_eonia_euribor6m_1y5y_bbg_2026-10-05.xlsx
2020-04-03,-0.298750,-0.236900,-0.491000,-0.437500,-0.572000,-0.520000,"Bloomberg BGN, exported by Charlie",estr_eonia_euribor6m_1y5y_bbg_2026-10-05.xlsx
2020-04-06,-0.276000,-0.227000,-0.486000,-0.435000,-0.571000,-0.519000,"Bloomberg BGN, exported by Charlie",estr_eonia_euribor6m_1y5y_bbg_2026-10-05.xlsx
2020-04-07,-0.246000,-0.163500,-0.469000,-0.380000,-0.546000,-0.468000,"Bloomberg BGN, exported by Charlie",estr_eonia_euribor6m_1y5y_bbg_2026-10-05.xlsx
2020-04-08,-0.227000,-0.160750,-0.479000,-0.392100,-0.564000,-0.477000,"Bloomberg BGN, exported by Charlie",estr_eonia_euribor6m_1y5y_bbg_2026-10-05.xlsx
2020-04-09,-0.246000,-0.205750,-0.489000,-0.424000,-0.576000,-0.508750,"Bloomberg BGN, exported by Charlie",estr_eonia_euribor6m_1y5y_bbg_2026-10-05.xlsx
2020-04-10,-0.248000,,,,,,"Bloomberg BGN, exported by Charlie",estr_eonia_euribor6m_1y5y_bbg_2026-10-05.xlsx
2020-04-13,,,,,-0.568000,,"Bloomberg BGN, exported by Charlie",estr_eonia_euribor6m_1y5y_bbg_2026-10-05.xlsx
2020-04-14,-0.259000,-0.219000,-0.500000,-0.441000,-0.583000,-0.522400,"Bloomberg BGN, exported by Charlie",estr_eonia_euribor6m_1y5y_bbg_2026-10-05.xlsx
2020-04-15,-0.252000,-0.243000,-0.493300,-0.473800,-0.573000,-0.554000,"Bloomberg BGN, exported by Charlie",estr_eonia_euribor6m_1y5y_bbg_2026-10-05.xlsx
2020-04-16,-0.240500,-0.260000,-0.489000,-0.483000,-0.581000,-0.568200,"Bloomberg BGN, exported by Charlie",estr_eonia_euribor6m_1y5y_bbg_2026-10-05.xlsx
2020-04-17,-0.241500,-0.253100,-0.486000,-0.478000,-0.573450,-0.560000,"Bloomberg BGN, exported by Charlie",estr_eonia_euribor6m_1y5y_bbg_2026-10-05.xlsx
2020-04-20,-0.220840,-0.221000,-0.476000,-0.450000,-0.561000,-0.532000,"Bloomberg BGN, exported by Charlie",estr_eonia_euribor6m_1y5y_bbg_2026-10-05.xlsx
2020-04-21,-0.194000,-0.212000,-0.478000,-0.451000,-0.564000,-0.537000,"Bloomberg BGN, exported by Charlie",estr_eonia_euribor6m_1y5y_bbg_2026-10-05.xlsx
2020-04-22,-0.152010,-0.162000,-0.486000,-0.421000,-0.543000,-0.501000,"Bloomberg BGN, exported by Charlie",estr_eonia_euribor6m_1y5y_bbg_2026-10-05.xlsx
2020-04-23,-0.164000,-0.185500,-0.479000,-0.436300,-0.569000,-0.509000,"Bloomberg BGN, exported by Charlie",estr_eonia_euribor6m_1y5y_bbg_2026-10-05.xlsx
2020-04-24,-0.206500,-0.236100,-0.521700,-0.469000,-0.596000,-0.556000,"Bloomberg BGN, exported by Charlie",estr_eonia_euribor6m_1y5y_bbg_2026-10-05.xlsx
2020-04-27,-0.218000,-0.227250,-0.505000,-0.457000,-0.588000,-0.542000,"Bloomberg BGN, exported by Charlie",estr_eonia_euribor6m_1y5y_bbg_2026-10-05.xlsx
2020-04-28,-0.249500,-0.253500,-0.518000,-0.475000,-0.604000,-0.558000,"Bloomberg BGN, exported by Charlie",estr_eonia_euribor6m_1y5y_bbg_2026-10-05.xlsx
2020-04-29,-0.252400,-0.270030,-0.512000,-0.482000,-0.591000,-0.570000,"Bloomberg BGN, exported by Charlie",estr_eonia_euribor6m_1y5y_bbg_2026-10-05.xlsx
2020-04-30,-0.273000,-0.336000,-0.523000,-0.539000,-0.607000,-0.624000,"Bloomberg BGN, exported by Charlie",estr_eonia_euribor6m_1y5y_bbg_2026-10-05.xlsx
2020-05-01,-0.272000,,,,-0.606000,,"Bloomberg BGN, exported by Charlie",estr_eonia_euribor6m_1y5y_bbg_2026-10-05.xlsx
2020-05-04,-0.263000,-0.317870,-0.517000,-0.525000,-0.602000,-0.606700,"Bloomberg BGN, exported by Charlie",estr_eonia_euribor6m_1y5y_bbg_2026-10-05.xlsx
2020-05-05,-0.263500,-0.329250,-0.511000,-0.532000,-0.602000,-0.617000,"Bloomberg BGN, exported by Charlie",estr_eonia_euribor6m_1y5y_bbg_2026-10-05.xlsx
2020-05-06,-0.235000,-0.295640,-0.508000,-0.502000,-0.592000,-0.589000,"Bloomberg BGN, exported by Charlie",estr_eonia_euribor6m_1y5y_bbg_2026-10-05.xlsx
2020-05-07,-0.225250,-0.305300,-0.508000,-0.516000,-0.600000,-0.598000,"Bloomberg BGN, exported by Charlie",estr_eonia_euribor6m_1y5y_bbg_2026-10-05.xlsx
2020-05-08,-0.238900,-0.301500,-0.509000,-0.503000,-0.592900,-0.587000,"Bloomberg BGN, exported by Charlie",estr_eonia_euribor6m_1y5y_bbg_2026-10-05.xlsx
2020-05-11,-0.234000,-0.289050,-0.504000,-0.504100,-0.587000,-0.586000,"Bloomberg BGN, exported by Charlie",estr_eonia_euribor6m_1y5y_bbg_2026-10-05.xlsx
2020-05-12,-0.227750,-0.299700,-0.504200,-0.512000,-0.580000,-0.597000,"Bloomberg BGN, exported by Charlie",estr_eonia_euribor6m_1y5y_bbg_2026-10-05.xlsx
2020-05-13,-0.228400,-0.304000,-0.505000,-0.515000,-0.588600,-0.602000,"Bloomberg BGN, exported by Charlie",estr_eonia_euribor6m_1y5y_bbg_2026-10-05.xlsx
2020-05-14,-0.223000,-0.310150,-0.506000,-0.524000,-0.587000,-0.608000,"Bloomberg BGN, exported by Charlie",estr_eonia_euribor6m_1y5y_bbg_2026-10-05.xlsx
2020-05-15,-0.215900,-0.293250,-0.501000,-0.509000,-0.589000,-0.592000,"Bloomberg BGN, exported by Charlie",estr_eonia_euribor6m_1y5y_bbg_2026-10-05.xlsx
2020-05-18,-0.217500,-0.274250,-0.501000,-0.489000,-0.581000,-0.568100,"Bloomberg BGN, exported by Charlie",estr_eonia_euribor6m_1y5y_bbg_2026-10-05.xlsx
2020-05-19,-0.216500,-0.270000,-0.493000,-0.477000,-0.579000,-0.561000,"Bloomberg BGN, exported by Charlie",estr_eonia_euribor6m_1y5y_bbg_2026-10-05.xlsx
2020-05-20,-0.221500,-0.273300,-0.498000,-0.481000,-0.582000,-0.559000,"Bloomberg BGN, exported by Charlie",estr_eonia_euribor6m_1y5y_bbg_2026-10-05.xlsx
2020-05-21,-0.229000,-0.287000,-0.500200,-0.485000,-0.583500,-0.570000,"Bloomberg BGN, exported by Charlie",estr_eonia_euribor6m_1y5y_bbg_2026-10-05.xlsx
2020-05-22,-0.232000,-0.286000,-0.498800,-0.486300,-0.580000,-0.573000,"Bloomberg BGN, exported by Charlie",estr_eonia_euribor6m_1y5y_bbg_2026-10-05.xlsx
2020-05-25,-0.224000,-0.284000,-0.497500,-0.487000,-0.582050,-0.572000,"Bloomberg BGN, exported by Charlie",estr_eonia_euribor6m_1y5y_bbg_2026-10-05.xlsx
2020-05-26,-0.214350,-0.259000,-0.490000,-0.455000,-0.575000,-0.540000,"Bloomberg BGN, exported by Charlie",estr_eonia_euribor6m_1y5y_bbg_2026-10-05.xlsx
2020-05-27,-0.226500,-0.260250,-0.494000,-0.459000,-0.580000,-0.539000,"Bloomberg BGN, exported by Charlie",estr_eonia_euribor6m_1y5y_bbg_2026-10-05.xlsx
2020-05-28,-0.225500,-0.268500,-0.495200,-0.458000,-0.577000,-0.544000,"Bloomberg BGN, exported by Charlie",estr_eonia_euribor6m_1y5y_bbg_2026-10-05.xlsx
2020-05-29,-0.241000,-0.288000,-0.494500,-0.474000,-0.578000,-0.560500,"Bloomberg BGN, exported by Charlie",estr_eonia_euribor6m_1y5y_bbg_2026-10-05.xlsx
2020-06-01,-0.244250,-0.275000,-0.494800,-0.460000,-0.578500,-0.546800,"Bloomberg BGN, exported by Charlie",estr_eonia_euribor6m_1y5y_bbg_2026-10-05.xlsx
2020-06-02,-0.259000,-0.271300,-0.496000,-0.451000,-0.578000,-0.536000,"Bloomberg BGN, exported by Charlie",estr_eonia_euribor6m_1y5y_bbg_2026-10-05.xlsx
2020-06-03,-0.251900,-0.248500,-0.489300,-0.423000,-0.574000,-0.508000,"Bloomberg BGN, exported by Charlie",estr_eonia_euribor6m_1y5y_bbg_2026-10-05.xlsx
2020-06-04,-0.257500,-0.242000,-0.483000,-0.411000,-0.568000,-0.496000,"Bloomberg BGN, exported by Charlie",estr_eonia_euribor6m_1y5y_bbg_2026-10-05.xlsx
2020-06-05,-0.268500,-0.237000,-0.480000,-0.393200,-0.564000,-0.478000,"Bloomberg BGN, exported by Charlie",estr_eonia_euribor6m_1y5y_bbg_2026-10-05.xlsx
2020-06-08,-0.272000,-0.263500,-0.485000,-0.422000,-0.567000,-0.503000,"Bloomberg BGN, exported by Charlie",estr_eonia_euribor6m_1y5y_bbg_2026-10-05.xlsx
2020-06-09,-0.265200,-0.247000,-0.485000,-0.406000,-0.570200,-0.491250,"Bloomberg BGN, exported by Charlie",estr_eonia_euribor6m_1y5y_bbg_2026-10-05.xlsx
2020-06-10,-0.262000,-0.243800,-0.490800,-0.412000,-0.573000,-0.496000,"Bloomberg BGN, exported by Charlie",estr_eonia_euribor6m_1y5y_bbg_2026-10-05.xlsx
2020-06-11,-0.262000,-0.288000,-0.494000,-0.459500,-0.578700,-0.544000,"Bloomberg BGN, exported by Charlie",estr_eonia_euribor6m_1y5y_bbg_2026-10-05.xlsx
2020-06-12,-0.276000,-0.302000,-0.505000,-0.479000,-0.590000,-0.560000,"Bloomberg BGN, exported by Charlie",estr_eonia_euribor6m_1y5y_bbg_2026-10-05.xlsx
2020-06-15,-0.279000,-0.303000,-0.503700,-0.476000,-0.589250,-0.561000,"Bloomberg BGN, exported by Charlie",estr_eonia_euribor6m_1y5y_bbg_2026-10-05.xlsx
2020-06-16,-0.280250,-0.298450,-0.508700,-0.471300,-0.593000,-0.556500,"Bloomberg BGN, exported by Charlie",estr_eonia_euribor6m_1y5y_bbg_2026-10-05.xlsx
2020-06-17,-0.291000,-0.307000,-0.512800,-0.472000,-0.597500,-0.557000,"Bloomberg BGN, exported by Charlie",estr_eonia_euribor6m_1y5y_bbg_2026-10-05.xlsx
2020-06-18,-0.303980,-0.319000,-0.511000,-0.482000,-0.594000,-0.565500,"Bloomberg BGN, exported by Charlie",estr_eonia_euribor6m_1y5y_bbg_2026-10-05.xlsx
2020-06-19,-0.309500,-0.325000,-0.511000,-0.487000,-0.592000,-0.572000,"Bloomberg BGN, exported by Charlie",estr_eonia_euribor6m_1y5y_bbg_2026-10-05.xlsx
2020-06-22,-0.327000,-0.347000,-0.516000,-0.501000,-0.601000,-0.587000,"Bloomberg BGN, exported by Charlie",estr_eonia_euribor6m_1y5y_bbg_2026-10-05.xlsx
2020-06-23,-0.323000,-0.330500,-0.504000,-0.486000,-0.584000,-0.571000,"Bloomberg BGN, exported by Charlie",estr_eonia_euribor6m_1y5y_bbg_2026-10-05.xlsx
2020-06-24,-0.331500,-0.341950,-0.502700,-0.496600,-0.588000,-0.581000,"Bloomberg BGN, exported by Charlie",estr_eonia_euribor6m_1y5y_bbg_2026-10-05.xlsx
2020-06-25,-0.328700,-0.346000,-0.507700,-0.501000,-0.591500,-0.586000,"Bloomberg BGN, exported by Charlie",estr_eonia_euribor6m_1y5y_bbg_2026-10-05.xlsx
2020-06-26,-0.343000,-0.358500,-0.514800,-0.510600,-0.599000,-0.596000,"Bloomberg BGN, exported by Charlie",estr_eonia_euribor6m_1y5y_bbg_2026-10-05.xlsx
2020-06-29,-0.343050,-0.351150,-0.507800,-0.499000,-0.586000,-0.585150,"Bloomberg BGN, exported by Charlie",estr_eonia_euribor6m_1y5y_bbg_2026-10-05.xlsx
2020-06-30,-0.355000,-0.352500,-0.506000,-0.502000,-0.590500,-0.585000,"Bloomberg BGN, exported by Charlie",estr_eonia_euribor6m_1y5y_bbg_2026-10-05.xlsx
2020-07-01,-0.348500,-0.329000,-0.501700,-0.471000,-0.585000,-0.556500,"Bloomberg BGN, exported by Charlie",estr_eonia_euribor6m_1y5y_bbg_2026-10-05.xlsx
2020-07-02,-0.354300,-0.350000,-0.504800,-0.493000,-0.589500,-0.579000,"Bloomberg BGN, exported by Charlie",estr_eonia_euribor6m_1y5y_bbg_2026-10-05.xlsx
2020-07-03,-0.360000,-0.347050,-0.507300,-0.492300,-0.591750,-0.575950,"Bloomberg BGN, exported by Charlie",estr_eonia_euribor6m_1y5y_bbg_2026-10-05.xlsx
2020-07-06,-0.355200,-0.348000,-0.503300,-0.489000,-0.583000,-0.573000,"Bloomberg BGN, exported by Charlie",estr_eonia_euribor6m_1y5y_bbg_2026-10-05.xlsx
2020-07-07,-0.354700,-0.340250,-0.499800,-0.480000,-0.584400,-0.564400,"Bloomberg BGN, exported by Charlie",estr_eonia_euribor6m_1y5y_bbg_2026-10-05.xlsx
2020-07-08,-0.357000,-0.339000,-0.497000,-0.480000,-0.582000,-0.563500,"Bloomberg BGN, exported by Charlie",estr_eonia_euribor6m_1y5y_bbg_2026-10-05.xlsx
2020-07-09,-0.360600,-0.353000,-0.498000,-0.491000,-0.581600,-0.575000,"Bloomberg BGN, exported by Charlie",estr_eonia_euribor6m_1y5y_bbg_2026-10-05.xlsx
2020-07-10,-0.364500,-0.359500,-0.502000,-0.500000,-0.587250,-0.582000,"Bloomberg BGN, exported by Charlie",estr_eonia_euribor6m_1y5y_bbg_2026-10-05.xlsx
2020-07-13,-0.356000,-0.329500,-0.493000,-0.473000,-0.578000,-0.558000,"Bloomberg BGN, exported by Charlie",estr_eonia_euribor6m_1y5y_bbg_2026-10-05.xlsx
2020-07-14,-0.353750,-0.343500,-0.493000,-0.485200,-0.572000,-0.570000,"Bloomberg BGN, exported by Charlie",estr_eonia_euribor6m_1y5y_bbg_2026-10-05.xlsx
2020-07-15,-0.359000,-0.349500,-0.494000,-0.492600,-0.580500,-0.578000,"Bloomberg BGN, exported by Charlie",estr_eonia_euribor6m_1y5y_bbg_2026-10-05.xlsx
2020-07-16,-0.374000,-0.366000,-0.499000,-0.503800,-0.584000,-0.587000,"Bloomberg BGN, exported by Charlie",estr_eonia_euribor6m_1y5y_bbg_2026-10-05.xlsx
2020-07-17,-0.371000,-0.352150,-0.492700,-0.487000,-0.576000,-0.572000,"Bloomberg BGN, exported by Charlie",estr_eonia_euribor6m_1y5y_bbg_2026-10-05.xlsx
2020-07-20,-0.371000,-0.365500,-0.493000,-0.499900,-0.578000,-0.584350,"Bloomberg BGN, exported by Charlie",estr_eonia_euribor6m_1y5y_bbg_2026-10-05.xlsx
2020-07-21,-0.377150,-0.374000,-0.494000,-0.501000,-0.578800,-0.586950,"Bloomberg BGN, exported by Charlie",estr_eonia_euribor6m_1y5y_bbg_2026-10-05.xlsx
2020-07-22,-0.381000,-0.387150,-0.495000,-0.515000,-0.578000,-0.601000,"Bloomberg BGN, exported by Charlie",estr_eonia_euribor6m_1y5y_bbg_2026-10-05.xlsx
2020-07-23,-0.389250,-0.380500,-0.494000,-0.503000,-0.579000,-0.586000,"Bloomberg BGN, exported by Charlie",estr_eonia_euribor6m_1y5y_bbg_2026-10-05.xlsx
2020-07-24,-0.384250,-0.360500,-0.487000,-0.480000,-0.571500,-0.568000,"Bloomberg BGN, exported by Charlie",estr_eonia_euribor6m_1y5y_bbg_2026-10-05.xlsx
2020-07-27,-0.388500,-0.377500,-0.489000,-0.498000,-0.574000,-0.583000,"Bloomberg BGN, exported by Charlie",estr_eonia_euribor6m_1y5y_bbg_2026-10-05.xlsx
2020-07-28,-0.394500,-0.391000,-0.495500,-0.511000,-0.579500,-0.596000,"Bloomberg BGN, exported by Charlie",estr_eonia_euribor6m_1y5y_bbg_2026-10-05.xlsx
2020-07-29,-0.400000,-0.378000,-0.496000,-0.499000,-0.580500,-0.583000,"Bloomberg BGN, exported by Charlie",estr_eonia_euribor6m_1y5y_bbg_2026-10-05.xlsx
2020-07-30,-0.414500,-0.407000,-0.506000,-0.529000,-0.590500,-0.613010,"Bloomberg BGN, exported by Charlie",estr_eonia_euribor6m_1y5y_bbg_2026-10-05.xlsx
2020-07-31,-0.418000,-0.398000,-0.506000,-0.516000,-0.590600,-0.600500,"Bloomberg BGN, exported by Charlie",estr_eonia_euribor6m_1y5y_bbg_2026-10-05.xlsx
2020-08-03,-0.423000,-0.396000,-0.503000,-0.516000,-0.589000,-0.601000,"Bloomberg BGN, exported by Charlie",estr_eonia_euribor6m_1y5y_bbg_2026-10-05.xlsx
2020-08-04,-0.428000,-0.415750,-0.505000,-0.532000,-0.585000,-0.617000,"Bloomberg BGN, exported by Charlie",estr_eonia_euribor6m_1y5y_bbg_2026-10-05.xlsx
2020-08-05,-0.423000,-0.383000,-0.500000,-0.502000,-0.583000,-0.588000,"Bloomberg BGN, exported by Charlie",estr_eonia_euribor6m_1y5y_bbg_2026-10-05.xlsx
2020-08-06,-0.424500,-0.395550,-0.500000,-0.514000,-0.585500,-0.599000,"Bloomberg BGN, exported by Charlie",estr_eonia_euribor6m_1y5y_bbg_2026-10-05.xlsx
2020-08-07,-0.422400,-0.381000,-0.496000,-0.499000,-0.578500,-0.586000,"Bloomberg BGN, exported by Charlie",estr_eonia_euribor6m_1y5y_bbg_2026-10-05.xlsx
2020-08-10,-0.429500,-0.402000,-0.501000,-0.517000,-0.580000,-0.602000,"Bloomberg BGN, exported by Charlie",estr_eonia_euribor6m_1y5y_bbg_2026-10-05.xlsx
2020-08-11,-0.427500,-0.376000,-0.496000,-0.491000,-0.580600,-0.575000,"Bloomberg BGN, exported by Charlie",estr_eonia_euribor6m_1y5y_bbg_2026-10-05.xlsx
2020-08-12,-0.425000,-0.366650,-0.490200,-0.474500,-0.575000,-0.562850,"Bloomberg BGN, exported by Charlie",estr_eonia_euribor6m_1y5y_bbg_2026-10-05.xlsx
2020-08-13,-0.425500,-0.343000,-0.483300,-0.454500,-0.566000,-0.539000,"Bloomberg BGN, exported by Charlie",estr_eonia_euribor6m_1y5y_bbg_2026-10-05.xlsx
2020-08-14,-0.427400,-0.347000,-0.485000,-0.457000,-0.563000,-0.541500,"Bloomberg BGN, exported by Charlie",estr_eonia_euribor6m_1y5y_bbg_2026-10-05.xlsx
2020-08-17,-0.430750,-0.370000,-0.486000,-0.477500,-0.571000,-0.562150,"Bloomberg BGN, exported by Charlie",estr_eonia_euribor6m_1y5y_bbg_2026-10-05.xlsx
2020-08-18,-0.434800,-0.378000,-0.486000,-0.484000,-0.571000,-0.568000,"Bloomberg BGN, exported by Charlie",estr_eonia_euribor6m_1y5y_bbg_2026-10-05.xlsx
2020-08-19,-0.439500,-0.387000,-0.488000,-0.494700,-0.572500,-0.578000,"Bloomberg BGN, exported by Charlie",estr_eonia_euribor6m_1y5y_bbg_2026-10-05.xlsx
2020-08-20,-0.445400,-0.396400,-0.492000,-0.503000,-0.576000,-0.587000,"Bloomberg BGN, exported by Charlie",estr_eonia_euribor6m_1y5y_bbg_2026-10-05.xlsx
2020-08-21,-0.448050,-0.406000,-0.497000,-0.509000,-0.578000,-0.594000,"Bloomberg BGN, exported by Charlie",estr_eonia_euribor6m_1y5y_bbg_2026-10-05.xlsx
2020-08-24,-0.447200,-0.400500,-0.495000,-0.502000,-0.579500,-0.588450,"Bloomberg BGN, exported by Charlie",estr_eonia_euribor6m_1y5y_bbg_2026-10-05.xlsx
2020-08-25,-0.441050,-0.374000,-0.488000,-0.477000,-0.572000,-0.561800,"Bloomberg BGN, exported by Charlie",estr_eonia_euribor6m_1y5y_bbg_2026-10-05.xlsx
2020-08-26,-0.436550,-0.364000,-0.484000,-0.466500,-0.567000,-0.552200,"Bloomberg BGN, exported by Charlie",estr_eonia_euribor6m_1y5y_bbg_2026-10-05.xlsx
2020-08-27,-0.435000,-0.357750,-0.484000,-0.467000,-0.566000,-0.550000,"Bloomberg BGN, exported by Charlie",estr_eonia_euribor6m_1y5y_bbg_2026-10-05.xlsx
2020-08-28,-0.439450,-0.363000,-0.488000,-0.471400,-0.571000,-0.552000,"Bloomberg BGN, exported by Charlie",estr_eonia_euribor6m_1y5y_bbg_2026-10-05.xlsx
2020-08-31,-0.441950,-0.361500,-0.485100,-0.463000,-0.569900,-0.550000,"Bloomberg BGN, exported by Charlie",estr_eonia_euribor6m_1y5y_bbg_2026-10-05.xlsx
2020-09-01,-0.442450,-0.380000,-0.491000,-0.486000,-0.572000,-0.566050,"Bloomberg BGN, exported by Charlie",estr_eonia_euribor6m_1y5y_bbg_2026-10-05.xlsx
2020-09-02,-0.455900,-0.409000,-0.505000,-0.513000,-0.589000,-0.598000,"Bloomberg BGN, exported by Charlie",estr_eonia_euribor6m_1y5y_bbg_2026-10-05.xlsx
2020-09-03,-0.463500,-0.417000,-0.509500,-0.520500,-0.593000,-0.608000,"Bloomberg BGN, exported by Charlie",estr_eonia_euribor6m_1y5y_bbg_2026-10-05.xlsx
2020-09-04,-0.462600,-0.407650,-0.513000,-0.508000,-0.596000,-0.594000,"Bloomberg BGN, exported by Charlie",estr_eonia_euribor6m_1y5y_bbg_2026-10-05.xlsx
2020-09-07,-0.465250,-0.412000,-0.510000,-0.513000,-0.594700,-0.598000,"Bloomberg BGN, exported by Charlie",estr_eonia_euribor6m_1y5y_bbg_2026-10-05.xlsx
2020-09-08,-0.467450,-0.426000,-0.512100,-0.528000,-0.596800,-0.613000,"Bloomberg BGN, exported by Charlie",estr_eonia_euribor6m_1y5y_bbg_2026-10-05.xlsx
2020-09-09,-0.465250,-0.405000,-0.504000,-0.500500,-0.589000,-0.585500,"Bloomberg BGN, exported by Charlie",estr_eonia_euribor6m_1y5y_bbg_2026-10-05.xlsx
2020-09-10,-0.458000,-0.390000,-0.501000,-0.487300,-0.583250,-0.569450,"Bloomberg BGN, exported by Charlie",estr_eonia_euribor6m_1y5y_bbg_2026-10-05.xlsx
2020-09-11,-0.462500,-0.418000,-0.506000,-0.516000,-0.590900,-0.601000,"Bloomberg BGN, exported by Charlie",estr_eonia_euribor6m_1y5y_bbg_2026-10-05.xlsx
2020-09-14,-0.468400,-0.415250,-0.511700,-0.516000,-0.595250,-0.601000,"Bloomberg BGN, exported by Charlie",estr_eonia_euribor6m_1y5y_bbg_2026-10-05.xlsx
2020-09-15,-0.468400,-0.414000,-0.514000,-0.516700,-0.594750,-0.601000,"Bloomberg BGN, exported by Charlie",estr_eonia_euribor6m_1y5y_bbg_2026-10-05.xlsx
2020-09-16,-0.474400,-0.412000,-0.518000,-0.513000,-0.600000,-0.597500,"Bloomberg BGN, exported by Charlie",estr_eonia_euribor6m_1y5y_bbg_2026-10-05.xlsx
2020-09-17,-0.476950,-0.428000,-0.518000,-0.528000,-0.602500,-0.614000,"Bloomberg BGN, exported by Charlie",estr_eonia_euribor6m_1y5y_bbg_2026-10-05.xlsx
2020-09-18,-0.481000,-0.422750,-0.515000,-0.518800,-0.600000,-0.603000,"Bloomberg BGN, exported by Charlie",estr_eonia_euribor6m_1y5y_bbg_2026-10-05.xlsx
2020-09-21,-0.489000,-0.439000,-0.523000,-0.536000,-0.607750,-0.621000,"Bloomberg BGN, exported by Charlie",estr_eonia_euribor6m_1y5y_bbg_2026-10-05.xlsx
2020-09-22,-0.486950,-0.434500,-0.519000,-0.530800,-0.602750,-0.615000,"Bloomberg BGN, exported by Charlie",estr_eonia_euribor6m_1y5y_bbg_2026-10-05.xlsx
2020-09-23,-0.481000,-0.430000,-0.516000,-0.524000,-0.600750,-0.609000,"Bloomberg BGN, exported by Charlie",estr_eonia_euribor6m_1y5y_bbg_2026-10-05.xlsx
2020-09-24,-0.481500,-0.421750,-0.515000,-0.518000,-0.600000,-0.601000,"Bloomberg BGN, exported by Charlie",estr_eonia_euribor6m_1y5y_bbg_2026-10-05.xlsx
2020-09-25,-0.479050,-0.431250,-0.512300,-0.525000,-0.596250,-0.610000,"Bloomberg BGN, exported by Charlie",estr_eonia_euribor6m_1y5y_bbg_2026-10-05.xlsx
2020-09-28,-0.481900,-0.428550,-0.511800,-0.521500,-0.597250,-0.605400,"Bloomberg BGN, exported by Charlie",estr_eonia_euribor6m_1y5y_bbg_2026-10-05.xlsx
2020-09-29,-0.484500,-0.437000,-0.512000,-0.525000,-0.596250,-0.610000,"Bloomberg BGN, exported by Charlie",estr_eonia_euribor6m_1y5y_bbg_2026-10-05.xlsx
2020-09-30,-0.485000,-0.426450,-0.507000,-0.512200,-0.590000,-0.596500,"Bloomberg BGN, exported by Charlie",estr_eonia_euribor6m_1y5y_bbg_2026-10-05.xlsx
2020-10-01,-0.486500,-0.435000,-0.509100,-0.519500,-0.593500,-0.604000,"Bloomberg BGN, exported by Charlie",estr_eonia_euribor6m_1y5y_bbg_2026-10-05.xlsx
2020-10-02,-0.486550,-0.437000,-0.511000,-0.525000,-0.596000,-0.610000,"Bloomberg BGN, exported by Charlie",estr_eonia_euribor6m_1y5y_bbg_2026-10-05.xlsx
2020-10-05,-0.493350,-0.427500,-0.508000,-0.509000,-0.592250,-0.595000,"Bloomberg BGN, exported by Charlie",estr_eonia_euribor6m_1y5y_bbg_2026-10-05.xlsx
2020-10-06,-0.490000,-0.426500,-0.507000,-0.504800,-0.592250,-0.589400,"Bloomberg BGN, exported by Charlie",estr_eonia_euribor6m_1y5y_bbg_2026-10-05.xlsx
2020-10-07,-0.497900,-0.428000,-0.509000,-0.499000,-0.593750,-0.584000,"Bloomberg BGN, exported by Charlie",estr_eonia_euribor6m_1y5y_bbg_2026-10-05.xlsx
2020-10-08,-0.500000,-0.438000,-0.512200,-0.510200,-0.597250,-0.594500,"Bloomberg BGN, exported by Charlie",estr_eonia_euribor6m_1y5y_bbg_2026-10-05.xlsx
2020-10-09,-0.498450,-0.443000,-0.511300,-0.510700,-0.596000,-0.595000,"Bloomberg BGN, exported by Charlie",estr_eonia_euribor6m_1y5y_bbg_2026-10-05.xlsx
2020-10-12,-0.498500,-0.446250,-0.513800,-0.516000,-0.598100,-0.601000,"Bloomberg BGN, exported by Charlie",estr_eonia_euribor6m_1y5y_bbg_2026-10-05.xlsx
2020-10-13,-0.499000,-0.457000,-0.518000,-0.528000,-0.602650,-0.611500,"Bloomberg BGN, exported by Charlie",estr_eonia_euribor6m_1y5y_bbg_2026-10-05.xlsx
2020-10-14,-0.507100,-0.468500,-0.521000,-0.538000,-0.605750,-0.623000,"Bloomberg BGN, exported by Charlie",estr_eonia_euribor6m_1y5y_bbg_2026-10-05.xlsx
2020-10-15,-0.510000,-0.477500,-0.527000,-0.548000,-0.611500,-0.633000,"Bloomberg BGN, exported by Charlie",estr_eonia_euribor6m_1y5y_bbg_2026-10-05.xlsx
2020-10-16,-0.513000,-0.484250,-0.531000,-0.555800,-0.616250,-0.642000,"Bloomberg BGN, exported by Charlie",estr_eonia_euribor6m_1y5y_bbg_2026-10-05.xlsx
2020-10-19,-0.513600,-0.490000,-0.531100,-0.557000,-0.615750,-0.642800,"Bloomberg BGN, exported by Charlie",estr_eonia_euribor6m_1y5y_bbg_2026-10-05.xlsx
2020-10-20,-0.509500,-0.464400,-0.520000,-0.531000,-0.605000,-0.616000,"Bloomberg BGN, exported by Charlie",estr_eonia_euribor6m_1y5y_bbg_2026-10-05.xlsx
2020-10-21,-0.507550,-0.463500,-0.516500,-0.527000,-0.601750,-0.611000,"Bloomberg BGN, exported by Charlie",estr_eonia_euribor6m_1y5y_bbg_2026-10-05.xlsx
2020-10-22,-0.508000,-0.455750,-0.517100,-0.518200,-0.601750,-0.602500,"Bloomberg BGN, exported by Charlie",estr_eonia_euribor6m_1y5y_bbg_2026-10-05.xlsx
2020-10-23,-0.505900,-0.457000,-0.515000,-0.518000,-0.599750,-0.603000,"Bloomberg BGN, exported by Charlie",estr_eonia_euribor6m_1y5y_bbg_2026-10-05.xlsx
2020-10-26,-0.505500,-0.456000,-0.516300,-0.520000,-0.602000,-0.605400,"Bloomberg BGN, exported by Charlie",estr_eonia_euribor6m_1y5y_bbg_2026-10-05.xlsx
2020-10-27,-0.515950,-0.479000,-0.522000,-0.540500,-0.606500,-0.623650,"Bloomberg BGN, exported by Charlie",estr_eonia_euribor6m_1y5y_bbg_2026-10-05.xlsx
2020-10-28,-0.516500,-0.480000,-0.528000,-0.540500,-0.612750,-0.624700,"Bloomberg BGN, exported by Charlie",estr_eonia_euribor6m_1y5y_bbg_2026-10-05.xlsx
2020-10-29,-0.526000,-0.484450,-0.536000,-0.538000,-0.618000,-0.624000,"Bloomberg BGN, exported by Charlie",estr_eonia_euribor6m_1y5y_bbg_2026-10-05.xlsx
2020-10-30,-0.532800,-0.490000,-0.532800,-0.536000,-0.617000,-0.621500,"Bloomberg BGN, exported by Charlie",estr_eonia_euribor6m_1y5y_bbg_2026-10-05.xlsx
2020-11-02,-0.527400,-0.487000,-0.532300,-0.533700,-0.617500,-0.618000,"Bloomberg BGN, exported by Charlie",estr_eonia_euribor6m_1y5y_bbg_2026-10-05.xlsx
2020-11-03,-0.526000,-0.475600,-0.529000,-0.522000,-0.614250,-0.606500,"Bloomberg BGN, exported by Charlie",estr_eonia_euribor6m_1y5y_bbg_2026-10-05.xlsx
2020-11-04,-0.529000,-0.485500,-0.532000,-0.532500,-0.617000,-0.617000,"Bloomberg BGN, exported by Charlie",estr_eonia_euribor6m_1y5y_bbg_2026-10-05.xlsx
2020-11-05,-0.526000,-0.486000,-0.529700,-0.533000,-0.615000,-0.617000,"Bloomberg BGN, exported by Charlie",estr_eonia_euribor6m_1y5y_bbg_2026-10-05.xlsx
2020-11-06,-0.527000,-0.486000,-0.528000,-0.531000,-0.613000,-0.615200,"Bloomberg BGN, exported by Charlie",estr_eonia_euribor6m_1y5y_bbg_2026-10-05.xlsx
2020-11-09,-0.514000,-0.434000,-0.507700,-0.476200,-0.592750,-0.563000,"Bloomberg BGN, exported by Charlie",estr_eonia_euribor6m_1y5y_bbg_2026-10-05.xlsx
2020-11-10,-0.508750,-0.419250,-0.504200,-0.460700,-0.589000,-0.545500,"Bloomberg BGN, exported by Charlie",estr_eonia_euribor6m_1y5y_bbg_2026-10-05.xlsx
2020-11-11,-0.509300,-0.429250,-0.502000,-0.468300,-0.586700,-0.553000,"Bloomberg BGN, exported by Charlie",estr_eonia_euribor6m_1y5y_bbg_2026-10-05.xlsx
2020-11-12,-0.510200,-0.444600,-0.503000,-0.484000,-0.589000,-0.570450,"Bloomberg BGN, exported by Charlie",estr_eonia_euribor6m_1y5y_bbg_2026-10-05.xlsx
2020-11-13,-0.512750,-0.449500,-0.505800,-0.488300,-0.590500,-0.573000,"Bloomberg BGN, exported by Charlie",estr_eonia_euribor6m_1y5y_bbg_2026-10-05.xlsx
2020-11-16,-0.513500,-0.444000,-0.504000,-0.483700,-0.588500,-0.568000,"Bloomberg BGN, exported by Charlie",estr_eonia_euribor6m_1y5y_bbg_2026-10-05.xlsx
2020-11-17,-0.515250,-0.453000,-0.505000,-0.489000,-0.590000,-0.572000,"Bloomberg BGN, exported by Charlie",estr_eonia_euribor6m_1y5y_bbg_2026-10-05.xlsx
2020-11-18,-0.520150,-0.447000,-0.505200,-0.480000,-0.589000,-0.565000,"Bloomberg BGN, exported by Charlie",estr_eonia_euribor6m_1y5y_bbg_2026-10-05.xlsx
2020-11-19,-0.520750,-0.458350,-0.506000,-0.491000,-0.591000,-0.576000,"Bloomberg BGN, exported by Charlie",estr_eonia_euribor6m_1y5y_bbg_2026-10-05.xlsx
2020-11-20,-0.521500,-0.467000,-0.508700,-0.499200,-0.593000,-0.583750,"Bloomberg BGN, exported by Charlie",estr_eonia_euribor6m_1y5y_bbg_2026-10-05.xlsx
2020-11-23,-0.517700,-0.458100,-0.505200,-0.491500,-0.590000,-0.575400,"Bloomberg BGN, exported by Charlie",estr_eonia_euribor6m_1y5y_bbg_2026-10-05.xlsx
2020-11-24,-0.516300,-0.448000,-0.502400,-0.478000,-0.587700,-0.563000,"Bloomberg BGN, exported by Charlie",estr_eonia_euribor6m_1y5y_bbg_2026-10-05.xlsx
2020-11-25,-0.515300,-0.453000,-0.502200,-0.483000,-0.586900,-0.568900,"Bloomberg BGN, exported by Charlie",estr_eonia_euribor6m_1y5y_bbg_2026-10-05.xlsx
2020-11-26,-0.516000,-0.459450,-0.504600,-0.489300,-0.589300,-0.574000,"Bloomberg BGN, exported by Charlie",estr_eonia_euribor6m_1y5y_bbg_2026-10-05.xlsx
2020-11-27,-0.516150,-0.460500,-0.505000,-0.492000,-0.589000,-0.578000,"Bloomberg BGN, exported by Charlie",estr_eonia_euribor6m_1y5y_bbg_2026-10-05.xlsx
2020-11-30,-0.517000,-0.458000,-0.506000,-0.489000,-0.591000,-0.574000,"Bloomberg BGN, exported by Charlie",estr_eonia_euribor6m_1y5y_bbg_2026-10-05.xlsx
2020-12-01,-0.514250,-0.442350,-0.503000,-0.472800,-0.588000,-0.557000,"Bloomberg BGN, exported by Charlie",estr_eonia_euribor6m_1y5y_bbg_2026-10-05.xlsx
2020-12-02,-0.515250,-0.443500,-0.504300,-0.473000,-0.590000,-0.557000,"Bloomberg BGN, exported by Charlie",estr_eonia_euribor6m_1y5y_bbg_2026-10-05.xlsx
2020-12-03,-0.519250,-0.457000,-0.510000,-0.483000,-0.595000,-0.567800,"Bloomberg BGN, exported by Charlie",estr_eonia_euribor6m_1y5y_bbg_2026-10-05.xlsx
2020-12-04,-0.524500,-0.456600,-0.516700,-0.487000,-0.600500,-0.574000,"Bloomberg BGN, exported by Charlie",estr_eonia_euribor6m_1y5y_bbg_2026-10-05.xlsx
2020-12-07,-0.529750,-0.474000,-0.524000,-0.505000,-0.609000,-0.589000,"Bloomberg BGN, exported by Charlie",estr_eonia_euribor6m_1y5y_bbg_2026-10-05.xlsx
2020-12-08,-0.533750,-0.484500,-0.527800,-0.515700,-0.611500,-0.600200,"Bloomberg BGN, exported by Charlie",estr_eonia_euribor6m_1y5y_bbg_2026-10-05.xlsx
2020-12-09,-0.539000,-0.487000,-0.528700,-0.515000,-0.612500,-0.601000,"Bloomberg BGN, exported by Charlie",estr_eonia_euribor6m_1y5y_bbg_2026-10-05.xlsx
2020-12-10,-0.536750,-0.484000,-0.520000,-0.511500,-0.605000,-0.595000,"Bloomberg BGN, exported by Charlie",estr_eonia_euribor6m_1y5y_bbg_2026-10-05.xlsx
2020-12-11,-0.538600,-0.500000,-0.526000,-0.527000,-0.610500,-0.611000,"Bloomberg BGN, exported by Charlie",estr_eonia_euribor6m_1y5y_bbg_2026-10-05.xlsx
2020-12-14,-0.538750,-0.495250,-0.524000,-0.522200,-0.608000,-0.607000,"Bloomberg BGN, exported by Charlie",estr_eonia_euribor6m_1y5y_bbg_2026-10-05.xlsx
2020-12-15,-0.536000,-0.491000,-0.521000,-0.520000,-0.605500,-0.603000,"Bloomberg BGN, exported by Charlie",estr_eonia_euribor6m_1y5y_bbg_2026-10-05.xlsx
2020-12-16,-0.529900,-0.467000,-0.508000,-0.493000,-0.593000,-0.578000,"Bloomberg BGN, exported by Charlie",estr_eonia_euribor6m_1y5y_bbg_2026-10-05.xlsx
2020-12-17,-0.524250,-0.466000,-0.505200,-0.496500,-0.590500,-0.581000,"Bloomberg BGN, exported by Charlie",estr_eonia_euribor6m_1y5y_bbg_2026-10-05.xlsx
2020-12-18,-0.523250,-0.461000,-0.504000,-0.491000,-0.588500,-0.574500,"Bloomberg BGN, exported by Charlie",estr_eonia_euribor6m_1y5y_bbg_2026-10-05.xlsx
2020-12-21,-0.522250,-0.461000,-0.507300,-0.494000,-0.590750,-0.578500,"Bloomberg BGN, exported by Charlie",estr_eonia_euribor6m_1y5y_bbg_2026-10-05.xlsx
2020-12-22,-0.521750,-0.459000,-0.506000,-0.492000,-0.590500,-0.577000,"Bloomberg BGN, exported by Charlie",estr_eonia_euribor6m_1y5y_bbg_2026-10-05.xlsx
2020-12-23,-0.516750,-0.440000,-0.502000,-0.475500,-0.586000,-0.557050,"Bloomberg BGN, exported by Charlie",estr_eonia_euribor6m_1y5y_bbg_2026-10-05.xlsx
2020-12-24,-0.515900,-0.436000,-0.502000,,-0.587000,,"Bloomberg BGN, exported by Charlie",estr_eonia_euribor6m_1y5y_bbg_2026-10-05.xlsx
2020-12-25,-0.515900,-0.436000,,,,,"Bloomberg BGN, exported by Charlie",estr_eonia_euribor6m_1y5y_bbg_2026-10-05.xlsx
2020-12-28,-0.516300,-0.449000,-0.503700,-0.486000,-0.588500,-0.570000,"Bloomberg BGN, exported by Charlie",estr_eonia_euribor6m_1y5y_bbg_2026-10-05.xlsx
2020-12-29,-0.524750,-0.458000,-0.504000,-0.490000,-0.589000,-0.575000,"Bloomberg BGN, exported by Charlie",estr_eonia_euribor6m_1y5y_bbg_2026-10-05.xlsx
2020-12-30,-0.525600,-0.458500,-0.505400,-0.489000,-0.591000,-0.574000,"Bloomberg BGN, exported by Charlie",estr_eonia_euribor6m_1y5y_bbg_2026-10-05.xlsx
2020-12-31,-0.529000,-0.459000,-0.507800,,-0.592000,,"Bloomberg BGN, exported by Charlie",estr_eonia_euribor6m_1y5y_bbg_2026-10-05.xlsx
2021-01-01,-0.529000,,,,,,"Bloomberg BGN, exported by Charlie",estr_eonia_euribor6m_1y5y_bbg_2026-10-05.xlsx
2021-01-04,-0.541250,-0.485000,-0.515000,-0.516300,-0.599000,-0.601500,"Bloomberg BGN, exported by Charlie",estr_eonia_euribor6m_1y5y_bbg_2026-10-05.xlsx
2021-01-05,-0.537250,-0.476000,-0.508700,-0.502000,-0.593500,-0.587000,"Bloomberg BGN, exported by Charlie",estr_eonia_euribor6m_1y5y_bbg_2026-10-05.xlsx
2021-01-06,-0.537000,-0.463000,-0.504500,-0.485000,-0.589000,-0.569000,"Bloomberg BGN, exported by Charlie",estr_eonia_euribor6m_1y5y_bbg_2026-10-05.xlsx
2021-01-07,-0.531750,-0.455500,-0.501000,-0.477000,-0.586000,-0.562000,"Bloomberg BGN, exported by Charlie",estr_eonia_euribor6m_1y5y_bbg_2026-10-05.xlsx
2021-01-08,-0.530750,-0.452000,-0.498200,-0.469700,-0.583000,-0.557500,"Bloomberg BGN, exported by Charlie",estr_eonia_euribor6m_1y5y_bbg_2026-10-05.xlsx
2021-01-11,-0.526750,-0.438250,-0.497200,-0.464000,-0.583000,-0.545000,"Bloomberg BGN, exported by Charlie",estr_eonia_euribor6m_1y5y_bbg_2026-10-05.xlsx
2021-01-12,-0.525750,-0.418000,-0.492000,-0.436000,-0.576000,-0.521000,"Bloomberg BGN, exported by Charlie",estr_eonia_euribor6m_1y5y_bbg_2026-10-05.xlsx
2021-01-13,-0.527750,-0.446250,-0.499000,-0.463200,-0.584000,-0.548000,"Bloomberg BGN, exported by Charlie",estr_eonia_euribor6m_1y5y_bbg_2026-10-05.xlsx
2021-01-14,-0.535250,-0.461000,-0.503900,-0.479800,-0.589500,-0.564500,"Bloomberg BGN, exported by Charlie",estr_eonia_euribor6m_1y5y_bbg_2026-10-05.xlsx
2021-01-15,-0.536750,-0.457500,-0.506000,-0.476800,-0.593000,-0.561000,"Bloomberg BGN, exported by Charlie",estr_eonia_euribor6m_1y5y_bbg_2026-10-05.xlsx
2021-01-18,-0.536500,-0.450000,-0.504000,-0.469000,-0.588500,-0.554000,"Bloomberg BGN, exported by Charlie",estr_eonia_euribor6m_1y5y_bbg_2026-10-05.xlsx
2021-01-19,-0.532000,-0.445000,-0.500800,-0.461000,-0.585400,-0.544000,"Bloomberg BGN, exported by Charlie",estr_eonia_euribor6m_1y5y_bbg_2026-10-05.xlsx
2021-01-20,-0.532500,-0.445250,-0.499000,-0.458500,-0.583500,-0.544000,"Bloomberg BGN, exported by Charlie",estr_eonia_euribor6m_1y5y_bbg_2026-10-05.xlsx
2021-01-21,-0.525500,-0.424000,-0.494000,-0.439000,-0.578250,-0.524000,"Bloomberg BGN, exported by Charlie",estr_eonia_euribor6m_1y5y_bbg_2026-10-05.xlsx
2021-01-22,-0.524000,-0.434000,-0.494300,-0.451000,-0.579000,-0.535750,"Bloomberg BGN, exported by Charlie",estr_eonia_euribor6m_1y5y_bbg_2026-10-05.xlsx
2021-01-25,-0.527700,-0.450000,-0.502000,-0.468000,-0.587000,-0.552000,"Bloomberg BGN, exported by Charlie",estr_eonia_euribor6m_1y5y_bbg_2026-10-05.xlsx
2021-01-26,-0.530500,-0.439000,-0.501000,-0.455500,-0.585250,-0.540000,"Bloomberg BGN, exported by Charlie",estr_eonia_euribor6m_1y5y_bbg_2026-10-05.xlsx
2021-01-27,-0.537900,-0.453500,-0.513000,-0.469000,-0.598000,-0.554000,"Bloomberg BGN, exported by Charlie",estr_eonia_euribor6m_1y5y_bbg_2026-10-05.xlsx
2021-01-28,-0.544500,-0.449400,-0.516300,-0.467000,-0.601000,-0.551750,"Bloomberg BGN, exported by Charlie",estr_eonia_euribor6m_1y5y_bbg_2026-10-05.xlsx
2021-01-29,-0.541000,-0.442750,-0.512300,-0.458000,-0.597500,-0.543250,"Bloomberg BGN, exported by Charlie",estr_eonia_euribor6m_1y5y_bbg_2026-10-05.xlsx
2021-02-01,-0.537750,-0.438600,-0.509100,-0.455500,-0.594000,-0.540250,"Bloomberg BGN, exported by Charlie",estr_eonia_euribor6m_1y5y_bbg_2026-10-05.xlsx
2021-02-02,-0.534300,-0.428400,-0.506500,-0.443000,-0.590750,-0.527000,"Bloomberg BGN, exported by Charlie",estr_eonia_euribor6m_1y5y_bbg_2026-10-05.xlsx
2021-02-03,-0.529000,-0.411000,-0.500000,-0.427000,-0.584500,-0.510000,"Bloomberg BGN, exported by Charlie",estr_eonia_euribor6m_1y5y_bbg_2026-10-05.xlsx
2021-02-04,-0.529750,-0.408000,-0.500000,-0.421000,-0.585500,-0.506000,"Bloomberg BGN, exported by Charlie",estr_eonia_euribor6m_1y5y_bbg_2026-10-05.xlsx
2021-02-05,-0.523700,-0.397000,-0.498000,-0.415000,-0.581000,-0.500000,"Bloomberg BGN, exported by Charlie",estr_eonia_euribor6m_1y5y_bbg_2026-10-05.xlsx
2021-02-08,-0.521250,-0.398000,-0.496700,-0.416000,-0.580450,-0.500500,"Bloomberg BGN, exported by Charlie",estr_eonia_euribor6m_1y5y_bbg_2026-10-05.xlsx
2021-02-09,-0.525850,-0.402000,-0.499000,-0.422000,-0.584000,-0.506500,"Bloomberg BGN, exported by Charlie",estr_eonia_euribor6m_1y5y_bbg_2026-10-05.xlsx
2021-02-10,-0.524750,-0.402500,-0.499000,-0.421000,-0.583000,-0.506000,"Bloomberg BGN, exported by Charlie",estr_eonia_euribor6m_1y5y_bbg_2026-10-05.xlsx
2021-02-11,-0.525050,-0.409000,-0.501000,-0.430000,-0.586000,-0.517000,"Bloomberg BGN, exported by Charlie",estr_eonia_euribor6m_1y5y_bbg_2026-10-05.xlsx
2021-02-12,-0.524650,-0.394000,-0.498700,-0.414000,-0.583500,-0.499000,"Bloomberg BGN, exported by Charlie",estr_eonia_euribor6m_1y5y_bbg_2026-10-05.xlsx
2021-02-15,-0.521000,-0.370600,-0.496000,-0.392700,-0.580000,-0.476100,"Bloomberg BGN, exported by Charlie",estr_eonia_euribor6m_1y5y_bbg_2026-10-05.xlsx
2021-02-16,-0.517500,-0.351750,-0.492300,-0.378000,-0.577000,-0.463500,"Bloomberg BGN, exported by Charlie",estr_eonia_euribor6m_1y5y_bbg_2026-10-05.xlsx
2021-02-17,-0.518750,-0.366750,-0.494800,-0.396000,-0.579000,-0.480000,"Bloomberg BGN, exported by Charlie",estr_eonia_euribor6m_1y5y_bbg_2026-10-05.xlsx
2021-02-18,-0.516000,-0.349000,-0.492000,-0.380000,-0.576600,-0.466000,"Bloomberg BGN, exported by Charlie",estr_eonia_euribor6m_1y5y_bbg_2026-10-05.xlsx
2021-02-19,-0.512150,-0.329500,-0.490400,-0.364000,-0.574500,-0.449000,"Bloomberg BGN, exported by Charlie",estr_eonia_euribor6m_1y5y_bbg_2026-10-05.xlsx
2021-02-22,-0.511500,-0.346750,-0.490400,-0.382000,-0.575000,-0.469000,"Bloomberg BGN, exported by Charlie",estr_eonia_euribor6m_1y5y_bbg_2026-10-05.xlsx
2021-02-23,-0.510650,-0.336000,-0.487000,-0.375000,-0.571650,-0.460000,"Bloomberg BGN, exported by Charlie",estr_eonia_euribor6m_1y5y_bbg_2026-10-05.xlsx
2021-02-24,-0.512500,-0.333000,-0.489700,-0.381000,-0.574250,-0.465000,"Bloomberg BGN, exported by Charlie",estr_eonia_euribor6m_1y5y_bbg_2026-10-05.xlsx
2021-02-25,-0.497000,-0.257000,-0.474000,-0.310200,-0.561750,-0.395250,"Bloomberg BGN, exported by Charlie",estr_eonia_euribor6m_1y5y_bbg_2026-10-05.xlsx
2021-02-26,-0.496000,-0.297750,-0.481000,-0.350300,-0.567000,-0.437750,"Bloomberg BGN, exported by Charlie",estr_eonia_euribor6m_1y5y_bbg_2026-10-05.xlsx
2021-03-01,-0.502800,-0.346000,-0.490200,-0.395000,-0.575750,-0.481000,"Bloomberg BGN, exported by Charlie",estr_eonia_euribor6m_1y5y_bbg_2026-10-05.xlsx
2021-03-02,-0.511350,-0.359000,-0.491000,-0.406000,-0.575350,-0.491000,"Bloomberg BGN, exported by Charlie",estr_eonia_euribor6m_1y5y_bbg_2026-10-05.xlsx
2021-03-03,-0.510000,-0.326000,-0.487000,-0.368000,-0.574000,-0.450000,"Bloomberg BGN, exported by Charlie",estr_eonia_euribor6m_1y5y_bbg_2026-10-05.xlsx
2021-03-04,-0.509000,-0.322000,-0.488000,-0.365000,-0.572500,-0.456750,"Bloomberg BGN, exported by Charlie",estr_eonia_euribor6m_1y5y_bbg_2026-10-05.xlsx
2021-03-05,-0.509150,-0.330000,-0.491000,-0.374000,-0.576750,-0.459250,"Bloomberg BGN, exported by Charlie",estr_eonia_euribor6m_1y5y_bbg_2026-10-05.xlsx
2021-03-08,-0.505500,-0.304250,-0.488600,-0.348500,-0.572750,-0.434000,"Bloomberg BGN, exported by Charlie",estr_eonia_euribor6m_1y5y_bbg_2026-10-05.xlsx
2021-03-09,-0.506850,-0.313000,-0.488000,-0.359000,-0.572550,-0.444000,"Bloomberg BGN, exported by Charlie",estr_eonia_euribor6m_1y5y_bbg_2026-10-05.xlsx
2021-03-10,-0.508850,-0.324000,-0.489000,-0.369000,-0.573250,-0.456000,"Bloomberg BGN, exported by Charlie",estr_eonia_euribor6m_1y5y_bbg_2026-10-05.xlsx
2021-03-11,-0.510750,-0.334150,-0.488700,-0.377000,-0.573250,-0.463000,"Bloomberg BGN, exported by Charlie",estr_eonia_euribor6m_1y5y_bbg_2026-10-05.xlsx
2021-03-12,-0.508750,-0.320000,-0.488000,-0.366000,-0.572000,-0.451000,"Bloomberg BGN, exported by Charlie",estr_eonia_euribor6m_1y5y_bbg_2026-10-05.xlsx
2021-03-15,-0.511350,-0.339000,-0.489500,-0.387000,-0.572350,-0.471000,"Bloomberg BGN, exported by Charlie",estr_eonia_euribor6m_1y5y_bbg_2026-10-05.xlsx
2021-03-16,-0.516150,-0.346000,-0.490400,-0.394000,-0.575250,-0.478750,"Bloomberg BGN, exported by Charlie",estr_eonia_euribor6m_1y5y_bbg_2026-10-05.xlsx
2021-03-17,-0.512700,-0.325000,-0.486000,-0.372000,-0.571000,-0.454000,"Bloomberg BGN, exported by Charlie",estr_eonia_euribor6m_1y5y_bbg_2026-10-05.xlsx
2021-03-18,-0.513500,-0.310750,-0.487000,-0.357700,-0.571250,-0.441250,"Bloomberg BGN, exported by Charlie",estr_eonia_euribor6m_1y5y_bbg_2026-10-05.xlsx
2021-03-19,-0.517000,-0.326600,-0.489000,-0.372000,-0.573250,-0.456000,"Bloomberg BGN, exported by Charlie",estr_eonia_euribor6m_1y5y_bbg_2026-10-05.xlsx
2021-03-22,-0.520000,-0.334000,-0.490000,-0.378500,-0.574750,-0.463250,"Bloomberg BGN, exported by Charlie",estr_eonia_euribor6m_1y5y_bbg_2026-10-05.xlsx
2021-03-23,-0.520000,-0.345000,-0.489300,-0.390300,-0.574000,-0.474950,"Bloomberg BGN, exported by Charlie",estr_eonia_euribor6m_1y5y_bbg_2026-10-05.xlsx
2021-03-24,-0.521250,-0.357250,-0.491300,-0.403000,-0.575250,-0.486000,"Bloomberg BGN, exported by Charlie",estr_eonia_euribor6m_1y5y_bbg_2026-10-05.xlsx
2021-03-25,-0.520700,-0.366750,-0.494000,-0.413000,-0.578750,-0.499000,"Bloomberg BGN, exported by Charlie",estr_eonia_euribor6m_1y5y_bbg_2026-10-05.xlsx
2021-03-26,-0.522500,-0.350750,-0.495600,-0.396500,-0.580950,-0.481000,"Bloomberg BGN, exported by Charlie",estr_eonia_euribor6m_1y5y_bbg_2026-10-05.xlsx
2021-03-29,-0.521150,-0.337900,-0.496000,-0.385500,-0.581600,-0.470350,"Bloomberg BGN, exported by Charlie",estr_eonia_euribor6m_1y5y_bbg_2026-10-05.xlsx
2021-03-30,-0.521500,-0.322000,-0.492700,-0.366000,-0.577000,-0.453000,"Bloomberg BGN, exported by Charlie",estr_eonia_euribor6m_1y5y_bbg_2026-10-05.xlsx
2021-03-31,-0.515250,-0.314250,-0.493000,-0.361500,-0.577650,-0.446250,"Bloomberg BGN, exported by Charlie",estr_eonia_euribor6m_1y5y_bbg_2026-10-05.xlsx
2021-04-01,-0.520150,-0.336000,-0.496700,-0.382000,-0.581250,-0.467000,"Bloomberg BGN, exported by Charlie",estr_eonia_euribor6m_1y5y_bbg_2026-10-05.xlsx
2021-04-02,-0.520000,-0.336000,,-0.383400,,,"Bloomberg BGN, exported by Charlie",estr_eonia_euribor6m_1y5y_bbg_2026-10-05.xlsx
2021-04-05,,,,-0.383400,-0.582000,,"Bloomberg BGN, exported by Charlie",estr_eonia_euribor6m_1y5y_bbg_2026-10-05.xlsx
2021-04-06,-0.521950,-0.335750,-0.495000,-0.384000,-0.581000,-0.469000,"Bloomberg BGN, exported by Charlie",estr_eonia_euribor6m_1y5y_bbg_2026-10-05.xlsx
2021-04-07,-0.523650,-0.343100,-0.497000,-0.395000,-0.582000,-0.480000,"Bloomberg BGN, exported by Charlie",estr_eonia_euribor6m_1y5y_bbg_2026-10-05.xlsx
2021-04-08,-0.525850,-0.354000,-0.500000,-0.402000,-0.584750,-0.487400,"Bloomberg BGN, exported by Charlie",estr_eonia_euribor6m_1y5y_bbg_2026-10-05.xlsx
2021-04-09,-0.525800,-0.327400,-0.495000,-0.374000,-0.581250,-0.459000,"Bloomberg BGN, exported by Charlie",estr_eonia_euribor6m_1y5y_bbg_2026-10-05.xlsx
2021-04-12,-0.521100,-0.324250,-0.493300,-0.369500,-0.578050,-0.454000,"Bloomberg BGN, exported by Charlie",estr_eonia_euribor6m_1y5y_bbg_2026-10-05.xlsx
2021-04-13,-0.523950,-0.324000,-0.494800,-0.371000,-0.579750,-0.459750,"Bloomberg BGN, exported by Charlie",estr_eonia_euribor6m_1y5y_bbg_2026-10-05.xlsx
2021-04-14,-0.512000,-0.296000,-0.491500,-0.341500,-0.575250,-0.426250,"Bloomberg BGN, exported by Charlie",estr_eonia_euribor6m_1y5y_bbg_2026-10-05.xlsx
2021-04-15,-0.516000,-0.328000,-0.494200,-0.375000,-0.578250,-0.459750,"Bloomberg BGN, exported by Charlie",estr_eonia_euribor6m_1y5y_bbg_2026-10-05.xlsx
2021-04-16,-0.513000,-0.307750,-0.492000,-0.355000,-0.576750,-0.439750,"Bloomberg BGN, exported by Charlie",estr_eonia_euribor6m_1y5y_bbg_2026-10-05.xlsx
2021-04-19,-0.510000,-0.282750,-0.489000,-0.333000,-0.574000,-0.418000,"Bloomberg BGN, exported by Charlie",estr_eonia_euribor6m_1y5y_bbg_2026-10-05.xlsx
2021-04-20,-0.510350,-0.300750,-0.491000,-0.350500,-0.575750,-0.435250,"Bloomberg BGN, exported by Charlie",estr_eonia_euribor6m_1y5y_bbg_2026-10-05.xlsx
2021-04-21,-0.511000,-0.304000,-0.491000,-0.357000,-0.575750,-0.440000,"Bloomberg BGN, exported by Charlie",estr_eonia_euribor6m_1y5y_bbg_2026-10-05.xlsx
2021-04-22,-0.512950,-0.299000,-0.492000,-0.346000,-0.576500,-0.431000,"Bloomberg BGN, exported by Charlie",estr_eonia_euribor6m_1y5y_bbg_2026-10-05.xlsx
2021-04-23,-0.512000,-0.294250,-0.491000,-0.346000,-0.575250,-0.431000,"Bloomberg BGN, exported by Charlie",estr_eonia_euribor6m_1y5y_bbg_2026-10-05.xlsx
2021-04-26,-0.510800,-0.288600,-0.490500,-0.339000,-0.575750,-0.423100,"Bloomberg BGN, exported by Charlie",estr_eonia_euribor6m_1y5y_bbg_2026-10-05.xlsx
2021-04-27,-0.511500,-0.283000,-0.491000,-0.335000,-0.575750,-0.421000,"Bloomberg BGN, exported by Charlie",estr_eonia_euribor6m_1y5y_bbg_2026-10-05.xlsx
2021-04-28,-0.510000,-0.275000,-0.491000,-0.327000,-0.573750,-0.407000,"Bloomberg BGN, exported by Charlie",estr_eonia_euribor6m_1y5y_bbg_2026-10-05.xlsx
2021-04-29,-0.508000,-0.248800,-0.489000,-0.304000,-0.572750,-0.389000,"Bloomberg BGN, exported by Charlie",estr_eonia_euribor6m_1y5y_bbg_2026-10-05.xlsx
2021-04-30,-0.512800,-0.263000,-0.492000,-0.317000,-0.576650,-0.402000,"Bloomberg BGN, exported by Charlie",estr_eonia_euribor6m_1y5y_bbg_2026-10-05.xlsx
2021-05-03,-0.512100,-0.263800,-0.493000,-0.316200,-0.576950,-0.401000,"Bloomberg BGN, exported by Charlie",estr_eonia_euribor6m_1y5y_bbg_2026-10-05.xlsx
2021-05-04,-0.514000,-0.283800,-0.494900,-0.347000,-0.579250,-0.432000,"Bloomberg BGN, exported by Charlie",estr_eonia_euribor6m_1y5y_bbg_2026-10-05.xlsx
2021-05-05,-0.511500,-0.284850,-0.492200,-0.343000,-0.576000,-0.425000,"Bloomberg BGN, exported by Charlie",estr_eonia_euribor6m_1y5y_bbg_2026-10-05.xlsx
2021-05-06,-0.510100,-0.282600,-0.492000,-0.341000,-0.577000,-0.427000,"Bloomberg BGN, exported by Charlie",estr_eonia_euribor6m_1y5y_bbg_2026-10-05.xlsx
2021-05-07,-0.508100,-0.265900,-0.489700,-0.327000,-0.575000,-0.413000,"Bloomberg BGN, exported by Charlie",estr_eonia_euribor6m_1y5y_bbg_2026-10-05.xlsx
2021-05-10,-0.508000,-0.267250,-0.490000,-0.328000,-0.575000,-0.412250,"Bloomberg BGN, exported by Charlie",estr_eonia_euribor6m_1y5y_bbg_2026-10-05.xlsx
2021-05-11,-0.505800,-0.243000,-0.486000,-0.304000,-0.571750,-0.388000,"Bloomberg BGN, exported by Charlie",estr_eonia_euribor6m_1y5y_bbg_2026-10-05.xlsx
2021-05-12,-0.506800,-0.223300,-0.487000,-0.279000,-0.571500,-0.364250,"Bloomberg BGN, exported by Charlie",estr_eonia_euribor6m_1y5y_bbg_2026-10-05.xlsx
2021-05-13,-0.507500,-0.225900,-0.487500,-0.285000,-0.571750,-0.372000,"Bloomberg BGN, exported by Charlie",estr_eonia_euribor6m_1y5y_bbg_2026-10-05.xlsx
2021-05-14,-0.508000,-0.229600,-0.486000,-0.286000,-0.571750,-0.371000,"Bloomberg BGN, exported by Charlie",estr_eonia_euribor6m_1y5y_bbg_2026-10-05.xlsx
2021-05-17,-0.507500,-0.225500,-0.485700,-0.286000,-0.569000,-0.369250,"Bloomberg BGN, exported by Charlie",estr_eonia_euribor6m_1y5y_bbg_2026-10-05.xlsx
2021-05-18,-0.508500,-0.210200,-0.485200,-0.272000,-0.572000,-0.357000,"Bloomberg BGN, exported by Charlie",estr_eonia_euribor6m_1y5y_bbg_2026-10-05.xlsx
2021-05-19,-0.505100,-0.211500,-0.484000,-0.270000,-0.568000,-0.354550,"Bloomberg BGN, exported by Charlie",estr_eonia_euribor6m_1y5y_bbg_2026-10-05.xlsx
2021-05-20,-0.505800,-0.208900,-0.482000,-0.268000,-0.566000,-0.353000,"Bloomberg BGN, exported by Charlie",estr_eonia_euribor6m_1y5y_bbg_2026-10-05.xlsx
2021-05-21,-0.504900,-0.232200,-0.483000,-0.290000,-0.567750,-0.374750,"Bloomberg BGN, exported by Charlie",estr_eonia_euribor6m_1y5y_bbg_2026-10-05.xlsx
2021-05-24,-0.502900,-0.238400,-0.482000,-0.296000,-0.567000,-0.380250,"Bloomberg BGN, exported by Charlie",estr_eonia_euribor6m_1y5y_bbg_2026-10-05.xlsx
2021-05-25,-0.501500,-0.254700,-0.483700,-0.311000,-0.567750,-0.394000,"Bloomberg BGN, exported by Charlie",estr_eonia_euribor6m_1y5y_bbg_2026-10-05.xlsx
2021-05-26,-0.502000,-0.274800,-0.483200,-0.330000,-0.567750,-0.415000,"Bloomberg BGN, exported by Charlie",estr_eonia_euribor6m_1y5y_bbg_2026-10-05.xlsx
2021-05-27,-0.501700,-0.249000,-0.481500,-0.304000,-0.566550,-0.388750,"Bloomberg BGN, exported by Charlie",estr_eonia_euribor6m_1y5y_bbg_2026-10-05.xlsx
2021-05-28,-0.504900,-0.258800,-0.483300,-0.313000,-0.568500,-0.396250,"Bloomberg BGN, exported by Charlie",estr_eonia_euribor6m_1y5y_bbg_2026-10-05.xlsx
2021-05-31,-0.506800,-0.261300,-0.484500,-0.315000,-0.569000,-0.401000,"Bloomberg BGN, exported by Charlie",estr_eonia_euribor6m_1y5y_bbg_2026-10-05.xlsx
2021-06-01,-0.509100,-0.263250,-0.484500,-0.316000,-0.569000,-0.401000,"Bloomberg BGN, exported by Charlie",estr_eonia_euribor6m_1y5y_bbg_2026-10-05.xlsx
2021-06-02,-0.510700,-0.272800,-0.485100,-0.327100,-0.569750,-0.411050,"Bloomberg BGN, exported by Charlie",estr_eonia_euribor6m_1y5y_bbg_2026-10-05.xlsx
2021-06-03,-0.509900,-0.262750,-0.483000,-0.316000,-0.567750,-0.401000,"Bloomberg BGN, exported by Charlie",estr_eonia_euribor6m_1y5y_bbg_2026-10-05.xlsx
2021-06-04,-0.507800,-0.276300,-0.484000,-0.326000,-0.569000,-0.410000,"Bloomberg BGN, exported by Charlie",estr_eonia_euribor6m_1y5y_bbg_2026-10-05.xlsx
2021-06-07,-0.505000,-0.263700,-0.482000,-0.317000,-0.566250,-0.400250,"Bloomberg BGN, exported by Charlie",estr_eonia_euribor6m_1y5y_bbg_2026-10-05.xlsx
2021-06-08,-0.506900,-0.276300,-0.482000,-0.326000,-0.566700,-0.410900,"Bloomberg BGN, exported by Charlie",estr_eonia_euribor6m_1y5y_bbg_2026-10-05.xlsx
2021-06-09,-0.509800,-0.290050,-0.484000,-0.338000,-0.568000,-0.422750,"Bloomberg BGN, exported by Charlie",estr_eonia_euribor6m_1y5y_bbg_2026-10-05.xlsx
2021-06-10,-0.512600,-0.296000,-0.487000,-0.345000,-0.572000,-0.430000,"Bloomberg BGN, exported by Charlie",estr_eonia_euribor6m_1y5y_bbg_2026-10-05.xlsx
2021-06-11,-0.515500,-0.304700,-0.485300,-0.351100,-0.570000,-0.436000,"Bloomberg BGN, exported by Charlie",estr_eonia_euribor6m_1y5y_bbg_2026-10-05.xlsx
2021-06-14,-0.514100,-0.287000,-0.482700,-0.332000,-0.567050,-0.417250,"Bloomberg BGN, exported by Charlie",estr_eonia_euribor6m_1y5y_bbg_2026-10-05.xlsx
2021-06-15,-0.513900,-0.278750,-0.482000,-0.322000,-0.566750,-0.407000,"Bloomberg BGN, exported by Charlie",estr_eonia_euribor6m_1y5y_bbg_2026-10-05.xlsx
2021-06-16,-0.512700,-0.286250,-0.478300,-0.331400,-0.567000,-0.416000,"Bloomberg BGN, exported by Charlie",estr_eonia_euribor6m_1y5y_bbg_2026-10-05.xlsx
2021-06-17,-0.508000,-0.270500,-0.479500,-0.314000,-0.565000,-0.403000,"Bloomberg BGN, exported by Charlie",estr_eonia_euribor6m_1y5y_bbg_2026-10-05.xlsx
2021-06-18,-0.505500,-0.259000,-0.476800,-0.303000,-0.561500,-0.387000,"Bloomberg BGN, exported by Charlie",estr_eonia_euribor6m_1y5y_bbg_2026-10-05.xlsx
2021-06-21,-0.500700,-0.239950,-0.474000,-0.286000,-0.560000,-0.373250,"Bloomberg BGN, exported by Charlie",estr_eonia_euribor6m_1y5y_bbg_2026-10-05.xlsx
2021-06-22,-0.497800,-0.244000,-0.474500,-0.290500,-0.559000,-0.375000,"Bloomberg BGN, exported by Charlie",estr_eonia_euribor6m_1y5y_bbg_2026-10-05.xlsx
2021-06-23,-0.499500,-0.249650,-0.475300,-0.298000,-0.560750,-0.385000,"Bloomberg BGN, exported by Charlie",estr_eonia_euribor6m_1y5y_bbg_2026-10-05.xlsx
2021-06-24,-0.497000,-0.249300,-0.472200,-0.295000,-0.559100,-0.381400,"Bloomberg BGN, exported by Charlie",estr_eonia_euribor6m_1y5y_bbg_2026-10-05.xlsx
2021-06-25,-0.499700,-0.233600,-0.475000,-0.279000,-0.558750,-0.362000,"Bloomberg BGN, exported by Charlie",estr_eonia_euribor6m_1y5y_bbg_2026-10-05.xlsx
2021-06-28,-0.500800,-0.245750,-0.477000,-0.292000,-0.561000,-0.377000,"Bloomberg BGN, exported by Charlie",estr_eonia_euribor6m_1y5y_bbg_2026-10-05.xlsx
2021-06-29,-0.500800,-0.234700,-0.476200,-0.283300,-0.560850,-0.367500,"Bloomberg BGN, exported by Charlie",estr_eonia_euribor6m_1y5y_bbg_2026-10-05.xlsx
2021-06-30,-0.504900,-0.256600,-0.479100,-0.303600,-0.564000,-0.388600,"Bloomberg BGN, exported by Charlie",estr_eonia_euribor6m_1y5y_bbg_2026-10-05.xlsx
2021-07-01,-0.504900,-0.257000,-0.482000,-0.304000,-0.565000,-0.388750,"Bloomberg BGN, exported by Charlie",estr_eonia_euribor6m_1y5y_bbg_2026-10-05.xlsx
2021-07-02,-0.505900,-0.278600,-0.483000,-0.324000,-0.567750,-0.407000,"Bloomberg BGN, exported by Charlie",estr_eonia_euribor6m_1y5y_bbg_2026-10-05.xlsx
2021-07-05,-0.504100,-0.259900,-0.480500,-0.305000,-0.565250,-0.389900,"Bloomberg BGN, exported by Charlie",estr_eonia_euribor6m_1y5y_bbg_2026-10-05.xlsx
2021-07-06,-0.505500,-0.290900,-0.481000,-0.339300,-0.565750,-0.423250,"Bloomberg BGN, exported by Charlie",estr_eonia_euribor6m_1y5y_bbg_2026-10-05.xlsx
2021-07-07,-0.504400,-0.308000,-0.481000,-0.358000,-0.565250,-0.442000,"Bloomberg BGN, exported by Charlie",estr_eonia_euribor6m_1y5y_bbg_2026-10-05.xlsx
2021-07-08,-0.507200,-0.312000,-0.483000,-0.358000,-0.567000,-0.444250,"Bloomberg BGN, exported by Charlie",estr_eonia_euribor6m_1y5y_bbg_2026-10-05.xlsx
2021-07-09,-0.505600,-0.303000,-0.480500,-0.352000,-0.565250,-0.436000,"Bloomberg BGN, exported by Charlie",estr_eonia_euribor6m_1y5y_bbg_2026-10-05.xlsx
2021-07-12,-0.504700,-0.301000,-0.482000,-0.349000,-0.565600,-0.434000,"Bloomberg BGN, exported by Charlie",estr_eonia_euribor6m_1y5y_bbg_2026-10-05.xlsx
2021-07-13,-0.503600,-0.295750,-0.479700,-0.346700,-0.564000,-0.433000,"Bloomberg BGN, exported by Charlie",estr_eonia_euribor6m_1y5y_bbg_2026-10-05.xlsx
2021-07-14,-0.503200,-0.306000,-0.478800,-0.358000,-0.563000,-0.442000,"Bloomberg BGN, exported by Charlie",estr_eonia_euribor6m_1y5y_bbg_2026-10-05.xlsx
2021-07-15,-0.503100,-0.312000,-0.479000,-0.366900,-0.563700,-0.451000,"Bloomberg BGN, exported by Charlie",estr_eonia_euribor6m_1y5y_bbg_2026-10-05.xlsx
2021-07-16,-0.504000,-0.317000,-0.478000,-0.373000,-0.563500,-0.457950,"Bloomberg BGN, exported by Charlie",estr_eonia_euribor6m_1y5y_bbg_2026-10-05.xlsx
2021-07-19,-0.505500,-0.335750,-0.480000,-0.391000,-0.564400,-0.471250,"Bloomberg BGN, exported by Charlie",estr_eonia_euribor6m_1y5y_bbg_2026-10-05.xlsx
2021-07-20,-0.504300,-0.345000,-0.482000,-0.405700,-0.566600,-0.492000,"Bloomberg BGN, exported by Charlie",estr_eonia_euribor6m_1y5y_bbg_2026-10-05.xlsx
2021-07-21,-0.501900,-0.330100,-0.483200,-0.388800,-0.567000,-0.473000,"Bloomberg BGN, exported by Charlie",estr_eonia_euribor6m_1y5y_bbg_2026-10-05.xlsx
2021-07-22,-0.509300,-0.350000,-0.486000,-0.399000,-0.571000,-0.489250,"Bloomberg BGN, exported by Charlie",estr_eonia_euribor6m_1y5y_bbg_2026-10-05.xlsx
2021-07-23,-0.514400,-0.351100,-0.488000,-0.404000,-0.575000,-0.487250,"Bloomberg BGN, exported by Charlie",estr_eonia_euribor6m_1y5y_bbg_2026-10-05.xlsx
2021-07-26,-0.515100,-0.347000,-0.489000,-0.400000,-0.573750,-0.485350,"Bloomberg BGN, exported by Charlie",estr_eonia_euribor6m_1y5y_bbg_2026-10-05.xlsx
2021-07-27,-0.517400,-0.358000,-0.490300,-0.409000,-0.574800,-0.496000,"Bloomberg BGN, exported by Charlie",estr_eonia_euribor6m_1y5y_bbg_2026-10-05.xlsx
2021-07-28,-0.520150,-0.355800,-0.490200,-0.409000,-0.574000,-0.493250,"Bloomberg BGN, exported by Charlie",estr_eonia_euribor6m_1y5y_bbg_2026-10-05.xlsx
2021-07-29,-0.519500,-0.360000,-0.491300,-0.409900,-0.575750,-0.494750,"Bloomberg BGN, exported by Charlie",estr_eonia_euribor6m_1y5y_bbg_2026-10-05.xlsx
2021-07-30,-0.520600,-0.363250,-0.491000,-0.412000,-0.576000,-0.497000,"Bloomberg BGN, exported by Charlie",estr_eonia_euribor6m_1y5y_bbg_2026-10-05.xlsx
2021-08-02,-0.523300,-0.380000,-0.494400,-0.429000,-0.580000,-0.516000,"Bloomberg BGN, exported by Charlie",estr_eonia_euribor6m_1y5y_bbg_2026-10-05.xlsx
2021-08-03,-0.525100,-0.383500,-0.495000,-0.433000,-0.579000,-0.518000,"Bloomberg BGN, exported by Charlie",estr_eonia_euribor6m_1y5y_bbg_2026-10-05.xlsx
2021-08-04,-0.528600,-0.388900,-0.493800,-0.436000,-0.578700,-0.521000,"Bloomberg BGN, exported by Charlie",estr_eonia_euribor6m_1y5y_bbg_2026-10-05.xlsx
2021-08-05,-0.523800,-0.385200,-0.492000,-0.436000,-0.576300,-0.521050,"Bloomberg BGN, exported by Charlie",estr_eonia_euribor6m_1y5y_bbg_2026-10-05.xlsx
2021-08-06,-0.520700,-0.361000,-0.491000,-0.411000,-0.575000,-0.498750,"Bloomberg BGN, exported by Charlie",estr_eonia_euribor6m_1y5y_bbg_2026-10-05.xlsx
2021-08-09,-0.520900,-0.366000,-0.489100,-0.416000,-0.574000,-0.500000,"Bloomberg BGN, exported by Charlie",estr_eonia_euribor6m_1y5y_bbg_2026-10-05.xlsx
2021-08-10,-0.522200,-0.361000,-0.490000,-0.415000,-0.574250,-0.502250,"Bloomberg BGN, exported by Charlie",estr_eonia_euribor6m_1y5y_bbg_2026-10-05.xlsx
2021-08-11,-0.524500,-0.372950,-0.491000,-0.421000,-0.575250,-0.506950,"Bloomberg BGN, exported by Charlie",estr_eonia_euribor6m_1y5y_bbg_2026-10-05.xlsx
2021-08-12,-0.522900,-0.364400,-0.489000,-0.412000,-0.575000,-0.499100,"Bloomberg BGN, exported by Charlie",estr_eonia_euribor6m_1y5y_bbg_2026-10-05.xlsx
2021-08-13,-0.522900,-0.373000,-0.490000,-0.421000,-0.574250,-0.506000,"Bloomberg BGN, exported by Charlie",estr_eonia_euribor6m_1y5y_bbg_2026-10-05.xlsx
2021-08-16,-0.521500,-0.369500,-0.490000,-0.422000,-0.575000,-0.507000,"Bloomberg BGN, exported by Charlie",estr_eonia_euribor6m_1y5y_bbg_2026-10-05.xlsx
2021-08-17,-0.522000,-0.370600,-0.491000,-0.424000,-0.575500,-0.506250,"Bloomberg BGN, exported by Charlie",estr_eonia_euribor6m_1y5y_bbg_2026-10-05.xlsx
2021-08-18,-0.523300,-0.373100,-0.492000,-0.423000,-0.577300,-0.511000,"Bloomberg BGN, exported by Charlie",estr_eonia_euribor6m_1y5y_bbg_2026-10-05.xlsx
2021-08-19,-0.524800,-0.381000,-0.494000,-0.431000,-0.579000,-0.517000,"Bloomberg BGN, exported by Charlie",estr_eonia_euribor6m_1y5y_bbg_2026-10-05.xlsx
2021-08-20,-0.523500,-0.382000,-0.494000,-0.432000,-0.579000,-0.519000,"Bloomberg BGN, exported by Charlie",estr_eonia_euribor6m_1y5y_bbg_2026-10-05.xlsx
2021-08-23,-0.525050,-0.377500,-0.494700,-0.434000,-0.579750,-0.516350,"Bloomberg BGN, exported by Charlie",estr_eonia_euribor6m_1y5y_bbg_2026-10-05.xlsx
2021-08-24,-0.524500,-0.378760,-0.495000,-0.432000,-0.580300,-0.516000,"Bloomberg BGN, exported by Charlie",estr_eonia_euribor6m_1y5y_bbg_2026-10-05.xlsx
2021-08-25,-0.523200,-0.356000,-0.493000,-0.407500,-0.578750,-0.493000,"Bloomberg BGN, exported by Charlie",estr_eonia_euribor6m_1y5y_bbg_2026-10-05.xlsx
2021-08-26,-0.523400,-0.346500,-0.490200,-0.392000,-0.576000,-0.479250,"Bloomberg BGN, exported by Charlie",estr_eonia_euribor6m_1y5y_bbg_2026-10-05.xlsx
2021-08-27,-0.523000,-0.350100,-0.490800,-0.400000,-0.575100,-0.481300,"Bloomberg BGN, exported by Charlie",estr_eonia_euribor6m_1y5y_bbg_2026-10-05.xlsx
2021-08-30,-0.522400,-0.358800,-0.490000,-0.407000,-0.575000,-0.493800,"Bloomberg BGN, exported by Charlie",estr_eonia_euribor6m_1y5y_bbg_2026-10-05.xlsx
2021-08-31,-0.515700,-0.331200,-0.489000,-0.385000,-0.572000,-0.469000,"Bloomberg BGN, exported by Charlie",estr_eonia_euribor6m_1y5y_bbg_2026-10-05.xlsx
2021-09-01,-0.515200,-0.324900,-0.486700,-0.381000,-0.572250,-0.464000,"Bloomberg BGN, exported by Charlie",estr_eonia_euribor6m_1y5y_bbg_2026-10-05.xlsx
2021-09-02,-0.515000,-0.334750,-0.489000,-0.388400,-0.574000,-0.473000,"Bloomberg BGN, exported by Charlie",estr_eonia_euribor6m_1y5y_bbg_2026-10-05.xlsx
2021-09-03,-0.514300,-0.315500,-0.488000,-0.371000,-0.573000,-0.456000,"Bloomberg BGN, exported by Charlie",estr_eonia_euribor6m_1y5y_bbg_2026-10-05.xlsx
2021-09-06,-0.513000,-0.310500,-0.487000,-0.367200,-0.572000,-0.452650,"Bloomberg BGN, exported by Charlie",estr_eonia_euribor6m_1y5y_bbg_2026-10-05.xlsx
2021-09-07,-0.508800,-0.290000,-0.483000,-0.344000,-0.568750,-0.428000,"Bloomberg BGN, exported by Charlie",estr_eonia_euribor6m_1y5y_bbg_2026-10-05.xlsx
2021-09-08,-0.506400,-0.287000,-0.483000,-0.339000,-0.566900,-0.427000,"Bloomberg BGN, exported by Charlie",estr_eonia_euribor6m_1y5y_bbg_2026-10-05.xlsx
2021-09-09,-0.508900,-0.310200,-0.485000,-0.363200,-0.568750,-0.448000,"Bloomberg BGN, exported by Charlie",estr_eonia_euribor6m_1y5y_bbg_2026-10-05.xlsx
2021-09-10,-0.505800,-0.285000,-0.481000,-0.340000,-0.566750,-0.424000,"Bloomberg BGN, exported by Charlie",estr_eonia_euribor6m_1y5y_bbg_2026-10-05.xlsx
2021-09-13,-0.505600,-0.282500,-0.480000,-0.337000,-0.564550,-0.422000,"Bloomberg BGN, exported by Charlie",estr_eonia_euribor6m_1y5y_bbg_2026-10-05.xlsx
2021-09-14,-0.506100,-0.290600,-0.480900,-0.344900,-0.565250,-0.427250,"Bloomberg BGN, exported by Charlie",estr_eonia_euribor6m_1y5y_bbg_2026-10-05.xlsx
2021-09-15,-0.505400,-0.271500,-0.479000,-0.326000,-0.564000,-0.412000,"Bloomberg BGN, exported by Charlie",estr_eonia_euribor6m_1y5y_bbg_2026-10-05.xlsx
2021-09-16,-0.503700,-0.267450,-0.480000,-0.322000,-0.565000,-0.406000,"Bloomberg BGN, exported by Charlie",estr_eonia_euribor6m_1y5y_bbg_2026-10-05.xlsx
2021-09-17,-0.505900,-0.248000,-0.480000,-0.305000,-0.564750,-0.391000,"Bloomberg BGN, exported by Charlie",estr_eonia_euribor6m_1y5y_bbg_2026-10-05.xlsx
2021-09-20,-0.506000,-0.258500,-0.480000,-0.323000,-0.566100,-0.408750,"Bloomberg BGN, exported by Charlie",estr_eonia_euribor6m_1y5y_bbg_2026-10-05.xlsx
2021-09-21,-0.507400,-0.257700,-0.482000,-0.327000,-0.566400,-0.411000,"Bloomberg BGN, exported by Charlie",estr_eonia_euribor6m_1y5y_bbg_2026-10-05.xlsx
2021-09-22,-0.503300,-0.263000,-0.481000,-0.331000,-0.565000,-0.413750,"Bloomberg BGN, exported by Charlie",estr_eonia_euribor6m_1y5y_bbg_2026-10-05.xlsx
2021-09-23,-0.502500,-0.210500,-0.476000,-0.284000,-0.563250,-0.369250,"Bloomberg BGN, exported by Charlie",estr_eonia_euribor6m_1y5y_bbg_2026-10-05.xlsx
2021-09-24,-0.499800,-0.196500,-0.478700,-0.270000,-0.563400,-0.357750,"Bloomberg BGN, exported by Charlie",estr_eonia_euribor6m_1y5y_bbg_2026-10-05.xlsx
2021-09-27,-0.498000,-0.191500,-0.479300,-0.268000,-0.563800,-0.353000,"Bloomberg BGN, exported by Charlie",estr_eonia_euribor6m_1y5y_bbg_2026-10-05.xlsx
2021-09-28,-0.498700,-0.176500,-0.478300,-0.255000,-0.562000,-0.340000,"Bloomberg BGN, exported by Charlie",estr_eonia_euribor6m_1y5y_bbg_2026-10-05.xlsx
2021-09-29,-0.499100,-0.186800,-0.478000,-0.260700,-0.562000,-0.351000,"Bloomberg BGN, exported by Charlie",estr_eonia_euribor6m_1y5y_bbg_2026-10-05.xlsx
2021-09-30,-0.502200,-0.192700,-0.478000,-0.266000,-0.562000,-0.350000,"Bloomberg BGN, exported by Charlie",estr_eonia_euribor6m_1y5y_bbg_2026-10-05.xlsx
2021-10-01,-0.504400,-0.206750,-0.480000,-0.276000,-0.563250,-0.361750,"Bloomberg BGN, exported by Charlie",estr_eonia_euribor6m_1y5y_bbg_2026-10-05.xlsx
2021-10-04,-0.505800,-0.205200,-0.479000,-0.277000,-0.564500,-0.359700,"Bloomberg BGN, exported by Charlie",estr_eonia_euribor6m_1y5y_bbg_2026-10-05.xlsx
2021-10-05,-0.503600,-0.179500,-0.476000,-0.254000,-0.562000,-0.338250,"Bloomberg BGN, exported by Charlie",estr_eonia_euribor6m_1y5y_bbg_2026-10-05.xlsx
2021-10-06,-0.500750,-0.175700,-0.472500,-0.247000,-0.557200,-0.332000,"Bloomberg BGN, exported by Charlie",estr_eonia_euribor6m_1y5y_bbg_2026-10-05.xlsx
2021-10-07,-0.498700,-0.177100,-0.470300,-0.245000,-0.554900,-0.327500,"Bloomberg BGN, exported by Charlie",estr_eonia_euribor6m_1y5y_bbg_2026-10-05.xlsx
2021-10-08,-0.489900,-0.138500,-0.466000,-0.214000,-0.549750,-0.299000,"Bloomberg BGN, exported by Charlie",estr_eonia_euribor6m_1y5y_bbg_2026-10-05.xlsx
2021-10-11,-0.490000,-0.101500,-0.464000,-0.180000,-0.549750,-0.263850,"Bloomberg BGN, exported by Charlie",estr_eonia_euribor6m_1y5y_bbg_2026-10-05.xlsx
2021-10-12,-0.487500,-0.074000,-0.461000,-0.147000,-0.546250,-0.232000,"Bloomberg BGN, exported by Charlie",estr_eonia_euribor6m_1y5y_bbg_2026-10-05.xlsx
2021-10-13,-0.491500,-0.088000,-0.467000,-0.160000,-0.550000,-0.244250,"Bloomberg BGN, exported by Charlie",estr_eonia_euribor6m_1y5y_bbg_2026-10-05.xlsx
2021-10-14,-0.499500,-0.148250,-0.475000,-0.221000,-0.559500,-0.305000,"Bloomberg BGN, exported by Charlie",estr_eonia_euribor6m_1y5y_bbg_2026-10-05.xlsx
2021-10-15,-0.498000,-0.123500,-0.470000,-0.200000,-0.555450,-0.282000,"Bloomberg BGN, exported by Charlie",estr_eonia_euribor6m_1y5y_bbg_2026-10-05.xlsx
2021-10-18,-0.478900,-0.066500,-0.448000,-0.134000,-0.536000,-0.217750,"Bloomberg BGN, exported by Charlie",estr_eonia_euribor6m_1y5y_bbg_2026-10-05.xlsx
2021-10-19,-0.479600,-0.047900,-0.460000,-0.130000,-0.543000,-0.210000,"Bloomberg BGN, exported by Charlie",estr_eonia_euribor6m_1y5y_bbg_2026-10-05.xlsx
2021-10-20,-0.491200,-0.080500,-0.465000,-0.165000,-0.553000,-0.249000,"Bloomberg BGN, exported by Charlie",estr_eonia_euribor6m_1y5y_bbg_2026-10-05.xlsx
2021-10-21,-0.480600,-0.040000,-0.459000,-0.107000,-0.545000,-0.193000,"Bloomberg BGN, exported by Charlie",estr_eonia_euribor6m_1y5y_bbg_2026-10-05.xlsx
2021-10-22,-0.484300,-0.023500,-0.462000,-0.111000,-0.544750,-0.200000,"Bloomberg BGN, exported by Charlie",estr_eonia_euribor6m_1y5y_bbg_2026-10-05.xlsx
2021-10-25,-0.488400,-0.042000,-0.469000,-0.126000,-0.553750,-0.212000,"Bloomberg BGN, exported by Charlie",estr_eonia_euribor6m_1y5y_bbg_2026-10-05.xlsx
2021-10-26,-0.490200,-0.034400,-0.470000,-0.128000,-0.552750,-0.212000,"Bloomberg BGN, exported by Charlie",estr_eonia_euribor6m_1y5y_bbg_2026-10-05.xlsx
2021-10-27,-0.469600,-0.057500,-0.445000,-0.158000,-0.528250,-0.244000,"Bloomberg BGN, exported by Charlie",estr_eonia_euribor6m_1y5y_bbg_2026-10-05.xlsx
2021-10-28,-0.445400,-0.017000,-0.447000,-0.116000,-0.506250,-0.203000,"Bloomberg BGN, exported by Charlie",estr_eonia_euribor6m_1y5y_bbg_2026-10-05.xlsx
2021-10-29,-0.442500,0.042500,-0.431000,-0.068000,-0.514750,-0.156050,"Bloomberg BGN, exported by Charlie",estr_eonia_euribor6m_1y5y_bbg_2026-10-05.xlsx
2021-11-01,-0.459600,0.026600,-0.448000,-0.087000,-0.530250,-0.173000,"Bloomberg BGN, exported by Charlie",estr_eonia_euribor6m_1y5y_bbg_2026-10-05.xlsx
2021-11-02,-0.482500,-0.051600,-0.463000,-0.150000,-0.544500,-0.231350,"Bloomberg BGN, exported by Charlie",estr_eonia_euribor6m_1y5y_bbg_2026-10-05.xlsx
2021-11-03,-0.489500,-0.040000,-0.461000,-0.134000,-0.527750,-0.220000,"Bloomberg BGN, exported by Charlie",estr_eonia_euribor6m_1y5y_bbg_2026-10-05.xlsx
2021-11-04,-0.491000,-0.143000,-0.455000,-0.216000,-0.541250,-0.303000,"Bloomberg BGN, exported by Charlie",estr_eonia_euribor6m_1y5y_bbg_2026-10-05.xlsx
2021-11-05,-0.492600,-0.156750,-0.454000,-0.220000,-0.555000,-0.306750,"Bloomberg BGN, exported by Charlie",estr_eonia_euribor6m_1y5y_bbg_2026-10-05.xlsx
2021-11-08,-0.487900,-0.130000,-0.454000,-0.189000,-0.536000,-0.279000,"Bloomberg BGN, exported by Charlie",estr_eonia_euribor6m_1y5y_bbg_2026-10-05.xlsx
2021-11-09,-0.488600,-0.152000,-0.456000,-0.223000,-0.539750,-0.307000,"Bloomberg BGN, exported by Charlie",estr_eonia_euribor6m_1y5y_bbg_2026-10-05.xlsx
2021-11-10,-0.471400,-0.070500,-0.450000,-0.145000,-0.532250,-0.236000,"Bloomberg BGN, exported by Charlie",estr_eonia_euribor6m_1y5y_bbg_2026-10-05.xlsx
2021-11-11,-0.466400,-0.032200,-0.448000,-0.122000,-0.534000,-0.206000,"Bloomberg BGN, exported by Charlie",estr_eonia_euribor6m_1y5y_bbg_2026-10-05.xlsx
2021-11-12,-0.479200,-0.070200,-0.456000,-0.159000,-0.539250,-0.246750,"Bloomberg BGN, exported by Charlie",estr_eonia_euribor6m_1y5y_bbg_2026-10-05.xlsx
2021-11-15,-0.481500,-0.065900,-0.463000,-0.158000,-0.547250,-0.243000,"Bloomberg BGN, exported by Charlie",estr_eonia_euribor6m_1y5y_bbg_2026-10-05.xlsx
2021-11-16,-0.482300,-0.067500,-0.461000,-0.163000,-0.547000,-0.249250,"Bloomberg BGN, exported by Charlie",estr_eonia_euribor6m_1y5y_bbg_2026-10-05.xlsx
2021-11-17,-0.492300,-0.085000,-0.468000,-0.177000,-0.554000,-0.267000,"Bloomberg BGN, exported by Charlie",estr_eonia_euribor6m_1y5y_bbg_2026-10-05.xlsx
2021-11-18,-0.493400,-0.089500,-0.469000,-0.184000,-0.555000,-0.270000,"Bloomberg BGN, exported by Charlie",estr_eonia_euribor6m_1y5y_bbg_2026-10-05.xlsx
2021-11-19,-0.496000,-0.142150,-0.474000,-0.228000,-0.559250,-0.315000,"Bloomberg BGN, exported by Charlie",estr_eonia_euribor6m_1y5y_bbg_2026-10-05.xlsx
2021-11-22,-0.490600,-0.116750,-0.469000,-0.201000,-0.552250,-0.286000,"Bloomberg BGN, exported by Charlie",estr_eonia_euribor6m_1y5y_bbg_2026-10-05.xlsx
2021-11-23,-0.484000,-0.065000,-0.461000,-0.160000,-0.544000,-0.245750,"Bloomberg BGN, exported by Charlie",estr_eonia_euribor6m_1y5y_bbg_2026-10-05.xlsx
2021-11-24,-0.491200,-0.071750,-0.468000,-0.162000,-0.553000,-0.248000,"Bloomberg BGN, exported by Charlie",estr_eonia_euribor6m_1y5y_bbg_2026-10-05.xlsx
2021-11-25,-0.493800,-0.081500,-0.469000,-0.179000,-0.554250,-0.264450,"Bloomberg BGN, exported by Charlie",estr_eonia_euribor6m_1y5y_bbg_2026-10-05.xlsx
2021-11-26,-0.501000,-0.145000,-0.481000,-0.245000,-0.566500,-0.333000,"Bloomberg BGN, exported by Charlie",estr_eonia_euribor6m_1y5y_bbg_2026-10-05.xlsx
2021-11-29,-0.497800,-0.121500,-0.479000,-0.214000,-0.562000,-0.301000,"Bloomberg BGN, exported by Charlie",estr_eonia_euribor6m_1y5y_bbg_2026-10-05.xlsx
2021-11-30,-0.495400,-0.122250,-0.475000,-0.220000,-0.561000,-0.305000,"Bloomberg BGN, exported by Charlie",estr_eonia_euribor6m_1y5y_bbg_2026-10-05.xlsx
2021-12-01,-0.493800,-0.119000,-0.471000,-0.215000,-0.556250,-0.300000,"Bloomberg BGN, exported by Charlie",estr_eonia_euribor6m_1y5y_bbg_2026-10-05.xlsx
2021-12-02,-0.493700,-0.132750,-0.472000,-0.229000,-0.555250,-0.314000,"Bloomberg BGN, exported by Charlie",estr_eonia_euribor6m_1y5y_bbg_2026-10-05.xlsx
2021-12-03,-0.494700,-0.146600,-0.475000,-0.234000,-0.569000,-0.318000,"Bloomberg BGN, exported by Charlie",estr_eonia_euribor6m_1y5y_bbg_2026-10-05.xlsx
2021-12-06,-0.489900,-0.135200,-0.467000,-0.225000,-0.551250,-0.309000,"Bloomberg BGN, exported by Charlie",estr_eonia_euribor6m_1y5y_bbg_2026-10-05.xlsx
2021-12-07,-0.486800,-0.117000,-0.466000,-0.212000,-0.551250,-0.296000,"Bloomberg BGN, exported by Charlie",estr_eonia_euribor6m_1y5y_bbg_2026-10-05.xlsx
2021-12-08,-0.485200,-0.091250,-0.462000,-0.180000,-0.548450,-0.264750,"Bloomberg BGN, exported by Charlie",estr_eonia_euribor6m_1y5y_bbg_2026-10-05.xlsx
2021-12-09,-0.488600,-0.124250,-0.465000,-0.213000,-0.548750,-0.296000,"Bloomberg BGN, exported by Charlie",estr_eonia_euribor6m_1y5y_bbg_2026-10-05.xlsx
2021-12-10,-0.492700,-0.119250,-0.469000,-0.206000,-0.553750,-0.292000,"Bloomberg BGN, exported by Charlie",estr_eonia_euribor6m_1y5y_bbg_2026-10-05.xlsx
2021-12-13,-0.496500,-0.138000,-0.471000,-0.227000,-0.554750,-0.312000,"Bloomberg BGN, exported by Charlie",estr_eonia_euribor6m_1y5y_bbg_2026-10-05.xlsx
2021-12-14,-0.491700,-0.127000,-0.467000,-0.214000,-0.553000,-0.303000,"Bloomberg BGN, exported by Charlie",estr_eonia_euribor6m_1y5y_bbg_2026-10-05.xlsx
2021-12-15,-0.486700,-0.107500,-0.463000,-0.198000,-0.545250,-0.285000,"Bloomberg BGN, exported by Charlie",estr_eonia_euribor6m_1y5y_bbg_2026-10-05.xlsx
2021-12-16,-0.500900,-0.117750,-0.473000,-0.214000,-0.548000,-0.296000,"Bloomberg BGN, exported by Charlie",estr_eonia_euribor6m_1y5y_bbg_2026-10-05.xlsx
2021-12-17,-0.511100,-0.131500,-0.481000,-0.229000,-0.574000,-0.311000,"Bloomberg BGN, exported by Charlie",estr_eonia_euribor6m_1y5y_bbg_2026-10-05.xlsx
2021-12-20,-0.511700,-0.122500,-0.477000,-0.223000,-0.563000,-0.303750,"Bloomberg BGN, exported by Charlie",estr_eonia_euribor6m_1y5y_bbg_2026-10-05.xlsx
2021-12-21,-0.502800,-0.077500,-0.469000,-0.181000,-0.555000,-0.269000,"Bloomberg BGN, exported by Charlie",estr_eonia_euribor6m_1y5y_bbg_2026-10-05.xlsx
2021-12-22,-0.493100,-0.058500,-0.467000,-0.162000,-0.550000,-0.246000,"Bloomberg BGN, exported by Charlie",estr_eonia_euribor6m_1y5y_bbg_2026-10-05.xlsx
2021-12-23,-0.486800,-0.028500,-0.461000,-0.130000,-0.544750,-0.216000,"Bloomberg BGN, exported by Charlie",estr_eonia_euribor6m_1y5y_bbg_2026-10-05.xlsx
2021-12-24,-0.486500,-0.030000,-0.461000,,-0.547000,,"Bloomberg BGN, exported by Charlie",estr_eonia_euribor6m_1y5y_bbg_2026-10-05.xlsx
2021-12-27,-0.488300,-0.012000,-0.462000,-0.118000,-0.544000,-0.201000,"Bloomberg BGN, exported by Charlie",estr_eonia_euribor6m_1y5y_bbg_2026-10-05.xlsx
2021-12-28,-0.488300,-0.006600,-0.458000,-0.108000,-0.542000,-0.194550,"Bloomberg BGN, exported by Charlie",estr_eonia_euribor6m_1y5y_bbg_2026-10-05.xlsx
2021-12-29,-0.482500,0.024000,-0.455000,-0.083000,-0.539750,-0.167000,"Bloomberg BGN, exported by Charlie",estr_eonia_euribor6m_1y5y_bbg_2026-10-05.xlsx
2021-12-30,-0.486000,0.016000,-0.457000,-0.087000,-0.541750,-0.172000,"Bloomberg BGN, exported by Charlie",estr_eonia_euribor6m_1y5y_bbg_2026-10-05.xlsx
2021-12-31,-0.484000,0.017000,-0.456000,,-0.540250,,"Bloomberg BGN, exported by Charlie",estr_eonia_euribor6m_1y5y_bbg_2026-10-05.xlsx
2022-01-03,-0.481000,0.045000,,,-0.538000,-0.146250,"Bloomberg BGN, exported by Charlie",estr_eonia_euribor6m_1y5y_bbg_2026-10-05.xlsx
2022-01-04,-0.480000,0.042000,,,-0.540250,-0.149000,"Bloomberg BGN, exported by Charlie",estr_eonia_euribor6m_1y5y_bbg_2026-10-05.xlsx
2022-01-05,-0.486000,0.031000,,,-0.543000,-0.156000,"Bloomberg BGN, exported by Charlie",estr_eonia_euribor6m_1y5y_bbg_2026-10-05.xlsx
2022-01-06,-0.481000,0.055800,,,-0.542000,-0.128000,"Bloomberg BGN, exported by Charlie",estr_eonia_euribor6m_1y5y_bbg_2026-10-05.xlsx
2022-01-07,-0.479000,0.076750,,,-0.537000,-0.110000,"Bloomberg BGN, exported by Charlie",estr_eonia_euribor6m_1y5y_bbg_2026-10-05.xlsx
2022-01-10,-0.475500,0.087800,,,-0.536000,-0.099000,"Bloomberg BGN, exported by Charlie",estr_eonia_euribor6m_1y5y_bbg_2026-10-05.xlsx
2022-01-11,-0.466000,0.107000,,,-0.528000,-0.075000,"Bloomberg BGN, exported by Charlie",estr_eonia_euribor6m_1y5y_bbg_2026-10-05.xlsx
2022-01-12,-0.463800,0.075000,,,-0.526000,-0.105750,"Bloomberg BGN, exported by Charlie",estr_eonia_euribor6m_1y5y_bbg_2026-10-05.xlsx
2022-01-13,-0.467600,0.055000,,,-0.526250,-0.117000,"Bloomberg BGN, exported by Charlie",estr_eonia_euribor6m_1y5y_bbg_2026-10-05.xlsx
2022-01-14,-0.456300,0.103000,,,-0.513000,-0.066000,"Bloomberg BGN, exported by Charlie",estr_eonia_euribor6m_1y5y_bbg_2026-10-05.xlsx
2022-01-17,-0.450800,0.122000,,,-0.514000,-0.054000,"Bloomberg BGN, exported by Charlie",estr_eonia_euribor6m_1y5y_bbg_2026-10-05.xlsx
2022-01-18,-0.449500,0.128000,,,-0.513000,-0.048850,"Bloomberg BGN, exported by Charlie",estr_eonia_euribor6m_1y5y_bbg_2026-10-05.xlsx
2022-01-19,-0.449300,0.122750,,,-0.515000,-0.052250,"Bloomberg BGN, exported by Charlie",estr_eonia_euribor6m_1y5y_bbg_2026-10-05.xlsx
2022-01-20,-0.451100,0.120250,,,-0.516750,-0.053250,"Bloomberg BGN, exported by Charlie",estr_eonia_euribor6m_1y5y_bbg_2026-10-05.xlsx
2022-01-21,-0.455800,0.102500,,,-0.521250,-0.072250,"Bloomberg BGN, exported by Charlie",estr_eonia_euribor6m_1y5y_bbg_2026-10-05.xlsx
2022-01-24,-0.457000,0.079000,,,-0.526250,-0.100000,"Bloomberg BGN, exported by Charlie",estr_eonia_euribor6m_1y5y_bbg_2026-10-05.xlsx
2022-01-25,-0.455800,0.111250,,,-0.520750,-0.075000,"Bloomberg BGN, exported by Charlie",estr_eonia_euribor6m_1y5y_bbg_2026-10-05.xlsx
2022-01-26,-0.452000,0.109500,,,-0.516000,-0.066000,"Bloomberg BGN, exported by Charlie",estr_eonia_euribor6m_1y5y_bbg_2026-10-05.xlsx
2022-01-27,-0.441000,0.136750,,,-0.510250,-0.041000,"Bloomberg BGN, exported by Charlie",estr_eonia_euribor6m_1y5y_bbg_2026-10-05.xlsx
2022-01-28,-0.435700,0.168000,,,-0.501500,-0.010000,"Bloomberg BGN, exported by Charlie",estr_eonia_euribor6m_1y5y_bbg_2026-10-05.xlsx
2022-01-31,-0.408000,0.235000,,,-0.472250,0.051000,"Bloomberg BGN, exported by Charlie",estr_eonia_euribor6m_1y5y_bbg_2026-10-05.xlsx
2022-02-01,-0.405500,0.246000,,,-0.475000,0.062000,"Bloomberg BGN, exported by Charlie",estr_eonia_euribor6m_1y5y_bbg_2026-10-05.xlsx
2022-02-02,-0.397500,0.279000,,,-0.467000,0.094000,"Bloomberg BGN, exported by Charlie",estr_eonia_euribor6m_1y5y_bbg_2026-10-05.xlsx
2022-02-03,-0.330000,0.420000,,,-0.402000,0.227250,"Bloomberg BGN, exported by Charlie",estr_eonia_euribor6m_1y5y_bbg_2026-10-05.xlsx
2022-02-04,-0.284750,0.504000,,,-0.371250,0.302000,"Bloomberg BGN, exported by Charlie",estr_eonia_euribor6m_1y5y_bbg_2026-10-05.xlsx
2022-02-07,-0.281000,0.537000,,,-0.383000,0.326250,"Bloomberg BGN, exported by Charlie",estr_eonia_euribor6m_1y5y_bbg_2026-10-05.xlsx
2022-02-08,-0.287500,0.591000,,,-0.386750,0.370000,"Bloomberg BGN, exported by Charlie",estr_eonia_euribor6m_1y5y_bbg_2026-10-05.xlsx
2022-02-09,-0.295500,0.545000,,,-0.396750,0.326750,"Bloomberg BGN, exported by Charlie",estr_eonia_euribor6m_1y5y_bbg_2026-10-05.xlsx
2022-02-10,-0.245200,0.669000,,,-0.357000,0.425000,"Bloomberg BGN, exported by Charlie",estr_eonia_euribor6m_1y5y_bbg_2026-10-05.xlsx
2022-02-11,-0.253150,0.648000,,,-0.347000,0.443000,"Bloomberg BGN, exported by Charlie",estr_eonia_euribor6m_1y5y_bbg_2026-10-05.xlsx
2022-02-14,-0.249600,0.663000,,,-0.353000,0.428000,"Bloomberg BGN, exported by Charlie",estr_eonia_euribor6m_1y5y_bbg_2026-10-05.xlsx
2022-02-15,-0.261100,0.632000,,,-0.366000,0.389000,"Bloomberg BGN, exported by Charlie",estr_eonia_euribor6m_1y5y_bbg_2026-10-05.xlsx
2022-02-16,-0.280600,0.602000,,,-0.387000,0.366000,"Bloomberg BGN, exported by Charlie",estr_eonia_euribor6m_1y5y_bbg_2026-10-05.xlsx
2022-02-17,-0.299900,0.565250,,,-0.403750,0.323000,"Bloomberg BGN, exported by Charlie",estr_eonia_euribor6m_1y5y_bbg_2026-10-05.xlsx
2022-02-18,-0.306000,0.523000,,,-0.411750,0.280250,"Bloomberg BGN, exported by Charlie",estr_eonia_euribor6m_1y5y_bbg_2026-10-05.xlsx
2022-02-21,-0.301000,0.555000,,,-0.416000,0.306000,"Bloomberg BGN, exported by Charlie",estr_eonia_euribor6m_1y5y_bbg_2026-10-05.xlsx
2022-02-22,-0.294600,0.596000,,,-0.404750,0.344250,"Bloomberg BGN, exported by Charlie",estr_eonia_euribor6m_1y5y_bbg_2026-10-05.xlsx
2022-02-23,-0.284100,0.624750,,,-0.401000,0.373250,"Bloomberg BGN, exported by Charlie",estr_eonia_euribor6m_1y5y_bbg_2026-10-05.xlsx
2022-02-24,-0.318750,0.558250,,,-0.438000,0.300000,"Bloomberg BGN, exported by Charlie",estr_eonia_euribor6m_1y5y_bbg_2026-10-05.xlsx
2022-02-25,-0.309300,0.619000,,,-0.422000,0.369000,"Bloomberg BGN, exported by Charlie",estr_eonia_euribor6m_1y5y_bbg_2026-10-05.xlsx
2022-02-28,-0.361000,0.459500,,,-0.479500,0.200000,"Bloomberg BGN, exported by Charlie",estr_eonia_euribor6m_1y5y_bbg_2026-10-05.xlsx
2022-03-01,-0.398750,0.323000,,,-0.506000,0.079250,"Bloomberg BGN, exported by Charlie",estr_eonia_euribor6m_1y5y_bbg_2026-10-05.xlsx
2022-03-02,-0.357600,0.412000,,,-0.467500,0.170000,"Bloomberg BGN, exported by Charlie",estr_eonia_euribor6m_1y5y_bbg_2026-10-05.xlsx
2022-03-03,-0.331200,0.438150,,,-0.449750,0.201000,"Bloomberg BGN, exported by Charlie",estr_eonia_euribor6m_1y5y_bbg_2026-10-05.xlsx
2022-03-04,-0.342300,0.385000,,,-0.489000,0.130000,"Bloomberg BGN, exported by Charlie",estr_eonia_euribor6m_1y5y_bbg_2026-10-05.xlsx
2022-03-07,-0.306000,0.424000,,,-0.477500,0.157000,"Bloomberg BGN, exported by Charlie",estr_eonia_euribor6m_1y5y_bbg_2026-10-05.xlsx
2022-03-08,-0.273200,0.515000,,,-0.455000,0.236000,"Bloomberg BGN, exported by Charlie",estr_eonia_euribor6m_1y5y_bbg_2026-10-05.xlsx
2022-03-09,-0.250900,0.553000,,,-0.421000,0.280500,"Bloomberg BGN, exported by Charlie",estr_eonia_euribor6m_1y5y_bbg_2026-10-05.xlsx
2022-03-10,-0.208300,0.652000,,,-0.370250,0.381000,"Bloomberg BGN, exported by Charlie",estr_eonia_euribor6m_1y5y_bbg_2026-10-05.xlsx
2022-03-11,-0.206000,0.679000,,,-0.369500,0.396500,"Bloomberg BGN, exported by Charlie",estr_eonia_euribor6m_1y5y_bbg_2026-10-05.xlsx
2022-03-14,-0.191100,0.756500,,,-0.348750,0.477000,"Bloomberg BGN, exported by Charlie",estr_eonia_euribor6m_1y5y_bbg_2026-10-05.xlsx
2022-03-15,-0.197300,0.729000,,,-0.362000,0.446000,"Bloomberg BGN, exported by Charlie",estr_eonia_euribor6m_1y5y_bbg_2026-10-05.xlsx
2022-03-16,-0.166750,0.773000,,,-0.340500,0.486000,"Bloomberg BGN, exported by Charlie",estr_eonia_euribor6m_1y5y_bbg_2026-10-05.xlsx
2022-03-17,-0.201400,0.732000,,,-0.357000,0.457000,"Bloomberg BGN, exported by Charlie",estr_eonia_euribor6m_1y5y_bbg_2026-10-05.xlsx
2022-03-18,-0.183250,0.732000,,,-0.339000,0.456750,"Bloomberg BGN, exported by Charlie",estr_eonia_euribor6m_1y5y_bbg_2026-10-05.xlsx
2022-03-21,-0.168100,0.803200,,,-0.328000,0.527000,"Bloomberg BGN, exported by Charlie",estr_eonia_euribor6m_1y5y_bbg_2026-10-05.xlsx
2022-03-22,-0.159000,0.841000,,,-0.316000,0.572000,"Bloomberg BGN, exported by Charlie",estr_eonia_euribor6m_1y5y_bbg_2026-10-05.xlsx
2022-03-23,-0.165400,0.799000,,,-0.322000,0.531000,"Bloomberg BGN, exported by Charlie",estr_eonia_euribor6m_1y5y_bbg_2026-10-05.xlsx
2022-03-24,-0.147000,0.882000,,,-0.297000,0.618250,"Bloomberg BGN, exported by Charlie",estr_eonia_euribor6m_1y5y_bbg_2026-10-05.xlsx
2022-03-25,-0.120750,0.969000,,,-0.268250,0.708500,"Bloomberg BGN, exported by Charlie",estr_eonia_euribor6m_1y5y_bbg_2026-10-05.xlsx
2022-03-28,-0.102100,0.974750,,,-0.248750,0.710000,"Bloomberg BGN, exported by Charlie",estr_eonia_euribor6m_1y5y_bbg_2026-10-05.xlsx
2022-03-29,-0.077300,1.046000,,,-0.221250,0.791000,"Bloomberg BGN, exported by Charlie",estr_eonia_euribor6m_1y5y_bbg_2026-10-05.xlsx
2022-03-30,-0.052750,1.097000,,,-0.198750,0.833000,"Bloomberg BGN, exported by Charlie",estr_eonia_euribor6m_1y5y_bbg_2026-10-05.xlsx
2022-03-31,-0.087400,0.984000,,,-0.238750,0.716750,"Bloomberg BGN, exported by Charlie",estr_eonia_euribor6m_1y5y_bbg_2026-10-05.xlsx
2022-04-01,-0.083750,1.000000,,,-0.244750,0.736000,"Bloomberg BGN, exported by Charlie",estr_eonia_euribor6m_1y5y_bbg_2026-10-05.xlsx
2022-04-04,-0.083500,0.986000,,,-0.251000,0.717000,"Bloomberg BGN, exported by Charlie",estr_eonia_euribor6m_1y5y_bbg_2026-10-05.xlsx
2022-04-05,-0.057750,1.089000,,,-0.222750,0.818900,"Bloomberg BGN, exported by Charlie",estr_eonia_euribor6m_1y5y_bbg_2026-10-05.xlsx
2022-04-06,-0.057500,1.089000,,,-0.230750,0.820000,"Bloomberg BGN, exported by Charlie",estr_eonia_euribor6m_1y5y_bbg_2026-10-05.xlsx
2022-04-07,-0.041250,1.123000,,,-0.210000,0.850250,"Bloomberg BGN, exported by Charlie",estr_eonia_euribor6m_1y5y_bbg_2026-10-05.xlsx
2022-04-08,0.003000,1.200000,,,-0.163500,0.929750,"Bloomberg BGN, exported by Charlie",estr_eonia_euribor6m_1y5y_bbg_2026-10-05.xlsx
2022-04-11,0.025800,1.274000,,,-0.143000,1.005500,"Bloomberg BGN, exported by Charlie",estr_eonia_euribor6m_1y5y_bbg_2026-10-05.xlsx
2022-04-12,0.006200,1.242000,,,-0.167000,0.969250,"Bloomberg BGN, exported by Charlie",estr_eonia_euribor6m_1y5y_bbg_2026-10-05.xlsx
2022-04-13,0.027300,1.242000,,,-0.144000,0.964000,"Bloomberg BGN, exported by Charlie",estr_eonia_euribor6m_1y5y_bbg_2026-10-05.xlsx
2022-04-14,0.020000,1.283000,,,-0.163000,1.006000,"Bloomberg BGN, exported by Charlie",estr_eonia_euribor6m_1y5y_bbg_2026-10-05.xlsx
2022-04-15,0.022000,1.280000,,,,,"Bloomberg BGN, exported by Charlie",estr_eonia_euribor6m_1y5y_bbg_2026-10-05.xlsx
2022-04-18,0.022000,,,,,,"Bloomberg BGN, exported by Charlie",estr_eonia_euribor6m_1y5y_bbg_2026-10-05.xlsx
2022-04-19,0.012100,1.312000,,,-0.164000,1.036500,"Bloomberg BGN, exported by Charlie",estr_eonia_euribor6m_1y5y_bbg_2026-10-05.xlsx
2022-04-20,0.018750,1.275000,,,-0.142250,0.992000,"Bloomberg BGN, exported by Charlie",estr_eonia_euribor6m_1y5y_bbg_2026-10-05.xlsx
2022-04-21,0.108750,1.386000,,,-0.032300,1.100000,"Bloomberg BGN, exported by Charlie",estr_eonia_euribor6m_1y5y_bbg_2026-10-05.xlsx
2022-04-22,0.181700,1.433750,,,0.013000,1.137250,"Bloomberg BGN, exported by Charlie",estr_eonia_euribor6m_1y5y_bbg_2026-10-05.xlsx
2022-04-25,0.162800,1.316000,,,-0.032000,1.013000,"Bloomberg BGN, exported by Charlie",estr_eonia_euribor6m_1y5y_bbg_2026-10-05.xlsx
2022-04-26,0.160250,1.301000,,,-0.034000,0.998000,"Bloomberg BGN, exported by Charlie",estr_eonia_euribor6m_1y5y_bbg_2026-10-05.xlsx
2022-04-27,0.148100,1.276000,,,-0.055000,0.957000,"Bloomberg BGN, exported by Charlie",estr_eonia_euribor6m_1y5y_bbg_2026-10-05.xlsx
2022-04-28,0.208750,1.382000,,,0.013000,1.064250,"Bloomberg BGN, exported by Charlie",estr_eonia_euribor6m_1y5y_bbg_2026-10-05.xlsx
2022-04-29,0.261000,1.433000,,,0.056000,1.108000,"Bloomberg BGN, exported by Charlie",estr_eonia_euribor6m_1y5y_bbg_2026-10-05.xlsx
2022-05-02,0.266000,1.454250,,,0.052000,1.131000,"Bloomberg BGN, exported by Charlie",estr_eonia_euribor6m_1y5y_bbg_2026-10-05.xlsx
2022-05-03,0.287250,1.482000,,,0.070000,1.151000,"Bloomberg BGN, exported by Charlie",estr_eonia_euribor6m_1y5y_bbg_2026-10-05.xlsx
2022-05-04,0.285100,1.484000,,,0.072750,1.153000,"Bloomberg BGN, exported by Charlie",estr_eonia_euribor6m_1y5y_bbg_2026-10-05.xlsx
2022-05-05,0.286100,1.517000,,,0.074500,1.186250,"Bloomberg BGN, exported by Charlie",estr_eonia_euribor6m_1y5y_bbg_2026-10-05.xlsx
2022-05-06,0.311800,1.624000,,,0.119000,1.259000,"Bloomberg BGN, exported by Charlie",estr_eonia_euribor6m_1y5y_bbg_2026-10-05.xlsx
2022-05-09,0.296600,1.583000,,,0.083000,1.215000,"Bloomberg BGN, exported by Charlie",estr_eonia_euribor6m_1y5y_bbg_2026-10-05.xlsx
2022-05-10,0.264000,1.504000,,,0.071500,1.155000,"Bloomberg BGN, exported by Charlie",estr_eonia_euribor6m_1y5y_bbg_2026-10-05.xlsx
2022-05-11,0.243550,1.423000,,,0.058000,1.071000,"Bloomberg BGN, exported by Charlie",estr_eonia_euribor6m_1y5y_bbg_2026-10-05.xlsx
2022-05-12,0.200250,1.286000,,,0.009750,0.954000,"Bloomberg BGN, exported by Charlie",estr_eonia_euribor6m_1y5y_bbg_2026-10-05.xlsx
2022-05-13,0.220750,1.322000,,,0.044000,1.016500,"Bloomberg BGN, exported by Charlie",estr_eonia_euribor6m_1y5y_bbg_2026-10-05.xlsx
2022-05-16,0.263250,1.313000,,,0.097000,1.044000,"Bloomberg BGN, exported by Charlie",estr_eonia_euribor6m_1y5y_bbg_2026-10-05.xlsx
2022-05-17,0.334350,1.411000,,,0.177000,1.132900,"Bloomberg BGN, exported by Charlie",estr_eonia_euribor6m_1y5y_bbg_2026-10-05.xlsx
2022-05-18,0.375950,1.416000,,,0.217000,1.140000,"Bloomberg BGN, exported by Charlie",estr_eonia_euribor6m_1y5y_bbg_2026-10-05.xlsx
2022-05-19,0.395950,1.402000,,,0.224000,1.117750,"Bloomberg BGN, exported by Charlie",estr_eonia_euribor6m_1y5y_bbg_2026-10-05.xlsx
2022-05-20,0.380600,1.342000,,,0.199000,1.067950,"Bloomberg BGN, exported by Charlie",estr_eonia_euribor6m_1y5y_bbg_2026-10-05.xlsx
2022-05-23,0.403050,1.416950,,,0.224000,1.130250,"Bloomberg BGN, exported by Charlie",estr_eonia_euribor6m_1y5y_bbg_2026-10-05.xlsx
2022-05-24,0.404350,1.365000,,,0.226000,1.071500,"Bloomberg BGN, exported by Charlie",estr_eonia_euribor6m_1y5y_bbg_2026-10-05.xlsx
2022-05-25,0.411800,1.373000,,,0.228750,1.089000,"Bloomberg BGN, exported by Charlie",estr_eonia_euribor6m_1y5y_bbg_2026-10-05.xlsx
2022-05-26,0.396700,1.392000,,,0.224000,1.116000,"Bloomberg BGN, exported by Charlie",estr_eonia_euribor6m_1y5y_bbg_2026-10-05.xlsx
2022-05-27,0.410300,1.377000,,,0.237000,1.095000,"Bloomberg BGN, exported by Charlie",estr_eonia_euribor6m_1y5y_bbg_2026-10-05.xlsx
2022-05-30,0.447150,1.443950,,,0.287750,1.179000,"Bloomberg BGN, exported by Charlie",estr_eonia_euribor6m_1y5y_bbg_2026-10-05.xlsx
2022-05-31,0.477400,1.502950,,,0.315750,1.238750,"Bloomberg BGN, exported by Charlie",estr_eonia_euribor6m_1y5y_bbg_2026-10-05.xlsx
2022-06-01,0.511000,1.575750,,,0.349000,1.309250,"Bloomberg BGN, exported by Charlie",estr_eonia_euribor6m_1y5y_bbg_2026-10-05.xlsx
2022-06-02,0.550600,1.652000,,,0.388000,1.398000,"Bloomberg BGN, exported by Charlie",estr_eonia_euribor6m_1y5y_bbg_2026-10-05.xlsx
2022-06-03,0.591700,1.699000,,,0.433000,1.448750,"Bloomberg BGN, exported by Charlie",estr_eonia_euribor6m_1y5y_bbg_2026-10-05.xlsx
2022-06-06,0.616000,1.733950,,,0.459000,1.472000,"Bloomberg BGN, exported by Charlie",estr_eonia_euribor6m_1y5y_bbg_2026-10-05.xlsx
2022-06-07,0.634300,1.720050,,,0.470000,1.457750,"Bloomberg BGN, exported by Charlie",estr_eonia_euribor6m_1y5y_bbg_2026-10-05.xlsx
2022-06-08,0.664100,1.764050,,,0.514000,1.504000,"Bloomberg BGN, exported by Charlie",estr_eonia_euribor6m_1y5y_bbg_2026-10-05.xlsx
2022-06-09,0.771200,1.873000,,,0.611000,1.605000,"Bloomberg BGN, exported by Charlie",estr_eonia_euribor6m_1y5y_bbg_2026-10-05.xlsx
2022-06-10,0.866000,1.983250,,,0.708250,1.726000,"Bloomberg BGN, exported by Charlie",estr_eonia_euribor6m_1y5y_bbg_2026-10-05.xlsx
2022-06-13,0.968700,2.183000,,,0.801000,1.921000,"Bloomberg BGN, exported by Charlie",estr_eonia_euribor6m_1y5y_bbg_2026-10-05.xlsx
2022-06-14,1.140100,2.376950,,,0.968250,2.097000,"Bloomberg BGN, exported by Charlie",estr_eonia_euribor6m_1y5y_bbg_2026-10-05.xlsx
2022-06-15,1.019400,2.194000,,,0.844000,1.917750,"Bloomberg BGN, exported by Charlie",estr_eonia_euribor6m_1y5y_bbg_2026-10-05.xlsx
2022-06-16,1.121100,2.283500,,,0.897000,2.005000,"Bloomberg BGN, exported by Charlie",estr_eonia_euribor6m_1y5y_bbg_2026-10-05.xlsx
2022-06-17,1.070400,2.186000,,,0.830000,1.890500,"Bloomberg BGN, exported by Charlie",estr_eonia_euribor6m_1y5y_bbg_2026-10-05.xlsx
2022-06-20,1.084500,2.281000,,,0.869000,1.989750,"Bloomberg BGN, exported by Charlie",estr_eonia_euribor6m_1y5y_bbg_2026-10-05.xlsx
2022-06-21,1.084200,2.300000,,,0.859050,2.002000,"Bloomberg BGN, exported by Charlie",estr_eonia_euribor6m_1y5y_bbg_2026-10-05.xlsx
2022-06-22,1.050600,2.173000,,,0.825000,1.878000,"Bloomberg BGN, exported by Charlie",estr_eonia_euribor6m_1y5y_bbg_2026-10-05.xlsx
2022-06-23,0.942750,1.915000,,,0.698750,1.650000,"Bloomberg BGN, exported by Charlie",estr_eonia_euribor6m_1y5y_bbg_2026-10-05.xlsx
2022-06-24,0.890100,1.899500,,,0.683750,1.637300,"Bloomberg BGN, exported by Charlie",estr_eonia_euribor6m_1y5y_bbg_2026-10-05.xlsx
2022-06-27,0.932600,2.021000,,,0.746250,1.756000,"Bloomberg BGN, exported by Charlie",estr_eonia_euribor6m_1y5y_bbg_2026-10-05.xlsx
2022-06-28,0.969200,2.086000,,,0.799750,1.836000,"Bloomberg BGN, exported by Charlie",estr_eonia_euribor6m_1y5y_bbg_2026-10-05.xlsx
2022-06-29,0.944000,1.989500,,,0.761000,1.732250,"Bloomberg BGN, exported by Charlie",estr_eonia_euribor6m_1y5y_bbg_2026-10-05.xlsx
2022-06-30,0.844600,1.791000,,,0.647750,1.516000,"Bloomberg BGN, exported by Charlie",estr_eonia_euribor6m_1y5y_bbg_2026-10-05.xlsx
2022-07-01,0.738100,1.659000,,,0.563000,1.395000,"Bloomberg BGN, exported by Charlie",estr_eonia_euribor6m_1y5y_bbg_2026-10-05.xlsx
2022-07-04,0.821000,1.771000,,,0.647250,1.506000,"Bloomberg BGN, exported by Charlie",estr_eonia_euribor6m_1y5y_bbg_2026-10-05.xlsx
2022-07-05,0.747800,1.647500,,,0.553750,1.373000,"Bloomberg BGN, exported by Charlie",estr_eonia_euribor6m_1y5y_bbg_2026-10-05.xlsx
2022-07-06,0.749600,1.606000,,,0.553750,1.340250,"Bloomberg BGN, exported by Charlie",estr_eonia_euribor6m_1y5y_bbg_2026-10-05.xlsx
2022-07-07,0.832600,1.723000,,,0.688000,1.470000,"Bloomberg BGN, exported by Charlie",estr_eonia_euribor6m_1y5y_bbg_2026-10-05.xlsx
2022-07-08,0.874050,1.735000,,,0.683750,1.471000,"Bloomberg BGN, exported by Charlie",estr_eonia_euribor6m_1y5y_bbg_2026-10-05.xlsx
2022-07-11,0.876750,1.663000,,,0.670250,1.386000,"Bloomberg BGN, exported by Charlie",estr_eonia_euribor6m_1y5y_bbg_2026-10-05.xlsx
2022-07-12,0.817200,1.577000,,,0.596300,1.290000,"Bloomberg BGN, exported by Charlie",estr_eonia_euribor6m_1y5y_bbg_2026-10-05.xlsx
2022-07-13,0.882500,1.595000,,,0.705000,1.319000,"Bloomberg BGN, exported by Charlie",estr_eonia_euribor6m_1y5y_bbg_2026-10-05.xlsx
2022-07-14,0.955000,1.660000,,,0.778250,1.372000,"Bloomberg BGN, exported by Charlie",estr_eonia_euribor6m_1y5y_bbg_2026-10-05.xlsx
2022-07-15,0.985850,1.617000,,,0.742000,1.324000,"Bloomberg BGN, exported by Charlie",estr_eonia_euribor6m_1y5y_bbg_2026-10-05.xlsx
2022-07-18,0.991900,1.675000,,,0.772750,1.381000,"Bloomberg BGN, exported by Charlie",estr_eonia_euribor6m_1y5y_bbg_2026-10-05.xlsx
2022-07-19,1.081100,1.771000,,,0.896750,1.477000,"Bloomberg BGN, exported by Charlie",estr_eonia_euribor6m_1y5y_bbg_2026-10-05.xlsx
2022-07-20,1.115000,1.741000,,,0.879750,1.439000,"Bloomberg BGN, exported by Charlie",estr_eonia_euribor6m_1y5y_bbg_2026-10-05.xlsx
2022-07-21,1.159900,1.763000,,,0.966400,1.467000,"Bloomberg BGN, exported by Charlie",estr_eonia_euribor6m_1y5y_bbg_2026-10-05.xlsx
2022-07-22,1.070500,1.548000,,,0.811250,1.252000,"Bloomberg BGN, exported by Charlie",estr_eonia_euribor6m_1y5y_bbg_2026-10-05.xlsx
2022-07-25,1.013900,1.498500,,,0.780000,1.199250,"Bloomberg BGN, exported by Charlie",estr_eonia_euribor6m_1y5y_bbg_2026-10-05.xlsx
2022-07-26,0.978100,1.410000,,,0.759000,1.112000,"Bloomberg BGN, exported by Charlie",estr_eonia_euribor6m_1y5y_bbg_2026-10-05.xlsx
2022-07-27,1.044000,1.479000,,,0.843000,1.178000,"Bloomberg BGN, exported by Charlie",estr_eonia_euribor6m_1y5y_bbg_2026-10-05.xlsx
2022-07-28,0.957100,1.339000,,,0.716250,1.046000,"Bloomberg BGN, exported by Charlie",estr_eonia_euribor6m_1y5y_bbg_2026-10-05.xlsx
2022-07-29,0.957000,1.338000,,,0.716250,1.033000,"Bloomberg BGN, exported by Charlie",estr_eonia_euribor6m_1y5y_bbg_2026-10-05.xlsx
2022-08-01,0.962700,1.325000,,,0.723000,1.036000,"Bloomberg BGN, exported by Charlie",estr_eonia_euribor6m_1y5y_bbg_2026-10-05.xlsx
2022-08-02,0.987000,1.380000,,,0.774000,1.079000,"Bloomberg BGN, exported by Charlie",estr_eonia_euribor6m_1y5y_bbg_2026-10-05.xlsx
2022-08-03,1.022200,1.440000,,,0.805000,1.141000,"Bloomberg BGN, exported by Charlie",estr_eonia_euribor6m_1y5y_bbg_2026-10-05.xlsx
2022-08-04,1.007400,1.376000,,,0.791000,1.079000,"Bloomberg BGN, exported by Charlie",estr_eonia_euribor6m_1y5y_bbg_2026-10-05.xlsx
2022-08-05,1.088700,1.548000,,,0.895000,1.251000,"Bloomberg BGN, exported by Charlie",estr_eonia_euribor6m_1y5y_bbg_2026-10-05.xlsx
2022-08-08,1.095800,1.508000,,,0.881250,1.211000,"Bloomberg BGN, exported by Charlie",estr_eonia_euribor6m_1y5y_bbg_2026-10-05.xlsx
2022-08-09,1.121000,1.540000,,,0.919000,1.239250,"Bloomberg BGN, exported by Charlie",estr_eonia_euribor6m_1y5y_bbg_2026-10-05.xlsx
2022-08-10,1.128000,1.510000,,,0.906000,1.208000,"Bloomberg BGN, exported by Charlie",estr_eonia_euribor6m_1y5y_bbg_2026-10-05.xlsx
2022-08-11,1.130500,1.551000,,,0.920000,1.249000,"Bloomberg BGN, exported by Charlie",estr_eonia_euribor6m_1y5y_bbg_2026-10-05.xlsx
2022-08-12,1.141000,1.580000,,,0.928000,1.287400,"Bloomberg BGN, exported by Charlie",estr_eonia_euribor6m_1y5y_bbg_2026-10-05.xlsx
2022-08-15,1.091200,1.498500,,,0.879000,1.204000,"Bloomberg BGN, exported by Charlie",estr_eonia_euribor6m_1y5y_bbg_2026-10-05.xlsx
2022-08-16,1.103000,1.538000,,,0.908000,1.243000,"Bloomberg BGN, exported by Charlie",estr_eonia_euribor6m_1y5y_bbg_2026-10-05.xlsx
2022-08-17,1.204000,1.675000,,,1.042000,1.399000,"Bloomberg BGN, exported by Charlie",estr_eonia_euribor6m_1y5y_bbg_2026-10-05.xlsx
2022-08-18,1.265000,1.730000,,,1.093000,1.455750,"Bloomberg BGN, exported by Charlie",estr_eonia_euribor6m_1y5y_bbg_2026-10-05.xlsx
2022-08-19,1.333300,1.852000,,,1.159000,1.570000,"Bloomberg BGN, exported by Charlie",estr_eonia_euribor6m_1y5y_bbg_2026-10-05.xlsx
2022-08-22,1.427000,1.993500,,,1.236000,1.703750,"Bloomberg BGN, exported by Charlie",estr_eonia_euribor6m_1y5y_bbg_2026-10-05.xlsx
2022-08-23,1.423500,1.985000,,,1.222250,1.683000,"Bloomberg BGN, exported by Charlie",estr_eonia_euribor6m_1y5y_bbg_2026-10-05.xlsx
2022-08-24,1.483500,2.055000,,,1.294000,1.758000,"Bloomberg BGN, exported by Charlie",estr_eonia_euribor6m_1y5y_bbg_2026-10-05.xlsx
2022-08-25,1.470300,1.976000,,,1.262000,1.681000,"Bloomberg BGN, exported by Charlie",estr_eonia_euribor6m_1y5y_bbg_2026-10-05.xlsx
2022-08-26,1.574000,2.107000,,,1.426000,1.816000,"Bloomberg BGN, exported by Charlie",estr_eonia_euribor6m_1y5y_bbg_2026-10-05.xlsx
2022-08-29,1.731300,2.233000,,,1.590000,1.936000,"Bloomberg BGN, exported by Charlie",estr_eonia_euribor6m_1y5y_bbg_2026-10-05.xlsx
2022-08-30,1.811700,2.239000,,,1.609000,1.928000,"Bloomberg BGN, exported by Charlie",estr_eonia_euribor6m_1y5y_bbg_2026-10-05.xlsx
2022-08-31,1.845000,2.261000,,,1.672000,1.962000,"Bloomberg BGN, exported by Charlie",estr_eonia_euribor6m_1y5y_bbg_2026-10-05.xlsx
2022-09-01,1.847400,2.253000,,,1.677000,1.952000,"Bloomberg BGN, exported by Charlie",estr_eonia_euribor6m_1y5y_bbg_2026-10-05.xlsx
2022-09-02,1.825700,2.183000,,,1.619500,1.903000,"Bloomberg BGN, exported by Charlie",estr_eonia_euribor6m_1y5y_bbg_2026-10-05.xlsx
2022-09-05,1.874200,2.302000,,,1.690000,2.002650,"Bloomberg BGN, exported by Charlie",estr_eonia_euribor6m_1y5y_bbg_2026-10-05.xlsx
2022-09-06,1.882100,2.340000,,,1.667500,2.039000,"Bloomberg BGN, exported by Charlie",estr_eonia_euribor6m_1y5y_bbg_2026-10-05.xlsx
2022-09-07,1.877200,2.270000,,,1.644250,1.969000,"Bloomberg BGN, exported by Charlie",estr_eonia_euribor6m_1y5y_bbg_2026-10-05.xlsx
2022-09-08,1.975000,2.380000,,,1.837250,2.099000,"Bloomberg BGN, exported by Charlie",estr_eonia_euribor6m_1y5y_bbg_2026-10-05.xlsx
2022-09-09,2.018250,2.366000,,,1.850500,2.073100,"Bloomberg BGN, exported by Charlie",estr_eonia_euribor6m_1y5y_bbg_2026-10-05.xlsx
2022-09-12,2.046200,2.326750,,,1.863000,2.034750,"Bloomberg BGN, exported by Charlie",estr_eonia_euribor6m_1y5y_bbg_2026-10-05.xlsx
2022-09-13,2.149800,2.441000,,,1.975750,2.151000,"Bloomberg BGN, exported by Charlie",estr_eonia_euribor6m_1y5y_bbg_2026-10-05.xlsx
2022-09-14,2.191200,2.455000,,,2.025000,2.168000,"Bloomberg BGN, exported by Charlie",estr_eonia_euribor6m_1y5y_bbg_2026-10-05.xlsx
2022-09-15,2.271000,2.507000,,,2.105250,2.212000,"Bloomberg BGN, exported by Charlie",estr_eonia_euribor6m_1y5y_bbg_2026-10-05.xlsx
2022-09-16,2.274300,2.472000,,,2.087250,2.180000,"Bloomberg BGN, exported by Charlie",estr_eonia_euribor6m_1y5y_bbg_2026-10-05.xlsx
2022-09-19,2.362500,2.536000,,,2.141000,2.237000,"Bloomberg BGN, exported by Charlie",estr_eonia_euribor6m_1y5y_bbg_2026-10-05.xlsx
2022-09-20,2.404400,2.652000,,,2.197700,2.357000,"Bloomberg BGN, exported by Charlie",estr_eonia_euribor6m_1y5y_bbg_2026-10-05.xlsx
2022-09-21,2.464300,2.708000,,,2.248750,2.416000,"Bloomberg BGN, exported by Charlie",estr_eonia_euribor6m_1y5y_bbg_2026-10-05.xlsx
2022-09-22,2.489100,2.804000,,,2.290000,2.517000,"Bloomberg BGN, exported by Charlie",estr_eonia_euribor6m_1y5y_bbg_2026-10-05.xlsx
2022-09-23,2.555050,2.923000,,,2.340000,2.623500,"Bloomberg BGN, exported by Charlie",estr_eonia_euribor6m_1y5y_bbg_2026-10-05.xlsx
2022-09-26,2.594100,3.068250,,,2.376000,2.771000,"Bloomberg BGN, exported by Charlie",estr_eonia_euribor6m_1y5y_bbg_2026-10-05.xlsx
2022-09-27,2.620500,3.151250,,,2.386250,2.840000,"Bloomberg BGN, exported by Charlie",estr_eonia_euribor6m_1y5y_bbg_2026-10-05.xlsx
2022-09-28,2.548000,3.052000,,,2.290000,2.748750,"Bloomberg BGN, exported by Charlie",estr_eonia_euribor6m_1y5y_bbg_2026-10-05.xlsx
2022-09-29,2.495600,3.032650,,,2.282500,2.758000,"Bloomberg BGN, exported by Charlie",estr_eonia_euribor6m_1y5y_bbg_2026-10-05.xlsx
2022-09-30,2.486000,2.966000,,,2.290250,2.661000,"Bloomberg BGN, exported by Charlie",estr_eonia_euribor6m_1y5y_bbg_2026-10-05.xlsx
2022-10-03,2.379000,2.770200,,,2.175000,2.476700,"Bloomberg BGN, exported by Charlie",estr_eonia_euribor6m_1y5y_bbg_2026-10-05.xlsx
2022-10-04,2.335750,2.702600,,,2.130000,2.405000,"Bloomberg BGN, exported by Charlie",estr_eonia_euribor6m_1y5y_bbg_2026-10-05.xlsx
2022-10-05,2.368900,2.843750,,,2.211500,2.558000,"Bloomberg BGN, exported by Charlie",estr_eonia_euribor6m_1y5y_bbg_2026-10-05.xlsx
2022-10-06,2.513700,2.988350,,,2.337000,2.689000,"Bloomberg BGN, exported by Charlie",estr_eonia_euribor6m_1y5y_bbg_2026-10-05.xlsx
2022-10-07,2.585400,3.103000,,,2.407000,2.816000,"Bloomberg BGN, exported by Charlie",estr_eonia_euribor6m_1y5y_bbg_2026-10-05.xlsx
2022-10-10,2.626900,3.196000,,,2.419000,2.910000,"Bloomberg BGN, exported by Charlie",estr_eonia_euribor6m_1y5y_bbg_2026-10-05.xlsx
2022-10-11,2.627100,3.140000,,,2.398000,2.844000,"Bloomberg BGN, exported by Charlie",estr_eonia_euribor6m_1y5y_bbg_2026-10-05.xlsx
2022-10-12,2.603000,3.113000,,,2.378750,2.831000,"Bloomberg BGN, exported by Charlie",estr_eonia_euribor6m_1y5y_bbg_2026-10-05.xlsx
2022-10-13,2.644600,3.121000,,,2.434000,2.834000,"Bloomberg BGN, exported by Charlie",estr_eonia_euribor6m_1y5y_bbg_2026-10-05.xlsx
2022-10-14,2.671000,3.151650,,,2.461500,2.860500,"Bloomberg BGN, exported by Charlie",estr_eonia_euribor6m_1y5y_bbg_2026-10-05.xlsx
2022-10-17,2.667200,3.129250,,,2.487250,2.856000,"Bloomberg BGN, exported by Charlie",estr_eonia_euribor6m_1y5y_bbg_2026-10-05.xlsx
2022-10-18,2.658200,3.085550,,,2.469750,2.796000,"Bloomberg BGN, exported by Charlie",estr_eonia_euribor6m_1y5y_bbg_2026-10-05.xlsx
2022-10-19,2.711100,3.157500,,,2.520000,2.879000,"Bloomberg BGN, exported by Charlie",estr_eonia_euribor6m_1y5y_bbg_2026-10-05.xlsx
2022-10-20,2.744400,3.187500,,,2.573000,2.919000,"Bloomberg BGN, exported by Charlie",estr_eonia_euribor6m_1y5y_bbg_2026-10-05.xlsx
2022-10-21,2.684000,3.120250,,,2.451000,2.826000,"Bloomberg BGN, exported by Charlie",estr_eonia_euribor6m_1y5y_bbg_2026-10-05.xlsx
2022-10-24,2.672900,3.050500,,,2.453000,2.752750,"Bloomberg BGN, exported by Charlie",estr_eonia_euribor6m_1y5y_bbg_2026-10-05.xlsx
2022-10-25,2.622750,2.928750,,,2.409000,2.638500,"Bloomberg BGN, exported by Charlie",estr_eonia_euribor6m_1y5y_bbg_2026-10-05.xlsx
2022-10-26,2.598800,2.894750,,,2.382750,2.612000,"Bloomberg BGN, exported by Charlie",estr_eonia_euribor6m_1y5y_bbg_2026-10-05.xlsx
2022-10-27,2.497800,2.726000,,,2.214500,2.420500,"Bloomberg BGN, exported by Charlie",estr_eonia_euribor6m_1y5y_bbg_2026-10-05.xlsx
2022-10-28,2.556100,2.899000,,,2.405000,2.607750,"Bloomberg BGN, exported by Charlie",estr_eonia_euribor6m_1y5y_bbg_2026-10-05.xlsx
2022-10-31,2.642500,2.933250,,,2.454000,2.635000,"Bloomberg BGN, exported by Charlie",estr_eonia_euribor6m_1y5y_bbg_2026-10-05.xlsx
2022-11-01,2.667000,2.921000,,,2.466000,2.620000,"Bloomberg BGN, exported by Charlie",estr_eonia_euribor6m_1y5y_bbg_2026-10-05.xlsx
2022-11-02,2.697400,2.935000,,,2.480900,2.625000,"Bloomberg BGN, exported by Charlie",estr_eonia_euribor6m_1y5y_bbg_2026-10-05.xlsx
2022-11-03,2.756600,3.038000,,,2.546000,2.722000,"Bloomberg BGN, exported by Charlie",estr_eonia_euribor6m_1y5y_bbg_2026-10-05.xlsx
2022-11-04,2.809200,3.067000,,,2.584000,2.768000,"Bloomberg BGN, exported by Charlie",estr_eonia_euribor6m_1y5y_bbg_2026-10-05.xlsx
2022-11-07,2.838500,3.085550,,,2.603000,2.786000,"Bloomberg BGN, exported by Charlie",estr_eonia_euribor6m_1y5y_bbg_2026-10-05.xlsx
2022-11-08,2.837900,3.005600,,,2.617000,2.716500,"Bloomberg BGN, exported by Charlie",estr_eonia_euribor6m_1y5y_bbg_2026-10-05.xlsx
2022-11-09,2.805300,2.888000,,,2.577250,2.596250,"Bloomberg BGN, exported by Charlie",estr_eonia_euribor6m_1y5y_bbg_2026-10-05.xlsx
2022-11-10,2.741000,2.744000,,,2.509000,2.457000,"Bloomberg BGN, exported by Charlie",estr_eonia_euribor6m_1y5y_bbg_2026-10-05.xlsx
2022-11-11,2.776750,2.827000,,,2.587000,2.534000,"Bloomberg BGN, exported by Charlie",estr_eonia_euribor6m_1y5y_bbg_2026-10-05.xlsx
2022-11-14,2.801800,2.812500,,,2.599000,2.537000,"Bloomberg BGN, exported by Charlie",estr_eonia_euribor6m_1y5y_bbg_2026-10-05.xlsx
2022-11-15,2.761100,2.760000,,,2.540000,2.513000,"Bloomberg BGN, exported by Charlie",estr_eonia_euribor6m_1y5y_bbg_2026-10-05.xlsx
2022-11-16,2.759400,2.691000,,,2.511000,2.396000,"Bloomberg BGN, exported by Charlie",estr_eonia_euribor6m_1y5y_bbg_2026-10-05.xlsx
2022-11-17,2.762500,2.733500,,,2.581000,2.476000,"Bloomberg BGN, exported by Charlie",estr_eonia_euribor6m_1y5y_bbg_2026-10-05.xlsx
2022-11-18,2.778250,2.756000,,,2.578000,2.493000,"Bloomberg BGN, exported by Charlie",estr_eonia_euribor6m_1y5y_bbg_2026-10-05.xlsx
2022-11-21,2.776000,2.729000,,,2.597000,2.477000,"Bloomberg BGN, exported by Charlie",estr_eonia_euribor6m_1y5y_bbg_2026-10-05.xlsx
2022-11-22,2.772500,2.697000,,,2.592000,2.439000,"Bloomberg BGN, exported by Charlie",estr_eonia_euribor6m_1y5y_bbg_2026-10-05.xlsx
2022-11-23,2.799400,2.684000,,,2.619000,2.437250,"Bloomberg BGN, exported by Charlie",estr_eonia_euribor6m_1y5y_bbg_2026-10-05.xlsx
2022-11-24,2.788100,2.612500,,,2.608500,2.357000,"Bloomberg BGN, exported by Charlie",estr_eonia_euribor6m_1y5y_bbg_2026-10-05.xlsx
2022-11-25,2.815200,2.698000,,,2.646500,2.445000,"Bloomberg BGN, exported by Charlie",estr_eonia_euribor6m_1y5y_bbg_2026-10-05.xlsx
2022-11-28,2.842500,2.726000,,,2.647000,2.458750,"Bloomberg BGN, exported by Charlie",estr_eonia_euribor6m_1y5y_bbg_2026-10-05.xlsx
2022-11-29,2.810000,2.674000,,,2.595000,2.408000,"Bloomberg BGN, exported by Charlie",estr_eonia_euribor6m_1y5y_bbg_2026-10-05.xlsx
2022-11-30,2.801100,2.658000,,,2.589250,2.396410,"Bloomberg BGN, exported by Charlie",estr_eonia_euribor6m_1y5y_bbg_2026-10-05.xlsx
2022-12-01,2.748750,2.534900,,,2.548500,2.277000,"Bloomberg BGN, exported by Charlie",estr_eonia_euribor6m_1y5y_bbg_2026-10-05.xlsx
2022-12-02,2.794200,2.605000,,,2.593000,2.340000,"Bloomberg BGN, exported by Charlie",estr_eonia_euribor6m_1y5y_bbg_2026-10-05.xlsx
2022-12-05,2.819500,2.640000,,,2.613250,2.373000,"Bloomberg BGN, exported by Charlie",estr_eonia_euribor6m_1y5y_bbg_2026-10-05.xlsx
2022-12-06,2.799500,2.580000,,,2.580000,2.312000,"Bloomberg BGN, exported by Charlie",estr_eonia_euribor6m_1y5y_bbg_2026-10-05.xlsx
2022-12-07,2.787600,2.558750,,,2.578000,2.282000,"Bloomberg BGN, exported by Charlie",estr_eonia_euribor6m_1y5y_bbg_2026-10-05.xlsx
2022-12-08,2.803600,2.601500,,,2.613000,2.337000,"Bloomberg BGN, exported by Charlie",estr_eonia_euribor6m_1y5y_bbg_2026-10-05.xlsx
2022-12-09,2.826100,2.656500,,,2.625000,2.384000,"Bloomberg BGN, exported by Charlie",estr_eonia_euribor6m_1y5y_bbg_2026-10-05.xlsx
2022-12-12,2.877600,2.703000,,,2.651000,2.442000,"Bloomberg BGN, exported by Charlie",estr_eonia_euribor6m_1y5y_bbg_2026-10-05.xlsx
2022-12-13,2.831500,2.692000,,,2.616250,2.401000,"Bloomberg BGN, exported by Charlie",estr_eonia_euribor6m_1y5y_bbg_2026-10-05.xlsx
2022-12-14,2.841750,2.653400,,,2.621000,2.360000,"Bloomberg BGN, exported by Charlie",estr_eonia_euribor6m_1y5y_bbg_2026-10-05.xlsx
2022-12-15,2.972700,2.838000,,,2.809250,2.566000,"Bloomberg BGN, exported by Charlie",estr_eonia_euribor6m_1y5y_bbg_2026-10-05.xlsx
2022-12-16,3.061900,2.894750,,,2.862000,2.611000,"Bloomberg BGN, exported by Charlie",estr_eonia_euribor6m_1y5y_bbg_2026-10-05.xlsx
2022-12-19,3.089900,2.913000,,,2.899750,2.623000,"Bloomberg BGN, exported by Charlie",estr_eonia_euribor6m_1y5y_bbg_2026-10-05.xlsx
2022-12-20,3.151000,2.993750,,,2.944100,2.706000,"Bloomberg BGN, exported by Charlie",estr_eonia_euribor6m_1y5y_bbg_2026-10-05.xlsx
2022-12-21,3.186750,3.041000,,,2.981000,2.755000,"Bloomberg BGN, exported by Charlie",estr_eonia_euribor6m_1y5y_bbg_2026-10-05.xlsx
2022-12-22,3.223000,3.081750,,,3.011000,2.778000,"Bloomberg BGN, exported by Charlie",estr_eonia_euribor6m_1y5y_bbg_2026-10-05.xlsx
2022-12-23,3.262000,3.142000,,,3.071000,2.858500,"Bloomberg BGN, exported by Charlie",estr_eonia_euribor6m_1y5y_bbg_2026-10-05.xlsx
2022-12-26,,,,,3.071000,2.866000,"Bloomberg BGN, exported by Charlie",estr_eonia_euribor6m_1y5y_bbg_2026-10-05.xlsx
2022-12-27,3.297000,3.227150,,,3.106000,2.934500,"Bloomberg BGN, exported by Charlie",estr_eonia_euribor6m_1y5y_bbg_2026-10-05.xlsx
2022-12-28,3.289400,3.190000,,,3.065000,2.896000,"Bloomberg BGN, exported by Charlie",estr_eonia_euribor6m_1y5y_bbg_2026-10-05.xlsx
2022-12-29,3.271250,3.138000,,,3.069000,2.845250,"Bloomberg BGN, exported by Charlie",estr_eonia_euribor6m_1y5y_bbg_2026-10-05.xlsx
2022-12-30,3.278650,3.239000,,,3.115250,2.951000,"Bloomberg BGN, exported by Charlie",estr_eonia_euribor6m_1y5y_bbg_2026-10-05.xlsx
2023-01-02,3.264500,3.118000,,,3.080000,2.834550,"Bloomberg BGN, exported by Charlie",estr_eonia_euribor6m_1y5y_bbg_2026-10-05.xlsx
2023-01-03,3.245700,3.045000,,,3.065000,2.755000,"Bloomberg BGN, exported by Charlie",estr_eonia_euribor6m_1y5y_bbg_2026-10-05.xlsx
2023-01-04,3.218500,2.926000,,,3.020000,2.652000,"Bloomberg BGN, exported by Charlie",estr_eonia_euribor6m_1y5y_bbg_2026-10-05.xlsx
2023-01-05,3.246250,2.979250,,,3.070250,2.714000,"Bloomberg BGN, exported by Charlie",estr_eonia_euribor6m_1y5y_bbg_2026-10-05.xlsx
2023-01-06,3.249100,2.905000,,,3.039000,2.631000,"Bloomberg BGN, exported by Charlie",estr_eonia_euribor6m_1y5y_bbg_2026-10-05.xlsx
2023-01-09,3.260500,2.915500,,,3.069000,2.651000,"Bloomberg BGN, exported by Charlie",estr_eonia_euribor6m_1y5y_bbg_2026-10-05.xlsx
2023-01-10,3.292750,2.956250,,,3.090000,2.683000,"Bloomberg BGN, exported by Charlie",estr_eonia_euribor6m_1y5y_bbg_2026-10-05.xlsx
2023-01-11,3.256750,2.829000,,,3.013750,2.557750,"Bloomberg BGN, exported by Charlie",estr_eonia_euribor6m_1y5y_bbg_2026-10-05.xlsx
2023-01-12,3.229300,2.769150,,,3.039750,2.510000,"Bloomberg BGN, exported by Charlie",estr_eonia_euribor6m_1y5y_bbg_2026-10-05.xlsx
2023-01-13,3.278600,2.782500,,,3.066000,2.525000,"Bloomberg BGN, exported by Charlie",estr_eonia_euribor6m_1y5y_bbg_2026-10-05.xlsx
2023-01-16,3.258800,2.776250,,,3.064000,2.501000,"Bloomberg BGN, exported by Charlie",estr_eonia_euribor6m_1y5y_bbg_2026-10-05.xlsx
2023-01-17,3.199600,2.687750,,,2.980000,2.401000,"Bloomberg BGN, exported by Charlie",estr_eonia_euribor6m_1y5y_bbg_2026-10-05.xlsx
2023-01-18,3.186900,2.672000,,,2.997500,2.400000,"Bloomberg BGN, exported by Charlie",estr_eonia_euribor6m_1y5y_bbg_2026-10-05.xlsx
2023-01-19,3.231100,2.728000,,,3.059750,2.471000,"Bloomberg BGN, exported by Charlie",estr_eonia_euribor6m_1y5y_bbg_2026-10-05.xlsx
2023-01-20,3.275400,2.811300,,,3.090000,2.563000,"Bloomberg BGN, exported by Charlie",estr_eonia_euribor6m_1y5y_bbg_2026-10-05.xlsx
2023-01-23,3.309800,2.857000,,,3.117000,2.619000,"Bloomberg BGN, exported by Charlie",estr_eonia_euribor6m_1y5y_bbg_2026-10-05.xlsx
2023-01-24,3.293250,2.840000,,,3.090000,2.560000,"Bloomberg BGN, exported by Charlie",estr_eonia_euribor6m_1y5y_bbg_2026-10-05.xlsx
2023-01-25,3.285900,2.828000,,,3.085000,2.539000,"Bloomberg BGN, exported by Charlie",estr_eonia_euribor6m_1y5y_bbg_2026-10-05.xlsx
2023-01-26,3.288750,2.865500,,,3.112000,2.570000,"Bloomberg BGN, exported by Charlie",estr_eonia_euribor6m_1y5y_bbg_2026-10-05.xlsx
2023-01-27,3.309500,2.890750,,,3.124000,2.595000,"Bloomberg BGN, exported by Charlie",estr_eonia_euribor6m_1y5y_bbg_2026-10-05.xlsx
2023-01-30,3.355950,2.970250,,,3.186000,2.683000,"Bloomberg BGN, exported by Charlie",estr_eonia_euribor6m_1y5y_bbg_2026-10-05.xlsx
2023-01-31,3.366400,2.938000,,,3.187500,2.668500,"Bloomberg BGN, exported by Charlie",estr_eonia_euribor6m_1y5y_bbg_2026-10-05.xlsx
2023-02-01,3.390000,2.930000,,,3.210000,2.682000,"Bloomberg BGN, exported by Charlie",estr_eonia_euribor6m_1y5y_bbg_2026-10-05.xlsx
2023-02-02,3.300800,2.718750,,,3.116500,2.482000,"Bloomberg BGN, exported by Charlie",estr_eonia_euribor6m_1y5y_bbg_2026-10-05.xlsx
2023-02-03,3.327600,2.814000,,,3.175000,2.564000,"Bloomberg BGN, exported by Charlie",estr_eonia_euribor6m_1y5y_bbg_2026-10-05.xlsx
2023-02-06,3.362000,2.931600,,,3.204000,2.677000,"Bloomberg BGN, exported by Charlie",estr_eonia_euribor6m_1y5y_bbg_2026-10-05.xlsx
2023-02-07,3.391600,2.970000,,,3.240500,2.735000,"Bloomberg BGN, exported by Charlie",estr_eonia_euribor6m_1y5y_bbg_2026-10-05.xlsx
2023-02-08,3.411750,2.942750,,,3.241500,2.695000,"Bloomberg BGN, exported by Charlie",estr_eonia_euribor6m_1y5y_bbg_2026-10-05.xlsx
2023-02-09,3.432300,2.927250,,,3.260500,2.689000,"Bloomberg BGN, exported by Charlie",estr_eonia_euribor6m_1y5y_bbg_2026-10-05.xlsx
2023-02-10,3.458000,2.980000,,,3.308000,2.741000,"Bloomberg BGN, exported by Charlie",estr_eonia_euribor6m_1y5y_bbg_2026-10-05.xlsx
2023-02-13,3.488300,3.003750,,,3.319000,2.746000,"Bloomberg BGN, exported by Charlie",estr_eonia_euribor6m_1y5y_bbg_2026-10-05.xlsx
2023-02-14,3.527700,3.103000,,,3.363000,2.846500,"Bloomberg BGN, exported by Charlie",estr_eonia_euribor6m_1y5y_bbg_2026-10-05.xlsx
2023-02-15,3.542500,3.112500,,,3.359000,2.865000,"Bloomberg BGN, exported by Charlie",estr_eonia_euribor6m_1y5y_bbg_2026-10-05.xlsx
2023-02-16,3.550000,3.121000,,,3.373000,2.874000,"Bloomberg BGN, exported by Charlie",estr_eonia_euribor6m_1y5y_bbg_2026-10-05.xlsx
2023-02-17,3.563700,3.113000,,,3.385000,2.862000,"Bloomberg BGN, exported by Charlie",estr_eonia_euribor6m_1y5y_bbg_2026-10-05.xlsx
2023-02-20,3.566300,3.144000,,,3.407000,2.906000,"Bloomberg BGN, exported by Charlie",estr_eonia_euribor6m_1y5y_bbg_2026-10-05.xlsx
2023-02-21,3.610700,3.209000,,,3.455000,2.981500,"Bloomberg BGN, exported by Charlie",estr_eonia_euribor6m_1y5y_bbg_2026-10-05.xlsx
2023-02-22,3.589600,3.206000,,,3.437000,2.962000,"Bloomberg BGN, exported by Charlie",estr_eonia_euribor6m_1y5y_bbg_2026-10-05.xlsx
2023-02-23,3.586750,3.190000,,,3.443000,2.949000,"Bloomberg BGN, exported by Charlie",estr_eonia_euribor6m_1y5y_bbg_2026-10-05.xlsx
2023-02-24,3.653000,3.265000,,,3.506000,3.024000,"Bloomberg BGN, exported by Charlie",estr_eonia_euribor6m_1y5y_bbg_2026-10-05.xlsx
2023-02-27,3.676900,3.323000,,,3.515000,3.074000,"Bloomberg BGN, exported by Charlie",estr_eonia_euribor6m_1y5y_bbg_2026-10-05.xlsx
2023-02-28,3.721750,3.374250,,,3.555000,3.127000,"Bloomberg BGN, exported by Charlie",estr_eonia_euribor6m_1y5y_bbg_2026-10-05.xlsx
2023-03-01,3.771750,3.451000,,,3.616000,3.213500,"Bloomberg BGN, exported by Charlie",estr_eonia_euribor6m_1y5y_bbg_2026-10-05.xlsx
2023-03-02,3.818100,3.478750,,,3.648000,3.232000,"Bloomberg BGN, exported by Charlie",estr_eonia_euribor6m_1y5y_bbg_2026-10-05.xlsx
2023-03-03,3.813900,3.440250,,,3.648000,3.180000,"Bloomberg BGN, exported by Charlie",estr_eonia_euribor6m_1y5y_bbg_2026-10-05.xlsx
2023-03-06,3.860900,3.467900,,,3.705000,3.216000,"Bloomberg BGN, exported by Charlie",estr_eonia_euribor6m_1y5y_bbg_2026-10-05.xlsx
2023-03-07,3.916000,3.418000,,,3.759000,3.180000,"Bloomberg BGN, exported by Charlie",estr_eonia_euribor6m_1y5y_bbg_2026-10-05.xlsx
2023-03-08,3.948200,3.420000,,,3.771000,3.170500,"Bloomberg BGN, exported by Charlie",estr_eonia_euribor6m_1y5y_bbg_2026-10-05.xlsx
2023-03-09,3.916200,3.380500,,,3.690000,3.094000,"Bloomberg BGN, exported by Charlie",estr_eonia_euribor6m_1y5y_bbg_2026-10-05.xlsx
2023-03-10,3.818550,3.247000,,,3.520750,2.972000,"Bloomberg BGN, exported by Charlie",estr_eonia_euribor6m_1y5y_bbg_2026-10-05.xlsx
2023-03-13,3.543500,3.102000,,,3.115500,2.796000,"Bloomberg BGN, exported by Charlie",estr_eonia_euribor6m_1y5y_bbg_2026-10-05.xlsx
2023-03-14,3.469200,3.198000,,,3.373000,2.962000,"Bloomberg BGN, exported by Charlie",estr_eonia_euribor6m_1y5y_bbg_2026-10-05.xlsx
2023-03-15,3.336600,3.071500,,,3.057000,2.855000,"Bloomberg BGN, exported by Charlie",estr_eonia_euribor6m_1y5y_bbg_2026-10-05.xlsx
2023-03-16,3.301750,3.064750,,,3.180250,2.830000,"Bloomberg BGN, exported by Charlie",estr_eonia_euribor6m_1y5y_bbg_2026-10-05.xlsx
2023-03-17,3.266600,2.940750,,,3.011500,2.642500,"Bloomberg BGN, exported by Charlie",estr_eonia_euribor6m_1y5y_bbg_2026-10-05.xlsx
2023-03-20,3.252400,2.924000,,,3.044000,2.628000,"Bloomberg BGN, exported by Charlie",estr_eonia_euribor6m_1y5y_bbg_2026-10-05.xlsx
2023-03-21,3.354900,3.034000,,,3.243000,2.798000,"Bloomberg BGN, exported by Charlie",estr_eonia_euribor6m_1y5y_bbg_2026-10-05.xlsx
2023-03-22,3.497250,3.094500,,,3.299000,2.813000,"Bloomberg BGN, exported by Charlie",estr_eonia_euribor6m_1y5y_bbg_2026-10-05.xlsx
2023-03-23,3.475750,2.975000,,,3.230000,2.702000,"Bloomberg BGN, exported by Charlie",estr_eonia_euribor6m_1y5y_bbg_2026-10-05.xlsx
2023-03-24,3.413000,2.905500,,,3.183000,2.643000,"Bloomberg BGN, exported by Charlie",estr_eonia_euribor6m_1y5y_bbg_2026-10-05.xlsx
2023-03-27,3.442100,2.983000,,,3.248000,2.744000,"Bloomberg BGN, exported by Charlie",estr_eonia_euribor6m_1y5y_bbg_2026-10-05.xlsx
2023-03-28,3.480250,3.011250,,,3.273750,2.774000,"Bloomberg BGN, exported by Charlie",estr_eonia_euribor6m_1y5y_bbg_2026-10-05.xlsx
2023-03-29,3.496750,3.030000,,,3.291500,2.773000,"Bloomberg BGN, exported by Charlie",estr_eonia_euribor6m_1y5y_bbg_2026-10-05.xlsx
2023-03-30,3.580250,3.099500,,,3.371000,2.840000,"Bloomberg BGN, exported by Charlie",estr_eonia_euribor6m_1y5y_bbg_2026-10-05.xlsx
2023-03-31,3.574800,3.045000,,,3.356000,2.797000,"Bloomberg BGN, exported by Charlie",estr_eonia_euribor6m_1y5y_bbg_2026-10-05.xlsx
2023-04-03,3.566800,3.010500,,,3.368000,2.766000,"Bloomberg BGN, exported by Charlie",estr_eonia_euribor6m_1y5y_bbg_2026-10-05.xlsx
2023-04-04,3.533000,2.956750,,,3.325000,2.720000,"Bloomberg BGN, exported by Charlie",estr_eonia_euribor6m_1y5y_bbg_2026-10-05.xlsx
2023-04-05,3.488850,2.888750,,,3.294000,2.669200,"Bloomberg BGN, exported by Charlie",estr_eonia_euribor6m_1y5y_bbg_2026-10-05.xlsx
2023-04-06,3.508000,2.905000,,,3.319000,2.670000,"Bloomberg BGN, exported by Charlie",estr_eonia_euribor6m_1y5y_bbg_2026-10-05.xlsx
2023-04-07,,,,,3.318400,,"Bloomberg BGN, exported by Charlie",estr_eonia_euribor6m_1y5y_bbg_2026-10-05.xlsx
2023-04-11,3.606750,3.022750,,,3.431500,2.796500,"Bloomberg BGN, exported by Charlie",estr_eonia_euribor6m_1y5y_bbg_2026-10-05.xlsx
2023-04-12,3.687000,3.092750,,,3.512000,2.864750,"Bloomberg BGN, exported by Charlie",estr_eonia_euribor6m_1y5y_bbg_2026-10-05.xlsx
2023-04-13,3.695400,3.065250,,,3.482500,2.836000,"Bloomberg BGN, exported by Charlie",estr_eonia_euribor6m_1y5y_bbg_2026-10-05.xlsx
2023-04-14,3.739000,3.124500,,,3.555000,2.911000,"Bloomberg BGN, exported by Charlie",estr_eonia_euribor6m_1y5y_bbg_2026-10-05.xlsx
2023-04-17,3.778000,3.170500,,,3.554000,2.943000,"Bloomberg BGN, exported by Charlie",estr_eonia_euribor6m_1y5y_bbg_2026-10-05.xlsx
2023-04-18,3.786000,3.209250,,,3.584000,2.982000,"Bloomberg BGN, exported by Charlie",estr_eonia_euribor6m_1y5y_bbg_2026-10-05.xlsx
2023-04-19,3.834000,3.240750,,,3.627000,3.017000,"Bloomberg BGN, exported by Charlie",estr_eonia_euribor6m_1y5y_bbg_2026-10-05.xlsx
2023-04-20,3.819000,3.193250,,,3.611000,2.970000,"Bloomberg BGN, exported by Charlie",estr_eonia_euribor6m_1y5y_bbg_2026-10-05.xlsx
2023-04-21,3.827000,3.214000,,,3.619500,2.986900,"Bloomberg BGN, exported by Charlie",estr_eonia_euribor6m_1y5y_bbg_2026-10-05.xlsx
2023-04-24,3.888000,3.259750,,,3.673000,3.020000,"Bloomberg BGN, exported by Charlie",estr_eonia_euribor6m_1y5y_bbg_2026-10-05.xlsx
2023-04-25,3.832000,3.145000,,,3.588000,2.884250,"Bloomberg BGN, exported by Charlie",estr_eonia_euribor6m_1y5y_bbg_2026-10-05.xlsx
2023-04-26,3.826000,3.148750,,,3.556000,2.893000,"Bloomberg BGN, exported by Charlie",estr_eonia_euribor6m_1y5y_bbg_2026-10-05.xlsx
2023-04-27,3.804200,3.166250,,,3.569750,2.916250,"Bloomberg BGN, exported by Charlie",estr_eonia_euribor6m_1y5y_bbg_2026-10-05.xlsx
2023-04-28,3.780000,3.053500,,,3.519000,2.800000,"Bloomberg BGN, exported by Charlie",estr_eonia_euribor6m_1y5y_bbg_2026-10-05.xlsx
2023-05-02,3.745750,2.992750,,,3.491000,2.729000,"Bloomberg BGN, exported by Charlie",estr_eonia_euribor6m_1y5y_bbg_2026-10-05.xlsx
2023-05-03,3.772000,2.985000,,,3.516000,2.736000,"Bloomberg BGN, exported by Charlie",estr_eonia_euribor6m_1y5y_bbg_2026-10-05.xlsx
2023-05-04,3.704000,2.892500,,,3.394000,2.623000,"Bloomberg BGN, exported by Charlie",estr_eonia_euribor6m_1y5y_bbg_2026-10-05.xlsx
2023-05-05,3.701000,2.963000,,,3.459000,2.706750,"Bloomberg BGN, exported by Charlie",estr_eonia_euribor6m_1y5y_bbg_2026-10-05.xlsx
2023-05-08,3.734000,3.004500,,,3.477500,2.737000,"Bloomberg BGN, exported by Charlie",estr_eonia_euribor6m_1y5y_bbg_2026-10-05.xlsx
2023-05-09,3.744000,3.020500,,,3.498500,2.760100,"Bloomberg BGN, exported by Charlie",estr_eonia_euribor6m_1y5y_bbg_2026-10-05.xlsx
2023-05-10,3.729400,2.963000,,,3.468000,2.696000,"Bloomberg BGN, exported by Charlie",estr_eonia_euribor6m_1y5y_bbg_2026-10-05.xlsx
2023-05-11,3.725100,2.909900,,,3.475000,2.652000,"Bloomberg BGN, exported by Charlie",estr_eonia_euribor6m_1y5y_bbg_2026-10-05.xlsx
2023-05-12,3.762600,2.967500,,,3.510000,2.707000,"Bloomberg BGN, exported by Charlie",estr_eonia_euribor6m_1y5y_bbg_2026-10-05.xlsx
2023-05-15,3.767900,2.971500,,,3.508000,2.714750,"Bloomberg BGN, exported by Charlie",estr_eonia_euribor6m_1y5y_bbg_2026-10-05.xlsx
2023-05-16,3.784500,3.028250,,,3.521000,2.764500,"Bloomberg BGN, exported by Charlie",estr_eonia_euribor6m_1y5y_bbg_2026-10-05.xlsx
2023-05-17,3.810000,3.048500,,,3.558000,2.800000,"Bloomberg BGN, exported by Charlie",estr_eonia_euribor6m_1y5y_bbg_2026-10-05.xlsx
2023-05-18,3.833000,3.139250,,,3.577000,2.887000,"Bloomberg BGN, exported by Charlie",estr_eonia_euribor6m_1y5y_bbg_2026-10-05.xlsx
2023-05-19,3.847000,3.139500,,,3.588000,2.883000,"Bloomberg BGN, exported by Charlie",estr_eonia_euribor6m_1y5y_bbg_2026-10-05.xlsx
2023-05-22,3.859000,3.157000,,,3.597000,2.894500,"Bloomberg BGN, exported by Charlie",estr_eonia_euribor6m_1y5y_bbg_2026-10-05.xlsx
2023-05-23,3.876600,3.172000,,,3.605000,2.910000,"Bloomberg BGN, exported by Charlie",estr_eonia_euribor6m_1y5y_bbg_2026-10-05.xlsx
2023-05-24,3.905400,3.211250,,,3.632000,2.943000,"Bloomberg BGN, exported by Charlie",estr_eonia_euribor6m_1y5y_bbg_2026-10-05.xlsx
2023-05-25,3.934000,3.253000,,,3.664000,2.994500,"Bloomberg BGN, exported by Charlie",estr_eonia_euribor6m_1y5y_bbg_2026-10-05.xlsx
2023-05-26,3.938000,3.265500,,,3.671000,3.003000,"Bloomberg BGN, exported by Charlie",estr_eonia_euribor6m_1y5y_bbg_2026-10-05.xlsx
2023-05-29,3.934200,3.191000,,,3.652000,2.928000,"Bloomberg BGN, exported by Charlie",estr_eonia_euribor6m_1y5y_bbg_2026-10-05.xlsx
2023-05-30,3.881000,3.081500,,,3.595000,2.804000,"Bloomberg BGN, exported by Charlie",estr_eonia_euribor6m_1y5y_bbg_2026-10-05.xlsx
2023-05-31,3.839400,3.024000,,,3.546500,2.746000,"Bloomberg BGN, exported by Charlie",estr_eonia_euribor6m_1y5y_bbg_2026-10-05.xlsx
2023-06-01,3.816250,2.986250,,,3.544000,2.716700,"Bloomberg BGN, exported by Charlie",estr_eonia_euribor6m_1y5y_bbg_2026-10-05.xlsx
2023-06-02,3.849400,3.055250,,,3.586000,2.781250,"Bloomberg BGN, exported by Charlie",estr_eonia_euribor6m_1y5y_bbg_2026-10-05.xlsx
2023-06-05,3.879000,3.104000,,,3.624000,2.847000,"Bloomberg BGN, exported by Charlie",estr_eonia_euribor6m_1y5y_bbg_2026-10-05.xlsx
2023-06-06,3.844400,3.066800,,,3.593000,2.802000,"Bloomberg BGN, exported by Charlie",estr_eonia_euribor6m_1y5y_bbg_2026-10-05.xlsx
2023-06-07,3.883000,3.148750,,,3.641250,2.894000,"Bloomberg BGN, exported by Charlie",estr_eonia_euribor6m_1y5y_bbg_2026-10-05.xlsx
2023-06-08,3.881000,3.101000,,,3.633000,2.844000,"Bloomberg BGN, exported by Charlie",estr_eonia_euribor6m_1y5y_bbg_2026-10-05.xlsx
2023-06-09,3.876300,3.089000,,,3.624000,2.830500,"Bloomberg BGN, exported by Charlie",estr_eonia_euribor6m_1y5y_bbg_2026-10-05.xlsx
2023-06-12,3.866000,3.079300,,,3.618000,2.827000,"Bloomberg BGN, exported by Charlie",estr_eonia_euribor6m_1y5y_bbg_2026-10-05.xlsx
2023-06-13,3.909000,3.146300,,,3.644000,2.885000,"Bloomberg BGN, exported by Charlie",estr_eonia_euribor6m_1y5y_bbg_2026-10-05.xlsx
2023-06-14,3.923100,3.179500,,,3.670000,2.920000,"Bloomberg BGN, exported by Charlie",estr_eonia_euribor6m_1y5y_bbg_2026-10-05.xlsx
2023-06-15,3.979000,3.250250,,,3.739400,2.998500,"Bloomberg BGN, exported by Charlie",estr_eonia_euribor6m_1y5y_bbg_2026-10-05.xlsx
2023-06-16,3.988100,3.241000,,,3.750000,2.987000,"Bloomberg BGN, exported by Charlie",estr_eonia_euribor6m_1y5y_bbg_2026-10-05.xlsx
2023-06-19,4.042000,3.286750,,,3.789000,3.032500,"Bloomberg BGN, exported by Charlie",estr_eonia_euribor6m_1y5y_bbg_2026-10-05.xlsx
2023-06-20,4.043000,3.194900,,,3.777000,2.940750,"Bloomberg BGN, exported by Charlie",estr_eonia_euribor6m_1y5y_bbg_2026-10-05.xlsx
2023-06-21,4.060000,3.235000,,,3.811500,2.982000,"Bloomberg BGN, exported by Charlie",estr_eonia_euribor6m_1y5y_bbg_2026-10-05.xlsx
2023-06-22,4.108700,3.315000,,,3.860750,3.058600,"Bloomberg BGN, exported by Charlie",estr_eonia_euribor6m_1y5y_bbg_2026-10-05.xlsx
2023-06-23,4.076100,3.201900,,,3.800500,2.950000,"Bloomberg BGN, exported by Charlie",estr_eonia_euribor6m_1y5y_bbg_2026-10-05.xlsx
2023-06-26,4.058250,3.154600,,,3.792750,2.895400,"Bloomberg BGN, exported by Charlie",estr_eonia_euribor6m_1y5y_bbg_2026-10-05.xlsx
2023-06-27,4.083250,3.216250,,,3.827750,2.956900,"Bloomberg BGN, exported by Charlie",estr_eonia_euribor6m_1y5y_bbg_2026-10-05.xlsx
2023-06-28,4.073750,3.174000,,,3.802000,2.916000,"Bloomberg BGN, exported by Charlie",estr_eonia_euribor6m_1y5y_bbg_2026-10-05.xlsx
2023-06-29,4.088000,3.279250,,,3.844000,3.031000,"Bloomberg BGN, exported by Charlie",estr_eonia_euribor6m_1y5y_bbg_2026-10-05.xlsx
2023-06-30,4.086000,3.262300,,,3.832000,3.009000,"Bloomberg BGN, exported by Charlie",estr_eonia_euribor6m_1y5y_bbg_2026-10-05.xlsx
2023-07-03,4.122000,3.324000,,,3.873000,3.072300,"Bloomberg BGN, exported by Charlie",estr_eonia_euribor6m_1y5y_bbg_2026-10-05.xlsx
2023-07-04,4.085400,3.314500,,,3.851400,3.070600,"Bloomberg BGN, exported by Charlie",estr_eonia_euribor6m_1y5y_bbg_2026-10-05.xlsx
2023-07-05,4.088000,3.320000,,,3.854000,3.081000,"Bloomberg BGN, exported by Charlie",estr_eonia_euribor6m_1y5y_bbg_2026-10-05.xlsx
2023-07-06,4.123000,3.459050,,,3.898750,3.209000,"Bloomberg BGN, exported by Charlie",estr_eonia_euribor6m_1y5y_bbg_2026-10-05.xlsx
2023-07-07,4.125300,3.430250,,,3.877000,3.185000,"Bloomberg BGN, exported by Charlie",estr_eonia_euribor6m_1y5y_bbg_2026-10-05.xlsx
2023-07-10,4.134200,3.450800,,,3.899000,3.204000,"Bloomberg BGN, exported by Charlie",estr_eonia_euribor6m_1y5y_bbg_2026-10-05.xlsx
2023-07-11,4.142300,3.443250,,,3.904000,3.197750,"Bloomberg BGN, exported by Charlie",estr_eonia_euribor6m_1y5y_bbg_2026-10-05.xlsx
2023-07-12,4.122000,3.353750,,,3.870000,3.108000,"Bloomberg BGN, exported by Charlie",estr_eonia_euribor6m_1y5y_bbg_2026-10-05.xlsx
2023-07-13,4.085450,3.254250,,,3.846250,3.010000,"Bloomberg BGN, exported by Charlie",estr_eonia_euribor6m_1y5y_bbg_2026-10-05.xlsx
2023-07-14,4.106000,3.306350,,,3.873000,3.060000,"Bloomberg BGN, exported by Charlie",estr_eonia_euribor6m_1y5y_bbg_2026-10-05.xlsx
2023-07-17,4.109000,3.269000,,,3.869000,3.025100,"Bloomberg BGN, exported by Charlie",estr_eonia_euribor6m_1y5y_bbg_2026-10-05.xlsx
2023-07-18,4.069300,3.177000,,,3.822750,2.938000,"Bloomberg BGN, exported by Charlie",estr_eonia_euribor6m_1y5y_bbg_2026-10-05.xlsx
2023-07-19,4.064600,3.210000,,,3.832750,2.958000,"Bloomberg BGN, exported by Charlie",estr_eonia_euribor6m_1y5y_bbg_2026-10-05.xlsx
2023-07-20,4.085000,3.279250,,,3.850000,3.038500,"Bloomberg BGN, exported by Charlie",estr_eonia_euribor6m_1y5y_bbg_2026-10-05.xlsx
2023-07-21,4.085000,3.258500,,,3.838500,3.015000,"Bloomberg BGN, exported by Charlie",estr_eonia_euribor6m_1y5y_bbg_2026-10-05.xlsx
2023-07-24,4.066000,3.209000,,,3.811000,2.957000,"Bloomberg BGN, exported by Charlie",estr_eonia_euribor6m_1y5y_bbg_2026-10-05.xlsx
2023-07-25,4.050000,3.196250,,,3.805250,2.953500,"Bloomberg BGN, exported by Charlie",estr_eonia_euribor6m_1y5y_bbg_2026-10-05.xlsx
2023-07-26,4.073000,3.262000,,,3.839000,3.024000,"Bloomberg BGN, exported by Charlie",estr_eonia_euribor6m_1y5y_bbg_2026-10-05.xlsx
2023-07-27,4.049000,3.234000,,,3.806000,3.002000,"Bloomberg BGN, exported by Charlie",estr_eonia_euribor6m_1y5y_bbg_2026-10-05.xlsx
2023-07-28,4.030600,3.218000,,,3.777000,2.976500,"Bloomberg BGN, exported by Charlie",estr_eonia_euribor6m_1y5y_bbg_2026-10-05.xlsx
2023-07-31,4.017000,3.200000,,,3.779500,2.949000,"Bloomberg BGN, exported by Charlie",estr_eonia_euribor6m_1y5y_bbg_2026-10-05.xlsx
2023-08-01,4.023000,3.250250,,,3.782750,3.001000,"Bloomberg BGN, exported by Charlie",estr_eonia_euribor6m_1y5y_bbg_2026-10-05.xlsx
2023-08-02,4.002000,3.215000,,,3.755700,2.969250,"Bloomberg BGN, exported by Charlie",estr_eonia_euribor6m_1y5y_bbg_2026-10-05.xlsx
2023-08-03,4.004150,3.274500,,,3.767250,3.019500,"Bloomberg BGN, exported by Charlie",estr_eonia_euribor6m_1y5y_bbg_2026-10-05.xlsx
2023-08-04,4.012200,3.257500,,,3.774850,3.004000,"Bloomberg BGN, exported by Charlie",estr_eonia_euribor6m_1y5y_bbg_2026-10-05.xlsx
2023-08-07,4.017850,3.274000,,,3.776500,3.019000,"Bloomberg BGN, exported by Charlie",estr_eonia_euribor6m_1y5y_bbg_2026-10-05.xlsx
2023-08-08,3.984850,3.183250,,,3.753500,2.935000,"Bloomberg BGN, exported by Charlie",estr_eonia_euribor6m_1y5y_bbg_2026-10-05.xlsx
2023-08-09,3.994000,3.201000,,,3.768000,2.958000,"Bloomberg BGN, exported by Charlie",estr_eonia_euribor6m_1y5y_bbg_2026-10-05.xlsx
2023-08-10,4.004800,3.232250,,,3.778000,2.987750,"Bloomberg BGN, exported by Charlie",estr_eonia_euribor6m_1y5y_bbg_2026-10-05.xlsx
2023-08-11,4.019750,3.314750,,,3.797400,3.070300,"Bloomberg BGN, exported by Charlie",estr_eonia_euribor6m_1y5y_bbg_2026-10-05.xlsx
2023-08-14,4.049400,3.322000,,,3.814000,3.071000,"Bloomberg BGN, exported by Charlie",estr_eonia_euribor6m_1y5y_bbg_2026-10-05.xlsx
2023-08-15,4.055000,3.374000,,,3.837000,3.127000,"Bloomberg BGN, exported by Charlie",estr_eonia_euribor6m_1y5y_bbg_2026-10-05.xlsx
2023-08-16,4.060700,3.344000,,,3.832500,3.092200,"Bloomberg BGN, exported by Charlie",estr_eonia_euribor6m_1y5y_bbg_2026-10-05.xlsx
2023-08-17,4.052600,3.379000,,,3.838250,3.131000,"Bloomberg BGN, exported by Charlie",estr_eonia_euribor6m_1y5y_bbg_2026-10-05.xlsx
2023-08-18,4.029500,3.307000,,,3.807500,3.065750,"Bloomberg BGN, exported by Charlie",estr_eonia_euribor6m_1y5y_bbg_2026-10-05.xlsx
2023-08-21,4.049100,3.371500,,,3.835900,3.127000,"Bloomberg BGN, exported by Charlie",estr_eonia_euribor6m_1y5y_bbg_2026-10-05.xlsx
2023-08-22,4.041000,3.323000,,,3.821000,3.077000,"Bloomberg BGN, exported by Charlie",estr_eonia_euribor6m_1y5y_bbg_2026-10-05.xlsx
2023-08-23,3.985800,3.186000,,,3.733500,2.938000,"Bloomberg BGN, exported by Charlie",estr_eonia_euribor6m_1y5y_bbg_2026-10-05.xlsx
2023-08-24,3.980000,3.206500,,,3.745500,2.958000,"Bloomberg BGN, exported by Charlie",estr_eonia_euribor6m_1y5y_bbg_2026-10-05.xlsx
2023-08-25,4.014300,3.260000,,,3.783250,3.013400,"Bloomberg BGN, exported by Charlie",estr_eonia_euribor6m_1y5y_bbg_2026-10-05.xlsx
2023-08-28,4.024000,3.260500,,,3.798700,3.014000,"Bloomberg BGN, exported by Charlie",estr_eonia_euribor6m_1y5y_bbg_2026-10-05.xlsx
2023-08-29,4.009000,3.211500,,,3.800000,2.968750,"Bloomberg BGN, exported by Charlie",estr_eonia_euribor6m_1y5y_bbg_2026-10-05.xlsx
2023-08-30,4.037300,3.240000,,,3.820400,3.000000,"Bloomberg BGN, exported by Charlie",estr_eonia_euribor6m_1y5y_bbg_2026-10-05.xlsx
2023-08-31,3.988000,3.130250,,,3.724500,2.898750,"Bloomberg BGN, exported by Charlie",estr_eonia_euribor6m_1y5y_bbg_2026-10-05.xlsx
2023-09-01,3.971100,3.186300,,,3.730000,2.947000,"Bloomberg BGN, exported by Charlie",estr_eonia_euribor6m_1y5y_bbg_2026-10-05.xlsx
2023-09-04,3.995100,3.225800,,,3.753250,2.991000,"Bloomberg BGN, exported by Charlie",estr_eonia_euribor6m_1y5y_bbg_2026-10-05.xlsx
2023-09-05,3.980250,3.238000,,,3.751750,3.005750,"Bloomberg BGN, exported by Charlie",estr_eonia_euribor6m_1y5y_bbg_2026-10-05.xlsx
2023-09-06,3.996000,3.276000,,,3.775000,3.042000,"Bloomberg BGN, exported by Charlie",estr_eonia_euribor6m_1y5y_bbg_2026-10-05.xlsx
2023-09-07,3.991000,3.242250,,,3.769000,3.012250,"Bloomberg BGN, exported by Charlie",estr_eonia_euribor6m_1y5y_bbg_2026-10-05.xlsx
2023-09-08,4.001500,3.247000,,,3.779000,3.017000,"Bloomberg BGN, exported by Charlie",estr_eonia_euribor6m_1y5y_bbg_2026-10-05.xlsx
2023-09-11,4.018000,3.264600,,,3.793000,3.039500,"Bloomberg BGN, exported by Charlie",estr_eonia_euribor6m_1y5y_bbg_2026-10-05.xlsx
2023-09-12,4.034000,3.291000,,,3.853000,3.072000,"Bloomberg BGN, exported by Charlie",estr_eonia_euribor6m_1y5y_bbg_2026-10-05.xlsx
2023-09-13,4.071000,3.306000,,,3.857450,3.073000,"Bloomberg BGN, exported by Charlie",estr_eonia_euribor6m_1y5y_bbg_2026-10-05.xlsx
2023-09-14,4.087000,3.241500,,,3.884000,3.022000,"Bloomberg BGN, exported by Charlie",estr_eonia_euribor6m_1y5y_bbg_2026-10-05.xlsx
2023-09-15,4.118000,3.305750,,,3.917000,3.082700,"Bloomberg BGN, exported by Charlie",estr_eonia_euribor6m_1y5y_bbg_2026-10-05.xlsx
2023-09-18,4.142000,3.339000,,,3.937000,3.111000,"Bloomberg BGN, exported by Charlie",estr_eonia_euribor6m_1y5y_bbg_2026-10-05.xlsx
2023-09-19,4.142000,3.365800,,,3.937750,3.140000,"Bloomberg BGN, exported by Charlie",estr_eonia_euribor6m_1y5y_bbg_2026-10-05.xlsx
2023-09-20,4.128000,3.336000,,,3.919000,3.102000,"Bloomberg BGN, exported by Charlie",estr_eonia_euribor6m_1y5y_bbg_2026-10-05.xlsx
2023-09-21,4.132000,3.368000,,,3.919000,3.128000,"Bloomberg BGN, exported by Charlie",estr_eonia_euribor6m_1y5y_bbg_2026-10-05.xlsx
2023-09-22,4.140750,3.359750,,,3.923250,3.130000,"Bloomberg BGN, exported by Charlie",estr_eonia_euribor6m_1y5y_bbg_2026-10-05.xlsx
2023-09-25,4.150200,3.380000,,,3.910000,3.138300,"Bloomberg BGN, exported by Charlie",estr_eonia_euribor6m_1y5y_bbg_2026-10-05.xlsx
2023-09-26,4.133750,3.388650,,,3.910250,3.151000,"Bloomberg BGN, exported by Charlie",estr_eonia_euribor6m_1y5y_bbg_2026-10-05.xlsx
2023-09-27,4.159750,3.420200,,,3.915000,3.184500,"Bloomberg BGN, exported by Charlie",estr_eonia_euribor6m_1y5y_bbg_2026-10-05.xlsx
2023-09-28,4.171650,3.499750,,,3.925250,3.254000,"Bloomberg BGN, exported by Charlie",estr_eonia_euribor6m_1y5y_bbg_2026-10-05.xlsx
2023-09-29,4.147650,3.407180,,,3.899000,3.167000,"Bloomberg BGN, exported by Charlie",estr_eonia_euribor6m_1y5y_bbg_2026-10-05.xlsx
2023-10-02,4.157000,3.458000,,,3.899000,3.214500,"Bloomberg BGN, exported by Charlie",estr_eonia_euribor6m_1y5y_bbg_2026-10-05.xlsx
2023-10-03,4.150000,3.483600,,,3.899000,3.245250,"Bloomberg BGN, exported by Charlie",estr_eonia_euribor6m_1y5y_bbg_2026-10-05.xlsx
2023-10-04,4.140000,3.457500,,,3.877500,3.207000,"Bloomberg BGN, exported by Charlie",estr_eonia_euribor6m_1y5y_bbg_2026-10-05.xlsx
2023-10-05,4.119500,3.398750,,,3.851000,3.143250,"Bloomberg BGN, exported by Charlie",estr_eonia_euribor6m_1y5y_bbg_2026-10-05.xlsx
2023-10-06,4.110950,3.404000,,,3.853600,3.164100,"Bloomberg BGN, exported by Charlie",estr_eonia_euribor6m_1y5y_bbg_2026-10-05.xlsx
2023-10-09,4.084850,3.310050,,,3.805750,3.055000,"Bloomberg BGN, exported by Charlie",estr_eonia_euribor6m_1y5y_bbg_2026-10-05.xlsx
2023-10-10,4.084250,3.327000,,,3.819000,3.073000,"Bloomberg BGN, exported by Charlie",estr_eonia_euribor6m_1y5y_bbg_2026-10-05.xlsx
2023-10-11,4.098000,3.317000,,,3.837250,3.064000,"Bloomberg BGN, exported by Charlie",estr_eonia_euribor6m_1y5y_bbg_2026-10-05.xlsx
2023-10-12,4.123000,3.368500,,,3.855000,3.117750,"Bloomberg BGN, exported by Charlie",estr_eonia_euribor6m_1y5y_bbg_2026-10-05.xlsx
2023-10-13,4.115250,3.341000,,,3.841000,3.089000,"Bloomberg BGN, exported by Charlie",estr_eonia_euribor6m_1y5y_bbg_2026-10-05.xlsx
2023-10-16,4.107000,3.367950,,,3.842000,3.106000,"Bloomberg BGN, exported by Charlie",estr_eonia_euribor6m_1y5y_bbg_2026-10-05.xlsx
2023-10-17,4.141000,3.447000,,,3.875000,3.188000,"Bloomberg BGN, exported by Charlie",estr_eonia_euribor6m_1y5y_bbg_2026-10-05.xlsx
2023-10-18,4.153700,3.463000,,,3.871000,3.198000,"Bloomberg BGN, exported by Charlie",estr_eonia_euribor6m_1y5y_bbg_2026-10-05.xlsx
2023-10-19,4.139600,3.470050,,,3.873000,3.208800,"Bloomberg BGN, exported by Charlie",estr_eonia_euribor6m_1y5y_bbg_2026-10-05.xlsx
2023-10-20,4.103000,3.433500,,,3.840000,3.179000,"Bloomberg BGN, exported by Charlie",estr_eonia_euribor6m_1y5y_bbg_2026-10-05.xlsx
2023-10-23,4.103550,3.413000,,,3.846750,3.153750,"Bloomberg BGN, exported by Charlie",estr_eonia_euribor6m_1y5y_bbg_2026-10-05.xlsx
2023-10-24,4.080450,3.360450,,,3.816000,3.096000,"Bloomberg BGN, exported by Charlie",estr_eonia_euribor6m_1y5y_bbg_2026-10-05.xlsx
2023-10-25,4.080150,3.393500,,,3.831250,3.144200,"Bloomberg BGN, exported by Charlie",estr_eonia_euribor6m_1y5y_bbg_2026-10-05.xlsx
2023-10-26,4.054050,3.326500,,,3.786000,3.067000,"Bloomberg BGN, exported by Charlie",estr_eonia_euribor6m_1y5y_bbg_2026-10-05.xlsx
2023-10-27,4.036000,3.293000,,,3.764300,3.037700,"Bloomberg BGN, exported by Charlie",estr_eonia_euribor6m_1y5y_bbg_2026-10-05.xlsx
2023-10-30,4.023000,3.275950,,,3.743000,3.018000,"Bloomberg BGN, exported by Charlie",estr_eonia_euribor6m_1y5y_bbg_2026-10-05.xlsx
2023-10-31,4.010200,3.259000,,,3.734000,2.999500,"Bloomberg BGN, exported by Charlie",estr_eonia_euribor6m_1y5y_bbg_2026-10-05.xlsx
2023-11-01,3.987000,3.195500,,,3.708000,2.934600,"Bloomberg BGN, exported by Charlie",estr_eonia_euribor6m_1y5y_bbg_2026-10-05.xlsx
2023-11-02,3.979000,3.163100,,,3.713500,2.904000,"Bloomberg BGN, exported by Charlie",estr_eonia_euribor6m_1y5y_bbg_2026-10-05.xlsx
2023-11-03,3.964000,3.104000,,,3.703500,2.847250,"Bloomberg BGN, exported by Charlie",estr_eonia_euribor6m_1y5y_bbg_2026-10-05.xlsx
2023-11-06,3.978000,3.166250,,,3.716750,2.908000,"Bloomberg BGN, exported by Charlie",estr_eonia_euribor6m_1y5y_bbg_2026-10-05.xlsx
2023-11-07,3.969650,3.130000,,,3.704750,2.868500,"Bloomberg BGN, exported by Charlie",estr_eonia_euribor6m_1y5y_bbg_2026-10-05.xlsx
2023-11-08,3.975700,3.113500,,,3.719000,2.856100,"Bloomberg BGN, exported by Charlie",estr_eonia_euribor6m_1y5y_bbg_2026-10-05.xlsx
2023-11-09,3.968000,3.120400,,,3.716250,2.868600,"Bloomberg BGN, exported by Charlie",estr_eonia_euribor6m_1y5y_bbg_2026-10-05.xlsx
2023-11-10,3.997400,3.182000,,,3.737000,2.931250,"Bloomberg BGN, exported by Charlie",estr_eonia_euribor6m_1y5y_bbg_2026-10-05.xlsx
2023-11-13,4.009400,3.189000,,,3.738500,2.926000,"Bloomberg BGN, exported by Charlie",estr_eonia_euribor6m_1y5y_bbg_2026-10-05.xlsx
2023-11-14,3.971800,3.085500,,,3.690550,2.828250,"Bloomberg BGN, exported by Charlie",estr_eonia_euribor6m_1y5y_bbg_2026-10-05.xlsx
2023-11-15,3.972000,3.107000,,,3.702750,2.850000,"Bloomberg BGN, exported by Charlie",estr_eonia_euribor6m_1y5y_bbg_2026-10-05.xlsx
2023-11-16,3.938000,3.052800,,,3.661000,2.790000,"Bloomberg BGN, exported by Charlie",estr_eonia_euribor6m_1y5y_bbg_2026-10-05.xlsx
2023-11-17,3.951500,3.067000,,,3.683000,2.814000,"Bloomberg BGN, exported by Charlie",estr_eonia_euribor6m_1y5y_bbg_2026-10-05.xlsx
2023-11-20,3.960900,3.080000,,,3.701250,2.823200,"Bloomberg BGN, exported by Charlie",estr_eonia_euribor6m_1y5y_bbg_2026-10-05.xlsx
2023-11-21,3.956000,3.044700,,,3.687000,2.793000,"Bloomberg BGN, exported by Charlie",estr_eonia_euribor6m_1y5y_bbg_2026-10-05.xlsx
2023-11-22,3.975000,3.073400,,,3.711000,2.824250,"Bloomberg BGN, exported by Charlie",estr_eonia_euribor6m_1y5y_bbg_2026-10-05.xlsx
2023-11-23,3.983850,3.121100,,,3.720750,2.868900,"Bloomberg BGN, exported by Charlie",estr_eonia_euribor6m_1y5y_bbg_2026-10-05.xlsx
2023-11-24,3.992850,3.139500,,,3.724000,2.886300,"Bloomberg BGN, exported by Charlie",estr_eonia_euribor6m_1y5y_bbg_2026-10-05.xlsx
2023-11-27,3.942150,3.043600,,,3.681000,2.790950,"Bloomberg BGN, exported by Charlie",estr_eonia_euribor6m_1y5y_bbg_2026-10-05.xlsx
2023-11-28,3.898000,2.978650,,,3.639000,2.733200,"Bloomberg BGN, exported by Charlie",estr_eonia_euribor6m_1y5y_bbg_2026-10-05.xlsx
2023-11-29,3.863550,2.917000,,,3.592000,2.662000,"Bloomberg BGN, exported by Charlie",estr_eonia_euribor6m_1y5y_bbg_2026-10-05.xlsx
2023-11-30,3.834650,2.923500,,,3.563500,2.672900,"Bloomberg BGN, exported by Charlie",estr_eonia_euribor6m_1y5y_bbg_2026-10-05.xlsx
2023-12-01,3.716000,2.801000,,,3.425400,2.538600,"Bloomberg BGN, exported by Charlie",estr_eonia_euribor6m_1y5y_bbg_2026-10-05.xlsx
2023-12-04,3.687000,2.796050,,,3.435250,2.541000,"Bloomberg BGN, exported by Charlie",estr_eonia_euribor6m_1y5y_bbg_2026-10-05.xlsx
2023-12-05,3.643500,2.701800,,,3.373000,2.444000,"Bloomberg BGN, exported by Charlie",estr_eonia_euribor6m_1y5y_bbg_2026-10-05.xlsx
2023-12-06,3.646800,2.680200,,,3.383750,2.426000,"Bloomberg BGN, exported by Charlie",estr_eonia_euribor6m_1y5y_bbg_2026-10-05.xlsx
2023-12-07,3.637400,2.651600,,,3.374000,2.396000,"Bloomberg BGN, exported by Charlie",estr_eonia_euribor6m_1y5y_bbg_2026-10-05.xlsx
2023-12-08,3.671500,2.724900,,,3.423000,2.464250,"Bloomberg BGN, exported by Charlie",estr_eonia_euribor6m_1y5y_bbg_2026-10-05.xlsx
2023-12-11,3.692200,2.735850,,,3.437000,2.478000,"Bloomberg BGN, exported by Charlie",estr_eonia_euribor6m_1y5y_bbg_2026-10-05.xlsx
2023-12-12,3.689750,2.710700,,,3.427000,2.459500,"Bloomberg BGN, exported by Charlie",estr_eonia_euribor6m_1y5y_bbg_2026-10-05.xlsx
2023-12-13,3.656500,2.664900,,,3.407000,2.419000,"Bloomberg BGN, exported by Charlie",estr_eonia_euribor6m_1y5y_bbg_2026-10-05.xlsx
2023-12-14,3.592400,2.570500,,,3.359750,2.323000,"Bloomberg BGN, exported by Charlie",estr_eonia_euribor6m_1y5y_bbg_2026-10-05.xlsx
2023-12-15,3.559000,2.494000,,,3.332250,2.254250,"Bloomberg BGN, exported by Charlie",estr_eonia_euribor6m_1y5y_bbg_2026-10-05.xlsx
2023-12-18,3.574750,2.537000,,,3.341250,2.292300,"Bloomberg BGN, exported by Charlie",estr_eonia_euribor6m_1y5y_bbg_2026-10-05.xlsx
2023-12-19,3.560700,2.492000,,,3.324000,2.253300,"Bloomberg BGN, exported by Charlie",estr_eonia_euribor6m_1y5y_bbg_2026-10-05.xlsx
2023-12-20,3.535850,2.445500,,,3.287000,2.199000,"Bloomberg BGN, exported by Charlie",estr_eonia_euribor6m_1y5y_bbg_2026-10-05.xlsx
2023-12-21,3.512000,2.432000,,,3.267000,2.186750,"Bloomberg BGN, exported by Charlie",estr_eonia_euribor6m_1y5y_bbg_2026-10-05.xlsx
2023-12-22,3.487500,2.408700,,,3.239000,2.174000,"Bloomberg BGN, exported by Charlie",estr_eonia_euribor6m_1y5y_bbg_2026-10-05.xlsx
2023-12-26,3.495000,,,,,,"Bloomberg BGN, exported by Charlie",estr_eonia_euribor6m_1y5y_bbg_2026-10-05.xlsx
2023-12-27,3.465700,2.358000,,,3.205000,2.110200,"Bloomberg BGN, exported by Charlie",estr_eonia_euribor6m_1y5y_bbg_2026-10-05.xlsx
2023-12-28,3.450950,2.382000,,,3.194000,2.136600,"Bloomberg BGN, exported by Charlie",estr_eonia_euribor6m_1y5y_bbg_2026-10-05.xlsx
2023-12-29,3.455250,2.431000,,,3.210000,2.185600,"Bloomberg BGN, exported by Charlie",estr_eonia_euribor6m_1y5y_bbg_2026-10-05.xlsx
2024-01-02,3.469000,2.468500,,,3.227000,2.223000,"Bloomberg BGN, exported by Charlie",estr_eonia_euribor6m_1y5y_bbg_2026-10-05.xlsx
2024-01-03,3.467000,2.406250,,,3.204000,2.166000,"Bloomberg BGN, exported by Charlie",estr_eonia_euribor6m_1y5y_bbg_2026-10-05.xlsx
2024-01-04,3.522750,2.529000,,,3.285000,2.300000,"Bloomberg BGN, exported by Charlie",estr_eonia_euribor6m_1y5y_bbg_2026-10-05.xlsx
2024-01-05,3.556050,2.571000,,,3.306000,2.346000,"Bloomberg BGN, exported by Charlie",estr_eonia_euribor6m_1y5y_bbg_2026-10-05.xlsx
2024-01-08,3.552000,2.539000,,,3.286000,2.304000,"Bloomberg BGN, exported by Charlie",estr_eonia_euribor6m_1y5y_bbg_2026-10-05.xlsx
2024-01-09,3.559050,2.603750,,,3.327000,2.373000,"Bloomberg BGN, exported by Charlie",estr_eonia_euribor6m_1y5y_bbg_2026-10-05.xlsx
2024-01-10,3.580900,2.629000,,,3.348000,2.399000,"Bloomberg BGN, exported by Charlie",estr_eonia_euribor6m_1y5y_bbg_2026-10-05.xlsx
2024-01-11,3.570400,2.612000,,,3.319000,2.382000,"Bloomberg BGN, exported by Charlie",estr_eonia_euribor6m_1y5y_bbg_2026-10-05.xlsx
2024-01-12,3.499900,2.536000,,,3.230750,2.307000,"Bloomberg BGN, exported by Charlie",estr_eonia_euribor6m_1y5y_bbg_2026-10-05.xlsx
2024-01-15,3.514000,2.573000,,,3.280000,2.342000,"Bloomberg BGN, exported by Charlie",estr_eonia_euribor6m_1y5y_bbg_2026-10-05.xlsx
2024-01-16,3.522500,2.592000,,,3.295000,2.376500,"Bloomberg BGN, exported by Charlie",estr_eonia_euribor6m_1y5y_bbg_2026-10-05.xlsx
2024-01-17,3.569000,2.668750,,,3.372000,2.442750,"Bloomberg BGN, exported by Charlie",estr_eonia_euribor6m_1y5y_bbg_2026-10-05.xlsx
2024-01-18,3.591000,2.690040,,,3.345000,2.466500,"Bloomberg BGN, exported by Charlie",estr_eonia_euribor6m_1y5y_bbg_2026-10-05.xlsx
2024-01-19,3.615250,2.705000,,,3.392000,2.479000,"Bloomberg BGN, exported by Charlie",estr_eonia_euribor6m_1y5y_bbg_2026-10-05.xlsx
2024-01-22,3.605000,2.672000,,,3.375000,2.445750,"Bloomberg BGN, exported by Charlie",estr_eonia_euribor6m_1y5y_bbg_2026-10-05.xlsx
2024-01-23,3.627200,2.713500,,,3.380000,2.486000,"Bloomberg BGN, exported by Charlie",estr_eonia_euribor6m_1y5y_bbg_2026-10-05.xlsx
2024-01-24,3.598400,2.687700,,,3.369000,2.457200,"Bloomberg BGN, exported by Charlie",estr_eonia_euribor6m_1y5y_bbg_2026-10-05.xlsx
2024-01-25,3.540000,2.623000,,,3.285000,2.392300,"Bloomberg BGN, exported by Charlie",estr_eonia_euribor6m_1y5y_bbg_2026-10-05.xlsx
2024-01-26,3.523600,2.624250,,,3.284000,2.394250,"Bloomberg BGN, exported by Charlie",estr_eonia_euribor6m_1y5y_bbg_2026-10-05.xlsx
2024-01-29,3.496500,2.568700,,,3.244000,2.330000,"Bloomberg BGN, exported by Charlie",estr_eonia_euribor6m_1y5y_bbg_2026-10-05.xlsx
2024-01-30,3.495100,2.599350,,,3.272000,2.368000,"Bloomberg BGN, exported by Charlie",estr_eonia_euribor6m_1y5y_bbg_2026-10-05.xlsx
2024-01-31,3.454000,2.510100,,,3.208400,2.271000,"Bloomberg BGN, exported by Charlie",estr_eonia_euribor6m_1y5y_bbg_2026-10-05.xlsx
2024-02-01,3.480300,2.523100,,,3.246000,2.294000,"Bloomberg BGN, exported by Charlie",estr_eonia_euribor6m_1y5y_bbg_2026-10-05.xlsx
2024-02-02,3.551000,2.613000,,,3.336000,2.377000,"Bloomberg BGN, exported by Charlie",estr_eonia_euribor6m_1y5y_bbg_2026-10-05.xlsx
2024-02-05,3.600900,2.678000,,,3.352300,2.434000,"Bloomberg BGN, exported by Charlie",estr_eonia_euribor6m_1y5y_bbg_2026-10-05.xlsx
2024-02-06,3.595000,2.654500,,,3.309000,2.402500,"Bloomberg BGN, exported by Charlie",estr_eonia_euribor6m_1y5y_bbg_2026-10-05.xlsx
2024-02-07,3.602000,2.687500,,,3.358400,2.456200,"Bloomberg BGN, exported by Charlie",estr_eonia_euribor6m_1y5y_bbg_2026-10-05.xlsx
2024-02-08,3.616050,2.730500,,,3.377000,2.489000,"Bloomberg BGN, exported by Charlie",estr_eonia_euribor6m_1y5y_bbg_2026-10-05.xlsx
2024-02-09,3.642000,2.766250,,,3.408100,2.522000,"Bloomberg BGN, exported by Charlie",estr_eonia_euribor6m_1y5y_bbg_2026-10-05.xlsx
2024-02-12,3.621000,2.728000,,,3.369000,2.487750,"Bloomberg BGN, exported by Charlie",estr_eonia_euribor6m_1y5y_bbg_2026-10-05.xlsx
2024-02-13,3.656350,2.781950,,,3.438400,2.549150,"Bloomberg BGN, exported by Charlie",estr_eonia_euribor6m_1y5y_bbg_2026-10-05.xlsx
2024-02-14,3.642650,2.715000,,,3.396250,2.467000,"Bloomberg BGN, exported by Charlie",estr_eonia_euribor6m_1y5y_bbg_2026-10-05.xlsx
2024-02-15,3.651750,2.732500,,,3.394000,2.500000,"Bloomberg BGN, exported by Charlie",estr_eonia_euribor6m_1y5y_bbg_2026-10-05.xlsx
2024-02-16,3.679000,2.793250,,,3.451000,2.555850,"Bloomberg BGN, exported by Charlie",estr_eonia_euribor6m_1y5y_bbg_2026-10-05.xlsx
2024-02-19,3.685750,2.789500,,,3.448000,2.556000,"Bloomberg BGN, exported by Charlie",estr_eonia_euribor6m_1y5y_bbg_2026-10-05.xlsx
2024-02-20,3.664000,2.752000,,,3.413250,2.520000,"Bloomberg BGN, exported by Charlie",estr_eonia_euribor6m_1y5y_bbg_2026-10-05.xlsx
2024-02-21,3.688550,2.818500,,,3.452750,2.585500,"Bloomberg BGN, exported by Charlie",estr_eonia_euribor6m_1y5y_bbg_2026-10-05.xlsx
2024-02-22,3.719500,2.837500,,,3.495400,2.614000,"Bloomberg BGN, exported by Charlie",estr_eonia_euribor6m_1y5y_bbg_2026-10-05.xlsx
2024-02-23,3.689000,2.757000,,,3.455000,2.521600,"Bloomberg BGN, exported by Charlie",estr_eonia_euribor6m_1y5y_bbg_2026-10-05.xlsx
2024-02-26,3.721500,2.839000,,,3.505000,2.611250,"Bloomberg BGN, exported by Charlie",estr_eonia_euribor6m_1y5y_bbg_2026-10-05.xlsx
2024-02-27,3.734000,2.853200,,,3.502000,2.614250,"Bloomberg BGN, exported by Charlie",estr_eonia_euribor6m_1y5y_bbg_2026-10-05.xlsx
2024-02-28,3.708300,2.840950,,,3.485000,2.614000,"Bloomberg BGN, exported by Charlie",estr_eonia_euribor6m_1y5y_bbg_2026-10-05.xlsx
2024-02-29,3.701750,2.801000,,,3.494000,2.587000,"Bloomberg BGN, exported by Charlie",estr_eonia_euribor6m_1y5y_bbg_2026-10-05.xlsx
2024-03-01,3.694500,2.785750,,,3.485000,2.579000,"Bloomberg BGN, exported by Charlie",estr_eonia_euribor6m_1y5y_bbg_2026-10-05.xlsx
2024-03-04,3.705250,2.777000,,,3.503000,2.575750,"Bloomberg BGN, exported by Charlie",estr_eonia_euribor6m_1y5y_bbg_2026-10-05.xlsx
2024-03-05,3.681250,2.706000,,,3.471000,2.508000,"Bloomberg BGN, exported by Charlie",estr_eonia_euribor6m_1y5y_bbg_2026-10-05.xlsx
2024-03-06,3.671250,2.710750,,,3.475000,2.514750,"Bloomberg BGN, exported by Charlie",estr_eonia_euribor6m_1y5y_bbg_2026-10-05.xlsx
2024-03-07,3.659100,2.687750,,,3.445000,2.488000,"Bloomberg BGN, exported by Charlie",estr_eonia_euribor6m_1y5y_bbg_2026-10-05.xlsx
2024-03-08,3.620000,2.611000,,,3.409750,2.423750,"Bloomberg BGN, exported by Charlie",estr_eonia_euribor6m_1y5y_bbg_2026-10-05.xlsx
2024-03-11,3.634750,2.644600,,,3.432000,2.452000,"Bloomberg BGN, exported by Charlie",estr_eonia_euribor6m_1y5y_bbg_2026-10-05.xlsx
2024-03-12,3.659420,2.670000,,,3.455250,2.478000,"Bloomberg BGN, exported by Charlie",estr_eonia_euribor6m_1y5y_bbg_2026-10-05.xlsx
2024-03-13,3.658500,2.702600,,,3.463000,2.506000,"Bloomberg BGN, exported by Charlie",estr_eonia_euribor6m_1y5y_bbg_2026-10-05.xlsx
2024-03-14,3.677000,2.775500,,,3.475000,2.580750,"Bloomberg BGN, exported by Charlie",estr_eonia_euribor6m_1y5y_bbg_2026-10-05.xlsx
2024-03-15,3.696000,2.788700,,,3.491750,2.583000,"Bloomberg BGN, exported by Charlie",estr_eonia_euribor6m_1y5y_bbg_2026-10-05.xlsx
2024-03-18,3.707000,2.807000,,,3.501000,2.608000,"Bloomberg BGN, exported by Charlie",estr_eonia_euribor6m_1y5y_bbg_2026-10-05.xlsx
2024-03-19,3.692010,2.792000,,,3.483000,2.581800,"Bloomberg BGN, exported by Charlie",estr_eonia_euribor6m_1y5y_bbg_2026-10-05.xlsx
2024-03-20,3.687000,2.787900,,,3.479050,2.582000,"Bloomberg BGN, exported by Charlie",estr_eonia_euribor6m_1y5y_bbg_2026-10-05.xlsx
2024-03-21,3.658750,2.754000,,,3.441000,2.548000,"Bloomberg BGN, exported by Charlie",estr_eonia_euribor6m_1y5y_bbg_2026-10-05.xlsx
2024-03-22,3.628000,2.687400,,,3.416000,2.480300,"Bloomberg BGN, exported by Charlie",estr_eonia_euribor6m_1y5y_bbg_2026-10-05.xlsx
2024-03-25,3.634000,2.726500,,,3.438000,2.524000,"Bloomberg BGN, exported by Charlie",estr_eonia_euribor6m_1y5y_bbg_2026-10-05.xlsx
2024-03-26,3.632250,2.713000,,,3.422000,2.509000,"Bloomberg BGN, exported by Charlie",estr_eonia_euribor6m_1y5y_bbg_2026-10-05.xlsx
2024-03-27,3.611400,2.662750,,,3.396000,2.458000,"Bloomberg BGN, exported by Charlie",estr_eonia_euribor6m_1y5y_bbg_2026-10-05.xlsx
2024-03-28,3.616600,2.671000,,,3.410000,2.466400,"Bloomberg BGN, exported by Charlie",estr_eonia_euribor6m_1y5y_bbg_2026-10-05.xlsx
2024-04-02,3.601000,2.720500,,,3.389000,2.510800,"Bloomberg BGN, exported by Charlie",estr_eonia_euribor6m_1y5y_bbg_2026-10-05.xlsx
2024-04-03,3.594400,2.710000,,,3.401000,2.508250,"Bloomberg BGN, exported by Charlie",estr_eonia_euribor6m_1y5y_bbg_2026-10-05.xlsx
2024-04-04,3.615500,2.709750,,,3.406250,2.505000,"Bloomberg BGN, exported by Charlie",estr_eonia_euribor6m_1y5y_bbg_2026-10-05.xlsx
2024-04-05,3.617000,2.744500,,,3.411250,2.536000,"Bloomberg BGN, exported by Charlie",estr_eonia_euribor6m_1y5y_bbg_2026-10-05.xlsx
2024-04-08,3.642000,2.790750,,,3.435000,2.587800,"Bloomberg BGN, exported by Charlie",estr_eonia_euribor6m_1y5y_bbg_2026-10-05.xlsx
2024-04-09,3.639750,2.738250,,,3.417750,2.529050,"Bloomberg BGN, exported by Charlie",estr_eonia_euribor6m_1y5y_bbg_2026-10-05.xlsx
2024-04-10,3.657000,2.810600,,,3.473000,2.616000,"Bloomberg BGN, exported by Charlie",estr_eonia_euribor6m_1y5y_bbg_2026-10-05.xlsx
2024-04-11,3.683300,2.849700,,,3.463750,2.635000,"Bloomberg BGN, exported by Charlie",estr_eonia_euribor6m_1y5y_bbg_2026-10-05.xlsx
2024-04-12,3.628000,2.750750,,,3.394000,2.534250,"Bloomberg BGN, exported by Charlie",estr_eonia_euribor6m_1y5y_bbg_2026-10-05.xlsx
2024-04-15,3.632000,2.816750,,,3.422000,2.601250,"Bloomberg BGN, exported by Charlie",estr_eonia_euribor6m_1y5y_bbg_2026-10-05.xlsx
2024-04-16,3.657750,2.884500,,,3.444000,2.678000,"Bloomberg BGN, exported by Charlie",estr_eonia_euribor6m_1y5y_bbg_2026-10-05.xlsx
2024-04-17,3.656750,2.850750,,,3.436750,2.641000,"Bloomberg BGN, exported by Charlie",estr_eonia_euribor6m_1y5y_bbg_2026-10-05.xlsx
2024-04-18,3.673000,2.897250,,,3.454250,2.688000,"Bloomberg BGN, exported by Charlie",estr_eonia_euribor6m_1y5y_bbg_2026-10-05.xlsx
2024-04-19,3.680600,2.906750,,,3.457000,2.691750,"Bloomberg BGN, exported by Charlie",estr_eonia_euribor6m_1y5y_bbg_2026-10-05.xlsx
2024-04-22,3.659000,2.875800,,,3.430000,2.660450,"Bloomberg BGN, exported by Charlie",estr_eonia_euribor6m_1y5y_bbg_2026-10-05.xlsx
2024-04-23,3.663500,2.884000,,,3.437250,2.667000,"Bloomberg BGN, exported by Charlie",estr_eonia_euribor6m_1y5y_bbg_2026-10-05.xlsx
2024-04-24,3.680850,2.960000,,,3.465000,2.743000,"Bloomberg BGN, exported by Charlie",estr_eonia_euribor6m_1y5y_bbg_2026-10-05.xlsx
2024-04-25,3.700500,2.995700,,,3.491000,2.778000,"Bloomberg BGN, exported by Charlie",estr_eonia_euribor6m_1y5y_bbg_2026-10-05.xlsx
2024-04-26,3.695550,2.943000,,,3.478250,2.735000,"Bloomberg BGN, exported by Charlie",estr_eonia_euribor6m_1y5y_bbg_2026-10-05.xlsx
2024-04-29,3.666600,2.901000,,,3.454000,2.688000,"Bloomberg BGN, exported by Charlie",estr_eonia_euribor6m_1y5y_bbg_2026-10-05.xlsx
2024-04-30,3.693000,2.967750,,,3.502500,2.769000,"Bloomberg BGN, exported by Charlie",estr_eonia_euribor6m_1y5y_bbg_2026-10-05.xlsx
2024-05-02,3.687250,2.918750,,,3.460000,2.713000,"Bloomberg BGN, exported by Charlie",estr_eonia_euribor6m_1y5y_bbg_2026-10-05.xlsx
2024-05-03,3.642000,2.866750,,,3.429250,2.667500,"Bloomberg BGN, exported by Charlie",estr_eonia_euribor6m_1y5y_bbg_2026-10-05.xlsx
2024-05-06,3.632000,2.844000,,,3.420000,2.639000,"Bloomberg BGN, exported by Charlie",estr_eonia_euribor6m_1y5y_bbg_2026-10-05.xlsx
2024-05-07,3.637000,2.811200,,,3.421000,2.606000,"Bloomberg BGN, exported by Charlie",estr_eonia_euribor6m_1y5y_bbg_2026-10-05.xlsx
2024-05-08,3.643900,2.848250,,,3.429000,2.646000,"Bloomberg BGN, exported by Charlie",estr_eonia_euribor6m_1y5y_bbg_2026-10-05.xlsx
2024-05-09,3.645000,2.864250,,,3.425000,2.659000,"Bloomberg BGN, exported by Charlie",estr_eonia_euribor6m_1y5y_bbg_2026-10-05.xlsx
2024-05-10,3.656000,2.894000,,,3.445000,2.693000,"Bloomberg BGN, exported by Charlie",estr_eonia_euribor6m_1y5y_bbg_2026-10-05.xlsx
2024-05-13,3.650250,2.870000,,,3.428000,2.666000,"Bloomberg BGN, exported by Charlie",estr_eonia_euribor6m_1y5y_bbg_2026-10-05.xlsx
2024-05-14,3.664450,2.902000,,,3.444000,2.697000,"Bloomberg BGN, exported by Charlie",estr_eonia_euribor6m_1y5y_bbg_2026-10-05.xlsx
2024-05-15,3.621750,2.791250,,,3.390000,2.572000,"Bloomberg BGN, exported by Charlie",estr_eonia_euribor6m_1y5y_bbg_2026-10-05.xlsx
2024-05-16,3.639200,2.834750,,,3.406000,2.627000,"Bloomberg BGN, exported by Charlie",estr_eonia_euribor6m_1y5y_bbg_2026-10-05.xlsx
2024-05-17,3.661000,2.890500,,,3.438500,2.686500,"Bloomberg BGN, exported by Charlie",estr_eonia_euribor6m_1y5y_bbg_2026-10-05.xlsx
2024-05-20,3.659250,2.903000,,,3.434000,2.698000,"Bloomberg BGN, exported by Charlie",estr_eonia_euribor6m_1y5y_bbg_2026-10-05.xlsx
2024-05-21,3.648000,2.870000,,,3.420750,2.666000,"Bloomberg BGN, exported by Charlie",estr_eonia_euribor6m_1y5y_bbg_2026-10-05.xlsx
2024-05-22,3.670250,2.910050,,,3.452000,2.704500,"Bloomberg BGN, exported by Charlie",estr_eonia_euribor6m_1y5y_bbg_2026-10-05.xlsx
2024-05-23,3.691800,2.962000,,,3.480000,2.757000,"Bloomberg BGN, exported by Charlie",estr_eonia_euribor6m_1y5y_bbg_2026-10-05.xlsx
2024-05-24,3.700250,2.959900,,,3.498000,2.765000,"Bloomberg BGN, exported by Charlie",estr_eonia_euribor6m_1y5y_bbg_2026-10-05.xlsx
2024-05-27,3.676000,2.927300,,,3.461550,2.732000,"Bloomberg BGN, exported by Charlie",estr_eonia_euribor6m_1y5y_bbg_2026-10-05.xlsx
2024-05-28,3.669000,2.956500,,,3.474000,2.762150,"Bloomberg BGN, exported by Charlie",estr_eonia_euribor6m_1y5y_bbg_2026-10-05.xlsx
2024-05-29,3.679650,3.029750,,,3.488000,2.834000,"Bloomberg BGN, exported by Charlie",estr_eonia_euribor6m_1y5y_bbg_2026-10-05.xlsx
2024-05-30,3.662850,2.987050,,,3.455000,2.795750,"Bloomberg BGN, exported by Charlie",estr_eonia_euribor6m_1y5y_bbg_2026-10-05.xlsx
2024-05-31,3.688000,3.014000,,,3.503300,2.821300,"Bloomberg BGN, exported by Charlie",estr_eonia_euribor6m_1y5y_bbg_2026-10-05.xlsx
2024-06-03,3.651750,2.923500,,,3.447000,2.725750,"Bloomberg BGN, exported by Charlie",estr_eonia_euribor6m_1y5y_bbg_2026-10-05.xlsx
2024-06-04,3.634650,2.873000,,,3.422700,2.680600,"Bloomberg BGN, exported by Charlie",estr_eonia_euribor6m_1y5y_bbg_2026-10-05.xlsx
2024-06-05,3.615700,2.859750,,,3.409250,2.669850,"Bloomberg BGN, exported by Charlie",estr_eonia_euribor6m_1y5y_bbg_2026-10-05.xlsx
2024-06-06,3.638000,2.895500,,,3.435000,2.703000,"Bloomberg BGN, exported by Charlie",estr_eonia_euribor6m_1y5y_bbg_2026-10-05.xlsx
2024-06-07,3.652000,2.962100,,,3.460200,2.768800,"Bloomberg BGN, exported by Charlie",estr_eonia_euribor6m_1y5y_bbg_2026-10-05.xlsx
2024-06-10,3.678700,3.023500,,,3.479000,2.825000,"Bloomberg BGN, exported by Charlie",estr_eonia_euribor6m_1y5y_bbg_2026-10-05.xlsx
2024-06-11,3.662500,2.994050,,,3.454000,2.791000,"Bloomberg BGN, exported by Charlie",estr_eonia_euribor6m_1y5y_bbg_2026-10-05.xlsx
2024-06-12,3.618000,2.885000,,,3.402000,2.686000,"Bloomberg BGN, exported by Charlie",estr_eonia_euribor6m_1y5y_bbg_2026-10-05.xlsx
2024-06-13,3.596750,2.852600,,,3.377350,2.648500,"Bloomberg BGN, exported by Charlie",estr_eonia_euribor6m_1y5y_bbg_2026-10-05.xlsx
2024-06-14,3.570000,2.795250,,,3.341300,2.593000,"Bloomberg BGN, exported by Charlie",estr_eonia_euribor6m_1y5y_bbg_2026-10-05.xlsx
2024-06-17,3.563000,2.817300,,,3.354000,2.615000,"Bloomberg BGN, exported by Charlie",estr_eonia_euribor6m_1y5y_bbg_2026-10-05.xlsx
2024-06-18,3.549000,2.796000,,,3.354000,2.606000,"Bloomberg BGN, exported by Charlie",estr_eonia_euribor6m_1y5y_bbg_2026-10-05.xlsx
2024-06-19,3.556000,2.817000,,,3.361800,2.627850,"Bloomberg BGN, exported by Charlie",estr_eonia_euribor6m_1y5y_bbg_2026-10-05.xlsx
2024-06-20,3.551900,2.835600,,,3.354000,2.639300,"Bloomberg BGN, exported by Charlie",estr_eonia_euribor6m_1y5y_bbg_2026-10-05.xlsx
2024-06-21,3.535000,2.810500,,,3.328700,2.610400,"Bloomberg BGN, exported by Charlie",estr_eonia_euribor6m_1y5y_bbg_2026-10-05.xlsx
2024-06-24,3.521000,2.819000,,,3.332300,2.632600,"Bloomberg BGN, exported by Charlie",estr_eonia_euribor6m_1y5y_bbg_2026-10-05.xlsx
2024-06-25,3.522100,2.819700,,,3.323000,2.631900,"Bloomberg BGN, exported by Charlie",estr_eonia_euribor6m_1y5y_bbg_2026-10-05.xlsx
2024-06-26,3.526000,2.849750,,,3.328000,2.659500,"Bloomberg BGN, exported by Charlie",estr_eonia_euribor6m_1y5y_bbg_2026-10-05.xlsx
2024-06-27,3.524000,2.848750,,,3.325000,2.658000,"Bloomberg BGN, exported by Charlie",estr_eonia_euribor6m_1y5y_bbg_2026-10-05.xlsx
2024-06-28,3.538750,2.880000,,,3.331000,2.692200,"Bloomberg BGN, exported by Charlie",estr_eonia_euribor6m_1y5y_bbg_2026-10-05.xlsx
2024-07-01,3.552750,2.932500,,,3.363500,2.756700,"Bloomberg BGN, exported by Charlie",estr_eonia_euribor6m_1y5y_bbg_2026-10-05.xlsx
2024-07-02,3.539500,2.912250,,,3.347300,2.731300,"Bloomberg BGN, exported by Charlie",estr_eonia_euribor6m_1y5y_bbg_2026-10-05.xlsx
2024-07-03,3.543800,2.878900,,,3.343000,2.687500,"Bloomberg BGN, exported by Charlie",estr_eonia_euribor6m_1y5y_bbg_2026-10-05.xlsx
2024-07-04,3.554700,2.908050,,,3.353200,2.723250,"Bloomberg BGN, exported by Charlie",estr_eonia_euribor6m_1y5y_bbg_2026-10-05.xlsx
2024-07-05,3.530000,2.857250,,,3.327000,2.673600,"Bloomberg BGN, exported by Charlie",estr_eonia_euribor6m_1y5y_bbg_2026-10-05.xlsx
2024-07-08,3.531500,2.842400,,,3.327000,2.655000,"Bloomberg BGN, exported by Charlie",estr_eonia_euribor6m_1y5y_bbg_2026-10-05.xlsx
2024-07-09,3.532000,2.866750,,,3.330000,2.678700,"Bloomberg BGN, exported by Charlie",estr_eonia_euribor6m_1y5y_bbg_2026-10-05.xlsx
2024-07-10,3.530100,2.834000,,,3.320000,2.649700,"Bloomberg BGN, exported by Charlie",estr_eonia_euribor6m_1y5y_bbg_2026-10-05.xlsx
2024-07-11,3.479000,2.766300,,,3.262000,2.580250,"Bloomberg BGN, exported by Charlie",estr_eonia_euribor6m_1y5y_bbg_2026-10-05.xlsx
2024-07-12,3.479000,2.788000,,,3.264500,2.601500,"Bloomberg BGN, exported by Charlie",estr_eonia_euribor6m_1y5y_bbg_2026-10-05.xlsx
2024-07-15,3.458000,2.760200,,,3.256300,2.572950,"Bloomberg BGN, exported by Charlie",estr_eonia_euribor6m_1y5y_bbg_2026-10-05.xlsx
2024-07-16,3.440500,2.714750,,,3.235000,2.523880,"Bloomberg BGN, exported by Charlie",estr_eonia_euribor6m_1y5y_bbg_2026-10-05.xlsx
2024-07-17,3.436200,2.719000,,,3.238500,2.528650,"Bloomberg BGN, exported by Charlie",estr_eonia_euribor6m_1y5y_bbg_2026-10-05.xlsx
2024-07-18,3.434750,2.717500,,,3.231750,2.529050,"Bloomberg BGN, exported by Charlie",estr_eonia_euribor6m_1y5y_bbg_2026-10-05.xlsx
2024-07-19,3.445000,2.747000,,,3.240100,2.554100,"Bloomberg BGN, exported by Charlie",estr_eonia_euribor6m_1y5y_bbg_2026-10-05.xlsx
2024-07-22,3.464000,2.782400,,,3.253000,2.583200,"Bloomberg BGN, exported by Charlie",estr_eonia_euribor6m_1y5y_bbg_2026-10-05.xlsx
2024-07-23,3.442000,2.728000,,,3.223000,2.535400,"Bloomberg BGN, exported by Charlie",estr_eonia_euribor6m_1y5y_bbg_2026-10-05.xlsx
2024-07-24,3.411000,2.716100,,,3.181000,2.518600,"Bloomberg BGN, exported by Charlie",estr_eonia_euribor6m_1y5y_bbg_2026-10-05.xlsx
2024-07-25,3.379000,2.700100,,,3.149500,2.501200,"Bloomberg BGN, exported by Charlie",estr_eonia_euribor6m_1y5y_bbg_2026-10-05.xlsx
2024-07-26,3.351400,2.675000,,,3.138100,2.476300,"Bloomberg BGN, exported by Charlie",estr_eonia_euribor6m_1y5y_bbg_2026-10-05.xlsx
2024-07-29,3.340500,2.640800,,,3.121500,2.437400,"Bloomberg BGN, exported by Charlie",estr_eonia_euribor6m_1y5y_bbg_2026-10-05.xlsx
2024-07-30,3.312000,2.607300,,,3.080750,2.396000,"Bloomberg BGN, exported by Charlie",estr_eonia_euribor6m_1y5y_bbg_2026-10-05.xlsx
2024-07-31,3.286000,2.575000,,,3.055750,2.372600,"Bloomberg BGN, exported by Charlie",estr_eonia_euribor6m_1y5y_bbg_2026-10-05.xlsx
2024-08-01,3.240650,2.516000,,,3.009250,2.328600,"Bloomberg BGN, exported by Charlie",estr_eonia_euribor6m_1y5y_bbg_2026-10-05.xlsx
2024-08-02,3.172600,2.472500,,,2.900000,2.267600,"Bloomberg BGN, exported by Charlie",estr_eonia_euribor6m_1y5y_bbg_2026-10-05.xlsx
2024-08-05,3.141500,2.497000,,,2.890750,2.282800,"Bloomberg BGN, exported by Charlie",estr_eonia_euribor6m_1y5y_bbg_2026-10-05.xlsx
2024-08-06,3.101300,2.483800,,,2.920050,2.298400,"Bloomberg BGN, exported by Charlie",estr_eonia_euribor6m_1y5y_bbg_2026-10-05.xlsx
2024-08-07,3.138000,2.519000,,,2.916000,2.324800,"Bloomberg BGN, exported by Charlie",estr_eonia_euribor6m_1y5y_bbg_2026-10-05.xlsx
2024-08-08,3.149450,2.518000,,,2.922500,2.321400,"Bloomberg BGN, exported by Charlie",estr_eonia_euribor6m_1y5y_bbg_2026-10-05.xlsx
2024-08-09,3.122000,2.484000,,,2.916750,2.293050,"Bloomberg BGN, exported by Charlie",estr_eonia_euribor6m_1y5y_bbg_2026-10-05.xlsx
2024-08-12,3.126150,2.475050,,,2.912000,2.282000,"Bloomberg BGN, exported by Charlie",estr_eonia_euribor6m_1y5y_bbg_2026-10-05.xlsx
2024-08-13,3.088400,2.431900,,,2.872750,2.239500,"Bloomberg BGN, exported by Charlie",estr_eonia_euribor6m_1y5y_bbg_2026-10-05.xlsx
2024-08-14,3.065000,2.422500,,,2.878500,2.236000,"Bloomberg BGN, exported by Charlie",estr_eonia_euribor6m_1y5y_bbg_2026-10-05.xlsx
2024-08-15,3.108000,2.504900,,,2.948800,2.321000,"Bloomberg BGN, exported by Charlie",estr_eonia_euribor6m_1y5y_bbg_2026-10-05.xlsx
2024-08-16,3.096300,2.490150,,,2.923500,2.306450,"Bloomberg BGN, exported by Charlie",estr_eonia_euribor6m_1y5y_bbg_2026-10-05.xlsx
2024-08-19,3.111250,2.485500,,,2.916000,2.298000,"Bloomberg BGN, exported by Charlie",estr_eonia_euribor6m_1y5y_bbg_2026-10-05.xlsx
2024-08-20,3.091750,2.449300,,,2.891250,2.259500,"Bloomberg BGN, exported by Charlie",estr_eonia_euribor6m_1y5y_bbg_2026-10-05.xlsx
2024-08-21,3.059250,2.413000,,,2.861000,2.233500,"Bloomberg BGN, exported by Charlie",estr_eonia_euribor6m_1y5y_bbg_2026-10-05.xlsx
2024-08-22,3.091600,2.479750,,,2.888750,2.291600,"Bloomberg BGN, exported by Charlie",estr_eonia_euribor6m_1y5y_bbg_2026-10-05.xlsx
2024-08-23,3.061250,2.448000,,,2.853000,2.265000,"Bloomberg BGN, exported by Charlie",estr_eonia_euribor6m_1y5y_bbg_2026-10-05.xlsx
2024-08-26,3.078250,2.475500,,,2.875000,2.283000,"Bloomberg BGN, exported by Charlie",estr_eonia_euribor6m_1y5y_bbg_2026-10-05.xlsx
2024-08-27,3.066000,2.480400,,,2.869000,2.300600,"Bloomberg BGN, exported by Charlie",estr_eonia_euribor6m_1y5y_bbg_2026-10-05.xlsx
2024-08-28,3.061750,2.466000,,,2.858350,2.283500,"Bloomberg BGN, exported by Charlie",estr_eonia_euribor6m_1y5y_bbg_2026-10-05.xlsx
2024-08-29,3.031250,2.463000,,,2.828750,2.281000,"Bloomberg BGN, exported by Charlie",estr_eonia_euribor6m_1y5y_bbg_2026-10-05.xlsx
2024-08-30,3.047750,2.490000,,,2.867000,2.315400,"Bloomberg BGN, exported by Charlie",estr_eonia_euribor6m_1y5y_bbg_2026-10-05.xlsx
2024-09-02,3.044750,2.507900,,,2.873000,2.329000,"Bloomberg BGN, exported by Charlie",estr_eonia_euribor6m_1y5y_bbg_2026-10-05.xlsx
2024-09-03,3.045250,2.460000,,,2.858750,2.282200,"Bloomberg BGN, exported by Charlie",estr_eonia_euribor6m_1y5y_bbg_2026-10-05.xlsx
2024-09-04,3.015000,2.413800,,,2.820000,2.229200,"Bloomberg BGN, exported by Charlie",estr_eonia_euribor6m_1y5y_bbg_2026-10-05.xlsx
2024-09-05,2.983750,2.392500,,,2.789000,2.212300,"Bloomberg BGN, exported by Charlie",estr_eonia_euribor6m_1y5y_bbg_2026-10-05.xlsx
2024-09-06,2.948000,2.376500,,,2.758100,2.196000,"Bloomberg BGN, exported by Charlie",estr_eonia_euribor6m_1y5y_bbg_2026-10-05.xlsx
2024-09-09,2.898850,2.336500,,,2.722000,2.156000,"Bloomberg BGN, exported by Charlie",estr_eonia_euribor6m_1y5y_bbg_2026-10-05.xlsx
2024-09-10,2.877750,2.307750,,,2.707250,2.128300,"Bloomberg BGN, exported by Charlie",estr_eonia_euribor6m_1y5y_bbg_2026-10-05.xlsx
2024-09-11,2.855250,2.281000,,,2.687000,2.102000,"Bloomberg BGN, exported by Charlie",estr_eonia_euribor6m_1y5y_bbg_2026-10-05.xlsx
2024-09-12,2.899550,2.335300,,,2.751750,2.157200,"Bloomberg BGN, exported by Charlie",estr_eonia_euribor6m_1y5y_bbg_2026-10-05.xlsx
2024-09-13,2.867750,2.308000,,,2.698750,2.124500,"Bloomberg BGN, exported by Charlie",estr_eonia_euribor6m_1y5y_bbg_2026-10-05.xlsx
2024-09-16,2.856750,2.281250,,,2.672000,2.101250,"Bloomberg BGN, exported by Charlie",estr_eonia_euribor6m_1y5y_bbg_2026-10-05.xlsx
2024-09-17,2.869000,2.322500,,,2.694000,2.142000,"Bloomberg BGN, exported by Charlie",estr_eonia_euribor6m_1y5y_bbg_2026-10-05.xlsx
2024-09-18,2.874150,2.358500,,,2.715000,2.186600,"Bloomberg BGN, exported by Charlie",estr_eonia_euribor6m_1y5y_bbg_2026-10-05.xlsx
2024-09-19,2.846750,2.342000,,,2.688000,2.172250,"Bloomberg BGN, exported by Charlie",estr_eonia_euribor6m_1y5y_bbg_2026-10-05.xlsx
2024-09-20,2.813450,2.332000,,,2.667000,2.163600,"Bloomberg BGN, exported by Charlie",estr_eonia_euribor6m_1y5y_bbg_2026-10-05.xlsx
2024-09-23,2.783450,2.276000,,,2.600250,2.097500,"Bloomberg BGN, exported by Charlie",estr_eonia_euribor6m_1y5y_bbg_2026-10-05.xlsx
2024-09-24,2.748750,2.256500,,,2.547000,2.072800,"Bloomberg BGN, exported by Charlie",estr_eonia_euribor6m_1y5y_bbg_2026-10-05.xlsx
2024-09-25,2.739000,2.277500,,,2.561750,2.102300,"Bloomberg BGN, exported by Charlie",estr_eonia_euribor6m_1y5y_bbg_2026-10-05.xlsx
2024-09-26,2.740900,2.287500,,,2.544750,2.103250,"Bloomberg BGN, exported by Charlie",estr_eonia_euribor6m_1y5y_bbg_2026-10-05.xlsx
2024-09-27,2.699100,2.223700,,,2.485250,2.044350,"Bloomberg BGN, exported by Charlie",estr_eonia_euribor6m_1y5y_bbg_2026-10-05.xlsx
2024-09-30,2.666150,2.213700,,,2.468600,2.029100,"Bloomberg BGN, exported by Charlie",estr_eonia_euribor6m_1y5y_bbg_2026-10-05.xlsx
2024-10-01,2.639450,2.145000,,,2.433400,1.958500,"Bloomberg BGN, exported by Charlie",estr_eonia_euribor6m_1y5y_bbg_2026-10-05.xlsx
2024-10-02,2.650050,2.206700,,,2.439950,2.025300,"Bloomberg BGN, exported by Charlie",estr_eonia_euribor6m_1y5y_bbg_2026-10-05.xlsx
2024-10-03,2.664000,2.250500,,,2.460000,2.073000,"Bloomberg BGN, exported by Charlie",estr_eonia_euribor6m_1y5y_bbg_2026-10-05.xlsx
2024-10-04,2.727500,2.342950,,,2.550000,2.163000,"Bloomberg BGN, exported by Charlie",estr_eonia_euribor6m_1y5y_bbg_2026-10-05.xlsx
2024-10-07,2.762000,2.411000,,,2.583250,2.225600,"Bloomberg BGN, exported by Charlie",estr_eonia_euribor6m_1y5y_bbg_2026-10-05.xlsx
2024-10-08,2.757750,2.381000,,,2.576750,2.198000,"Bloomberg BGN, exported by Charlie",estr_eonia_euribor6m_1y5y_bbg_2026-10-05.xlsx
2024-10-09,2.765350,2.406500,,,2.594000,2.226700,"Bloomberg BGN, exported by Charlie",estr_eonia_euribor6m_1y5y_bbg_2026-10-05.xlsx
2024-10-10,2.746500,2.375000,,,2.569020,2.201500,"Bloomberg BGN, exported by Charlie",estr_eonia_euribor6m_1y5y_bbg_2026-10-05.xlsx
2024-10-11,2.747000,2.366500,,,2.555800,2.185600,"Bloomberg BGN, exported by Charlie",estr_eonia_euribor6m_1y5y_bbg_2026-10-05.xlsx
2024-10-14,2.748250,2.370250,,,2.558000,2.189200,"Bloomberg BGN, exported by Charlie",estr_eonia_euribor6m_1y5y_bbg_2026-10-05.xlsx
2024-10-15,2.717750,2.319700,,,2.520750,2.138100,"Bloomberg BGN, exported by Charlie",estr_eonia_euribor6m_1y5y_bbg_2026-10-05.xlsx
2024-10-16,2.689700,2.277500,,,2.483000,2.096200,"Bloomberg BGN, exported by Charlie",estr_eonia_euribor6m_1y5y_bbg_2026-10-05.xlsx
2024-10-17,2.655500,2.263500,,,2.414250,2.072200,"Bloomberg BGN, exported by Charlie",estr_eonia_euribor6m_1y5y_bbg_2026-10-05.xlsx
2024-10-18,2.619000,2.235100,,,2.371000,2.038950,"Bloomberg BGN, exported by Charlie",estr_eonia_euribor6m_1y5y_bbg_2026-10-05.xlsx
2024-10-21,2.625800,2.306750,,,2.417000,2.119500,"Bloomberg BGN, exported by Charlie",estr_eonia_euribor6m_1y5y_bbg_2026-10-05.xlsx
2024-10-22,2.626350,2.337750,,,2.426850,2.150600,"Bloomberg BGN, exported by Charlie",estr_eonia_euribor6m_1y5y_bbg_2026-10-05.xlsx
2024-10-23,2.587500,2.307000,,,2.354000,2.118200,"Bloomberg BGN, exported by Charlie",estr_eonia_euribor6m_1y5y_bbg_2026-10-05.xlsx
2024-10-24,2.547000,2.265300,,,2.322200,2.076600,"Bloomberg BGN, exported by Charlie",estr_eonia_euribor6m_1y5y_bbg_2026-10-05.xlsx
2024-10-25,2.545500,2.289050,,,2.330000,2.100100,"Bloomberg BGN, exported by Charlie",estr_eonia_euribor6m_1y5y_bbg_2026-10-05.xlsx
2024-10-28,2.538000,2.271700,,,2.308000,2.079400,"Bloomberg BGN, exported by Charlie",estr_eonia_euribor6m_1y5y_bbg_2026-10-05.xlsx
2024-10-29,2.532000,2.285000,,,2.312250,2.095300,"Bloomberg BGN, exported by Charlie",estr_eonia_euribor6m_1y5y_bbg_2026-10-05.xlsx
2024-10-30,2.582000,2.380000,,,2.404000,2.196900,"Bloomberg BGN, exported by Charlie",estr_eonia_euribor6m_1y5y_bbg_2026-10-05.xlsx
2024-10-31,2.590000,2.364500,,,2.395120,2.172000,"Bloomberg BGN, exported by Charlie",estr_eonia_euribor6m_1y5y_bbg_2026-10-05.xlsx
2024-11-01,2.602900,2.354200,,,2.395800,2.167100,"Bloomberg BGN, exported by Charlie",estr_eonia_euribor6m_1y5y_bbg_2026-10-05.xlsx
2024-11-04,2.617000,2.375500,,,2.399750,2.192600,"Bloomberg BGN, exported by Charlie",estr_eonia_euribor6m_1y5y_bbg_2026-10-05.xlsx
2024-11-05,2.644000,2.421000,,,2.425500,2.238200,"Bloomberg BGN, exported by Charlie",estr_eonia_euribor6m_1y5y_bbg_2026-10-05.xlsx
2024-11-06,2.546500,2.302000,,,2.304700,2.114500,"Bloomberg BGN, exported by Charlie",estr_eonia_euribor6m_1y5y_bbg_2026-10-05.xlsx
2024-11-07,2.528550,2.311000,,,2.322000,2.135650,"Bloomberg BGN, exported by Charlie",estr_eonia_euribor6m_1y5y_bbg_2026-10-05.xlsx
2024-11-08,2.496050,2.273400,,,2.273250,2.093500,"Bloomberg BGN, exported by Charlie",estr_eonia_euribor6m_1y5y_bbg_2026-10-05.xlsx
2024-11-11,2.490000,2.228000,,,2.268800,2.045200,"Bloomberg BGN, exported by Charlie",estr_eonia_euribor6m_1y5y_bbg_2026-10-05.xlsx
2024-11-12,2.476000,2.274000,,,2.269000,2.097750,"Bloomberg BGN, exported by Charlie",estr_eonia_euribor6m_1y5y_bbg_2026-10-05.xlsx
2024-11-13,2.468000,2.290100,,,2.270500,2.115100,"Bloomberg BGN, exported by Charlie",estr_eonia_euribor6m_1y5y_bbg_2026-10-05.xlsx
2024-11-14,2.418500,2.197800,,,2.196500,2.019800,"Bloomberg BGN, exported by Charlie",estr_eonia_euribor6m_1y5y_bbg_2026-10-05.xlsx
2024-11-15,2.419000,2.205000,,,2.212250,2.024500,"Bloomberg BGN, exported by Charlie",estr_eonia_euribor6m_1y5y_bbg_2026-10-05.xlsx
2024-11-18,2.455000,2.248850,,,2.267250,2.061300,"Bloomberg BGN, exported by Charlie",estr_eonia_euribor6m_1y5y_bbg_2026-10-05.xlsx
2024-11-19,2.460000,2.250000,,,2.264000,2.067300,"Bloomberg BGN, exported by Charlie",estr_eonia_euribor6m_1y5y_bbg_2026-10-05.xlsx
2024-11-20,2.468000,2.267000,,,2.261350,2.083200,"Bloomberg BGN, exported by Charlie",estr_eonia_euribor6m_1y5y_bbg_2026-10-05.xlsx
2024-11-21,2.470500,2.249500,,,2.241000,2.054050,"Bloomberg BGN, exported by Charlie",estr_eonia_euribor6m_1y5y_bbg_2026-10-05.xlsx
2024-11-22,2.395000,2.179000,,,2.119250,1.981300,"Bloomberg BGN, exported by Charlie",estr_eonia_euribor6m_1y5y_bbg_2026-10-05.xlsx
2024-11-25,2.389500,2.168500,,,2.153300,1.972500,"Bloomberg BGN, exported by Charlie",estr_eonia_euribor6m_1y5y_bbg_2026-10-05.xlsx
2024-11-26,2.379200,2.163000,,,2.162800,1.969800,"Bloomberg BGN, exported by Charlie",estr_eonia_euribor6m_1y5y_bbg_2026-10-05.xlsx
2024-11-27,2.407000,2.156000,,,2.194000,1.963100,"Bloomberg BGN, exported by Charlie",estr_eonia_euribor6m_1y5y_bbg_2026-10-05.xlsx
2024-11-28,2.390200,2.123000,,,2.155250,1.922900,"Bloomberg BGN, exported by Charlie",estr_eonia_euribor6m_1y5y_bbg_2026-10-05.xlsx
2024-11-29,2.347550,2.070500,,,2.093800,1.864000,"Bloomberg BGN, exported by Charlie",estr_eonia_euribor6m_1y5y_bbg_2026-10-05.xlsx
2024-12-02,2.300950,2.012100,,,2.064750,1.811000,"Bloomberg BGN, exported by Charlie",estr_eonia_euribor6m_1y5y_bbg_2026-10-05.xlsx
2024-12-03,2.300200,2.019300,,,2.090000,1.826100,"Bloomberg BGN, exported by Charlie",estr_eonia_euribor6m_1y5y_bbg_2026-10-05.xlsx
2024-12-04,2.307000,2.031900,,,2.112000,1.844500,"Bloomberg BGN, exported by Charlie",estr_eonia_euribor6m_1y5y_bbg_2026-10-05.xlsx
2024-12-05,2.347350,2.079000,,,2.148250,1.893250,"Bloomberg BGN, exported by Charlie",estr_eonia_euribor6m_1y5y_bbg_2026-10-05.xlsx
2024-12-06,2.355000,2.062050,,,2.148350,1.881400,"Bloomberg BGN, exported by Charlie",estr_eonia_euribor6m_1y5y_bbg_2026-10-05.xlsx
2024-12-09,2.345500,2.060900,,,2.135250,1.876600,"Bloomberg BGN, exported by Charlie",estr_eonia_euribor6m_1y5y_bbg_2026-10-05.xlsx
2024-12-10,2.332000,2.050750,,,2.117160,1.867000,"Bloomberg BGN, exported by Charlie",estr_eonia_euribor6m_1y5y_bbg_2026-10-05.xlsx
2024-12-11,2.325500,2.060750,,,2.103250,1.871000,"Bloomberg BGN, exported by Charlie",estr_eonia_euribor6m_1y5y_bbg_2026-10-05.xlsx
2024-12-12,2.362000,2.134750,,,2.144250,1.946000,"Bloomberg BGN, exported by Charlie",estr_eonia_euribor6m_1y5y_bbg_2026-10-05.xlsx
2024-12-13,2.382000,2.188000,,,2.176750,2.001000,"Bloomberg BGN, exported by Charlie",estr_eonia_euribor6m_1y5y_bbg_2026-10-05.xlsx
2024-12-16,2.381500,2.161000,,,2.162500,1.973000,"Bloomberg BGN, exported by Charlie",estr_eonia_euribor6m_1y5y_bbg_2026-10-05.xlsx
2024-12-17,2.388000,2.161300,,,2.159750,1.971800,"Bloomberg BGN, exported by Charlie",estr_eonia_euribor6m_1y5y_bbg_2026-10-05.xlsx
2024-12-18,2.376000,2.170000,,,2.142750,1.980300,"Bloomberg BGN, exported by Charlie",estr_eonia_euribor6m_1y5y_bbg_2026-10-05.xlsx
2024-12-19,2.386000,2.228000,,,2.154500,2.037000,"Bloomberg BGN, exported by Charlie",estr_eonia_euribor6m_1y5y_bbg_2026-10-05.xlsx
2024-12-20,2.364000,2.210000,,,2.140000,2.018000,"Bloomberg BGN, exported by Charlie",estr_eonia_euribor6m_1y5y_bbg_2026-10-05.xlsx
2024-12-23,2.357800,2.233250,,,2.133250,2.046100,"Bloomberg BGN, exported by Charlie",estr_eonia_euribor6m_1y5y_bbg_2026-10-05.xlsx
2024-12-24,2.357800,,,,2.126000,,"Bloomberg BGN, exported by Charlie",estr_eonia_euribor6m_1y5y_bbg_2026-10-05.xlsx
2024-12-25,2.357800,,,,2.124500,,"Bloomberg BGN, exported by Charlie",estr_eonia_euribor6m_1y5y_bbg_2026-10-05.xlsx
2024-12-26,2.361000,,,,,,"Bloomberg BGN, exported by Charlie",estr_eonia_euribor6m_1y5y_bbg_2026-10-05.xlsx
2024-12-27,2.353000,2.284100,,,2.131900,2.097400,"Bloomberg BGN, exported by Charlie",estr_eonia_euribor6m_1y5y_bbg_2026-10-05.xlsx
2024-12-30,2.338000,2.246000,,,2.122760,2.061900,"Bloomberg BGN, exported by Charlie",estr_eonia_euribor6m_1y5y_bbg_2026-10-05.xlsx
2024-12-31,2.334000,,,,2.121300,,"Bloomberg BGN, exported by Charlie",estr_eonia_euribor6m_1y5y_bbg_2026-10-05.xlsx
2025-01-02,2.356000,2.265000,,,2.143000,2.077150,"Bloomberg BGN, exported by Charlie",estr_eonia_euribor6m_1y5y_bbg_2026-10-05.xlsx
2025-01-03,2.388000,2.305500,,,2.188250,2.123000,"Bloomberg BGN, exported by Charlie",estr_eonia_euribor6m_1y5y_bbg_2026-10-05.xlsx
2025-01-06,2.426350,2.344850,,,2.226750,2.155800,"Bloomberg BGN, exported by Charlie",estr_eonia_euribor6m_1y5y_bbg_2026-10-05.xlsx
2025-01-07,2.443000,2.361000,,,2.219350,2.174500,"Bloomberg BGN, exported by Charlie",estr_eonia_euribor6m_1y5y_bbg_2026-10-05.xlsx
2025-01-08,2.451000,2.392500,,,2.223000,2.209000,"Bloomberg BGN, exported by Charlie",estr_eonia_euribor6m_1y5y_bbg_2026-10-05.xlsx
2025-01-09,2.471000,2.420500,,,2.240000,2.231300,"Bloomberg BGN, exported by Charlie",estr_eonia_euribor6m_1y5y_bbg_2026-10-05.xlsx
2025-01-10,2.498550,2.464980,,,2.274250,2.278250,"Bloomberg BGN, exported by Charlie",estr_eonia_euribor6m_1y5y_bbg_2026-10-05.xlsx
2025-01-13,2.509000,2.480000,,,2.280250,2.291800,"Bloomberg BGN, exported by Charlie",estr_eonia_euribor6m_1y5y_bbg_2026-10-05.xlsx
2025-01-14,2.533000,2.524000,,,2.303000,2.333300,"Bloomberg BGN, exported by Charlie",estr_eonia_euribor6m_1y5y_bbg_2026-10-05.xlsx
2025-01-15,2.490000,2.411100,,,2.250250,2.222200,"Bloomberg BGN, exported by Charlie",estr_eonia_euribor6m_1y5y_bbg_2026-10-05.xlsx
2025-01-16,2.480580,2.392500,,,2.225000,2.198750,"Bloomberg BGN, exported by Charlie",estr_eonia_euribor6m_1y5y_bbg_2026-10-05.xlsx
2025-01-17,2.463500,2.384000,,,2.214250,2.190000,"Bloomberg BGN, exported by Charlie",estr_eonia_euribor6m_1y5y_bbg_2026-10-05.xlsx
2025-01-20,2.458930,2.385750,,,2.231000,2.191400,"Bloomberg BGN, exported by Charlie",estr_eonia_euribor6m_1y5y_bbg_2026-10-05.xlsx
2025-01-21,2.446500,2.376050,,,2.218000,2.184400,"Bloomberg BGN, exported by Charlie",estr_eonia_euribor6m_1y5y_bbg_2026-10-05.xlsx
2025-01-22,2.442500,2.391750,,,2.229250,2.205000,"Bloomberg BGN, exported by Charlie",estr_eonia_euribor6m_1y5y_bbg_2026-10-05.xlsx
2025-01-23,2.453360,2.403200,,,2.234750,2.212100,"Bloomberg BGN, exported by Charlie",estr_eonia_euribor6m_1y5y_bbg_2026-10-05.xlsx
2025-01-24,2.478000,2.438500,,,2.274750,2.248000,"Bloomberg BGN, exported by Charlie",estr_eonia_euribor6m_1y5y_bbg_2026-10-05.xlsx
2025-01-27,2.474500,2.420000,,,2.251250,2.232700,"Bloomberg BGN, exported by Charlie",estr_eonia_euribor6m_1y5y_bbg_2026-10-05.xlsx
2025-01-28,2.477520,2.433000,,,2.259250,2.240000,"Bloomberg BGN, exported by Charlie",estr_eonia_euribor6m_1y5y_bbg_2026-10-05.xlsx
2025-01-29,2.477500,2.447000,,,2.265000,2.257500,"Bloomberg BGN, exported by Charlie",estr_eonia_euribor6m_1y5y_bbg_2026-10-05.xlsx
2025-01-30,2.440850,2.387000,,,2.199600,2.192150,"Bloomberg BGN, exported by Charlie",estr_eonia_euribor6m_1y5y_bbg_2026-10-05.xlsx
2025-01-31,2.392100,2.303000,,,2.136000,2.107950,"Bloomberg BGN, exported by Charlie",estr_eonia_euribor6m_1y5y_bbg_2026-10-05.xlsx
2025-02-03,2.321500,2.236000,,,2.070000,2.040500,"Bloomberg BGN, exported by Charlie",estr_eonia_euribor6m_1y5y_bbg_2026-10-05.xlsx
2025-02-04,2.300500,2.227800,,,2.088750,2.043200,"Bloomberg BGN, exported by Charlie",estr_eonia_euribor6m_1y5y_bbg_2026-10-05.xlsx
2025-02-05,2.303000,2.214250,,,2.092000,2.031500,"Bloomberg BGN, exported by Charlie",estr_eonia_euribor6m_1y5y_bbg_2026-10-05.xlsx
2025-02-06,2.304250,2.227500,,,2.092100,2.041000,"Bloomberg BGN, exported by Charlie",estr_eonia_euribor6m_1y5y_bbg_2026-10-05.xlsx
2025-02-07,2.296000,2.206000,,,2.079950,2.021900,"Bloomberg BGN, exported by Charlie",estr_eonia_euribor6m_1y5y_bbg_2026-10-05.xlsx
2025-02-10,2.286000,2.198750,,,2.062750,2.013400,"Bloomberg BGN, exported by Charlie",estr_eonia_euribor6m_1y5y_bbg_2026-10-05.xlsx
2025-02-11,2.322190,2.267250,,,2.102460,2.079550,"Bloomberg BGN, exported by Charlie",estr_eonia_euribor6m_1y5y_bbg_2026-10-05.xlsx
2025-02-12,2.351000,2.324000,,,2.131500,2.131300,"Bloomberg BGN, exported by Charlie",estr_eonia_euribor6m_1y5y_bbg_2026-10-05.xlsx
2025-02-13,2.344000,2.281000,,,2.105250,2.091000,"Bloomberg BGN, exported by Charlie",estr_eonia_euribor6m_1y5y_bbg_2026-10-05.xlsx
2025-02-14,2.363000,2.319000,,,2.129610,2.125500,"Bloomberg BGN, exported by Charlie",estr_eonia_euribor6m_1y5y_bbg_2026-10-05.xlsx
2025-02-17,2.356900,2.330050,,,2.133750,2.137950,"Bloomberg BGN, exported by Charlie",estr_eonia_euribor6m_1y5y_bbg_2026-10-05.xlsx
2025-02-18,2.352000,2.329750,,,2.128000,2.138900,"Bloomberg BGN, exported by Charlie",estr_eonia_euribor6m_1y5y_bbg_2026-10-05.xlsx
2025-02-19,2.368600,2.371750,,,2.158500,2.185350,"Bloomberg BGN, exported by Charlie",estr_eonia_euribor6m_1y5y_bbg_2026-10-05.xlsx
2025-02-20,2.351500,2.347250,,,2.139000,2.162000,"Bloomberg BGN, exported by Charlie",estr_eonia_euribor6m_1y5y_bbg_2026-10-05.xlsx
2025-02-21,2.330000,2.295500,,,2.108250,2.118950,"Bloomberg BGN, exported by Charlie",estr_eonia_euribor6m_1y5y_bbg_2026-10-05.xlsx
2025-02-24,2.303000,2.289000,,,2.099750,2.105150,"Bloomberg BGN, exported by Charlie",estr_eonia_euribor6m_1y5y_bbg_2026-10-05.xlsx
2025-02-25,2.281890,2.261250,,,2.079500,2.079170,"Bloomberg BGN, exported by Charlie",estr_eonia_euribor6m_1y5y_bbg_2026-10-05.xlsx
2025-02-26,2.277000,2.229200,,,2.070500,2.064550,"Bloomberg BGN, exported by Charlie",estr_eonia_euribor6m_1y5y_bbg_2026-10-05.xlsx
2025-02-27,2.262000,2.223950,,,2.054450,2.041800,"Bloomberg BGN, exported by Charlie",estr_eonia_euribor6m_1y5y_bbg_2026-10-05.xlsx
2025-02-28,2.240000,2.194000,,,2.047250,2.012050,"Bloomberg BGN, exported by Charlie",estr_eonia_euribor6m_1y5y_bbg_2026-10-05.xlsx
2025-03-03,2.252000,2.235700,,,2.078000,2.061800,"Bloomberg BGN, exported by Charlie",estr_eonia_euribor6m_1y5y_bbg_2026-10-05.xlsx
2025-03-04,2.245520,2.237750,,,2.050450,2.053050,"Bloomberg BGN, exported by Charlie",estr_eonia_euribor6m_1y5y_bbg_2026-10-05.xlsx
2025-03-05,2.323000,2.493200,,,2.156000,2.311700,"Bloomberg BGN, exported by Charlie",estr_eonia_euribor6m_1y5y_bbg_2026-10-05.xlsx
2025-03-06,2.335000,2.496500,,,2.144000,2.309000,"Bloomberg BGN, exported by Charlie",estr_eonia_euribor6m_1y5y_bbg_2026-10-05.xlsx
2025-03-07,2.354000,2.537000,,,2.151950,2.339400,"Bloomberg BGN, exported by Charlie",estr_eonia_euribor6m_1y5y_bbg_2026-10-05.xlsx
2025-03-10,2.325250,2.498850,,,2.121000,2.310800,"Bloomberg BGN, exported by Charlie",estr_eonia_euribor6m_1y5y_bbg_2026-10-05.xlsx
2025-03-11,2.322600,2.540150,,,2.119750,2.346550,"Bloomberg BGN, exported by Charlie",estr_eonia_euribor6m_1y5y_bbg_2026-10-05.xlsx
2025-03-12,2.321300,2.519000,,,2.130000,2.337800,"Bloomberg BGN, exported by Charlie",estr_eonia_euribor6m_1y5y_bbg_2026-10-05.xlsx
2025-03-13,2.309250,2.495750,,,2.102550,2.308400,"Bloomberg BGN, exported by Charlie",estr_eonia_euribor6m_1y5y_bbg_2026-10-05.xlsx
2025-03-14,2.327000,2.524000,,,2.100000,2.331000,"Bloomberg BGN, exported by Charlie",estr_eonia_euribor6m_1y5y_bbg_2026-10-05.xlsx
2025-03-17,2.337250,2.502000,,,2.108750,2.307300,"Bloomberg BGN, exported by Charlie",estr_eonia_euribor6m_1y5y_bbg_2026-10-05.xlsx
2025-03-18,2.336750,2.481000,,,2.100510,2.288250,"Bloomberg BGN, exported by Charlie",estr_eonia_euribor6m_1y5y_bbg_2026-10-05.xlsx
2025-03-19,2.330000,2.483000,,,2.105800,2.290750,"Bloomberg BGN, exported by Charlie",estr_eonia_euribor6m_1y5y_bbg_2026-10-05.xlsx
2025-03-20,2.329250,2.466750,,,2.092010,2.273700,"Bloomberg BGN, exported by Charlie",estr_eonia_euribor6m_1y5y_bbg_2026-10-05.xlsx
2025-03-21,2.309500,2.442350,,,2.068000,2.242650,"Bloomberg BGN, exported by Charlie",estr_eonia_euribor6m_1y5y_bbg_2026-10-05.xlsx
2025-03-24,2.304500,2.447900,,,2.057250,2.244450,"Bloomberg BGN, exported by Charlie",estr_eonia_euribor6m_1y5y_bbg_2026-10-05.xlsx
2025-03-25,2.306000,2.473950,,,2.066500,2.274180,"Bloomberg BGN, exported by Charlie",estr_eonia_euribor6m_1y5y_bbg_2026-10-05.xlsx
2025-03-26,2.276000,2.430250,,,2.034000,2.230000,"Bloomberg BGN, exported by Charlie",estr_eonia_euribor6m_1y5y_bbg_2026-10-05.xlsx
2025-03-27,2.267500,2.428000,,,2.015250,2.226950,"Bloomberg BGN, exported by Charlie",estr_eonia_euribor6m_1y5y_bbg_2026-10-05.xlsx
2025-03-28,2.238400,2.391150,,,1.984000,2.182150,"Bloomberg BGN, exported by Charlie",estr_eonia_euribor6m_1y5y_bbg_2026-10-05.xlsx
2025-03-31,2.242400,2.405800,,,2.018060,2.208300,"Bloomberg BGN, exported by Charlie",estr_eonia_euribor6m_1y5y_bbg_2026-10-05.xlsx
2025-04-01,2.211500,2.368800,,,1.987250,2.167500,"Bloomberg BGN, exported by Charlie",estr_eonia_euribor6m_1y5y_bbg_2026-10-05.xlsx
2025-04-02,2.225500,2.389850,,,1.991250,2.191950,"Bloomberg BGN, exported by Charlie",estr_eonia_euribor6m_1y5y_bbg_2026-10-05.xlsx
2025-04-03,2.180500,2.292750,,,1.942000,2.098500,"Bloomberg BGN, exported by Charlie",estr_eonia_euribor6m_1y5y_bbg_2026-10-05.xlsx
2025-04-04,2.113450,2.240900,,,1.887250,2.029500,"Bloomberg BGN, exported by Charlie",estr_eonia_euribor6m_1y5y_bbg_2026-10-05.xlsx
2025-04-07,2.112200,2.278000,,,1.850000,2.077300,"Bloomberg BGN, exported by Charlie",estr_eonia_euribor6m_1y5y_bbg_2026-10-05.xlsx
2025-04-08,2.066000,2.257000,,,1.831000,2.066950,"Bloomberg BGN, exported by Charlie",estr_eonia_euribor6m_1y5y_bbg_2026-10-05.xlsx
2025-04-09,2.063400,2.281250,,,1.794480,2.072300,"Bloomberg BGN, exported by Charlie",estr_eonia_euribor6m_1y5y_bbg_2026-10-05.xlsx
2025-04-10,2.057200,2.243650,,,1.846540,2.046200,"Bloomberg BGN, exported by Charlie",estr_eonia_euribor6m_1y5y_bbg_2026-10-05.xlsx
2025-04-11,2.099000,2.311000,,,1.843300,2.100700,"Bloomberg BGN, exported by Charlie",estr_eonia_euribor6m_1y5y_bbg_2026-10-05.xlsx
2025-04-14,2.060000,2.215100,,,1.809430,2.020750,"Bloomberg BGN, exported by Charlie",estr_eonia_euribor6m_1y5y_bbg_2026-10-05.xlsx
2025-04-15,2.051000,2.216000,,,1.809750,2.020600,"Bloomberg BGN, exported by Charlie",estr_eonia_euribor6m_1y5y_bbg_2026-10-05.xlsx
2025-04-16,2.038100,2.208000,,,1.788910,2.017500,"Bloomberg BGN, exported by Charlie",estr_eonia_euribor6m_1y5y_bbg_2026-10-05.xlsx
2025-04-17,1.981000,2.176000,,,1.729850,1.978000,"Bloomberg BGN, exported by Charlie",estr_eonia_euribor6m_1y5y_bbg_2026-10-05.xlsx
2025-04-22,1.968650,2.131750,,,1.699010,1.934400,"Bloomberg BGN, exported by Charlie",estr_eonia_euribor6m_1y5y_bbg_2026-10-05.xlsx
2025-04-23,1.972000,2.178750,,,1.751950,1.984500,"Bloomberg BGN, exported by Charlie",estr_eonia_euribor6m_1y5y_bbg_2026-10-05.xlsx
2025-04-24,1.964800,2.130000,,,1.709200,1.935000,"Bloomberg BGN, exported by Charlie",estr_eonia_euribor6m_1y5y_bbg_2026-10-05.xlsx
2025-04-25,1.979000,2.140250,,,1.719500,1.943800,"Bloomberg BGN, exported by Charlie",estr_eonia_euribor6m_1y5y_bbg_2026-10-05.xlsx
2025-04-28,1.978000,2.171000,,,1.727000,1.985500,"Bloomberg BGN, exported by Charlie",estr_eonia_euribor6m_1y5y_bbg_2026-10-05.xlsx
2025-04-29,1.982550,2.163150,,,1.726250,1.967200,"Bloomberg BGN, exported by Charlie",estr_eonia_euribor6m_1y5y_bbg_2026-10-05.xlsx
2025-04-30,1.959000,2.115450,,,1.694450,1.920150,"Bloomberg BGN, exported by Charlie",estr_eonia_euribor6m_1y5y_bbg_2026-10-05.xlsx
2025-05-01,1.954500,,,,,,"Bloomberg BGN, exported by Charlie",estr_eonia_euribor6m_1y5y_bbg_2026-10-05.xlsx
2025-05-02,2.002800,2.202000,,,1.741900,2.001000,"Bloomberg BGN, exported by Charlie",estr_eonia_euribor6m_1y5y_bbg_2026-10-05.xlsx
2025-05-05,2.001000,2.183500,,,1.731350,1.976300,"Bloomberg BGN, exported by Charlie",estr_eonia_euribor6m_1y5y_bbg_2026-10-05.xlsx
2025-05-06,1.988300,2.176000,,,1.716260,1.977300,"Bloomberg BGN, exported by Charlie",estr_eonia_euribor6m_1y5y_bbg_2026-10-05.xlsx
2025-05-07,1.975400,2.129000,,,1.701100,1.929700,"Bloomberg BGN, exported by Charlie",estr_eonia_euribor6m_1y5y_bbg_2026-10-05.xlsx
2025-05-08,2.001300,2.198350,,,1.737750,1.996500,"Bloomberg BGN, exported by Charlie",estr_eonia_euribor6m_1y5y_bbg_2026-10-05.xlsx
2025-05-09,1.987000,2.204000,,,1.735000,1.997800,"Bloomberg BGN, exported by Charlie",estr_eonia_euribor6m_1y5y_bbg_2026-10-05.xlsx
2025-05-12,2.063250,2.322000,,,1.834050,2.120100,"Bloomberg BGN, exported by Charlie",estr_eonia_euribor6m_1y5y_bbg_2026-10-05.xlsx
2025-05-13,2.066410,2.328900,,,1.835050,2.130250,"Bloomberg BGN, exported by Charlie",estr_eonia_euribor6m_1y5y_bbg_2026-10-05.xlsx
2025-05-14,2.082690,2.352000,,,1.841550,2.151000,"Bloomberg BGN, exported by Charlie",estr_eonia_euribor6m_1y5y_bbg_2026-10-05.xlsx
2025-05-15,2.061000,2.269250,,,1.797000,2.068600,"Bloomberg BGN, exported by Charlie",estr_eonia_euribor6m_1y5y_bbg_2026-10-05.xlsx
2025-05-16,2.050100,2.245350,,,1.782250,2.041600,"Bloomberg BGN, exported by Charlie",estr_eonia_euribor6m_1y5y_bbg_2026-10-05.xlsx
2025-05-19,2.031500,2.239600,,,1.780250,2.040750,"Bloomberg BGN, exported by Charlie",estr_eonia_euribor6m_1y5y_bbg_2026-10-05.xlsx
2025-05-20,2.028000,2.247000,,,1.772000,2.044650,"Bloomberg BGN, exported by Charlie",estr_eonia_euribor6m_1y5y_bbg_2026-10-05.xlsx
2025-05-21,2.036000,2.285250,,,1.790000,2.083000,"Bloomberg BGN, exported by Charlie",estr_eonia_euribor6m_1y5y_bbg_2026-10-05.xlsx
2025-05-22,2.020750,2.275250,,,1.759750,2.070500,"Bloomberg BGN, exported by Charlie",estr_eonia_euribor6m_1y5y_bbg_2026-10-05.xlsx
2025-05-23,1.991000,2.232000,,,1.728000,2.026500,"Bloomberg BGN, exported by Charlie",estr_eonia_euribor6m_1y5y_bbg_2026-10-05.xlsx
2025-05-26,1.988000,2.213000,,,1.724000,2.012000,"Bloomberg BGN, exported by Charlie",estr_eonia_euribor6m_1y5y_bbg_2026-10-05.xlsx
2025-05-27,1.968950,2.201750,,,1.730150,1.998050,"Bloomberg BGN, exported by Charlie",estr_eonia_euribor6m_1y5y_bbg_2026-10-05.xlsx
2025-05-28,1.967000,2.207500,,,1.732030,2.005000,"Bloomberg BGN, exported by Charlie",estr_eonia_euribor6m_1y5y_bbg_2026-10-05.xlsx
2025-05-29,1.965000,2.187000,,,1.718000,1.984700,"Bloomberg BGN, exported by Charlie",estr_eonia_euribor6m_1y5y_bbg_2026-10-05.xlsx
2025-05-30,1.975500,2.175000,,,1.722500,1.969400,"Bloomberg BGN, exported by Charlie",estr_eonia_euribor6m_1y5y_bbg_2026-10-05.xlsx
2025-06-02,1.978000,2.191450,,,1.730000,1.985000,"Bloomberg BGN, exported by Charlie",estr_eonia_euribor6m_1y5y_bbg_2026-10-05.xlsx
2025-06-03,1.977560,2.191000,,,1.722500,1.981250,"Bloomberg BGN, exported by Charlie",estr_eonia_euribor6m_1y5y_bbg_2026-10-05.xlsx
2025-06-04,1.975550,2.197000,,,1.720250,1.989700,"Bloomberg BGN, exported by Charlie",estr_eonia_euribor6m_1y5y_bbg_2026-10-05.xlsx
2025-06-05,2.005000,2.268100,,,1.772750,2.063000,"Bloomberg BGN, exported by Charlie",estr_eonia_euribor6m_1y5y_bbg_2026-10-05.xlsx
2025-06-06,2.004000,2.278500,,,1.778000,2.075000,"Bloomberg BGN, exported by Charlie",estr_eonia_euribor6m_1y5y_bbg_2026-10-05.xlsx
2025-06-09,2.007500,2.257750,,,1.770100,2.053550,"Bloomberg BGN, exported by Charlie",estr_eonia_euribor6m_1y5y_bbg_2026-10-05.xlsx
2025-06-10,1.994300,2.237900,,,1.761750,2.036500,"Bloomberg BGN, exported by Charlie",estr_eonia_euribor6m_1y5y_bbg_2026-10-05.xlsx
2025-06-11,1.993000,2.231630,,,1.758750,2.032350,"Bloomberg BGN, exported by Charlie",estr_eonia_euribor6m_1y5y_bbg_2026-10-05.xlsx
2025-06-12,1.986000,2.201250,,,1.745250,1.998950,"Bloomberg BGN, exported by Charlie",estr_eonia_euribor6m_1y5y_bbg_2026-10-05.xlsx
2025-06-13,2.012250,2.251300,,,1.769700,2.046000,"Bloomberg BGN, exported by Charlie",estr_eonia_euribor6m_1y5y_bbg_2026-10-05.xlsx
2025-06-16,2.007750,2.246650,,,1.771000,2.038500,"Bloomberg BGN, exported by Charlie",estr_eonia_euribor6m_1y5y_bbg_2026-10-05.xlsx
2025-06-17,2.026500,2.252000,,,1.786000,2.043200,"Bloomberg BGN, exported by Charlie",estr_eonia_euribor6m_1y5y_bbg_2026-10-05.xlsx
2025-06-18,2.012750,2.224520,,,1.778130,2.021900,"Bloomberg BGN, exported by Charlie",estr_eonia_euribor6m_1y5y_bbg_2026-10-05.xlsx
2025-06-19,2.004500,2.243000,,,1.773000,2.040000,"Bloomberg BGN, exported by Charlie",estr_eonia_euribor6m_1y5y_bbg_2026-10-05.xlsx
2025-06-20,2.000750,2.232500,,,1.779250,2.033100,"Bloomberg BGN, exported by Charlie",estr_eonia_euribor6m_1y5y_bbg_2026-10-05.xlsx
2025-06-23,1.999000,2.223850,,,1.771600,2.021600,"Bloomberg BGN, exported by Charlie",estr_eonia_euribor6m_1y5y_bbg_2026-10-05.xlsx
2025-06-24,2.000920,2.228750,,,1.770250,2.027100,"Bloomberg BGN, exported by Charlie",estr_eonia_euribor6m_1y5y_bbg_2026-10-05.xlsx
2025-06-25,1.989000,2.245250,,,1.759750,2.041200,"Bloomberg BGN, exported by Charlie",estr_eonia_euribor6m_1y5y_bbg_2026-10-05.xlsx
2025-06-26,1.983700,2.236900,,,1.747000,2.031800,"Bloomberg BGN, exported by Charlie",estr_eonia_euribor6m_1y5y_bbg_2026-10-05.xlsx
2025-06-27,1.997400,2.256000,,,1.769650,2.053000,"Bloomberg BGN, exported by Charlie",estr_eonia_euribor6m_1y5y_bbg_2026-10-05.xlsx
2025-06-30,2.000000,2.269900,,,1.768000,2.066800,"Bloomberg BGN, exported by Charlie",estr_eonia_euribor6m_1y5y_bbg_2026-10-05.xlsx
2025-07-01,1.996260,2.249000,,,1.760300,2.047950,"Bloomberg BGN, exported by Charlie",estr_eonia_euribor6m_1y5y_bbg_2026-10-05.xlsx
2025-07-02,1.992000,2.286500,,,1.762750,2.087300,"Bloomberg BGN, exported by Charlie",estr_eonia_euribor6m_1y5y_bbg_2026-10-05.xlsx
2025-07-03,1.980500,2.253000,,,1.747450,2.049900,"Bloomberg BGN, exported by Charlie",estr_eonia_euribor6m_1y5y_bbg_2026-10-05.xlsx
2025-07-04,1.963700,2.233000,,,1.731860,2.031500,"Bloomberg BGN, exported by Charlie",estr_eonia_euribor6m_1y5y_bbg_2026-10-05.xlsx
2025-07-07,1.965800,2.251250,,,1.736500,2.051000,"Bloomberg BGN, exported by Charlie",estr_eonia_euribor6m_1y5y_bbg_2026-10-05.xlsx
2025-07-08,1.984900,2.297000,,,1.760250,2.094200,"Bloomberg BGN, exported by Charlie",estr_eonia_euribor6m_1y5y_bbg_2026-10-05.xlsx
2025-07-09,1.997400,2.277500,,,1.757000,2.075950,"Bloomberg BGN, exported by Charlie",estr_eonia_euribor6m_1y5y_bbg_2026-10-05.xlsx
2025-07-10,2.020000,2.316200,,,1.771660,2.102800,"Bloomberg BGN, exported by Charlie",estr_eonia_euribor6m_1y5y_bbg_2026-10-05.xlsx
2025-07-11,2.031450,2.333250,,,1.786000,2.127700,"Bloomberg BGN, exported by Charlie",estr_eonia_euribor6m_1y5y_bbg_2026-10-05.xlsx
2025-07-14,2.024400,2.334000,,,1.764500,2.121800,"Bloomberg BGN, exported by Charlie",estr_eonia_euribor6m_1y5y_bbg_2026-10-05.xlsx
2025-07-15,2.016000,2.324800,,,1.756500,2.111000,"Bloomberg BGN, exported by Charlie",estr_eonia_euribor6m_1y5y_bbg_2026-10-05.xlsx
2025-07-16,2.002000,2.291450,,,1.741000,2.078200,"Bloomberg BGN, exported by Charlie",estr_eonia_euribor6m_1y5y_bbg_2026-10-05.xlsx
2025-07-17,2.008750,2.304900,,,1.751000,2.088500,"Bloomberg BGN, exported by Charlie",estr_eonia_euribor6m_1y5y_bbg_2026-10-05.xlsx
2025-07-18,1.998000,2.300000,,,1.747000,2.079100,"Bloomberg BGN, exported by Charlie",estr_eonia_euribor6m_1y5y_bbg_2026-10-05.xlsx
2025-07-21,1.987000,2.254750,,,1.729750,2.035750,"Bloomberg BGN, exported by Charlie",estr_eonia_euribor6m_1y5y_bbg_2026-10-05.xlsx
2025-07-22,1.973500,2.245000,,,1.723250,2.025250,"Bloomberg BGN, exported by Charlie",estr_eonia_euribor6m_1y5y_bbg_2026-10-05.xlsx
2025-07-23,1.995000,2.302350,,,1.760000,2.073100,"Bloomberg BGN, exported by Charlie",estr_eonia_euribor6m_1y5y_bbg_2026-10-05.xlsx
2025-07-24,2.029000,2.344040,,,1.806250,2.124350,"Bloomberg BGN, exported by Charlie",estr_eonia_euribor6m_1y5y_bbg_2026-10-05.xlsx
2025-07-25,2.042000,2.350050,,,1.813000,2.137500,"Bloomberg BGN, exported by Charlie",estr_eonia_euribor6m_1y5y_bbg_2026-10-05.xlsx
2025-07-28,2.055650,2.340250,,,1.799850,2.115450,"Bloomberg BGN, exported by Charlie",estr_eonia_euribor6m_1y5y_bbg_2026-10-05.xlsx
2025-07-29,2.055350,2.357000,,,1.812000,2.138300,"Bloomberg BGN, exported by Charlie",estr_eonia_euribor6m_1y5y_bbg_2026-10-05.xlsx
2025-07-30,2.062750,2.360000,,,1.821800,2.135550,"Bloomberg BGN, exported by Charlie",estr_eonia_euribor6m_1y5y_bbg_2026-10-05.xlsx
2025-07-31,2.071000,2.362000,,,1.835850,2.142150,"Bloomberg BGN, exported by Charlie",estr_eonia_euribor6m_1y5y_bbg_2026-10-05.xlsx
2025-08-01,2.047700,2.323300,,,1.807500,2.108450,"Bloomberg BGN, exported by Charlie",estr_eonia_euribor6m_1y5y_bbg_2026-10-05.xlsx
2025-08-04,2.039000,2.297000,,,1.792500,2.075700,"Bloomberg BGN, exported by Charlie",estr_eonia_euribor6m_1y5y_bbg_2026-10-05.xlsx
2025-08-05,2.039000,2.290750,,,1.794510,2.070400,"Bloomberg BGN, exported by Charlie",estr_eonia_euribor6m_1y5y_bbg_2026-10-05.xlsx
2025-08-06,2.053000,2.311850,,,1.807010,2.093300,"Bloomberg BGN, exported by Charlie",estr_eonia_euribor6m_1y5y_bbg_2026-10-05.xlsx
2025-08-07,2.054800,2.300000,,,1.809210,2.080500,"Bloomberg BGN, exported by Charlie",estr_eonia_euribor6m_1y5y_bbg_2026-10-05.xlsx
2025-08-08,2.066300,2.346000,,,1.826260,2.124700,"Bloomberg BGN, exported by Charlie",estr_eonia_euribor6m_1y5y_bbg_2026-10-05.xlsx
2025-08-11,2.070850,2.338200,,,1.832650,2.120950,"Bloomberg BGN, exported by Charlie",estr_eonia_euribor6m_1y5y_bbg_2026-10-05.xlsx
2025-08-12,2.079650,2.362750,,,1.836000,2.146400,"Bloomberg BGN, exported by Charlie",estr_eonia_euribor6m_1y5y_bbg_2026-10-05.xlsx
2025-08-13,2.068700,2.315500,,,1.822500,2.095500,"Bloomberg BGN, exported by Charlie",estr_eonia_euribor6m_1y5y_bbg_2026-10-05.xlsx
2025-08-14,2.078350,2.341750,,,1.823000,2.117300,"Bloomberg BGN, exported by Charlie",estr_eonia_euribor6m_1y5y_bbg_2026-10-05.xlsx
2025-08-15,2.089000,2.389700,,,1.838250,2.168550,"Bloomberg BGN, exported by Charlie",estr_eonia_euribor6m_1y5y_bbg_2026-10-05.xlsx
2025-08-18,2.084500,2.365000,,,1.832000,2.143500,"Bloomberg BGN, exported by Charlie",estr_eonia_euribor6m_1y5y_bbg_2026-10-05.xlsx
2025-08-19,2.082750,2.353000,,,1.829000,2.131600,"Bloomberg BGN, exported by Charlie",estr_eonia_euribor6m_1y5y_bbg_2026-10-05.xlsx
2025-08-20,2.063000,2.327500,,,1.813000,2.104250,"Bloomberg BGN, exported by Charlie",estr_eonia_euribor6m_1y5y_bbg_2026-10-05.xlsx
2025-08-21,2.077200,2.365450,,,1.844000,2.151300,"Bloomberg BGN, exported by Charlie",estr_eonia_euribor6m_1y5y_bbg_2026-10-05.xlsx
2025-08-22,2.057000,2.333600,,,1.836000,2.117850,"Bloomberg BGN, exported by Charlie",estr_eonia_euribor6m_1y5y_bbg_2026-10-05.xlsx
2025-08-25,2.072000,2.366450,,,1.844680,2.151800,"Bloomberg BGN, exported by Charlie",estr_eonia_euribor6m_1y5y_bbg_2026-10-05.xlsx
2025-08-26,2.058500,2.329050,,,1.833500,2.110450,"Bloomberg BGN, exported by Charlie",estr_eonia_euribor6m_1y5y_bbg_2026-10-05.xlsx
2025-08-27,2.048700,2.303700,,,1.823000,2.089800,"Bloomberg BGN, exported by Charlie",estr_eonia_euribor6m_1y5y_bbg_2026-10-05.xlsx
2025-08-28,2.060000,2.310500,,,1.831850,2.093000,"Bloomberg BGN, exported by Charlie",estr_eonia_euribor6m_1y5y_bbg_2026-10-05.xlsx
2025-08-29,2.060750,2.314400,,,1.831850,2.098500,"Bloomberg BGN, exported by Charlie",estr_eonia_euribor6m_1y5y_bbg_2026-10-05.xlsx
2025-09-01,2.074000,2.332200,,,1.841000,2.117500,"Bloomberg BGN, exported by Charlie",estr_eonia_euribor6m_1y5y_bbg_2026-10-05.xlsx
2025-09-02,2.083350,2.362300,,,1.848750,2.147850,"Bloomberg BGN, exported by Charlie",estr_eonia_euribor6m_1y5y_bbg_2026-10-05.xlsx
2025-09-03,2.080650,2.332000,,,1.840000,2.116000,"Bloomberg BGN, exported by Charlie",estr_eonia_euribor6m_1y5y_bbg_2026-10-05.xlsx
2025-09-04,2.088950,2.330000,,,1.845750,2.111800,"Bloomberg BGN, exported by Charlie",estr_eonia_euribor6m_1y5y_bbg_2026-10-05.xlsx
2025-09-05,2.076200,2.293750,,,1.831400,2.076700,"Bloomberg BGN, exported by Charlie",estr_eonia_euribor6m_1y5y_bbg_2026-10-05.xlsx
2025-09-08,2.081000,2.288750,,,1.829960,2.066200,"Bloomberg BGN, exported by Charlie",estr_eonia_euribor6m_1y5y_bbg_2026-10-05.xlsx
2025-09-09,2.089000,2.296250,,,1.840360,2.074700,"Bloomberg BGN, exported by Charlie",estr_eonia_euribor6m_1y5y_bbg_2026-10-05.xlsx
2025-09-10,2.099000,2.292000,,,1.846250,2.070600,"Bloomberg BGN, exported by Charlie",estr_eonia_euribor6m_1y5y_bbg_2026-10-05.xlsx
2025-09-11,2.119000,2.318250,,,1.871550,2.093300,"Bloomberg BGN, exported by Charlie",estr_eonia_euribor6m_1y5y_bbg_2026-10-05.xlsx
2025-09-12,2.120400,2.364950,,,1.880000,2.142300,"Bloomberg BGN, exported by Charlie",estr_eonia_euribor6m_1y5y_bbg_2026-10-05.xlsx
2025-09-15,2.118950,2.359550,,,1.882000,2.138000,"Bloomberg BGN, exported by Charlie",estr_eonia_euribor6m_1y5y_bbg_2026-10-05.xlsx
2025-09-16,2.107000,2.346250,,,1.876500,2.125500,"Bloomberg BGN, exported by Charlie",estr_eonia_euribor6m_1y5y_bbg_2026-10-05.xlsx
2025-09-17,2.106000,2.347000,,,1.880000,2.128400,"Bloomberg BGN, exported by Charlie",estr_eonia_euribor6m_1y5y_bbg_2026-10-05.xlsx
2025-09-18,2.116200,2.369000,,,1.881100,2.150100,"Bloomberg BGN, exported by Charlie",estr_eonia_euribor6m_1y5y_bbg_2026-10-05.xlsx
2025-09-19,2.123750,2.384750,,,1.886200,2.166550,"Bloomberg BGN, exported by Charlie",estr_eonia_euribor6m_1y5y_bbg_2026-10-05.xlsx
2025-09-22,2.120000,2.380700,,,1.881250,2.160350,"Bloomberg BGN, exported by Charlie",estr_eonia_euribor6m_1y5y_bbg_2026-10-05.xlsx
2025-09-23,2.117250,2.395250,,,1.889650,2.177500,"Bloomberg BGN, exported by Charlie",estr_eonia_euribor6m_1y5y_bbg_2026-10-05.xlsx
2025-09-24,2.120300,2.397500,,,1.889000,2.180000,"Bloomberg BGN, exported by Charlie",estr_eonia_euribor6m_1y5y_bbg_2026-10-05.xlsx
2025-09-25,2.130500,2.429750,,,1.897750,2.213000,"Bloomberg BGN, exported by Charlie",estr_eonia_euribor6m_1y5y_bbg_2026-10-05.xlsx
2025-09-26,2.137450,2.415000,,,1.894900,2.193300,"Bloomberg BGN, exported by Charlie",estr_eonia_euribor6m_1y5y_bbg_2026-10-05.xlsx
2025-09-29,2.130000,2.388250,,,1.894250,2.167000,"Bloomberg BGN, exported by Charlie",estr_eonia_euribor6m_1y5y_bbg_2026-10-05.xlsx
2025-09-30,2.122000,2.383000,,,1.895000,2.164100,"Bloomberg BGN, exported by Charlie",estr_eonia_euribor6m_1y5y_bbg_2026-10-05.xlsx
2025-10-01,2.110900,2.381000,,,1.892750,2.163700,"Bloomberg BGN, exported by Charlie",estr_eonia_euribor6m_1y5y_bbg_2026-10-05.xlsx
2025-10-02,2.108850,2.364000,,,1.888550,2.148400,"Bloomberg BGN, exported by Charlie",estr_eonia_euribor6m_1y5y_bbg_2026-10-05.xlsx
2025-10-03,2.120000,2.381250,,,1.895000,2.162100,"Bloomberg BGN, exported by Charlie",estr_eonia_euribor6m_1y5y_bbg_2026-10-05.xlsx
2025-10-06,2.119000,2.389540,,,1.887000,2.170000,"Bloomberg BGN, exported by Charlie",estr_eonia_euribor6m_1y5y_bbg_2026-10-05.xlsx
2025-10-07,2.121000,2.383950,,,1.885000,2.163100,"Bloomberg BGN, exported by Charlie",estr_eonia_euribor6m_1y5y_bbg_2026-10-05.xlsx
2025-10-08,2.110950,2.353750,,,1.875750,2.130550,"Bloomberg BGN, exported by Charlie",estr_eonia_euribor6m_1y5y_bbg_2026-10-05.xlsx
2025-10-09,2.115500,2.377850,,,1.878010,2.154400,"Bloomberg BGN, exported by Charlie",estr_eonia_euribor6m_1y5y_bbg_2026-10-05.xlsx
2025-10-10,2.102750,2.331050,,,1.863000,2.107550,"Bloomberg BGN, exported by Charlie",estr_eonia_euribor6m_1y5y_bbg_2026-10-05.xlsx
2025-10-13,2.095400,2.317000,,,1.852050,2.089000,"Bloomberg BGN, exported by Charlie",estr_eonia_euribor6m_1y5y_bbg_2026-10-05.xlsx
2025-10-14,2.093000,2.295600,,,1.847000,2.066000,"Bloomberg BGN, exported by Charlie",estr_eonia_euribor6m_1y5y_bbg_2026-10-05.xlsx
2025-10-15,2.093600,2.275350,,,1.852600,2.047500,"Bloomberg BGN, exported by Charlie",estr_eonia_euribor6m_1y5y_bbg_2026-10-05.xlsx
2025-10-16,2.080300,2.237750,,,1.834500,2.006400,"Bloomberg BGN, exported by Charlie",estr_eonia_euribor6m_1y5y_bbg_2026-10-05.xlsx
2025-10-17,2.090000,2.272500,,,1.838000,2.042800,"Bloomberg BGN, exported by Charlie",estr_eonia_euribor6m_1y5y_bbg_2026-10-05.xlsx
2025-10-20,2.083000,2.272000,,,1.837700,2.045250,"Bloomberg BGN, exported by Charlie",estr_eonia_euribor6m_1y5y_bbg_2026-10-05.xlsx
2025-10-21,2.088000,2.260000,,,1.837250,2.031850,"Bloomberg BGN, exported by Charlie",estr_eonia_euribor6m_1y5y_bbg_2026-10-05.xlsx
2025-10-22,2.085200,2.259150,,,1.839000,2.040500,"Bloomberg BGN, exported by Charlie",estr_eonia_euribor6m_1y5y_bbg_2026-10-05.xlsx
2025-10-23,2.093000,2.289000,,,1.850250,2.061000,"Bloomberg BGN, exported by Charlie",estr_eonia_euribor6m_1y5y_bbg_2026-10-05.xlsx
2025-10-24,2.112000,2.324500,,,1.875000,2.097850,"Bloomberg BGN, exported by Charlie",estr_eonia_euribor6m_1y5y_bbg_2026-10-05.xlsx
2025-10-27,2.123050,2.322450,,,1.875750,2.094000,"Bloomberg BGN, exported by Charlie",estr_eonia_euribor6m_1y5y_bbg_2026-10-05.xlsx
2025-10-28,2.124000,2.328000,,,1.875450,2.096300,"Bloomberg BGN, exported by Charlie",estr_eonia_euribor6m_1y5y_bbg_2026-10-05.xlsx
2025-10-29,2.118000,2.337420,,,1.876000,2.109000,"Bloomberg BGN, exported by Charlie",estr_eonia_euribor6m_1y5y_bbg_2026-10-05.xlsx
2025-10-30,2.130000,2.352460,,,1.882000,2.124650,"Bloomberg BGN, exported by Charlie",estr_eonia_euribor6m_1y5y_bbg_2026-10-05.xlsx
2025-10-31,2.130000,2.334000,,,1.877000,2.106200,"Bloomberg BGN, exported by Charlie",estr_eonia_euribor6m_1y5y_bbg_2026-10-05.xlsx
2025-11-03,2.143000,2.370650,,,1.887250,2.140300,"Bloomberg BGN, exported by Charlie",estr_eonia_euribor6m_1y5y_bbg_2026-10-05.xlsx
2025-11-04,2.133100,2.357550,,,1.880650,2.128300,"Bloomberg BGN, exported by Charlie",estr_eonia_euribor6m_1y5y_bbg_2026-10-05.xlsx
2025-11-05,2.134600,2.378000,,,1.886550,2.147250,"Bloomberg BGN, exported by Charlie",estr_eonia_euribor6m_1y5y_bbg_2026-10-05.xlsx
2025-11-06,2.134000,2.369600,,,1.884500,2.136000,"Bloomberg BGN, exported by Charlie",estr_eonia_euribor6m_1y5y_bbg_2026-10-05.xlsx
2025-11-07,2.126500,2.374000,,,1.880470,2.141400,"Bloomberg BGN, exported by Charlie",estr_eonia_euribor6m_1y5y_bbg_2026-10-05.xlsx
2025-11-10,2.132000,2.380000,,,1.887000,2.143000,"Bloomberg BGN, exported by Charlie",estr_eonia_euribor6m_1y5y_bbg_2026-10-05.xlsx
2025-11-11,2.134000,2.367000,,,1.887850,2.134000,"Bloomberg BGN, exported by Charlie",estr_eonia_euribor6m_1y5y_bbg_2026-10-05.xlsx
2025-11-12,2.142950,2.370000,,,1.891350,2.136600,"Bloomberg BGN, exported by Charlie",estr_eonia_euribor6m_1y5y_bbg_2026-10-05.xlsx
2025-11-13,2.157900,2.407000,,,1.904000,2.171050,"Bloomberg BGN, exported by Charlie",estr_eonia_euribor6m_1y5y_bbg_2026-10-05.xlsx
2025-11-14,2.157450,2.436250,,,1.906650,2.197000,"Bloomberg BGN, exported by Charlie",estr_eonia_euribor6m_1y5y_bbg_2026-10-05.xlsx
2025-11-17,2.160300,2.441000,,,1.911000,2.200000,"Bloomberg BGN, exported by Charlie",estr_eonia_euribor6m_1y5y_bbg_2026-10-05.xlsx
2025-11-18,2.162000,2.437350,,,1.903000,2.194200,"Bloomberg BGN, exported by Charlie",estr_eonia_euribor6m_1y5y_bbg_2026-10-05.xlsx
2025-11-19,2.156050,2.434350,,,1.897000,2.190600,"Bloomberg BGN, exported by Charlie",estr_eonia_euribor6m_1y5y_bbg_2026-10-05.xlsx
2025-11-20,2.148000,2.426050,,,1.896650,2.183600,"Bloomberg BGN, exported by Charlie",estr_eonia_euribor6m_1y5y_bbg_2026-10-05.xlsx
2025-11-21,2.138000,2.412000,,,1.891600,2.172000,"Bloomberg BGN, exported by Charlie",estr_eonia_euribor6m_1y5y_bbg_2026-10-05.xlsx
2025-11-24,2.135550,2.406350,,,1.890720,2.166000,"Bloomberg BGN, exported by Charlie",estr_eonia_euribor6m_1y5y_bbg_2026-10-05.xlsx
2025-11-25,2.135000,2.392100,,,1.887250,2.153000,"Bloomberg BGN, exported by Charlie",estr_eonia_euribor6m_1y5y_bbg_2026-10-05.xlsx
2025-11-26,2.134750,2.391260,,,1.890000,2.148100,"Bloomberg BGN, exported by Charlie",estr_eonia_euribor6m_1y5y_bbg_2026-10-05.xlsx
2025-11-27,2.138000,2.403000,,,1.893900,2.162000,"Bloomberg BGN, exported by Charlie",estr_eonia_euribor6m_1y5y_bbg_2026-10-05.xlsx
2025-11-28,2.139050,2.409000,,,1.898550,2.169000,"Bloomberg BGN, exported by Charlie",estr_eonia_euribor6m_1y5y_bbg_2026-10-05.xlsx
2025-12-01,2.153750,2.453310,,,1.909750,2.211600,"Bloomberg BGN, exported by Charlie",estr_eonia_euribor6m_1y5y_bbg_2026-10-05.xlsx
2025-12-02,2.147500,2.447200,,,1.905600,2.208000,"Bloomberg BGN, exported by Charlie",estr_eonia_euribor6m_1y5y_bbg_2026-10-05.xlsx
2025-12-03,2.141950,2.436950,,,1.906000,2.199250,"Bloomberg BGN, exported by Charlie",estr_eonia_euribor6m_1y5y_bbg_2026-10-05.xlsx
2025-12-04,2.152000,2.458050,,,1.910350,2.222000,"Bloomberg BGN, exported by Charlie",estr_eonia_euribor6m_1y5y_bbg_2026-10-05.xlsx
2025-12-05,2.173950,2.506050,,,1.923270,2.268000,"Bloomberg BGN, exported by Charlie",estr_eonia_euribor6m_1y5y_bbg_2026-10-05.xlsx
2025-12-08,2.198650,2.590000,,,1.949450,2.351500,"Bloomberg BGN, exported by Charlie",estr_eonia_euribor6m_1y5y_bbg_2026-10-05.xlsx
2025-12-09,2.209000,2.582120,,,1.947740,2.343200,"Bloomberg BGN, exported by Charlie",estr_eonia_euribor6m_1y5y_bbg_2026-10-05.xlsx
2025-12-10,2.216600,2.590500,,,1.958250,2.345900,"Bloomberg BGN, exported by Charlie",estr_eonia_euribor6m_1y5y_bbg_2026-10-05.xlsx
2025-12-11,2.213000,2.573000,,,1.952290,2.329000,"Bloomberg BGN, exported by Charlie",estr_eonia_euribor6m_1y5y_bbg_2026-10-05.xlsx
2025-12-12,2.210250,2.585400,,,1.951100,2.337000,"Bloomberg BGN, exported by Charlie",estr_eonia_euribor6m_1y5y_bbg_2026-10-05.xlsx
2025-12-15,2.207000,2.588000,,,1.949750,2.343000,"Bloomberg BGN, exported by Charlie",estr_eonia_euribor6m_1y5y_bbg_2026-10-05.xlsx
2025-12-16,2.200000,2.576900,,,1.942850,2.328000,"Bloomberg BGN, exported by Charlie",estr_eonia_euribor6m_1y5y_bbg_2026-10-05.xlsx
2025-12-17,2.189950,2.586150,,,1.942250,2.336600,"Bloomberg BGN, exported by Charlie",estr_eonia_euribor6m_1y5y_bbg_2026-10-05.xlsx
2025-12-18,2.191500,2.576350,,,1.950750,2.322000,"Bloomberg BGN, exported by Charlie",estr_eonia_euribor6m_1y5y_bbg_2026-10-05.xlsx
2025-12-19,2.191650,2.604730,,,1.954200,2.356700,"Bloomberg BGN, exported by Charlie",estr_eonia_euribor6m_1y5y_bbg_2026-10-05.xlsx
2025-12-22,2.192000,2.603000,,,1.951550,2.353350,"Bloomberg BGN, exported by Charlie",estr_eonia_euribor6m_1y5y_bbg_2026-10-05.xlsx
2025-12-23,2.189800,2.595050,,,1.949100,2.343000,"Bloomberg BGN, exported by Charlie",estr_eonia_euribor6m_1y5y_bbg_2026-10-05.xlsx
2025-12-24,2.186750,2.595000,,,1.949400,,"Bloomberg BGN, exported by Charlie",estr_eonia_euribor6m_1y5y_bbg_2026-10-05.xlsx
2025-12-25,2.190000,2.595000,,,1.948300,,"Bloomberg BGN, exported by Charlie",estr_eonia_euribor6m_1y5y_bbg_2026-10-05.xlsx
2025-12-26,2.190000,2.595000,,,,,"Bloomberg BGN, exported by Charlie",estr_eonia_euribor6m_1y5y_bbg_2026-10-05.xlsx
2025-12-29,2.179000,2.564700,,,1.934000,2.310000,"Bloomberg BGN, exported by Charlie",estr_eonia_euribor6m_1y5y_bbg_2026-10-05.xlsx
2025-12-30,2.174950,2.573950,,,1.934000,2.321000,"Bloomberg BGN, exported by Charlie",estr_eonia_euribor6m_1y5y_bbg_2026-10-05.xlsx
2025-12-31,2.172500,2.573000,,,1.937190,2.319500,"Bloomberg BGN, exported by Charlie",estr_eonia_euribor6m_1y5y_bbg_2026-10-05.xlsx
2026-01-01,2.172500,2.574000,,,1.936800,,"Bloomberg BGN, exported by Charlie",estr_eonia_euribor6m_1y5y_bbg_2026-10-05.xlsx
2026-01-02,2.170000,2.595030,,,1.941650,2.346050,"Bloomberg BGN, exported by Charlie",estr_eonia_euribor6m_1y5y_bbg_2026-10-05.xlsx
2026-01-05,2.169000,2.572200,,,1.942050,2.329300,"Bloomberg BGN, exported by Charlie",estr_eonia_euribor6m_1y5y_bbg_2026-10-05.xlsx
2026-01-06,2.155700,2.545000,,,1.928980,2.302500,"Bloomberg BGN, exported by Charlie",estr_eonia_euribor6m_1y5y_bbg_2026-10-05.xlsx
2026-01-07,2.148700,2.519550,,,1.920340,2.267450,"Bloomberg BGN, exported by Charlie",estr_eonia_euribor6m_1y5y_bbg_2026-10-05.xlsx
2026-01-08,2.158400,2.527500,,,1.927000,2.286000,"Bloomberg BGN, exported by Charlie",estr_eonia_euribor6m_1y5y_bbg_2026-10-05.xlsx
2026-01-09,2.168900,2.551350,,,1.938100,2.305000,"Bloomberg BGN, exported by Charlie",estr_eonia_euribor6m_1y5y_bbg_2026-10-05.xlsx
2026-01-12,2.170000,2.519650,,,1.931700,2.272000,"Bloomberg BGN, exported by Charlie",estr_eonia_euribor6m_1y5y_bbg_2026-10-05.xlsx
2026-01-13,2.175500,2.519410,,,1.929950,2.275000,"Bloomberg BGN, exported by Charlie",estr_eonia_euribor6m_1y5y_bbg_2026-10-05.xlsx
2026-01-14,2.174800,2.503550,,,1.924150,2.254000,"Bloomberg BGN, exported by Charlie",estr_eonia_euribor6m_1y5y_bbg_2026-10-05.xlsx
2026-01-15,2.180850,2.517950,,,1.934600,2.268300,"Bloomberg BGN, exported by Charlie",estr_eonia_euribor6m_1y5y_bbg_2026-10-05.xlsx
2026-01-16,2.185000,2.542000,,,1.938950,2.291000,"Bloomberg BGN, exported by Charlie",estr_eonia_euribor6m_1y5y_bbg_2026-10-05.xlsx
2026-01-19,2.180500,2.532000,,,1.922960,2.278000,"Bloomberg BGN, exported by Charlie",estr_eonia_euribor6m_1y5y_bbg_2026-10-05.xlsx
2026-01-20,2.166000,2.532450,,,1.911500,2.276600,"Bloomberg BGN, exported by Charlie",estr_eonia_euribor6m_1y5y_bbg_2026-10-05.xlsx
2026-01-21,2.178950,2.557950,,,1.920000,2.298400,"Bloomberg BGN, exported by Charlie",estr_eonia_euribor6m_1y5y_bbg_2026-10-05.xlsx
2026-01-22,2.183900,2.568000,,,1.932500,2.313000,"Bloomberg BGN, exported by Charlie",estr_eonia_euribor6m_1y5y_bbg_2026-10-05.xlsx
2026-01-23,2.193950,2.590000,,,1.938750,2.331300,"Bloomberg BGN, exported by Charlie",estr_eonia_euribor6m_1y5y_bbg_2026-10-05.xlsx
2026-01-26,2.185000,2.557250,,,1.930150,2.302900,"Bloomberg BGN, exported by Charlie",estr_eonia_euribor6m_1y5y_bbg_2026-10-05.xlsx
2026-01-27,2.176350,2.555550,,,1.921340,2.302450,"Bloomberg BGN, exported by Charlie",estr_eonia_euribor6m_1y5y_bbg_2026-10-05.xlsx
2026-01-28,2.167950,2.533550,,,1.915000,2.277200,"Bloomberg BGN, exported by Charlie",estr_eonia_euribor6m_1y5y_bbg_2026-10-05.xlsx
2026-01-29,2.159000,2.506000,,,1.906000,2.253750,"Bloomberg BGN, exported by Charlie",estr_eonia_euribor6m_1y5y_bbg_2026-10-05.xlsx
2026-01-30,2.171450,2.510000,,,1.909190,2.255700,"Bloomberg BGN, exported by Charlie",estr_eonia_euribor6m_1y5y_bbg_2026-10-05.xlsx
2026-02-02,2.181000,2.532900,,,1.924050,2.277200,"Bloomberg BGN, exported by Charlie",estr_eonia_euribor6m_1y5y_bbg_2026-10-05.xlsx
2026-02-03,2.186000,2.547000,,,1.924910,2.292750,"Bloomberg BGN, exported by Charlie",estr_eonia_euribor6m_1y5y_bbg_2026-10-05.xlsx
2026-02-04,2.180500,2.520850,,,1.913000,2.265500,"Bloomberg BGN, exported by Charlie",estr_eonia_euribor6m_1y5y_bbg_2026-10-05.xlsx
2026-02-05,2.182500,2.513250,,,1.914100,2.257450,"Bloomberg BGN, exported by Charlie",estr_eonia_euribor6m_1y5y_bbg_2026-10-05.xlsx
2026-02-06,2.170500,2.505910,,,1.914900,2.250600,"Bloomberg BGN, exported by Charlie",estr_eonia_euribor6m_1y5y_bbg_2026-10-05.xlsx
2026-02-09,2.155600,2.487100,,,1.910350,2.235800,"Bloomberg BGN, exported by Charlie",estr_eonia_euribor6m_1y5y_bbg_2026-10-05.xlsx
2026-02-10,2.147250,2.470250,,,1.911550,2.221450,"Bloomberg BGN, exported by Charlie",estr_eonia_euribor6m_1y5y_bbg_2026-10-05.xlsx
2026-02-11,2.146500,2.469350,,,1.913500,2.217600,"Bloomberg BGN, exported by Charlie",estr_eonia_euribor6m_1y5y_bbg_2026-10-05.xlsx
2026-02-12,2.152300,2.451000,,,1.908440,2.204500,"Bloomberg BGN, exported by Charlie",estr_eonia_euribor6m_1y5y_bbg_2026-10-05.xlsx
2026-02-13,2.154950,2.432000,,,1.901000,2.183750,"Bloomberg BGN, exported by Charlie",estr_eonia_euribor6m_1y5y_bbg_2026-10-05.xlsx
2026-02-16,2.158750,2.424950,,,1.899350,2.176050,"Bloomberg BGN, exported by Charlie",estr_eonia_euribor6m_1y5y_bbg_2026-10-05.xlsx
2026-02-17,2.163000,2.421160,,,1.901050,2.171000,"Bloomberg BGN, exported by Charlie",estr_eonia_euribor6m_1y5y_bbg_2026-10-05.xlsx
2026-02-18,2.154500,2.424450,,,1.903050,2.172000,"Bloomberg BGN, exported by Charlie",estr_eonia_euribor6m_1y5y_bbg_2026-10-05.xlsx
2026-02-19,2.155000,2.430000,,,1.907000,2.179000,"Bloomberg BGN, exported by Charlie",estr_eonia_euribor6m_1y5y_bbg_2026-10-05.xlsx
2026-02-20,2.159600,2.429350,,,1.907890,2.179000,"Bloomberg BGN, exported by Charlie",estr_eonia_euribor6m_1y5y_bbg_2026-10-05.xlsx
2026-02-23,2.163500,2.403050,,,1.907150,2.150900,"Bloomberg BGN, exported by Charlie",estr_eonia_euribor6m_1y5y_bbg_2026-10-05.xlsx
2026-02-24,2.170000,2.404600,,,1.915050,2.153700,"Bloomberg BGN, exported by Charlie",estr_eonia_euribor6m_1y5y_bbg_2026-10-05.xlsx
2026-02-25,2.162800,2.400650,,,1.912000,2.148000,"Bloomberg BGN, exported by Charlie",estr_eonia_euribor6m_1y5y_bbg_2026-10-05.xlsx
2026-02-26,2.159800,2.395000,,,1.910750,2.145000,"Bloomberg BGN, exported by Charlie",estr_eonia_euribor6m_1y5y_bbg_2026-10-05.xlsx
2026-02-27,2.144050,2.344950,,,1.893750,2.096000,"Bloomberg BGN, exported by Charlie",estr_eonia_euribor6m_1y5y_bbg_2026-10-05.xlsx
2026-03-02,2.183000,2.429000,,,1.940900,2.177450,"Bloomberg BGN, exported by Charlie",estr_eonia_euribor6m_1y5y_bbg_2026-10-05.xlsx
2026-03-03,2.224500,2.496000,,,1.996400,2.243950,"Bloomberg BGN, exported by Charlie",estr_eonia_euribor6m_1y5y_bbg_2026-10-05.xlsx
2026-03-04,2.214850,2.477630,,,1.986590,2.231700,"Bloomberg BGN, exported by Charlie",estr_eonia_euribor6m_1y5y_bbg_2026-10-05.xlsx
2026-03-05,2.259000,2.598000,,,2.044750,2.359750,"Bloomberg BGN, exported by Charlie",estr_eonia_euribor6m_1y5y_bbg_2026-10-05.xlsx
2026-03-06,2.322450,2.628050,,,2.130900,2.410100,"Bloomberg BGN, exported by Charlie",estr_eonia_euribor6m_1y5y_bbg_2026-10-05.xlsx
2026-03-09,2.385500,2.663250,,,2.181400,2.422100,"Bloomberg BGN, exported by Charlie",estr_eonia_euribor6m_1y5y_bbg_2026-10-05.xlsx
2026-03-10,2.364000,2.640850,,,2.067950,2.349000,"Bloomberg BGN, exported by Charlie",estr_eonia_euribor6m_1y5y_bbg_2026-10-05.xlsx
2026-03-11,2.400500,2.709050,,,2.203950,2.471500,"Bloomberg BGN, exported by Charlie",estr_eonia_euribor6m_1y5y_bbg_2026-10-05.xlsx
2026-03-12,2.470950,2.745700,,,2.250500,2.499700,"Bloomberg BGN, exported by Charlie",estr_eonia_euribor6m_1y5y_bbg_2026-10-05.xlsx
2026-03-13,2.509500,2.773440,,,2.263050,2.524000,"Bloomberg BGN, exported by Charlie",estr_eonia_euribor6m_1y5y_bbg_2026-10-05.xlsx
2026-03-16,2.477500,2.707150,,,2.198500,2.458000,"Bloomberg BGN, exported by Charlie",estr_eonia_euribor6m_1y5y_bbg_2026-10-05.xlsx
2026-03-17,2.490500,2.699250,,,2.205000,2.431300,"Bloomberg BGN, exported by Charlie",estr_eonia_euribor6m_1y5y_bbg_2026-10-05.xlsx
2026-03-18,2.514500,2.748000,,,2.253200,2.486800,"Bloomberg BGN, exported by Charlie",estr_eonia_euribor6m_1y5y_bbg_2026-10-05.xlsx
2026-03-19,2.591500,2.827250,,,2.350400,2.576150,"Bloomberg BGN, exported by Charlie",estr_eonia_euribor6m_1y5y_bbg_2026-10-05.xlsx
2026-03-20,2.731000,2.910000,,,2.502050,2.656600,"Bloomberg BGN, exported by Charlie",estr_eonia_euribor6m_1y5y_bbg_2026-10-05.xlsx
2026-03-23,2.694000,2.844380,,,2.419000,2.583800,"Bloomberg BGN, exported by Charlie",estr_eonia_euribor6m_1y5y_bbg_2026-10-05.xlsx
2026-03-24,2.830950,2.927000,,,2.536600,2.667000,"Bloomberg BGN, exported by Charlie",estr_eonia_euribor6m_1y5y_bbg_2026-10-05.xlsx
2026-03-25,2.759500,2.865650,,,2.471500,2.598850,"Bloomberg BGN, exported by Charlie",estr_eonia_euribor6m_1y5y_bbg_2026-10-05.xlsx
2026-03-26,2.807000,2.991000,,,2.550050,2.712200,"Bloomberg BGN, exported by Charlie",estr_eonia_euribor6m_1y5y_bbg_2026-10-05.xlsx
2026-03-27,2.783500,2.989230,,,2.490900,2.722300,"Bloomberg BGN, exported by Charlie",estr_eonia_euribor6m_1y5y_bbg_2026-10-05.xlsx
2026-03-30,2.763000,2.919000,,,2.455000,2.650000,"Bloomberg BGN, exported by Charlie",estr_eonia_euribor6m_1y5y_bbg_2026-10-05.xlsx
2026-03-31,2.732500,2.841000,,,2.422650,2.579450,"Bloomberg BGN, exported by Charlie",estr_eonia_euribor6m_1y5y_bbg_2026-10-05.xlsx
2026-04-01,2.713500,2.858020,,,2.431650,2.592450,"Bloomberg BGN, exported by Charlie",estr_eonia_euribor6m_1y5y_bbg_2026-10-05.xlsx
2026-04-02,2.721500,2.870000,,,2.464000,2.601700,"Bloomberg BGN, exported by Charlie",estr_eonia_euribor6m_1y5y_bbg_2026-10-05.xlsx
2026-04-03,2.722000,2.870000,,,,2.600000,"Bloomberg BGN, exported by Charlie",estr_eonia_euribor6m_1y5y_bbg_2026-10-05.xlsx
2026-04-06,2.721000,2.872000,,,,,"Bloomberg BGN, exported by Charlie",estr_eonia_euribor6m_1y5y_bbg_2026-10-05.xlsx
2026-04-07,2.800000,2.962000,,,2.536650,2.705950,"Bloomberg BGN, exported by Charlie",estr_eonia_euribor6m_1y5y_bbg_2026-10-05.xlsx
2026-04-08,2.662000,2.788700,,,2.358500,2.507750,"Bloomberg BGN, exported by Charlie",estr_eonia_euribor6m_1y5y_bbg_2026-10-05.xlsx
2026-04-09,2.629500,2.796000,,,2.353500,2.540650,"Bloomberg BGN, exported by Charlie",estr_eonia_euribor6m_1y5y_bbg_2026-10-05.xlsx
2026-04-10,2.687000,2.867000,,,2.426500,2.614050,"Bloomberg BGN, exported by Charlie",estr_eonia_euribor6m_1y5y_bbg_2026-10-05.xlsx
2026-04-13,2.692050,2.879000,,,2.445500,2.628500,"Bloomberg BGN, exported by Charlie",estr_eonia_euribor6m_1y5y_bbg_2026-10-05.xlsx
2026-04-14,2.653850,2.818700,,,2.363200,2.561400,"Bloomberg BGN, exported by Charlie",estr_eonia_euribor6m_1y5y_bbg_2026-10-05.xlsx
2026-04-15,2.654000,2.834120,,,2.366000,2.578200,"Bloomberg BGN, exported by Charlie",estr_eonia_euribor6m_1y5y_bbg_2026-10-05.xlsx
2026-04-16,2.635000,2.843100,,,2.351950,2.572000,"Bloomberg BGN, exported by Charlie",estr_eonia_euribor6m_1y5y_bbg_2026-10-05.xlsx
2026-04-17,2.541500,2.729040,,,2.225200,2.470400,"Bloomberg BGN, exported by Charlie",estr_eonia_euribor6m_1y5y_bbg_2026-10-05.xlsx
2026-04-20,2.577000,2.759000,,,2.289550,2.502400,"Bloomberg BGN, exported by Charlie",estr_eonia_euribor6m_1y5y_bbg_2026-10-05.xlsx
2026-04-21,2.610750,2.805080,,,2.364900,2.558400,"Bloomberg BGN, exported by Charlie",estr_eonia_euribor6m_1y5y_bbg_2026-10-05.xlsx
2026-04-22,2.630000,2.828000,,,2.375500,2.577250,"Bloomberg BGN, exported by Charlie",estr_eonia_euribor6m_1y5y_bbg_2026-10-05.xlsx
2026-04-23,2.650750,2.827100,,,2.377000,2.572050,"Bloomberg BGN, exported by Charlie",estr_eonia_euribor6m_1y5y_bbg_2026-10-05.xlsx
2026-04-24,2.658500,2.815000,,,2.371100,2.558000,"Bloomberg BGN, exported by Charlie",estr_eonia_euribor6m_1y5y_bbg_2026-10-05.xlsx
2026-04-27,2.685000,2.847000,,,2.398500,2.592500,"Bloomberg BGN, exported by Charlie",estr_eonia_euribor6m_1y5y_bbg_2026-10-05.xlsx
2026-04-28,2.724400,2.898600,,,2.482650,2.644800,"Bloomberg BGN, exported by Charlie",estr_eonia_euribor6m_1y5y_bbg_2026-10-05.xlsx
2026-04-29,2.794750,2.965100,,,2.572250,2.711000,"Bloomberg BGN, exported by Charlie",estr_eonia_euribor6m_1y5y_bbg_2026-10-05.xlsx
2026-04-30,2.776000,2.883000,,,2.474500,2.618750,"Bloomberg BGN, exported by Charlie",estr_eonia_euribor6m_1y5y_bbg_2026-10-05.xlsx
2026-05-01,2.776000,,,,2.484000,2.619000,"Bloomberg BGN, exported by Charlie",estr_eonia_euribor6m_1y5y_bbg_2026-10-05.xlsx
2026-05-04,2.846250,2.949000,,,2.553000,2.683550,"Bloomberg BGN, exported by Charlie",estr_eonia_euribor6m_1y5y_bbg_2026-10-05.xlsx
2026-05-05,2.788750,2.907000,,,2.508950,2.644800,"Bloomberg BGN, exported by Charlie",estr_eonia_euribor6m_1y5y_bbg_2026-10-05.xlsx
2026-05-06,2.728200,2.825050,,,2.404640,2.558150,"Bloomberg BGN, exported by Charlie",estr_eonia_euribor6m_1y5y_bbg_2026-10-05.xlsx
2026-05-07,2.732000,2.842000,,,2.443500,2.574000,"Bloomberg BGN, exported by Charlie",estr_eonia_euribor6m_1y5y_bbg_2026-10-05.xlsx
2026-05-08,2.703000,2.827000,,,2.426950,2.571000,"Bloomberg BGN, exported by Charlie",estr_eonia_euribor6m_1y5y_bbg_2026-10-05.xlsx
2026-05-11,2.743700,2.870500,,,2.480200,2.621100,"Bloomberg BGN, exported by Charlie",estr_eonia_euribor6m_1y5y_bbg_2026-10-05.xlsx
2026-05-12,2.777600,2.939650,,,2.518500,2.685000,"Bloomberg BGN, exported by Charlie",estr_eonia_euribor6m_1y5y_bbg_2026-10-05.xlsx
2026-05-13,2.793100,2.926150,,,2.500050,2.665750,"Bloomberg BGN, exported by Charlie",estr_eonia_euribor6m_1y5y_bbg_2026-10-05.xlsx
2026-05-14,2.765900,2.885100,,,2.473300,2.623250,"Bloomberg BGN, exported by Charlie",estr_eonia_euribor6m_1y5y_bbg_2026-10-05.xlsx
2026-05-15,2.820000,3.008400,,,2.524850,2.746600,"Bloomberg BGN, exported by Charlie",estr_eonia_euribor6m_1y5y_bbg_2026-10-05.xlsx
2026-05-18,2.822000,2.995950,,,2.502500,2.723200,"Bloomberg BGN, exported by Charlie",estr_eonia_euribor6m_1y5y_bbg_2026-10-05.xlsx
2026-05-19,2.842800,3.025400,,,2.518000,2.754000,"Bloomberg BGN, exported by Charlie",estr_eonia_euribor6m_1y5y_bbg_2026-10-05.xlsx
2026-05-20,2.786000,2.935250,,,2.450950,2.649050,"Bloomberg BGN, exported by Charlie",estr_eonia_euribor6m_1y5y_bbg_2026-10-05.xlsx
2026-05-21,2.799800,2.937450,,,2.424750,2.657700,"Bloomberg BGN, exported by Charlie",estr_eonia_euribor6m_1y5y_bbg_2026-10-05.xlsx
2026-05-22,2.757700,2.892750,,,2.454700,2.623200,"Bloomberg BGN, exported by Charlie",estr_eonia_euribor6m_1y5y_bbg_2026-10-05.xlsx
2026-05-25,2.675000,2.787000,,,2.360550,2.520000,"Bloomberg BGN, exported by Charlie",estr_eonia_euribor6m_1y5y_bbg_2026-10-05.xlsx
2026-05-26,2.676300,2.812000,,,2.426350,2.554000,"Bloomberg BGN, exported by Charlie",estr_eonia_euribor6m_1y5y_bbg_2026-10-05.xlsx
2026-05-27,2.694250,2.818000,,,2.425550,2.558500,"Bloomberg BGN, exported by Charlie",estr_eonia_euribor6m_1y5y_bbg_2026-10-05.xlsx
2026-05-28,2.681500,2.782350,,,2.402500,2.522000,"Bloomberg BGN, exported by Charlie",estr_eonia_euribor6m_1y5y_bbg_2026-10-05.xlsx
2026-05-29,2.691950,2.763450,,,2.393250,2.501000,"Bloomberg BGN, exported by Charlie",estr_eonia_euribor6m_1y5y_bbg_2026-10-05.xlsx
2026-06-01,2.743250,2.841650,,,2.469300,2.565450,"Bloomberg BGN, exported by Charlie",estr_eonia_euribor6m_1y5y_bbg_2026-10-05.xlsx
2026-06-02,2.752300,2.826000,,,2.478450,2.567050,"Bloomberg BGN, exported by Charlie",estr_eonia_euribor6m_1y5y_bbg_2026-10-05.xlsx
2026-06-03,2.778700,2.885550,,,2.508050,2.623600,"Bloomberg BGN, exported by Charlie",estr_eonia_euribor6m_1y5y_bbg_2026-10-05.xlsx
2026-06-04,2.780500,2.865750,,,2.490000,2.606000,"Bloomberg BGN, exported by Charlie",estr_eonia_euribor6m_1y5y_bbg_2026-10-05.xlsx
2026-06-05,2.803800,2.904400,,,2.524500,2.640800,"Bloomberg BGN, exported by Charlie",estr_eonia_euribor6m_1y5y_bbg_2026-10-05.xlsx
2026-06-08,2.808450,2.929350,,,2.529650,2.669000,"Bloomberg BGN, exported by Charlie",estr_eonia_euribor6m_1y5y_bbg_2026-10-05.xlsx
2026-06-09,2.794500,2.896000,,,2.511600,2.648900,"Bloomberg BGN, exported by Charlie",estr_eonia_euribor6m_1y5y_bbg_2026-10-05.xlsx
2026-06-10,2.821000,2.938000,,,2.549750,2.681000,"Bloomberg BGN, exported by Charlie",estr_eonia_euribor6m_1y5y_bbg_2026-10-05.xlsx
2026-06-11,2.812300,2.895600,,,2.519550,2.634750,"Bloomberg BGN, exported by Charlie",estr_eonia_euribor6m_1y5y_bbg_2026-10-05.xlsx
2026-06-12,2.775600,2.842900,,,2.459750,2.576000,"Bloomberg BGN, exported by Charlie",estr_eonia_euribor6m_1y5y_bbg_2026-10-05.xlsx
2026-06-15,2.748000,2.811450,,,2.446500,2.546050,"Bloomberg BGN, exported by Charlie",estr_eonia_euribor6m_1y5y_bbg_2026-10-05.xlsx
2026-06-16,2.738000,2.781050,,,2.438050,2.517200,"Bloomberg BGN, exported by Charlie",estr_eonia_euribor6m_1y5y_bbg_2026-10-05.xlsx
2026-06-17,2.751450,2.792650,,,2.450250,2.528000,"Bloomberg BGN, exported by Charlie",estr_eonia_euribor6m_1y5y_bbg_2026-10-05.xlsx
2026-06-18,2.757800,2.802050,,,2.458000,2.540550,"Bloomberg BGN, exported by Charlie",estr_eonia_euribor6m_1y5y_bbg_2026-10-05.xlsx
2026-06-19,2.792000,2.854000,,,2.489050,2.589000,"Bloomberg BGN, exported by Charlie",estr_eonia_euribor6m_1y5y_bbg_2026-10-05.xlsx
2026-06-22,2.767100,2.822250,,,2.451400,2.552600,"Bloomberg BGN, exported by Charlie",estr_eonia_euribor6m_1y5y_bbg_2026-10-05.xlsx
2026-06-23,2.765000,2.789950,,,2.442500,2.523100,"Bloomberg BGN, exported by Charlie",estr_eonia_euribor6m_1y5y_bbg_2026-10-05.xlsx
2026-06-24,2.738500,2.753050,,,2.425500,2.484000,"Bloomberg BGN, exported by Charlie",estr_eonia_euribor6m_1y5y_bbg_2026-10-05.xlsx
2026-06-25,2.719900,2.742000,,,2.405000,2.477550,"Bloomberg BGN, exported by Charlie",estr_eonia_euribor6m_1y5y_bbg_2026-10-05.xlsx
2026-06-26,2.705000,2.730900,,,2.392500,2.461950,"Bloomberg BGN, exported by Charlie",estr_eonia_euribor6m_1y5y_bbg_2026-10-05.xlsx
2026-06-29,2.718500,2.741600,,,2.416250,2.473600,"Bloomberg BGN, exported by Charlie",estr_eonia_euribor6m_1y5y_bbg_2026-10-05.xlsx
2026-06-30,2.692250,2.734450,,,2.394350,2.465000,"Bloomberg BGN, exported by Charlie",estr_eonia_euribor6m_1y5y_bbg_2026-10-05.xlsx
2026-07-01,2.672700,2.741250,,,2.381750,2.476600,"Bloomberg BGN, exported by Charlie",estr_eonia_euribor6m_1y5y_bbg_2026-10-05.xlsx
2026-07-02,2.664000,2.762000,,,2.360050,2.488000,"Bloomberg BGN, exported by Charlie",estr_eonia_euribor6m_1y5y_bbg_2026-10-05.xlsx
2026-07-03,2.676000,2.789000,,,2.376500,2.516000,"Bloomberg BGN, exported by Charlie",estr_eonia_euribor6m_1y5y_bbg_2026-10-05.xlsx
2026-07-06,2.676100,2.796200,,,2.385500,2.524250,"Bloomberg BGN, exported by Charlie",estr_eonia_euribor6m_1y5y_bbg_2026-10-05.xlsx
2026-07-07,2.701900,2.849000,,,2.427250,2.577000,"Bloomberg BGN, exported by Charlie",estr_eonia_euribor6m_1y5y_bbg_2026-10-05.xlsx
2026-07-08,2.790100,2.955250,,,2.513500,2.673100,"Bloomberg BGN, exported by Charlie",estr_eonia_euribor6m_1y5y_bbg_2026-10-05.xlsx
2026-07-09,2.776000,2.912650,,,2.484550,2.637300,"Bloomberg BGN, exported by Charlie",estr_eonia_euribor6m_1y5y_bbg_2026-10-05.xlsx
2026-07-10,2.789000,2.913000,,,2.493400,2.639300,"Bloomberg BGN, exported by Charlie",estr_eonia_euribor6m_1y5y_bbg_2026-10-05.xlsx
2026-07-13,2.848550,2.980900,,,2.583000,2.710500,"Bloomberg BGN, exported by Charlie",estr_eonia_euribor6m_1y5y_bbg_2026-10-05.xlsx
2026-07-14,2.856400,2.977050,,,2.558850,2.699050,"Bloomberg BGN, exported by Charlie",estr_eonia_euribor6m_1y5y_bbg_2026-10-05.xlsx
2026-07-15,2.888000,2.983900,,,2.556050,2.697000,"Bloomberg BGN, exported by Charlie",estr_eonia_euribor6m_1y5y_bbg_2026-10-05.xlsx
2026-07-16,2.888700,3.002650,,,2.577000,2.716700,"Bloomberg BGN, exported by Charlie",estr_eonia_euribor6m_1y5y_bbg_2026-10-05.xlsx
2026-07-17,2.913000,3.023600,,,2.607450,2.745800,"Bloomberg BGN, exported by Charlie",estr_eonia_euribor6m_1y5y_bbg_2026-10-05.xlsx
2026-07-20,2.904500,3.034200,,,2.595000,2.753400,"Bloomberg BGN, exported by Charlie",estr_eonia_euribor6m_1y5y_bbg_2026-10-05.xlsx
2026-07-21,2.907500,3.049000,,,2.601150,2.765050,"Bloomberg BGN, exported by Charlie",estr_eonia_euribor6m_1y5y_bbg_2026-10-05.xlsx
2026-07-22,2.936000,3.074000,,,2.635000,2.787200,"Bloomberg BGN, exported by Charlie",estr_eonia_euribor6m_1y5y_bbg_2026-10-05.xlsx
2026-07-23,2.960000,3.108300,,,2.652000,2.823550,"Bloomberg BGN, exported by Charlie",estr_eonia_euribor6m_1y5y_bbg_2026-10-05.xlsx
2026-07-24,2.941000,3.070650,,,2.618530,2.785000,"Bloomberg BGN, exported by Charlie",estr_eonia_euribor6m_1y5y_bbg_2026-10-05.xlsx
2026-07-27,2.907800,3.020250,,,2.592500,2.741300,"Bloomberg BGN, exported by Charlie",estr_eonia_euribor6m_1y5y_bbg_2026-10-05.xlsx
2026-07-28,2.876000,2.982900,,,2.565350,2.701700,"Bloomberg BGN, exported by Charlie",estr_eonia_euribor6m_1y5y_bbg_2026-10-05.xlsx
2026-07-29,2.912000,3.059750,,,2.623400,2.774000,"Bloomberg BGN, exported by Charlie",estr_eonia_euribor6m_1y5y_bbg_2026-10-05.xlsx
2026-07-30,2.879600,3.014750,,,2.572450,2.730600,"Bloomberg BGN, exported by Charlie",estr_eonia_euribor6m_1y5y_bbg_2026-10-05.xlsx
2026-07-31,2.926000,3.084200,,,2.610450,2.798300,"Bloomberg BGN, exported by Charlie",estr_eonia_euribor6m_1y5y_bbg_2026-10-05.xlsx
2026-08-03,2.901000,3.026000,,,2.588500,2.739000,"Bloomberg BGN, exported by Charlie",estr_eonia_euribor6m_1y5y_bbg_2026-10-05.xlsx
2026-08-04,2.874300,2.971350,,,2.533500,2.677000,"Bloomberg BGN, exported by Charlie",estr_eonia_euribor6m_1y5y_bbg_2026-10-05.xlsx
2026-08-05,2.876500,2.980000,,,2.546750,2.688000,"Bloomberg BGN, exported by Charlie",estr_eonia_euribor6m_1y5y_bbg_2026-10-05.xlsx
2026-08-06,2.884000,3.021800,,,2.571250,2.725250,"Bloomberg BGN, exported by Charlie",estr_eonia_euribor6m_1y5y_bbg_2026-10-05.xlsx
2026-08-07,2.870600,3.006600,,,2.558500,2.712000,"Bloomberg BGN, exported by Charlie",estr_eonia_euribor6m_1y5y_bbg_2026-10-05.xlsx
2026-08-10,2.886050,3.058250,,,2.597950,2.766550,"Bloomberg BGN, exported by Charlie",estr_eonia_euribor6m_1y5y_bbg_2026-10-05.xlsx
2026-08-11,2.865400,3.026250,,,2.593150,2.742500,"Bloomberg BGN, exported by Charlie",estr_eonia_euribor6m_1y5y_bbg_2026-10-05.xlsx
2026-08-12,2.880500,3.028550,,,2.597200,2.744750,"Bloomberg BGN, exported by Charlie",estr_eonia_euribor6m_1y5y_bbg_2026-10-05.xlsx
2026-08-13,2.865500,3.002350,,,2.584500,2.715600,"Bloomberg BGN, exported by Charlie",estr_eonia_euribor6m_1y5y_bbg_2026-10-05.xlsx
2026-08-14,2.894000,3.064300,,,2.611000,2.778500,"Bloomberg BGN, exported by Charlie",estr_eonia_euribor6m_1y5y_bbg_2026-10-05.xlsx
2026-08-17,2.903450,3.075200,,,2.619500,2.784900,"Bloomberg BGN, exported by Charlie",estr_eonia_euribor6m_1y5y_bbg_2026-10-05.xlsx
2026-08-18,2.931650,3.109700,,,2.648850,2.825400,"Bloomberg BGN, exported by Charlie",estr_eonia_euribor6m_1y5y_bbg_2026-10-05.xlsx
2026-08-19,2.952250,3.129350,,,2.661000,2.845950,"Bloomberg BGN, exported by Charlie",estr_eonia_euribor6m_1y5y_bbg_2026-10-05.xlsx
2026-08-20,2.951000,3.120250,,,2.647750,2.831450,"Bloomberg BGN, exported by Charlie",estr_eonia_euribor6m_1y5y_bbg_2026-10-05.xlsx
2026-08-21,2.964100,3.122000,,,2.649150,2.833000,"Bloomberg BGN, exported by Charlie",estr_eonia_euribor6m_1y5y_bbg_2026-10-05.xlsx
2026-08-24,2.985250,3.124750,,,2.663700,2.832800,"Bloomberg BGN, exported by Charlie",estr_eonia_euribor6m_1y5y_bbg_2026-10-05.xlsx
2026-08-25,2.945900,3.072000,,,2.628000,2.777150,"Bloomberg BGN, exported by Charlie",estr_eonia_euribor6m_1y5y_bbg_2026-10-05.xlsx
2026-08-26,2.973850,3.120650,,,2.657350,2.823950,"Bloomberg BGN, exported by Charlie",estr_eonia_euribor6m_1y5y_bbg_2026-10-05.xlsx
2026-08-27,2.968700,3.132000,,,2.670950,2.837700,"Bloomberg BGN, exported by Charlie",estr_eonia_euribor6m_1y5y_bbg_2026-10-05.xlsx
2026-08-28,2.995700,3.171750,,,2.683900,2.877000,"Bloomberg BGN, exported by Charlie",estr_eonia_euribor6m_1y5y_bbg_2026-10-05.xlsx
2026-08-31,3.017150,3.208000,,,2.710250,2.911050,"Bloomberg BGN, exported by Charlie",estr_eonia_euribor6m_1y5y_bbg_2026-10-05.xlsx
2026-09-01,3.059500,3.270000,,,2.768500,2.975000,"Bloomberg BGN, exported by Charlie",estr_eonia_euribor6m_1y5y_bbg_2026-10-05.xlsx
2026-09-02,3.054900,3.277100,,,2.761000,2.973100,"Bloomberg BGN, exported by Charlie",estr_eonia_euribor6m_1y5y_bbg_2026-10-05.xlsx
2026-09-03,3.045800,3.240000,,,2.743700,2.941900,"Bloomberg BGN, exported by Charlie",estr_eonia_euribor6m_1y5y_bbg_2026-10-05.xlsx
2026-09-04,3.041000,3.228800,,,2.743500,2.932000,"Bloomberg BGN, exported by Charlie",estr_eonia_euribor6m_1y5y_bbg_2026-10-05.xlsx
2026-09-07,3.066800,3.285900,,,2.768750,2.988500,"Bloomberg BGN, exported by Charlie",estr_eonia_euribor6m_1y5y_bbg_2026-10-05.xlsx
2026-09-08,3.060500,3.271650,,,2.764000,2.979000,"Bloomberg BGN, exported by Charlie",estr_eonia_euribor6m_1y5y_bbg_2026-10-05.xlsx
2026-09-09,3.104200,3.362000,,,2.810500,3.068750,"Bloomberg BGN, exported by Charlie",estr_eonia_euribor6m_1y5y_bbg_2026-10-05.xlsx
2026-09-10,3.242300,3.489300,,,3.010450,3.193600,"Bloomberg BGN, exported by Charlie",estr_eonia_euribor6m_1y5y_bbg_2026-10-05.xlsx
2026-09-11,3.214600,3.455800,,,2.964100,3.162800,"Bloomberg BGN, exported by Charlie",estr_eonia_euribor6m_1y5y_bbg_2026-10-05.xlsx
2026-09-14,3.302000,3.489650,,,3.004150,3.202000,"Bloomberg BGN, exported by Charlie",estr_eonia_euribor6m_1y5y_bbg_2026-10-05.xlsx
2026-09-15,3.313800,3.519100,,,2.989000,3.214150,"Bloomberg BGN, exported by Charlie",estr_eonia_euribor6m_1y5y_bbg_2026-10-05.xlsx
2026-09-16,3.309400,3.490000,,,2.971400,3.178450,"Bloomberg BGN, exported by Charlie",estr_eonia_euribor6m_1y5y_bbg_2026-10-05.xlsx
2026-09-17,3.313600,3.476350,,,2.987350,3.167050,"Bloomberg BGN, exported by Charlie",estr_eonia_euribor6m_1y5y_bbg_2026-10-05.xlsx
2026-09-18,3.347400,3.534600,,,3.027000,3.229100,"Bloomberg BGN, exported by Charlie",estr_eonia_euribor6m_1y5y_bbg_2026-10-05.xlsx
2026-09-21,3.313000,3.451000,,,2.971650,3.146500,"Bloomberg BGN, exported by Charlie",estr_eonia_euribor6m_1y5y_bbg_2026-10-05.xlsx
2026-09-22,3.330000,3.467500,,,2.984100,3.168650,"Bloomberg BGN, exported by Charlie",estr_eonia_euribor6m_1y5y_bbg_2026-10-05.xlsx
2026-09-23,3.420000,3.645650,,,3.088350,3.313250,"Bloomberg BGN, exported by Charlie",estr_eonia_euribor6m_1y5y_bbg_2026-10-05.xlsx
2026-09-24,3.361050,3.620100,,,3.036450,3.319650,"Bloomberg BGN, exported by Charlie",estr_eonia_euribor6m_1y5y_bbg_2026-10-05.xlsx
2026-09-25,3.386000,3.612550,,,3.007250,3.291700,"Bloomberg BGN, exported by Charlie",estr_eonia_euribor6m_1y5y_bbg_2026-10-05.xlsx
2026-09-28,3.391600,3.640700,,,3.011750,3.293100,"Bloomberg BGN, exported by Charlie",estr_eonia_euribor6m_1y5y_bbg_2026-10-05.xlsx
2026-09-29,3.411750,3.639750,,,3.008600,3.310900,"Bloomberg BGN, exported by Charlie",estr_eonia_euribor6m_1y5y_bbg_2026-10-05.xlsx
2026-09-30,3.372700,3.596000,,,2.976550,3.267600,"Bloomberg BGN, exported by Charlie",estr_eonia_euribor6m_1y5y_bbg_2026-10-05.xlsx
2026-10-01,3.277000,3.508600,,,2.874100,3.176900,"Bloomberg BGN, exported by Charlie",estr_eonia_euribor6m_1y5y_bbg_2026-10-05.xlsx
2026-10-02,3.304500,3.501000,,,2.895750,3.177400,"Bloomberg BGN, exported by Charlie",estr_eonia_euribor6m_1y5y_bbg_2026-10-05.xlsx
