date,citi_estr_1y,citi_estr_5y,citi_eonia_1y,citi_eonia_5y,source,raw_file
2007-10-04,,4.405250,,4.224000,"Citi Velocity, exported by Charlie",estr_eonia_1y5y_citi_2026-10-05.xlsx
2007-10-05,,4.449490,,4.281000,"Citi Velocity, exported by Charlie",estr_eonia_1y5y_citi_2026-10-05.xlsx
2007-10-08,,4.451330,,4.279000,"Citi Velocity, exported by Charlie",estr_eonia_1y5y_citi_2026-10-05.xlsx
2007-10-09,,4.423520,,4.249000,"Citi Velocity, exported by Charlie",estr_eonia_1y5y_citi_2026-10-05.xlsx
2007-10-10,,4.471080,,4.298000,"Citi Velocity, exported by Charlie",estr_eonia_1y5y_citi_2026-10-05.xlsx
2007-10-11,,4.493830,,4.321000,"Citi Velocity, exported by Charlie",estr_eonia_1y5y_citi_2026-10-05.xlsx
2007-10-12,,4.544950,,4.392000,"Citi Velocity, exported by Charlie",estr_eonia_1y5y_citi_2026-10-05.xlsx
2007-10-15,,4.561690,,4.408000,"Citi Velocity, exported by Charlie",estr_eonia_1y5y_citi_2026-10-05.xlsx
2007-10-16,,4.555570,,4.398000,"Citi Velocity, exported by Charlie",estr_eonia_1y5y_citi_2026-10-05.xlsx
2007-10-17,,4.522750,,4.373000,"Citi Velocity, exported by Charlie",estr_eonia_1y5y_citi_2026-10-05.xlsx
2007-10-18,,4.464990,,4.302000,"Citi Velocity, exported by Charlie",estr_eonia_1y5y_citi_2026-10-05.xlsx
2007-10-19,,4.381280,,4.223000,"Citi Velocity, exported by Charlie",estr_eonia_1y5y_citi_2026-10-05.xlsx
2007-10-22,,4.351030,,4.196000,"Citi Velocity, exported by Charlie",estr_eonia_1y5y_citi_2026-10-05.xlsx
2007-10-23,,4.350140,,4.198000,"Citi Velocity, exported by Charlie",estr_eonia_1y5y_citi_2026-10-05.xlsx
2007-10-24,,4.302520,,4.190000,"Citi Velocity, exported by Charlie",estr_eonia_1y5y_citi_2026-10-05.xlsx
2007-10-25,,4.322480,,4.163000,"Citi Velocity, exported by Charlie",estr_eonia_1y5y_citi_2026-10-05.xlsx
2007-10-26,,4.350500,,4.198000,"Citi Velocity, exported by Charlie",estr_eonia_1y5y_citi_2026-10-05.xlsx
2007-10-29,,4.343820,,4.188000,"Citi Velocity, exported by Charlie",estr_eonia_1y5y_citi_2026-10-05.xlsx
2007-10-30,,4.357600,,4.210000,"Citi Velocity, exported by Charlie",estr_eonia_1y5y_citi_2026-10-05.xlsx
2007-10-31,,4.427910,,4.282000,"Citi Velocity, exported by Charlie",estr_eonia_1y5y_citi_2026-10-05.xlsx
2007-11-01,,4.386540,,4.246000,"Citi Velocity, exported by Charlie",estr_eonia_1y5y_citi_2026-10-05.xlsx
2007-11-02,,4.365220,,4.225000,"Citi Velocity, exported by Charlie",estr_eonia_1y5y_citi_2026-10-05.xlsx
2007-11-05,,4.361600,,4.219000,"Citi Velocity, exported by Charlie",estr_eonia_1y5y_citi_2026-10-05.xlsx
2007-11-06,,4.369430,,4.224000,"Citi Velocity, exported by Charlie",estr_eonia_1y5y_citi_2026-10-05.xlsx
2007-11-07,,4.338660,,4.188000,"Citi Velocity, exported by Charlie",estr_eonia_1y5y_citi_2026-10-05.xlsx
2007-11-08,,4.306460,,4.161000,"Citi Velocity, exported by Charlie",estr_eonia_1y5y_citi_2026-10-05.xlsx
2007-11-09,,4.259420,,4.113000,"Citi Velocity, exported by Charlie",estr_eonia_1y5y_citi_2026-10-05.xlsx
2007-11-12,,4.270610,,4.121000,"Citi Velocity, exported by Charlie",estr_eonia_1y5y_citi_2026-10-05.xlsx
2007-11-13,,4.292000,,4.146000,"Citi Velocity, exported by Charlie",estr_eonia_1y5y_citi_2026-10-05.xlsx
2007-11-14,,4.319040,,4.167000,"Citi Velocity, exported by Charlie",estr_eonia_1y5y_citi_2026-10-05.xlsx
2007-11-15,,4.295240,,4.144000,"Citi Velocity, exported by Charlie",estr_eonia_1y5y_citi_2026-10-05.xlsx
2007-11-16,,4.281390,,4.136000,"Citi Velocity, exported by Charlie",estr_eonia_1y5y_citi_2026-10-05.xlsx
2007-11-19,,4.225200,,4.070000,"Citi Velocity, exported by Charlie",estr_eonia_1y5y_citi_2026-10-05.xlsx
2007-11-20,,4.282840,,4.116000,"Citi Velocity, exported by Charlie",estr_eonia_1y5y_citi_2026-10-05.xlsx
2007-11-21,,4.242810,,4.076000,"Citi Velocity, exported by Charlie",estr_eonia_1y5y_citi_2026-10-05.xlsx
2007-11-22,,4.239160,,4.073000,"Citi Velocity, exported by Charlie",estr_eonia_1y5y_citi_2026-10-05.xlsx
2007-11-23,,4.255980,,4.088000,"Citi Velocity, exported by Charlie",estr_eonia_1y5y_citi_2026-10-05.xlsx
2007-11-26,,4.256820,,4.077000,"Citi Velocity, exported by Charlie",estr_eonia_1y5y_citi_2026-10-05.xlsx
2007-11-27,,4.267520,,4.093000,"Citi Velocity, exported by Charlie",estr_eonia_1y5y_citi_2026-10-05.xlsx
2007-11-28,,4.334260,,4.155000,"Citi Velocity, exported by Charlie",estr_eonia_1y5y_citi_2026-10-05.xlsx
2007-11-29,,4.285830,,4.098000,"Citi Velocity, exported by Charlie",estr_eonia_1y5y_citi_2026-10-05.xlsx
2007-11-30,,4.329730,,4.145000,"Citi Velocity, exported by Charlie",estr_eonia_1y5y_citi_2026-10-05.xlsx
2007-12-03,,4.276030,,4.081000,"Citi Velocity, exported by Charlie",estr_eonia_1y5y_citi_2026-10-05.xlsx
2007-12-04,,4.247800,,4.054000,"Citi Velocity, exported by Charlie",estr_eonia_1y5y_citi_2026-10-05.xlsx
2007-12-05,,4.258370,,4.061000,"Citi Velocity, exported by Charlie",estr_eonia_1y5y_citi_2026-10-05.xlsx
2007-12-06,,4.269680,,4.076000,"Citi Velocity, exported by Charlie",estr_eonia_1y5y_citi_2026-10-05.xlsx
2007-12-07,,4.379150,,4.190000,"Citi Velocity, exported by Charlie",estr_eonia_1y5y_citi_2026-10-05.xlsx
2007-12-10,,4.444040,,4.247000,"Citi Velocity, exported by Charlie",estr_eonia_1y5y_citi_2026-10-05.xlsx
2007-12-11,,4.417480,,4.217000,"Citi Velocity, exported by Charlie",estr_eonia_1y5y_citi_2026-10-05.xlsx
2007-12-12,,4.483550,,4.294000,"Citi Velocity, exported by Charlie",estr_eonia_1y5y_citi_2026-10-05.xlsx
2007-12-13,,4.474280,,4.277000,"Citi Velocity, exported by Charlie",estr_eonia_1y5y_citi_2026-10-05.xlsx
2007-12-14,,4.511760,,4.306000,"Citi Velocity, exported by Charlie",estr_eonia_1y5y_citi_2026-10-05.xlsx
2007-12-17,,4.500190,,4.297000,"Citi Velocity, exported by Charlie",estr_eonia_1y5y_citi_2026-10-05.xlsx
2007-12-18,,4.475450,,4.269000,"Citi Velocity, exported by Charlie",estr_eonia_1y5y_citi_2026-10-05.xlsx
2007-12-19,,4.474360,,4.264000,"Citi Velocity, exported by Charlie",estr_eonia_1y5y_citi_2026-10-05.xlsx
2007-12-20,,4.434750,,4.230000,"Citi Velocity, exported by Charlie",estr_eonia_1y5y_citi_2026-10-05.xlsx
2007-12-21,,4.489920,,4.297000,"Citi Velocity, exported by Charlie",estr_eonia_1y5y_citi_2026-10-05.xlsx
2007-12-24,,4.489940,,4.274000,"Citi Velocity, exported by Charlie",estr_eonia_1y5y_citi_2026-10-05.xlsx
2007-12-27,,4.513830,,4.324000,"Citi Velocity, exported by Charlie",estr_eonia_1y5y_citi_2026-10-05.xlsx
2007-12-28,,4.466730,,4.269000,"Citi Velocity, exported by Charlie",estr_eonia_1y5y_citi_2026-10-05.xlsx
2007-12-31,,4.466790,,4.269000,"Citi Velocity, exported by Charlie",estr_eonia_1y5y_citi_2026-10-05.xlsx
2008-01-02,,4.323540,,4.116000,"Citi Velocity, exported by Charlie",estr_eonia_1y5y_citi_2026-10-05.xlsx
2008-01-03,,4.304630,,4.099000,"Citi Velocity, exported by Charlie",estr_eonia_1y5y_citi_2026-10-05.xlsx
2008-01-04,,4.250530,,4.051000,"Citi Velocity, exported by Charlie",estr_eonia_1y5y_citi_2026-10-05.xlsx
2008-01-07,,4.247080,,4.050000,"Citi Velocity, exported by Charlie",estr_eonia_1y5y_citi_2026-10-05.xlsx
2008-01-08,,4.283600,,4.086000,"Citi Velocity, exported by Charlie",estr_eonia_1y5y_citi_2026-10-05.xlsx
2008-01-09,,4.217560,,4.019000,"Citi Velocity, exported by Charlie",estr_eonia_1y5y_citi_2026-10-05.xlsx
2008-01-10,,4.235960,,4.036000,"Citi Velocity, exported by Charlie",estr_eonia_1y5y_citi_2026-10-05.xlsx
2008-01-11,,4.203360,,4.004000,"Citi Velocity, exported by Charlie",estr_eonia_1y5y_citi_2026-10-05.xlsx
2008-01-14,,4.150160,,3.950000,"Citi Velocity, exported by Charlie",estr_eonia_1y5y_citi_2026-10-05.xlsx
2008-01-15,,4.109010,,3.905000,"Citi Velocity, exported by Charlie",estr_eonia_1y5y_citi_2026-10-05.xlsx
2008-01-16,,4.023300,,3.825000,"Citi Velocity, exported by Charlie",estr_eonia_1y5y_citi_2026-10-05.xlsx
2008-01-17,,4.004780,,3.818000,"Citi Velocity, exported by Charlie",estr_eonia_1y5y_citi_2026-10-05.xlsx
2008-01-18,,3.976350,,3.790000,"Citi Velocity, exported by Charlie",estr_eonia_1y5y_citi_2026-10-05.xlsx
2008-01-21,,3.936300,,3.743000,"Citi Velocity, exported by Charlie",estr_eonia_1y5y_citi_2026-10-05.xlsx
2008-01-22,,4.006810,,3.816000,"Citi Velocity, exported by Charlie",estr_eonia_1y5y_citi_2026-10-05.xlsx
2008-01-23,,3.893350,,3.699000,"Citi Velocity, exported by Charlie",estr_eonia_1y5y_citi_2026-10-05.xlsx
2008-01-24,,4.041670,,3.851000,"Citi Velocity, exported by Charlie",estr_eonia_1y5y_citi_2026-10-05.xlsx
2008-01-25,,4.035060,,3.839000,"Citi Velocity, exported by Charlie",estr_eonia_1y5y_citi_2026-10-05.xlsx
2008-01-28,,4.012310,,3.822000,"Citi Velocity, exported by Charlie",estr_eonia_1y5y_citi_2026-10-05.xlsx
2008-01-29,,4.048450,,3.855000,"Citi Velocity, exported by Charlie",estr_eonia_1y5y_citi_2026-10-05.xlsx
2008-01-30,,4.060240,,3.868000,"Citi Velocity, exported by Charlie",estr_eonia_1y5y_citi_2026-10-05.xlsx
2008-01-31,,3.956570,,3.765000,"Citi Velocity, exported by Charlie",estr_eonia_1y5y_citi_2026-10-05.xlsx
2008-02-01,,3.940850,,3.751000,"Citi Velocity, exported by Charlie",estr_eonia_1y5y_citi_2026-10-05.xlsx
2008-02-04,,3.973220,,3.784000,"Citi Velocity, exported by Charlie",estr_eonia_1y5y_citi_2026-10-05.xlsx
2008-02-05,,3.868290,,3.670000,"Citi Velocity, exported by Charlie",estr_eonia_1y5y_citi_2026-10-05.xlsx
2008-02-06,,3.903710,,3.696000,"Citi Velocity, exported by Charlie",estr_eonia_1y5y_citi_2026-10-05.xlsx
2008-02-07,,3.817500,,3.609000,"Citi Velocity, exported by Charlie",estr_eonia_1y5y_citi_2026-10-05.xlsx
2008-02-08,,3.820290,,3.609000,"Citi Velocity, exported by Charlie",estr_eonia_1y5y_citi_2026-10-05.xlsx
2008-02-11,,3.819620,,3.611000,"Citi Velocity, exported by Charlie",estr_eonia_1y5y_citi_2026-10-05.xlsx
2008-02-12,,3.905130,,3.701000,"Citi Velocity, exported by Charlie",estr_eonia_1y5y_citi_2026-10-05.xlsx
2008-02-13,,3.886660,,3.683000,"Citi Velocity, exported by Charlie",estr_eonia_1y5y_citi_2026-10-05.xlsx
2008-02-14,,3.928000,,3.721000,"Citi Velocity, exported by Charlie",estr_eonia_1y5y_citi_2026-10-05.xlsx
2008-02-15,,3.896400,,3.690000,"Citi Velocity, exported by Charlie",estr_eonia_1y5y_citi_2026-10-05.xlsx
2008-02-18,,3.972000,,3.773000,"Citi Velocity, exported by Charlie",estr_eonia_1y5y_citi_2026-10-05.xlsx
2008-02-19,,3.924810,,3.723000,"Citi Velocity, exported by Charlie",estr_eonia_1y5y_citi_2026-10-05.xlsx
2008-02-20,,3.972010,,3.773000,"Citi Velocity, exported by Charlie",estr_eonia_1y5y_citi_2026-10-05.xlsx
2008-02-21,,3.998310,,3.801000,"Citi Velocity, exported by Charlie",estr_eonia_1y5y_citi_2026-10-05.xlsx
2008-02-22,,3.962930,,3.765000,"Citi Velocity, exported by Charlie",estr_eonia_1y5y_citi_2026-10-05.xlsx
2008-02-25,,3.993600,,3.793000,"Citi Velocity, exported by Charlie",estr_eonia_1y5y_citi_2026-10-05.xlsx
2008-02-26,,4.006290,,3.805000,"Citi Velocity, exported by Charlie",estr_eonia_1y5y_citi_2026-10-05.xlsx
2008-02-27,,4.009110,,3.791000,"Citi Velocity, exported by Charlie",estr_eonia_1y5y_citi_2026-10-05.xlsx
2008-02-28,,3.911760,,3.689000,"Citi Velocity, exported by Charlie",estr_eonia_1y5y_citi_2026-10-05.xlsx
2008-02-29,,3.836610,,3.612000,"Citi Velocity, exported by Charlie",estr_eonia_1y5y_citi_2026-10-05.xlsx
2008-03-03,,3.845290,,3.617000,"Citi Velocity, exported by Charlie",estr_eonia_1y5y_citi_2026-10-05.xlsx
2008-03-04,,3.834230,,3.603000,"Citi Velocity, exported by Charlie",estr_eonia_1y5y_citi_2026-10-05.xlsx
2008-03-05,,3.907030,,3.680000,"Citi Velocity, exported by Charlie",estr_eonia_1y5y_citi_2026-10-05.xlsx
2008-03-06,,3.896110,,3.669000,"Citi Velocity, exported by Charlie",estr_eonia_1y5y_citi_2026-10-05.xlsx
2008-03-07,,3.885700,,3.636000,"Citi Velocity, exported by Charlie",estr_eonia_1y5y_citi_2026-10-05.xlsx
2008-03-10,,3.823050,,3.557000,"Citi Velocity, exported by Charlie",estr_eonia_1y5y_citi_2026-10-05.xlsx
2008-03-11,,3.890510,,3.623000,"Citi Velocity, exported by Charlie",estr_eonia_1y5y_citi_2026-10-05.xlsx
2008-03-12,,3.903730,,3.903730,"Citi Velocity, exported by Charlie",estr_eonia_1y5y_citi_2026-10-05.xlsx
2008-03-13,,3.902000,,3.902000,"Citi Velocity, exported by Charlie",estr_eonia_1y5y_citi_2026-10-05.xlsx
2008-03-14,,3.928440,,3.928440,"Citi Velocity, exported by Charlie",estr_eonia_1y5y_citi_2026-10-05.xlsx
2008-03-17,,3.854970,,3.854970,"Citi Velocity, exported by Charlie",estr_eonia_1y5y_citi_2026-10-05.xlsx
2008-03-18,,3.932210,,3.652000,"Citi Velocity, exported by Charlie",estr_eonia_1y5y_citi_2026-10-05.xlsx
2008-03-19,,3.922940,,3.663000,"Citi Velocity, exported by Charlie",estr_eonia_1y5y_citi_2026-10-05.xlsx
2008-03-20,,3.956430,,3.683000,"Citi Velocity, exported by Charlie",estr_eonia_1y5y_citi_2026-10-05.xlsx
2008-03-25,,4.085410,,3.819000,"Citi Velocity, exported by Charlie",estr_eonia_1y5y_citi_2026-10-05.xlsx
2008-03-26,,4.075090,,3.806000,"Citi Velocity, exported by Charlie",estr_eonia_1y5y_citi_2026-10-05.xlsx
2008-03-27,,4.074310,,3.792000,"Citi Velocity, exported by Charlie",estr_eonia_1y5y_citi_2026-10-05.xlsx
2008-03-28,,4.079320,,3.808000,"Citi Velocity, exported by Charlie",estr_eonia_1y5y_citi_2026-10-05.xlsx
2008-03-31,,4.048720,,3.762000,"Citi Velocity, exported by Charlie",estr_eonia_1y5y_citi_2026-10-05.xlsx
2008-04-01,,4.105220,,3.829000,"Citi Velocity, exported by Charlie",estr_eonia_1y5y_citi_2026-10-05.xlsx
2008-04-02,,4.145030,,3.875000,"Citi Velocity, exported by Charlie",estr_eonia_1y5y_citi_2026-10-05.xlsx
2008-04-03,,4.115740,,3.845000,"Citi Velocity, exported by Charlie",estr_eonia_1y5y_citi_2026-10-05.xlsx
2008-04-04,,4.100430,,3.818000,"Citi Velocity, exported by Charlie",estr_eonia_1y5y_citi_2026-10-05.xlsx
2008-04-07,,4.136850,,3.862000,"Citi Velocity, exported by Charlie",estr_eonia_1y5y_citi_2026-10-05.xlsx
2008-04-08,,4.132060,,3.849000,"Citi Velocity, exported by Charlie",estr_eonia_1y5y_citi_2026-10-05.xlsx
2008-04-09,,4.121090,,3.830000,"Citi Velocity, exported by Charlie",estr_eonia_1y5y_citi_2026-10-05.xlsx
2008-04-10,,4.107380,,3.821000,"Citi Velocity, exported by Charlie",estr_eonia_1y5y_citi_2026-10-05.xlsx
2008-04-11,,4.038270,,3.735000,"Citi Velocity, exported by Charlie",estr_eonia_1y5y_citi_2026-10-05.xlsx
2008-04-14,,4.054620,,3.747000,"Citi Velocity, exported by Charlie",estr_eonia_1y5y_citi_2026-10-05.xlsx
2008-04-15,,4.119340,,3.812000,"Citi Velocity, exported by Charlie",estr_eonia_1y5y_citi_2026-10-05.xlsx
2008-04-16,,4.223940,,3.916000,"Citi Velocity, exported by Charlie",estr_eonia_1y5y_citi_2026-10-05.xlsx
2008-04-17,,4.279550,,3.969000,"Citi Velocity, exported by Charlie",estr_eonia_1y5y_citi_2026-10-05.xlsx
2008-04-18,,4.364100,,4.052000,"Citi Velocity, exported by Charlie",estr_eonia_1y5y_citi_2026-10-05.xlsx
2008-04-21,,4.310530,,3.990000,"Citi Velocity, exported by Charlie",estr_eonia_1y5y_citi_2026-10-05.xlsx
2008-04-22,,4.368380,,4.056000,"Citi Velocity, exported by Charlie",estr_eonia_1y5y_citi_2026-10-05.xlsx
2008-04-23,,4.356590,,4.040000,"Citi Velocity, exported by Charlie",estr_eonia_1y5y_citi_2026-10-05.xlsx
2008-04-24,,4.397160,,4.081000,"Citi Velocity, exported by Charlie",estr_eonia_1y5y_citi_2026-10-05.xlsx
2008-04-25,,4.385670,,4.067000,"Citi Velocity, exported by Charlie",estr_eonia_1y5y_citi_2026-10-05.xlsx
2008-04-28,,4.368920,,4.046000,"Citi Velocity, exported by Charlie",estr_eonia_1y5y_citi_2026-10-05.xlsx
2008-04-29,,4.290350,,3.971000,"Citi Velocity, exported by Charlie",estr_eonia_1y5y_citi_2026-10-05.xlsx
2008-04-30,,4.285980,,3.973000,"Citi Velocity, exported by Charlie",estr_eonia_1y5y_citi_2026-10-05.xlsx
2008-05-01,,4.285980,,3.973000,"Citi Velocity, exported by Charlie",estr_eonia_1y5y_citi_2026-10-05.xlsx
2008-05-02,,4.354480,,4.054000,"Citi Velocity, exported by Charlie",estr_eonia_1y5y_citi_2026-10-05.xlsx
2008-05-06,,4.284570,,3.980000,"Citi Velocity, exported by Charlie",estr_eonia_1y5y_citi_2026-10-05.xlsx
2008-05-07,,4.271510,,3.967000,"Citi Velocity, exported by Charlie",estr_eonia_1y5y_citi_2026-10-05.xlsx
2008-05-08,,4.205310,,3.904000,"Citi Velocity, exported by Charlie",estr_eonia_1y5y_citi_2026-10-05.xlsx
2008-05-09,,4.156840,,3.862000,"Citi Velocity, exported by Charlie",estr_eonia_1y5y_citi_2026-10-05.xlsx
2008-05-12,,4.204620,,3.903000,"Citi Velocity, exported by Charlie",estr_eonia_1y5y_citi_2026-10-05.xlsx
2008-05-13,,4.265150,,3.959000,"Citi Velocity, exported by Charlie",estr_eonia_1y5y_citi_2026-10-05.xlsx
2008-05-14,,4.339630,,4.029000,"Citi Velocity, exported by Charlie",estr_eonia_1y5y_citi_2026-10-05.xlsx
2008-05-15,,4.410070,,4.089000,"Citi Velocity, exported by Charlie",estr_eonia_1y5y_citi_2026-10-05.xlsx
2008-05-16,,4.345240,,4.036000,"Citi Velocity, exported by Charlie",estr_eonia_1y5y_citi_2026-10-05.xlsx
2008-05-19,,4.394630,,4.089000,"Citi Velocity, exported by Charlie",estr_eonia_1y5y_citi_2026-10-05.xlsx
2008-05-20,,4.369110,,4.065000,"Citi Velocity, exported by Charlie",estr_eonia_1y5y_citi_2026-10-05.xlsx
2008-05-21,,4.427220,,4.116000,"Citi Velocity, exported by Charlie",estr_eonia_1y5y_citi_2026-10-05.xlsx
2008-05-22,,4.488330,,4.193000,"Citi Velocity, exported by Charlie",estr_eonia_1y5y_citi_2026-10-05.xlsx
2008-05-23,,4.479940,,4.179000,"Citi Velocity, exported by Charlie",estr_eonia_1y5y_citi_2026-10-05.xlsx
2008-05-27,,4.532660,,4.221000,"Citi Velocity, exported by Charlie",estr_eonia_1y5y_citi_2026-10-05.xlsx
2008-05-28,,4.570190,,4.263000,"Citi Velocity, exported by Charlie",estr_eonia_1y5y_citi_2026-10-05.xlsx
2008-05-29,,4.650080,,4.345000,"Citi Velocity, exported by Charlie",estr_eonia_1y5y_citi_2026-10-05.xlsx
2008-05-30,,4.639560,,4.333000,"Citi Velocity, exported by Charlie",estr_eonia_1y5y_citi_2026-10-05.xlsx
2008-06-02,,4.582650,,4.280000,"Citi Velocity, exported by Charlie",estr_eonia_1y5y_citi_2026-10-05.xlsx
2008-06-03,,4.669430,,4.354000,"Citi Velocity, exported by Charlie",estr_eonia_1y5y_citi_2026-10-05.xlsx
2008-06-04,,4.616550,,4.288000,"Citi Velocity, exported by Charlie",estr_eonia_1y5y_citi_2026-10-05.xlsx
2008-06-05,,4.754280,,4.447000,"Citi Velocity, exported by Charlie",estr_eonia_1y5y_citi_2026-10-05.xlsx
2008-06-06,,4.816260,,4.477000,"Citi Velocity, exported by Charlie",estr_eonia_1y5y_citi_2026-10-05.xlsx
2008-06-09,,5.023020,,4.669000,"Citi Velocity, exported by Charlie",estr_eonia_1y5y_citi_2026-10-05.xlsx
2008-06-10,,5.010380,,4.653000,"Citi Velocity, exported by Charlie",estr_eonia_1y5y_citi_2026-10-05.xlsx
2008-06-11,,4.922660,,4.549000,"Citi Velocity, exported by Charlie",estr_eonia_1y5y_citi_2026-10-05.xlsx
2008-06-12,,4.986440,,4.616000,"Citi Velocity, exported by Charlie",estr_eonia_1y5y_citi_2026-10-05.xlsx
2008-06-13,,5.081750,,4.709000,"Citi Velocity, exported by Charlie",estr_eonia_1y5y_citi_2026-10-05.xlsx
2008-06-16,,5.088100,,4.733000,"Citi Velocity, exported by Charlie",estr_eonia_1y5y_citi_2026-10-05.xlsx
2008-06-17,,5.035220,,4.662000,"Citi Velocity, exported by Charlie",estr_eonia_1y5y_citi_2026-10-05.xlsx
2008-06-18,,5.015810,,4.664000,"Citi Velocity, exported by Charlie",estr_eonia_1y5y_citi_2026-10-05.xlsx
2008-06-19,,5.089200,,4.744000,"Citi Velocity, exported by Charlie",estr_eonia_1y5y_citi_2026-10-05.xlsx
2008-06-20,,5.027690,,4.672000,"Citi Velocity, exported by Charlie",estr_eonia_1y5y_citi_2026-10-05.xlsx
2008-06-23,,5.018320,,4.664000,"Citi Velocity, exported by Charlie",estr_eonia_1y5y_citi_2026-10-05.xlsx
2008-06-24,,4.997870,,4.647000,"Citi Velocity, exported by Charlie",estr_eonia_1y5y_citi_2026-10-05.xlsx
2008-06-25,,5.011620,,4.657000,"Citi Velocity, exported by Charlie",estr_eonia_1y5y_citi_2026-10-05.xlsx
2008-06-26,,4.915780,,4.568000,"Citi Velocity, exported by Charlie",estr_eonia_1y5y_citi_2026-10-05.xlsx
2008-06-27,,4.902090,,4.556000,"Citi Velocity, exported by Charlie",estr_eonia_1y5y_citi_2026-10-05.xlsx
2008-06-30,,5.017940,,4.667000,"Citi Velocity, exported by Charlie",estr_eonia_1y5y_citi_2026-10-05.xlsx
2008-07-01,,5.051060,,4.698000,"Citi Velocity, exported by Charlie",estr_eonia_1y5y_citi_2026-10-05.xlsx
2008-07-02,,5.108490,,4.752000,"Citi Velocity, exported by Charlie",estr_eonia_1y5y_citi_2026-10-05.xlsx
2008-07-03,,4.998650,,4.634000,"Citi Velocity, exported by Charlie",estr_eonia_1y5y_citi_2026-10-05.xlsx
2008-07-04,,4.921040,,4.564000,"Citi Velocity, exported by Charlie",estr_eonia_1y5y_citi_2026-10-05.xlsx
2008-07-07,,4.874460,,4.516000,"Citi Velocity, exported by Charlie",estr_eonia_1y5y_citi_2026-10-05.xlsx
2008-07-08,,4.862110,,4.491000,"Citi Velocity, exported by Charlie",estr_eonia_1y5y_citi_2026-10-05.xlsx
2008-07-09,,4.860980,,4.496000,"Citi Velocity, exported by Charlie",estr_eonia_1y5y_citi_2026-10-05.xlsx
2008-07-10,,4.866150,,4.497000,"Citi Velocity, exported by Charlie",estr_eonia_1y5y_citi_2026-10-05.xlsx
2008-07-11,,4.881390,,4.502000,"Citi Velocity, exported by Charlie",estr_eonia_1y5y_citi_2026-10-05.xlsx
2008-07-14,,4.835860,,4.452000,"Citi Velocity, exported by Charlie",estr_eonia_1y5y_citi_2026-10-05.xlsx
2008-07-15,,4.824790,,4.432000,"Citi Velocity, exported by Charlie",estr_eonia_1y5y_citi_2026-10-05.xlsx
2008-07-16,,4.852650,,4.477000,"Citi Velocity, exported by Charlie",estr_eonia_1y5y_citi_2026-10-05.xlsx
2008-07-17,,4.878310,,4.494000,"Citi Velocity, exported by Charlie",estr_eonia_1y5y_citi_2026-10-05.xlsx
2008-07-18,,4.852410,,4.620000,"Citi Velocity, exported by Charlie",estr_eonia_1y5y_citi_2026-10-05.xlsx
2008-07-21,,4.934620,,4.709000,"Citi Velocity, exported by Charlie",estr_eonia_1y5y_citi_2026-10-05.xlsx
2008-07-22,,4.929710,,4.693000,"Citi Velocity, exported by Charlie",estr_eonia_1y5y_citi_2026-10-05.xlsx
2008-07-23,,4.936470,,4.706000,"Citi Velocity, exported by Charlie",estr_eonia_1y5y_citi_2026-10-05.xlsx
2008-07-24,,4.810630,,4.569000,"Citi Velocity, exported by Charlie",estr_eonia_1y5y_citi_2026-10-05.xlsx
2008-07-25,,4.826650,,4.600000,"Citi Velocity, exported by Charlie",estr_eonia_1y5y_citi_2026-10-05.xlsx
2008-07-28,,4.745630,,4.515000,"Citi Velocity, exported by Charlie",estr_eonia_1y5y_citi_2026-10-05.xlsx
2008-07-29,,4.704740,,4.475000,"Citi Velocity, exported by Charlie",estr_eonia_1y5y_citi_2026-10-05.xlsx
2008-07-30,,4.642430,,4.428000,"Citi Velocity, exported by Charlie",estr_eonia_1y5y_citi_2026-10-05.xlsx
2008-07-31,,4.584660,,4.369000,"Citi Velocity, exported by Charlie",estr_eonia_1y5y_citi_2026-10-05.xlsx
2008-08-01,,4.589070,,4.359000,"Citi Velocity, exported by Charlie",estr_eonia_1y5y_citi_2026-10-05.xlsx
2008-08-04,,4.568580,,4.350000,"Citi Velocity, exported by Charlie",estr_eonia_1y5y_citi_2026-10-05.xlsx
2008-08-05,,4.558560,,4.338000,"Citi Velocity, exported by Charlie",estr_eonia_1y5y_citi_2026-10-05.xlsx
2008-08-06,,4.543620,,4.328000,"Citi Velocity, exported by Charlie",estr_eonia_1y5y_citi_2026-10-05.xlsx
2008-08-07,,4.391810,,4.170000,"Citi Velocity, exported by Charlie",estr_eonia_1y5y_citi_2026-10-05.xlsx
2008-08-08,,4.351930,,4.132000,"Citi Velocity, exported by Charlie",estr_eonia_1y5y_citi_2026-10-05.xlsx
2008-08-11,,4.387350,,4.168000,"Citi Velocity, exported by Charlie",estr_eonia_1y5y_citi_2026-10-05.xlsx
2008-08-12,,4.335010,,4.125000,"Citi Velocity, exported by Charlie",estr_eonia_1y5y_citi_2026-10-05.xlsx
2008-08-13,,4.286360,,4.084000,"Citi Velocity, exported by Charlie",estr_eonia_1y5y_citi_2026-10-05.xlsx
2008-08-14,,4.304440,,4.074000,"Citi Velocity, exported by Charlie",estr_eonia_1y5y_citi_2026-10-05.xlsx
2008-08-15,,4.269250,,4.055000,"Citi Velocity, exported by Charlie",estr_eonia_1y5y_citi_2026-10-05.xlsx
2008-08-18,,4.241360,,4.017000,"Citi Velocity, exported by Charlie",estr_eonia_1y5y_citi_2026-10-05.xlsx
2008-08-19,,4.241970,,4.031000,"Citi Velocity, exported by Charlie",estr_eonia_1y5y_citi_2026-10-05.xlsx
2008-08-20,,4.234020,,4.031000,"Citi Velocity, exported by Charlie",estr_eonia_1y5y_citi_2026-10-05.xlsx
2008-08-21,,4.313990,,4.098000,"Citi Velocity, exported by Charlie",estr_eonia_1y5y_citi_2026-10-05.xlsx
2008-08-22,,4.383200,,4.172000,"Citi Velocity, exported by Charlie",estr_eonia_1y5y_citi_2026-10-05.xlsx
2008-08-26,,4.275360,,4.060000,"Citi Velocity, exported by Charlie",estr_eonia_1y5y_citi_2026-10-05.xlsx
2008-08-27,,4.359260,,4.129000,"Citi Velocity, exported by Charlie",estr_eonia_1y5y_citi_2026-10-05.xlsx
2008-08-28,,4.380390,,4.155000,"Citi Velocity, exported by Charlie",estr_eonia_1y5y_citi_2026-10-05.xlsx
2008-08-29,,4.367540,,4.142000,"Citi Velocity, exported by Charlie",estr_eonia_1y5y_citi_2026-10-05.xlsx
2008-09-01,,4.291710,,4.060000,"Citi Velocity, exported by Charlie",estr_eonia_1y5y_citi_2026-10-05.xlsx
2008-09-02,,4.306280,,4.086000,"Citi Velocity, exported by Charlie",estr_eonia_1y5y_citi_2026-10-05.xlsx
2008-09-03,,4.294270,,4.071000,"Citi Velocity, exported by Charlie",estr_eonia_1y5y_citi_2026-10-05.xlsx
2008-09-04,,4.233470,,4.002000,"Citi Velocity, exported by Charlie",estr_eonia_1y5y_citi_2026-10-05.xlsx
2008-09-05,,4.147850,,3.916000,"Citi Velocity, exported by Charlie",estr_eonia_1y5y_citi_2026-10-05.xlsx
2008-09-08,,4.217170,,3.976000,"Citi Velocity, exported by Charlie",estr_eonia_1y5y_citi_2026-10-05.xlsx
2008-09-09,,4.167610,,3.954000,"Citi Velocity, exported by Charlie",estr_eonia_1y5y_citi_2026-10-05.xlsx
2008-09-10,,4.197220,,3.956000,"Citi Velocity, exported by Charlie",estr_eonia_1y5y_citi_2026-10-05.xlsx
2008-09-11,,4.233140,,4.004000,"Citi Velocity, exported by Charlie",estr_eonia_1y5y_citi_2026-10-05.xlsx
2008-09-12,,4.310330,,4.087000,"Citi Velocity, exported by Charlie",estr_eonia_1y5y_citi_2026-10-05.xlsx
2008-09-15,,4.285510,,4.027000,"Citi Velocity, exported by Charlie",estr_eonia_1y5y_citi_2026-10-05.xlsx
2008-09-16,,4.252210,,3.986000,"Citi Velocity, exported by Charlie",estr_eonia_1y5y_citi_2026-10-05.xlsx
2008-09-17,,4.366960,,4.062000,"Citi Velocity, exported by Charlie",estr_eonia_1y5y_citi_2026-10-05.xlsx
2008-09-18,,4.413430,,4.096000,"Citi Velocity, exported by Charlie",estr_eonia_1y5y_citi_2026-10-05.xlsx
2008-09-19,,4.530620,,4.268000,"Citi Velocity, exported by Charlie",estr_eonia_1y5y_citi_2026-10-05.xlsx
2008-09-22,,4.583370,,4.258000,"Citi Velocity, exported by Charlie",estr_eonia_1y5y_citi_2026-10-05.xlsx
2008-09-23,,4.613060,,4.234000,"Citi Velocity, exported by Charlie",estr_eonia_1y5y_citi_2026-10-05.xlsx
2008-09-24,,4.527710,,4.119000,"Citi Velocity, exported by Charlie",estr_eonia_1y5y_citi_2026-10-05.xlsx
2008-09-25,,4.578830,,4.110000,"Citi Velocity, exported by Charlie",estr_eonia_1y5y_citi_2026-10-05.xlsx
2008-09-26,,4.492580,,4.043000,"Citi Velocity, exported by Charlie",estr_eonia_1y5y_citi_2026-10-05.xlsx
2008-09-29,,4.320900,,3.866000,"Citi Velocity, exported by Charlie",estr_eonia_1y5y_citi_2026-10-05.xlsx
2008-09-30,,4.413480,,4.005000,"Citi Velocity, exported by Charlie",estr_eonia_1y5y_citi_2026-10-05.xlsx
2008-10-01,,4.389010,,3.942000,"Citi Velocity, exported by Charlie",estr_eonia_1y5y_citi_2026-10-05.xlsx
2008-10-02,,4.276600,,3.885000,"Citi Velocity, exported by Charlie",estr_eonia_1y5y_citi_2026-10-05.xlsx
2008-10-03,,4.219600,,3.869000,"Citi Velocity, exported by Charlie",estr_eonia_1y5y_citi_2026-10-05.xlsx
2008-10-06,,4.075160,,3.663000,"Citi Velocity, exported by Charlie",estr_eonia_1y5y_citi_2026-10-05.xlsx
2008-10-07,,4.068830,,3.689000,"Citi Velocity, exported by Charlie",estr_eonia_1y5y_citi_2026-10-05.xlsx
2008-10-08,,4.035470,,3.679000,"Citi Velocity, exported by Charlie",estr_eonia_1y5y_citi_2026-10-05.xlsx
2008-10-09,,4.118960,,3.771000,"Citi Velocity, exported by Charlie",estr_eonia_1y5y_citi_2026-10-05.xlsx
2008-10-10,,4.172450,,3.806000,"Citi Velocity, exported by Charlie",estr_eonia_1y5y_citi_2026-10-05.xlsx
2008-10-13,,4.220740,,3.918000,"Citi Velocity, exported by Charlie",estr_eonia_1y5y_citi_2026-10-05.xlsx
2008-10-14,,4.312110,,3.884000,"Citi Velocity, exported by Charlie",estr_eonia_1y5y_citi_2026-10-05.xlsx
2008-10-15,,4.303070,,3.939000,"Citi Velocity, exported by Charlie",estr_eonia_1y5y_citi_2026-10-05.xlsx
2008-10-16,,4.188210,,3.831000,"Citi Velocity, exported by Charlie",estr_eonia_1y5y_citi_2026-10-05.xlsx
2008-10-17,,4.172750,,3.871000,"Citi Velocity, exported by Charlie",estr_eonia_1y5y_citi_2026-10-05.xlsx
2008-10-20,,4.109400,,3.811000,"Citi Velocity, exported by Charlie",estr_eonia_1y5y_citi_2026-10-05.xlsx
2008-10-21,,4.070790,,3.778000,"Citi Velocity, exported by Charlie",estr_eonia_1y5y_citi_2026-10-05.xlsx
2008-10-22,,3.941810,,3.651000,"Citi Velocity, exported by Charlie",estr_eonia_1y5y_citi_2026-10-05.xlsx
2008-10-23,,3.939560,,3.610000,"Citi Velocity, exported by Charlie",estr_eonia_1y5y_citi_2026-10-05.xlsx
2008-10-24,,3.888800,,3.518000,"Citi Velocity, exported by Charlie",estr_eonia_1y5y_citi_2026-10-05.xlsx
2008-10-27,,3.859270,,3.470000,"Citi Velocity, exported by Charlie",estr_eonia_1y5y_citi_2026-10-05.xlsx
2008-10-28,,3.841150,,3.465000,"Citi Velocity, exported by Charlie",estr_eonia_1y5y_citi_2026-10-05.xlsx
2008-10-29,,3.805340,,3.387000,"Citi Velocity, exported by Charlie",estr_eonia_1y5y_citi_2026-10-05.xlsx
2008-10-30,,3.717400,,3.340000,"Citi Velocity, exported by Charlie",estr_eonia_1y5y_citi_2026-10-05.xlsx
2008-10-31,,3.852870,,3.456000,"Citi Velocity, exported by Charlie",estr_eonia_1y5y_citi_2026-10-05.xlsx
2008-11-03,,3.806770,,3.438000,"Citi Velocity, exported by Charlie",estr_eonia_1y5y_citi_2026-10-05.xlsx
2008-11-04,,3.800600,,3.424000,"Citi Velocity, exported by Charlie",estr_eonia_1y5y_citi_2026-10-05.xlsx
2008-11-05,,3.749130,,3.379000,"Citi Velocity, exported by Charlie",estr_eonia_1y5y_citi_2026-10-05.xlsx
2008-11-06,,3.659120,,3.297000,"Citi Velocity, exported by Charlie",estr_eonia_1y5y_citi_2026-10-05.xlsx
2008-11-07,,3.592750,,3.242000,"Citi Velocity, exported by Charlie",estr_eonia_1y5y_citi_2026-10-05.xlsx
2008-11-10,,3.541410,,3.188000,"Citi Velocity, exported by Charlie",estr_eonia_1y5y_citi_2026-10-05.xlsx
2008-11-11,,3.527900,,3.175000,"Citi Velocity, exported by Charlie",estr_eonia_1y5y_citi_2026-10-05.xlsx
2008-11-12,,3.490780,,3.132000,"Citi Velocity, exported by Charlie",estr_eonia_1y5y_citi_2026-10-05.xlsx
2008-11-13,,3.513760,,3.126000,"Citi Velocity, exported by Charlie",estr_eonia_1y5y_citi_2026-10-05.xlsx
2008-11-14,,3.484290,,3.104000,"Citi Velocity, exported by Charlie",estr_eonia_1y5y_citi_2026-10-05.xlsx
2008-11-17,,3.480230,,3.064000,"Citi Velocity, exported by Charlie",estr_eonia_1y5y_citi_2026-10-05.xlsx
2008-11-18,,3.509900,,3.080000,"Citi Velocity, exported by Charlie",estr_eonia_1y5y_citi_2026-10-05.xlsx
2008-11-19,,3.444920,,3.017000,"Citi Velocity, exported by Charlie",estr_eonia_1y5y_citi_2026-10-05.xlsx
2008-11-20,,3.335120,,2.903000,"Citi Velocity, exported by Charlie",estr_eonia_1y5y_citi_2026-10-05.xlsx
2008-11-21,,3.309810,,2.869000,"Citi Velocity, exported by Charlie",estr_eonia_1y5y_citi_2026-10-05.xlsx
2008-11-24,,3.288290,,2.926000,"Citi Velocity, exported by Charlie",estr_eonia_1y5y_citi_2026-10-05.xlsx
2008-11-25,,3.223620,,2.875000,"Citi Velocity, exported by Charlie",estr_eonia_1y5y_citi_2026-10-05.xlsx
2008-11-26,,3.134720,,2.786000,"Citi Velocity, exported by Charlie",estr_eonia_1y5y_citi_2026-10-05.xlsx
2008-11-27,,3.139230,,2.814000,"Citi Velocity, exported by Charlie",estr_eonia_1y5y_citi_2026-10-05.xlsx
2008-11-28,,3.185590,,2.841000,"Citi Velocity, exported by Charlie",estr_eonia_1y5y_citi_2026-10-05.xlsx
2008-12-01,,3.062520,,2.729000,"Citi Velocity, exported by Charlie",estr_eonia_1y5y_citi_2026-10-05.xlsx
2008-12-02,,2.979370,,2.651000,"Citi Velocity, exported by Charlie",estr_eonia_1y5y_citi_2026-10-05.xlsx
2008-12-03,,2.917170,,2.589000,"Citi Velocity, exported by Charlie",estr_eonia_1y5y_citi_2026-10-05.xlsx
2008-12-04,,3.037180,,2.688000,"Citi Velocity, exported by Charlie",estr_eonia_1y5y_citi_2026-10-05.xlsx
2008-12-05,,2.972050,,2.972050,"Citi Velocity, exported by Charlie",estr_eonia_1y5y_citi_2026-10-05.xlsx
2008-12-08,,3.182760,,2.865000,"Citi Velocity, exported by Charlie",estr_eonia_1y5y_citi_2026-10-05.xlsx
2008-12-09,,3.268870,,2.932000,"Citi Velocity, exported by Charlie",estr_eonia_1y5y_citi_2026-10-05.xlsx
2008-12-10,,3.186220,,2.837000,"Citi Velocity, exported by Charlie",estr_eonia_1y5y_citi_2026-10-05.xlsx
2008-12-11,,3.174680,,2.811000,"Citi Velocity, exported by Charlie",estr_eonia_1y5y_citi_2026-10-05.xlsx
2008-12-12,,3.244970,,2.900000,"Citi Velocity, exported by Charlie",estr_eonia_1y5y_citi_2026-10-05.xlsx
2008-12-15,,3.186340,,2.842000,"Citi Velocity, exported by Charlie",estr_eonia_1y5y_citi_2026-10-05.xlsx
2008-12-16,,3.159290,,2.811000,"Citi Velocity, exported by Charlie",estr_eonia_1y5y_citi_2026-10-05.xlsx
2008-12-17,,2.983970,,2.647000,"Citi Velocity, exported by Charlie",estr_eonia_1y5y_citi_2026-10-05.xlsx
2008-12-18,,2.994610,,2.651000,"Citi Velocity, exported by Charlie",estr_eonia_1y5y_citi_2026-10-05.xlsx
2008-12-19,,3.063130,,2.705000,"Citi Velocity, exported by Charlie",estr_eonia_1y5y_citi_2026-10-05.xlsx
2008-12-22,,2.941630,,2.607000,"Citi Velocity, exported by Charlie",estr_eonia_1y5y_citi_2026-10-05.xlsx
2008-12-23,,3.003310,,2.639000,"Citi Velocity, exported by Charlie",estr_eonia_1y5y_citi_2026-10-05.xlsx
2008-12-24,,3.001490,,2.622000,"Citi Velocity, exported by Charlie",estr_eonia_1y5y_citi_2026-10-05.xlsx
2008-12-29,,2.911290,,2.545000,"Citi Velocity, exported by Charlie",estr_eonia_1y5y_citi_2026-10-05.xlsx
2008-12-30,,2.963110,,2.639000,"Citi Velocity, exported by Charlie",estr_eonia_1y5y_citi_2026-10-05.xlsx
2008-12-31,,2.963810,,2.637000,"Citi Velocity, exported by Charlie",estr_eonia_1y5y_citi_2026-10-05.xlsx
2009-01-02,,2.889850,,2.558000,"Citi Velocity, exported by Charlie",estr_eonia_1y5y_citi_2026-10-05.xlsx
2009-01-05,,2.954210,,2.644000,"Citi Velocity, exported by Charlie",estr_eonia_1y5y_citi_2026-10-05.xlsx
2009-01-06,,3.052180,,2.726000,"Citi Velocity, exported by Charlie",estr_eonia_1y5y_citi_2026-10-05.xlsx
2009-01-07,,2.986450,,2.646000,"Citi Velocity, exported by Charlie",estr_eonia_1y5y_citi_2026-10-05.xlsx
2009-01-08,,2.865950,,2.544000,"Citi Velocity, exported by Charlie",estr_eonia_1y5y_citi_2026-10-05.xlsx
2009-01-09,,2.804340,,2.476000,"Citi Velocity, exported by Charlie",estr_eonia_1y5y_citi_2026-10-05.xlsx
2009-01-12,,2.798140,,2.460000,"Citi Velocity, exported by Charlie",estr_eonia_1y5y_citi_2026-10-05.xlsx
2009-01-13,,2.746450,,2.424000,"Citi Velocity, exported by Charlie",estr_eonia_1y5y_citi_2026-10-05.xlsx
2009-01-14,,2.747440,,2.418000,"Citi Velocity, exported by Charlie",estr_eonia_1y5y_citi_2026-10-05.xlsx
2009-01-15,,2.769460,,2.442000,"Citi Velocity, exported by Charlie",estr_eonia_1y5y_citi_2026-10-05.xlsx
2009-01-16,,2.721400,,2.406000,"Citi Velocity, exported by Charlie",estr_eonia_1y5y_citi_2026-10-05.xlsx
2009-01-19,,2.755600,,2.436000,"Citi Velocity, exported by Charlie",estr_eonia_1y5y_citi_2026-10-05.xlsx
2009-01-20,,2.737200,,2.426000,"Citi Velocity, exported by Charlie",estr_eonia_1y5y_citi_2026-10-05.xlsx
2009-01-21,,2.695320,,2.376000,"Citi Velocity, exported by Charlie",estr_eonia_1y5y_citi_2026-10-05.xlsx
2009-01-22,,2.727040,,2.426000,"Citi Velocity, exported by Charlie",estr_eonia_1y5y_citi_2026-10-05.xlsx
2009-01-23,,2.801390,,2.514000,"Citi Velocity, exported by Charlie",estr_eonia_1y5y_citi_2026-10-05.xlsx
2009-01-26,,2.921080,,2.611000,"Citi Velocity, exported by Charlie",estr_eonia_1y5y_citi_2026-10-05.xlsx
2009-01-27,,2.908700,,2.608000,"Citi Velocity, exported by Charlie",estr_eonia_1y5y_citi_2026-10-05.xlsx
2009-01-28,,2.820760,,2.506000,"Citi Velocity, exported by Charlie",estr_eonia_1y5y_citi_2026-10-05.xlsx
2009-01-29,,2.809820,,2.511000,"Citi Velocity, exported by Charlie",estr_eonia_1y5y_citi_2026-10-05.xlsx
2009-01-30,,2.807940,,2.489000,"Citi Velocity, exported by Charlie",estr_eonia_1y5y_citi_2026-10-05.xlsx
2009-02-02,,2.797890,,2.487000,"Citi Velocity, exported by Charlie",estr_eonia_1y5y_citi_2026-10-05.xlsx
2009-02-03,,2.813430,,2.498000,"Citi Velocity, exported by Charlie",estr_eonia_1y5y_citi_2026-10-05.xlsx
2009-02-04,,2.789390,,2.478000,"Citi Velocity, exported by Charlie",estr_eonia_1y5y_citi_2026-10-05.xlsx
2009-02-05,,2.776580,,2.466000,"Citi Velocity, exported by Charlie",estr_eonia_1y5y_citi_2026-10-05.xlsx
2009-02-06,,2.773600,,2.472000,"Citi Velocity, exported by Charlie",estr_eonia_1y5y_citi_2026-10-05.xlsx
2009-02-09,,2.799490,,2.492000,"Citi Velocity, exported by Charlie",estr_eonia_1y5y_citi_2026-10-05.xlsx
2009-02-10,,2.739200,,2.426000,"Citi Velocity, exported by Charlie",estr_eonia_1y5y_citi_2026-10-05.xlsx
2009-02-11,,2.664410,,2.344000,"Citi Velocity, exported by Charlie",estr_eonia_1y5y_citi_2026-10-05.xlsx
2009-02-12,,2.584590,,2.272000,"Citi Velocity, exported by Charlie",estr_eonia_1y5y_citi_2026-10-05.xlsx
2009-02-13,,2.605100,,2.331000,"Citi Velocity, exported by Charlie",estr_eonia_1y5y_citi_2026-10-05.xlsx
2009-02-16,,2.567580,,2.267000,"Citi Velocity, exported by Charlie",estr_eonia_1y5y_citi_2026-10-05.xlsx
2009-02-17,,2.475120,,2.182000,"Citi Velocity, exported by Charlie",estr_eonia_1y5y_citi_2026-10-05.xlsx
2009-02-18,,2.527830,,2.239000,"Citi Velocity, exported by Charlie",estr_eonia_1y5y_citi_2026-10-05.xlsx
2009-02-19,,2.621700,,2.325000,"Citi Velocity, exported by Charlie",estr_eonia_1y5y_citi_2026-10-05.xlsx
2009-02-20,,2.547290,,2.246000,"Citi Velocity, exported by Charlie",estr_eonia_1y5y_citi_2026-10-05.xlsx
2009-02-23,,2.578940,,2.278000,"Citi Velocity, exported by Charlie",estr_eonia_1y5y_citi_2026-10-05.xlsx
2009-02-24,,2.522260,,2.236000,"Citi Velocity, exported by Charlie",estr_eonia_1y5y_citi_2026-10-05.xlsx
2009-02-25,,2.443710,,2.164000,"Citi Velocity, exported by Charlie",estr_eonia_1y5y_citi_2026-10-05.xlsx
2009-02-26,,2.560180,,2.262000,"Citi Velocity, exported by Charlie",estr_eonia_1y5y_citi_2026-10-05.xlsx
2009-02-27,,2.544350,,2.229000,"Citi Velocity, exported by Charlie",estr_eonia_1y5y_citi_2026-10-05.xlsx
2009-03-02,,2.459810,,2.127000,"Citi Velocity, exported by Charlie",estr_eonia_1y5y_citi_2026-10-05.xlsx
2009-03-03,,2.437650,,2.120000,"Citi Velocity, exported by Charlie",estr_eonia_1y5y_citi_2026-10-05.xlsx
2009-03-04,,2.471870,,2.139000,"Citi Velocity, exported by Charlie",estr_eonia_1y5y_citi_2026-10-05.xlsx
2009-03-05,,2.425380,,2.103000,"Citi Velocity, exported by Charlie",estr_eonia_1y5y_citi_2026-10-05.xlsx
2009-03-06,,2.363630,,2.031000,"Citi Velocity, exported by Charlie",estr_eonia_1y5y_citi_2026-10-05.xlsx
2009-03-09,,2.416160,,2.097000,"Citi Velocity, exported by Charlie",estr_eonia_1y5y_citi_2026-10-05.xlsx
2009-03-10,,2.464520,,2.137000,"Citi Velocity, exported by Charlie",estr_eonia_1y5y_citi_2026-10-05.xlsx
2009-03-11,,2.524930,,2.209000,"Citi Velocity, exported by Charlie",estr_eonia_1y5y_citi_2026-10-05.xlsx
2009-03-12,,2.465500,,2.122000,"Citi Velocity, exported by Charlie",estr_eonia_1y5y_citi_2026-10-05.xlsx
2009-03-13,,2.503860,,2.150000,"Citi Velocity, exported by Charlie",estr_eonia_1y5y_citi_2026-10-05.xlsx
2009-03-16,,2.495200,,2.158000,"Citi Velocity, exported by Charlie",estr_eonia_1y5y_citi_2026-10-05.xlsx
2009-03-17,,2.545530,,2.215000,"Citi Velocity, exported by Charlie",estr_eonia_1y5y_citi_2026-10-05.xlsx
2009-03-18,,2.570270,,2.241000,"Citi Velocity, exported by Charlie",estr_eonia_1y5y_citi_2026-10-05.xlsx
2009-03-19,,2.466530,,2.152000,"Citi Velocity, exported by Charlie",estr_eonia_1y5y_citi_2026-10-05.xlsx
2009-03-20,,2.424390,,2.132000,"Citi Velocity, exported by Charlie",estr_eonia_1y5y_citi_2026-10-05.xlsx
2009-03-23,,2.479680,,2.200000,"Citi Velocity, exported by Charlie",estr_eonia_1y5y_citi_2026-10-05.xlsx
2009-03-24,,2.565000,,2.277000,"Citi Velocity, exported by Charlie",estr_eonia_1y5y_citi_2026-10-05.xlsx
2009-03-25,,2.554930,,2.283000,"Citi Velocity, exported by Charlie",estr_eonia_1y5y_citi_2026-10-05.xlsx
2009-03-26,,2.553860,,2.283000,"Citi Velocity, exported by Charlie",estr_eonia_1y5y_citi_2026-10-05.xlsx
2009-03-27,,2.488690,,2.201000,"Citi Velocity, exported by Charlie",estr_eonia_1y5y_citi_2026-10-05.xlsx
2009-03-30,,2.397670,,2.138000,"Citi Velocity, exported by Charlie",estr_eonia_1y5y_citi_2026-10-05.xlsx
2009-03-31,,2.387620,,2.159000,"Citi Velocity, exported by Charlie",estr_eonia_1y5y_citi_2026-10-05.xlsx
2009-04-01,,2.379030,,2.144000,"Citi Velocity, exported by Charlie",estr_eonia_1y5y_citi_2026-10-05.xlsx
2009-04-02,,2.564020,,2.320000,"Citi Velocity, exported by Charlie",estr_eonia_1y5y_citi_2026-10-05.xlsx
2009-04-03,,2.609820,,2.390000,"Citi Velocity, exported by Charlie",estr_eonia_1y5y_citi_2026-10-05.xlsx
2009-04-06,,2.630500,,2.403000,"Citi Velocity, exported by Charlie",estr_eonia_1y5y_citi_2026-10-05.xlsx
2009-04-07,,2.603930,,2.379000,"Citi Velocity, exported by Charlie",estr_eonia_1y5y_citi_2026-10-05.xlsx
2009-04-08,,2.603240,,2.372000,"Citi Velocity, exported by Charlie",estr_eonia_1y5y_citi_2026-10-05.xlsx
2009-04-09,,2.624940,,2.396000,"Citi Velocity, exported by Charlie",estr_eonia_1y5y_citi_2026-10-05.xlsx
2009-04-14,,2.563460,,2.352000,"Citi Velocity, exported by Charlie",estr_eonia_1y5y_citi_2026-10-05.xlsx
2009-04-15,,2.480250,,2.283000,"Citi Velocity, exported by Charlie",estr_eonia_1y5y_citi_2026-10-05.xlsx
2009-04-16,,2.485570,,2.302000,"Citi Velocity, exported by Charlie",estr_eonia_1y5y_citi_2026-10-05.xlsx
2009-04-17,,2.565110,,2.391000,"Citi Velocity, exported by Charlie",estr_eonia_1y5y_citi_2026-10-05.xlsx
2009-04-20,,2.478290,,2.303000,"Citi Velocity, exported by Charlie",estr_eonia_1y5y_citi_2026-10-05.xlsx
2009-04-21,,2.495990,,2.287000,"Citi Velocity, exported by Charlie",estr_eonia_1y5y_citi_2026-10-05.xlsx
2009-04-22,,2.555180,,2.370000,"Citi Velocity, exported by Charlie",estr_eonia_1y5y_citi_2026-10-05.xlsx
2009-04-23,,2.546510,,2.352000,"Citi Velocity, exported by Charlie",estr_eonia_1y5y_citi_2026-10-05.xlsx
2009-04-24,,2.499830,,2.313000,"Citi Velocity, exported by Charlie",estr_eonia_1y5y_citi_2026-10-05.xlsx
2009-04-27,,2.489800,,2.297000,"Citi Velocity, exported by Charlie",estr_eonia_1y5y_citi_2026-10-05.xlsx
2009-04-28,,2.436300,,2.243000,"Citi Velocity, exported by Charlie",estr_eonia_1y5y_citi_2026-10-05.xlsx
2009-04-29,,2.416040,,2.213000,"Citi Velocity, exported by Charlie",estr_eonia_1y5y_citi_2026-10-05.xlsx
2009-04-30,,2.447490,,2.243000,"Citi Velocity, exported by Charlie",estr_eonia_1y5y_citi_2026-10-05.xlsx
2009-05-01,,2.447480,,2.228000,"Citi Velocity, exported by Charlie",estr_eonia_1y5y_citi_2026-10-05.xlsx
2009-05-05,,2.441350,,2.241000,"Citi Velocity, exported by Charlie",estr_eonia_1y5y_citi_2026-10-05.xlsx
2009-05-06,,2.431830,,2.236000,"Citi Velocity, exported by Charlie",estr_eonia_1y5y_citi_2026-10-05.xlsx
2009-05-07,,2.515550,,2.333000,"Citi Velocity, exported by Charlie",estr_eonia_1y5y_citi_2026-10-05.xlsx
2009-05-08,,2.531040,,2.361000,"Citi Velocity, exported by Charlie",estr_eonia_1y5y_citi_2026-10-05.xlsx
2009-05-11,,2.457770,,2.294000,"Citi Velocity, exported by Charlie",estr_eonia_1y5y_citi_2026-10-05.xlsx
2009-05-12,,2.443520,,2.280000,"Citi Velocity, exported by Charlie",estr_eonia_1y5y_citi_2026-10-05.xlsx
2009-05-13,,2.406070,,2.241000,"Citi Velocity, exported by Charlie",estr_eonia_1y5y_citi_2026-10-05.xlsx
2009-05-14,,2.386840,,2.227000,"Citi Velocity, exported by Charlie",estr_eonia_1y5y_citi_2026-10-05.xlsx
2009-05-15,,2.439070,,2.287000,"Citi Velocity, exported by Charlie",estr_eonia_1y5y_citi_2026-10-05.xlsx
2009-05-18,,2.366030,,2.198000,"Citi Velocity, exported by Charlie",estr_eonia_1y5y_citi_2026-10-05.xlsx
2009-05-19,,2.445480,,2.301000,"Citi Velocity, exported by Charlie",estr_eonia_1y5y_citi_2026-10-05.xlsx
2009-05-20,,2.484290,,2.339000,"Citi Velocity, exported by Charlie",estr_eonia_1y5y_citi_2026-10-05.xlsx
2009-05-21,,2.442750,,2.288000,"Citi Velocity, exported by Charlie",estr_eonia_1y5y_citi_2026-10-05.xlsx
2009-05-22,,2.512350,,2.371000,"Citi Velocity, exported by Charlie",estr_eonia_1y5y_citi_2026-10-05.xlsx
2009-05-26,,2.570710,,2.427000,"Citi Velocity, exported by Charlie",estr_eonia_1y5y_citi_2026-10-05.xlsx
2009-05-27,,2.602170,,2.457000,"Citi Velocity, exported by Charlie",estr_eonia_1y5y_citi_2026-10-05.xlsx
2009-05-28,,2.645570,,2.499000,"Citi Velocity, exported by Charlie",estr_eonia_1y5y_citi_2026-10-05.xlsx
2009-05-29,,2.626720,,2.445000,"Citi Velocity, exported by Charlie",estr_eonia_1y5y_citi_2026-10-05.xlsx
2009-06-01,,2.648190,,2.487000,"Citi Velocity, exported by Charlie",estr_eonia_1y5y_citi_2026-10-05.xlsx
2009-06-02,,2.653140,,2.483000,"Citi Velocity, exported by Charlie",estr_eonia_1y5y_citi_2026-10-05.xlsx
2009-06-03,,2.598890,,2.430000,"Citi Velocity, exported by Charlie",estr_eonia_1y5y_citi_2026-10-05.xlsx
2009-06-04,,2.710950,,2.551000,"Citi Velocity, exported by Charlie",estr_eonia_1y5y_citi_2026-10-05.xlsx
2009-06-05,,2.862390,,2.693000,"Citi Velocity, exported by Charlie",estr_eonia_1y5y_citi_2026-10-05.xlsx
2009-06-08,,2.845130,,2.676000,"Citi Velocity, exported by Charlie",estr_eonia_1y5y_citi_2026-10-05.xlsx
2009-06-09,,2.808350,,2.645000,"Citi Velocity, exported by Charlie",estr_eonia_1y5y_citi_2026-10-05.xlsx
2009-06-10,,2.823800,,2.649000,"Citi Velocity, exported by Charlie",estr_eonia_1y5y_citi_2026-10-05.xlsx
2009-06-11,,2.882910,,2.702000,"Citi Velocity, exported by Charlie",estr_eonia_1y5y_citi_2026-10-05.xlsx
2009-06-12,,2.837440,,2.667000,"Citi Velocity, exported by Charlie",estr_eonia_1y5y_citi_2026-10-05.xlsx
2009-06-15,,2.749230,,2.577000,"Citi Velocity, exported by Charlie",estr_eonia_1y5y_citi_2026-10-05.xlsx
2009-06-16,,2.763650,,2.603000,"Citi Velocity, exported by Charlie",estr_eonia_1y5y_citi_2026-10-05.xlsx
2009-06-17,,2.727790,,2.573000,"Citi Velocity, exported by Charlie",estr_eonia_1y5y_citi_2026-10-05.xlsx
2009-06-18,,2.770560,,2.622000,"Citi Velocity, exported by Charlie",estr_eonia_1y5y_citi_2026-10-05.xlsx
2009-06-19,,2.712690,,2.550000,"Citi Velocity, exported by Charlie",estr_eonia_1y5y_citi_2026-10-05.xlsx
2009-06-22,,2.694450,,2.542000,"Citi Velocity, exported by Charlie",estr_eonia_1y5y_citi_2026-10-05.xlsx
2009-06-23,,2.713010,,2.556000,"Citi Velocity, exported by Charlie",estr_eonia_1y5y_citi_2026-10-05.xlsx
2009-06-24,,2.696320,,2.528000,"Citi Velocity, exported by Charlie",estr_eonia_1y5y_citi_2026-10-05.xlsx
2009-06-25,,2.672460,,2.490000,"Citi Velocity, exported by Charlie",estr_eonia_1y5y_citi_2026-10-05.xlsx
2009-06-26,,2.670240,,2.490000,"Citi Velocity, exported by Charlie",estr_eonia_1y5y_citi_2026-10-05.xlsx
2009-06-29,,2.670720,,2.509000,"Citi Velocity, exported by Charlie",estr_eonia_1y5y_citi_2026-10-05.xlsx
2009-06-30,,2.672030,,2.512000,"Citi Velocity, exported by Charlie",estr_eonia_1y5y_citi_2026-10-05.xlsx
2009-07-01,,2.663350,,2.512000,"Citi Velocity, exported by Charlie",estr_eonia_1y5y_citi_2026-10-05.xlsx
2009-07-02,,2.589550,,2.439000,"Citi Velocity, exported by Charlie",estr_eonia_1y5y_citi_2026-10-05.xlsx
2009-07-03,,2.603920,,2.442000,"Citi Velocity, exported by Charlie",estr_eonia_1y5y_citi_2026-10-05.xlsx
2009-07-06,,2.570100,,2.410000,"Citi Velocity, exported by Charlie",estr_eonia_1y5y_citi_2026-10-05.xlsx
2009-07-07,,2.576480,,2.420000,"Citi Velocity, exported by Charlie",estr_eonia_1y5y_citi_2026-10-05.xlsx
2009-07-08,,2.559900,,2.399000,"Citi Velocity, exported by Charlie",estr_eonia_1y5y_citi_2026-10-05.xlsx
2009-07-09,,2.593810,,2.424000,"Citi Velocity, exported by Charlie",estr_eonia_1y5y_citi_2026-10-05.xlsx
2009-07-10,,2.568200,,2.397000,"Citi Velocity, exported by Charlie",estr_eonia_1y5y_citi_2026-10-05.xlsx
2009-07-13,,2.583330,,2.412000,"Citi Velocity, exported by Charlie",estr_eonia_1y5y_citi_2026-10-05.xlsx
2009-07-14,,2.615930,,2.449000,"Citi Velocity, exported by Charlie",estr_eonia_1y5y_citi_2026-10-05.xlsx
2009-07-15,,2.668230,,2.493000,"Citi Velocity, exported by Charlie",estr_eonia_1y5y_citi_2026-10-05.xlsx
2009-07-16,,2.642460,,2.461000,"Citi Velocity, exported by Charlie",estr_eonia_1y5y_citi_2026-10-05.xlsx
2009-07-17,,2.660780,,2.485000,"Citi Velocity, exported by Charlie",estr_eonia_1y5y_citi_2026-10-05.xlsx
2009-07-20,,2.632640,,2.486000,"Citi Velocity, exported by Charlie",estr_eonia_1y5y_citi_2026-10-05.xlsx
2009-07-21,,2.595070,,2.442000,"Citi Velocity, exported by Charlie",estr_eonia_1y5y_citi_2026-10-05.xlsx
2009-07-22,,2.592170,,2.446000,"Citi Velocity, exported by Charlie",estr_eonia_1y5y_citi_2026-10-05.xlsx
2009-07-23,,2.643550,,2.500000,"Citi Velocity, exported by Charlie",estr_eonia_1y5y_citi_2026-10-05.xlsx
2009-07-24,,2.669460,,2.533000,"Citi Velocity, exported by Charlie",estr_eonia_1y5y_citi_2026-10-05.xlsx
2009-07-27,,2.693460,,2.543000,"Citi Velocity, exported by Charlie",estr_eonia_1y5y_citi_2026-10-05.xlsx
2009-07-28,,2.638280,,2.496000,"Citi Velocity, exported by Charlie",estr_eonia_1y5y_citi_2026-10-05.xlsx
2009-07-29,,2.623300,,2.490000,"Citi Velocity, exported by Charlie",estr_eonia_1y5y_citi_2026-10-05.xlsx
2009-07-30,,2.624710,,2.493000,"Citi Velocity, exported by Charlie",estr_eonia_1y5y_citi_2026-10-05.xlsx
2009-07-31,,2.519460,,2.403000,"Citi Velocity, exported by Charlie",estr_eonia_1y5y_citi_2026-10-05.xlsx
2009-08-03,,2.590730,,2.477000,"Citi Velocity, exported by Charlie",estr_eonia_1y5y_citi_2026-10-05.xlsx
2009-08-04,,2.630870,,2.514000,"Citi Velocity, exported by Charlie",estr_eonia_1y5y_citi_2026-10-05.xlsx
2009-08-05,,2.644530,,2.535000,"Citi Velocity, exported by Charlie",estr_eonia_1y5y_citi_2026-10-05.xlsx
2009-08-06,,2.665210,,2.549000,"Citi Velocity, exported by Charlie",estr_eonia_1y5y_citi_2026-10-05.xlsx
2009-08-07,,2.784610,,2.676000,"Citi Velocity, exported by Charlie",estr_eonia_1y5y_citi_2026-10-05.xlsx
2009-08-10,,2.756260,,2.635000,"Citi Velocity, exported by Charlie",estr_eonia_1y5y_citi_2026-10-05.xlsx
2009-08-11,,2.713640,,2.600000,"Citi Velocity, exported by Charlie",estr_eonia_1y5y_citi_2026-10-05.xlsx
2009-08-12,,2.692820,,2.575000,"Citi Velocity, exported by Charlie",estr_eonia_1y5y_citi_2026-10-05.xlsx
2009-08-13,,2.666020,,2.545000,"Citi Velocity, exported by Charlie",estr_eonia_1y5y_citi_2026-10-05.xlsx
2009-08-14,,2.591770,,2.464000,"Citi Velocity, exported by Charlie",estr_eonia_1y5y_citi_2026-10-05.xlsx
2009-08-17,,2.570310,,2.454000,"Citi Velocity, exported by Charlie",estr_eonia_1y5y_citi_2026-10-05.xlsx
2009-08-18,,2.578470,,2.466000,"Citi Velocity, exported by Charlie",estr_eonia_1y5y_citi_2026-10-05.xlsx
2009-08-19,,2.546580,,2.426000,"Citi Velocity, exported by Charlie",estr_eonia_1y5y_citi_2026-10-05.xlsx
2009-08-20,,2.554120,,2.430000,"Citi Velocity, exported by Charlie",estr_eonia_1y5y_citi_2026-10-05.xlsx
2009-08-21,,2.624020,,2.499000,"Citi Velocity, exported by Charlie",estr_eonia_1y5y_citi_2026-10-05.xlsx
2009-08-24,,2.606200,,2.487000,"Citi Velocity, exported by Charlie",estr_eonia_1y5y_citi_2026-10-05.xlsx
2009-08-25,,2.561650,,2.446000,"Citi Velocity, exported by Charlie",estr_eonia_1y5y_citi_2026-10-05.xlsx
2009-08-26,,2.506660,,2.406000,"Citi Velocity, exported by Charlie",estr_eonia_1y5y_citi_2026-10-05.xlsx
2009-08-27,,2.508760,,2.402000,"Citi Velocity, exported by Charlie",estr_eonia_1y5y_citi_2026-10-05.xlsx
2009-08-28,,2.528630,,2.408000,"Citi Velocity, exported by Charlie",estr_eonia_1y5y_citi_2026-10-05.xlsx
2009-09-01,,2.485520,,2.369000,"Citi Velocity, exported by Charlie",estr_eonia_1y5y_citi_2026-10-05.xlsx
2009-09-02,,2.463050,,2.343000,"Citi Velocity, exported by Charlie",estr_eonia_1y5y_citi_2026-10-05.xlsx
2009-09-03,,2.468870,,2.352000,"Citi Velocity, exported by Charlie",estr_eonia_1y5y_citi_2026-10-05.xlsx
2009-09-04,,2.462430,,2.353000,"Citi Velocity, exported by Charlie",estr_eonia_1y5y_citi_2026-10-05.xlsx
2009-09-07,,2.441580,,2.323000,"Citi Velocity, exported by Charlie",estr_eonia_1y5y_citi_2026-10-05.xlsx
2009-09-08,,2.441610,,2.339000,"Citi Velocity, exported by Charlie",estr_eonia_1y5y_citi_2026-10-05.xlsx
2009-09-09,,2.485400,,2.388000,"Citi Velocity, exported by Charlie",estr_eonia_1y5y_citi_2026-10-05.xlsx
2009-09-10,,2.453580,,2.367000,"Citi Velocity, exported by Charlie",estr_eonia_1y5y_citi_2026-10-05.xlsx
2009-09-11,,2.423080,,2.315000,"Citi Velocity, exported by Charlie",estr_eonia_1y5y_citi_2026-10-05.xlsx
2009-09-14,,2.459970,,2.357000,"Citi Velocity, exported by Charlie",estr_eonia_1y5y_citi_2026-10-05.xlsx
2009-09-15,,2.487220,,2.385000,"Citi Velocity, exported by Charlie",estr_eonia_1y5y_citi_2026-10-05.xlsx
2009-09-16,,2.502510,,2.397000,"Citi Velocity, exported by Charlie",estr_eonia_1y5y_citi_2026-10-05.xlsx
2009-09-17,,2.542710,,2.446000,"Citi Velocity, exported by Charlie",estr_eonia_1y5y_citi_2026-10-05.xlsx
2009-09-18,,2.544810,,2.456000,"Citi Velocity, exported by Charlie",estr_eonia_1y5y_citi_2026-10-05.xlsx
2009-09-21,,2.531170,,2.437000,"Citi Velocity, exported by Charlie",estr_eonia_1y5y_citi_2026-10-05.xlsx
2009-09-22,,2.537380,,2.433000,"Citi Velocity, exported by Charlie",estr_eonia_1y5y_citi_2026-10-05.xlsx
2009-09-23,,2.498690,,2.403000,"Citi Velocity, exported by Charlie",estr_eonia_1y5y_citi_2026-10-05.xlsx
2009-09-24,,2.444520,,2.346000,"Citi Velocity, exported by Charlie",estr_eonia_1y5y_citi_2026-10-05.xlsx
2009-09-25,,2.448150,,2.350000,"Citi Velocity, exported by Charlie",estr_eonia_1y5y_citi_2026-10-05.xlsx
2009-09-28,,2.414950,,2.319000,"Citi Velocity, exported by Charlie",estr_eonia_1y5y_citi_2026-10-05.xlsx
2009-09-29,,2.418560,,2.324000,"Citi Velocity, exported by Charlie",estr_eonia_1y5y_citi_2026-10-05.xlsx
2009-09-30,,2.402900,,2.318000,"Citi Velocity, exported by Charlie",estr_eonia_1y5y_citi_2026-10-05.xlsx
2009-10-01,,2.372780,,2.275000,"Citi Velocity, exported by Charlie",estr_eonia_1y5y_citi_2026-10-05.xlsx
2009-10-02,,2.363040,,2.270000,"Citi Velocity, exported by Charlie",estr_eonia_1y5y_citi_2026-10-05.xlsx
2009-10-05,,2.365080,,2.275000,"Citi Velocity, exported by Charlie",estr_eonia_1y5y_citi_2026-10-05.xlsx
2009-10-06,,2.384900,,2.285000,"Citi Velocity, exported by Charlie",estr_eonia_1y5y_citi_2026-10-05.xlsx
2009-10-07,,2.349740,,2.257000,"Citi Velocity, exported by Charlie",estr_eonia_1y5y_citi_2026-10-05.xlsx
2009-10-08,,2.359740,,2.272000,"Citi Velocity, exported by Charlie",estr_eonia_1y5y_citi_2026-10-05.xlsx
2009-10-09,,2.436890,,2.347000,"Citi Velocity, exported by Charlie",estr_eonia_1y5y_citi_2026-10-05.xlsx
2009-10-12,,2.411490,,2.325000,"Citi Velocity, exported by Charlie",estr_eonia_1y5y_citi_2026-10-05.xlsx
2009-10-13,,2.383380,,2.281000,"Citi Velocity, exported by Charlie",estr_eonia_1y5y_citi_2026-10-05.xlsx
2009-10-14,,2.423320,,2.327000,"Citi Velocity, exported by Charlie",estr_eonia_1y5y_citi_2026-10-05.xlsx
2009-10-15,,2.487990,,2.392000,"Citi Velocity, exported by Charlie",estr_eonia_1y5y_citi_2026-10-05.xlsx
2009-10-16,,2.507020,,2.395000,"Citi Velocity, exported by Charlie",estr_eonia_1y5y_citi_2026-10-05.xlsx
2009-10-19,,2.510170,,2.392000,"Citi Velocity, exported by Charlie",estr_eonia_1y5y_citi_2026-10-05.xlsx
2009-10-20,,2.458990,,2.342000,"Citi Velocity, exported by Charlie",estr_eonia_1y5y_citi_2026-10-05.xlsx
2009-10-21,,2.492060,,2.382000,"Citi Velocity, exported by Charlie",estr_eonia_1y5y_citi_2026-10-05.xlsx
2009-10-22,,2.498060,,2.375000,"Citi Velocity, exported by Charlie",estr_eonia_1y5y_citi_2026-10-05.xlsx
2009-10-23,,2.535830,,2.413000,"Citi Velocity, exported by Charlie",estr_eonia_1y5y_citi_2026-10-05.xlsx
2009-10-26,,2.522880,,2.417000,"Citi Velocity, exported by Charlie",estr_eonia_1y5y_citi_2026-10-05.xlsx
2009-10-27,,2.459380,,2.347000,"Citi Velocity, exported by Charlie",estr_eonia_1y5y_citi_2026-10-05.xlsx
2009-10-28,,2.442730,,2.329000,"Citi Velocity, exported by Charlie",estr_eonia_1y5y_citi_2026-10-05.xlsx
2009-10-29,,2.503010,,2.396000,"Citi Velocity, exported by Charlie",estr_eonia_1y5y_citi_2026-10-05.xlsx
2009-10-30,,2.431210,,2.318000,"Citi Velocity, exported by Charlie",estr_eonia_1y5y_citi_2026-10-05.xlsx
2009-11-02,,2.434760,,2.320000,"Citi Velocity, exported by Charlie",estr_eonia_1y5y_citi_2026-10-05.xlsx
2009-11-03,,2.451380,,2.337000,"Citi Velocity, exported by Charlie",estr_eonia_1y5y_citi_2026-10-05.xlsx
2009-11-04,,2.500660,,2.378000,"Citi Velocity, exported by Charlie",estr_eonia_1y5y_citi_2026-10-05.xlsx
2009-11-05,,2.508190,,2.387000,"Citi Velocity, exported by Charlie",estr_eonia_1y5y_citi_2026-10-05.xlsx
2009-11-06,,2.498710,,2.389000,"Citi Velocity, exported by Charlie",estr_eonia_1y5y_citi_2026-10-05.xlsx
2009-11-09,,2.445800,,2.344000,"Citi Velocity, exported by Charlie",estr_eonia_1y5y_citi_2026-10-05.xlsx
2009-11-10,,2.409010,,2.303000,"Citi Velocity, exported by Charlie",estr_eonia_1y5y_citi_2026-10-05.xlsx
2009-11-11,,2.405490,,2.323000,"Citi Velocity, exported by Charlie",estr_eonia_1y5y_citi_2026-10-05.xlsx
2009-11-12,,2.402870,,2.306000,"Citi Velocity, exported by Charlie",estr_eonia_1y5y_citi_2026-10-05.xlsx
2009-11-13,,2.414570,,2.322000,"Citi Velocity, exported by Charlie",estr_eonia_1y5y_citi_2026-10-05.xlsx
2009-11-16,,2.377030,,2.290000,"Citi Velocity, exported by Charlie",estr_eonia_1y5y_citi_2026-10-05.xlsx
2009-11-17,,2.342100,,2.265000,"Citi Velocity, exported by Charlie",estr_eonia_1y5y_citi_2026-10-05.xlsx
2009-11-18,,2.365100,,2.272000,"Citi Velocity, exported by Charlie",estr_eonia_1y5y_citi_2026-10-05.xlsx
2009-11-19,,2.348080,,2.257000,"Citi Velocity, exported by Charlie",estr_eonia_1y5y_citi_2026-10-05.xlsx
2009-11-20,,2.376500,,2.288000,"Citi Velocity, exported by Charlie",estr_eonia_1y5y_citi_2026-10-05.xlsx
2009-11-23,,2.396170,,2.308000,"Citi Velocity, exported by Charlie",estr_eonia_1y5y_citi_2026-10-05.xlsx
2009-11-24,,2.358480,,2.275000,"Citi Velocity, exported by Charlie",estr_eonia_1y5y_citi_2026-10-05.xlsx
2009-11-25,,2.386640,,2.300000,"Citi Velocity, exported by Charlie",estr_eonia_1y5y_citi_2026-10-05.xlsx
2009-11-26,,2.297000,,2.199000,"Citi Velocity, exported by Charlie",estr_eonia_1y5y_citi_2026-10-05.xlsx
2009-11-27,,2.288440,,2.206000,"Citi Velocity, exported by Charlie",estr_eonia_1y5y_citi_2026-10-05.xlsx
2009-11-30,,2.267970,,2.185000,"Citi Velocity, exported by Charlie",estr_eonia_1y5y_citi_2026-10-05.xlsx
2009-12-01,,2.236100,,2.145000,"Citi Velocity, exported by Charlie",estr_eonia_1y5y_citi_2026-10-05.xlsx
2009-12-02,,2.239120,,2.154000,"Citi Velocity, exported by Charlie",estr_eonia_1y5y_citi_2026-10-05.xlsx
2009-12-03,,2.270560,,2.192000,"Citi Velocity, exported by Charlie",estr_eonia_1y5y_citi_2026-10-05.xlsx
2009-12-04,,2.344600,,2.267000,"Citi Velocity, exported by Charlie",estr_eonia_1y5y_citi_2026-10-05.xlsx
2009-12-07,,2.302580,,2.258000,"Citi Velocity, exported by Charlie",estr_eonia_1y5y_citi_2026-10-05.xlsx
2009-12-08,,2.256530,,2.162000,"Citi Velocity, exported by Charlie",estr_eonia_1y5y_citi_2026-10-05.xlsx
2009-12-09,,2.238440,,2.167000,"Citi Velocity, exported by Charlie",estr_eonia_1y5y_citi_2026-10-05.xlsx
2009-12-10,,2.294480,,2.211000,"Citi Velocity, exported by Charlie",estr_eonia_1y5y_citi_2026-10-05.xlsx
2009-12-11,,2.313640,,2.218000,"Citi Velocity, exported by Charlie",estr_eonia_1y5y_citi_2026-10-05.xlsx
2009-12-14,,2.286270,,2.191000,"Citi Velocity, exported by Charlie",estr_eonia_1y5y_citi_2026-10-05.xlsx
2009-12-15,,2.329250,,2.234000,"Citi Velocity, exported by Charlie",estr_eonia_1y5y_citi_2026-10-05.xlsx
2009-12-16,,2.268950,,2.180000,"Citi Velocity, exported by Charlie",estr_eonia_1y5y_citi_2026-10-05.xlsx
2009-12-17,,2.220870,,2.130000,"Citi Velocity, exported by Charlie",estr_eonia_1y5y_citi_2026-10-05.xlsx
2009-12-18,,2.221210,,2.127000,"Citi Velocity, exported by Charlie",estr_eonia_1y5y_citi_2026-10-05.xlsx
2009-12-21,,2.249900,,2.161000,"Citi Velocity, exported by Charlie",estr_eonia_1y5y_citi_2026-10-05.xlsx
2009-12-22,,2.286690,,2.198000,"Citi Velocity, exported by Charlie",estr_eonia_1y5y_citi_2026-10-05.xlsx
2009-12-23,,2.329930,,2.246000,"Citi Velocity, exported by Charlie",estr_eonia_1y5y_citi_2026-10-05.xlsx
2009-12-24,,2.331320,,2.244000,"Citi Velocity, exported by Charlie",estr_eonia_1y5y_citi_2026-10-05.xlsx
2009-12-29,,2.380200,,2.301000,"Citi Velocity, exported by Charlie",estr_eonia_1y5y_citi_2026-10-05.xlsx
2009-12-30,,2.388000,,2.340000,"Citi Velocity, exported by Charlie",estr_eonia_1y5y_citi_2026-10-05.xlsx
2009-12-31,,2.387990,,2.340000,"Citi Velocity, exported by Charlie",estr_eonia_1y5y_citi_2026-10-05.xlsx
2010-01-04,,2.420140,,2.335000,"Citi Velocity, exported by Charlie",estr_eonia_1y5y_citi_2026-10-05.xlsx
2010-01-05,,2.380030,,2.290000,"Citi Velocity, exported by Charlie",estr_eonia_1y5y_citi_2026-10-05.xlsx
2010-01-06,,2.380460,,2.298000,"Citi Velocity, exported by Charlie",estr_eonia_1y5y_citi_2026-10-05.xlsx
2010-01-07,,2.336360,,2.259000,"Citi Velocity, exported by Charlie",estr_eonia_1y5y_citi_2026-10-05.xlsx
2010-01-08,,2.342740,,2.260000,"Citi Velocity, exported by Charlie",estr_eonia_1y5y_citi_2026-10-05.xlsx
2010-01-11,,2.313260,,2.234000,"Citi Velocity, exported by Charlie",estr_eonia_1y5y_citi_2026-10-05.xlsx
2010-01-12,,2.305920,,2.230000,"Citi Velocity, exported by Charlie",estr_eonia_1y5y_citi_2026-10-05.xlsx
2010-01-13,,2.300840,,2.225000,"Citi Velocity, exported by Charlie",estr_eonia_1y5y_citi_2026-10-05.xlsx
2010-01-14,,2.307690,,2.227000,"Citi Velocity, exported by Charlie",estr_eonia_1y5y_citi_2026-10-05.xlsx
2010-01-15,,2.268670,,2.176000,"Citi Velocity, exported by Charlie",estr_eonia_1y5y_citi_2026-10-05.xlsx
2010-01-18,,2.256320,,2.173000,"Citi Velocity, exported by Charlie",estr_eonia_1y5y_citi_2026-10-05.xlsx
2010-01-19,,2.285270,,2.201000,"Citi Velocity, exported by Charlie",estr_eonia_1y5y_citi_2026-10-05.xlsx
2010-01-20,,2.244120,,2.156000,"Citi Velocity, exported by Charlie",estr_eonia_1y5y_citi_2026-10-05.xlsx
2010-01-21,,2.250480,,2.162000,"Citi Velocity, exported by Charlie",estr_eonia_1y5y_citi_2026-10-05.xlsx
2010-01-22,,2.255850,,2.160000,"Citi Velocity, exported by Charlie",estr_eonia_1y5y_citi_2026-10-05.xlsx
2010-01-25,,2.245730,,2.151000,"Citi Velocity, exported by Charlie",estr_eonia_1y5y_citi_2026-10-05.xlsx
2010-01-26,,2.232460,,2.136000,"Citi Velocity, exported by Charlie",estr_eonia_1y5y_citi_2026-10-05.xlsx
2010-01-27,,2.263210,,2.166000,"Citi Velocity, exported by Charlie",estr_eonia_1y5y_citi_2026-10-05.xlsx
2010-01-28,,2.286890,,2.188000,"Citi Velocity, exported by Charlie",estr_eonia_1y5y_citi_2026-10-05.xlsx
2010-01-29,,2.271400,,2.140000,"Citi Velocity, exported by Charlie",estr_eonia_1y5y_citi_2026-10-05.xlsx
2010-02-01,,2.256400,,2.128000,"Citi Velocity, exported by Charlie",estr_eonia_1y5y_citi_2026-10-05.xlsx
2010-02-02,,2.255280,,2.123000,"Citi Velocity, exported by Charlie",estr_eonia_1y5y_citi_2026-10-05.xlsx
2010-02-03,,2.267600,,2.139120,"Citi Velocity, exported by Charlie",estr_eonia_1y5y_citi_2026-10-05.xlsx
2010-02-04,,2.195170,,2.072630,"Citi Velocity, exported by Charlie",estr_eonia_1y5y_citi_2026-10-05.xlsx
2010-02-05,,2.142040,,2.019570,"Citi Velocity, exported by Charlie",estr_eonia_1y5y_citi_2026-10-05.xlsx
2010-02-08,,2.173450,,2.047690,"Citi Velocity, exported by Charlie",estr_eonia_1y5y_citi_2026-10-05.xlsx
2010-02-09,,2.163160,,2.051470,"Citi Velocity, exported by Charlie",estr_eonia_1y5y_citi_2026-10-05.xlsx
2010-02-10,,2.186680,,2.080780,"Citi Velocity, exported by Charlie",estr_eonia_1y5y_citi_2026-10-05.xlsx
2010-02-11,,2.207880,,2.105590,"Citi Velocity, exported by Charlie",estr_eonia_1y5y_citi_2026-10-05.xlsx
2010-02-12,,2.162170,,2.050370,"Citi Velocity, exported by Charlie",estr_eonia_1y5y_citi_2026-10-05.xlsx
2010-02-15,,2.170300,,2.059040,"Citi Velocity, exported by Charlie",estr_eonia_1y5y_citi_2026-10-05.xlsx
2010-02-16,,2.173170,,2.059990,"Citi Velocity, exported by Charlie",estr_eonia_1y5y_citi_2026-10-05.xlsx
2010-02-17,,2.153260,,2.042040,"Citi Velocity, exported by Charlie",estr_eonia_1y5y_citi_2026-10-05.xlsx
2010-02-18,,2.180370,,2.059140,"Citi Velocity, exported by Charlie",estr_eonia_1y5y_citi_2026-10-05.xlsx
2010-02-19,,2.223860,,2.102550,"Citi Velocity, exported by Charlie",estr_eonia_1y5y_citi_2026-10-05.xlsx
2010-02-22,,2.202820,,2.078990,"Citi Velocity, exported by Charlie",estr_eonia_1y5y_citi_2026-10-05.xlsx
2010-02-23,,2.119640,,1.991930,"Citi Velocity, exported by Charlie",estr_eonia_1y5y_citi_2026-10-05.xlsx
2010-02-24,,2.087990,,1.961350,"Citi Velocity, exported by Charlie",estr_eonia_1y5y_citi_2026-10-05.xlsx
2010-02-25,,2.081420,,1.956210,"Citi Velocity, exported by Charlie",estr_eonia_1y5y_citi_2026-10-05.xlsx
2010-02-26,,2.082910,,1.958820,"Citi Velocity, exported by Charlie",estr_eonia_1y5y_citi_2026-10-05.xlsx
2010-03-01,,2.085870,,1.961070,"Citi Velocity, exported by Charlie",estr_eonia_1y5y_citi_2026-10-05.xlsx
2010-03-02,,2.085320,,1.975200,"Citi Velocity, exported by Charlie",estr_eonia_1y5y_citi_2026-10-05.xlsx
2010-03-03,,2.090350,,1.986880,"Citi Velocity, exported by Charlie",estr_eonia_1y5y_citi_2026-10-05.xlsx
2010-03-04,,2.084780,,1.976100,"Citi Velocity, exported by Charlie",estr_eonia_1y5y_citi_2026-10-05.xlsx
2010-03-05,,2.082810,,1.973980,"Citi Velocity, exported by Charlie",estr_eonia_1y5y_citi_2026-10-05.xlsx
2010-03-08,,2.077430,,1.970590,"Citi Velocity, exported by Charlie",estr_eonia_1y5y_citi_2026-10-05.xlsx
2010-03-09,,2.047020,,1.945840,"Citi Velocity, exported by Charlie",estr_eonia_1y5y_citi_2026-10-05.xlsx
2010-03-10,,2.074200,,1.976810,"Citi Velocity, exported by Charlie",estr_eonia_1y5y_citi_2026-10-05.xlsx
2010-03-11,,2.093880,,1.997430,"Citi Velocity, exported by Charlie",estr_eonia_1y5y_citi_2026-10-05.xlsx
2010-03-12,,2.091040,,1.997000,"Citi Velocity, exported by Charlie",estr_eonia_1y5y_citi_2026-10-05.xlsx
2010-03-15,,2.080710,,1.985770,"Citi Velocity, exported by Charlie",estr_eonia_1y5y_citi_2026-10-05.xlsx
2010-03-16,,2.063010,,1.967980,"Citi Velocity, exported by Charlie",estr_eonia_1y5y_citi_2026-10-05.xlsx
2010-03-17,,2.031360,,1.949950,"Citi Velocity, exported by Charlie",estr_eonia_1y5y_citi_2026-10-05.xlsx
2010-03-18,,2.060930,,1.965240,"Citi Velocity, exported by Charlie",estr_eonia_1y5y_citi_2026-10-05.xlsx
2010-03-19,,2.063270,,1.971650,"Citi Velocity, exported by Charlie",estr_eonia_1y5y_citi_2026-10-05.xlsx
2010-03-22,,2.031550,,1.938750,"Citi Velocity, exported by Charlie",estr_eonia_1y5y_citi_2026-10-05.xlsx
2010-03-23,,2.026480,,1.938330,"Citi Velocity, exported by Charlie",estr_eonia_1y5y_citi_2026-10-05.xlsx
2010-03-24,,2.031360,,1.960030,"Citi Velocity, exported by Charlie",estr_eonia_1y5y_citi_2026-10-05.xlsx
2010-03-25,,2.076240,,1.999520,"Citi Velocity, exported by Charlie",estr_eonia_1y5y_citi_2026-10-05.xlsx
2010-03-26,,2.094340,,2.014880,"Citi Velocity, exported by Charlie",estr_eonia_1y5y_citi_2026-10-05.xlsx
2010-03-29,,2.068790,,1.995700,"Citi Velocity, exported by Charlie",estr_eonia_1y5y_citi_2026-10-05.xlsx
2010-03-30,,2.049780,,1.975290,"Citi Velocity, exported by Charlie",estr_eonia_1y5y_citi_2026-10-05.xlsx
2010-03-31,,2.023620,,1.952500,"Citi Velocity, exported by Charlie",estr_eonia_1y5y_citi_2026-10-05.xlsx
2010-04-01,,2.013330,,1.945440,"Citi Velocity, exported by Charlie",estr_eonia_1y5y_citi_2026-10-05.xlsx
2010-04-06,,2.077810,,2.015770,"Citi Velocity, exported by Charlie",estr_eonia_1y5y_citi_2026-10-05.xlsx
2010-04-07,,2.044380,,1.977810,"Citi Velocity, exported by Charlie",estr_eonia_1y5y_citi_2026-10-05.xlsx
2010-04-08,,2.018860,,1.950180,"Citi Velocity, exported by Charlie",estr_eonia_1y5y_citi_2026-10-05.xlsx
2010-04-09,,2.068510,,2.000060,"Citi Velocity, exported by Charlie",estr_eonia_1y5y_citi_2026-10-05.xlsx
2010-04-12,,2.079310,,2.011010,"Citi Velocity, exported by Charlie",estr_eonia_1y5y_citi_2026-10-05.xlsx
2010-04-13,,2.047420,,1.981940,"Citi Velocity, exported by Charlie",estr_eonia_1y5y_citi_2026-10-05.xlsx
2010-04-14,,2.030520,,1.961520,"Citi Velocity, exported by Charlie",estr_eonia_1y5y_citi_2026-10-05.xlsx
2010-04-15,,2.019070,,1.953520,"Citi Velocity, exported by Charlie",estr_eonia_1y5y_citi_2026-10-05.xlsx
2010-04-16,,1.973130,,1.909030,"Citi Velocity, exported by Charlie",estr_eonia_1y5y_citi_2026-10-05.xlsx
2010-04-19,,1.967510,,1.904270,"Citi Velocity, exported by Charlie",estr_eonia_1y5y_citi_2026-10-05.xlsx
2010-04-20,,1.994300,,1.936020,"Citi Velocity, exported by Charlie",estr_eonia_1y5y_citi_2026-10-05.xlsx
2010-04-21,,1.978290,,1.919630,"Citi Velocity, exported by Charlie",estr_eonia_1y5y_citi_2026-10-05.xlsx
2010-04-22,,1.971110,,1.905050,"Citi Velocity, exported by Charlie",estr_eonia_1y5y_citi_2026-10-05.xlsx
2010-04-23,,1.982730,,1.913410,"Citi Velocity, exported by Charlie",estr_eonia_1y5y_citi_2026-10-05.xlsx
2010-04-26,,1.987360,,1.918460,"Citi Velocity, exported by Charlie",estr_eonia_1y5y_citi_2026-10-05.xlsx
2010-04-27,,1.947780,,1.873190,"Citi Velocity, exported by Charlie",estr_eonia_1y5y_citi_2026-10-05.xlsx
2010-04-28,,1.915680,,1.826680,"Citi Velocity, exported by Charlie",estr_eonia_1y5y_citi_2026-10-05.xlsx
2010-04-29,,1.923220,,1.834060,"Citi Velocity, exported by Charlie",estr_eonia_1y5y_citi_2026-10-05.xlsx
2010-04-30,,1.907570,,1.816900,"Citi Velocity, exported by Charlie",estr_eonia_1y5y_citi_2026-10-05.xlsx
2010-05-04,,1.893910,,1.797690,"Citi Velocity, exported by Charlie",estr_eonia_1y5y_citi_2026-10-05.xlsx
2010-05-05,,1.801830,,1.699730,"Citi Velocity, exported by Charlie",estr_eonia_1y5y_citi_2026-10-05.xlsx
2010-05-06,,1.746610,,1.640840,"Citi Velocity, exported by Charlie",estr_eonia_1y5y_citi_2026-10-05.xlsx
2010-05-07,,1.779830,,1.661400,"Citi Velocity, exported by Charlie",estr_eonia_1y5y_citi_2026-10-05.xlsx
2010-05-10,,1.814480,,1.741520,"Citi Velocity, exported by Charlie",estr_eonia_1y5y_citi_2026-10-05.xlsx
2010-05-11,,1.818980,,1.737060,"Citi Velocity, exported by Charlie",estr_eonia_1y5y_citi_2026-10-05.xlsx
2010-05-12,,1.812680,,1.712730,"Citi Velocity, exported by Charlie",estr_eonia_1y5y_citi_2026-10-05.xlsx
2010-05-13,,1.793990,,1.695800,"Citi Velocity, exported by Charlie",estr_eonia_1y5y_citi_2026-10-05.xlsx
2010-05-14,,1.786700,,1.669190,"Citi Velocity, exported by Charlie",estr_eonia_1y5y_citi_2026-10-05.xlsx
2010-05-17,,1.788020,,1.668130,"Citi Velocity, exported by Charlie",estr_eonia_1y5y_citi_2026-10-05.xlsx
2010-05-18,,1.748120,,1.635350,"Citi Velocity, exported by Charlie",estr_eonia_1y5y_citi_2026-10-05.xlsx
2010-05-19,,1.736760,,1.622660,"Citi Velocity, exported by Charlie",estr_eonia_1y5y_citi_2026-10-05.xlsx
2010-05-20,,1.681300,,1.562280,"Citi Velocity, exported by Charlie",estr_eonia_1y5y_citi_2026-10-05.xlsx
2010-05-21,,1.708290,,1.568680,"Citi Velocity, exported by Charlie",estr_eonia_1y5y_citi_2026-10-05.xlsx
2010-05-24,,1.697900,,1.551280,"Citi Velocity, exported by Charlie",estr_eonia_1y5y_citi_2026-10-05.xlsx
2010-05-25,,1.642070,,1.491940,"Citi Velocity, exported by Charlie",estr_eonia_1y5y_citi_2026-10-05.xlsx
2010-05-26,,1.660070,,1.528510,"Citi Velocity, exported by Charlie",estr_eonia_1y5y_citi_2026-10-05.xlsx
2010-05-27,,1.699650,,1.571040,"Citi Velocity, exported by Charlie",estr_eonia_1y5y_citi_2026-10-05.xlsx
2010-05-28,,1.720680,,1.590340,"Citi Velocity, exported by Charlie",estr_eonia_1y5y_citi_2026-10-05.xlsx
2010-06-01,,1.709220,,1.574780,"Citi Velocity, exported by Charlie",estr_eonia_1y5y_citi_2026-10-05.xlsx
2010-06-02,,1.702200,,1.577500,"Citi Velocity, exported by Charlie",estr_eonia_1y5y_citi_2026-10-05.xlsx
2010-06-03,,1.735260,,1.611100,"Citi Velocity, exported by Charlie",estr_eonia_1y5y_citi_2026-10-05.xlsx
2010-06-04,,1.693030,,1.561830,"Citi Velocity, exported by Charlie",estr_eonia_1y5y_citi_2026-10-05.xlsx
2010-06-07,,1.674580,,1.544770,"Citi Velocity, exported by Charlie",estr_eonia_1y5y_citi_2026-10-05.xlsx
2010-06-08,,1.624840,,1.505320,"Citi Velocity, exported by Charlie",estr_eonia_1y5y_citi_2026-10-05.xlsx
2010-06-09,,1.631060,,1.515240,"Citi Velocity, exported by Charlie",estr_eonia_1y5y_citi_2026-10-05.xlsx
2010-06-10,,1.671550,,1.555820,"Citi Velocity, exported by Charlie",estr_eonia_1y5y_citi_2026-10-05.xlsx
2010-06-11,,1.629640,,1.520850,"Citi Velocity, exported by Charlie",estr_eonia_1y5y_citi_2026-10-05.xlsx
2010-06-14,,1.653460,,1.544770,"Citi Velocity, exported by Charlie",estr_eonia_1y5y_citi_2026-10-05.xlsx
2010-06-15,,1.663670,,1.563650,"Citi Velocity, exported by Charlie",estr_eonia_1y5y_citi_2026-10-05.xlsx
2010-06-16,,1.655960,,1.554600,"Citi Velocity, exported by Charlie",estr_eonia_1y5y_citi_2026-10-05.xlsx
2010-06-17,,1.672600,,1.570730,"Citi Velocity, exported by Charlie",estr_eonia_1y5y_citi_2026-10-05.xlsx
2010-06-18,,1.724050,,1.615920,"Citi Velocity, exported by Charlie",estr_eonia_1y5y_citi_2026-10-05.xlsx
2010-06-21,,1.745250,,1.646660,"Citi Velocity, exported by Charlie",estr_eonia_1y5y_citi_2026-10-05.xlsx
2010-06-22,,1.678000,,1.581430,"Citi Velocity, exported by Charlie",estr_eonia_1y5y_citi_2026-10-05.xlsx
2010-06-23,,1.665280,,1.572630,"Citi Velocity, exported by Charlie",estr_eonia_1y5y_citi_2026-10-05.xlsx
2010-06-24,,1.626540,,1.534120,"Citi Velocity, exported by Charlie",estr_eonia_1y5y_citi_2026-10-05.xlsx
2010-06-25,,1.670140,,1.580820,"Citi Velocity, exported by Charlie",estr_eonia_1y5y_citi_2026-10-05.xlsx
2010-06-28,,1.657390,,1.569950,"Citi Velocity, exported by Charlie",estr_eonia_1y5y_citi_2026-10-05.xlsx
2010-06-29,,1.634190,,1.545510,"Citi Velocity, exported by Charlie",estr_eonia_1y5y_citi_2026-10-05.xlsx
2010-06-30,,1.644270,,1.556520,"Citi Velocity, exported by Charlie",estr_eonia_1y5y_citi_2026-10-05.xlsx
2010-07-01,,1.647470,,1.555830,"Citi Velocity, exported by Charlie",estr_eonia_1y5y_citi_2026-10-05.xlsx
2010-07-02,,1.670240,,1.579290,"Citi Velocity, exported by Charlie",estr_eonia_1y5y_citi_2026-10-05.xlsx
2010-07-05,,1.637800,,1.547130,"Citi Velocity, exported by Charlie",estr_eonia_1y5y_citi_2026-10-05.xlsx
2010-07-06,,1.665760,,1.578470,"Citi Velocity, exported by Charlie",estr_eonia_1y5y_citi_2026-10-05.xlsx
2010-07-07,,1.671370,,1.587190,"Citi Velocity, exported by Charlie",estr_eonia_1y5y_citi_2026-10-05.xlsx
2010-07-08,,1.692880,,1.617950,"Citi Velocity, exported by Charlie",estr_eonia_1y5y_citi_2026-10-05.xlsx
2010-07-09,,1.696890,,1.622440,"Citi Velocity, exported by Charlie",estr_eonia_1y5y_citi_2026-10-05.xlsx
2010-07-12,,1.639800,,1.560770,"Citi Velocity, exported by Charlie",estr_eonia_1y5y_citi_2026-10-05.xlsx
2010-07-13,,1.670310,,1.593790,"Citi Velocity, exported by Charlie",estr_eonia_1y5y_citi_2026-10-05.xlsx
2010-07-14,,1.716070,,1.634720,"Citi Velocity, exported by Charlie",estr_eonia_1y5y_citi_2026-10-05.xlsx
2010-07-15,,1.717010,,1.640490,"Citi Velocity, exported by Charlie",estr_eonia_1y5y_citi_2026-10-05.xlsx
2010-07-16,,1.711100,,1.633810,"Citi Velocity, exported by Charlie",estr_eonia_1y5y_citi_2026-10-05.xlsx
2010-07-19,,1.744500,,1.667800,"Citi Velocity, exported by Charlie",estr_eonia_1y5y_citi_2026-10-05.xlsx
2010-07-20,,1.726530,,1.646830,"Citi Velocity, exported by Charlie",estr_eonia_1y5y_citi_2026-10-05.xlsx
2010-07-21,,1.708910,,1.626500,"Citi Velocity, exported by Charlie",estr_eonia_1y5y_citi_2026-10-05.xlsx
2010-07-22,,1.730400,,1.640680,"Citi Velocity, exported by Charlie",estr_eonia_1y5y_citi_2026-10-05.xlsx
2010-07-23,,1.799820,,1.696790,"Citi Velocity, exported by Charlie",estr_eonia_1y5y_citi_2026-10-05.xlsx
2010-07-26,,1.865220,,1.759920,"Citi Velocity, exported by Charlie",estr_eonia_1y5y_citi_2026-10-05.xlsx
2010-07-27,,1.865270,,1.759090,"Citi Velocity, exported by Charlie",estr_eonia_1y5y_citi_2026-10-05.xlsx
2010-07-28,,1.846990,,1.742260,"Citi Velocity, exported by Charlie",estr_eonia_1y5y_citi_2026-10-05.xlsx
2010-07-29,,1.835250,,1.730420,"Citi Velocity, exported by Charlie",estr_eonia_1y5y_citi_2026-10-05.xlsx
2010-07-30,,1.788600,,1.693520,"Citi Velocity, exported by Charlie",estr_eonia_1y5y_citi_2026-10-05.xlsx
2010-08-02,,1.804740,,1.706540,"Citi Velocity, exported by Charlie",estr_eonia_1y5y_citi_2026-10-05.xlsx
2010-08-03,,1.760340,,1.663010,"Citi Velocity, exported by Charlie",estr_eonia_1y5y_citi_2026-10-05.xlsx
2010-08-04,,1.734270,,1.638460,"Citi Velocity, exported by Charlie",estr_eonia_1y5y_citi_2026-10-05.xlsx
2010-08-05,,1.728280,,1.635260,"Citi Velocity, exported by Charlie",estr_eonia_1y5y_citi_2026-10-05.xlsx
2010-08-06,,1.693870,,1.601260,"Citi Velocity, exported by Charlie",estr_eonia_1y5y_citi_2026-10-05.xlsx
2010-08-09,,1.692660,,1.596950,"Citi Velocity, exported by Charlie",estr_eonia_1y5y_citi_2026-10-05.xlsx
2010-08-10,,1.691480,,1.595880,"Citi Velocity, exported by Charlie",estr_eonia_1y5y_citi_2026-10-05.xlsx
2010-08-11,,1.584670,,1.484850,"Citi Velocity, exported by Charlie",estr_eonia_1y5y_citi_2026-10-05.xlsx
2010-08-12,,1.563610,,1.464640,"Citi Velocity, exported by Charlie",estr_eonia_1y5y_citi_2026-10-05.xlsx
2010-08-13,,1.545060,,1.444360,"Citi Velocity, exported by Charlie",estr_eonia_1y5y_citi_2026-10-05.xlsx
2010-08-16,,1.496860,,1.396060,"Citi Velocity, exported by Charlie",estr_eonia_1y5y_citi_2026-10-05.xlsx
2010-08-17,,1.535390,,1.435810,"Citi Velocity, exported by Charlie",estr_eonia_1y5y_citi_2026-10-05.xlsx
2010-08-18,,1.514210,,1.414150,"Citi Velocity, exported by Charlie",estr_eonia_1y5y_citi_2026-10-05.xlsx
2010-08-19,,1.510510,,1.410400,"Citi Velocity, exported by Charlie",estr_eonia_1y5y_citi_2026-10-05.xlsx
2010-08-20,,1.453280,,1.356250,"Citi Velocity, exported by Charlie",estr_eonia_1y5y_citi_2026-10-05.xlsx
2010-08-23,,1.457490,,1.358210,"Citi Velocity, exported by Charlie",estr_eonia_1y5y_citi_2026-10-05.xlsx
2010-08-24,,1.378820,,1.275060,"Citi Velocity, exported by Charlie",estr_eonia_1y5y_citi_2026-10-05.xlsx
2010-08-25,,1.376830,,1.270000,"Citi Velocity, exported by Charlie",estr_eonia_1y5y_citi_2026-10-05.xlsx
2010-08-26,,1.393620,,1.285880,"Citi Velocity, exported by Charlie",estr_eonia_1y5y_citi_2026-10-05.xlsx
2010-08-27,,1.428180,,1.324570,"Citi Velocity, exported by Charlie",estr_eonia_1y5y_citi_2026-10-05.xlsx
2010-08-31,,1.364850,,1.262490,"Citi Velocity, exported by Charlie",estr_eonia_1y5y_citi_2026-10-05.xlsx
2010-09-01,,1.417310,,1.318110,"Citi Velocity, exported by Charlie",estr_eonia_1y5y_citi_2026-10-05.xlsx
2010-09-02,,1.473160,,1.374810,"Citi Velocity, exported by Charlie",estr_eonia_1y5y_citi_2026-10-05.xlsx
2010-09-03,,1.541960,,1.439630,"Citi Velocity, exported by Charlie",estr_eonia_1y5y_citi_2026-10-05.xlsx
2010-09-06,,1.525440,,1.423420,"Citi Velocity, exported by Charlie",estr_eonia_1y5y_citi_2026-10-05.xlsx
2010-09-07,,1.460670,,1.353490,"Citi Velocity, exported by Charlie",estr_eonia_1y5y_citi_2026-10-05.xlsx
2010-09-08,,1.495460,,1.394770,"Citi Velocity, exported by Charlie",estr_eonia_1y5y_citi_2026-10-05.xlsx
2010-09-09,,1.536610,,1.438350,"Citi Velocity, exported by Charlie",estr_eonia_1y5y_citi_2026-10-05.xlsx
2010-09-10,,1.612100,,1.512030,"Citi Velocity, exported by Charlie",estr_eonia_1y5y_citi_2026-10-05.xlsx
2010-09-13,,1.616270,,1.516460,"Citi Velocity, exported by Charlie",estr_eonia_1y5y_citi_2026-10-05.xlsx
2010-09-14,,1.570650,,1.473100,"Citi Velocity, exported by Charlie",estr_eonia_1y5y_citi_2026-10-05.xlsx
2010-09-15,,1.613400,,1.517960,"Citi Velocity, exported by Charlie",estr_eonia_1y5y_citi_2026-10-05.xlsx
2010-09-16,,1.684020,,1.586580,"Citi Velocity, exported by Charlie",estr_eonia_1y5y_citi_2026-10-05.xlsx
2010-09-17,,1.673810,,1.581410,"Citi Velocity, exported by Charlie",estr_eonia_1y5y_citi_2026-10-05.xlsx
2010-09-20,,1.698610,,1.605530,"Citi Velocity, exported by Charlie",estr_eonia_1y5y_citi_2026-10-05.xlsx
2010-09-21,,1.689340,,1.594490,"Citi Velocity, exported by Charlie",estr_eonia_1y5y_citi_2026-10-05.xlsx
2010-09-22,,1.604320,,1.510540,"Citi Velocity, exported by Charlie",estr_eonia_1y5y_citi_2026-10-05.xlsx
2010-09-23,,1.556260,,1.468720,"Citi Velocity, exported by Charlie",estr_eonia_1y5y_citi_2026-10-05.xlsx
2010-09-24,,1.608200,,1.522240,"Citi Velocity, exported by Charlie",estr_eonia_1y5y_citi_2026-10-05.xlsx
2010-09-27,,1.568080,,1.483530,"Citi Velocity, exported by Charlie",estr_eonia_1y5y_citi_2026-10-05.xlsx
2010-09-28,,1.566780,,1.479010,"Citi Velocity, exported by Charlie",estr_eonia_1y5y_citi_2026-10-05.xlsx
2010-09-29,,1.582750,,1.501060,"Citi Velocity, exported by Charlie",estr_eonia_1y5y_citi_2026-10-05.xlsx
2010-09-30,,1.609750,,1.534340,"Citi Velocity, exported by Charlie",estr_eonia_1y5y_citi_2026-10-05.xlsx
2010-10-01,,1.632310,,1.555800,"Citi Velocity, exported by Charlie",estr_eonia_1y5y_citi_2026-10-05.xlsx
2010-10-04,,1.594720,,1.514610,"Citi Velocity, exported by Charlie",estr_eonia_1y5y_citi_2026-10-05.xlsx
2010-10-05,,1.600940,,1.527920,"Citi Velocity, exported by Charlie",estr_eonia_1y5y_citi_2026-10-05.xlsx
2010-10-06,,1.558080,,1.491880,"Citi Velocity, exported by Charlie",estr_eonia_1y5y_citi_2026-10-05.xlsx
2010-10-07,,1.596920,,1.527320,"Citi Velocity, exported by Charlie",estr_eonia_1y5y_citi_2026-10-05.xlsx
2010-10-08,,1.566290,,1.493130,"Citi Velocity, exported by Charlie",estr_eonia_1y5y_citi_2026-10-05.xlsx
2010-10-11,,1.577360,,1.505270,"Citi Velocity, exported by Charlie",estr_eonia_1y5y_citi_2026-10-05.xlsx
2010-10-12,,1.542240,,1.468160,"Citi Velocity, exported by Charlie",estr_eonia_1y5y_citi_2026-10-05.xlsx
2010-10-13,,1.566800,,1.490900,"Citi Velocity, exported by Charlie",estr_eonia_1y5y_citi_2026-10-05.xlsx
2010-10-14,,1.586420,,1.514810,"Citi Velocity, exported by Charlie",estr_eonia_1y5y_citi_2026-10-05.xlsx
2010-10-15,,1.629050,,1.554410,"Citi Velocity, exported by Charlie",estr_eonia_1y5y_citi_2026-10-05.xlsx
2010-10-18,,1.679680,,1.605760,"Citi Velocity, exported by Charlie",estr_eonia_1y5y_citi_2026-10-05.xlsx
2010-10-19,,1.709630,,1.634710,"Citi Velocity, exported by Charlie",estr_eonia_1y5y_citi_2026-10-05.xlsx
2010-10-20,,1.757790,,1.682900,"Citi Velocity, exported by Charlie",estr_eonia_1y5y_citi_2026-10-05.xlsx
2010-10-21,,1.800830,,1.725140,"Citi Velocity, exported by Charlie",estr_eonia_1y5y_citi_2026-10-05.xlsx
2010-10-22,,1.802800,,1.730870,"Citi Velocity, exported by Charlie",estr_eonia_1y5y_citi_2026-10-05.xlsx
2010-10-25,,1.795890,,1.723030,"Citi Velocity, exported by Charlie",estr_eonia_1y5y_citi_2026-10-05.xlsx
2010-10-26,,1.836220,,1.768150,"Citi Velocity, exported by Charlie",estr_eonia_1y5y_citi_2026-10-05.xlsx
2010-10-27,,1.874260,,1.796440,"Citi Velocity, exported by Charlie",estr_eonia_1y5y_citi_2026-10-05.xlsx
2010-10-28,,1.879660,,1.804580,"Citi Velocity, exported by Charlie",estr_eonia_1y5y_citi_2026-10-05.xlsx
2010-10-29,,1.846750,,1.765610,"Citi Velocity, exported by Charlie",estr_eonia_1y5y_citi_2026-10-05.xlsx
2010-11-01,,1.821220,,1.740550,"Citi Velocity, exported by Charlie",estr_eonia_1y5y_citi_2026-10-05.xlsx
2010-11-02,,1.822930,,1.740510,"Citi Velocity, exported by Charlie",estr_eonia_1y5y_citi_2026-10-05.xlsx
2010-11-03,,1.776970,,1.691330,"Citi Velocity, exported by Charlie",estr_eonia_1y5y_citi_2026-10-05.xlsx
2010-11-04,,1.743290,,1.646690,"Citi Velocity, exported by Charlie",estr_eonia_1y5y_citi_2026-10-05.xlsx
2010-11-05,,1.765630,,1.658750,"Citi Velocity, exported by Charlie",estr_eonia_1y5y_citi_2026-10-05.xlsx
2010-11-08,,1.775570,,1.663790,"Citi Velocity, exported by Charlie",estr_eonia_1y5y_citi_2026-10-05.xlsx
2010-11-09,,1.783790,,1.668920,"Citi Velocity, exported by Charlie",estr_eonia_1y5y_citi_2026-10-05.xlsx
2010-11-10,,1.807180,,1.678640,"Citi Velocity, exported by Charlie",estr_eonia_1y5y_citi_2026-10-05.xlsx
2010-11-11,,1.802220,,1.677170,"Citi Velocity, exported by Charlie",estr_eonia_1y5y_citi_2026-10-05.xlsx
2010-11-12,,1.857890,,1.738180,"Citi Velocity, exported by Charlie",estr_eonia_1y5y_citi_2026-10-05.xlsx
2010-11-15,,1.903750,,1.788470,"Citi Velocity, exported by Charlie",estr_eonia_1y5y_citi_2026-10-05.xlsx
2010-11-16,,1.963560,,1.849820,"Citi Velocity, exported by Charlie",estr_eonia_1y5y_citi_2026-10-05.xlsx
2010-11-17,,1.941640,,1.826510,"Citi Velocity, exported by Charlie",estr_eonia_1y5y_citi_2026-10-05.xlsx
2010-11-18,,2.021950,,1.913330,"Citi Velocity, exported by Charlie",estr_eonia_1y5y_citi_2026-10-05.xlsx
2010-11-19,,2.019750,,1.915980,"Citi Velocity, exported by Charlie",estr_eonia_1y5y_citi_2026-10-05.xlsx
2010-11-22,,1.963370,,1.858750,"Citi Velocity, exported by Charlie",estr_eonia_1y5y_citi_2026-10-05.xlsx
2010-11-23,,1.882050,,1.764440,"Citi Velocity, exported by Charlie",estr_eonia_1y5y_citi_2026-10-05.xlsx
2010-11-24,,1.963380,,1.836240,"Citi Velocity, exported by Charlie",estr_eonia_1y5y_citi_2026-10-05.xlsx
2010-11-25,,2.004550,,1.875220,"Citi Velocity, exported by Charlie",estr_eonia_1y5y_citi_2026-10-05.xlsx
2010-11-26,,1.995710,0.855000,1.862840,"Citi Velocity, exported by Charlie",estr_eonia_1y5y_citi_2026-10-05.xlsx
2010-11-29,,2.030140,0.856000,1.896470,"Citi Velocity, exported by Charlie",estr_eonia_1y5y_citi_2026-10-05.xlsx
2010-11-30,,1.917580,0.816000,1.791610,"Citi Velocity, exported by Charlie",estr_eonia_1y5y_citi_2026-10-05.xlsx
2010-12-01,,2.012250,0.834000,1.871450,"Citi Velocity, exported by Charlie",estr_eonia_1y5y_citi_2026-10-05.xlsx
2010-12-02,,2.066730,0.821000,1.930220,"Citi Velocity, exported by Charlie",estr_eonia_1y5y_citi_2026-10-05.xlsx
2010-12-03,,2.072580,0.839000,1.937590,"Citi Velocity, exported by Charlie",estr_eonia_1y5y_citi_2026-10-05.xlsx
2010-12-06,,2.028600,0.822000,1.893860,"Citi Velocity, exported by Charlie",estr_eonia_1y5y_citi_2026-10-05.xlsx
2010-12-07,,2.104530,0.826000,1.969050,"Citi Velocity, exported by Charlie",estr_eonia_1y5y_citi_2026-10-05.xlsx
2010-12-08,,2.190410,0.859000,2.056370,"Citi Velocity, exported by Charlie",estr_eonia_1y5y_citi_2026-10-05.xlsx
2010-12-09,,2.189570,0.867000,2.056810,"Citi Velocity, exported by Charlie",estr_eonia_1y5y_citi_2026-10-05.xlsx
2010-12-10,,2.207850,0.890000,2.070270,"Citi Velocity, exported by Charlie",estr_eonia_1y5y_citi_2026-10-05.xlsx
2010-12-13,,2.225270,0.863000,2.085820,"Citi Velocity, exported by Charlie",estr_eonia_1y5y_citi_2026-10-05.xlsx
2010-12-14,,2.265470,0.869000,2.130150,"Citi Velocity, exported by Charlie",estr_eonia_1y5y_citi_2026-10-05.xlsx
2010-12-15,,2.266150,0.862000,2.131260,"Citi Velocity, exported by Charlie",estr_eonia_1y5y_citi_2026-10-05.xlsx
2010-12-16,,2.314610,0.883000,2.180760,"Citi Velocity, exported by Charlie",estr_eonia_1y5y_citi_2026-10-05.xlsx
2010-12-17,,2.279770,0.870000,2.144580,"Citi Velocity, exported by Charlie",estr_eonia_1y5y_citi_2026-10-05.xlsx
2010-12-20,,2.194600,0.875000,2.059440,"Citi Velocity, exported by Charlie",estr_eonia_1y5y_citi_2026-10-05.xlsx
2010-12-21,,2.199920,0.881000,2.068430,"Citi Velocity, exported by Charlie",estr_eonia_1y5y_citi_2026-10-05.xlsx
2010-12-22,,2.134870,0.804000,1.996740,"Citi Velocity, exported by Charlie",estr_eonia_1y5y_citi_2026-10-05.xlsx
2010-12-23,,2.171490,0.801000,2.032670,"Citi Velocity, exported by Charlie",estr_eonia_1y5y_citi_2026-10-05.xlsx
2010-12-24,,2.171330,0.964861,2.032670,"Citi Velocity, exported by Charlie",estr_eonia_1y5y_citi_2026-10-05.xlsx
2010-12-29,,2.178100,0.780000,2.041010,"Citi Velocity, exported by Charlie",estr_eonia_1y5y_citi_2026-10-05.xlsx
2010-12-30,,2.141590,0.768000,1.998160,"Citi Velocity, exported by Charlie",estr_eonia_1y5y_citi_2026-10-05.xlsx
2010-12-31,,2.141550,0.946806,1.998160,"Citi Velocity, exported by Charlie",estr_eonia_1y5y_citi_2026-10-05.xlsx
2011-01-04,,2.049400,0.787000,1.911610,"Citi Velocity, exported by Charlie",estr_eonia_1y5y_citi_2026-10-05.xlsx
2011-01-05,,2.113430,0.817000,1.982520,"Citi Velocity, exported by Charlie",estr_eonia_1y5y_citi_2026-10-05.xlsx
2011-01-06,,2.114360,0.802000,1.972640,"Citi Velocity, exported by Charlie",estr_eonia_1y5y_citi_2026-10-05.xlsx
2011-01-07,,2.057730,0.781000,1.922640,"Citi Velocity, exported by Charlie",estr_eonia_1y5y_citi_2026-10-05.xlsx
2011-01-10,,2.044820,0.793000,1.910970,"Citi Velocity, exported by Charlie",estr_eonia_1y5y_citi_2026-10-05.xlsx
2011-01-11,,2.094260,0.824000,1.964560,"Citi Velocity, exported by Charlie",estr_eonia_1y5y_citi_2026-10-05.xlsx
2011-01-12,,2.202180,0.855000,2.072870,"Citi Velocity, exported by Charlie",estr_eonia_1y5y_citi_2026-10-05.xlsx
2011-01-13,,2.265570,0.927000,2.139900,"Citi Velocity, exported by Charlie",estr_eonia_1y5y_citi_2026-10-05.xlsx
2011-01-14,,2.291710,0.955000,2.162890,"Citi Velocity, exported by Charlie",estr_eonia_1y5y_citi_2026-10-05.xlsx
2011-01-17,,2.286980,0.957000,2.160360,"Citi Velocity, exported by Charlie",estr_eonia_1y5y_citi_2026-10-05.xlsx
2011-01-18,,2.348070,1.009000,2.224570,"Citi Velocity, exported by Charlie",estr_eonia_1y5y_citi_2026-10-05.xlsx
2011-01-19,,2.321660,0.957000,2.189740,"Citi Velocity, exported by Charlie",estr_eonia_1y5y_citi_2026-10-05.xlsx
2011-01-20,,2.396840,1.019000,2.278420,"Citi Velocity, exported by Charlie",estr_eonia_1y5y_citi_2026-10-05.xlsx
2011-01-21,,2.409940,1.038000,2.291440,"Citi Velocity, exported by Charlie",estr_eonia_1y5y_citi_2026-10-05.xlsx
2011-01-24,,2.392910,1.010000,2.269650,"Citi Velocity, exported by Charlie",estr_eonia_1y5y_citi_2026-10-05.xlsx
2011-01-25,,2.387680,1.048000,2.271430,"Citi Velocity, exported by Charlie",estr_eonia_1y5y_citi_2026-10-05.xlsx
2011-01-26,,2.439090,1.056000,2.319600,"Citi Velocity, exported by Charlie",estr_eonia_1y5y_citi_2026-10-05.xlsx
2011-01-27,,2.490670,1.114000,2.379480,"Citi Velocity, exported by Charlie",estr_eonia_1y5y_citi_2026-10-05.xlsx
2011-01-28,,2.487350,1.143000,2.373470,"Citi Velocity, exported by Charlie",estr_eonia_1y5y_citi_2026-10-05.xlsx
2011-01-31,,2.490690,1.157000,2.377860,"Citi Velocity, exported by Charlie",estr_eonia_1y5y_citi_2026-10-05.xlsx
2011-02-01,,2.534300,1.159000,2.415400,"Citi Velocity, exported by Charlie",estr_eonia_1y5y_citi_2026-10-05.xlsx
2011-02-02,,2.556260,1.209000,2.441010,"Citi Velocity, exported by Charlie",estr_eonia_1y5y_citi_2026-10-05.xlsx
2011-02-03,,2.489160,1.147000,2.367930,"Citi Velocity, exported by Charlie",estr_eonia_1y5y_citi_2026-10-05.xlsx
2011-02-04,,2.545140,1.174000,2.433370,"Citi Velocity, exported by Charlie",estr_eonia_1y5y_citi_2026-10-05.xlsx
2011-02-07,,2.520110,1.133000,2.402370,"Citi Velocity, exported by Charlie",estr_eonia_1y5y_citi_2026-10-05.xlsx
2011-02-08,,2.545630,1.195000,2.435000,"Citi Velocity, exported by Charlie",estr_eonia_1y5y_citi_2026-10-05.xlsx
2011-02-09,,2.590370,1.206000,2.479950,"Citi Velocity, exported by Charlie",estr_eonia_1y5y_citi_2026-10-05.xlsx
2011-02-10,,2.585210,1.196000,2.474510,"Citi Velocity, exported by Charlie",estr_eonia_1y5y_citi_2026-10-05.xlsx
2011-02-11,,2.545830,1.167000,2.432170,"Citi Velocity, exported by Charlie",estr_eonia_1y5y_citi_2026-10-05.xlsx
2011-02-14,,2.552190,1.162000,2.440010,"Citi Velocity, exported by Charlie",estr_eonia_1y5y_citi_2026-10-05.xlsx
2011-02-15,,2.562200,1.170000,2.448600,"Citi Velocity, exported by Charlie",estr_eonia_1y5y_citi_2026-10-05.xlsx
2011-02-16,,2.524840,1.152000,2.414130,"Citi Velocity, exported by Charlie",estr_eonia_1y5y_citi_2026-10-05.xlsx
2011-02-17,,2.451270,1.117000,2.331980,"Citi Velocity, exported by Charlie",estr_eonia_1y5y_citi_2026-10-05.xlsx
2011-02-18,,2.525010,1.169000,2.410670,"Citi Velocity, exported by Charlie",estr_eonia_1y5y_citi_2026-10-05.xlsx
2011-02-21,,2.486240,1.185000,2.371290,"Citi Velocity, exported by Charlie",estr_eonia_1y5y_citi_2026-10-05.xlsx
2011-02-22,,2.484290,1.234000,2.372940,"Citi Velocity, exported by Charlie",estr_eonia_1y5y_citi_2026-10-05.xlsx
2011-02-23,,2.494570,1.248000,2.382820,"Citi Velocity, exported by Charlie",estr_eonia_1y5y_citi_2026-10-05.xlsx
2011-02-24,,2.483190,1.243000,2.372190,"Citi Velocity, exported by Charlie",estr_eonia_1y5y_citi_2026-10-05.xlsx
2011-02-25,,2.488490,1.240000,2.376830,"Citi Velocity, exported by Charlie",estr_eonia_1y5y_citi_2026-10-05.xlsx
2011-02-28,,2.492570,1.238000,2.381500,"Citi Velocity, exported by Charlie",estr_eonia_1y5y_citi_2026-10-05.xlsx
2011-03-01,,2.506470,1.237000,2.391030,"Citi Velocity, exported by Charlie",estr_eonia_1y5y_citi_2026-10-05.xlsx
2011-03-02,,2.519690,1.237000,2.406060,"Citi Velocity, exported by Charlie",estr_eonia_1y5y_citi_2026-10-05.xlsx
2011-03-03,,2.667290,1.439000,2.567540,"Citi Velocity, exported by Charlie",estr_eonia_1y5y_citi_2026-10-05.xlsx
2011-03-04,,2.667010,1.425000,2.556950,"Citi Velocity, exported by Charlie",estr_eonia_1y5y_citi_2026-10-05.xlsx
2011-03-07,,2.689210,1.410000,2.584090,"Citi Velocity, exported by Charlie",estr_eonia_1y5y_citi_2026-10-05.xlsx
2011-03-08,,2.692630,1.398000,2.587580,"Citi Velocity, exported by Charlie",estr_eonia_1y5y_citi_2026-10-05.xlsx
2011-03-09,,2.685410,1.401000,2.577530,"Citi Velocity, exported by Charlie",estr_eonia_1y5y_citi_2026-10-05.xlsx
2011-03-10,,2.646780,1.386000,2.535850,"Citi Velocity, exported by Charlie",estr_eonia_1y5y_citi_2026-10-05.xlsx
2011-03-11,,2.601140,1.350000,2.492510,"Citi Velocity, exported by Charlie",estr_eonia_1y5y_citi_2026-10-05.xlsx
2011-03-14,,2.603570,1.341000,2.496250,"Citi Velocity, exported by Charlie",estr_eonia_1y5y_citi_2026-10-05.xlsx
2011-03-15,,2.507060,1.279000,2.406750,"Citi Velocity, exported by Charlie",estr_eonia_1y5y_citi_2026-10-05.xlsx
2011-03-16,,2.450050,1.238000,2.349930,"Citi Velocity, exported by Charlie",estr_eonia_1y5y_citi_2026-10-05.xlsx
2011-03-17,,2.561970,1.304000,2.458390,"Citi Velocity, exported by Charlie",estr_eonia_1y5y_citi_2026-10-05.xlsx
2011-03-18,,2.609770,1.359000,2.503420,"Citi Velocity, exported by Charlie",estr_eonia_1y5y_citi_2026-10-05.xlsx
2011-03-21,,2.662540,1.400000,2.555660,"Citi Velocity, exported by Charlie",estr_eonia_1y5y_citi_2026-10-05.xlsx
2011-03-22,,2.662690,1.404000,2.566010,"Citi Velocity, exported by Charlie",estr_eonia_1y5y_citi_2026-10-05.xlsx
2011-03-23,,2.638140,1.385000,2.541180,"Citi Velocity, exported by Charlie",estr_eonia_1y5y_citi_2026-10-05.xlsx
2011-03-24,,2.648170,1.407000,2.554350,"Citi Velocity, exported by Charlie",estr_eonia_1y5y_citi_2026-10-05.xlsx
2011-03-25,,2.668250,1.415000,2.572390,"Citi Velocity, exported by Charlie",estr_eonia_1y5y_citi_2026-10-05.xlsx
2011-03-28,,2.702650,1.447000,2.612310,"Citi Velocity, exported by Charlie",estr_eonia_1y5y_citi_2026-10-05.xlsx
2011-03-29,,2.728540,1.453000,2.639770,"Citi Velocity, exported by Charlie",estr_eonia_1y5y_citi_2026-10-05.xlsx
2011-03-30,,2.732010,1.432000,2.639160,"Citi Velocity, exported by Charlie",estr_eonia_1y5y_citi_2026-10-05.xlsx
2011-03-31,,2.754290,1.465000,2.664340,"Citi Velocity, exported by Charlie",estr_eonia_1y5y_citi_2026-10-05.xlsx
2011-04-01,,2.790220,1.480000,2.702910,"Citi Velocity, exported by Charlie",estr_eonia_1y5y_citi_2026-10-05.xlsx
2011-04-04,,2.773110,1.476000,2.683840,"Citi Velocity, exported by Charlie",estr_eonia_1y5y_citi_2026-10-05.xlsx
2011-04-05,,2.802280,1.484000,2.712310,"Citi Velocity, exported by Charlie",estr_eonia_1y5y_citi_2026-10-05.xlsx
2011-04-06,,2.823040,1.490000,2.730580,"Citi Velocity, exported by Charlie",estr_eonia_1y5y_citi_2026-10-05.xlsx
2011-04-07,,2.821770,1.514000,2.733020,"Citi Velocity, exported by Charlie",estr_eonia_1y5y_citi_2026-10-05.xlsx
2011-04-08,,2.895080,1.580000,2.814810,"Citi Velocity, exported by Charlie",estr_eonia_1y5y_citi_2026-10-05.xlsx
2011-04-11,,2.917260,1.579000,2.833480,"Citi Velocity, exported by Charlie",estr_eonia_1y5y_citi_2026-10-05.xlsx
2011-04-12,,2.850000,1.539000,2.765860,"Citi Velocity, exported by Charlie",estr_eonia_1y5y_citi_2026-10-05.xlsx
2011-04-13,,2.842650,1.560000,2.760980,"Citi Velocity, exported by Charlie",estr_eonia_1y5y_citi_2026-10-05.xlsx
2011-04-14,,2.831140,1.548000,2.747120,"Citi Velocity, exported by Charlie",estr_eonia_1y5y_citi_2026-10-05.xlsx
2011-04-15,,2.811770,1.561000,2.726270,"Citi Velocity, exported by Charlie",estr_eonia_1y5y_citi_2026-10-05.xlsx
2011-04-18,,2.692190,1.504000,2.595370,"Citi Velocity, exported by Charlie",estr_eonia_1y5y_citi_2026-10-05.xlsx
2011-04-19,,2.749570,1.542000,2.639170,"Citi Velocity, exported by Charlie",estr_eonia_1y5y_citi_2026-10-05.xlsx
2011-04-20,,2.793990,1.567000,2.689800,"Citi Velocity, exported by Charlie",estr_eonia_1y5y_citi_2026-10-05.xlsx
2011-04-21,,2.739360,1.524000,2.632160,"Citi Velocity, exported by Charlie",estr_eonia_1y5y_citi_2026-10-05.xlsx
2011-04-22,,,1.522000,2.633590,"Citi Velocity, exported by Charlie",estr_eonia_1y5y_citi_2026-10-05.xlsx
2011-04-26,,2.719140,1.508000,2.611620,"Citi Velocity, exported by Charlie",estr_eonia_1y5y_citi_2026-10-05.xlsx
2011-04-27,,2.797800,1.572000,2.688700,"Citi Velocity, exported by Charlie",estr_eonia_1y5y_citi_2026-10-05.xlsx
2011-04-28,,2.758060,1.578000,2.648690,"Citi Velocity, exported by Charlie",estr_eonia_1y5y_citi_2026-10-05.xlsx
2011-05-03,,2.792910,1.636000,2.683090,"Citi Velocity, exported by Charlie",estr_eonia_1y5y_citi_2026-10-05.xlsx
2011-05-04,,2.819230,1.682000,2.711250,"Citi Velocity, exported by Charlie",estr_eonia_1y5y_citi_2026-10-05.xlsx
2011-05-05,,2.729610,1.558000,2.616280,"Citi Velocity, exported by Charlie",estr_eonia_1y5y_citi_2026-10-05.xlsx
2011-05-06,,2.703100,1.580000,2.597120,"Citi Velocity, exported by Charlie",estr_eonia_1y5y_citi_2026-10-05.xlsx
2011-05-09,,2.617050,1.545000,2.506200,"Citi Velocity, exported by Charlie",estr_eonia_1y5y_citi_2026-10-05.xlsx
2011-05-10,,2.645600,1.536000,2.531360,"Citi Velocity, exported by Charlie",estr_eonia_1y5y_citi_2026-10-05.xlsx
2011-05-11,,2.635510,1.536000,2.526100,"Citi Velocity, exported by Charlie",estr_eonia_1y5y_citi_2026-10-05.xlsx
2011-05-12,,2.589650,1.516000,2.484680,"Citi Velocity, exported by Charlie",estr_eonia_1y5y_citi_2026-10-05.xlsx
2011-05-13,,2.585460,1.545000,2.484880,"Citi Velocity, exported by Charlie",estr_eonia_1y5y_citi_2026-10-05.xlsx
2011-05-16,,2.616330,1.567000,2.514690,"Citi Velocity, exported by Charlie",estr_eonia_1y5y_citi_2026-10-05.xlsx
2011-05-17,,2.599460,1.549000,2.496310,"Citi Velocity, exported by Charlie",estr_eonia_1y5y_citi_2026-10-05.xlsx
2011-05-18,,2.604650,1.568000,2.505770,"Citi Velocity, exported by Charlie",estr_eonia_1y5y_citi_2026-10-05.xlsx
2011-05-19,,2.621420,1.578000,2.522140,"Citi Velocity, exported by Charlie",estr_eonia_1y5y_citi_2026-10-05.xlsx
2011-05-20,,2.560130,1.544000,2.457280,"Citi Velocity, exported by Charlie",estr_eonia_1y5y_citi_2026-10-05.xlsx
2011-05-23,,2.507780,1.502000,2.403060,"Citi Velocity, exported by Charlie",estr_eonia_1y5y_citi_2026-10-05.xlsx
2011-05-24,,2.544800,1.520000,2.436130,"Citi Velocity, exported by Charlie",estr_eonia_1y5y_citi_2026-10-05.xlsx
2011-05-25,,2.503840,1.471000,2.392050,"Citi Velocity, exported by Charlie",estr_eonia_1y5y_citi_2026-10-05.xlsx
2011-05-26,,2.451970,1.456000,2.343550,"Citi Velocity, exported by Charlie",estr_eonia_1y5y_citi_2026-10-05.xlsx
2011-05-27,,2.430870,1.435000,2.320860,"Citi Velocity, exported by Charlie",estr_eonia_1y5y_citi_2026-10-05.xlsx
2011-05-31,,2.457940,1.460000,2.349910,"Citi Velocity, exported by Charlie",estr_eonia_1y5y_citi_2026-10-05.xlsx
2011-06-01,,2.438650,1.472000,2.331180,"Citi Velocity, exported by Charlie",estr_eonia_1y5y_citi_2026-10-05.xlsx
2011-06-02,,2.442360,1.485000,2.337390,"Citi Velocity, exported by Charlie",estr_eonia_1y5y_citi_2026-10-05.xlsx
2011-06-03,,2.493680,1.512000,2.393840,"Citi Velocity, exported by Charlie",estr_eonia_1y5y_citi_2026-10-05.xlsx
2011-06-06,,2.496350,1.521000,2.389340,"Citi Velocity, exported by Charlie",estr_eonia_1y5y_citi_2026-10-05.xlsx
2011-06-07,,2.552200,1.563000,2.448690,"Citi Velocity, exported by Charlie",estr_eonia_1y5y_citi_2026-10-05.xlsx
2011-06-08,,2.512490,1.550000,2.408260,"Citi Velocity, exported by Charlie",estr_eonia_1y5y_citi_2026-10-05.xlsx
2011-06-09,,2.473860,1.523000,2.362450,"Citi Velocity, exported by Charlie",estr_eonia_1y5y_citi_2026-10-05.xlsx
2011-06-10,,2.386010,1.477000,2.277000,"Citi Velocity, exported by Charlie",estr_eonia_1y5y_citi_2026-10-05.xlsx
2011-06-13,,2.384590,1.482000,2.275680,"Citi Velocity, exported by Charlie",estr_eonia_1y5y_citi_2026-10-05.xlsx
2011-06-14,,2.436760,1.520000,2.330870,"Citi Velocity, exported by Charlie",estr_eonia_1y5y_citi_2026-10-05.xlsx
2011-06-15,,2.393010,1.479000,2.271500,"Citi Velocity, exported by Charlie",estr_eonia_1y5y_citi_2026-10-05.xlsx
2011-06-16,,2.360140,1.463000,2.242150,"Citi Velocity, exported by Charlie",estr_eonia_1y5y_citi_2026-10-05.xlsx
2011-06-17,,2.407670,1.498000,2.296480,"Citi Velocity, exported by Charlie",estr_eonia_1y5y_citi_2026-10-05.xlsx
2011-06-20,,2.406090,1.490000,2.283500,"Citi Velocity, exported by Charlie",estr_eonia_1y5y_citi_2026-10-05.xlsx
2011-06-21,,2.428100,1.506000,2.307270,"Citi Velocity, exported by Charlie",estr_eonia_1y5y_citi_2026-10-05.xlsx
2011-06-22,,2.401620,1.475000,2.277300,"Citi Velocity, exported by Charlie",estr_eonia_1y5y_citi_2026-10-05.xlsx
2011-06-23,,2.310360,1.403000,2.178010,"Citi Velocity, exported by Charlie",estr_eonia_1y5y_citi_2026-10-05.xlsx
2011-06-24,,2.315750,1.400000,2.184790,"Citi Velocity, exported by Charlie",estr_eonia_1y5y_citi_2026-10-05.xlsx
2011-06-27,,2.358150,1.421000,2.223710,"Citi Velocity, exported by Charlie",estr_eonia_1y5y_citi_2026-10-05.xlsx
2011-06-28,,2.394890,1.481000,2.271240,"Citi Velocity, exported by Charlie",estr_eonia_1y5y_citi_2026-10-05.xlsx
2011-06-29,,2.469670,1.520000,2.349070,"Citi Velocity, exported by Charlie",estr_eonia_1y5y_citi_2026-10-05.xlsx
2011-06-30,,2.515370,1.557000,2.397240,"Citi Velocity, exported by Charlie",estr_eonia_1y5y_citi_2026-10-05.xlsx
2011-07-01,,2.528510,1.577000,2.410770,"Citi Velocity, exported by Charlie",estr_eonia_1y5y_citi_2026-10-05.xlsx
2011-07-04,,2.534130,1.592000,2.417180,"Citi Velocity, exported by Charlie",estr_eonia_1y5y_citi_2026-10-05.xlsx
2011-07-05,,2.518750,1.590000,2.397880,"Citi Velocity, exported by Charlie",estr_eonia_1y5y_citi_2026-10-05.xlsx
2011-07-06,,2.438940,1.557000,2.310670,"Citi Velocity, exported by Charlie",estr_eonia_1y5y_citi_2026-10-05.xlsx
2011-07-07,,2.486900,1.580000,2.361350,"Citi Velocity, exported by Charlie",estr_eonia_1y5y_citi_2026-10-05.xlsx
2011-07-08,,2.359020,1.504000,2.223200,"Citi Velocity, exported by Charlie",estr_eonia_1y5y_citi_2026-10-05.xlsx
2011-07-11,,2.212720,1.395000,2.062970,"Citi Velocity, exported by Charlie",estr_eonia_1y5y_citi_2026-10-05.xlsx
2011-07-12,,2.222790,1.381000,2.064540,"Citi Velocity, exported by Charlie",estr_eonia_1y5y_citi_2026-10-05.xlsx
2011-07-13,,2.254780,1.384000,2.096400,"Citi Velocity, exported by Charlie",estr_eonia_1y5y_citi_2026-10-05.xlsx
2011-07-14,,2.258450,1.367000,2.101450,"Citi Velocity, exported by Charlie",estr_eonia_1y5y_citi_2026-10-05.xlsx
2011-07-15,,2.221810,1.349000,2.065620,"Citi Velocity, exported by Charlie",estr_eonia_1y5y_citi_2026-10-05.xlsx
2011-07-18,,2.192340,1.321000,2.023890,"Citi Velocity, exported by Charlie",estr_eonia_1y5y_citi_2026-10-05.xlsx
2011-07-19,,2.221470,1.338000,2.056150,"Citi Velocity, exported by Charlie",estr_eonia_1y5y_citi_2026-10-05.xlsx
2011-07-20,,2.288820,1.382000,2.133400,"Citi Velocity, exported by Charlie",estr_eonia_1y5y_citi_2026-10-05.xlsx
2011-07-21,,2.371370,1.443000,2.227740,"Citi Velocity, exported by Charlie",estr_eonia_1y5y_citi_2026-10-05.xlsx
2011-07-22,,2.314450,1.447000,2.171520,"Citi Velocity, exported by Charlie",estr_eonia_1y5y_citi_2026-10-05.xlsx
2011-07-25,,2.283940,1.413000,2.136880,"Citi Velocity, exported by Charlie",estr_eonia_1y5y_citi_2026-10-05.xlsx
2011-07-26,,2.287260,1.421000,2.143740,"Citi Velocity, exported by Charlie",estr_eonia_1y5y_citi_2026-10-05.xlsx
2011-07-27,,2.207860,1.353000,2.053840,"Citi Velocity, exported by Charlie",estr_eonia_1y5y_citi_2026-10-05.xlsx
2011-07-28,,2.212270,1.353000,2.060760,"Citi Velocity, exported by Charlie",estr_eonia_1y5y_citi_2026-10-05.xlsx
2011-07-29,,2.154690,1.317000,2.002120,"Citi Velocity, exported by Charlie",estr_eonia_1y5y_citi_2026-10-05.xlsx
2011-08-01,,2.122110,1.305000,1.965140,"Citi Velocity, exported by Charlie",estr_eonia_1y5y_citi_2026-10-05.xlsx
2011-08-02,,2.067820,1.230000,1.906400,"Citi Velocity, exported by Charlie",estr_eonia_1y5y_citi_2026-10-05.xlsx
2011-08-03,,2.082610,1.224000,1.926580,"Citi Velocity, exported by Charlie",estr_eonia_1y5y_citi_2026-10-05.xlsx
2011-08-04,,1.961540,1.055000,1.785200,"Citi Velocity, exported by Charlie",estr_eonia_1y5y_citi_2026-10-05.xlsx
2011-08-05,,1.963550,0.950000,1.796010,"Citi Velocity, exported by Charlie",estr_eonia_1y5y_citi_2026-10-05.xlsx
2011-08-08,,1.887810,0.872000,1.725790,"Citi Velocity, exported by Charlie",estr_eonia_1y5y_citi_2026-10-05.xlsx
2011-08-09,,1.920270,0.850000,1.760510,"Citi Velocity, exported by Charlie",estr_eonia_1y5y_citi_2026-10-05.xlsx
2011-08-10,,1.744030,0.721000,1.573890,"Citi Velocity, exported by Charlie",estr_eonia_1y5y_citi_2026-10-05.xlsx
2011-08-11,,1.789320,0.744000,1.625300,"Citi Velocity, exported by Charlie",estr_eonia_1y5y_citi_2026-10-05.xlsx
2011-08-12,,1.827080,0.794000,1.665180,"Citi Velocity, exported by Charlie",estr_eonia_1y5y_citi_2026-10-05.xlsx
2011-08-15,,1.847400,0.841000,1.689670,"Citi Velocity, exported by Charlie",estr_eonia_1y5y_citi_2026-10-05.xlsx
2011-08-16,,1.850800,0.851000,1.685520,"Citi Velocity, exported by Charlie",estr_eonia_1y5y_citi_2026-10-05.xlsx
2011-08-17,,1.775210,0.822000,1.610760,"Citi Velocity, exported by Charlie",estr_eonia_1y5y_citi_2026-10-05.xlsx
2011-08-18,,1.637840,0.709000,1.466590,"Citi Velocity, exported by Charlie",estr_eonia_1y5y_citi_2026-10-05.xlsx
2011-08-19,,1.696550,0.735000,1.524480,"Citi Velocity, exported by Charlie",estr_eonia_1y5y_citi_2026-10-05.xlsx
2011-08-22,,1.729110,0.747000,1.564760,"Citi Velocity, exported by Charlie",estr_eonia_1y5y_citi_2026-10-05.xlsx
2011-08-23,,1.735670,0.772000,1.561450,"Citi Velocity, exported by Charlie",estr_eonia_1y5y_citi_2026-10-05.xlsx
2011-08-24,,1.799730,0.802000,1.621260,"Citi Velocity, exported by Charlie",estr_eonia_1y5y_citi_2026-10-05.xlsx
2011-08-25,,1.791770,0.777000,1.604600,"Citi Velocity, exported by Charlie",estr_eonia_1y5y_citi_2026-10-05.xlsx
2011-08-26,,1.779980,0.771000,1.587820,"Citi Velocity, exported by Charlie",estr_eonia_1y5y_citi_2026-10-05.xlsx
2011-08-30,,1.775610,0.792000,1.591500,"Citi Velocity, exported by Charlie",estr_eonia_1y5y_citi_2026-10-05.xlsx
2011-08-31,,1.826560,0.825000,1.647060,"Citi Velocity, exported by Charlie",estr_eonia_1y5y_citi_2026-10-05.xlsx
2011-09-01,,1.753360,0.787000,1.584680,"Citi Velocity, exported by Charlie",estr_eonia_1y5y_citi_2026-10-05.xlsx
2011-09-02,,1.672530,0.708000,1.492870,"Citi Velocity, exported by Charlie",estr_eonia_1y5y_citi_2026-10-05.xlsx
2011-09-05,,1.606360,0.634000,1.414090,"Citi Velocity, exported by Charlie",estr_eonia_1y5y_citi_2026-10-05.xlsx
2011-09-06,,1.594740,0.611000,1.388060,"Citi Velocity, exported by Charlie",estr_eonia_1y5y_citi_2026-10-05.xlsx
2011-09-07,,1.667610,0.667000,1.466420,"Citi Velocity, exported by Charlie",estr_eonia_1y5y_citi_2026-10-05.xlsx
2011-09-08,,1.617330,0.637000,1.417900,"Citi Velocity, exported by Charlie",estr_eonia_1y5y_citi_2026-10-05.xlsx
2011-09-09,,1.498830,0.545000,1.291280,"Citi Velocity, exported by Charlie",estr_eonia_1y5y_citi_2026-10-05.xlsx
2011-09-12,,1.463780,0.566000,1.273820,"Citi Velocity, exported by Charlie",estr_eonia_1y5y_citi_2026-10-05.xlsx
2011-09-13,,1.542010,0.645000,1.345220,"Citi Velocity, exported by Charlie",estr_eonia_1y5y_citi_2026-10-05.xlsx
2011-09-14,,1.606700,0.661000,1.406090,"Citi Velocity, exported by Charlie",estr_eonia_1y5y_citi_2026-10-05.xlsx
2011-09-15,,1.658970,0.704000,1.463390,"Citi Velocity, exported by Charlie",estr_eonia_1y5y_citi_2026-10-05.xlsx
2011-09-16,,1.581260,0.672000,1.393280,"Citi Velocity, exported by Charlie",estr_eonia_1y5y_citi_2026-10-05.xlsx
2011-09-19,,1.541560,0.612000,1.341490,"Citi Velocity, exported by Charlie",estr_eonia_1y5y_citi_2026-10-05.xlsx
2011-09-20,,1.547190,0.606000,1.343570,"Citi Velocity, exported by Charlie",estr_eonia_1y5y_citi_2026-10-05.xlsx
2011-09-21,,1.528380,0.591000,1.334070,"Citi Velocity, exported by Charlie",estr_eonia_1y5y_citi_2026-10-05.xlsx
2011-09-22,,1.503730,0.562000,1.284450,"Citi Velocity, exported by Charlie",estr_eonia_1y5y_citi_2026-10-05.xlsx
2011-09-23,,1.519360,0.531000,1.294220,"Citi Velocity, exported by Charlie",estr_eonia_1y5y_citi_2026-10-05.xlsx
2011-09-26,,1.530010,0.556000,1.318600,"Citi Velocity, exported by Charlie",estr_eonia_1y5y_citi_2026-10-05.xlsx
2011-09-27,,1.606730,0.662000,1.400410,"Citi Velocity, exported by Charlie",estr_eonia_1y5y_citi_2026-10-05.xlsx
2011-09-28,,1.658710,0.699000,1.446220,"Citi Velocity, exported by Charlie",estr_eonia_1y5y_citi_2026-10-05.xlsx
2011-09-29,,1.688160,0.689000,1.471160,"Citi Velocity, exported by Charlie",estr_eonia_1y5y_citi_2026-10-05.xlsx
2011-09-30,,1.613630,0.664000,1.396010,"Citi Velocity, exported by Charlie",estr_eonia_1y5y_citi_2026-10-05.xlsx
2011-10-03,,1.559670,0.638000,1.337730,"Citi Velocity, exported by Charlie",estr_eonia_1y5y_citi_2026-10-05.xlsx
2011-10-04,,1.527700,0.622000,1.305230,"Citi Velocity, exported by Charlie",estr_eonia_1y5y_citi_2026-10-05.xlsx
2011-10-05,,1.590610,0.624000,1.373560,"Citi Velocity, exported by Charlie",estr_eonia_1y5y_citi_2026-10-05.xlsx
2011-10-06,,1.685780,0.731000,1.468090,"Citi Velocity, exported by Charlie",estr_eonia_1y5y_citi_2026-10-05.xlsx
2011-10-07,,1.685020,0.725000,1.470650,"Citi Velocity, exported by Charlie",estr_eonia_1y5y_citi_2026-10-05.xlsx
2011-10-10,,1.703740,0.749000,1.491460,"Citi Velocity, exported by Charlie",estr_eonia_1y5y_citi_2026-10-05.xlsx
2011-10-11,,1.684700,0.749000,1.477480,"Citi Velocity, exported by Charlie",estr_eonia_1y5y_citi_2026-10-05.xlsx
2011-10-12,,1.790430,0.768000,1.578360,"Citi Velocity, exported by Charlie",estr_eonia_1y5y_citi_2026-10-05.xlsx
2011-10-13,,1.728830,0.738000,1.513110,"Citi Velocity, exported by Charlie",estr_eonia_1y5y_citi_2026-10-05.xlsx
2011-10-14,,1.792340,0.760000,1.574950,"Citi Velocity, exported by Charlie",estr_eonia_1y5y_citi_2026-10-05.xlsx
2011-10-17,,1.682790,0.698000,1.462110,"Citi Velocity, exported by Charlie",estr_eonia_1y5y_citi_2026-10-05.xlsx
2011-10-18,,1.640450,0.693000,1.413660,"Citi Velocity, exported by Charlie",estr_eonia_1y5y_citi_2026-10-05.xlsx
2011-10-19,,1.680560,0.717000,1.454880,"Citi Velocity, exported by Charlie",estr_eonia_1y5y_citi_2026-10-05.xlsx
2011-10-20,,1.668720,0.719000,1.441880,"Citi Velocity, exported by Charlie",estr_eonia_1y5y_citi_2026-10-05.xlsx
2011-10-21,,1.719540,0.731000,1.491900,"Citi Velocity, exported by Charlie",estr_eonia_1y5y_citi_2026-10-05.xlsx
2011-10-24,,1.706240,0.704000,1.474540,"Citi Velocity, exported by Charlie",estr_eonia_1y5y_citi_2026-10-05.xlsx
2011-10-25,,1.639620,0.677000,1.411730,"Citi Velocity, exported by Charlie",estr_eonia_1y5y_citi_2026-10-05.xlsx
2011-10-26,,1.580380,0.646000,1.349480,"Citi Velocity, exported by Charlie",estr_eonia_1y5y_citi_2026-10-05.xlsx
2011-10-27,,1.722270,0.730000,1.500450,"Citi Velocity, exported by Charlie",estr_eonia_1y5y_citi_2026-10-05.xlsx
2011-10-28,,1.725190,0.705000,1.504880,"Citi Velocity, exported by Charlie",estr_eonia_1y5y_citi_2026-10-05.xlsx
2011-10-31,,1.612380,0.659000,1.383590,"Citi Velocity, exported by Charlie",estr_eonia_1y5y_citi_2026-10-05.xlsx
2011-11-01,,1.506490,0.566000,1.255290,"Citi Velocity, exported by Charlie",estr_eonia_1y5y_citi_2026-10-05.xlsx
2011-11-02,,1.523090,0.570000,1.273380,"Citi Velocity, exported by Charlie",estr_eonia_1y5y_citi_2026-10-05.xlsx
2011-11-03,,1.524920,0.513000,1.276620,"Citi Velocity, exported by Charlie",estr_eonia_1y5y_citi_2026-10-05.xlsx
2011-11-04,,1.528750,0.535000,1.261790,"Citi Velocity, exported by Charlie",estr_eonia_1y5y_citi_2026-10-05.xlsx
2011-11-07,,1.519030,0.524000,1.249050,"Citi Velocity, exported by Charlie",estr_eonia_1y5y_citi_2026-10-05.xlsx
2011-11-08,,1.515570,0.521000,1.234530,"Citi Velocity, exported by Charlie",estr_eonia_1y5y_citi_2026-10-05.xlsx
2011-11-09,,1.477790,0.488000,1.186830,"Citi Velocity, exported by Charlie",estr_eonia_1y5y_citi_2026-10-05.xlsx
2011-11-10,,1.480440,0.492000,1.191300,"Citi Velocity, exported by Charlie",estr_eonia_1y5y_citi_2026-10-05.xlsx
2011-11-11,,1.556490,0.497000,1.257520,"Citi Velocity, exported by Charlie",estr_eonia_1y5y_citi_2026-10-05.xlsx
2011-11-14,,1.501150,0.471000,1.205270,"Citi Velocity, exported by Charlie",estr_eonia_1y5y_citi_2026-10-05.xlsx
2011-11-15,,1.486230,0.445000,1.187940,"Citi Velocity, exported by Charlie",estr_eonia_1y5y_citi_2026-10-05.xlsx
2011-11-16,,1.544150,0.473000,1.241960,"Citi Velocity, exported by Charlie",estr_eonia_1y5y_citi_2026-10-05.xlsx
2011-11-17,,1.647910,0.520000,1.311050,"Citi Velocity, exported by Charlie",estr_eonia_1y5y_citi_2026-10-05.xlsx
2011-11-18,,1.681610,0.512000,1.330930,"Citi Velocity, exported by Charlie",estr_eonia_1y5y_citi_2026-10-05.xlsx
2011-11-21,,1.638130,0.505000,1.283360,"Citi Velocity, exported by Charlie",estr_eonia_1y5y_citi_2026-10-05.xlsx
2011-11-22,,1.606040,0.496000,1.259080,"Citi Velocity, exported by Charlie",estr_eonia_1y5y_citi_2026-10-05.xlsx
2011-11-23,,1.638680,0.512000,1.296650,"Citi Velocity, exported by Charlie",estr_eonia_1y5y_citi_2026-10-05.xlsx
2011-11-24,,1.686380,0.514000,1.354490,"Citi Velocity, exported by Charlie",estr_eonia_1y5y_citi_2026-10-05.xlsx
2011-11-25,,1.708460,0.515000,1.383530,"Citi Velocity, exported by Charlie",estr_eonia_1y5y_citi_2026-10-05.xlsx
2011-11-28,,1.754920,0.506000,1.433790,"Citi Velocity, exported by Charlie",estr_eonia_1y5y_citi_2026-10-05.xlsx
2011-11-29,,1.781040,0.484000,1.474860,"Citi Velocity, exported by Charlie",estr_eonia_1y5y_citi_2026-10-05.xlsx
2011-11-30,,1.660680,0.435000,1.376520,"Citi Velocity, exported by Charlie",estr_eonia_1y5y_citi_2026-10-05.xlsx
2011-12-01,,1.609510,0.421000,1.330720,"Citi Velocity, exported by Charlie",estr_eonia_1y5y_citi_2026-10-05.xlsx
2011-12-02,,1.623320,0.447000,1.346430,"Citi Velocity, exported by Charlie",estr_eonia_1y5y_citi_2026-10-05.xlsx
2011-12-05,,1.649240,0.467000,1.381670,"Citi Velocity, exported by Charlie",estr_eonia_1y5y_citi_2026-10-05.xlsx
2011-12-06,,1.660870,0.457000,1.403560,"Citi Velocity, exported by Charlie",estr_eonia_1y5y_citi_2026-10-05.xlsx
2011-12-07,,1.616250,0.446000,1.368670,"Citi Velocity, exported by Charlie",estr_eonia_1y5y_citi_2026-10-05.xlsx
2011-12-08,,1.521890,0.412000,1.254920,"Citi Velocity, exported by Charlie",estr_eonia_1y5y_citi_2026-10-05.xlsx
2011-12-09,,1.590060,0.457000,1.327070,"Citi Velocity, exported by Charlie",estr_eonia_1y5y_citi_2026-10-05.xlsx
2011-12-12,,1.509240,0.441000,1.241900,"Citi Velocity, exported by Charlie",estr_eonia_1y5y_citi_2026-10-05.xlsx
2011-12-13,,1.516100,0.447000,1.242140,"Citi Velocity, exported by Charlie",estr_eonia_1y5y_citi_2026-10-05.xlsx
2011-12-14,,1.482090,0.439000,1.191950,"Citi Velocity, exported by Charlie",estr_eonia_1y5y_citi_2026-10-05.xlsx
2011-12-15,,1.478790,0.436000,1.194560,"Citi Velocity, exported by Charlie",estr_eonia_1y5y_citi_2026-10-05.xlsx
2011-12-16,,1.410870,0.438000,1.141790,"Citi Velocity, exported by Charlie",estr_eonia_1y5y_citi_2026-10-05.xlsx
2011-12-19,,1.425700,0.443000,1.155480,"Citi Velocity, exported by Charlie",estr_eonia_1y5y_citi_2026-10-05.xlsx
2011-12-20,,1.475210,0.428000,1.205980,"Citi Velocity, exported by Charlie",estr_eonia_1y5y_citi_2026-10-05.xlsx
2011-12-21,,1.468840,0.435000,1.205530,"Citi Velocity, exported by Charlie",estr_eonia_1y5y_citi_2026-10-05.xlsx
2011-12-22,,1.457210,0.438000,1.189290,"Citi Velocity, exported by Charlie",estr_eonia_1y5y_citi_2026-10-05.xlsx
2011-12-23,,1.465800,0.422000,1.195980,"Citi Velocity, exported by Charlie",estr_eonia_1y5y_citi_2026-10-05.xlsx
2011-12-28,,1.392220,0.395000,1.130410,"Citi Velocity, exported by Charlie",estr_eonia_1y5y_citi_2026-10-05.xlsx
2011-12-29,,1.372340,0.380000,1.111380,"Citi Velocity, exported by Charlie",estr_eonia_1y5y_citi_2026-10-05.xlsx
2011-12-30,,1.369880,0.377000,1.112010,"Citi Velocity, exported by Charlie",estr_eonia_1y5y_citi_2026-10-05.xlsx
2012-01-03,,1.349630,0.378000,1.084270,"Citi Velocity, exported by Charlie",estr_eonia_1y5y_citi_2026-10-05.xlsx
2012-01-04,,1.326710,0.363000,1.071810,"Citi Velocity, exported by Charlie",estr_eonia_1y5y_citi_2026-10-05.xlsx
2012-01-05,,1.309480,0.349000,1.057650,"Citi Velocity, exported by Charlie",estr_eonia_1y5y_citi_2026-10-05.xlsx
2012-01-06,,1.317030,0.352000,1.059990,"Citi Velocity, exported by Charlie",estr_eonia_1y5y_citi_2026-10-05.xlsx
2012-01-09,,1.282780,0.333000,1.022720,"Citi Velocity, exported by Charlie",estr_eonia_1y5y_citi_2026-10-05.xlsx
2012-01-10,,1.297820,0.346000,1.034620,"Citi Velocity, exported by Charlie",estr_eonia_1y5y_citi_2026-10-05.xlsx
2012-01-11,,1.230550,0.333000,0.963125,"Citi Velocity, exported by Charlie",estr_eonia_1y5y_citi_2026-10-05.xlsx
2012-01-12,,1.209150,0.328000,0.955556,"Citi Velocity, exported by Charlie",estr_eonia_1y5y_citi_2026-10-05.xlsx
2012-01-13,,1.160740,0.327000,0.933161,"Citi Velocity, exported by Charlie",estr_eonia_1y5y_citi_2026-10-05.xlsx
2012-01-16,,1.171280,0.330000,0.967342,"Citi Velocity, exported by Charlie",estr_eonia_1y5y_citi_2026-10-05.xlsx
2012-01-17,,1.210390,0.350000,1.007510,"Citi Velocity, exported by Charlie",estr_eonia_1y5y_citi_2026-10-05.xlsx
2012-01-18,,1.181930,0.351000,0.992960,"Citi Velocity, exported by Charlie",estr_eonia_1y5y_citi_2026-10-05.xlsx
2012-01-19,,1.233500,0.351000,1.044900,"Citi Velocity, exported by Charlie",estr_eonia_1y5y_citi_2026-10-05.xlsx
2012-01-20,,1.239440,0.336000,1.072580,"Citi Velocity, exported by Charlie",estr_eonia_1y5y_citi_2026-10-05.xlsx
2012-01-23,,1.253270,0.337000,1.100670,"Citi Velocity, exported by Charlie",estr_eonia_1y5y_citi_2026-10-05.xlsx
2012-01-24,,1.301690,0.362000,1.130300,"Citi Velocity, exported by Charlie",estr_eonia_1y5y_citi_2026-10-05.xlsx
2012-01-25,,1.291970,0.351000,1.119050,"Citi Velocity, exported by Charlie",estr_eonia_1y5y_citi_2026-10-05.xlsx
2012-01-26,,1.228450,0.346000,1.057090,"Citi Velocity, exported by Charlie",estr_eonia_1y5y_citi_2026-10-05.xlsx
2012-01-27,,1.227240,0.348000,1.041650,"Citi Velocity, exported by Charlie",estr_eonia_1y5y_citi_2026-10-05.xlsx
2012-01-30,,1.184100,0.345000,1.000070,"Citi Velocity, exported by Charlie",estr_eonia_1y5y_citi_2026-10-05.xlsx
2012-01-31,,1.118850,0.337000,0.966400,"Citi Velocity, exported by Charlie",estr_eonia_1y5y_citi_2026-10-05.xlsx
2012-02-01,,1.100710,0.343000,0.967014,"Citi Velocity, exported by Charlie",estr_eonia_1y5y_citi_2026-10-05.xlsx
2012-02-02,,1.125720,0.333000,0.976291,"Citi Velocity, exported by Charlie",estr_eonia_1y5y_citi_2026-10-05.xlsx
2012-02-03,,1.186530,0.325000,1.023170,"Citi Velocity, exported by Charlie",estr_eonia_1y5y_citi_2026-10-05.xlsx
2012-02-06,,1.152830,0.324000,0.991564,"Citi Velocity, exported by Charlie",estr_eonia_1y5y_citi_2026-10-05.xlsx
2012-02-07,,1.182590,0.333000,1.023240,"Citi Velocity, exported by Charlie",estr_eonia_1y5y_citi_2026-10-05.xlsx
2012-02-08,,1.211930,0.345000,1.054860,"Citi Velocity, exported by Charlie",estr_eonia_1y5y_citi_2026-10-05.xlsx
2012-02-09,,1.249000,0.352000,1.091640,"Citi Velocity, exported by Charlie",estr_eonia_1y5y_citi_2026-10-05.xlsx
2012-02-10,,1.193440,0.357000,1.028540,"Citi Velocity, exported by Charlie",estr_eonia_1y5y_citi_2026-10-05.xlsx
2012-02-13,,1.185330,0.357000,1.019040,"Citi Velocity, exported by Charlie",estr_eonia_1y5y_citi_2026-10-05.xlsx
2012-02-14,,1.158740,0.348000,0.988289,"Citi Velocity, exported by Charlie",estr_eonia_1y5y_citi_2026-10-05.xlsx
2012-02-15,,1.128840,0.349000,0.956567,"Citi Velocity, exported by Charlie",estr_eonia_1y5y_citi_2026-10-05.xlsx
2012-02-16,,1.161990,0.350000,0.978429,"Citi Velocity, exported by Charlie",estr_eonia_1y5y_citi_2026-10-05.xlsx
2012-02-17,,1.198880,0.359000,1.018420,"Citi Velocity, exported by Charlie",estr_eonia_1y5y_citi_2026-10-05.xlsx
2012-02-20,,1.209320,0.355000,1.030990,"Citi Velocity, exported by Charlie",estr_eonia_1y5y_citi_2026-10-05.xlsx
2012-02-21,,1.202730,0.355000,1.028340,"Citi Velocity, exported by Charlie",estr_eonia_1y5y_citi_2026-10-05.xlsx
2012-02-22,,1.189470,0.362000,1.016240,"Citi Velocity, exported by Charlie",estr_eonia_1y5y_citi_2026-10-05.xlsx
2012-02-23,,1.171050,0.363084,0.992646,"Citi Velocity, exported by Charlie",estr_eonia_1y5y_citi_2026-10-05.xlsx
2012-02-24,,1.157510,0.357134,0.986024,"Citi Velocity, exported by Charlie",estr_eonia_1y5y_citi_2026-10-05.xlsx
2012-02-27,,1.104350,0.348766,0.944330,"Citi Velocity, exported by Charlie",estr_eonia_1y5y_citi_2026-10-05.xlsx
2012-02-28,,1.110830,0.357759,0.953702,"Citi Velocity, exported by Charlie",estr_eonia_1y5y_citi_2026-10-05.xlsx
2012-02-29,,1.119270,0.343850,0.965211,"Citi Velocity, exported by Charlie",estr_eonia_1y5y_citi_2026-10-05.xlsx
2012-03-01,,1.138850,0.345371,0.999096,"Citi Velocity, exported by Charlie",estr_eonia_1y5y_citi_2026-10-05.xlsx
2012-03-02,,1.071160,0.338857,0.958081,"Citi Velocity, exported by Charlie",estr_eonia_1y5y_citi_2026-10-05.xlsx
2012-03-05,,1.103000,0.346758,0.987511,"Citi Velocity, exported by Charlie",estr_eonia_1y5y_citi_2026-10-05.xlsx
2012-03-06,,1.097090,0.346651,0.976656,"Citi Velocity, exported by Charlie",estr_eonia_1y5y_citi_2026-10-05.xlsx
2012-03-07,,1.095550,0.333563,0.962064,"Citi Velocity, exported by Charlie",estr_eonia_1y5y_citi_2026-10-05.xlsx
2012-03-08,,1.104710,0.339694,0.963057,"Citi Velocity, exported by Charlie",estr_eonia_1y5y_citi_2026-10-05.xlsx
2012-03-09,,1.087730,0.343068,0.952460,"Citi Velocity, exported by Charlie",estr_eonia_1y5y_citi_2026-10-05.xlsx
2012-03-12,,1.070270,0.346943,0.935862,"Citi Velocity, exported by Charlie",estr_eonia_1y5y_citi_2026-10-05.xlsx
2012-03-13,,1.100730,0.353886,0.966381,"Citi Velocity, exported by Charlie",estr_eonia_1y5y_citi_2026-10-05.xlsx
2012-03-14,,1.197460,0.367797,1.067440,"Citi Velocity, exported by Charlie",estr_eonia_1y5y_citi_2026-10-05.xlsx
2012-03-15,,1.225340,0.373600,1.106750,"Citi Velocity, exported by Charlie",estr_eonia_1y5y_citi_2026-10-05.xlsx
2012-03-16,,1.302350,0.388650,1.194060,"Citi Velocity, exported by Charlie",estr_eonia_1y5y_citi_2026-10-05.xlsx
2012-03-19,,1.282060,0.381999,1.180760,"Citi Velocity, exported by Charlie",estr_eonia_1y5y_citi_2026-10-05.xlsx
2012-03-20,,1.272680,0.387999,1.176810,"Citi Velocity, exported by Charlie",estr_eonia_1y5y_citi_2026-10-05.xlsx
2012-03-21,,1.221300,0.384022,1.137080,"Citi Velocity, exported by Charlie",estr_eonia_1y5y_citi_2026-10-05.xlsx
2012-03-22,,1.192460,0.371000,1.097160,"Citi Velocity, exported by Charlie",estr_eonia_1y5y_citi_2026-10-05.xlsx
2012-03-23,,1.179490,0.369000,1.080110,"Citi Velocity, exported by Charlie",estr_eonia_1y5y_citi_2026-10-05.xlsx
2012-03-26,,1.211650,0.372000,1.106570,"Citi Velocity, exported by Charlie",estr_eonia_1y5y_citi_2026-10-05.xlsx
2012-03-27,,1.180730,0.370000,1.074300,"Citi Velocity, exported by Charlie",estr_eonia_1y5y_citi_2026-10-05.xlsx
2012-03-28,,1.155020,0.371000,1.044080,"Citi Velocity, exported by Charlie",estr_eonia_1y5y_citi_2026-10-05.xlsx
2012-03-29,,1.138290,0.375000,1.024470,"Citi Velocity, exported by Charlie",estr_eonia_1y5y_citi_2026-10-05.xlsx
2012-03-30,,1.140560,0.369000,1.023890,"Citi Velocity, exported by Charlie",estr_eonia_1y5y_citi_2026-10-05.xlsx
2012-04-02,,1.143810,0.369500,1.026170,"Citi Velocity, exported by Charlie",estr_eonia_1y5y_citi_2026-10-05.xlsx
2012-04-03,,1.157290,0.375000,1.035000,"Citi Velocity, exported by Charlie",estr_eonia_1y5y_citi_2026-10-05.xlsx
2012-04-04,,1.151330,0.375000,1.029640,"Citi Velocity, exported by Charlie",estr_eonia_1y5y_citi_2026-10-05.xlsx
2012-04-05,,1.111240,0.363000,0.980542,"Citi Velocity, exported by Charlie",estr_eonia_1y5y_citi_2026-10-05.xlsx
2012-04-10,,1.059020,0.357000,0.924221,"Citi Velocity, exported by Charlie",estr_eonia_1y5y_citi_2026-10-05.xlsx
2012-04-11,,1.099570,0.354000,0.958765,"Citi Velocity, exported by Charlie",estr_eonia_1y5y_citi_2026-10-05.xlsx
2012-04-12,,1.099060,0.350000,0.961140,"Citi Velocity, exported by Charlie",estr_eonia_1y5y_citi_2026-10-05.xlsx
2012-04-13,,1.064290,0.339000,0.929493,"Citi Velocity, exported by Charlie",estr_eonia_1y5y_citi_2026-10-05.xlsx
2012-04-16,,1.082130,0.343000,0.929371,"Citi Velocity, exported by Charlie",estr_eonia_1y5y_citi_2026-10-05.xlsx
2012-04-17,,1.100730,0.337000,0.951970,"Citi Velocity, exported by Charlie",estr_eonia_1y5y_citi_2026-10-05.xlsx
2012-04-18,,1.063770,0.335000,0.918969,"Citi Velocity, exported by Charlie",estr_eonia_1y5y_citi_2026-10-05.xlsx
2012-04-19,,1.077310,0.335000,0.924906,"Citi Velocity, exported by Charlie",estr_eonia_1y5y_citi_2026-10-05.xlsx
2012-04-20,,1.118180,0.338000,0.965058,"Citi Velocity, exported by Charlie",estr_eonia_1y5y_citi_2026-10-05.xlsx
2012-04-23,,1.080060,0.318000,0.914135,"Citi Velocity, exported by Charlie",estr_eonia_1y5y_citi_2026-10-05.xlsx
2012-04-24,,1.116110,0.319000,0.950310,"Citi Velocity, exported by Charlie",estr_eonia_1y5y_citi_2026-10-05.xlsx
2012-04-25,,1.112590,0.311000,0.952813,"Citi Velocity, exported by Charlie",estr_eonia_1y5y_citi_2026-10-05.xlsx
2012-04-26,,1.066800,0.295000,0.918174,"Citi Velocity, exported by Charlie",estr_eonia_1y5y_citi_2026-10-05.xlsx
2012-04-27,,1.049220,0.293000,0.901070,"Citi Velocity, exported by Charlie",estr_eonia_1y5y_citi_2026-10-05.xlsx
2012-04-30,,0.997825,0.280000,0.873168,"Citi Velocity, exported by Charlie",estr_eonia_1y5y_citi_2026-10-05.xlsx
2012-05-01,,0.997825,0.280000,0.873168,"Citi Velocity, exported by Charlie",estr_eonia_1y5y_citi_2026-10-05.xlsx
2012-05-02,,0.934252,0.274000,0.823939,"Citi Velocity, exported by Charlie",estr_eonia_1y5y_citi_2026-10-05.xlsx
2012-05-03,,0.953655,0.283000,0.834895,"Citi Velocity, exported by Charlie",estr_eonia_1y5y_citi_2026-10-05.xlsx
2012-05-04,,0.923617,0.281000,0.808696,"Citi Velocity, exported by Charlie",estr_eonia_1y5y_citi_2026-10-05.xlsx
2012-05-08,,0.927832,0.292000,0.800236,"Citi Velocity, exported by Charlie",estr_eonia_1y5y_citi_2026-10-05.xlsx
2012-05-09,,0.960208,0.284000,0.803150,"Citi Velocity, exported by Charlie",estr_eonia_1y5y_citi_2026-10-05.xlsx
2012-05-10,,0.952682,0.288000,0.803981,"Citi Velocity, exported by Charlie",estr_eonia_1y5y_citi_2026-10-05.xlsx
2012-05-11,,0.954974,0.287000,0.793141,"Citi Velocity, exported by Charlie",estr_eonia_1y5y_citi_2026-10-05.xlsx
2012-05-14,,0.941477,0.273000,0.757022,"Citi Velocity, exported by Charlie",estr_eonia_1y5y_citi_2026-10-05.xlsx
2012-05-15,,0.919727,0.277000,0.755740,"Citi Velocity, exported by Charlie",estr_eonia_1y5y_citi_2026-10-05.xlsx
2012-05-16,,0.945120,0.268000,0.790190,"Citi Velocity, exported by Charlie",estr_eonia_1y5y_citi_2026-10-05.xlsx
2012-05-17,,0.931538,0.277000,0.765021,"Citi Velocity, exported by Charlie",estr_eonia_1y5y_citi_2026-10-05.xlsx
2012-05-18,,0.928557,0.281000,0.763389,"Citi Velocity, exported by Charlie",estr_eonia_1y5y_citi_2026-10-05.xlsx
2012-05-21,,0.937839,0.274000,0.774499,"Citi Velocity, exported by Charlie",estr_eonia_1y5y_citi_2026-10-05.xlsx
2012-05-22,,0.924882,0.273000,0.769652,"Citi Velocity, exported by Charlie",estr_eonia_1y5y_citi_2026-10-05.xlsx
2012-05-23,,0.858582,0.270000,0.714889,"Citi Velocity, exported by Charlie",estr_eonia_1y5y_citi_2026-10-05.xlsx
2012-05-24,,0.834210,0.246000,0.700849,"Citi Velocity, exported by Charlie",estr_eonia_1y5y_citi_2026-10-05.xlsx
2012-05-25,,0.829844,0.251000,0.701136,"Citi Velocity, exported by Charlie",estr_eonia_1y5y_citi_2026-10-05.xlsx
2012-05-28,,0.809414,0.249000,0.683740,"Citi Velocity, exported by Charlie",estr_eonia_1y5y_citi_2026-10-05.xlsx
2012-05-29,,0.826120,0.254000,0.693207,"Citi Velocity, exported by Charlie",estr_eonia_1y5y_citi_2026-10-05.xlsx
2012-05-30,,0.751934,0.234000,0.619600,"Citi Velocity, exported by Charlie",estr_eonia_1y5y_citi_2026-10-05.xlsx
2012-05-31,,0.727914,0.238000,0.593806,"Citi Velocity, exported by Charlie",estr_eonia_1y5y_citi_2026-10-05.xlsx
2012-06-01,,0.730575,0.228000,0.588395,"Citi Velocity, exported by Charlie",estr_eonia_1y5y_citi_2026-10-05.xlsx
2012-06-06,,0.839104,0.246000,0.707399,"Citi Velocity, exported by Charlie",estr_eonia_1y5y_citi_2026-10-05.xlsx
2012-06-07,,0.882262,0.262000,0.759225,"Citi Velocity, exported by Charlie",estr_eonia_1y5y_citi_2026-10-05.xlsx
2012-06-08,,0.859369,0.229000,0.734256,"Citi Velocity, exported by Charlie",estr_eonia_1y5y_citi_2026-10-05.xlsx
2012-06-11,,0.843255,0.238000,0.718387,"Citi Velocity, exported by Charlie",estr_eonia_1y5y_citi_2026-10-05.xlsx
2012-06-12,,0.919283,0.250000,0.794839,"Citi Velocity, exported by Charlie",estr_eonia_1y5y_citi_2026-10-05.xlsx
2012-06-13,,0.966058,0.259000,0.835857,"Citi Velocity, exported by Charlie",estr_eonia_1y5y_citi_2026-10-05.xlsx
2012-06-14,,0.955595,0.245000,0.821996,"Citi Velocity, exported by Charlie",estr_eonia_1y5y_citi_2026-10-05.xlsx
2012-06-15,,0.869948,0.214000,0.745440,"Citi Velocity, exported by Charlie",estr_eonia_1y5y_citi_2026-10-05.xlsx
2012-06-18,,0.836998,0.191000,0.713053,"Citi Velocity, exported by Charlie",estr_eonia_1y5y_citi_2026-10-05.xlsx
2012-06-19,,0.921815,0.208000,0.794760,"Citi Velocity, exported by Charlie",estr_eonia_1y5y_citi_2026-10-05.xlsx
2012-06-20,,0.940960,0.222000,0.821162,"Citi Velocity, exported by Charlie",estr_eonia_1y5y_citi_2026-10-05.xlsx
2012-06-21,,0.868082,0.206000,0.761034,"Citi Velocity, exported by Charlie",estr_eonia_1y5y_citi_2026-10-05.xlsx
2012-06-22,,0.891562,0.208000,0.800768,"Citi Velocity, exported by Charlie",estr_eonia_1y5y_citi_2026-10-05.xlsx
2012-06-25,,0.820661,0.199000,0.730129,"Citi Velocity, exported by Charlie",estr_eonia_1y5y_citi_2026-10-05.xlsx
2012-06-26,,0.855590,0.207000,0.761535,"Citi Velocity, exported by Charlie",estr_eonia_1y5y_citi_2026-10-05.xlsx
2012-06-27,,0.887417,0.208000,0.794083,"Citi Velocity, exported by Charlie",estr_eonia_1y5y_citi_2026-10-05.xlsx
2012-06-28,,0.856704,0.217000,0.765746,"Citi Velocity, exported by Charlie",estr_eonia_1y5y_citi_2026-10-05.xlsx
2012-06-29,,0.886842,0.224000,0.788945,"Citi Velocity, exported by Charlie",estr_eonia_1y5y_citi_2026-10-05.xlsx
2012-07-02,,0.840109,0.219000,0.742112,"Citi Velocity, exported by Charlie",estr_eonia_1y5y_citi_2026-10-05.xlsx
2012-07-03,,0.829000,0.217000,0.738168,"Citi Velocity, exported by Charlie",estr_eonia_1y5y_citi_2026-10-05.xlsx
2012-07-04,,0.804802,0.206000,0.701373,"Citi Velocity, exported by Charlie",estr_eonia_1y5y_citi_2026-10-05.xlsx
2012-07-05,,0.740804,0.136000,0.631733,"Citi Velocity, exported by Charlie",estr_eonia_1y5y_citi_2026-10-05.xlsx
2012-07-06,,0.693109,0.122000,0.597460,"Citi Velocity, exported by Charlie",estr_eonia_1y5y_citi_2026-10-05.xlsx
2012-07-09,,0.715657,0.138000,0.617465,"Citi Velocity, exported by Charlie",estr_eonia_1y5y_citi_2026-10-05.xlsx
2012-07-10,,0.716552,0.129000,0.616381,"Citi Velocity, exported by Charlie",estr_eonia_1y5y_citi_2026-10-05.xlsx
2012-07-11,,0.696011,0.113000,0.595808,"Citi Velocity, exported by Charlie",estr_eonia_1y5y_citi_2026-10-05.xlsx
2012-07-12,,0.666916,0.103000,0.578760,"Citi Velocity, exported by Charlie",estr_eonia_1y5y_citi_2026-10-05.xlsx
2012-07-13,,0.668119,0.109000,0.604987,"Citi Velocity, exported by Charlie",estr_eonia_1y5y_citi_2026-10-05.xlsx
2012-07-16,,0.657274,0.101000,0.596029,"Citi Velocity, exported by Charlie",estr_eonia_1y5y_citi_2026-10-05.xlsx
2012-07-17,,0.651829,0.092000,0.586795,"Citi Velocity, exported by Charlie",estr_eonia_1y5y_citi_2026-10-05.xlsx
2012-07-18,,0.628635,0.078000,0.550730,"Citi Velocity, exported by Charlie",estr_eonia_1y5y_citi_2026-10-05.xlsx
2012-07-19,,0.638068,0.079000,0.560421,"Citi Velocity, exported by Charlie",estr_eonia_1y5y_citi_2026-10-05.xlsx
2012-07-20,,0.594372,0.056000,0.516856,"Citi Velocity, exported by Charlie",estr_eonia_1y5y_citi_2026-10-05.xlsx
2012-07-23,,0.618089,0.057000,0.534551,"Citi Velocity, exported by Charlie",estr_eonia_1y5y_citi_2026-10-05.xlsx
2012-07-24,,0.651499,0.059000,0.541538,"Citi Velocity, exported by Charlie",estr_eonia_1y5y_citi_2026-10-05.xlsx
2012-07-25,,0.672188,0.078000,0.566109,"Citi Velocity, exported by Charlie",estr_eonia_1y5y_citi_2026-10-05.xlsx
2012-07-26,,0.694209,0.078000,0.588144,"Citi Velocity, exported by Charlie",estr_eonia_1y5y_citi_2026-10-05.xlsx
2012-07-27,,0.741029,0.070000,0.627043,"Citi Velocity, exported by Charlie",estr_eonia_1y5y_citi_2026-10-05.xlsx
2012-07-30,,0.688686,0.032000,0.581986,"Citi Velocity, exported by Charlie",estr_eonia_1y5y_citi_2026-10-05.xlsx
2012-07-31,,0.634327,0.038000,0.532221,"Citi Velocity, exported by Charlie",estr_eonia_1y5y_citi_2026-10-05.xlsx
2012-08-01,,0.679815,0.039000,0.571348,"Citi Velocity, exported by Charlie",estr_eonia_1y5y_citi_2026-10-05.xlsx
2012-08-02,,0.629390,0.057000,0.527582,"Citi Velocity, exported by Charlie",estr_eonia_1y5y_citi_2026-10-05.xlsx
2012-08-03,,0.735610,0.075000,0.633534,"Citi Velocity, exported by Charlie",estr_eonia_1y5y_citi_2026-10-05.xlsx
2012-08-06,,0.703709,0.048000,0.603573,"Citi Velocity, exported by Charlie",estr_eonia_1y5y_citi_2026-10-05.xlsx
2012-08-07,,0.737948,0.054000,0.637871,"Citi Velocity, exported by Charlie",estr_eonia_1y5y_citi_2026-10-05.xlsx
2012-08-08,,0.700465,0.048000,0.600362,"Citi Velocity, exported by Charlie",estr_eonia_1y5y_citi_2026-10-05.xlsx
2012-08-09,,0.689262,0.040000,0.598332,"Citi Velocity, exported by Charlie",estr_eonia_1y5y_citi_2026-10-05.xlsx
2012-08-10,,0.642209,0.043000,0.564523,"Citi Velocity, exported by Charlie",estr_eonia_1y5y_citi_2026-10-05.xlsx
2012-08-13,,0.658685,0.054000,0.578358,"Citi Velocity, exported by Charlie",estr_eonia_1y5y_citi_2026-10-05.xlsx
2012-08-14,,0.693392,0.055000,0.619142,"Citi Velocity, exported by Charlie",estr_eonia_1y5y_citi_2026-10-05.xlsx
2012-08-15,,0.756035,0.058000,0.682288,"Citi Velocity, exported by Charlie",estr_eonia_1y5y_citi_2026-10-05.xlsx
2012-08-16,,0.718307,0.059000,0.648981,"Citi Velocity, exported by Charlie",estr_eonia_1y5y_citi_2026-10-05.xlsx
2012-08-17,,0.686949,0.053000,0.627248,"Citi Velocity, exported by Charlie",estr_eonia_1y5y_citi_2026-10-05.xlsx
2012-08-20,,0.671358,0.051000,0.633396,"Citi Velocity, exported by Charlie",estr_eonia_1y5y_citi_2026-10-05.xlsx
2012-08-21,,0.705591,0.061000,0.665479,"Citi Velocity, exported by Charlie",estr_eonia_1y5y_citi_2026-10-05.xlsx
2012-08-22,,0.657692,0.058000,0.614963,"Citi Velocity, exported by Charlie",estr_eonia_1y5y_citi_2026-10-05.xlsx
2012-08-23,,0.605371,0.052000,0.563687,"Citi Velocity, exported by Charlie",estr_eonia_1y5y_citi_2026-10-05.xlsx
2012-08-24,,0.604781,0.051000,0.561764,"Citi Velocity, exported by Charlie",estr_eonia_1y5y_citi_2026-10-05.xlsx
2012-08-28,,0.611787,0.059000,0.555934,"Citi Velocity, exported by Charlie",estr_eonia_1y5y_citi_2026-10-05.xlsx
2012-08-29,,0.631586,0.055000,0.571987,"Citi Velocity, exported by Charlie",estr_eonia_1y5y_citi_2026-10-05.xlsx
2012-08-30,,0.582375,0.045000,0.528043,"Citi Velocity, exported by Charlie",estr_eonia_1y5y_citi_2026-10-05.xlsx
2012-08-31,,0.603313,0.052000,0.547596,"Citi Velocity, exported by Charlie",estr_eonia_1y5y_citi_2026-10-05.xlsx
2012-09-03,,0.629623,0.055000,0.571306,"Citi Velocity, exported by Charlie",estr_eonia_1y5y_citi_2026-10-05.xlsx
2012-09-04,,0.616077,0.051000,0.560073,"Citi Velocity, exported by Charlie",estr_eonia_1y5y_citi_2026-10-05.xlsx
2012-09-05,,0.622329,0.051000,0.572776,"Citi Velocity, exported by Charlie",estr_eonia_1y5y_citi_2026-10-05.xlsx
2012-09-06,,0.704020,0.068000,0.663810,"Citi Velocity, exported by Charlie",estr_eonia_1y5y_citi_2026-10-05.xlsx
2012-09-07,,0.679926,0.063000,0.637228,"Citi Velocity, exported by Charlie",estr_eonia_1y5y_citi_2026-10-05.xlsx
2012-09-10,,0.666030,0.065000,0.630159,"Citi Velocity, exported by Charlie",estr_eonia_1y5y_citi_2026-10-05.xlsx
2012-09-11,,0.678578,0.071000,0.640888,"Citi Velocity, exported by Charlie",estr_eonia_1y5y_citi_2026-10-05.xlsx
2012-09-12,,0.735696,0.085000,0.704089,"Citi Velocity, exported by Charlie",estr_eonia_1y5y_citi_2026-10-05.xlsx
2012-09-13,,0.705153,0.077000,0.671209,"Citi Velocity, exported by Charlie",estr_eonia_1y5y_citi_2026-10-05.xlsx
2012-09-14,,0.781472,0.085000,0.745097,"Citi Velocity, exported by Charlie",estr_eonia_1y5y_citi_2026-10-05.xlsx
2012-09-17,,0.763998,0.081000,0.724747,"Citi Velocity, exported by Charlie",estr_eonia_1y5y_citi_2026-10-05.xlsx
2012-09-18,,0.744460,0.074000,0.700976,"Citi Velocity, exported by Charlie",estr_eonia_1y5y_citi_2026-10-05.xlsx
2012-09-19,,0.705756,0.070000,0.672461,"Citi Velocity, exported by Charlie",estr_eonia_1y5y_citi_2026-10-05.xlsx
2012-09-20,,0.673696,0.054000,0.630020,"Citi Velocity, exported by Charlie",estr_eonia_1y5y_citi_2026-10-05.xlsx
2012-09-21,,0.687302,0.052000,0.640572,"Citi Velocity, exported by Charlie",estr_eonia_1y5y_citi_2026-10-05.xlsx
2012-09-24,,0.675814,0.064000,0.631713,"Citi Velocity, exported by Charlie",estr_eonia_1y5y_citi_2026-10-05.xlsx
2012-09-25,,0.734789,0.076000,0.678459,"Citi Velocity, exported by Charlie",estr_eonia_1y5y_citi_2026-10-05.xlsx
2012-09-26,,0.666590,0.065000,0.612681,"Citi Velocity, exported by Charlie",estr_eonia_1y5y_citi_2026-10-05.xlsx
2012-09-27,,0.663058,0.067000,0.621387,"Citi Velocity, exported by Charlie",estr_eonia_1y5y_citi_2026-10-05.xlsx
2012-09-28,,0.658107,0.068000,0.609280,"Citi Velocity, exported by Charlie",estr_eonia_1y5y_citi_2026-10-05.xlsx
2012-10-01,,0.689683,0.077000,0.636112,"Citi Velocity, exported by Charlie",estr_eonia_1y5y_citi_2026-10-05.xlsx
2012-10-02,,0.684291,0.072000,0.632339,"Citi Velocity, exported by Charlie",estr_eonia_1y5y_citi_2026-10-05.xlsx
2012-10-03,,0.663971,0.068000,0.613770,"Citi Velocity, exported by Charlie",estr_eonia_1y5y_citi_2026-10-05.xlsx
2012-10-04,,0.667871,0.076000,0.616975,"Citi Velocity, exported by Charlie",estr_eonia_1y5y_citi_2026-10-05.xlsx
2012-10-05,,0.696575,0.077000,0.645257,"Citi Velocity, exported by Charlie",estr_eonia_1y5y_citi_2026-10-05.xlsx
2012-10-08,,0.654897,0.069000,0.605539,"Citi Velocity, exported by Charlie",estr_eonia_1y5y_citi_2026-10-05.xlsx
2012-10-09,,0.653261,0.066000,0.602663,"Citi Velocity, exported by Charlie",estr_eonia_1y5y_citi_2026-10-05.xlsx
2012-10-10,,0.654795,0.070000,0.604841,"Citi Velocity, exported by Charlie",estr_eonia_1y5y_citi_2026-10-05.xlsx
2012-10-11,,0.662402,0.071000,0.604464,"Citi Velocity, exported by Charlie",estr_eonia_1y5y_citi_2026-10-05.xlsx
2012-10-12,,0.650847,0.071000,0.590979,"Citi Velocity, exported by Charlie",estr_eonia_1y5y_citi_2026-10-05.xlsx
2012-10-15,,0.664477,0.079000,0.603002,"Citi Velocity, exported by Charlie",estr_eonia_1y5y_citi_2026-10-05.xlsx
2012-10-16,,0.708787,0.084000,0.650081,"Citi Velocity, exported by Charlie",estr_eonia_1y5y_citi_2026-10-05.xlsx
2012-10-17,,0.755238,0.092000,0.701775,"Citi Velocity, exported by Charlie",estr_eonia_1y5y_citi_2026-10-05.xlsx
2012-10-18,,0.753477,0.087000,0.707877,"Citi Velocity, exported by Charlie",estr_eonia_1y5y_citi_2026-10-05.xlsx
2012-10-19,,0.744917,0.093000,0.702987,"Citi Velocity, exported by Charlie",estr_eonia_1y5y_citi_2026-10-05.xlsx
2012-10-22,,0.769562,0.102000,0.724724,"Citi Velocity, exported by Charlie",estr_eonia_1y5y_citi_2026-10-05.xlsx
2012-10-23,,0.747720,0.097000,0.705785,"Citi Velocity, exported by Charlie",estr_eonia_1y5y_citi_2026-10-05.xlsx
2012-10-24,,0.724129,0.090000,0.680117,"Citi Velocity, exported by Charlie",estr_eonia_1y5y_citi_2026-10-05.xlsx
2012-10-25,,0.733776,0.088000,0.687743,"Citi Velocity, exported by Charlie",estr_eonia_1y5y_citi_2026-10-05.xlsx
2012-10-26,,0.712801,0.079000,0.663515,"Citi Velocity, exported by Charlie",estr_eonia_1y5y_citi_2026-10-05.xlsx
2012-10-29,,0.679778,0.080000,0.631535,"Citi Velocity, exported by Charlie",estr_eonia_1y5y_citi_2026-10-05.xlsx
2012-10-30,,0.682704,0.081000,0.632995,"Citi Velocity, exported by Charlie",estr_eonia_1y5y_citi_2026-10-05.xlsx
2012-10-31,,0.684694,0.082000,0.632460,"Citi Velocity, exported by Charlie",estr_eonia_1y5y_citi_2026-10-05.xlsx
2012-11-01,,0.540048,0.076000,0.625549,"Citi Velocity, exported by Charlie",estr_eonia_1y5y_citi_2026-10-05.xlsx
2012-11-02,,0.522595,0.065000,0.608081,"Citi Velocity, exported by Charlie",estr_eonia_1y5y_citi_2026-10-05.xlsx
2012-11-05,,0.510152,0.061000,0.595627,"Citi Velocity, exported by Charlie",estr_eonia_1y5y_citi_2026-10-05.xlsx
2012-11-06,,0.511650,0.059000,0.597126,"Citi Velocity, exported by Charlie",estr_eonia_1y5y_citi_2026-10-05.xlsx
2012-11-07,,0.460500,0.048000,0.545932,"Citi Velocity, exported by Charlie",estr_eonia_1y5y_citi_2026-10-05.xlsx
2012-11-08,,0.466651,0.054000,0.552089,"Citi Velocity, exported by Charlie",estr_eonia_1y5y_citi_2026-10-05.xlsx
2012-11-09,,0.441760,0.049000,0.527176,"Citi Velocity, exported by Charlie",estr_eonia_1y5y_citi_2026-10-05.xlsx
2012-11-12,,0.445476,0.048000,0.530896,"Citi Velocity, exported by Charlie",estr_eonia_1y5y_citi_2026-10-05.xlsx
2012-11-13,,0.436914,0.046000,0.522326,"Citi Velocity, exported by Charlie",estr_eonia_1y5y_citi_2026-10-05.xlsx
2012-11-14,,0.432458,0.045000,0.517866,"Citi Velocity, exported by Charlie",estr_eonia_1y5y_citi_2026-10-05.xlsx
2012-11-15,,0.433062,0.045000,0.518472,"Citi Velocity, exported by Charlie",estr_eonia_1y5y_citi_2026-10-05.xlsx
2012-11-16,,0.430299,0.046000,0.515706,"Citi Velocity, exported by Charlie",estr_eonia_1y5y_citi_2026-10-05.xlsx
2012-11-19,,0.441014,0.047000,0.526429,"Citi Velocity, exported by Charlie",estr_eonia_1y5y_citi_2026-10-05.xlsx
2012-11-20,,0.475056,0.049000,0.560501,"Citi Velocity, exported by Charlie",estr_eonia_1y5y_citi_2026-10-05.xlsx
2012-11-21,,0.490536,0.050000,0.575994,"Citi Velocity, exported by Charlie",estr_eonia_1y5y_citi_2026-10-05.xlsx
2012-11-22,,0.486223,0.050000,0.571678,"Citi Velocity, exported by Charlie",estr_eonia_1y5y_citi_2026-10-05.xlsx
2012-11-23,,0.486848,0.051000,0.572303,"Citi Velocity, exported by Charlie",estr_eonia_1y5y_citi_2026-10-05.xlsx
2012-11-26,,0.471113,0.051000,0.556554,"Citi Velocity, exported by Charlie",estr_eonia_1y5y_citi_2026-10-05.xlsx
2012-11-27,,0.484665,0.051000,0.570119,"Citi Velocity, exported by Charlie",estr_eonia_1y5y_citi_2026-10-05.xlsx
2012-11-28,,0.438258,0.045000,0.523672,"Citi Velocity, exported by Charlie",estr_eonia_1y5y_citi_2026-10-05.xlsx
2012-11-29,,0.460060,0.049000,0.545493,"Citi Velocity, exported by Charlie",estr_eonia_1y5y_citi_2026-10-05.xlsx
2012-11-30,,0.454019,0.048000,0.539446,"Citi Velocity, exported by Charlie",estr_eonia_1y5y_citi_2026-10-05.xlsx
2012-12-03,,0.478449,0.048000,0.563897,"Citi Velocity, exported by Charlie",estr_eonia_1y5y_citi_2026-10-05.xlsx
2012-12-04,,0.458209,0.048000,0.543639,"Citi Velocity, exported by Charlie",estr_eonia_1y5y_citi_2026-10-05.xlsx
2012-12-05,,0.428330,0.039000,0.513735,"Citi Velocity, exported by Charlie",estr_eonia_1y5y_citi_2026-10-05.xlsx
2012-12-06,,0.368814,0.011000,0.454168,"Citi Velocity, exported by Charlie",estr_eonia_1y5y_citi_2026-10-05.xlsx
2012-12-07,,0.347163,-0.015000,0.432498,"Citi Velocity, exported by Charlie",estr_eonia_1y5y_citi_2026-10-05.xlsx
2012-12-10,,0.357628,-0.011000,0.442972,"Citi Velocity, exported by Charlie",estr_eonia_1y5y_citi_2026-10-05.xlsx
2012-12-11,,0.371759,0.000000,0.457115,"Citi Velocity, exported by Charlie",estr_eonia_1y5y_citi_2026-10-05.xlsx
2012-12-12,,0.396319,0.015000,0.481697,"Citi Velocity, exported by Charlie",estr_eonia_1y5y_citi_2026-10-05.xlsx
2012-12-13,,0.407223,0.022000,0.492610,"Citi Velocity, exported by Charlie",estr_eonia_1y5y_citi_2026-10-05.xlsx
2012-12-14,,0.418932,0.024000,0.504329,"Citi Velocity, exported by Charlie",estr_eonia_1y5y_citi_2026-10-05.xlsx
2012-12-17,,0.423550,0.034000,0.508950,"Citi Velocity, exported by Charlie",estr_eonia_1y5y_citi_2026-10-05.xlsx
2012-12-18,,0.443589,0.037000,0.529007,"Citi Velocity, exported by Charlie",estr_eonia_1y5y_citi_2026-10-05.xlsx
2012-12-19,,0.450733,0.041000,0.536158,"Citi Velocity, exported by Charlie",estr_eonia_1y5y_citi_2026-10-05.xlsx
2012-12-20,,0.442122,0.042000,0.527540,"Citi Velocity, exported by Charlie",estr_eonia_1y5y_citi_2026-10-05.xlsx
2012-12-21,,0.418290,0.044000,0.503686,"Citi Velocity, exported by Charlie",estr_eonia_1y5y_citi_2026-10-05.xlsx
2012-12-24,,0.418274,0.044000,0.503670,"Citi Velocity, exported by Charlie",estr_eonia_1y5y_citi_2026-10-05.xlsx
2012-12-27,,0.399618,0.058000,0.484997,"Citi Velocity, exported by Charlie",estr_eonia_1y5y_citi_2026-10-05.xlsx
2012-12-28,,0.375810,0.048000,0.461169,"Citi Velocity, exported by Charlie",estr_eonia_1y5y_citi_2026-10-05.xlsx
2012-12-31,,0.375875,0.048001,0.461236,"Citi Velocity, exported by Charlie",estr_eonia_1y5y_citi_2026-10-05.xlsx
2013-01-02,,0.453384,0.055000,0.538810,"Citi Velocity, exported by Charlie",estr_eonia_1y5y_citi_2026-10-05.xlsx
2013-01-03,,0.484060,0.059000,0.569513,"Citi Velocity, exported by Charlie",estr_eonia_1y5y_citi_2026-10-05.xlsx
2013-01-04,,0.527420,0.077000,0.612910,"Citi Velocity, exported by Charlie",estr_eonia_1y5y_citi_2026-10-05.xlsx
2013-01-07,,0.508817,0.071000,0.594291,"Citi Velocity, exported by Charlie",estr_eonia_1y5y_citi_2026-10-05.xlsx
2013-01-08,,0.478614,0.062000,0.564062,"Citi Velocity, exported by Charlie",estr_eonia_1y5y_citi_2026-10-05.xlsx
2013-01-09,,0.469676,0.059000,0.555117,"Citi Velocity, exported by Charlie",estr_eonia_1y5y_citi_2026-10-05.xlsx
2013-01-10,,0.542849,0.092000,0.628353,"Citi Velocity, exported by Charlie",estr_eonia_1y5y_citi_2026-10-05.xlsx
2013-01-11,,0.593261,0.116000,0.678808,"Citi Velocity, exported by Charlie",estr_eonia_1y5y_citi_2026-10-05.xlsx
2013-01-14,,0.579731,0.131000,0.665267,"Citi Velocity, exported by Charlie",estr_eonia_1y5y_citi_2026-10-05.xlsx
2013-01-15,,0.568913,0.130000,0.654438,"Citi Velocity, exported by Charlie",estr_eonia_1y5y_citi_2026-10-05.xlsx
2013-01-16,,0.566795,0.133000,0.652319,"Citi Velocity, exported by Charlie",estr_eonia_1y5y_citi_2026-10-05.xlsx
2013-01-17,,0.638431,0.183000,0.724017,"Citi Velocity, exported by Charlie",estr_eonia_1y5y_citi_2026-10-05.xlsx
2013-01-18,,0.616372,0.164000,0.701939,"Citi Velocity, exported by Charlie",estr_eonia_1y5y_citi_2026-10-05.xlsx
2013-01-21,,0.638499,0.163000,0.724085,"Citi Velocity, exported by Charlie",estr_eonia_1y5y_citi_2026-10-05.xlsx
2013-01-22,,0.623043,0.155000,0.708616,"Citi Velocity, exported by Charlie",estr_eonia_1y5y_citi_2026-10-05.xlsx
2013-01-23,,0.591319,0.160000,0.676864,"Citi Velocity, exported by Charlie",estr_eonia_1y5y_citi_2026-10-05.xlsx
2013-01-24,,0.632343,0.179000,0.717924,"Citi Velocity, exported by Charlie",estr_eonia_1y5y_citi_2026-10-05.xlsx
2013-01-25,,0.740500,0.238000,0.826174,"Citi Velocity, exported by Charlie",estr_eonia_1y5y_citi_2026-10-05.xlsx
2013-01-28,,0.811911,0.242000,0.897646,"Citi Velocity, exported by Charlie",estr_eonia_1y5y_citi_2026-10-05.xlsx
2013-01-29,,0.781549,0.223000,0.867259,"Citi Velocity, exported by Charlie",estr_eonia_1y5y_citi_2026-10-05.xlsx
2013-01-30,,0.818149,0.243000,0.903889,"Citi Velocity, exported by Charlie",estr_eonia_1y5y_citi_2026-10-05.xlsx
2013-01-31,,0.773445,0.235000,0.859148,"Citi Velocity, exported by Charlie",estr_eonia_1y5y_citi_2026-10-05.xlsx
2013-02-01,,0.747639,0.223000,0.833319,"Citi Velocity, exported by Charlie",estr_eonia_1y5y_citi_2026-10-05.xlsx
2013-02-04,,0.706639,0.196000,0.792283,"Citi Velocity, exported by Charlie",estr_eonia_1y5y_citi_2026-10-05.xlsx
2013-02-05,,0.738434,0.206000,0.824105,"Citi Velocity, exported by Charlie",estr_eonia_1y5y_citi_2026-10-05.xlsx
2013-02-06,,0.725331,0.199000,0.810991,"Citi Velocity, exported by Charlie",estr_eonia_1y5y_citi_2026-10-05.xlsx
2013-02-07,,0.676754,0.176000,0.762373,"Citi Velocity, exported by Charlie",estr_eonia_1y5y_citi_2026-10-05.xlsx
2013-02-08,,0.669366,0.170000,0.754978,"Citi Velocity, exported by Charlie",estr_eonia_1y5y_citi_2026-10-05.xlsx
2013-02-11,,0.677541,0.171000,0.763161,"Citi Velocity, exported by Charlie",estr_eonia_1y5y_citi_2026-10-05.xlsx
2013-02-12,,0.707329,0.176000,0.792974,"Citi Velocity, exported by Charlie",estr_eonia_1y5y_citi_2026-10-05.xlsx
2013-02-13,,0.747785,0.180000,0.833464,"Citi Velocity, exported by Charlie",estr_eonia_1y5y_citi_2026-10-05.xlsx
2013-02-14,,0.695360,0.154000,0.780995,"Citi Velocity, exported by Charlie",estr_eonia_1y5y_citi_2026-10-05.xlsx
2013-02-15,,0.709521,0.157000,0.795168,"Citi Velocity, exported by Charlie",estr_eonia_1y5y_citi_2026-10-05.xlsx
2013-02-18,,0.684303,0.151000,0.769928,"Citi Velocity, exported by Charlie",estr_eonia_1y5y_citi_2026-10-05.xlsx
2013-02-19,,0.678270,0.153000,0.763889,"Citi Velocity, exported by Charlie",estr_eonia_1y5y_citi_2026-10-05.xlsx
2013-02-20,,0.710777,0.161000,0.796425,"Citi Velocity, exported by Charlie",estr_eonia_1y5y_citi_2026-10-05.xlsx
2013-02-21,,0.658662,0.148000,0.744265,"Citi Velocity, exported by Charlie",estr_eonia_1y5y_citi_2026-10-05.xlsx
2013-02-22,,0.619947,0.123000,0.705517,"Citi Velocity, exported by Charlie",estr_eonia_1y5y_citi_2026-10-05.xlsx
2013-02-25,,0.627277,0.129000,0.712853,"Citi Velocity, exported by Charlie",estr_eonia_1y5y_citi_2026-10-05.xlsx
2013-02-26,,0.558633,0.107000,0.644149,"Citi Velocity, exported by Charlie",estr_eonia_1y5y_citi_2026-10-05.xlsx
2013-02-27,,0.549179,0.103000,0.634688,"Citi Velocity, exported by Charlie",estr_eonia_1y5y_citi_2026-10-05.xlsx
2013-02-28,,0.533029,0.080000,0.618524,"Citi Velocity, exported by Charlie",estr_eonia_1y5y_citi_2026-10-05.xlsx
2013-03-01,,0.495218,0.078000,0.580680,"Citi Velocity, exported by Charlie",estr_eonia_1y5y_citi_2026-10-05.xlsx
2013-03-04,,0.509852,0.078000,0.595327,"Citi Velocity, exported by Charlie",estr_eonia_1y5y_citi_2026-10-05.xlsx
2013-03-05,,0.531308,0.087000,0.616802,"Citi Velocity, exported by Charlie",estr_eonia_1y5y_citi_2026-10-05.xlsx
2013-03-06,,0.518260,0.077000,0.603742,"Citi Velocity, exported by Charlie",estr_eonia_1y5y_citi_2026-10-05.xlsx
2013-03-07,,0.563126,0.100000,0.648647,"Citi Velocity, exported by Charlie",estr_eonia_1y5y_citi_2026-10-05.xlsx
2013-03-08,,0.585016,0.101000,0.670555,"Citi Velocity, exported by Charlie",estr_eonia_1y5y_citi_2026-10-05.xlsx
2013-03-11,,0.570483,0.098000,0.656011,"Citi Velocity, exported by Charlie",estr_eonia_1y5y_citi_2026-10-05.xlsx
2013-03-12,,0.550017,0.100000,0.635527,"Citi Velocity, exported by Charlie",estr_eonia_1y5y_citi_2026-10-05.xlsx
2013-03-13,,0.544906,0.098000,0.630411,"Citi Velocity, exported by Charlie",estr_eonia_1y5y_citi_2026-10-05.xlsx
2013-03-14,,0.548117,0.101000,0.633625,"Citi Velocity, exported by Charlie",estr_eonia_1y5y_citi_2026-10-05.xlsx
2013-03-15,,0.533926,0.095000,0.619421,"Citi Velocity, exported by Charlie",estr_eonia_1y5y_citi_2026-10-05.xlsx
2013-03-18,,0.495554,0.091000,0.581017,"Citi Velocity, exported by Charlie",estr_eonia_1y5y_citi_2026-10-05.xlsx
2013-03-19,,0.471476,0.107000,0.556918,"Citi Velocity, exported by Charlie",estr_eonia_1y5y_citi_2026-10-05.xlsx
2013-03-20,,0.508931,0.111000,0.594405,"Citi Velocity, exported by Charlie",estr_eonia_1y5y_citi_2026-10-05.xlsx
2013-03-21,,0.491549,0.110000,0.577007,"Citi Velocity, exported by Charlie",estr_eonia_1y5y_citi_2026-10-05.xlsx
2013-03-22,,0.504292,0.118000,0.589761,"Citi Velocity, exported by Charlie",estr_eonia_1y5y_citi_2026-10-05.xlsx
2013-03-25,,0.477576,0.108000,0.563023,"Citi Velocity, exported by Charlie",estr_eonia_1y5y_citi_2026-10-05.xlsx
2013-03-26,,0.460349,0.094000,0.545781,"Citi Velocity, exported by Charlie",estr_eonia_1y5y_citi_2026-10-05.xlsx
2013-03-27,,0.432958,0.090000,0.518367,"Citi Velocity, exported by Charlie",estr_eonia_1y5y_citi_2026-10-05.xlsx
2013-03-28,,0.450958,0.091000,0.536382,"Citi Velocity, exported by Charlie",estr_eonia_1y5y_citi_2026-10-05.xlsx
2013-04-02,,0.452038,0.089000,0.537463,"Citi Velocity, exported by Charlie",estr_eonia_1y5y_citi_2026-10-05.xlsx
2013-04-03,,0.451004,0.090000,0.536428,"Citi Velocity, exported by Charlie",estr_eonia_1y5y_citi_2026-10-05.xlsx
2013-04-04,,0.416040,0.078000,0.501434,"Citi Velocity, exported by Charlie",estr_eonia_1y5y_citi_2026-10-05.xlsx
2013-04-05,,0.410488,0.089000,0.495877,"Citi Velocity, exported by Charlie",estr_eonia_1y5y_citi_2026-10-05.xlsx
2013-04-08,,0.427400,0.093000,0.512804,"Citi Velocity, exported by Charlie",estr_eonia_1y5y_citi_2026-10-05.xlsx
2013-04-09,,0.449140,0.102000,0.534562,"Citi Velocity, exported by Charlie",estr_eonia_1y5y_citi_2026-10-05.xlsx
2013-04-10,,0.457747,0.097000,0.543177,"Citi Velocity, exported by Charlie",estr_eonia_1y5y_citi_2026-10-05.xlsx
2013-04-11,,0.450616,0.095000,0.536040,"Citi Velocity, exported by Charlie",estr_eonia_1y5y_citi_2026-10-05.xlsx
2013-04-12,,0.416387,0.088000,0.501781,"Citi Velocity, exported by Charlie",estr_eonia_1y5y_citi_2026-10-05.xlsx
2013-04-15,,0.404308,0.086000,0.489692,"Citi Velocity, exported by Charlie",estr_eonia_1y5y_citi_2026-10-05.xlsx
2013-04-16,,0.417614,0.089000,0.503009,"Citi Velocity, exported by Charlie",estr_eonia_1y5y_citi_2026-10-05.xlsx
2013-04-17,,0.399751,0.082000,0.485131,"Citi Velocity, exported by Charlie",estr_eonia_1y5y_citi_2026-10-05.xlsx
2013-04-18,,0.398745,0.080000,0.484125,"Citi Velocity, exported by Charlie",estr_eonia_1y5y_citi_2026-10-05.xlsx
2013-04-19,,0.414055,0.086000,0.499447,"Citi Velocity, exported by Charlie",estr_eonia_1y5y_citi_2026-10-05.xlsx
2013-04-22,,0.386567,0.081000,0.471936,"Citi Velocity, exported by Charlie",estr_eonia_1y5y_citi_2026-10-05.xlsx
2013-04-23,,0.388182,0.081000,0.473553,"Citi Velocity, exported by Charlie",estr_eonia_1y5y_citi_2026-10-05.xlsx
2013-04-24,,0.386524,0.079000,0.471893,"Citi Velocity, exported by Charlie",estr_eonia_1y5y_citi_2026-10-05.xlsx
2013-04-25,,0.383976,0.078000,0.469343,"Citi Velocity, exported by Charlie",estr_eonia_1y5y_citi_2026-10-05.xlsx
2013-04-26,,0.368898,0.077000,0.454252,"Citi Velocity, exported by Charlie",estr_eonia_1y5y_citi_2026-10-05.xlsx
2013-04-29,,0.354506,0.073000,0.439847,"Citi Velocity, exported by Charlie",estr_eonia_1y5y_citi_2026-10-05.xlsx
2013-04-30,,0.361748,0.072000,0.447095,"Citi Velocity, exported by Charlie",estr_eonia_1y5y_citi_2026-10-05.xlsx
2013-05-01,,0.361748,0.072000,0.447095,"Citi Velocity, exported by Charlie",estr_eonia_1y5y_citi_2026-10-05.xlsx
2013-05-02,,0.318121,0.041000,0.403431,"Citi Velocity, exported by Charlie",estr_eonia_1y5y_citi_2026-10-05.xlsx
2013-05-03,,0.374382,0.054000,0.459740,"Citi Velocity, exported by Charlie",estr_eonia_1y5y_citi_2026-10-05.xlsx
2013-05-06,,0.374378,0.054166,0.459736,"Citi Velocity, exported by Charlie",estr_eonia_1y5y_citi_2026-10-05.xlsx
2013-05-07,,0.425277,0.061000,0.510679,"Citi Velocity, exported by Charlie",estr_eonia_1y5y_citi_2026-10-05.xlsx
2013-05-08,,0.410590,0.059000,0.495979,"Citi Velocity, exported by Charlie",estr_eonia_1y5y_citi_2026-10-05.xlsx
2013-05-09,,0.404402,0.054000,0.489786,"Citi Velocity, exported by Charlie",estr_eonia_1y5y_citi_2026-10-05.xlsx
2013-05-10,,0.460204,0.071000,0.545636,"Citi Velocity, exported by Charlie",estr_eonia_1y5y_citi_2026-10-05.xlsx
2013-05-13,,0.435219,0.060000,0.520630,"Citi Velocity, exported by Charlie",estr_eonia_1y5y_citi_2026-10-05.xlsx
2013-05-14,,0.436998,0.067000,0.522410,"Citi Velocity, exported by Charlie",estr_eonia_1y5y_citi_2026-10-05.xlsx
2013-05-15,,0.443335,0.057000,0.528753,"Citi Velocity, exported by Charlie",estr_eonia_1y5y_citi_2026-10-05.xlsx
2013-05-16,,0.399755,0.038000,0.485135,"Citi Velocity, exported by Charlie",estr_eonia_1y5y_citi_2026-10-05.xlsx
2013-05-17,,0.371657,0.028000,0.457013,"Citi Velocity, exported by Charlie",estr_eonia_1y5y_citi_2026-10-05.xlsx
2013-05-20,,0.409985,0.043000,0.495374,"Citi Velocity, exported by Charlie",estr_eonia_1y5y_citi_2026-10-05.xlsx
2013-05-21,,0.458404,0.049000,0.543835,"Citi Velocity, exported by Charlie",estr_eonia_1y5y_citi_2026-10-05.xlsx
2013-05-22,,0.432475,0.042000,0.517884,"Citi Velocity, exported by Charlie",estr_eonia_1y5y_citi_2026-10-05.xlsx
2013-05-23,,0.481528,0.054000,0.566979,"Citi Velocity, exported by Charlie",estr_eonia_1y5y_citi_2026-10-05.xlsx
2013-05-24,,0.491169,0.058000,0.576627,"Citi Velocity, exported by Charlie",estr_eonia_1y5y_citi_2026-10-05.xlsx
2013-05-27,,0.491174,0.058097,0.576633,"Citi Velocity, exported by Charlie",estr_eonia_1y5y_citi_2026-10-05.xlsx
2013-05-28,,0.517078,0.060000,0.602559,"Citi Velocity, exported by Charlie",estr_eonia_1y5y_citi_2026-10-05.xlsx
2013-05-29,,0.571825,0.078000,0.657354,"Citi Velocity, exported by Charlie",estr_eonia_1y5y_citi_2026-10-05.xlsx
2013-05-30,,0.569164,0.080000,0.654690,"Citi Velocity, exported by Charlie",estr_eonia_1y5y_citi_2026-10-05.xlsx
2013-05-31,,0.538185,0.071000,0.623684,"Citi Velocity, exported by Charlie",estr_eonia_1y5y_citi_2026-10-05.xlsx
2013-06-03,,0.566293,0.087000,0.651816,"Citi Velocity, exported by Charlie",estr_eonia_1y5y_citi_2026-10-05.xlsx
2013-06-04,,0.585884,0.083000,0.671424,"Citi Velocity, exported by Charlie",estr_eonia_1y5y_citi_2026-10-05.xlsx
2013-06-05,,0.577094,0.079000,0.662627,"Citi Velocity, exported by Charlie",estr_eonia_1y5y_citi_2026-10-05.xlsx
2013-06-06,,0.632717,0.113000,0.718298,"Citi Velocity, exported by Charlie",estr_eonia_1y5y_citi_2026-10-05.xlsx
2013-06-07,,0.651659,0.127000,0.737256,"Citi Velocity, exported by Charlie",estr_eonia_1y5y_citi_2026-10-05.xlsx
2013-06-10,,0.693773,0.136000,0.779407,"Citi Velocity, exported by Charlie",estr_eonia_1y5y_citi_2026-10-05.xlsx
2013-06-11,,0.736583,0.140000,0.822253,"Citi Velocity, exported by Charlie",estr_eonia_1y5y_citi_2026-10-05.xlsx
2013-06-12,,0.707305,0.134000,0.792950,"Citi Velocity, exported by Charlie",estr_eonia_1y5y_citi_2026-10-05.xlsx
2013-06-13,,0.672752,0.128000,0.758367,"Citi Velocity, exported by Charlie",estr_eonia_1y5y_citi_2026-10-05.xlsx
2013-06-14,,0.616773,0.110000,0.702340,"Citi Velocity, exported by Charlie",estr_eonia_1y5y_citi_2026-10-05.xlsx
2013-06-17,,0.618481,0.115000,0.704049,"Citi Velocity, exported by Charlie",estr_eonia_1y5y_citi_2026-10-05.xlsx
2013-06-18,,0.672905,0.134000,0.758520,"Citi Velocity, exported by Charlie",estr_eonia_1y5y_citi_2026-10-05.xlsx
2013-06-19,,0.664812,0.133000,0.750420,"Citi Velocity, exported by Charlie",estr_eonia_1y5y_citi_2026-10-05.xlsx
2013-06-20,,0.825844,0.162000,0.911591,"Citi Velocity, exported by Charlie",estr_eonia_1y5y_citi_2026-10-05.xlsx
2013-06-21,,0.871212,0.191000,0.956997,"Citi Velocity, exported by Charlie",estr_eonia_1y5y_citi_2026-10-05.xlsx
2013-06-24,,0.945147,0.224000,1.031000,"Citi Velocity, exported by Charlie",estr_eonia_1y5y_citi_2026-10-05.xlsx
2013-06-25,,0.887976,0.193000,0.973776,"Citi Velocity, exported by Charlie",estr_eonia_1y5y_citi_2026-10-05.xlsx
2013-06-26,,0.833219,0.173000,0.918972,"Citi Velocity, exported by Charlie",estr_eonia_1y5y_citi_2026-10-05.xlsx
2013-06-27,,0.802175,0.166000,0.887902,"Citi Velocity, exported by Charlie",estr_eonia_1y5y_citi_2026-10-05.xlsx
2013-06-28,,0.790240,0.169000,0.875956,"Citi Velocity, exported by Charlie",estr_eonia_1y5y_citi_2026-10-05.xlsx
2013-07-01,,0.797299,0.176000,0.883022,"Citi Velocity, exported by Charlie",estr_eonia_1y5y_citi_2026-10-05.xlsx
2013-07-02,,0.777986,0.161000,0.863691,"Citi Velocity, exported by Charlie",estr_eonia_1y5y_citi_2026-10-05.xlsx
2013-07-03,,0.749910,0.161000,0.835591,"Citi Velocity, exported by Charlie",estr_eonia_1y5y_citi_2026-10-05.xlsx
2013-07-04,,0.709889,0.128000,0.795536,"Citi Velocity, exported by Charlie",estr_eonia_1y5y_citi_2026-10-05.xlsx
2013-07-05,,0.731426,0.119000,0.817091,"Citi Velocity, exported by Charlie",estr_eonia_1y5y_citi_2026-10-05.xlsx
2013-07-08,,0.709280,0.114000,0.794926,"Citi Velocity, exported by Charlie",estr_eonia_1y5y_citi_2026-10-05.xlsx
2013-07-09,,0.658148,0.111000,0.743751,"Citi Velocity, exported by Charlie",estr_eonia_1y5y_citi_2026-10-05.xlsx
2013-07-10,,0.692131,0.124000,0.777762,"Citi Velocity, exported by Charlie",estr_eonia_1y5y_citi_2026-10-05.xlsx
2013-07-11,,0.684743,0.134000,0.770369,"Citi Velocity, exported by Charlie",estr_eonia_1y5y_citi_2026-10-05.xlsx
2013-07-12,,0.656580,0.135000,0.742181,"Citi Velocity, exported by Charlie",estr_eonia_1y5y_citi_2026-10-05.xlsx
2013-07-15,,0.681184,0.142000,0.766806,"Citi Velocity, exported by Charlie",estr_eonia_1y5y_citi_2026-10-05.xlsx
2013-07-16,,0.654539,0.128000,0.740138,"Citi Velocity, exported by Charlie",estr_eonia_1y5y_citi_2026-10-05.xlsx
2013-07-17,,0.631764,0.125000,0.717343,"Citi Velocity, exported by Charlie",estr_eonia_1y5y_citi_2026-10-05.xlsx
2013-07-18,,0.603359,0.119000,0.688914,"Citi Velocity, exported by Charlie",estr_eonia_1y5y_citi_2026-10-05.xlsx
2013-07-19,,0.620477,0.132000,0.706047,"Citi Velocity, exported by Charlie",estr_eonia_1y5y_citi_2026-10-05.xlsx
2013-07-22,,0.631990,0.147000,0.717570,"Citi Velocity, exported by Charlie",estr_eonia_1y5y_citi_2026-10-05.xlsx
2013-07-23,,0.680439,0.160000,0.766061,"Citi Velocity, exported by Charlie",estr_eonia_1y5y_citi_2026-10-05.xlsx
2013-07-24,,0.762614,0.163000,0.848307,"Citi Velocity, exported by Charlie",estr_eonia_1y5y_citi_2026-10-05.xlsx
2013-07-25,,0.771542,0.153000,0.857243,"Citi Velocity, exported by Charlie",estr_eonia_1y5y_citi_2026-10-05.xlsx
2013-07-26,,0.758006,0.154000,0.843695,"Citi Velocity, exported by Charlie",estr_eonia_1y5y_citi_2026-10-05.xlsx
2013-07-29,,0.756515,0.155000,0.842203,"Citi Velocity, exported by Charlie",estr_eonia_1y5y_citi_2026-10-05.xlsx
2013-07-30,,0.764576,0.148000,0.850270,"Citi Velocity, exported by Charlie",estr_eonia_1y5y_citi_2026-10-05.xlsx
2013-07-31,,0.753404,0.148000,0.839088,"Citi Velocity, exported by Charlie",estr_eonia_1y5y_citi_2026-10-05.xlsx
2013-08-01,,0.776306,0.148000,0.862011,"Citi Velocity, exported by Charlie",estr_eonia_1y5y_citi_2026-10-05.xlsx
2013-08-02,,0.762504,0.148000,0.848196,"Citi Velocity, exported by Charlie",estr_eonia_1y5y_citi_2026-10-05.xlsx
2013-08-05,,0.786017,0.152000,0.871729,"Citi Velocity, exported by Charlie",estr_eonia_1y5y_citi_2026-10-05.xlsx
2013-08-06,,0.798308,0.155000,0.884031,"Citi Velocity, exported by Charlie",estr_eonia_1y5y_citi_2026-10-05.xlsx
2013-08-07,,0.785480,0.150000,0.871192,"Citi Velocity, exported by Charlie",estr_eonia_1y5y_citi_2026-10-05.xlsx
2013-08-08,,0.777980,0.153000,0.863686,"Citi Velocity, exported by Charlie",estr_eonia_1y5y_citi_2026-10-05.xlsx
2013-08-09,,0.773865,0.149000,0.859567,"Citi Velocity, exported by Charlie",estr_eonia_1y5y_citi_2026-10-05.xlsx
2013-08-12,,0.773883,0.150000,0.859585,"Citi Velocity, exported by Charlie",estr_eonia_1y5y_citi_2026-10-05.xlsx
2013-08-13,,0.882225,0.182000,0.968020,"Citi Velocity, exported by Charlie",estr_eonia_1y5y_citi_2026-10-05.xlsx
2013-08-14,,0.866106,0.169000,0.951887,"Citi Velocity, exported by Charlie",estr_eonia_1y5y_citi_2026-10-05.xlsx
2013-08-15,,0.921278,0.185000,1.007110,"Citi Velocity, exported by Charlie",estr_eonia_1y5y_citi_2026-10-05.xlsx
2013-08-16,,0.905009,0.171000,0.990823,"Citi Velocity, exported by Charlie",estr_eonia_1y5y_citi_2026-10-05.xlsx
2013-08-19,,0.922950,0.177000,1.008780,"Citi Velocity, exported by Charlie",estr_eonia_1y5y_citi_2026-10-05.xlsx
2013-08-20,,0.878584,0.169000,0.964376,"Citi Velocity, exported by Charlie",estr_eonia_1y5y_citi_2026-10-05.xlsx
2013-08-21,,0.913504,0.175000,0.999326,"Citi Velocity, exported by Charlie",estr_eonia_1y5y_citi_2026-10-05.xlsx
2013-08-22,,0.950511,0.179000,1.036370,"Citi Velocity, exported by Charlie",estr_eonia_1y5y_citi_2026-10-05.xlsx
2013-08-23,,0.990937,0.187000,1.076830,"Citi Velocity, exported by Charlie",estr_eonia_1y5y_citi_2026-10-05.xlsx
2013-08-26,,0.990799,0.187965,1.076690,"Citi Velocity, exported by Charlie",estr_eonia_1y5y_citi_2026-10-05.xlsx
2013-08-27,,0.915171,0.171000,1.000990,"Citi Velocity, exported by Charlie",estr_eonia_1y5y_citi_2026-10-05.xlsx
2013-08-28,,0.932532,0.177000,1.018370,"Citi Velocity, exported by Charlie",estr_eonia_1y5y_citi_2026-10-05.xlsx
2013-08-29,,0.921700,0.173000,1.007530,"Citi Velocity, exported by Charlie",estr_eonia_1y5y_citi_2026-10-05.xlsx
2013-08-30,,0.918120,0.174000,1.003950,"Citi Velocity, exported by Charlie",estr_eonia_1y5y_citi_2026-10-05.xlsx
2013-09-02,,0.962931,0.178000,1.048800,"Citi Velocity, exported by Charlie",estr_eonia_1y5y_citi_2026-10-05.xlsx
2013-09-03,,0.997324,0.183000,1.083220,"Citi Velocity, exported by Charlie",estr_eonia_1y5y_citi_2026-10-05.xlsx
2013-09-04,,0.975379,0.176000,1.061250,"Citi Velocity, exported by Charlie",estr_eonia_1y5y_citi_2026-10-05.xlsx
2013-09-05,,1.082610,0.185000,1.168570,"Citi Velocity, exported by Charlie",estr_eonia_1y5y_citi_2026-10-05.xlsx
2013-09-06,,0.989269,0.167000,1.075160,"Citi Velocity, exported by Charlie",estr_eonia_1y5y_citi_2026-10-05.xlsx
2013-09-09,,0.990426,0.164000,1.076310,"Citi Velocity, exported by Charlie",estr_eonia_1y5y_citi_2026-10-05.xlsx
2013-09-10,,1.045020,0.172000,1.130950,"Citi Velocity, exported by Charlie",estr_eonia_1y5y_citi_2026-10-05.xlsx
2013-09-11,,1.012990,0.166000,1.098900,"Citi Velocity, exported by Charlie",estr_eonia_1y5y_citi_2026-10-05.xlsx
2013-09-12,,0.961449,0.159000,1.047310,"Citi Velocity, exported by Charlie",estr_eonia_1y5y_citi_2026-10-05.xlsx
2013-09-13,,0.945943,0.157000,1.031790,"Citi Velocity, exported by Charlie",estr_eonia_1y5y_citi_2026-10-05.xlsx
2013-09-16,,0.907298,0.156000,0.993114,"Citi Velocity, exported by Charlie",estr_eonia_1y5y_citi_2026-10-05.xlsx
2013-09-17,,0.934584,0.160000,1.020420,"Citi Velocity, exported by Charlie",estr_eonia_1y5y_citi_2026-10-05.xlsx
2013-09-18,,0.968828,0.166000,1.054700,"Citi Velocity, exported by Charlie",estr_eonia_1y5y_citi_2026-10-05.xlsx
2013-09-19,,0.890607,0.151000,0.976410,"Citi Velocity, exported by Charlie",estr_eonia_1y5y_citi_2026-10-05.xlsx
2013-09-20,,0.911399,0.155000,0.997219,"Citi Velocity, exported by Charlie",estr_eonia_1y5y_citi_2026-10-05.xlsx
2013-09-23,,0.868595,0.153000,0.954378,"Citi Velocity, exported by Charlie",estr_eonia_1y5y_citi_2026-10-05.xlsx
2013-09-24,,0.815042,0.150000,0.900779,"Citi Velocity, exported by Charlie",estr_eonia_1y5y_citi_2026-10-05.xlsx
2013-09-25,,0.807226,0.158000,0.892956,"Citi Velocity, exported by Charlie",estr_eonia_1y5y_citi_2026-10-05.xlsx
2013-09-26,,0.814116,0.161000,0.899851,"Citi Velocity, exported by Charlie",estr_eonia_1y5y_citi_2026-10-05.xlsx
2013-09-27,,0.776321,0.156000,0.862024,"Citi Velocity, exported by Charlie",estr_eonia_1y5y_citi_2026-10-05.xlsx
2013-09-30,,0.769708,0.154000,0.855406,"Citi Velocity, exported by Charlie",estr_eonia_1y5y_citi_2026-10-05.xlsx
2013-10-01,,0.793640,0.155000,0.879359,"Citi Velocity, exported by Charlie",estr_eonia_1y5y_citi_2026-10-05.xlsx
2013-10-02,,0.792190,0.151000,0.877907,"Citi Velocity, exported by Charlie",estr_eonia_1y5y_citi_2026-10-05.xlsx
2013-10-03,,0.807409,0.154000,0.893141,"Citi Velocity, exported by Charlie",estr_eonia_1y5y_citi_2026-10-05.xlsx
2013-10-04,,0.838859,0.159000,0.924617,"Citi Velocity, exported by Charlie",estr_eonia_1y5y_citi_2026-10-05.xlsx
2013-10-07,,0.814769,0.157000,0.900507,"Citi Velocity, exported by Charlie",estr_eonia_1y5y_citi_2026-10-05.xlsx
2013-10-08,,0.840353,0.171000,0.926112,"Citi Velocity, exported by Charlie",estr_eonia_1y5y_citi_2026-10-05.xlsx
2013-10-09,,0.835460,0.178000,0.921215,"Citi Velocity, exported by Charlie",estr_eonia_1y5y_citi_2026-10-05.xlsx
2013-10-10,,0.868396,0.173000,0.954180,"Citi Velocity, exported by Charlie",estr_eonia_1y5y_citi_2026-10-05.xlsx
2013-10-11,,0.846995,0.170000,0.932760,"Citi Velocity, exported by Charlie",estr_eonia_1y5y_citi_2026-10-05.xlsx
2013-10-14,,0.844547,0.172000,0.930310,"Citi Velocity, exported by Charlie",estr_eonia_1y5y_citi_2026-10-05.xlsx
2013-10-15,,0.876730,0.171000,0.962520,"Citi Velocity, exported by Charlie",estr_eonia_1y5y_citi_2026-10-05.xlsx
2013-10-16,,0.902382,0.176000,0.988194,"Citi Velocity, exported by Charlie",estr_eonia_1y5y_citi_2026-10-05.xlsx
2013-10-17,,0.840118,0.168000,0.925878,"Citi Velocity, exported by Charlie",estr_eonia_1y5y_citi_2026-10-05.xlsx
2013-10-18,,0.809812,0.161000,0.895545,"Citi Velocity, exported by Charlie",estr_eonia_1y5y_citi_2026-10-05.xlsx
2013-10-21,,0.816937,0.165000,0.902676,"Citi Velocity, exported by Charlie",estr_eonia_1y5y_citi_2026-10-05.xlsx
2013-10-22,,0.760095,0.156000,0.845785,"Citi Velocity, exported by Charlie",estr_eonia_1y5y_citi_2026-10-05.xlsx
2013-10-23,,0.748164,0.162000,0.833843,"Citi Velocity, exported by Charlie",estr_eonia_1y5y_citi_2026-10-05.xlsx
2013-10-24,,0.764666,0.181000,0.850361,"Citi Velocity, exported by Charlie",estr_eonia_1y5y_citi_2026-10-05.xlsx
2013-10-25,,0.767541,0.187000,0.853237,"Citi Velocity, exported by Charlie",estr_eonia_1y5y_citi_2026-10-05.xlsx
2013-10-28,,0.767846,0.185000,0.853542,"Citi Velocity, exported by Charlie",estr_eonia_1y5y_citi_2026-10-05.xlsx
2013-10-29,,0.751016,0.182000,0.836699,"Citi Velocity, exported by Charlie",estr_eonia_1y5y_citi_2026-10-05.xlsx
2013-10-30,,0.702705,0.176000,0.788346,"Citi Velocity, exported by Charlie",estr_eonia_1y5y_citi_2026-10-05.xlsx
2013-10-31,,0.666754,0.144000,0.752365,"Citi Velocity, exported by Charlie",estr_eonia_1y5y_citi_2026-10-05.xlsx
2013-11-01,,0.665654,0.142000,0.751262,"Citi Velocity, exported by Charlie",estr_eonia_1y5y_citi_2026-10-05.xlsx
2013-11-04,,0.666406,0.140000,0.752015,"Citi Velocity, exported by Charlie",estr_eonia_1y5y_citi_2026-10-05.xlsx
2013-11-05,,0.726295,0.149000,0.811956,"Citi Velocity, exported by Charlie",estr_eonia_1y5y_citi_2026-10-05.xlsx
2013-11-06,,0.714230,0.144000,0.799881,"Citi Velocity, exported by Charlie",estr_eonia_1y5y_citi_2026-10-05.xlsx
2013-11-07,,0.638293,0.109000,0.723879,"Citi Velocity, exported by Charlie",estr_eonia_1y5y_citi_2026-10-05.xlsx
2013-11-08,,0.688673,0.116000,0.774301,"Citi Velocity, exported by Charlie",estr_eonia_1y5y_citi_2026-10-05.xlsx
2013-11-11,,0.690763,0.120000,0.776393,"Citi Velocity, exported by Charlie",estr_eonia_1y5y_citi_2026-10-05.xlsx
2013-11-12,,0.691669,0.118000,0.777300,"Citi Velocity, exported by Charlie",estr_eonia_1y5y_citi_2026-10-05.xlsx
2013-11-13,,0.649006,0.106000,0.734601,"Citi Velocity, exported by Charlie",estr_eonia_1y5y_citi_2026-10-05.xlsx
2013-11-14,,0.633538,0.105000,0.719120,"Citi Velocity, exported by Charlie",estr_eonia_1y5y_citi_2026-10-05.xlsx
2013-11-15,,0.643440,0.108000,0.729029,"Citi Velocity, exported by Charlie",estr_eonia_1y5y_citi_2026-10-05.xlsx
2013-11-18,,0.626356,0.105000,0.711931,"Citi Velocity, exported by Charlie",estr_eonia_1y5y_citi_2026-10-05.xlsx
2013-11-19,,0.653166,0.106000,0.738764,"Citi Velocity, exported by Charlie",estr_eonia_1y5y_citi_2026-10-05.xlsx
2013-11-20,,0.616225,0.084000,0.701791,"Citi Velocity, exported by Charlie",estr_eonia_1y5y_citi_2026-10-05.xlsx
2013-11-21,,0.627865,0.090000,0.713442,"Citi Velocity, exported by Charlie",estr_eonia_1y5y_citi_2026-10-05.xlsx
2013-11-22,,0.654428,0.112000,0.740027,"Citi Velocity, exported by Charlie",estr_eonia_1y5y_citi_2026-10-05.xlsx
2013-11-25,,0.639089,0.115000,0.724675,"Citi Velocity, exported by Charlie",estr_eonia_1y5y_citi_2026-10-05.xlsx
2013-11-26,,0.617809,0.105000,0.703377,"Citi Velocity, exported by Charlie",estr_eonia_1y5y_citi_2026-10-05.xlsx
2013-11-27,,0.618920,0.102000,0.704489,"Citi Velocity, exported by Charlie",estr_eonia_1y5y_citi_2026-10-05.xlsx
2013-11-28,,0.631373,0.108000,0.716953,"Citi Velocity, exported by Charlie",estr_eonia_1y5y_citi_2026-10-05.xlsx
2013-11-29,,0.620827,0.105000,0.706397,"Citi Velocity, exported by Charlie",estr_eonia_1y5y_citi_2026-10-05.xlsx
2013-12-02,,0.647900,0.109000,0.733493,"Citi Velocity, exported by Charlie",estr_eonia_1y5y_citi_2026-10-05.xlsx
2013-12-03,,0.629134,0.108000,0.714711,"Citi Velocity, exported by Charlie",estr_eonia_1y5y_citi_2026-10-05.xlsx
2013-12-04,,0.690409,0.114000,0.776039,"Citi Velocity, exported by Charlie",estr_eonia_1y5y_citi_2026-10-05.xlsx
2013-12-05,,0.722177,0.128000,0.807835,"Citi Velocity, exported by Charlie",estr_eonia_1y5y_citi_2026-10-05.xlsx
2013-12-06,,0.711661,0.146000,0.797309,"Citi Velocity, exported by Charlie",estr_eonia_1y5y_citi_2026-10-05.xlsx
2013-12-09,,0.718373,0.151000,0.804028,"Citi Velocity, exported by Charlie",estr_eonia_1y5y_citi_2026-10-05.xlsx
2013-12-10,,0.713036,0.152000,0.798685,"Citi Velocity, exported by Charlie",estr_eonia_1y5y_citi_2026-10-05.xlsx
2013-12-11,,0.705927,0.165000,0.791570,"Citi Velocity, exported by Charlie",estr_eonia_1y5y_citi_2026-10-05.xlsx
2013-12-12,,0.714624,0.183000,0.800275,"Citi Velocity, exported by Charlie",estr_eonia_1y5y_citi_2026-10-05.xlsx
2013-12-13,,0.696465,0.179000,0.782100,"Citi Velocity, exported by Charlie",estr_eonia_1y5y_citi_2026-10-05.xlsx
2013-12-16,,0.696255,0.183000,0.781891,"Citi Velocity, exported by Charlie",estr_eonia_1y5y_citi_2026-10-05.xlsx
2013-12-17,,0.688847,0.168000,0.774476,"Citi Velocity, exported by Charlie",estr_eonia_1y5y_citi_2026-10-05.xlsx
2013-12-18,,0.714681,0.160000,0.800332,"Citi Velocity, exported by Charlie",estr_eonia_1y5y_citi_2026-10-05.xlsx
2013-12-19,,0.733749,0.142000,0.819416,"Citi Velocity, exported by Charlie",estr_eonia_1y5y_citi_2026-10-05.xlsx
2013-12-20,,0.742953,0.156000,0.828627,"Citi Velocity, exported by Charlie",estr_eonia_1y5y_citi_2026-10-05.xlsx
2013-12-23,,0.764474,0.160000,0.850167,"Citi Velocity, exported by Charlie",estr_eonia_1y5y_citi_2026-10-05.xlsx
2013-12-24,,0.764309,0.160341,0.850004,"Citi Velocity, exported by Charlie",estr_eonia_1y5y_citi_2026-10-05.xlsx
2013-12-25,,0.764309,0.160341,0.850004,"Citi Velocity, exported by Charlie",estr_eonia_1y5y_citi_2026-10-05.xlsx
2013-12-26,,0.764309,0.160341,0.850004,"Citi Velocity, exported by Charlie",estr_eonia_1y5y_citi_2026-10-05.xlsx
2013-12-27,,0.816955,0.149000,0.902695,"Citi Velocity, exported by Charlie",estr_eonia_1y5y_citi_2026-10-05.xlsx
2013-12-30,,0.795325,0.141000,0.881046,"Citi Velocity, exported by Charlie",estr_eonia_1y5y_citi_2026-10-05.xlsx
2013-12-31,,0.795487,0.141336,0.881208,"Citi Velocity, exported by Charlie",estr_eonia_1y5y_citi_2026-10-05.xlsx
2014-01-01,,0.795487,0.141336,0.881208,"Citi Velocity, exported by Charlie",estr_eonia_1y5y_citi_2026-10-05.xlsx
2014-01-02,,0.810915,0.149000,0.896650,"Citi Velocity, exported by Charlie",estr_eonia_1y5y_citi_2026-10-05.xlsx
2014-01-03,,0.802115,0.148000,0.887841,"Citi Velocity, exported by Charlie",estr_eonia_1y5y_citi_2026-10-05.xlsx
2014-01-06,,0.779542,0.151000,0.865248,"Citi Velocity, exported by Charlie",estr_eonia_1y5y_citi_2026-10-05.xlsx
2014-01-07,,0.768872,0.163000,0.854569,"Citi Velocity, exported by Charlie",estr_eonia_1y5y_citi_2026-10-05.xlsx
2014-01-08,,0.810653,0.177000,0.896387,"Citi Velocity, exported by Charlie",estr_eonia_1y5y_citi_2026-10-05.xlsx
2014-01-09,,0.807061,0.164000,0.892792,"Citi Velocity, exported by Charlie",estr_eonia_1y5y_citi_2026-10-05.xlsx
2014-01-10,,0.758286,0.161000,0.843975,"Citi Velocity, exported by Charlie",estr_eonia_1y5y_citi_2026-10-05.xlsx
2014-01-13,,0.729543,0.161000,0.815207,"Citi Velocity, exported by Charlie",estr_eonia_1y5y_citi_2026-10-05.xlsx
2014-01-14,,0.741800,0.179000,0.827475,"Citi Velocity, exported by Charlie",estr_eonia_1y5y_citi_2026-10-05.xlsx
2014-01-15,,0.763105,0.186000,0.848797,"Citi Velocity, exported by Charlie",estr_eonia_1y5y_citi_2026-10-05.xlsx
2014-01-16,,0.724010,0.174000,0.809670,"Citi Velocity, exported by Charlie",estr_eonia_1y5y_citi_2026-10-05.xlsx
2014-01-17,,0.694494,0.163000,0.780127,"Citi Velocity, exported by Charlie",estr_eonia_1y5y_citi_2026-10-05.xlsx
2014-01-20,,0.677511,0.162000,0.763130,"Citi Velocity, exported by Charlie",estr_eonia_1y5y_citi_2026-10-05.xlsx
2014-01-21,,0.673170,0.164000,0.758785,"Citi Velocity, exported by Charlie",estr_eonia_1y5y_citi_2026-10-05.xlsx
2014-01-22,,0.690264,0.163000,0.775894,"Citi Velocity, exported by Charlie",estr_eonia_1y5y_citi_2026-10-05.xlsx
2014-01-23,,0.678236,0.160000,0.763857,"Citi Velocity, exported by Charlie",estr_eonia_1y5y_citi_2026-10-05.xlsx
2014-01-24,,0.640487,0.153000,0.726074,"Citi Velocity, exported by Charlie",estr_eonia_1y5y_citi_2026-10-05.xlsx
2014-01-27,,0.650466,0.163000,0.736062,"Citi Velocity, exported by Charlie",estr_eonia_1y5y_citi_2026-10-05.xlsx
2014-01-28,,0.653736,0.161000,0.739335,"Citi Velocity, exported by Charlie",estr_eonia_1y5y_citi_2026-10-05.xlsx
2014-01-29,,0.622749,0.154000,0.708322,"Citi Velocity, exported by Charlie",estr_eonia_1y5y_citi_2026-10-05.xlsx
2014-01-30,,0.602730,0.132000,0.688285,"Citi Velocity, exported by Charlie",estr_eonia_1y5y_citi_2026-10-05.xlsx
2014-01-31,,0.557298,0.099000,0.642813,"Citi Velocity, exported by Charlie",estr_eonia_1y5y_citi_2026-10-05.xlsx
2014-02-03,,0.558327,0.112000,0.643844,"Citi Velocity, exported by Charlie",estr_eonia_1y5y_citi_2026-10-05.xlsx
2014-02-04,,0.552528,0.103000,0.638039,"Citi Velocity, exported by Charlie",estr_eonia_1y5y_citi_2026-10-05.xlsx
2014-02-05,,0.546375,0.105000,0.631881,"Citi Velocity, exported by Charlie",estr_eonia_1y5y_citi_2026-10-05.xlsx
2014-02-06,,0.605671,0.129000,0.691229,"Citi Velocity, exported by Charlie",estr_eonia_1y5y_citi_2026-10-05.xlsx
2014-02-07,,0.564820,0.114000,0.650341,"Citi Velocity, exported by Charlie",estr_eonia_1y5y_citi_2026-10-05.xlsx
2014-02-10,,0.576627,0.124000,0.662159,"Citi Velocity, exported by Charlie",estr_eonia_1y5y_citi_2026-10-05.xlsx
2014-02-11,,0.569313,0.119000,0.654839,"Citi Velocity, exported by Charlie",estr_eonia_1y5y_citi_2026-10-05.xlsx
2014-02-12,,0.589955,0.116000,0.675499,"Citi Velocity, exported by Charlie",estr_eonia_1y5y_citi_2026-10-05.xlsx
2014-02-13,,0.551040,0.103000,0.636551,"Citi Velocity, exported by Charlie",estr_eonia_1y5y_citi_2026-10-05.xlsx
2014-02-14,,0.562667,0.107000,0.648187,"Citi Velocity, exported by Charlie",estr_eonia_1y5y_citi_2026-10-05.xlsx
2014-02-17,,0.564159,0.107000,0.649681,"Citi Velocity, exported by Charlie",estr_eonia_1y5y_citi_2026-10-05.xlsx
2014-02-18,,0.550373,0.112000,0.635883,"Citi Velocity, exported by Charlie",estr_eonia_1y5y_citi_2026-10-05.xlsx
2014-02-19,,0.538814,0.104000,0.624314,"Citi Velocity, exported by Charlie",estr_eonia_1y5y_citi_2026-10-05.xlsx
2014-02-20,,0.578572,0.109000,0.664107,"Citi Velocity, exported by Charlie",estr_eonia_1y5y_citi_2026-10-05.xlsx
2014-02-21,,0.559831,0.110000,0.645348,"Citi Velocity, exported by Charlie",estr_eonia_1y5y_citi_2026-10-05.xlsx
2014-02-24,,0.577158,0.114000,0.662691,"Citi Velocity, exported by Charlie",estr_eonia_1y5y_citi_2026-10-05.xlsx
2014-02-25,,0.566800,0.117000,0.652324,"Citi Velocity, exported by Charlie",estr_eonia_1y5y_citi_2026-10-05.xlsx
2014-02-26,,0.538467,0.111000,0.623969,"Citi Velocity, exported by Charlie",estr_eonia_1y5y_citi_2026-10-05.xlsx
2014-02-27,,0.505838,0.102000,0.591309,"Citi Velocity, exported by Charlie",estr_eonia_1y5y_citi_2026-10-05.xlsx
2014-02-28,,0.567526,0.123000,0.653050,"Citi Velocity, exported by Charlie",estr_eonia_1y5y_citi_2026-10-05.xlsx
2014-03-03,,0.525957,0.113000,0.611445,"Citi Velocity, exported by Charlie",estr_eonia_1y5y_citi_2026-10-05.xlsx
2014-03-04,,0.532477,0.103000,0.617972,"Citi Velocity, exported by Charlie",estr_eonia_1y5y_citi_2026-10-05.xlsx
2014-03-05,,0.530571,0.105000,0.616064,"Citi Velocity, exported by Charlie",estr_eonia_1y5y_citi_2026-10-05.xlsx
2014-03-06,,0.590719,0.146000,0.676264,"Citi Velocity, exported by Charlie",estr_eonia_1y5y_citi_2026-10-05.xlsx
2014-03-07,,0.596782,0.174000,0.682331,"Citi Velocity, exported by Charlie",estr_eonia_1y5y_citi_2026-10-05.xlsx
2014-03-10,,0.575372,0.159000,0.660903,"Citi Velocity, exported by Charlie",estr_eonia_1y5y_citi_2026-10-05.xlsx
2014-03-11,,0.575657,0.156000,0.661188,"Citi Velocity, exported by Charlie",estr_eonia_1y5y_citi_2026-10-05.xlsx
2014-03-12,,0.541201,0.154000,0.626703,"Citi Velocity, exported by Charlie",estr_eonia_1y5y_citi_2026-10-05.xlsx
2014-03-13,,0.500747,0.142000,0.586215,"Citi Velocity, exported by Charlie",estr_eonia_1y5y_citi_2026-10-05.xlsx
2014-03-14,,0.517609,0.154000,0.603090,"Citi Velocity, exported by Charlie",estr_eonia_1y5y_citi_2026-10-05.xlsx
2014-03-17,,0.530723,0.159000,0.616215,"Citi Velocity, exported by Charlie",estr_eonia_1y5y_citi_2026-10-05.xlsx
2014-03-18,,0.531749,0.162000,0.617243,"Citi Velocity, exported by Charlie",estr_eonia_1y5y_citi_2026-10-05.xlsx
2014-03-19,,0.552735,0.165000,0.638247,"Citi Velocity, exported by Charlie",estr_eonia_1y5y_citi_2026-10-05.xlsx
2014-03-20,,0.612759,0.180000,0.698322,"Citi Velocity, exported by Charlie",estr_eonia_1y5y_citi_2026-10-05.xlsx
2014-03-21,,0.609583,0.186000,0.695143,"Citi Velocity, exported by Charlie",estr_eonia_1y5y_citi_2026-10-05.xlsx
2014-03-24,,0.571355,0.175000,0.656883,"Citi Velocity, exported by Charlie",estr_eonia_1y5y_citi_2026-10-05.xlsx
2014-03-25,,0.548614,0.155000,0.634122,"Citi Velocity, exported by Charlie",estr_eonia_1y5y_citi_2026-10-05.xlsx
2014-03-26,,0.532623,0.147000,0.618117,"Citi Velocity, exported by Charlie",estr_eonia_1y5y_citi_2026-10-05.xlsx
2014-03-27,,0.503964,0.135000,0.589433,"Citi Velocity, exported by Charlie",estr_eonia_1y5y_citi_2026-10-05.xlsx
2014-03-28,,0.524362,0.144000,0.609849,"Citi Velocity, exported by Charlie",estr_eonia_1y5y_citi_2026-10-05.xlsx
2014-03-31,,0.542084,0.149000,0.627586,"Citi Velocity, exported by Charlie",estr_eonia_1y5y_citi_2026-10-05.xlsx
2014-04-01,,0.557120,0.158000,0.642635,"Citi Velocity, exported by Charlie",estr_eonia_1y5y_citi_2026-10-05.xlsx
2014-04-02,,0.588637,0.159000,0.674179,"Citi Velocity, exported by Charlie",estr_eonia_1y5y_citi_2026-10-05.xlsx
2014-04-03,,0.567344,0.164000,0.652869,"Citi Velocity, exported by Charlie",estr_eonia_1y5y_citi_2026-10-05.xlsx
2014-04-04,,0.516439,0.154000,0.601919,"Citi Velocity, exported by Charlie",estr_eonia_1y5y_citi_2026-10-05.xlsx
2014-04-07,,0.508546,0.151000,0.594020,"Citi Velocity, exported by Charlie",estr_eonia_1y5y_citi_2026-10-05.xlsx
2014-04-08,,0.533351,0.150000,0.618846,"Citi Velocity, exported by Charlie",estr_eonia_1y5y_citi_2026-10-05.xlsx
2014-04-09,,0.556746,0.153000,0.642261,"Citi Velocity, exported by Charlie",estr_eonia_1y5y_citi_2026-10-05.xlsx
2014-04-10,,0.507868,0.144000,0.593341,"Citi Velocity, exported by Charlie",estr_eonia_1y5y_citi_2026-10-05.xlsx
2014-04-11,,0.501801,0.152000,0.587268,"Citi Velocity, exported by Charlie",estr_eonia_1y5y_citi_2026-10-05.xlsx
2014-04-14,,0.507902,0.142000,0.593374,"Citi Velocity, exported by Charlie",estr_eonia_1y5y_citi_2026-10-05.xlsx
2014-04-15,,0.462339,0.132000,0.547773,"Citi Velocity, exported by Charlie",estr_eonia_1y5y_citi_2026-10-05.xlsx
2014-04-16,,0.481357,0.137000,0.566808,"Citi Velocity, exported by Charlie",estr_eonia_1y5y_citi_2026-10-05.xlsx
2014-04-17,,0.515151,0.146000,0.600630,"Citi Velocity, exported by Charlie",estr_eonia_1y5y_citi_2026-10-05.xlsx
2014-04-18,,0.515151,0.146000,0.600630,"Citi Velocity, exported by Charlie",estr_eonia_1y5y_citi_2026-10-05.xlsx
2014-04-21,,0.515151,0.146000,0.600630,"Citi Velocity, exported by Charlie",estr_eonia_1y5y_citi_2026-10-05.xlsx
2014-04-22,,0.535933,0.152000,0.621430,"Citi Velocity, exported by Charlie",estr_eonia_1y5y_citi_2026-10-05.xlsx
2014-04-23,,0.532897,0.157000,0.618392,"Citi Velocity, exported by Charlie",estr_eonia_1y5y_citi_2026-10-05.xlsx
2014-04-24,,0.556252,0.165000,0.641768,"Citi Velocity, exported by Charlie",estr_eonia_1y5y_citi_2026-10-05.xlsx
2014-04-25,,0.528251,0.162000,0.613742,"Citi Velocity, exported by Charlie",estr_eonia_1y5y_citi_2026-10-05.xlsx
2014-04-28,,0.532844,0.162000,0.618339,"Citi Velocity, exported by Charlie",estr_eonia_1y5y_citi_2026-10-05.xlsx
2014-04-29,,0.517270,0.144000,0.602752,"Citi Velocity, exported by Charlie",estr_eonia_1y5y_citi_2026-10-05.xlsx
2014-04-30,,0.497868,0.137000,0.583333,"Citi Velocity, exported by Charlie",estr_eonia_1y5y_citi_2026-10-05.xlsx
2014-05-01,,0.497868,0.137000,0.583333,"Citi Velocity, exported by Charlie",estr_eonia_1y5y_citi_2026-10-05.xlsx
2014-05-02,,0.477608,0.137000,0.563055,"Citi Velocity, exported by Charlie",estr_eonia_1y5y_citi_2026-10-05.xlsx
2014-05-05,,0.477491,0.136995,0.562937,"Citi Velocity, exported by Charlie",estr_eonia_1y5y_citi_2026-10-05.xlsx
2014-05-06,,0.503655,0.145000,0.589124,"Citi Velocity, exported by Charlie",estr_eonia_1y5y_citi_2026-10-05.xlsx
2014-05-07,,0.518308,0.147000,0.603790,"Citi Velocity, exported by Charlie",estr_eonia_1y5y_citi_2026-10-05.xlsx
2014-05-08,,0.472353,0.122000,0.557796,"Citi Velocity, exported by Charlie",estr_eonia_1y5y_citi_2026-10-05.xlsx
2014-05-09,,0.471009,0.125000,0.556450,"Citi Velocity, exported by Charlie",estr_eonia_1y5y_citi_2026-10-05.xlsx
2014-05-12,,0.466136,0.125000,0.551573,"Citi Velocity, exported by Charlie",estr_eonia_1y5y_citi_2026-10-05.xlsx
2014-05-13,,0.419197,0.106000,0.504594,"Citi Velocity, exported by Charlie",estr_eonia_1y5y_citi_2026-10-05.xlsx
2014-05-14,,0.374265,0.096000,0.459624,"Citi Velocity, exported by Charlie",estr_eonia_1y5y_citi_2026-10-05.xlsx
2014-05-15,,0.338988,0.078000,0.424316,"Citi Velocity, exported by Charlie",estr_eonia_1y5y_citi_2026-10-05.xlsx
2014-05-16,,0.367590,0.087000,0.452942,"Citi Velocity, exported by Charlie",estr_eonia_1y5y_citi_2026-10-05.xlsx
2014-05-19,,0.379271,0.088000,0.464633,"Citi Velocity, exported by Charlie",estr_eonia_1y5y_citi_2026-10-05.xlsx
2014-05-20,,0.385946,0.082000,0.471314,"Citi Velocity, exported by Charlie",estr_eonia_1y5y_citi_2026-10-05.xlsx
2014-05-21,,0.400831,0.089000,0.486213,"Citi Velocity, exported by Charlie",estr_eonia_1y5y_citi_2026-10-05.xlsx
2014-05-22,,0.381417,0.077000,0.466782,"Citi Velocity, exported by Charlie",estr_eonia_1y5y_citi_2026-10-05.xlsx
2014-05-23,,0.382541,0.074000,0.467906,"Citi Velocity, exported by Charlie",estr_eonia_1y5y_citi_2026-10-05.xlsx
2014-05-26,,0.382647,0.073890,0.468012,"Citi Velocity, exported by Charlie",estr_eonia_1y5y_citi_2026-10-05.xlsx
2014-05-27,,0.346831,0.063000,0.432166,"Citi Velocity, exported by Charlie",estr_eonia_1y5y_citi_2026-10-05.xlsx
2014-05-28,,0.323820,0.063000,0.409135,"Citi Velocity, exported by Charlie",estr_eonia_1y5y_citi_2026-10-05.xlsx
2014-05-29,,0.337892,0.064000,0.423219,"Citi Velocity, exported by Charlie",estr_eonia_1y5y_citi_2026-10-05.xlsx
2014-05-30,,0.345457,0.069000,0.430790,"Citi Velocity, exported by Charlie",estr_eonia_1y5y_citi_2026-10-05.xlsx
2014-06-02,,0.342516,0.064000,0.427847,"Citi Velocity, exported by Charlie",estr_eonia_1y5y_citi_2026-10-05.xlsx
2014-06-03,,0.371193,0.059000,0.456549,"Citi Velocity, exported by Charlie",estr_eonia_1y5y_citi_2026-10-05.xlsx
2014-06-04,,0.378767,0.051000,0.464130,"Citi Velocity, exported by Charlie",estr_eonia_1y5y_citi_2026-10-05.xlsx
2014-06-05,,0.334494,0.049000,0.419818,"Citi Velocity, exported by Charlie",estr_eonia_1y5y_citi_2026-10-05.xlsx
2014-06-06,,0.295836,0.056000,0.381126,"Citi Velocity, exported by Charlie",estr_eonia_1y5y_citi_2026-10-05.xlsx
2014-06-09,,0.326934,0.065000,0.412251,"Citi Velocity, exported by Charlie",estr_eonia_1y5y_citi_2026-10-05.xlsx
2014-06-10,,0.343476,0.059000,0.428808,"Citi Velocity, exported by Charlie",estr_eonia_1y5y_citi_2026-10-05.xlsx
2014-06-11,,0.328503,0.039000,0.413822,"Citi Velocity, exported by Charlie",estr_eonia_1y5y_citi_2026-10-05.xlsx
2014-06-12,,0.324897,0.034000,0.410213,"Citi Velocity, exported by Charlie",estr_eonia_1y5y_citi_2026-10-05.xlsx
2014-06-13,,0.326650,0.023000,0.411967,"Citi Velocity, exported by Charlie",estr_eonia_1y5y_citi_2026-10-05.xlsx
2014-06-16,,0.308847,0.021000,0.394149,"Citi Velocity, exported by Charlie",estr_eonia_1y5y_citi_2026-10-05.xlsx
2014-06-17,,0.348427,0.039000,0.433763,"Citi Velocity, exported by Charlie",estr_eonia_1y5y_citi_2026-10-05.xlsx
2014-06-18,,0.323355,0.038000,0.408669,"Citi Velocity, exported by Charlie",estr_eonia_1y5y_citi_2026-10-05.xlsx
2014-06-19,,0.292953,0.037000,0.378242,"Citi Velocity, exported by Charlie",estr_eonia_1y5y_citi_2026-10-05.xlsx
2014-06-20,,0.316983,0.048000,0.402291,"Citi Velocity, exported by Charlie",estr_eonia_1y5y_citi_2026-10-05.xlsx
2014-06-23,,0.296154,0.045000,0.381445,"Citi Velocity, exported by Charlie",estr_eonia_1y5y_citi_2026-10-05.xlsx
2014-06-24,,0.304463,0.041000,0.389761,"Citi Velocity, exported by Charlie",estr_eonia_1y5y_citi_2026-10-05.xlsx
2014-06-25,,0.273879,0.040000,0.359151,"Citi Velocity, exported by Charlie",estr_eonia_1y5y_citi_2026-10-05.xlsx
2014-06-26,,0.265630,0.039000,0.350894,"Citi Velocity, exported by Charlie",estr_eonia_1y5y_citi_2026-10-05.xlsx
2014-06-27,,0.287522,0.046000,0.372805,"Citi Velocity, exported by Charlie",estr_eonia_1y5y_citi_2026-10-05.xlsx
2014-06-30,,0.275892,0.042000,0.361166,"Citi Velocity, exported by Charlie",estr_eonia_1y5y_citi_2026-10-05.xlsx
2014-07-01,,0.267440,0.038000,0.352707,"Citi Velocity, exported by Charlie",estr_eonia_1y5y_citi_2026-10-05.xlsx
2014-07-02,,0.292858,0.044000,0.378146,"Citi Velocity, exported by Charlie",estr_eonia_1y5y_citi_2026-10-05.xlsx
2014-07-03,,0.301929,0.038000,0.387225,"Citi Velocity, exported by Charlie",estr_eonia_1y5y_citi_2026-10-05.xlsx
2014-07-04,,0.290682,0.037000,0.375968,"Citi Velocity, exported by Charlie",estr_eonia_1y5y_citi_2026-10-05.xlsx
2014-07-07,,0.281203,0.039000,0.366481,"Citi Velocity, exported by Charlie",estr_eonia_1y5y_citi_2026-10-05.xlsx
2014-07-08,,0.257114,0.041000,0.342371,"Citi Velocity, exported by Charlie",estr_eonia_1y5y_citi_2026-10-05.xlsx
2014-07-09,,0.265677,0.046000,0.350942,"Citi Velocity, exported by Charlie",estr_eonia_1y5y_citi_2026-10-05.xlsx
2014-07-10,,0.252218,0.045000,0.337471,"Citi Velocity, exported by Charlie",estr_eonia_1y5y_citi_2026-10-05.xlsx
2014-07-11,,0.249746,0.049000,0.334997,"Citi Velocity, exported by Charlie",estr_eonia_1y5y_citi_2026-10-05.xlsx
2014-07-14,,0.255839,0.052000,0.341096,"Citi Velocity, exported by Charlie",estr_eonia_1y5y_citi_2026-10-05.xlsx
2014-07-15,,0.259917,0.051000,0.345177,"Citi Velocity, exported by Charlie",estr_eonia_1y5y_citi_2026-10-05.xlsx
2014-07-16,,0.249726,0.049000,0.334977,"Citi Velocity, exported by Charlie",estr_eonia_1y5y_citi_2026-10-05.xlsx
2014-07-17,,0.238430,0.047000,0.323671,"Citi Velocity, exported by Charlie",estr_eonia_1y5y_citi_2026-10-05.xlsx
2014-07-18,,0.242150,0.053000,0.327394,"Citi Velocity, exported by Charlie",estr_eonia_1y5y_citi_2026-10-05.xlsx
2014-07-21,,0.237179,0.058000,0.322419,"Citi Velocity, exported by Charlie",estr_eonia_1y5y_citi_2026-10-05.xlsx
2014-07-22,,0.261793,0.066000,0.347055,"Citi Velocity, exported by Charlie",estr_eonia_1y5y_citi_2026-10-05.xlsx
2014-07-23,,0.242986,0.065000,0.328232,"Citi Velocity, exported by Charlie",estr_eonia_1y5y_citi_2026-10-05.xlsx
2014-07-24,,0.268819,0.066000,0.354087,"Citi Velocity, exported by Charlie",estr_eonia_1y5y_citi_2026-10-05.xlsx
2014-07-25,,0.241182,0.060000,0.326426,"Citi Velocity, exported by Charlie",estr_eonia_1y5y_citi_2026-10-05.xlsx
2014-07-28,,0.248459,0.061000,0.333709,"Citi Velocity, exported by Charlie",estr_eonia_1y5y_citi_2026-10-05.xlsx
2014-07-29,,0.233085,0.058000,0.318322,"Citi Velocity, exported by Charlie",estr_eonia_1y5y_citi_2026-10-05.xlsx
2014-07-30,,0.263340,0.058000,0.348603,"Citi Velocity, exported by Charlie",estr_eonia_1y5y_citi_2026-10-05.xlsx
2014-07-31,,0.258415,0.060000,0.343674,"Citi Velocity, exported by Charlie",estr_eonia_1y5y_citi_2026-10-05.xlsx
2014-08-01,,0.240078,0.057000,0.325321,"Citi Velocity, exported by Charlie",estr_eonia_1y5y_citi_2026-10-05.xlsx
2014-08-04,,0.244630,0.056000,0.329877,"Citi Velocity, exported by Charlie",estr_eonia_1y5y_citi_2026-10-05.xlsx
2014-08-05,,0.259839,0.057000,0.345099,"Citi Velocity, exported by Charlie",estr_eonia_1y5y_citi_2026-10-05.xlsx
2014-08-06,,0.222425,0.049000,0.307653,"Citi Velocity, exported by Charlie",estr_eonia_1y5y_citi_2026-10-05.xlsx
2014-08-07,,0.209893,0.047000,0.295110,"Citi Velocity, exported by Charlie",estr_eonia_1y5y_citi_2026-10-05.xlsx
2014-08-08,,0.205537,0.048000,0.290750,"Citi Velocity, exported by Charlie",estr_eonia_1y5y_citi_2026-10-05.xlsx
2014-08-11,,0.210469,0.043000,0.295687,"Citi Velocity, exported by Charlie",estr_eonia_1y5y_citi_2026-10-05.xlsx
2014-08-12,,0.200804,0.042000,0.286013,"Citi Velocity, exported by Charlie",estr_eonia_1y5y_citi_2026-10-05.xlsx
2014-08-13,,0.180450,0.042000,0.265642,"Citi Velocity, exported by Charlie",estr_eonia_1y5y_citi_2026-10-05.xlsx
2014-08-14,,0.175656,0.038000,0.260844,"Citi Velocity, exported by Charlie",estr_eonia_1y5y_citi_2026-10-05.xlsx
2014-08-15,,0.155348,0.037000,0.240518,"Citi Velocity, exported by Charlie",estr_eonia_1y5y_citi_2026-10-05.xlsx
2014-08-18,,0.179232,0.035000,0.264422,"Citi Velocity, exported by Charlie",estr_eonia_1y5y_citi_2026-10-05.xlsx
2014-08-19,,0.163650,0.025000,0.248827,"Citi Velocity, exported by Charlie",estr_eonia_1y5y_citi_2026-10-05.xlsx
2014-08-20,,0.150209,0.023000,0.235374,"Citi Velocity, exported by Charlie",estr_eonia_1y5y_citi_2026-10-05.xlsx
2014-08-21,,0.162392,0.024000,0.247568,"Citi Velocity, exported by Charlie",estr_eonia_1y5y_citi_2026-10-05.xlsx
2014-08-22,,0.157492,0.025000,0.242664,"Citi Velocity, exported by Charlie",estr_eonia_1y5y_citi_2026-10-05.xlsx
2014-08-25,,0.157421,0.024878,0.242593,"Citi Velocity, exported by Charlie",estr_eonia_1y5y_citi_2026-10-05.xlsx
2014-08-26,,0.119877,-0.008000,0.205016,"Citi Velocity, exported by Charlie",estr_eonia_1y5y_citi_2026-10-05.xlsx
2014-08-27,,0.099025,-0.003000,0.184146,"Citi Velocity, exported by Charlie",estr_eonia_1y5y_citi_2026-10-05.xlsx
2014-08-28,,0.097937,0.003000,0.183058,"Citi Velocity, exported by Charlie",estr_eonia_1y5y_citi_2026-10-05.xlsx
2014-08-29,,0.097909,-0.011000,0.183029,"Citi Velocity, exported by Charlie",estr_eonia_1y5y_citi_2026-10-05.xlsx
2014-09-01,,0.082682,-0.022000,0.167789,"Citi Velocity, exported by Charlie",estr_eonia_1y5y_citi_2026-10-05.xlsx
2014-09-02,,0.096518,-0.021000,0.181638,"Citi Velocity, exported by Charlie",estr_eonia_1y5y_citi_2026-10-05.xlsx
2014-09-03,,0.107828,-0.016000,0.192957,"Citi Velocity, exported by Charlie",estr_eonia_1y5y_citi_2026-10-05.xlsx
2014-09-04,,0.065482,-0.070000,0.150575,"Citi Velocity, exported by Charlie",estr_eonia_1y5y_citi_2026-10-05.xlsx
2014-09-05,,0.062304,-0.077000,0.147394,"Citi Velocity, exported by Charlie",estr_eonia_1y5y_citi_2026-10-05.xlsx
2014-09-08,,0.069177,-0.079000,0.154273,"Citi Velocity, exported by Charlie",estr_eonia_1y5y_citi_2026-10-05.xlsx
2014-09-09,,0.093817,-0.077000,0.178934,"Citi Velocity, exported by Charlie",estr_eonia_1y5y_citi_2026-10-05.xlsx
2014-09-10,,0.100289,-0.074000,0.185412,"Citi Velocity, exported by Charlie",estr_eonia_1y5y_citi_2026-10-05.xlsx
2014-09-11,,0.096291,-0.076000,0.181411,"Citi Velocity, exported by Charlie",estr_eonia_1y5y_citi_2026-10-05.xlsx
2014-09-12,,0.125788,-0.065000,0.210933,"Citi Velocity, exported by Charlie",estr_eonia_1y5y_citi_2026-10-05.xlsx
2014-09-15,,0.104213,-0.067000,0.189339,"Citi Velocity, exported by Charlie",estr_eonia_1y5y_citi_2026-10-05.xlsx
2014-09-16,,0.115016,-0.053000,0.200152,"Citi Velocity, exported by Charlie",estr_eonia_1y5y_citi_2026-10-05.xlsx
2014-09-17,,0.099806,-0.060000,0.184928,"Citi Velocity, exported by Charlie",estr_eonia_1y5y_citi_2026-10-05.xlsx
2014-09-18,,0.141167,-0.050000,0.226325,"Citi Velocity, exported by Charlie",estr_eonia_1y5y_citi_2026-10-05.xlsx
2014-09-19,,0.102856,-0.062000,0.187981,"Citi Velocity, exported by Charlie",estr_eonia_1y5y_citi_2026-10-05.xlsx
2014-09-22,,0.091512,-0.059000,0.176627,"Citi Velocity, exported by Charlie",estr_eonia_1y5y_citi_2026-10-05.xlsx
2014-09-23,,0.098294,-0.047000,0.183415,"Citi Velocity, exported by Charlie",estr_eonia_1y5y_citi_2026-10-05.xlsx
2014-09-24,,0.092766,-0.053000,0.177882,"Citi Velocity, exported by Charlie",estr_eonia_1y5y_citi_2026-10-05.xlsx
2014-09-25,,0.070127,-0.055000,0.155224,"Citi Velocity, exported by Charlie",estr_eonia_1y5y_citi_2026-10-05.xlsx
2014-09-26,,0.067672,-0.054000,0.152767,"Citi Velocity, exported by Charlie",estr_eonia_1y5y_citi_2026-10-05.xlsx
2014-09-29,,0.070209,-0.055000,0.155306,"Citi Velocity, exported by Charlie",estr_eonia_1y5y_citi_2026-10-05.xlsx
2014-09-30,,0.057900,-0.054000,0.142987,"Citi Velocity, exported by Charlie",estr_eonia_1y5y_citi_2026-10-05.xlsx
2014-10-01,,0.038107,-0.062000,0.123176,"Citi Velocity, exported by Charlie",estr_eonia_1y5y_citi_2026-10-05.xlsx
2014-10-02,,0.054611,-0.059000,0.139694,"Citi Velocity, exported by Charlie",estr_eonia_1y5y_citi_2026-10-05.xlsx
2014-10-03,,0.076187,-0.052000,0.161288,"Citi Velocity, exported by Charlie",estr_eonia_1y5y_citi_2026-10-05.xlsx
2014-10-06,,0.062977,-0.055000,0.148068,"Citi Velocity, exported by Charlie",estr_eonia_1y5y_citi_2026-10-05.xlsx
2014-10-07,,0.062875,-0.048000,0.147966,"Citi Velocity, exported by Charlie",estr_eonia_1y5y_citi_2026-10-05.xlsx
2014-10-08,,0.065475,-0.049000,0.150568,"Citi Velocity, exported by Charlie",estr_eonia_1y5y_citi_2026-10-05.xlsx
2014-10-09,,0.066875,-0.044000,0.151969,"Citi Velocity, exported by Charlie",estr_eonia_1y5y_citi_2026-10-05.xlsx
2014-10-10,,0.070480,-0.037000,0.155577,"Citi Velocity, exported by Charlie",estr_eonia_1y5y_citi_2026-10-05.xlsx
2014-10-13,,0.075801,-0.024000,0.160902,"Citi Velocity, exported by Charlie",estr_eonia_1y5y_citi_2026-10-05.xlsx
2014-10-14,,0.050923,-0.035000,0.136003,"Citi Velocity, exported by Charlie",estr_eonia_1y5y_citi_2026-10-05.xlsx
2014-10-15,,0.015919,-0.035000,0.100970,"Citi Velocity, exported by Charlie",estr_eonia_1y5y_citi_2026-10-05.xlsx
2014-10-16,,0.072927,-0.034000,0.158026,"Citi Velocity, exported by Charlie",estr_eonia_1y5y_citi_2026-10-05.xlsx
2014-10-17,,0.079813,-0.036000,0.164918,"Citi Velocity, exported by Charlie",estr_eonia_1y5y_citi_2026-10-05.xlsx
2014-10-20,,0.063697,-0.037000,0.148789,"Citi Velocity, exported by Charlie",estr_eonia_1y5y_citi_2026-10-05.xlsx
2014-10-21,,0.084917,-0.023000,0.170027,"Citi Velocity, exported by Charlie",estr_eonia_1y5y_citi_2026-10-05.xlsx
2014-10-22,,0.076040,-0.020000,0.161142,"Citi Velocity, exported by Charlie",estr_eonia_1y5y_citi_2026-10-05.xlsx
2014-10-23,,0.090006,-0.024000,0.175120,"Citi Velocity, exported by Charlie",estr_eonia_1y5y_citi_2026-10-05.xlsx
2014-10-24,,0.090797,-0.017000,0.175912,"Citi Velocity, exported by Charlie",estr_eonia_1y5y_citi_2026-10-05.xlsx
2014-10-27,,0.087382,-0.020000,0.172493,"Citi Velocity, exported by Charlie",estr_eonia_1y5y_citi_2026-10-05.xlsx
2014-10-28,,0.090532,-0.025000,0.175646,"Citi Velocity, exported by Charlie",estr_eonia_1y5y_citi_2026-10-05.xlsx
2014-10-29,,0.094906,-0.028000,0.180025,"Citi Velocity, exported by Charlie",estr_eonia_1y5y_citi_2026-10-05.xlsx
2014-10-30,,0.068794,-0.034000,0.153890,"Citi Velocity, exported by Charlie",estr_eonia_1y5y_citi_2026-10-05.xlsx
2014-10-31,,0.052483,-0.037000,0.137564,"Citi Velocity, exported by Charlie",estr_eonia_1y5y_citi_2026-10-05.xlsx
2014-11-03,,0.061418,-0.039000,0.146507,"Citi Velocity, exported by Charlie",estr_eonia_1y5y_citi_2026-10-05.xlsx
2014-11-04,,0.024306,-0.046000,0.109364,"Citi Velocity, exported by Charlie",estr_eonia_1y5y_citi_2026-10-05.xlsx
2014-11-05,,0.031485,-0.050000,0.116549,"Citi Velocity, exported by Charlie",estr_eonia_1y5y_citi_2026-10-05.xlsx
2014-11-06,,0.034074,-0.050000,0.119140,"Citi Velocity, exported by Charlie",estr_eonia_1y5y_citi_2026-10-05.xlsx
2014-11-07,,0.026022,-0.055000,0.111081,"Citi Velocity, exported by Charlie",estr_eonia_1y5y_citi_2026-10-05.xlsx
2014-11-10,,0.028187,-0.051000,0.113247,"Citi Velocity, exported by Charlie",estr_eonia_1y5y_citi_2026-10-05.xlsx
2014-11-11,,0.034413,-0.047000,0.119479,"Citi Velocity, exported by Charlie",estr_eonia_1y5y_citi_2026-10-05.xlsx
2014-11-12,,0.019948,-0.052000,0.105002,"Citi Velocity, exported by Charlie",estr_eonia_1y5y_citi_2026-10-05.xlsx
2014-11-13,,0.008807,-0.052000,0.093851,"Citi Velocity, exported by Charlie",estr_eonia_1y5y_citi_2026-10-05.xlsx
2014-11-14,,0.009833,-0.045000,0.094878,"Citi Velocity, exported by Charlie",estr_eonia_1y5y_citi_2026-10-05.xlsx
2014-11-17,,0.020941,-0.042000,0.105995,"Citi Velocity, exported by Charlie",estr_eonia_1y5y_citi_2026-10-05.xlsx
2014-11-18,,0.032362,-0.039000,0.117426,"Citi Velocity, exported by Charlie",estr_eonia_1y5y_citi_2026-10-05.xlsx
2014-11-19,,0.062974,-0.029000,0.148064,"Citi Velocity, exported by Charlie",estr_eonia_1y5y_citi_2026-10-05.xlsx
2014-11-20,,0.025236,-0.037000,0.110295,"Citi Velocity, exported by Charlie",estr_eonia_1y5y_citi_2026-10-05.xlsx
2014-11-21,,0.009968,-0.043000,0.095013,"Citi Velocity, exported by Charlie",estr_eonia_1y5y_citi_2026-10-05.xlsx
2014-11-24,,0.011407,-0.044000,0.096453,"Citi Velocity, exported by Charlie",estr_eonia_1y5y_citi_2026-10-05.xlsx
2014-11-25,,0.001797,-0.039000,0.086835,"Citi Velocity, exported by Charlie",estr_eonia_1y5y_citi_2026-10-05.xlsx
2014-11-26,,-0.000593,-0.040000,0.084443,"Citi Velocity, exported by Charlie",estr_eonia_1y5y_citi_2026-10-05.xlsx
2014-11-27,,-0.002185,-0.042000,0.082850,"Citi Velocity, exported by Charlie",estr_eonia_1y5y_citi_2026-10-05.xlsx
2014-11-28,,0.002483,-0.040000,0.087522,"Citi Velocity, exported by Charlie",estr_eonia_1y5y_citi_2026-10-05.xlsx
2014-12-01,,0.024252,-0.036000,0.109309,"Citi Velocity, exported by Charlie",estr_eonia_1y5y_citi_2026-10-05.xlsx
2014-12-02,,0.023378,-0.043000,0.108434,"Citi Velocity, exported by Charlie",estr_eonia_1y5y_citi_2026-10-05.xlsx
2014-12-03,,0.008230,-0.046000,0.093273,"Citi Velocity, exported by Charlie",estr_eonia_1y5y_citi_2026-10-05.xlsx
2014-12-04,,0.035187,-0.036000,0.120254,"Citi Velocity, exported by Charlie",estr_eonia_1y5y_citi_2026-10-05.xlsx
2014-12-05,,0.038781,-0.034000,0.123850,"Citi Velocity, exported by Charlie",estr_eonia_1y5y_citi_2026-10-05.xlsx
2014-12-08,,0.017284,-0.039000,0.102336,"Citi Velocity, exported by Charlie",estr_eonia_1y5y_citi_2026-10-05.xlsx
2014-12-09,,0.018121,-0.042000,0.103173,"Citi Velocity, exported by Charlie",estr_eonia_1y5y_citi_2026-10-05.xlsx
2014-12-10,,0.014083,-0.038000,0.099132,"Citi Velocity, exported by Charlie",estr_eonia_1y5y_citi_2026-10-05.xlsx
2014-12-11,,0.008742,-0.039000,0.093786,"Citi Velocity, exported by Charlie",estr_eonia_1y5y_citi_2026-10-05.xlsx
2014-12-12,,-0.005485,-0.040000,0.079547,"Citi Velocity, exported by Charlie",estr_eonia_1y5y_citi_2026-10-05.xlsx
2014-12-15,,-0.002452,-0.044000,0.082583,"Citi Velocity, exported by Charlie",estr_eonia_1y5y_citi_2026-10-05.xlsx
2014-12-16,,-0.000982,-0.045000,0.084053,"Citi Velocity, exported by Charlie",estr_eonia_1y5y_citi_2026-10-05.xlsx
2014-12-17,,-0.007274,-0.048000,0.077757,"Citi Velocity, exported by Charlie",estr_eonia_1y5y_citi_2026-10-05.xlsx
2014-12-18,,0.001095,-0.049000,0.086133,"Citi Velocity, exported by Charlie",estr_eonia_1y5y_citi_2026-10-05.xlsx
2014-12-19,,-0.007002,-0.052000,0.078028,"Citi Velocity, exported by Charlie",estr_eonia_1y5y_citi_2026-10-05.xlsx
2014-12-22,,-0.006477,-0.060000,0.078553,"Citi Velocity, exported by Charlie",estr_eonia_1y5y_citi_2026-10-05.xlsx
2014-12-23,,-0.003585,-0.060000,0.081449,"Citi Velocity, exported by Charlie",estr_eonia_1y5y_citi_2026-10-05.xlsx
2014-12-24,,-0.003580,-0.059999,0.081454,"Citi Velocity, exported by Charlie",estr_eonia_1y5y_citi_2026-10-05.xlsx
2014-12-25,,-0.003580,-0.059998,0.081454,"Citi Velocity, exported by Charlie",estr_eonia_1y5y_citi_2026-10-05.xlsx
2014-12-26,,-0.003580,-0.059998,0.081454,"Citi Velocity, exported by Charlie",estr_eonia_1y5y_citi_2026-10-05.xlsx
2014-12-29,,-0.030794,-0.066000,0.054217,"Citi Velocity, exported by Charlie",estr_eonia_1y5y_citi_2026-10-05.xlsx
2014-12-30,,-0.039969,-0.067000,0.045033,"Citi Velocity, exported by Charlie",estr_eonia_1y5y_citi_2026-10-05.xlsx
2014-12-31,,-0.039993,-0.067164,0.045009,"Citi Velocity, exported by Charlie",estr_eonia_1y5y_citi_2026-10-05.xlsx
2015-01-01,,-0.039993,-0.067164,0.045009,"Citi Velocity, exported by Charlie",estr_eonia_1y5y_citi_2026-10-05.xlsx
2015-01-02,,-0.062026,-0.079000,0.022957,"Citi Velocity, exported by Charlie",estr_eonia_1y5y_citi_2026-10-05.xlsx
2015-01-05,,-0.051406,-0.079000,0.033586,"Citi Velocity, exported by Charlie",estr_eonia_1y5y_citi_2026-10-05.xlsx
2015-01-06,,-0.063909,-0.079000,0.021072,"Citi Velocity, exported by Charlie",estr_eonia_1y5y_citi_2026-10-05.xlsx
2015-01-07,,-0.066667,-0.079000,0.018312,"Citi Velocity, exported by Charlie",estr_eonia_1y5y_citi_2026-10-05.xlsx
2015-01-08,,-0.053703,-0.074000,0.031287,"Citi Velocity, exported by Charlie",estr_eonia_1y5y_citi_2026-10-05.xlsx
2015-01-09,,-0.065130,-0.080000,0.019851,"Citi Velocity, exported by Charlie",estr_eonia_1y5y_citi_2026-10-05.xlsx
2015-01-12,,-0.061649,-0.076000,0.023334,"Citi Velocity, exported by Charlie",estr_eonia_1y5y_citi_2026-10-05.xlsx
2015-01-13,,-0.059246,-0.080000,0.025739,"Citi Velocity, exported by Charlie",estr_eonia_1y5y_citi_2026-10-05.xlsx
2015-01-14,,-0.068000,-0.079000,0.016978,"Citi Velocity, exported by Charlie",estr_eonia_1y5y_citi_2026-10-05.xlsx
2015-01-15,,-0.078683,-0.102000,0.006286,"Citi Velocity, exported by Charlie",estr_eonia_1y5y_citi_2026-10-05.xlsx
2015-01-16,,-0.079359,-0.111000,0.005609,"Citi Velocity, exported by Charlie",estr_eonia_1y5y_citi_2026-10-05.xlsx
2015-01-19,,-0.078536,-0.110000,0.006433,"Citi Velocity, exported by Charlie",estr_eonia_1y5y_citi_2026-10-05.xlsx
2015-01-20,,-0.050629,-0.100000,0.034364,"Citi Velocity, exported by Charlie",estr_eonia_1y5y_citi_2026-10-05.xlsx
2015-01-21,,-0.001130,-0.095000,0.083906,"Citi Velocity, exported by Charlie",estr_eonia_1y5y_citi_2026-10-05.xlsx
2015-01-22,,-0.026659,-0.105000,0.058354,"Citi Velocity, exported by Charlie",estr_eonia_1y5y_citi_2026-10-05.xlsx
2015-01-23,,-0.054252,-0.098000,0.030738,"Citi Velocity, exported by Charlie",estr_eonia_1y5y_citi_2026-10-05.xlsx
2015-01-26,,-0.023081,-0.084000,0.061936,"Citi Velocity, exported by Charlie",estr_eonia_1y5y_citi_2026-10-05.xlsx
2015-01-27,,-0.054406,-0.105000,0.030584,"Citi Velocity, exported by Charlie",estr_eonia_1y5y_citi_2026-10-05.xlsx
2015-01-28,,-0.065639,-0.106000,0.019341,"Citi Velocity, exported by Charlie",estr_eonia_1y5y_citi_2026-10-05.xlsx
2015-01-29,,-0.050932,-0.098000,0.034061,"Citi Velocity, exported by Charlie",estr_eonia_1y5y_citi_2026-10-05.xlsx
2015-01-30,,-0.070028,-0.090000,0.014949,"Citi Velocity, exported by Charlie",estr_eonia_1y5y_citi_2026-10-05.xlsx
2015-02-02,,-0.062952,-0.095000,0.022030,"Citi Velocity, exported by Charlie",estr_eonia_1y5y_citi_2026-10-05.xlsx
2015-02-03,,-0.055061,-0.101000,0.029928,"Citi Velocity, exported by Charlie",estr_eonia_1y5y_citi_2026-10-05.xlsx
2015-02-04,,-0.039029,-0.097000,0.045974,"Citi Velocity, exported by Charlie",estr_eonia_1y5y_citi_2026-10-05.xlsx
2015-02-05,,-0.044431,-0.097000,0.040567,"Citi Velocity, exported by Charlie",estr_eonia_1y5y_citi_2026-10-05.xlsx
2015-02-06,,-0.037440,-0.095000,0.047564,"Citi Velocity, exported by Charlie",estr_eonia_1y5y_citi_2026-10-05.xlsx
2015-02-09,,-0.045030,-0.093000,0.039967,"Citi Velocity, exported by Charlie",estr_eonia_1y5y_citi_2026-10-05.xlsx
2015-02-10,,-0.043219,-0.099000,0.041780,"Citi Velocity, exported by Charlie",estr_eonia_1y5y_citi_2026-10-05.xlsx
2015-02-11,,-0.047968,-0.098000,0.037028,"Citi Velocity, exported by Charlie",estr_eonia_1y5y_citi_2026-10-05.xlsx
2015-02-12,,-0.064926,-0.102000,0.020054,"Citi Velocity, exported by Charlie",estr_eonia_1y5y_citi_2026-10-05.xlsx
2015-02-13,,-0.063002,-0.101000,0.021980,"Citi Velocity, exported by Charlie",estr_eonia_1y5y_citi_2026-10-05.xlsx
2015-02-16,,-0.067960,-0.100000,0.017018,"Citi Velocity, exported by Charlie",estr_eonia_1y5y_citi_2026-10-05.xlsx
2015-02-17,,-0.054648,-0.103000,0.030341,"Citi Velocity, exported by Charlie",estr_eonia_1y5y_citi_2026-10-05.xlsx
2015-02-18,,-0.051749,-0.106000,0.033243,"Citi Velocity, exported by Charlie",estr_eonia_1y5y_citi_2026-10-05.xlsx
2015-02-19,,-0.055924,-0.103000,0.029064,"Citi Velocity, exported by Charlie",estr_eonia_1y5y_citi_2026-10-05.xlsx
2015-02-20,,-0.055973,-0.097000,0.029016,"Citi Velocity, exported by Charlie",estr_eonia_1y5y_citi_2026-10-05.xlsx
2015-02-23,,-0.058327,-0.100000,0.026659,"Citi Velocity, exported by Charlie",estr_eonia_1y5y_citi_2026-10-05.xlsx
2015-02-24,,-0.053993,-0.103000,0.030997,"Citi Velocity, exported by Charlie",estr_eonia_1y5y_citi_2026-10-05.xlsx
2015-02-25,,-0.076483,-0.107000,0.008488,"Citi Velocity, exported by Charlie",estr_eonia_1y5y_citi_2026-10-05.xlsx
2015-02-26,,-0.081025,-0.113000,0.003942,"Citi Velocity, exported by Charlie",estr_eonia_1y5y_citi_2026-10-05.xlsx
2015-02-27,,-0.067360,-0.108000,0.017618,"Citi Velocity, exported by Charlie",estr_eonia_1y5y_citi_2026-10-05.xlsx
2015-03-02,,-0.057947,-0.108000,0.027040,"Citi Velocity, exported by Charlie",estr_eonia_1y5y_citi_2026-10-05.xlsx
2015-03-03,,-0.056694,-0.105000,0.028294,"Citi Velocity, exported by Charlie",estr_eonia_1y5y_citi_2026-10-05.xlsx
2015-03-04,,-0.041563,-0.104000,0.043438,"Citi Velocity, exported by Charlie",estr_eonia_1y5y_citi_2026-10-05.xlsx
2015-03-05,,-0.030345,-0.106000,0.054666,"Citi Velocity, exported by Charlie",estr_eonia_1y5y_citi_2026-10-05.xlsx
2015-03-06,,-0.004431,-0.107000,0.080601,"Citi Velocity, exported by Charlie",estr_eonia_1y5y_citi_2026-10-05.xlsx
2015-03-09,,-0.041103,-0.113000,0.043898,"Citi Velocity, exported by Charlie",estr_eonia_1y5y_citi_2026-10-05.xlsx
2015-03-10,,-0.073353,-0.117000,0.011620,"Citi Velocity, exported by Charlie",estr_eonia_1y5y_citi_2026-10-05.xlsx
2015-03-11,,-0.099433,-0.121000,-0.014482,"Citi Velocity, exported by Charlie",estr_eonia_1y5y_citi_2026-10-05.xlsx
2015-03-12,,-0.073859,-0.122000,0.011114,"Citi Velocity, exported by Charlie",estr_eonia_1y5y_citi_2026-10-05.xlsx
2015-03-13,,-0.069723,-0.121000,0.015253,"Citi Velocity, exported by Charlie",estr_eonia_1y5y_citi_2026-10-05.xlsx
2015-03-16,,-0.057703,-0.121000,0.027284,"Citi Velocity, exported by Charlie",estr_eonia_1y5y_citi_2026-10-05.xlsx
2015-03-17,,-0.053097,-0.110000,0.031894,"Citi Velocity, exported by Charlie",estr_eonia_1y5y_citi_2026-10-05.xlsx
2015-03-18,,-0.090633,-0.117000,-0.005675,"Citi Velocity, exported by Charlie",estr_eonia_1y5y_citi_2026-10-05.xlsx
2015-03-19,,-0.092109,-0.123000,-0.007152,"Citi Velocity, exported by Charlie",estr_eonia_1y5y_citi_2026-10-05.xlsx
2015-03-20,,-0.093403,-0.124000,-0.008447,"Citi Velocity, exported by Charlie",estr_eonia_1y5y_citi_2026-10-05.xlsx
2015-03-23,,-0.071545,-0.119000,0.013430,"Citi Velocity, exported by Charlie",estr_eonia_1y5y_citi_2026-10-05.xlsx
2015-03-24,,-0.059648,-0.121000,0.025337,"Citi Velocity, exported by Charlie",estr_eonia_1y5y_citi_2026-10-05.xlsx
2015-03-25,,-0.077864,-0.127000,0.007105,"Citi Velocity, exported by Charlie",estr_eonia_1y5y_citi_2026-10-05.xlsx
2015-03-26,,-0.084693,-0.126000,0.000271,"Citi Velocity, exported by Charlie",estr_eonia_1y5y_citi_2026-10-05.xlsx
2015-03-27,,-0.088022,-0.126000,-0.003061,"Citi Velocity, exported by Charlie",estr_eonia_1y5y_citi_2026-10-05.xlsx
2015-03-30,,-0.077809,-0.129000,0.007161,"Citi Velocity, exported by Charlie",estr_eonia_1y5y_citi_2026-10-05.xlsx
2015-03-31,,-0.095791,-0.130000,-0.010837,"Citi Velocity, exported by Charlie",estr_eonia_1y5y_citi_2026-10-05.xlsx
2015-04-01,,-0.094022,-0.129000,-0.009067,"Citi Velocity, exported by Charlie",estr_eonia_1y5y_citi_2026-10-05.xlsx
2015-04-02,,-0.078220,-0.127000,0.006749,"Citi Velocity, exported by Charlie",estr_eonia_1y5y_citi_2026-10-05.xlsx
2015-04-03,,-0.078220,-0.127000,0.006749,"Citi Velocity, exported by Charlie",estr_eonia_1y5y_citi_2026-10-05.xlsx
2015-04-06,,-0.078220,-0.127001,0.006749,"Citi Velocity, exported by Charlie",estr_eonia_1y5y_citi_2026-10-05.xlsx
2015-04-07,,-0.092542,-0.131000,-0.007585,"Citi Velocity, exported by Charlie",estr_eonia_1y5y_citi_2026-10-05.xlsx
2015-04-08,,-0.117407,-0.136000,-0.032471,"Citi Velocity, exported by Charlie",estr_eonia_1y5y_citi_2026-10-05.xlsx
2015-04-09,,-0.120933,-0.138000,-0.036001,"Citi Velocity, exported by Charlie",estr_eonia_1y5y_citi_2026-10-05.xlsx
2015-04-10,,-0.120170,-0.138000,-0.035237,"Citi Velocity, exported by Charlie",estr_eonia_1y5y_citi_2026-10-05.xlsx
2015-04-13,,-0.122433,-0.139000,-0.037502,"Citi Velocity, exported by Charlie",estr_eonia_1y5y_citi_2026-10-05.xlsx
2015-04-14,,-0.134892,-0.144000,-0.049971,"Citi Velocity, exported by Charlie",estr_eonia_1y5y_citi_2026-10-05.xlsx
2015-04-15,,-0.140339,-0.147000,-0.055423,"Citi Velocity, exported by Charlie",estr_eonia_1y5y_citi_2026-10-05.xlsx
2015-04-16,,-0.137927,-0.145000,-0.053009,"Citi Velocity, exported by Charlie",estr_eonia_1y5y_citi_2026-10-05.xlsx
2015-04-17,,-0.145059,-0.140000,-0.060148,"Citi Velocity, exported by Charlie",estr_eonia_1y5y_citi_2026-10-05.xlsx
2015-04-20,,-0.141197,-0.142000,-0.056282,"Citi Velocity, exported by Charlie",estr_eonia_1y5y_citi_2026-10-05.xlsx
2015-04-21,,-0.132783,-0.144000,-0.047860,"Citi Velocity, exported by Charlie",estr_eonia_1y5y_citi_2026-10-05.xlsx
2015-04-22,,-0.098005,-0.140000,-0.013052,"Citi Velocity, exported by Charlie",estr_eonia_1y5y_citi_2026-10-05.xlsx
2015-04-23,,-0.112294,-0.140000,-0.027354,"Citi Velocity, exported by Charlie",estr_eonia_1y5y_citi_2026-10-05.xlsx
2015-04-24,,-0.115109,-0.137000,-0.030172,"Citi Velocity, exported by Charlie",estr_eonia_1y5y_citi_2026-10-05.xlsx
2015-04-27,,-0.116227,-0.138000,-0.031290,"Citi Velocity, exported by Charlie",estr_eonia_1y5y_citi_2026-10-05.xlsx
2015-04-28,,-0.120463,-0.143000,-0.035530,"Citi Velocity, exported by Charlie",estr_eonia_1y5y_citi_2026-10-05.xlsx
2015-04-29,,-0.058062,-0.132000,0.026924,"Citi Velocity, exported by Charlie",estr_eonia_1y5y_citi_2026-10-05.xlsx
2015-04-30,,-0.009437,-0.123000,0.075591,"Citi Velocity, exported by Charlie",estr_eonia_1y5y_citi_2026-10-05.xlsx
2015-05-01,,-0.009437,-0.123001,0.075591,"Citi Velocity, exported by Charlie",estr_eonia_1y5y_citi_2026-10-05.xlsx
2015-05-04,,-0.009418,-0.122930,0.075610,"Citi Velocity, exported by Charlie",estr_eonia_1y5y_citi_2026-10-05.xlsx
2015-05-05,,0.056292,-0.125000,0.141376,"Citi Velocity, exported by Charlie",estr_eonia_1y5y_citi_2026-10-05.xlsx
2015-05-06,,0.090814,-0.122000,0.175929,"Citi Velocity, exported by Charlie",estr_eonia_1y5y_citi_2026-10-05.xlsx
2015-05-07,,0.088963,-0.122000,0.174076,"Citi Velocity, exported by Charlie",estr_eonia_1y5y_citi_2026-10-05.xlsx
2015-05-08,,0.049660,-0.124000,0.134739,"Citi Velocity, exported by Charlie",estr_eonia_1y5y_citi_2026-10-05.xlsx
2015-05-11,,0.066702,-0.123000,0.151796,"Citi Velocity, exported by Charlie",estr_eonia_1y5y_citi_2026-10-05.xlsx
2015-05-12,,0.099722,-0.119000,0.184845,"Citi Velocity, exported by Charlie",estr_eonia_1y5y_citi_2026-10-05.xlsx
2015-05-13,,0.107911,-0.115000,0.193040,"Citi Velocity, exported by Charlie",estr_eonia_1y5y_citi_2026-10-05.xlsx
2015-05-14,,0.121987,-0.115000,0.207128,"Citi Velocity, exported by Charlie",estr_eonia_1y5y_citi_2026-10-05.xlsx
2015-05-15,,0.088694,-0.117000,0.173806,"Citi Velocity, exported by Charlie",estr_eonia_1y5y_citi_2026-10-05.xlsx
2015-05-18,,0.091714,-0.118000,0.176829,"Citi Velocity, exported by Charlie",estr_eonia_1y5y_citi_2026-10-05.xlsx
2015-05-19,,0.076420,-0.122000,0.161523,"Citi Velocity, exported by Charlie",estr_eonia_1y5y_citi_2026-10-05.xlsx
2015-05-20,,0.080115,-0.124000,0.165220,"Citi Velocity, exported by Charlie",estr_eonia_1y5y_citi_2026-10-05.xlsx
2015-05-21,,0.081092,-0.125000,0.166198,"Citi Velocity, exported by Charlie",estr_eonia_1y5y_citi_2026-10-05.xlsx
2015-05-22,,0.072353,-0.125000,0.157452,"Citi Velocity, exported by Charlie",estr_eonia_1y5y_citi_2026-10-05.xlsx
2015-05-25,,0.072390,-0.124871,0.157489,"Citi Velocity, exported by Charlie",estr_eonia_1y5y_citi_2026-10-05.xlsx
2015-05-26,,0.043619,-0.129000,0.128693,"Citi Velocity, exported by Charlie",estr_eonia_1y5y_citi_2026-10-05.xlsx
2015-05-27,,0.037892,-0.130000,0.122962,"Citi Velocity, exported by Charlie",estr_eonia_1y5y_citi_2026-10-05.xlsx
2015-05-28,,0.037841,-0.128000,0.122910,"Citi Velocity, exported by Charlie",estr_eonia_1y5y_citi_2026-10-05.xlsx
2015-05-29,,0.020685,-0.128000,0.105739,"Citi Velocity, exported by Charlie",estr_eonia_1y5y_citi_2026-10-05.xlsx
2015-06-01,,0.022952,-0.129000,0.108008,"Citi Velocity, exported by Charlie",estr_eonia_1y5y_citi_2026-10-05.xlsx
2015-06-02,,0.090583,-0.123000,0.175697,"Citi Velocity, exported by Charlie",estr_eonia_1y5y_citi_2026-10-05.xlsx
2015-06-03,,0.190630,-0.121000,0.275831,"Citi Velocity, exported by Charlie",estr_eonia_1y5y_citi_2026-10-05.xlsx
2015-06-04,,0.185161,-0.121000,0.270357,"Citi Velocity, exported by Charlie",estr_eonia_1y5y_citi_2026-10-05.xlsx
2015-06-05,,0.189346,-0.120000,0.274545,"Citi Velocity, exported by Charlie",estr_eonia_1y5y_citi_2026-10-05.xlsx
2015-06-08,,0.216586,-0.118000,0.301809,"Citi Velocity, exported by Charlie",estr_eonia_1y5y_citi_2026-10-05.xlsx
2015-06-09,,0.260946,-0.115000,0.346207,"Citi Velocity, exported by Charlie",estr_eonia_1y5y_citi_2026-10-05.xlsx
2015-06-10,,0.267469,-0.117000,0.352735,"Citi Velocity, exported by Charlie",estr_eonia_1y5y_citi_2026-10-05.xlsx
2015-06-11,,0.223284,-0.114000,0.308512,"Citi Velocity, exported by Charlie",estr_eonia_1y5y_citi_2026-10-05.xlsx
2015-06-12,,0.205745,-0.119000,0.290958,"Citi Velocity, exported by Charlie",estr_eonia_1y5y_citi_2026-10-05.xlsx
2015-06-15,,0.202310,-0.121000,0.287520,"Citi Velocity, exported by Charlie",estr_eonia_1y5y_citi_2026-10-05.xlsx
2015-06-16,,0.193038,-0.122000,0.278241,"Citi Velocity, exported by Charlie",estr_eonia_1y5y_citi_2026-10-05.xlsx
2015-06-17,,0.181321,-0.123000,0.266514,"Citi Velocity, exported by Charlie",estr_eonia_1y5y_citi_2026-10-05.xlsx
2015-06-18,,0.179230,-0.125000,0.264421,"Citi Velocity, exported by Charlie",estr_eonia_1y5y_citi_2026-10-05.xlsx
2015-06-19,,0.159924,-0.125000,0.245098,"Citi Velocity, exported by Charlie",estr_eonia_1y5y_citi_2026-10-05.xlsx
2015-06-22,,0.224650,-0.126000,0.309880,"Citi Velocity, exported by Charlie",estr_eonia_1y5y_citi_2026-10-05.xlsx
2015-06-23,,0.212489,-0.125000,0.297709,"Citi Velocity, exported by Charlie",estr_eonia_1y5y_citi_2026-10-05.xlsx
2015-06-24,,0.195824,-0.126000,0.281029,"Citi Velocity, exported by Charlie",estr_eonia_1y5y_citi_2026-10-05.xlsx
2015-06-25,,0.197342,-0.123000,0.282548,"Citi Velocity, exported by Charlie",estr_eonia_1y5y_citi_2026-10-05.xlsx
2015-06-26,,0.227155,-0.121000,0.312388,"Citi Velocity, exported by Charlie",estr_eonia_1y5y_citi_2026-10-05.xlsx
2015-06-29,,0.165421,-0.126000,0.250600,"Citi Velocity, exported by Charlie",estr_eonia_1y5y_citi_2026-10-05.xlsx
2015-06-30,,0.162856,-0.125000,0.248033,"Citi Velocity, exported by Charlie",estr_eonia_1y5y_citi_2026-10-05.xlsx
2015-07-01,,0.161882,-0.127000,0.247058,"Citi Velocity, exported by Charlie",estr_eonia_1y5y_citi_2026-10-05.xlsx
2015-07-02,,0.178238,-0.129000,0.263428,"Citi Velocity, exported by Charlie",estr_eonia_1y5y_citi_2026-10-05.xlsx
2015-07-03,,0.147331,-0.127000,0.232494,"Citi Velocity, exported by Charlie",estr_eonia_1y5y_citi_2026-10-05.xlsx
2015-07-06,,0.136940,-0.132000,0.222095,"Citi Velocity, exported by Charlie",estr_eonia_1y5y_citi_2026-10-05.xlsx
2015-07-07,,0.092879,-0.135000,0.177996,"Citi Velocity, exported by Charlie",estr_eonia_1y5y_citi_2026-10-05.xlsx
2015-07-08,,0.102214,-0.140000,0.187339,"Citi Velocity, exported by Charlie",estr_eonia_1y5y_citi_2026-10-05.xlsx
2015-07-09,,0.117525,-0.140000,0.202662,"Citi Velocity, exported by Charlie",estr_eonia_1y5y_citi_2026-10-05.xlsx
2015-07-10,,0.206172,-0.131000,0.291386,"Citi Velocity, exported by Charlie",estr_eonia_1y5y_citi_2026-10-05.xlsx
2015-07-13,,0.179730,-0.138000,0.264921,"Citi Velocity, exported by Charlie",estr_eonia_1y5y_citi_2026-10-05.xlsx
2015-07-14,,0.163292,-0.138000,0.248469,"Citi Velocity, exported by Charlie",estr_eonia_1y5y_citi_2026-10-05.xlsx
2015-07-15,,0.135276,-0.137000,0.220429,"Citi Velocity, exported by Charlie",estr_eonia_1y5y_citi_2026-10-05.xlsx
2015-07-16,,0.147505,-0.135000,0.232669,"Citi Velocity, exported by Charlie",estr_eonia_1y5y_citi_2026-10-05.xlsx
2015-07-17,,0.121815,-0.133000,0.206956,"Citi Velocity, exported by Charlie",estr_eonia_1y5y_citi_2026-10-05.xlsx
2015-07-20,,0.112729,-0.130000,0.197862,"Citi Velocity, exported by Charlie",estr_eonia_1y5y_citi_2026-10-05.xlsx
2015-07-21,,0.105988,-0.130000,0.191116,"Citi Velocity, exported by Charlie",estr_eonia_1y5y_citi_2026-10-05.xlsx
2015-07-22,,0.088053,-0.129000,0.173165,"Citi Velocity, exported by Charlie",estr_eonia_1y5y_citi_2026-10-05.xlsx
2015-07-23,,0.091312,-0.129000,0.176427,"Citi Velocity, exported by Charlie",estr_eonia_1y5y_citi_2026-10-05.xlsx
2015-07-24,,0.068708,-0.128000,0.153803,"Citi Velocity, exported by Charlie",estr_eonia_1y5y_citi_2026-10-05.xlsx
2015-07-27,,0.075214,-0.127000,0.160315,"Citi Velocity, exported by Charlie",estr_eonia_1y5y_citi_2026-10-05.xlsx
2015-07-28,,0.072923,-0.131000,0.158023,"Citi Velocity, exported by Charlie",estr_eonia_1y5y_citi_2026-10-05.xlsx
2015-07-29,,0.077791,-0.131000,0.162895,"Citi Velocity, exported by Charlie",estr_eonia_1y5y_citi_2026-10-05.xlsx
2015-07-30,,0.062413,-0.132000,0.147504,"Citi Velocity, exported by Charlie",estr_eonia_1y5y_citi_2026-10-05.xlsx
2015-07-31,,0.061837,-0.132000,0.146926,"Citi Velocity, exported by Charlie",estr_eonia_1y5y_citi_2026-10-05.xlsx
2015-08-03,,0.050851,-0.135000,0.135931,"Citi Velocity, exported by Charlie",estr_eonia_1y5y_citi_2026-10-05.xlsx
2015-08-04,,0.050770,-0.135000,0.135851,"Citi Velocity, exported by Charlie",estr_eonia_1y5y_citi_2026-10-05.xlsx
2015-08-05,,0.087439,-0.133000,0.172551,"Citi Velocity, exported by Charlie",estr_eonia_1y5y_citi_2026-10-05.xlsx
2015-08-06,,0.081503,-0.133000,0.166609,"Citi Velocity, exported by Charlie",estr_eonia_1y5y_citi_2026-10-05.xlsx
2015-08-07,,0.054079,-0.135000,0.139161,"Citi Velocity, exported by Charlie",estr_eonia_1y5y_citi_2026-10-05.xlsx
2015-08-10,,0.071154,-0.135000,0.156252,"Citi Velocity, exported by Charlie",estr_eonia_1y5y_citi_2026-10-05.xlsx
2015-08-11,,0.037055,-0.138000,0.122124,"Citi Velocity, exported by Charlie",estr_eonia_1y5y_citi_2026-10-05.xlsx
2015-08-12,,0.025044,-0.141000,0.110102,"Citi Velocity, exported by Charlie",estr_eonia_1y5y_citi_2026-10-05.xlsx
2015-08-13,,0.040063,-0.140000,0.125134,"Citi Velocity, exported by Charlie",estr_eonia_1y5y_citi_2026-10-05.xlsx
2015-08-14,,0.058005,-0.140000,0.143091,"Citi Velocity, exported by Charlie",estr_eonia_1y5y_citi_2026-10-05.xlsx
2015-08-17,,0.045544,-0.140000,0.130619,"Citi Velocity, exported by Charlie",estr_eonia_1y5y_citi_2026-10-05.xlsx
2015-08-18,,0.050064,-0.141000,0.135143,"Citi Velocity, exported by Charlie",estr_eonia_1y5y_citi_2026-10-05.xlsx
2015-08-19,,0.041782,-0.142000,0.126854,"Citi Velocity, exported by Charlie",estr_eonia_1y5y_citi_2026-10-05.xlsx
2015-08-20,,0.015507,-0.142000,0.100556,"Citi Velocity, exported by Charlie",estr_eonia_1y5y_citi_2026-10-05.xlsx
2015-08-21,,0.016979,-0.142000,0.102030,"Citi Velocity, exported by Charlie",estr_eonia_1y5y_citi_2026-10-05.xlsx
2015-08-24,,0.028674,-0.139000,0.113735,"Citi Velocity, exported by Charlie",estr_eonia_1y5y_citi_2026-10-05.xlsx
2015-08-25,,0.103990,-0.141000,0.189116,"Citi Velocity, exported by Charlie",estr_eonia_1y5y_citi_2026-10-05.xlsx
2015-08-26,,0.073501,-0.146000,0.158601,"Citi Velocity, exported by Charlie",estr_eonia_1y5y_citi_2026-10-05.xlsx
2015-08-27,,0.076095,-0.144000,0.161198,"Citi Velocity, exported by Charlie",estr_eonia_1y5y_citi_2026-10-05.xlsx
2015-08-28,,0.081276,-0.144000,0.166382,"Citi Velocity, exported by Charlie",estr_eonia_1y5y_citi_2026-10-05.xlsx
2015-08-31,,0.081283,-0.143959,0.166389,"Citi Velocity, exported by Charlie",estr_eonia_1y5y_citi_2026-10-05.xlsx
2015-09-01,,0.116521,-0.144000,0.201658,"Citi Velocity, exported by Charlie",estr_eonia_1y5y_citi_2026-10-05.xlsx
2015-09-02,,0.102319,-0.146000,0.187444,"Citi Velocity, exported by Charlie",estr_eonia_1y5y_citi_2026-10-05.xlsx
2015-09-03,,0.062988,-0.150000,0.148079,"Citi Velocity, exported by Charlie",estr_eonia_1y5y_citi_2026-10-05.xlsx
2015-09-04,,0.042023,-0.151000,0.127095,"Citi Velocity, exported by Charlie",estr_eonia_1y5y_citi_2026-10-05.xlsx
2015-09-07,,0.031683,-0.148000,0.116747,"Citi Velocity, exported by Charlie",estr_eonia_1y5y_citi_2026-10-05.xlsx
2015-09-08,,0.041565,-0.149000,0.126638,"Citi Velocity, exported by Charlie",estr_eonia_1y5y_citi_2026-10-05.xlsx
2015-09-09,,0.049831,-0.149000,0.134910,"Citi Velocity, exported by Charlie",estr_eonia_1y5y_citi_2026-10-05.xlsx
2015-09-10,,0.035607,-0.150000,0.120674,"Citi Velocity, exported by Charlie",estr_eonia_1y5y_citi_2026-10-05.xlsx
2015-09-11,,0.017769,-0.150000,0.102821,"Citi Velocity, exported by Charlie",estr_eonia_1y5y_citi_2026-10-05.xlsx
2015-09-14,,0.013257,-0.151000,0.098305,"Citi Velocity, exported by Charlie",estr_eonia_1y5y_citi_2026-10-05.xlsx
2015-09-15,,0.063283,-0.151000,0.148374,"Citi Velocity, exported by Charlie",estr_eonia_1y5y_citi_2026-10-05.xlsx
2015-09-16,,0.080042,-0.150000,0.165147,"Citi Velocity, exported by Charlie",estr_eonia_1y5y_citi_2026-10-05.xlsx
2015-09-17,,0.098498,-0.147000,0.183619,"Citi Velocity, exported by Charlie",estr_eonia_1y5y_citi_2026-10-05.xlsx
2015-09-18,,0.042059,-0.154000,0.127131,"Citi Velocity, exported by Charlie",estr_eonia_1y5y_citi_2026-10-05.xlsx
2015-09-21,,0.046569,-0.155000,0.131645,"Citi Velocity, exported by Charlie",estr_eonia_1y5y_citi_2026-10-05.xlsx
2015-09-22,,-0.003005,-0.172000,0.082029,"Citi Velocity, exported by Charlie",estr_eonia_1y5y_citi_2026-10-05.xlsx
2015-09-23,,0.008192,-0.167000,0.093236,"Citi Velocity, exported by Charlie",estr_eonia_1y5y_citi_2026-10-05.xlsx
2015-09-24,,0.003325,-0.167000,0.088365,"Citi Velocity, exported by Charlie",estr_eonia_1y5y_citi_2026-10-05.xlsx
2015-09-25,,0.027970,-0.167000,0.113030,"Citi Velocity, exported by Charlie",estr_eonia_1y5y_citi_2026-10-05.xlsx
2015-09-28,,0.009152,-0.168000,0.094196,"Citi Velocity, exported by Charlie",estr_eonia_1y5y_citi_2026-10-05.xlsx
2015-09-29,,0.004150,-0.174000,0.089190,"Citi Velocity, exported by Charlie",estr_eonia_1y5y_citi_2026-10-05.xlsx
2015-09-30,,0.000618,-0.173000,0.085656,"Citi Velocity, exported by Charlie",estr_eonia_1y5y_citi_2026-10-05.xlsx
2015-10-01,,-0.026269,-0.175000,0.058744,"Citi Velocity, exported by Charlie",estr_eonia_1y5y_citi_2026-10-05.xlsx
2015-10-02,,-0.039136,-0.178000,0.045867,"Citi Velocity, exported by Charlie",estr_eonia_1y5y_citi_2026-10-05.xlsx
2015-10-05,,-0.015172,-0.175000,0.069851,"Citi Velocity, exported by Charlie",estr_eonia_1y5y_citi_2026-10-05.xlsx
2015-10-06,,0.005987,-0.170000,0.091029,"Citi Velocity, exported by Charlie",estr_eonia_1y5y_citi_2026-10-05.xlsx
2015-10-07,,0.012071,-0.167000,0.097118,"Citi Velocity, exported by Charlie",estr_eonia_1y5y_citi_2026-10-05.xlsx
2015-10-08,,0.005012,-0.170000,0.090053,"Citi Velocity, exported by Charlie",estr_eonia_1y5y_citi_2026-10-05.xlsx
2015-10-09,,0.015053,-0.169000,0.100102,"Citi Velocity, exported by Charlie",estr_eonia_1y5y_citi_2026-10-05.xlsx
2015-10-12,,-0.006198,-0.168000,0.078833,"Citi Velocity, exported by Charlie",estr_eonia_1y5y_citi_2026-10-05.xlsx
2015-10-13,,0.002101,-0.171000,0.087140,"Citi Velocity, exported by Charlie",estr_eonia_1y5y_citi_2026-10-05.xlsx
2015-10-14,,-0.028236,-0.175000,0.056776,"Citi Velocity, exported by Charlie",estr_eonia_1y5y_citi_2026-10-05.xlsx
2015-10-15,,-0.014477,-0.182000,0.070546,"Citi Velocity, exported by Charlie",estr_eonia_1y5y_citi_2026-10-05.xlsx
2015-10-16,,-0.024421,-0.189000,0.060594,"Citi Velocity, exported by Charlie",estr_eonia_1y5y_citi_2026-10-05.xlsx
2015-10-19,,-0.026217,-0.189000,0.058797,"Citi Velocity, exported by Charlie",estr_eonia_1y5y_citi_2026-10-05.xlsx
2015-10-20,,0.011058,-0.180000,0.096104,"Citi Velocity, exported by Charlie",estr_eonia_1y5y_citi_2026-10-05.xlsx
2015-10-21,,-0.014429,-0.182000,0.070595,"Citi Velocity, exported by Charlie",estr_eonia_1y5y_citi_2026-10-05.xlsx
2015-10-22,,-0.056807,-0.220000,0.028180,"Citi Velocity, exported by Charlie",estr_eonia_1y5y_citi_2026-10-05.xlsx
2015-10-23,,-0.063033,-0.232000,0.021949,"Citi Velocity, exported by Charlie",estr_eonia_1y5y_citi_2026-10-05.xlsx
2015-10-26,,-0.077836,-0.237000,0.007133,"Citi Velocity, exported by Charlie",estr_eonia_1y5y_citi_2026-10-05.xlsx
2015-10-27,,-0.111525,-0.250000,-0.026584,"Citi Velocity, exported by Charlie",estr_eonia_1y5y_citi_2026-10-05.xlsx
2015-10-28,,-0.118642,-0.254000,-0.033708,"Citi Velocity, exported by Charlie",estr_eonia_1y5y_citi_2026-10-05.xlsx
2015-10-29,,-0.057864,-0.240000,0.027122,"Citi Velocity, exported by Charlie",estr_eonia_1y5y_citi_2026-10-05.xlsx
2015-10-30,,-0.054961,-0.239000,0.030028,"Citi Velocity, exported by Charlie",estr_eonia_1y5y_citi_2026-10-05.xlsx
2015-11-02,,-0.036700,-0.235000,0.048305,"Citi Velocity, exported by Charlie",estr_eonia_1y5y_citi_2026-10-05.xlsx
2015-11-03,,-0.047997,-0.244000,0.036998,"Citi Velocity, exported by Charlie",estr_eonia_1y5y_citi_2026-10-05.xlsx
2015-11-04,,-0.050788,-0.245000,0.034205,"Citi Velocity, exported by Charlie",estr_eonia_1y5y_citi_2026-10-05.xlsx
2015-11-05,,-0.054191,-0.252000,0.030799,"Citi Velocity, exported by Charlie",estr_eonia_1y5y_citi_2026-10-05.xlsx
2015-11-06,,-0.009523,-0.233000,0.075505,"Citi Velocity, exported by Charlie",estr_eonia_1y5y_citi_2026-10-05.xlsx
2015-11-09,,-0.044186,-0.253000,0.040812,"Citi Velocity, exported by Charlie",estr_eonia_1y5y_citi_2026-10-05.xlsx
2015-11-10,,-0.075555,-0.271000,0.009416,"Citi Velocity, exported by Charlie",estr_eonia_1y5y_citi_2026-10-05.xlsx
2015-11-11,,-0.082544,-0.281000,0.002421,"Citi Velocity, exported by Charlie",estr_eonia_1y5y_citi_2026-10-05.xlsx
2015-11-12,,-0.066138,-0.283000,0.018841,"Citi Velocity, exported by Charlie",estr_eonia_1y5y_citi_2026-10-05.xlsx
2015-11-13,,-0.082745,-0.287000,0.002220,"Citi Velocity, exported by Charlie",estr_eonia_1y5y_citi_2026-10-05.xlsx
2015-11-16,,-0.090539,-0.285000,-0.005580,"Citi Velocity, exported by Charlie",estr_eonia_1y5y_citi_2026-10-05.xlsx
2015-11-17,,-0.101409,-0.291000,-0.016460,"Citi Velocity, exported by Charlie",estr_eonia_1y5y_citi_2026-10-05.xlsx
2015-11-18,,-0.107929,-0.292000,-0.022986,"Citi Velocity, exported by Charlie",estr_eonia_1y5y_citi_2026-10-05.xlsx
2015-11-19,,-0.124326,-0.292000,-0.039396,"Citi Velocity, exported by Charlie",estr_eonia_1y5y_citi_2026-10-05.xlsx
2015-11-20,,-0.147498,-0.310000,-0.062589,"Citi Velocity, exported by Charlie",estr_eonia_1y5y_citi_2026-10-05.xlsx
2015-11-23,,-0.142076,-0.311000,-0.057162,"Citi Velocity, exported by Charlie",estr_eonia_1y5y_citi_2026-10-05.xlsx
2015-11-24,,-0.136105,-0.300000,-0.051186,"Citi Velocity, exported by Charlie",estr_eonia_1y5y_citi_2026-10-05.xlsx
2015-11-25,,-0.154108,-0.320000,-0.069204,"Citi Velocity, exported by Charlie",estr_eonia_1y5y_citi_2026-10-05.xlsx
2015-11-26,,-0.155145,-0.325000,-0.070242,"Citi Velocity, exported by Charlie",estr_eonia_1y5y_citi_2026-10-05.xlsx
2015-11-27,,-0.167330,-0.330000,-0.082437,"Citi Velocity, exported by Charlie",estr_eonia_1y5y_citi_2026-10-05.xlsx
2015-11-30,,-0.151762,-0.325000,-0.066857,"Citi Velocity, exported by Charlie",estr_eonia_1y5y_citi_2026-10-05.xlsx
2015-12-01,,-0.176341,-0.337000,-0.091456,"Citi Velocity, exported by Charlie",estr_eonia_1y5y_citi_2026-10-05.xlsx
2015-12-02,,-0.182599,-0.336000,-0.097720,"Citi Velocity, exported by Charlie",estr_eonia_1y5y_citi_2026-10-05.xlsx
2015-12-03,,-0.027708,-0.226000,0.057304,"Citi Velocity, exported by Charlie",estr_eonia_1y5y_citi_2026-10-05.xlsx
2015-12-04,,-0.001583,-0.239000,0.083452,"Citi Velocity, exported by Charlie",estr_eonia_1y5y_citi_2026-10-05.xlsx
2015-12-07,,-0.059145,-0.254000,0.025841,"Citi Velocity, exported by Charlie",estr_eonia_1y5y_citi_2026-10-05.xlsx
2015-12-08,,-0.069902,-0.262000,0.015074,"Citi Velocity, exported by Charlie",estr_eonia_1y5y_citi_2026-10-05.xlsx
2015-12-09,,-0.060755,-0.263000,0.024229,"Citi Velocity, exported by Charlie",estr_eonia_1y5y_citi_2026-10-05.xlsx
2015-12-10,,-0.075328,-0.266000,0.009644,"Citi Velocity, exported by Charlie",estr_eonia_1y5y_citi_2026-10-05.xlsx
2015-12-11,,-0.092808,-0.273000,-0.007852,"Citi Velocity, exported by Charlie",estr_eonia_1y5y_citi_2026-10-05.xlsx
2015-12-14,,-0.077684,-0.274000,0.007285,"Citi Velocity, exported by Charlie",estr_eonia_1y5y_citi_2026-10-05.xlsx
2015-12-15,,-0.021003,-0.271000,0.064015,"Citi Velocity, exported by Charlie",estr_eonia_1y5y_citi_2026-10-05.xlsx
2015-12-16,,-0.003578,-0.270000,0.081456,"Citi Velocity, exported by Charlie",estr_eonia_1y5y_citi_2026-10-05.xlsx
2015-12-17,,-0.038384,-0.272000,0.046620,"Citi Velocity, exported by Charlie",estr_eonia_1y5y_citi_2026-10-05.xlsx
2015-12-18,,-0.068020,-0.277000,0.016958,"Citi Velocity, exported by Charlie",estr_eonia_1y5y_citi_2026-10-05.xlsx
2015-12-21,,-0.056836,-0.274000,0.028151,"Citi Velocity, exported by Charlie",estr_eonia_1y5y_citi_2026-10-05.xlsx
2015-12-22,,-0.013217,-0.270000,0.071808,"Citi Velocity, exported by Charlie",estr_eonia_1y5y_citi_2026-10-05.xlsx
2015-12-23,,0.004794,-0.272000,0.089835,"Citi Velocity, exported by Charlie",estr_eonia_1y5y_citi_2026-10-05.xlsx
2015-12-24,,0.005006,-0.272097,0.090046,"Citi Velocity, exported by Charlie",estr_eonia_1y5y_citi_2026-10-05.xlsx
2015-12-25,,0.005006,-0.272099,0.090046,"Citi Velocity, exported by Charlie",estr_eonia_1y5y_citi_2026-10-05.xlsx
2015-12-28,,0.005023,-0.272184,0.090064,"Citi Velocity, exported by Charlie",estr_eonia_1y5y_citi_2026-10-05.xlsx
2015-12-29,,-0.001770,-0.274000,0.083265,"Citi Velocity, exported by Charlie",estr_eonia_1y5y_citi_2026-10-05.xlsx
2015-12-30,,0.000109,-0.274000,0.085146,"Citi Velocity, exported by Charlie",estr_eonia_1y5y_citi_2026-10-05.xlsx
2015-12-31,,0.000066,-0.274088,0.085102,"Citi Velocity, exported by Charlie",estr_eonia_1y5y_citi_2026-10-05.xlsx
2016-01-01,,0.000066,-0.274092,0.085102,"Citi Velocity, exported by Charlie",estr_eonia_1y5y_citi_2026-10-05.xlsx
2016-01-04,,-0.029673,-0.281000,0.055338,"Citi Velocity, exported by Charlie",estr_eonia_1y5y_citi_2026-10-05.xlsx
2016-01-05,,-0.067769,-0.290000,0.017209,"Citi Velocity, exported by Charlie",estr_eonia_1y5y_citi_2026-10-05.xlsx
2016-01-06,,-0.092346,-0.302000,-0.007389,"Citi Velocity, exported by Charlie",estr_eonia_1y5y_citi_2026-10-05.xlsx
2016-01-07,,-0.070894,-0.305000,0.014081,"Citi Velocity, exported by Charlie",estr_eonia_1y5y_citi_2026-10-05.xlsx
2016-01-08,,-0.090466,-0.309000,-0.005507,"Citi Velocity, exported by Charlie",estr_eonia_1y5y_citi_2026-10-05.xlsx
2016-01-11,,-0.086209,-0.309000,-0.001247,"Citi Velocity, exported by Charlie",estr_eonia_1y5y_citi_2026-10-05.xlsx
2016-01-12,,-0.086889,-0.314000,-0.001927,"Citi Velocity, exported by Charlie",estr_eonia_1y5y_citi_2026-10-05.xlsx
2016-01-13,,-0.095055,-0.309000,-0.010100,"Citi Velocity, exported by Charlie",estr_eonia_1y5y_citi_2026-10-05.xlsx
2016-01-14,,-0.091067,-0.307000,-0.006109,"Citi Velocity, exported by Charlie",estr_eonia_1y5y_citi_2026-10-05.xlsx
2016-01-15,,-0.119114,-0.313000,-0.034180,"Citi Velocity, exported by Charlie",estr_eonia_1y5y_citi_2026-10-05.xlsx
2016-01-18,,-0.121576,-0.315000,-0.036645,"Citi Velocity, exported by Charlie",estr_eonia_1y5y_citi_2026-10-05.xlsx
2016-01-19,,-0.121002,-0.314000,-0.036069,"Citi Velocity, exported by Charlie",estr_eonia_1y5y_citi_2026-10-05.xlsx
2016-01-20,,-0.154844,-0.328000,-0.069941,"Citi Velocity, exported by Charlie",estr_eonia_1y5y_citi_2026-10-05.xlsx
2016-01-21,,-0.194468,-0.355000,-0.109599,"Citi Velocity, exported by Charlie",estr_eonia_1y5y_citi_2026-10-05.xlsx
2016-01-22,,-0.196516,-0.359000,-0.111649,"Citi Velocity, exported by Charlie",estr_eonia_1y5y_citi_2026-10-05.xlsx
2016-01-25,,-0.196434,-0.365000,-0.111567,"Citi Velocity, exported by Charlie",estr_eonia_1y5y_citi_2026-10-05.xlsx
2016-01-26,,-0.209242,-0.373000,-0.124386,"Citi Velocity, exported by Charlie",estr_eonia_1y5y_citi_2026-10-05.xlsx
2016-01-27,,-0.201801,-0.366000,-0.116938,"Citi Velocity, exported by Charlie",estr_eonia_1y5y_citi_2026-10-05.xlsx
2016-01-28,,-0.220358,-0.368000,-0.135511,"Citi Velocity, exported by Charlie",estr_eonia_1y5y_citi_2026-10-05.xlsx
2016-01-29,,-0.272529,-0.395000,-0.187727,"Citi Velocity, exported by Charlie",estr_eonia_1y5y_citi_2026-10-05.xlsx
2016-02-01,,-0.263651,-0.389000,-0.178841,"Citi Velocity, exported by Charlie",estr_eonia_1y5y_citi_2026-10-05.xlsx
2016-02-02,,-0.281433,-0.400000,-0.196639,"Citi Velocity, exported by Charlie",estr_eonia_1y5y_citi_2026-10-05.xlsx
2016-02-03,,-0.309103,-0.414000,-0.224333,"Citi Velocity, exported by Charlie",estr_eonia_1y5y_citi_2026-10-05.xlsx
2016-02-04,,-0.286501,-0.407000,-0.201711,"Citi Velocity, exported by Charlie",estr_eonia_1y5y_citi_2026-10-05.xlsx
2016-02-05,,-0.285567,-0.410000,-0.200777,"Citi Velocity, exported by Charlie",estr_eonia_1y5y_citi_2026-10-05.xlsx
2016-02-08,,-0.325609,-0.416000,-0.240852,"Citi Velocity, exported by Charlie",estr_eonia_1y5y_citi_2026-10-05.xlsx
2016-02-09,,-0.324667,-0.423000,-0.239910,"Citi Velocity, exported by Charlie",estr_eonia_1y5y_citi_2026-10-05.xlsx
2016-02-10,,-0.312431,-0.414000,-0.227663,"Citi Velocity, exported by Charlie",estr_eonia_1y5y_citi_2026-10-05.xlsx
2016-02-11,,-0.351870,-0.433000,-0.267136,"Citi Velocity, exported by Charlie",estr_eonia_1y5y_citi_2026-10-05.xlsx
2016-02-12,,-0.291315,-0.413000,-0.206529,"Citi Velocity, exported by Charlie",estr_eonia_1y5y_citi_2026-10-05.xlsx
2016-02-15,,-0.314412,-0.417000,-0.229646,"Citi Velocity, exported by Charlie",estr_eonia_1y5y_citi_2026-10-05.xlsx
2016-02-16,,-0.307579,-0.418000,-0.222807,"Citi Velocity, exported by Charlie",estr_eonia_1y5y_citi_2026-10-05.xlsx
2016-02-17,,-0.307522,-0.413000,-0.222751,"Citi Velocity, exported by Charlie",estr_eonia_1y5y_citi_2026-10-05.xlsx
2016-02-18,,-0.331496,-0.428000,-0.246745,"Citi Velocity, exported by Charlie",estr_eonia_1y5y_citi_2026-10-05.xlsx
2016-02-19,,-0.332370,-0.433000,-0.247620,"Citi Velocity, exported by Charlie",estr_eonia_1y5y_citi_2026-10-05.xlsx
2016-02-22,,-0.355566,-0.428000,-0.270836,"Citi Velocity, exported by Charlie",estr_eonia_1y5y_citi_2026-10-05.xlsx
2016-02-23,,-0.346158,-0.423000,-0.261419,"Citi Velocity, exported by Charlie",estr_eonia_1y5y_citi_2026-10-05.xlsx
2016-02-24,,-0.357196,-0.416000,-0.272466,"Citi Velocity, exported by Charlie",estr_eonia_1y5y_citi_2026-10-05.xlsx
2016-02-25,,-0.367299,-0.428000,-0.282578,"Citi Velocity, exported by Charlie",estr_eonia_1y5y_citi_2026-10-05.xlsx
2016-02-26,,-0.375763,-0.435000,-0.291050,"Citi Velocity, exported by Charlie",estr_eonia_1y5y_citi_2026-10-05.xlsx
2016-02-29,,-0.414783,-0.454000,-0.330103,"Citi Velocity, exported by Charlie",estr_eonia_1y5y_citi_2026-10-05.xlsx
2016-03-01,,-0.407543,-0.441000,-0.322857,"Citi Velocity, exported by Charlie",estr_eonia_1y5y_citi_2026-10-05.xlsx
2016-03-02,,-0.375915,-0.434000,-0.291202,"Citi Velocity, exported by Charlie",estr_eonia_1y5y_citi_2026-10-05.xlsx
2016-03-03,,-0.404685,-0.445000,-0.319997,"Citi Velocity, exported by Charlie",estr_eonia_1y5y_citi_2026-10-05.xlsx
2016-03-04,,-0.357702,-0.428000,-0.272973,"Citi Velocity, exported by Charlie",estr_eonia_1y5y_citi_2026-10-05.xlsx
2016-03-07,,-0.365662,-0.420000,-0.280940,"Citi Velocity, exported by Charlie",estr_eonia_1y5y_citi_2026-10-05.xlsx
2016-03-08,,-0.376175,-0.432000,-0.291462,"Citi Velocity, exported by Charlie",estr_eonia_1y5y_citi_2026-10-05.xlsx
2016-03-09,,-0.327264,-0.417000,-0.242509,"Citi Velocity, exported by Charlie",estr_eonia_1y5y_citi_2026-10-05.xlsx
2016-03-10,,-0.245873,-0.370000,-0.161048,"Citi Velocity, exported by Charlie",estr_eonia_1y5y_citi_2026-10-05.xlsx
2016-03-11,,-0.280946,-0.373000,-0.196152,"Citi Velocity, exported by Charlie",estr_eonia_1y5y_citi_2026-10-05.xlsx
2016-03-14,,-0.273658,-0.377000,-0.188857,"Citi Velocity, exported by Charlie",estr_eonia_1y5y_citi_2026-10-05.xlsx
2016-03-15,,-0.261909,-0.368000,-0.177098,"Citi Velocity, exported by Charlie",estr_eonia_1y5y_citi_2026-10-05.xlsx
2016-03-16,,-0.276711,-0.372000,-0.191912,"Citi Velocity, exported by Charlie",estr_eonia_1y5y_citi_2026-10-05.xlsx
2016-03-17,,-0.301520,-0.375000,-0.216743,"Citi Velocity, exported by Charlie",estr_eonia_1y5y_citi_2026-10-05.xlsx
2016-03-18,,-0.305809,-0.383000,-0.221035,"Citi Velocity, exported by Charlie",estr_eonia_1y5y_citi_2026-10-05.xlsx
2016-03-21,,-0.313572,-0.383000,-0.228806,"Citi Velocity, exported by Charlie",estr_eonia_1y5y_citi_2026-10-05.xlsx
2016-03-22,,-0.307652,-0.384000,-0.222880,"Citi Velocity, exported by Charlie",estr_eonia_1y5y_citi_2026-10-05.xlsx
2016-03-23,,-0.309194,-0.386000,-0.224424,"Citi Velocity, exported by Charlie",estr_eonia_1y5y_citi_2026-10-05.xlsx
2016-03-24,,-0.310289,-0.385000,-0.225520,"Citi Velocity, exported by Charlie",estr_eonia_1y5y_citi_2026-10-05.xlsx
2016-03-25,,-0.310289,-0.385001,-0.225520,"Citi Velocity, exported by Charlie",estr_eonia_1y5y_citi_2026-10-05.xlsx
2016-03-28,,-0.310289,-0.385004,-0.225520,"Citi Velocity, exported by Charlie",estr_eonia_1y5y_citi_2026-10-05.xlsx
2016-03-29,,-0.338331,-0.388000,-0.253586,"Citi Velocity, exported by Charlie",estr_eonia_1y5y_citi_2026-10-05.xlsx
2016-03-30,,-0.326451,-0.384000,-0.241696,"Citi Velocity, exported by Charlie",estr_eonia_1y5y_citi_2026-10-05.xlsx
2016-03-31,,-0.323196,-0.381000,-0.238438,"Citi Velocity, exported by Charlie",estr_eonia_1y5y_citi_2026-10-05.xlsx
2016-04-01,,-0.325249,-0.380000,-0.240492,"Citi Velocity, exported by Charlie",estr_eonia_1y5y_citi_2026-10-05.xlsx
2016-04-04,,-0.340283,-0.378000,-0.255539,"Citi Velocity, exported by Charlie",estr_eonia_1y5y_citi_2026-10-05.xlsx
2016-04-05,,-0.363430,-0.382000,-0.278706,"Citi Velocity, exported by Charlie",estr_eonia_1y5y_citi_2026-10-05.xlsx
2016-04-06,,-0.363438,-0.387000,-0.278714,"Citi Velocity, exported by Charlie",estr_eonia_1y5y_citi_2026-10-05.xlsx
2016-04-07,,-0.380319,-0.394000,-0.295610,"Citi Velocity, exported by Charlie",estr_eonia_1y5y_citi_2026-10-05.xlsx
2016-04-08,,-0.383136,-0.396000,-0.298430,"Citi Velocity, exported by Charlie",estr_eonia_1y5y_citi_2026-10-05.xlsx
2016-04-11,,-0.385001,-0.400000,-0.300296,"Citi Velocity, exported by Charlie",estr_eonia_1y5y_citi_2026-10-05.xlsx
2016-04-12,,-0.363301,-0.401000,-0.278577,"Citi Velocity, exported by Charlie",estr_eonia_1y5y_citi_2026-10-05.xlsx
2016-04-13,,-0.367344,-0.401000,-0.282624,"Citi Velocity, exported by Charlie",estr_eonia_1y5y_citi_2026-10-05.xlsx
2016-04-14,,-0.351785,-0.394000,-0.267051,"Citi Velocity, exported by Charlie",estr_eonia_1y5y_citi_2026-10-05.xlsx
2016-04-15,,-0.367569,-0.395000,-0.282849,"Citi Velocity, exported by Charlie",estr_eonia_1y5y_citi_2026-10-05.xlsx
2016-04-18,,-0.350019,-0.386000,-0.265284,"Citi Velocity, exported by Charlie",estr_eonia_1y5y_citi_2026-10-05.xlsx
2016-04-19,,-0.349400,-0.387000,-0.264664,"Citi Velocity, exported by Charlie",estr_eonia_1y5y_citi_2026-10-05.xlsx
2016-04-20,,-0.364431,-0.388000,-0.279708,"Citi Velocity, exported by Charlie",estr_eonia_1y5y_citi_2026-10-05.xlsx
2016-04-21,,-0.313207,-0.383000,-0.228440,"Citi Velocity, exported by Charlie",estr_eonia_1y5y_citi_2026-10-05.xlsx
2016-04-22,,-0.323660,-0.386000,-0.238902,"Citi Velocity, exported by Charlie",estr_eonia_1y5y_citi_2026-10-05.xlsx
2016-04-25,,-0.308765,-0.387000,-0.223994,"Citi Velocity, exported by Charlie",estr_eonia_1y5y_citi_2026-10-05.xlsx
2016-04-26,,-0.280514,-0.384000,-0.195719,"Citi Velocity, exported by Charlie",estr_eonia_1y5y_citi_2026-10-05.xlsx
2016-04-27,,-0.299842,-0.382000,-0.215063,"Citi Velocity, exported by Charlie",estr_eonia_1y5y_citi_2026-10-05.xlsx
2016-04-28,,-0.314709,-0.383000,-0.229943,"Citi Velocity, exported by Charlie",estr_eonia_1y5y_citi_2026-10-05.xlsx
2016-04-29,,-0.284533,-0.376000,-0.199742,"Citi Velocity, exported by Charlie",estr_eonia_1y5y_citi_2026-10-05.xlsx
2016-05-02,,-0.284503,-0.376058,-0.199712,"Citi Velocity, exported by Charlie",estr_eonia_1y5y_citi_2026-10-05.xlsx
2016-05-03,,-0.333137,-0.381000,-0.248387,"Citi Velocity, exported by Charlie",estr_eonia_1y5y_citi_2026-10-05.xlsx
2016-05-04,,-0.332304,-0.384000,-0.247553,"Citi Velocity, exported by Charlie",estr_eonia_1y5y_citi_2026-10-05.xlsx
2016-05-05,,-0.349643,-0.386000,-0.264908,"Citi Velocity, exported by Charlie",estr_eonia_1y5y_citi_2026-10-05.xlsx
2016-05-06,,-0.361595,-0.388000,-0.276869,"Citi Velocity, exported by Charlie",estr_eonia_1y5y_citi_2026-10-05.xlsx
2016-05-09,,-0.374369,-0.389000,-0.289655,"Citi Velocity, exported by Charlie",estr_eonia_1y5y_citi_2026-10-05.xlsx
2016-05-10,,-0.377431,-0.389000,-0.292720,"Citi Velocity, exported by Charlie",estr_eonia_1y5y_citi_2026-10-05.xlsx
2016-05-11,,-0.375890,-0.386000,-0.291177,"Citi Velocity, exported by Charlie",estr_eonia_1y5y_citi_2026-10-05.xlsx
2016-05-12,,-0.362332,-0.386000,-0.277607,"Citi Velocity, exported by Charlie",estr_eonia_1y5y_citi_2026-10-05.xlsx
2016-05-13,,-0.365075,-0.382000,-0.280352,"Citi Velocity, exported by Charlie",estr_eonia_1y5y_citi_2026-10-05.xlsx
2016-05-16,,-0.356554,-0.381000,-0.271824,"Citi Velocity, exported by Charlie",estr_eonia_1y5y_citi_2026-10-05.xlsx
2016-05-17,,-0.354292,-0.378000,-0.269560,"Citi Velocity, exported by Charlie",estr_eonia_1y5y_citi_2026-10-05.xlsx
2016-05-18,,-0.333273,-0.375000,-0.248523,"Citi Velocity, exported by Charlie",estr_eonia_1y5y_citi_2026-10-05.xlsx
2016-05-19,,-0.329769,-0.374000,-0.245017,"Citi Velocity, exported by Charlie",estr_eonia_1y5y_citi_2026-10-05.xlsx
2016-05-20,,-0.324581,-0.371000,-0.239824,"Citi Velocity, exported by Charlie",estr_eonia_1y5y_citi_2026-10-05.xlsx
2016-05-23,,-0.319928,-0.372000,-0.235166,"Citi Velocity, exported by Charlie",estr_eonia_1y5y_citi_2026-10-05.xlsx
2016-05-24,,-0.328961,-0.374000,-0.244208,"Citi Velocity, exported by Charlie",estr_eonia_1y5y_citi_2026-10-05.xlsx
2016-05-25,,-0.345710,-0.377000,-0.260971,"Citi Velocity, exported by Charlie",estr_eonia_1y5y_citi_2026-10-05.xlsx
2016-05-26,,-0.358925,-0.380000,-0.274197,"Citi Velocity, exported by Charlie",estr_eonia_1y5y_citi_2026-10-05.xlsx
2016-05-27,,-0.355922,-0.381000,-0.271191,"Citi Velocity, exported by Charlie",estr_eonia_1y5y_citi_2026-10-05.xlsx
2016-05-30,,-0.355925,-0.381094,-0.271194,"Citi Velocity, exported by Charlie",estr_eonia_1y5y_citi_2026-10-05.xlsx
2016-05-31,,-0.347472,-0.381000,-0.262734,"Citi Velocity, exported by Charlie",estr_eonia_1y5y_citi_2026-10-05.xlsx
2016-06-01,,-0.357060,-0.382000,-0.272330,"Citi Velocity, exported by Charlie",estr_eonia_1y5y_citi_2026-10-05.xlsx
2016-06-02,,-0.354728,-0.379000,-0.269997,"Citi Velocity, exported by Charlie",estr_eonia_1y5y_citi_2026-10-05.xlsx
2016-06-03,,-0.375389,-0.378000,-0.290675,"Citi Velocity, exported by Charlie",estr_eonia_1y5y_citi_2026-10-05.xlsx
2016-06-06,,-0.370069,-0.382000,-0.285351,"Citi Velocity, exported by Charlie",estr_eonia_1y5y_citi_2026-10-05.xlsx
2016-06-07,,-0.377054,-0.382000,-0.292342,"Citi Velocity, exported by Charlie",estr_eonia_1y5y_citi_2026-10-05.xlsx
2016-06-08,,-0.376620,-0.380000,-0.291907,"Citi Velocity, exported by Charlie",estr_eonia_1y5y_citi_2026-10-05.xlsx
2016-06-09,,-0.385047,-0.385000,-0.300342,"Citi Velocity, exported by Charlie",estr_eonia_1y5y_citi_2026-10-05.xlsx
2016-06-10,,-0.398450,-0.388000,-0.313757,"Citi Velocity, exported by Charlie",estr_eonia_1y5y_citi_2026-10-05.xlsx
2016-06-13,,-0.399281,-0.389000,-0.314588,"Citi Velocity, exported by Charlie",estr_eonia_1y5y_citi_2026-10-05.xlsx
2016-06-14,,-0.422289,-0.400000,-0.337616,"Citi Velocity, exported by Charlie",estr_eonia_1y5y_citi_2026-10-05.xlsx
2016-06-15,,-0.434853,-0.404000,-0.350190,"Citi Velocity, exported by Charlie",estr_eonia_1y5y_citi_2026-10-05.xlsx
2016-06-16,,-0.451718,-0.409000,-0.367070,"Citi Velocity, exported by Charlie",estr_eonia_1y5y_citi_2026-10-05.xlsx
2016-06-17,,-0.458665,-0.410000,-0.374023,"Citi Velocity, exported by Charlie",estr_eonia_1y5y_citi_2026-10-05.xlsx
2016-06-20,,-0.428187,-0.397000,-0.343519,"Citi Velocity, exported by Charlie",estr_eonia_1y5y_citi_2026-10-05.xlsx
2016-06-21,,-0.415394,-0.394000,-0.330715,"Citi Velocity, exported by Charlie",estr_eonia_1y5y_citi_2026-10-05.xlsx
2016-06-22,,-0.410708,-0.397000,-0.326025,"Citi Velocity, exported by Charlie",estr_eonia_1y5y_citi_2026-10-05.xlsx
2016-06-23,,-0.391047,-0.391000,-0.306347,"Citi Velocity, exported by Charlie",estr_eonia_1y5y_citi_2026-10-05.xlsx
2016-06-24,,-0.480998,-0.447000,-0.396375,"Citi Velocity, exported by Charlie",estr_eonia_1y5y_citi_2026-10-05.xlsx
2016-06-27,,-0.488598,-0.437000,-0.403981,"Citi Velocity, exported by Charlie",estr_eonia_1y5y_citi_2026-10-05.xlsx
2016-06-28,,-0.502984,-0.433000,-0.418380,"Citi Velocity, exported by Charlie",estr_eonia_1y5y_citi_2026-10-05.xlsx
2016-06-29,,-0.497845,-0.433000,-0.413237,"Citi Velocity, exported by Charlie",estr_eonia_1y5y_citi_2026-10-05.xlsx
2016-06-30,,-0.494507,-0.431000,-0.409897,"Citi Velocity, exported by Charlie",estr_eonia_1y5y_citi_2026-10-05.xlsx
2016-07-01,,-0.506282,-0.436000,-0.421681,"Citi Velocity, exported by Charlie",estr_eonia_1y5y_citi_2026-10-05.xlsx
2016-07-04,,-0.536531,-0.446000,-0.451956,"Citi Velocity, exported by Charlie",estr_eonia_1y5y_citi_2026-10-05.xlsx
2016-07-05,,-0.550801,-0.446000,-0.466238,"Citi Velocity, exported by Charlie",estr_eonia_1y5y_citi_2026-10-05.xlsx
2016-07-06,,-0.552766,-0.448000,-0.468205,"Citi Velocity, exported by Charlie",estr_eonia_1y5y_citi_2026-10-05.xlsx
2016-07-07,,-0.548098,-0.447000,-0.463533,"Citi Velocity, exported by Charlie",estr_eonia_1y5y_citi_2026-10-05.xlsx
2016-07-08,,-0.553454,-0.447000,-0.468894,"Citi Velocity, exported by Charlie",estr_eonia_1y5y_citi_2026-10-05.xlsx
2016-07-11,,-0.553008,-0.446000,-0.468447,"Citi Velocity, exported by Charlie",estr_eonia_1y5y_citi_2026-10-05.xlsx
2016-07-12,,-0.518087,-0.435000,-0.433496,"Citi Velocity, exported by Charlie",estr_eonia_1y5y_citi_2026-10-05.xlsx
2016-07-13,,-0.530369,-0.437000,-0.445788,"Citi Velocity, exported by Charlie",estr_eonia_1y5y_citi_2026-10-05.xlsx
2016-07-14,,-0.502297,-0.424000,-0.417692,"Citi Velocity, exported by Charlie",estr_eonia_1y5y_citi_2026-10-05.xlsx
2016-07-15,,-0.477380,-0.416000,-0.392755,"Citi Velocity, exported by Charlie",estr_eonia_1y5y_citi_2026-10-05.xlsx
2016-07-18,,-0.489135,-0.416000,-0.404520,"Citi Velocity, exported by Charlie",estr_eonia_1y5y_citi_2026-10-05.xlsx
2016-07-19,,-0.489645,-0.415000,-0.405030,"Citi Velocity, exported by Charlie",estr_eonia_1y5y_citi_2026-10-05.xlsx
2016-07-20,,-0.485894,-0.409000,-0.401276,"Citi Velocity, exported by Charlie",estr_eonia_1y5y_citi_2026-10-05.xlsx
2016-07-21,,-0.467878,-0.402000,-0.383244,"Citi Velocity, exported by Charlie",estr_eonia_1y5y_citi_2026-10-05.xlsx
2016-07-22,,-0.463416,-0.402000,-0.378779,"Citi Velocity, exported by Charlie",estr_eonia_1y5y_citi_2026-10-05.xlsx
2016-07-25,,-0.477141,-0.400000,-0.392515,"Citi Velocity, exported by Charlie",estr_eonia_1y5y_citi_2026-10-05.xlsx
2016-07-26,,-0.471084,-0.400000,-0.386453,"Citi Velocity, exported by Charlie",estr_eonia_1y5y_citi_2026-10-05.xlsx
2016-07-27,,-0.499230,-0.401000,-0.414623,"Citi Velocity, exported by Charlie",estr_eonia_1y5y_citi_2026-10-05.xlsx
2016-07-28,,-0.491959,-0.399000,-0.407346,"Citi Velocity, exported by Charlie",estr_eonia_1y5y_citi_2026-10-05.xlsx
2016-07-29,,-0.502969,-0.401000,-0.418365,"Citi Velocity, exported by Charlie",estr_eonia_1y5y_citi_2026-10-05.xlsx
2016-08-01,,-0.497522,-0.402000,-0.412914,"Citi Velocity, exported by Charlie",estr_eonia_1y5y_citi_2026-10-05.xlsx
2016-08-02,,-0.467552,-0.392000,-0.382918,"Citi Velocity, exported by Charlie",estr_eonia_1y5y_citi_2026-10-05.xlsx
2016-08-03,,-0.468370,-0.390000,-0.383736,"Citi Velocity, exported by Charlie",estr_eonia_1y5y_citi_2026-10-05.xlsx
2016-08-04,,-0.499329,-0.398000,-0.414722,"Citi Velocity, exported by Charlie",estr_eonia_1y5y_citi_2026-10-05.xlsx
2016-08-05,,-0.488482,-0.397000,-0.403866,"Citi Velocity, exported by Charlie",estr_eonia_1y5y_citi_2026-10-05.xlsx
2016-08-08,,-0.492803,-0.399000,-0.408191,"Citi Velocity, exported by Charlie",estr_eonia_1y5y_citi_2026-10-05.xlsx
2016-08-09,,-0.498104,-0.401000,-0.413496,"Citi Velocity, exported by Charlie",estr_eonia_1y5y_citi_2026-10-05.xlsx
2016-08-10,,-0.517822,-0.406000,-0.433231,"Citi Velocity, exported by Charlie",estr_eonia_1y5y_citi_2026-10-05.xlsx
2016-08-11,,-0.508695,-0.402000,-0.424096,"Citi Velocity, exported by Charlie",estr_eonia_1y5y_citi_2026-10-05.xlsx
2016-08-12,,-0.511471,-0.404000,-0.426875,"Citi Velocity, exported by Charlie",estr_eonia_1y5y_citi_2026-10-05.xlsx
2016-08-15,,-0.487143,-0.401000,-0.402526,"Citi Velocity, exported by Charlie",estr_eonia_1y5y_citi_2026-10-05.xlsx
2016-08-16,,-0.470872,-0.397000,-0.386241,"Citi Velocity, exported by Charlie",estr_eonia_1y5y_citi_2026-10-05.xlsx
2016-08-17,,-0.476736,-0.398000,-0.392109,"Citi Velocity, exported by Charlie",estr_eonia_1y5y_citi_2026-10-05.xlsx
2016-08-18,,-0.489318,-0.398000,-0.404703,"Citi Velocity, exported by Charlie",estr_eonia_1y5y_citi_2026-10-05.xlsx
2016-08-19,,-0.474266,-0.395000,-0.389638,"Citi Velocity, exported by Charlie",estr_eonia_1y5y_citi_2026-10-05.xlsx
2016-08-22,,-0.487421,-0.396000,-0.402804,"Citi Velocity, exported by Charlie",estr_eonia_1y5y_citi_2026-10-05.xlsx
2016-08-23,,-0.488502,-0.395000,-0.403886,"Citi Velocity, exported by Charlie",estr_eonia_1y5y_citi_2026-10-05.xlsx
2016-08-24,,-0.483207,-0.390000,-0.398586,"Citi Velocity, exported by Charlie",estr_eonia_1y5y_citi_2026-10-05.xlsx
2016-08-25,,-0.474933,-0.388000,-0.390305,"Citi Velocity, exported by Charlie",estr_eonia_1y5y_citi_2026-10-05.xlsx
2016-08-26,,-0.481413,-0.389000,-0.396790,"Citi Velocity, exported by Charlie",estr_eonia_1y5y_citi_2026-10-05.xlsx
2016-08-29,,-0.481415,-0.389093,-0.396793,"Citi Velocity, exported by Charlie",estr_eonia_1y5y_citi_2026-10-05.xlsx
2016-08-30,,-0.485692,-0.391000,-0.401074,"Citi Velocity, exported by Charlie",estr_eonia_1y5y_citi_2026-10-05.xlsx
2016-08-31,,-0.479137,-0.394000,-0.394513,"Citi Velocity, exported by Charlie",estr_eonia_1y5y_citi_2026-10-05.xlsx
2016-09-01,,-0.478561,-0.394000,-0.393937,"Citi Velocity, exported by Charlie",estr_eonia_1y5y_citi_2026-10-05.xlsx
2016-09-02,,-0.465304,-0.392000,-0.380668,"Citi Velocity, exported by Charlie",estr_eonia_1y5y_citi_2026-10-05.xlsx
2016-09-05,,-0.473758,-0.397000,-0.389129,"Citi Velocity, exported by Charlie",estr_eonia_1y5y_citi_2026-10-05.xlsx
2016-09-06,,-0.508998,-0.405000,-0.424399,"Citi Velocity, exported by Charlie",estr_eonia_1y5y_citi_2026-10-05.xlsx
2016-09-07,,-0.515810,-0.407000,-0.431217,"Citi Velocity, exported by Charlie",estr_eonia_1y5y_citi_2026-10-05.xlsx
2016-09-08,,-0.478948,-0.392000,-0.394324,"Citi Velocity, exported by Charlie",estr_eonia_1y5y_citi_2026-10-05.xlsx
2016-09-09,,-0.443736,-0.388000,-0.359082,"Citi Velocity, exported by Charlie",estr_eonia_1y5y_citi_2026-10-05.xlsx
2016-09-12,,-0.431046,-0.386000,-0.346381,"Citi Velocity, exported by Charlie",estr_eonia_1y5y_citi_2026-10-05.xlsx
2016-09-13,,-0.422479,-0.381000,-0.337806,"Citi Velocity, exported by Charlie",estr_eonia_1y5y_citi_2026-10-05.xlsx
2016-09-14,,-0.430579,-0.386000,-0.345913,"Citi Velocity, exported by Charlie",estr_eonia_1y5y_citi_2026-10-05.xlsx
2016-09-15,,-0.421787,-0.383000,-0.337113,"Citi Velocity, exported by Charlie",estr_eonia_1y5y_citi_2026-10-05.xlsx
2016-09-16,,-0.442556,-0.386000,-0.357901,"Citi Velocity, exported by Charlie",estr_eonia_1y5y_citi_2026-10-05.xlsx
2016-09-19,,-0.428994,-0.383000,-0.344326,"Citi Velocity, exported by Charlie",estr_eonia_1y5y_citi_2026-10-05.xlsx
2016-09-20,,-0.445926,-0.386000,-0.361273,"Citi Velocity, exported by Charlie",estr_eonia_1y5y_citi_2026-10-05.xlsx
2016-09-21,,-0.431049,-0.384000,-0.346384,"Citi Velocity, exported by Charlie",estr_eonia_1y5y_citi_2026-10-05.xlsx
2016-09-22,,-0.477010,-0.386000,-0.392384,"Citi Velocity, exported by Charlie",estr_eonia_1y5y_citi_2026-10-05.xlsx
2016-09-23,,-0.471503,-0.387000,-0.386872,"Citi Velocity, exported by Charlie",estr_eonia_1y5y_citi_2026-10-05.xlsx
2016-09-26,,-0.485068,-0.394000,-0.400449,"Citi Velocity, exported by Charlie",estr_eonia_1y5y_citi_2026-10-05.xlsx
2016-09-27,,-0.503121,-0.401000,-0.418517,"Citi Velocity, exported by Charlie",estr_eonia_1y5y_citi_2026-10-05.xlsx
2016-09-28,,-0.503721,-0.397000,-0.419118,"Citi Velocity, exported by Charlie",estr_eonia_1y5y_citi_2026-10-05.xlsx
2016-09-29,,-0.487204,-0.392000,-0.402586,"Citi Velocity, exported by Charlie",estr_eonia_1y5y_citi_2026-10-05.xlsx
2016-09-30,,-0.479135,-0.390000,-0.394511,"Citi Velocity, exported by Charlie",estr_eonia_1y5y_citi_2026-10-05.xlsx
2016-10-03,,-0.470882,-0.390000,-0.386251,"Citi Velocity, exported by Charlie",estr_eonia_1y5y_citi_2026-10-05.xlsx
2016-10-04,,-0.470719,-0.390000,-0.386087,"Citi Velocity, exported by Charlie",estr_eonia_1y5y_citi_2026-10-05.xlsx
2016-10-05,,-0.429552,-0.384000,-0.344885,"Citi Velocity, exported by Charlie",estr_eonia_1y5y_citi_2026-10-05.xlsx
2016-10-06,,-0.429091,-0.384000,-0.344424,"Citi Velocity, exported by Charlie",estr_eonia_1y5y_citi_2026-10-05.xlsx
2016-10-07,,-0.414802,-0.380000,-0.330123,"Citi Velocity, exported by Charlie",estr_eonia_1y5y_citi_2026-10-05.xlsx
2016-10-10,,-0.389882,-0.376000,-0.305181,"Citi Velocity, exported by Charlie",estr_eonia_1y5y_citi_2026-10-05.xlsx
2016-10-11,,-0.400243,-0.381000,-0.315551,"Citi Velocity, exported by Charlie",estr_eonia_1y5y_citi_2026-10-05.xlsx
2016-10-12,,-0.384705,-0.380000,-0.300000,"Citi Velocity, exported by Charlie",estr_eonia_1y5y_citi_2026-10-05.xlsx
2016-10-13,,-0.395453,-0.377000,-0.310757,"Citi Velocity, exported by Charlie",estr_eonia_1y5y_citi_2026-10-05.xlsx
2016-10-14,,-0.385178,-0.377000,-0.300473,"Citi Velocity, exported by Charlie",estr_eonia_1y5y_citi_2026-10-05.xlsx
2016-10-17,,-0.389091,-0.376000,-0.304389,"Citi Velocity, exported by Charlie",estr_eonia_1y5y_citi_2026-10-05.xlsx
2016-10-18,,-0.395940,-0.378000,-0.311244,"Citi Velocity, exported by Charlie",estr_eonia_1y5y_citi_2026-10-05.xlsx
2016-10-19,,-0.398949,-0.379000,-0.314256,"Citi Velocity, exported by Charlie",estr_eonia_1y5y_citi_2026-10-05.xlsx
2016-10-20,,-0.402219,-0.379000,-0.317529,"Citi Velocity, exported by Charlie",estr_eonia_1y5y_citi_2026-10-05.xlsx
2016-10-21,,-0.391833,-0.372000,-0.307134,"Citi Velocity, exported by Charlie",estr_eonia_1y5y_citi_2026-10-05.xlsx
2016-10-24,,-0.383683,-0.370000,-0.298977,"Citi Velocity, exported by Charlie",estr_eonia_1y5y_citi_2026-10-05.xlsx
2016-10-25,,-0.379559,-0.369000,-0.294849,"Citi Velocity, exported by Charlie",estr_eonia_1y5y_citi_2026-10-05.xlsx
2016-10-26,,-0.344318,-0.365000,-0.259578,"Citi Velocity, exported by Charlie",estr_eonia_1y5y_citi_2026-10-05.xlsx
2016-10-27,,-0.307741,-0.361000,-0.222969,"Citi Velocity, exported by Charlie",estr_eonia_1y5y_citi_2026-10-05.xlsx
2016-10-28,,-0.301963,-0.358000,-0.217187,"Citi Velocity, exported by Charlie",estr_eonia_1y5y_citi_2026-10-05.xlsx
2016-10-31,,-0.313715,-0.359000,-0.228949,"Citi Velocity, exported by Charlie",estr_eonia_1y5y_citi_2026-10-05.xlsx
2016-11-01,,-0.297591,-0.354000,-0.212811,"Citi Velocity, exported by Charlie",estr_eonia_1y5y_citi_2026-10-05.xlsx
2016-11-02,,-0.318427,-0.356000,-0.233665,"Citi Velocity, exported by Charlie",estr_eonia_1y5y_citi_2026-10-05.xlsx
2016-11-03,,-0.296374,-0.352000,-0.211592,"Citi Velocity, exported by Charlie",estr_eonia_1y5y_citi_2026-10-05.xlsx
2016-11-04,,-0.308831,-0.353000,-0.224060,"Citi Velocity, exported by Charlie",estr_eonia_1y5y_citi_2026-10-05.xlsx
2016-11-07,,-0.300861,-0.352000,-0.216083,"Citi Velocity, exported by Charlie",estr_eonia_1y5y_citi_2026-10-05.xlsx
2016-11-08,,-0.282031,-0.349000,-0.197237,"Citi Velocity, exported by Charlie",estr_eonia_1y5y_citi_2026-10-05.xlsx
2016-11-09,,-0.285579,-0.353000,-0.200788,"Citi Velocity, exported by Charlie",estr_eonia_1y5y_citi_2026-10-05.xlsx
2016-11-10,,-0.219739,-0.344000,-0.134892,"Citi Velocity, exported by Charlie",estr_eonia_1y5y_citi_2026-10-05.xlsx
2016-11-11,,-0.192488,-0.346000,-0.107617,"Citi Velocity, exported by Charlie",estr_eonia_1y5y_citi_2026-10-05.xlsx
2016-11-14,,-0.171292,-0.345000,-0.086403,"Citi Velocity, exported by Charlie",estr_eonia_1y5y_citi_2026-10-05.xlsx
2016-11-15,,-0.182512,-0.349000,-0.097633,"Citi Velocity, exported by Charlie",estr_eonia_1y5y_citi_2026-10-05.xlsx
2016-11-16,,-0.181327,-0.351000,-0.096447,"Citi Velocity, exported by Charlie",estr_eonia_1y5y_citi_2026-10-05.xlsx
2016-11-17,,-0.199143,-0.353000,-0.114278,"Citi Velocity, exported by Charlie",estr_eonia_1y5y_citi_2026-10-05.xlsx
2016-11-18,,-0.201902,-0.354000,-0.117039,"Citi Velocity, exported by Charlie",estr_eonia_1y5y_citi_2026-10-05.xlsx
2016-11-21,,-0.209831,-0.356000,-0.124975,"Citi Velocity, exported by Charlie",estr_eonia_1y5y_citi_2026-10-05.xlsx
2016-11-22,,-0.236037,-0.355000,-0.151204,"Citi Velocity, exported by Charlie",estr_eonia_1y5y_citi_2026-10-05.xlsx
2016-11-23,,-0.228138,-0.350000,-0.143298,"Citi Velocity, exported by Charlie",estr_eonia_1y5y_citi_2026-10-05.xlsx
2016-11-24,,-0.247065,-0.353000,-0.162241,"Citi Velocity, exported by Charlie",estr_eonia_1y5y_citi_2026-10-05.xlsx
2016-11-25,,-0.235675,-0.347000,-0.150841,"Citi Velocity, exported by Charlie",estr_eonia_1y5y_citi_2026-10-05.xlsx
2016-11-28,,-0.259778,-0.353000,-0.174965,"Citi Velocity, exported by Charlie",estr_eonia_1y5y_citi_2026-10-05.xlsx
2016-11-29,,-0.261280,-0.353000,-0.176468,"Citi Velocity, exported by Charlie",estr_eonia_1y5y_citi_2026-10-05.xlsx
2016-11-30,,-0.251793,-0.353000,-0.166973,"Citi Velocity, exported by Charlie",estr_eonia_1y5y_citi_2026-10-05.xlsx
2016-12-01,,-0.218953,-0.348000,-0.134105,"Citi Velocity, exported by Charlie",estr_eonia_1y5y_citi_2026-10-05.xlsx
2016-12-02,,-0.227250,-0.351000,-0.142409,"Citi Velocity, exported by Charlie",estr_eonia_1y5y_citi_2026-10-05.xlsx
2016-12-05,,-0.210028,-0.350000,-0.125172,"Citi Velocity, exported by Charlie",estr_eonia_1y5y_citi_2026-10-05.xlsx
2016-12-06,,-0.172195,-0.346000,-0.087307,"Citi Velocity, exported by Charlie",estr_eonia_1y5y_citi_2026-10-05.xlsx
2016-12-07,,-0.178550,-0.344000,-0.093667,"Citi Velocity, exported by Charlie",estr_eonia_1y5y_citi_2026-10-05.xlsx
2016-12-08,,-0.184401,-0.348000,-0.099523,"Citi Velocity, exported by Charlie",estr_eonia_1y5y_citi_2026-10-05.xlsx
2016-12-09,,-0.199592,-0.352000,-0.114727,"Citi Velocity, exported by Charlie",estr_eonia_1y5y_citi_2026-10-05.xlsx
2016-12-12,,-0.160857,-0.348000,-0.075959,"Citi Velocity, exported by Charlie",estr_eonia_1y5y_citi_2026-10-05.xlsx
2016-12-13,,-0.182177,-0.347000,-0.097297,"Citi Velocity, exported by Charlie",estr_eonia_1y5y_citi_2026-10-05.xlsx
2016-12-14,,-0.207189,-0.346000,-0.122331,"Citi Velocity, exported by Charlie",estr_eonia_1y5y_citi_2026-10-05.xlsx
2016-12-15,,-0.170013,-0.341000,-0.085122,"Citi Velocity, exported by Charlie",estr_eonia_1y5y_citi_2026-10-05.xlsx
2016-12-16,,-0.188861,-0.337000,-0.103987,"Citi Velocity, exported by Charlie",estr_eonia_1y5y_citi_2026-10-05.xlsx
2016-12-19,,-0.213773,-0.339000,-0.128920,"Citi Velocity, exported by Charlie",estr_eonia_1y5y_citi_2026-10-05.xlsx
2016-12-20,,-0.203719,-0.338000,-0.118858,"Citi Velocity, exported by Charlie",estr_eonia_1y5y_citi_2026-10-05.xlsx
2016-12-21,,-0.216778,-0.337000,-0.131928,"Citi Velocity, exported by Charlie",estr_eonia_1y5y_citi_2026-10-05.xlsx
2016-12-22,,-0.201348,-0.336000,-0.116485,"Citi Velocity, exported by Charlie",estr_eonia_1y5y_citi_2026-10-05.xlsx
2016-12-23,,-0.211550,-0.334000,-0.126696,"Citi Velocity, exported by Charlie",estr_eonia_1y5y_citi_2026-10-05.xlsx
2016-12-26,,-0.211550,-0.333996,-0.126696,"Citi Velocity, exported by Charlie",estr_eonia_1y5y_citi_2026-10-05.xlsx
2016-12-27,,-0.211468,-0.333832,-0.126613,"Citi Velocity, exported by Charlie",estr_eonia_1y5y_citi_2026-10-05.xlsx
2016-12-28,,-0.235086,-0.342000,-0.150252,"Citi Velocity, exported by Charlie",estr_eonia_1y5y_citi_2026-10-05.xlsx
2016-12-29,,-0.253199,-0.344000,-0.168380,"Citi Velocity, exported by Charlie",estr_eonia_1y5y_citi_2026-10-05.xlsx
2016-12-30,,-0.240243,-0.344000,-0.155413,"Citi Velocity, exported by Charlie",estr_eonia_1y5y_citi_2026-10-05.xlsx
2017-01-02,,-0.240251,-0.343862,-0.155422,"Citi Velocity, exported by Charlie",estr_eonia_1y5y_citi_2026-10-05.xlsx
2017-01-03,,-0.222605,-0.343000,-0.137760,"Citi Velocity, exported by Charlie",estr_eonia_1y5y_citi_2026-10-05.xlsx
2017-01-04,,-0.220348,-0.344000,-0.135501,"Citi Velocity, exported by Charlie",estr_eonia_1y5y_citi_2026-10-05.xlsx
2017-01-05,,-0.218217,-0.345000,-0.133369,"Citi Velocity, exported by Charlie",estr_eonia_1y5y_citi_2026-10-05.xlsx
2017-01-06,,-0.190903,-0.345000,-0.106031,"Citi Velocity, exported by Charlie",estr_eonia_1y5y_citi_2026-10-05.xlsx
2017-01-09,,-0.200468,-0.346000,-0.115604,"Citi Velocity, exported by Charlie",estr_eonia_1y5y_citi_2026-10-05.xlsx
2017-01-10,,-0.202249,-0.350000,-0.117387,"Citi Velocity, exported by Charlie",estr_eonia_1y5y_citi_2026-10-05.xlsx
2017-01-11,,-0.217353,-0.353000,-0.132504,"Citi Velocity, exported by Charlie",estr_eonia_1y5y_citi_2026-10-05.xlsx
2017-01-12,,-0.232387,-0.354000,-0.147551,"Citi Velocity, exported by Charlie",estr_eonia_1y5y_citi_2026-10-05.xlsx
2017-01-13,,-0.216713,-0.354000,-0.131863,"Citi Velocity, exported by Charlie",estr_eonia_1y5y_citi_2026-10-05.xlsx
2017-01-16,,-0.222025,-0.357000,-0.137180,"Citi Velocity, exported by Charlie",estr_eonia_1y5y_citi_2026-10-05.xlsx
2017-01-17,,-0.225331,-0.357000,-0.140488,"Citi Velocity, exported by Charlie",estr_eonia_1y5y_citi_2026-10-05.xlsx
2017-01-18,,-0.196067,-0.352000,-0.111199,"Citi Velocity, exported by Charlie",estr_eonia_1y5y_citi_2026-10-05.xlsx
2017-01-19,,-0.171442,-0.350000,-0.086553,"Citi Velocity, exported by Charlie",estr_eonia_1y5y_citi_2026-10-05.xlsx
2017-01-20,,-0.137395,-0.344000,-0.052477,"Citi Velocity, exported by Charlie",estr_eonia_1y5y_citi_2026-10-05.xlsx
2017-01-23,,-0.170362,-0.349000,-0.085472,"Citi Velocity, exported by Charlie",estr_eonia_1y5y_citi_2026-10-05.xlsx
2017-01-24,,-0.155988,-0.348000,-0.071085,"Citi Velocity, exported by Charlie",estr_eonia_1y5y_citi_2026-10-05.xlsx
2017-01-25,,-0.117310,-0.345000,-0.032374,"Citi Velocity, exported by Charlie",estr_eonia_1y5y_citi_2026-10-05.xlsx
2017-01-26,,-0.098371,-0.340000,-0.013419,"Citi Velocity, exported by Charlie",estr_eonia_1y5y_citi_2026-10-05.xlsx
2017-01-27,,-0.104980,-0.339000,-0.020034,"Citi Velocity, exported by Charlie",estr_eonia_1y5y_citi_2026-10-05.xlsx
2017-01-30,,-0.114242,-0.341000,-0.029304,"Citi Velocity, exported by Charlie",estr_eonia_1y5y_citi_2026-10-05.xlsx
2017-01-31,,-0.120851,-0.343000,-0.035918,"Citi Velocity, exported by Charlie",estr_eonia_1y5y_citi_2026-10-05.xlsx
2017-02-01,,-0.101609,-0.342000,-0.016660,"Citi Velocity, exported by Charlie",estr_eonia_1y5y_citi_2026-10-05.xlsx
2017-02-02,,-0.130732,-0.342000,-0.045808,"Citi Velocity, exported by Charlie",estr_eonia_1y5y_citi_2026-10-05.xlsx
2017-02-03,,-0.134301,-0.338000,-0.049380,"Citi Velocity, exported by Charlie",estr_eonia_1y5y_citi_2026-10-05.xlsx
2017-02-06,,-0.156642,-0.341000,-0.071740,"Citi Velocity, exported by Charlie",estr_eonia_1y5y_citi_2026-10-05.xlsx
2017-02-07,,-0.153783,-0.338000,-0.068878,"Citi Velocity, exported by Charlie",estr_eonia_1y5y_citi_2026-10-05.xlsx
2017-02-08,,-0.190961,-0.341000,-0.106089,"Citi Velocity, exported by Charlie",estr_eonia_1y5y_citi_2026-10-05.xlsx
2017-02-09,,-0.184917,-0.341000,-0.100040,"Citi Velocity, exported by Charlie",estr_eonia_1y5y_citi_2026-10-05.xlsx
2017-02-10,,-0.172826,-0.342000,-0.087938,"Citi Velocity, exported by Charlie",estr_eonia_1y5y_citi_2026-10-05.xlsx
2017-02-13,,-0.154761,-0.337000,-0.069857,"Citi Velocity, exported by Charlie",estr_eonia_1y5y_citi_2026-10-05.xlsx
2017-02-14,,-0.146407,-0.339000,-0.061496,"Citi Velocity, exported by Charlie",estr_eonia_1y5y_citi_2026-10-05.xlsx
2017-02-15,,-0.146223,-0.338000,-0.061312,"Citi Velocity, exported by Charlie",estr_eonia_1y5y_citi_2026-10-05.xlsx
2017-02-16,,-0.170433,-0.338000,-0.085543,"Citi Velocity, exported by Charlie",estr_eonia_1y5y_citi_2026-10-05.xlsx
2017-02-17,,-0.188553,-0.345000,-0.103678,"Citi Velocity, exported by Charlie",estr_eonia_1y5y_citi_2026-10-05.xlsx
2017-02-20,,-0.188538,-0.346000,-0.103664,"Citi Velocity, exported by Charlie",estr_eonia_1y5y_citi_2026-10-05.xlsx
2017-02-21,,-0.183710,-0.347000,-0.098832,"Citi Velocity, exported by Charlie",estr_eonia_1y5y_citi_2026-10-05.xlsx
2017-02-22,,-0.207776,-0.350000,-0.122918,"Citi Velocity, exported by Charlie",estr_eonia_1y5y_citi_2026-10-05.xlsx
2017-02-23,,-0.227229,-0.354000,-0.142387,"Citi Velocity, exported by Charlie",estr_eonia_1y5y_citi_2026-10-05.xlsx
2017-02-24,,-0.237069,-0.353000,-0.152237,"Citi Velocity, exported by Charlie",estr_eonia_1y5y_citi_2026-10-05.xlsx
2017-02-27,,-0.240148,-0.351000,-0.155318,"Citi Velocity, exported by Charlie",estr_eonia_1y5y_citi_2026-10-05.xlsx
2017-02-28,,-0.242830,-0.352000,-0.158003,"Citi Velocity, exported by Charlie",estr_eonia_1y5y_citi_2026-10-05.xlsx
2017-03-01,,-0.203149,-0.348000,-0.118288,"Citi Velocity, exported by Charlie",estr_eonia_1y5y_citi_2026-10-05.xlsx
2017-03-02,,-0.171919,-0.347000,-0.087031,"Citi Velocity, exported by Charlie",estr_eonia_1y5y_citi_2026-10-05.xlsx
2017-03-03,,-0.114885,-0.328000,-0.029948,"Citi Velocity, exported by Charlie",estr_eonia_1y5y_citi_2026-10-05.xlsx
2017-03-06,,-0.113267,-0.326000,-0.028328,"Citi Velocity, exported by Charlie",estr_eonia_1y5y_citi_2026-10-05.xlsx
2017-03-07,,-0.138030,-0.332000,-0.053112,"Citi Velocity, exported by Charlie",estr_eonia_1y5y_citi_2026-10-05.xlsx
2017-03-08,,-0.108902,-0.329000,-0.023959,"Citi Velocity, exported by Charlie",estr_eonia_1y5y_citi_2026-10-05.xlsx
2017-03-09,,-0.055658,-0.328000,0.029331,"Citi Velocity, exported by Charlie",estr_eonia_1y5y_citi_2026-10-05.xlsx
2017-03-10,,0.010954,-0.321000,0.096000,"Citi Velocity, exported by Charlie",estr_eonia_1y5y_citi_2026-10-05.xlsx
2017-03-13,,-0.009813,-0.326000,0.075215,"Citi Velocity, exported by Charlie",estr_eonia_1y5y_citi_2026-10-05.xlsx
2017-03-14,,-0.032258,-0.329000,0.052751,"Citi Velocity, exported by Charlie",estr_eonia_1y5y_citi_2026-10-05.xlsx
2017-03-15,,-0.059514,-0.329000,0.025471,"Citi Velocity, exported by Charlie",estr_eonia_1y5y_citi_2026-10-05.xlsx
2017-03-16,,-0.047314,-0.328000,0.037681,"Citi Velocity, exported by Charlie",estr_eonia_1y5y_citi_2026-10-05.xlsx
2017-03-17,,-0.046593,-0.318000,0.038403,"Citi Velocity, exported by Charlie",estr_eonia_1y5y_citi_2026-10-05.xlsx
2017-03-20,,-0.037127,-0.317000,0.047878,"Citi Velocity, exported by Charlie",estr_eonia_1y5y_citi_2026-10-05.xlsx
2017-03-21,,-0.012002,-0.312000,0.073024,"Citi Velocity, exported by Charlie",estr_eonia_1y5y_citi_2026-10-05.xlsx
2017-03-22,,-0.038127,-0.315000,0.046877,"Citi Velocity, exported by Charlie",estr_eonia_1y5y_citi_2026-10-05.xlsx
2017-03-23,,-0.022971,-0.313000,0.062046,"Citi Velocity, exported by Charlie",estr_eonia_1y5y_citi_2026-10-05.xlsx
2017-03-24,,-0.029240,-0.312000,0.055771,"Citi Velocity, exported by Charlie",estr_eonia_1y5y_citi_2026-10-05.xlsx
2017-03-27,,-0.037613,-0.318000,0.047391,"Citi Velocity, exported by Charlie",estr_eonia_1y5y_citi_2026-10-05.xlsx
2017-03-28,,-0.065576,-0.324000,0.019404,"Citi Velocity, exported by Charlie",estr_eonia_1y5y_citi_2026-10-05.xlsx
2017-03-29,,-0.102107,-0.328000,-0.017158,"Citi Velocity, exported by Charlie",estr_eonia_1y5y_citi_2026-10-05.xlsx
2017-03-30,,-0.117742,-0.330000,-0.032807,"Citi Velocity, exported by Charlie",estr_eonia_1y5y_citi_2026-10-05.xlsx
2017-03-31,,-0.111556,-0.335000,-0.026616,"Citi Velocity, exported by Charlie",estr_eonia_1y5y_citi_2026-10-05.xlsx
2017-04-03,,-0.145953,-0.342000,-0.061042,"Citi Velocity, exported by Charlie",estr_eonia_1y5y_citi_2026-10-05.xlsx
2017-04-04,,-0.154141,-0.343000,-0.069237,"Citi Velocity, exported by Charlie",estr_eonia_1y5y_citi_2026-10-05.xlsx
2017-04-05,,-0.156101,-0.342000,-0.071199,"Citi Velocity, exported by Charlie",estr_eonia_1y5y_citi_2026-10-05.xlsx
2017-04-06,,-0.147985,-0.341000,-0.063076,"Citi Velocity, exported by Charlie",estr_eonia_1y5y_citi_2026-10-05.xlsx
2017-04-07,,-0.169569,-0.342000,-0.084678,"Citi Velocity, exported by Charlie",estr_eonia_1y5y_citi_2026-10-05.xlsx
2017-04-10,,-0.176086,-0.348000,-0.091201,"Citi Velocity, exported by Charlie",estr_eonia_1y5y_citi_2026-10-05.xlsx
2017-04-11,,-0.191058,-0.353000,-0.106186,"Citi Velocity, exported by Charlie",estr_eonia_1y5y_citi_2026-10-05.xlsx
2017-04-12,,-0.186584,-0.351000,-0.101708,"Citi Velocity, exported by Charlie",estr_eonia_1y5y_citi_2026-10-05.xlsx
2017-04-13,,-0.197453,-0.357000,-0.112586,"Citi Velocity, exported by Charlie",estr_eonia_1y5y_citi_2026-10-05.xlsx
2017-04-14,,-0.197453,-0.356997,-0.112586,"Citi Velocity, exported by Charlie",estr_eonia_1y5y_citi_2026-10-05.xlsx
2017-04-17,,-0.197453,-0.356989,-0.112586,"Citi Velocity, exported by Charlie",estr_eonia_1y5y_citi_2026-10-05.xlsx
2017-04-18,,-0.203564,-0.358000,-0.118703,"Citi Velocity, exported by Charlie",estr_eonia_1y5y_citi_2026-10-05.xlsx
2017-04-19,,-0.184497,-0.358000,-0.099619,"Citi Velocity, exported by Charlie",estr_eonia_1y5y_citi_2026-10-05.xlsx
2017-04-20,,-0.160283,-0.354000,-0.075384,"Citi Velocity, exported by Charlie",estr_eonia_1y5y_citi_2026-10-05.xlsx
2017-04-21,,-0.146536,-0.351000,-0.061626,"Citi Velocity, exported by Charlie",estr_eonia_1y5y_citi_2026-10-05.xlsx
2017-04-24,,-0.089962,-0.337000,-0.005003,"Citi Velocity, exported by Charlie",estr_eonia_1y5y_citi_2026-10-05.xlsx
2017-04-25,,-0.070022,-0.334000,0.014954,"Citi Velocity, exported by Charlie",estr_eonia_1y5y_citi_2026-10-05.xlsx
2017-04-26,,-0.087177,-0.336000,-0.002216,"Citi Velocity, exported by Charlie",estr_eonia_1y5y_citi_2026-10-05.xlsx
2017-04-27,,-0.108447,-0.342000,-0.023504,"Citi Velocity, exported by Charlie",estr_eonia_1y5y_citi_2026-10-05.xlsx
2017-04-28,,-0.094561,-0.345000,-0.009606,"Citi Velocity, exported by Charlie",estr_eonia_1y5y_citi_2026-10-05.xlsx
2017-05-01,,-0.094561,-0.345000,-0.009606,"Citi Velocity, exported by Charlie",estr_eonia_1y5y_citi_2026-10-05.xlsx
2017-05-02,,-0.088537,-0.348000,-0.003577,"Citi Velocity, exported by Charlie",estr_eonia_1y5y_citi_2026-10-05.xlsx
2017-05-03,,-0.086727,-0.346000,-0.001765,"Citi Velocity, exported by Charlie",estr_eonia_1y5y_citi_2026-10-05.xlsx
2017-05-04,,-0.057909,-0.345000,0.027078,"Citi Velocity, exported by Charlie",estr_eonia_1y5y_citi_2026-10-05.xlsx
2017-05-05,,-0.038262,-0.338000,0.046741,"Citi Velocity, exported by Charlie",estr_eonia_1y5y_citi_2026-10-05.xlsx
2017-05-08,,-0.044292,-0.336000,0.040706,"Citi Velocity, exported by Charlie",estr_eonia_1y5y_citi_2026-10-05.xlsx
2017-05-09,,-0.045806,-0.334000,0.039191,"Citi Velocity, exported by Charlie",estr_eonia_1y5y_citi_2026-10-05.xlsx
2017-05-10,,-0.050792,-0.337000,0.034200,"Citi Velocity, exported by Charlie",estr_eonia_1y5y_citi_2026-10-05.xlsx
2017-05-11,,-0.050780,-0.338000,0.034213,"Citi Velocity, exported by Charlie",estr_eonia_1y5y_citi_2026-10-05.xlsx
2017-05-12,,-0.073329,-0.340000,0.011644,"Citi Velocity, exported by Charlie",estr_eonia_1y5y_citi_2026-10-05.xlsx
2017-05-15,,-0.060342,-0.341000,0.024643,"Citi Velocity, exported by Charlie",estr_eonia_1y5y_citi_2026-10-05.xlsx
2017-05-16,,-0.058195,-0.341000,0.026792,"Citi Velocity, exported by Charlie",estr_eonia_1y5y_citi_2026-10-05.xlsx
2017-05-17,,-0.079700,-0.342000,0.005268,"Citi Velocity, exported by Charlie",estr_eonia_1y5y_citi_2026-10-05.xlsx
2017-05-18,,-0.094720,-0.341000,-0.009765,"Citi Velocity, exported by Charlie",estr_eonia_1y5y_citi_2026-10-05.xlsx
2017-05-19,,-0.080420,-0.338000,0.004548,"Citi Velocity, exported by Charlie",estr_eonia_1y5y_citi_2026-10-05.xlsx
2017-05-22,,-0.063956,-0.335000,0.021025,"Citi Velocity, exported by Charlie",estr_eonia_1y5y_citi_2026-10-05.xlsx
2017-05-23,,-0.055382,-0.335000,0.029606,"Citi Velocity, exported by Charlie",estr_eonia_1y5y_citi_2026-10-05.xlsx
2017-05-24,,-0.052764,-0.337000,0.032227,"Citi Velocity, exported by Charlie",estr_eonia_1y5y_citi_2026-10-05.xlsx
2017-05-25,,-0.069377,-0.339000,0.015600,"Citi Velocity, exported by Charlie",estr_eonia_1y5y_citi_2026-10-05.xlsx
2017-05-26,,-0.090087,-0.344000,-0.005128,"Citi Velocity, exported by Charlie",estr_eonia_1y5y_citi_2026-10-05.xlsx
2017-05-29,,-0.090083,-0.343870,-0.005124,"Citi Velocity, exported by Charlie",estr_eonia_1y5y_citi_2026-10-05.xlsx
2017-05-30,,-0.115190,-0.346000,-0.030253,"Citi Velocity, exported by Charlie",estr_eonia_1y5y_citi_2026-10-05.xlsx
2017-05-31,,-0.122958,-0.347000,-0.038027,"Citi Velocity, exported by Charlie",estr_eonia_1y5y_citi_2026-10-05.xlsx
2017-06-01,,-0.111790,-0.349000,-0.026850,"Citi Velocity, exported by Charlie",estr_eonia_1y5y_citi_2026-10-05.xlsx
2017-06-02,,-0.119347,-0.347000,-0.034413,"Citi Velocity, exported by Charlie",estr_eonia_1y5y_citi_2026-10-05.xlsx
2017-06-05,,-0.119126,-0.346000,-0.034192,"Citi Velocity, exported by Charlie",estr_eonia_1y5y_citi_2026-10-05.xlsx
2017-06-06,,-0.131644,-0.347000,-0.046721,"Citi Velocity, exported by Charlie",estr_eonia_1y5y_citi_2026-10-05.xlsx
2017-06-07,,-0.141327,-0.351000,-0.056412,"Citi Velocity, exported by Charlie",estr_eonia_1y5y_citi_2026-10-05.xlsx
2017-06-08,,-0.141209,-0.353000,-0.056294,"Citi Velocity, exported by Charlie",estr_eonia_1y5y_citi_2026-10-05.xlsx
2017-06-09,,-0.141898,-0.352000,-0.056984,"Citi Velocity, exported by Charlie",estr_eonia_1y5y_citi_2026-10-05.xlsx
2017-06-12,,-0.147392,-0.353000,-0.062482,"Citi Velocity, exported by Charlie",estr_eonia_1y5y_citi_2026-10-05.xlsx
2017-06-13,,-0.137852,-0.354000,-0.052934,"Citi Velocity, exported by Charlie",estr_eonia_1y5y_citi_2026-10-05.xlsx
2017-06-14,,-0.161430,-0.355000,-0.076532,"Citi Velocity, exported by Charlie",estr_eonia_1y5y_citi_2026-10-05.xlsx
2017-06-15,,-0.130661,-0.349000,-0.045737,"Citi Velocity, exported by Charlie",estr_eonia_1y5y_citi_2026-10-05.xlsx
2017-06-16,,-0.137448,-0.349000,-0.052530,"Citi Velocity, exported by Charlie",estr_eonia_1y5y_citi_2026-10-05.xlsx
2017-06-19,,-0.130973,-0.350000,-0.046049,"Citi Velocity, exported by Charlie",estr_eonia_1y5y_citi_2026-10-05.xlsx
2017-06-20,,-0.137573,-0.350000,-0.052655,"Citi Velocity, exported by Charlie",estr_eonia_1y5y_citi_2026-10-05.xlsx
2017-06-21,,-0.135477,-0.349000,-0.050557,"Citi Velocity, exported by Charlie",estr_eonia_1y5y_citi_2026-10-05.xlsx
2017-06-22,,-0.139427,-0.349000,-0.054511,"Citi Velocity, exported by Charlie",estr_eonia_1y5y_citi_2026-10-05.xlsx
2017-06-23,,-0.134451,-0.347000,-0.049531,"Citi Velocity, exported by Charlie",estr_eonia_1y5y_citi_2026-10-05.xlsx
2017-06-26,,-0.131179,-0.346000,-0.046255,"Citi Velocity, exported by Charlie",estr_eonia_1y5y_citi_2026-10-05.xlsx
2017-06-27,,-0.072855,-0.341000,0.012119,"Citi Velocity, exported by Charlie",estr_eonia_1y5y_citi_2026-10-05.xlsx
2017-06-28,,-0.068838,-0.340000,0.016139,"Citi Velocity, exported by Charlie",estr_eonia_1y5y_citi_2026-10-05.xlsx
2017-06-29,,-0.012350,-0.333000,0.072676,"Citi Velocity, exported by Charlie",estr_eonia_1y5y_citi_2026-10-05.xlsx
2017-06-30,,-0.006593,-0.332000,0.078438,"Citi Velocity, exported by Charlie",estr_eonia_1y5y_citi_2026-10-05.xlsx
2017-07-03,,-0.004020,-0.332000,0.081013,"Citi Velocity, exported by Charlie",estr_eonia_1y5y_citi_2026-10-05.xlsx
2017-07-04,,-0.007536,-0.336000,0.077494,"Citi Velocity, exported by Charlie",estr_eonia_1y5y_citi_2026-10-05.xlsx
2017-07-05,,-0.006339,-0.334000,0.078692,"Citi Velocity, exported by Charlie",estr_eonia_1y5y_citi_2026-10-05.xlsx
2017-07-06,,0.047798,-0.331000,0.132876,"Citi Velocity, exported by Charlie",estr_eonia_1y5y_citi_2026-10-05.xlsx
2017-07-07,,0.049762,-0.331000,0.134841,"Citi Velocity, exported by Charlie",estr_eonia_1y5y_citi_2026-10-05.xlsx
2017-07-10,,0.028932,-0.332000,0.113994,"Citi Velocity, exported by Charlie",estr_eonia_1y5y_citi_2026-10-05.xlsx
2017-07-11,,0.047217,-0.329000,0.132294,"Citi Velocity, exported by Charlie",estr_eonia_1y5y_citi_2026-10-05.xlsx
2017-07-12,,0.015962,-0.334000,0.101012,"Citi Velocity, exported by Charlie",estr_eonia_1y5y_citi_2026-10-05.xlsx
2017-07-13,,0.028648,-0.334000,0.113709,"Citi Velocity, exported by Charlie",estr_eonia_1y5y_citi_2026-10-05.xlsx
2017-07-14,,0.037776,-0.334000,0.122845,"Citi Velocity, exported by Charlie",estr_eonia_1y5y_citi_2026-10-05.xlsx
2017-07-17,,0.028502,-0.337000,0.113563,"Citi Velocity, exported by Charlie",estr_eonia_1y5y_citi_2026-10-05.xlsx
2017-07-18,,0.016865,-0.340000,0.101916,"Citi Velocity, exported by Charlie",estr_eonia_1y5y_citi_2026-10-05.xlsx
2017-07-19,,-0.002131,-0.342000,0.082903,"Citi Velocity, exported by Charlie",estr_eonia_1y5y_citi_2026-10-05.xlsx
2017-07-20,,-0.007563,-0.344000,0.077467,"Citi Velocity, exported by Charlie",estr_eonia_1y5y_citi_2026-10-05.xlsx
2017-07-21,,-0.033161,-0.348000,0.051847,"Citi Velocity, exported by Charlie",estr_eonia_1y5y_citi_2026-10-05.xlsx
2017-07-24,,-0.038380,-0.348000,0.046624,"Citi Velocity, exported by Charlie",estr_eonia_1y5y_citi_2026-10-05.xlsx
2017-07-25,,-0.003813,-0.345000,0.081220,"Citi Velocity, exported by Charlie",estr_eonia_1y5y_citi_2026-10-05.xlsx
2017-07-26,,-0.009070,-0.347000,0.075959,"Citi Velocity, exported by Charlie",estr_eonia_1y5y_citi_2026-10-05.xlsx
2017-07-27,,-0.024083,-0.345000,0.060932,"Citi Velocity, exported by Charlie",estr_eonia_1y5y_citi_2026-10-05.xlsx
2017-07-28,,-0.017056,-0.346000,0.067965,"Citi Velocity, exported by Charlie",estr_eonia_1y5y_citi_2026-10-05.xlsx
2017-07-31,,-0.005592,-0.344000,0.079440,"Citi Velocity, exported by Charlie",estr_eonia_1y5y_citi_2026-10-05.xlsx
2017-08-01,,-0.040858,-0.346000,0.044144,"Citi Velocity, exported by Charlie",estr_eonia_1y5y_citi_2026-10-05.xlsx
2017-08-02,,-0.040838,-0.347000,0.044163,"Citi Velocity, exported by Charlie",estr_eonia_1y5y_citi_2026-10-05.xlsx
2017-08-03,,-0.053651,-0.347000,0.031339,"Citi Velocity, exported by Charlie",estr_eonia_1y5y_citi_2026-10-05.xlsx
2017-08-04,,-0.049880,-0.347000,0.035113,"Citi Velocity, exported by Charlie",estr_eonia_1y5y_citi_2026-10-05.xlsx
2017-08-07,,-0.060236,-0.346000,0.024748,"Citi Velocity, exported by Charlie",estr_eonia_1y5y_citi_2026-10-05.xlsx
2017-08-08,,-0.048476,-0.344000,0.036518,"Citi Velocity, exported by Charlie",estr_eonia_1y5y_citi_2026-10-05.xlsx
2017-08-09,,-0.079592,-0.347000,0.005376,"Citi Velocity, exported by Charlie",estr_eonia_1y5y_citi_2026-10-05.xlsx
2017-08-10,,-0.085485,-0.350000,-0.000522,"Citi Velocity, exported by Charlie",estr_eonia_1y5y_citi_2026-10-05.xlsx
2017-08-11,,-0.104487,-0.351000,-0.019541,"Citi Velocity, exported by Charlie",estr_eonia_1y5y_citi_2026-10-05.xlsx
2017-08-14,,-0.091532,-0.352000,-0.006574,"Citi Velocity, exported by Charlie",estr_eonia_1y5y_citi_2026-10-05.xlsx
2017-08-15,,-0.077514,-0.351000,0.007455,"Citi Velocity, exported by Charlie",estr_eonia_1y5y_citi_2026-10-05.xlsx
2017-08-16,,-0.069960,-0.350000,0.015016,"Citi Velocity, exported by Charlie",estr_eonia_1y5y_citi_2026-10-05.xlsx
2017-08-17,,-0.075274,-0.350000,0.009698,"Citi Velocity, exported by Charlie",estr_eonia_1y5y_citi_2026-10-05.xlsx
2017-08-18,,-0.091566,-0.350000,-0.006609,"Citi Velocity, exported by Charlie",estr_eonia_1y5y_citi_2026-10-05.xlsx
2017-08-21,,-0.093357,-0.351000,-0.008401,"Citi Velocity, exported by Charlie",estr_eonia_1y5y_citi_2026-10-05.xlsx
2017-08-22,,-0.096167,-0.352000,-0.011213,"Citi Velocity, exported by Charlie",estr_eonia_1y5y_citi_2026-10-05.xlsx
2017-08-23,,-0.107020,-0.351000,-0.022076,"Citi Velocity, exported by Charlie",estr_eonia_1y5y_citi_2026-10-05.xlsx
2017-08-24,,-0.100865,-0.350000,-0.015916,"Citi Velocity, exported by Charlie",estr_eonia_1y5y_citi_2026-10-05.xlsx
2017-08-25,,-0.100580,-0.350000,-0.015631,"Citi Velocity, exported by Charlie",estr_eonia_1y5y_citi_2026-10-05.xlsx
2017-08-28,,-0.100687,-0.352403,-0.015737,"Citi Velocity, exported by Charlie",estr_eonia_1y5y_citi_2026-10-05.xlsx
2017-08-29,,-0.135403,-0.354000,-0.050483,"Citi Velocity, exported by Charlie",estr_eonia_1y5y_citi_2026-10-05.xlsx
2017-08-30,,-0.123791,-0.353000,-0.038861,"Citi Velocity, exported by Charlie",estr_eonia_1y5y_citi_2026-10-05.xlsx
2017-08-31,,-0.122995,-0.354000,-0.038064,"Citi Velocity, exported by Charlie",estr_eonia_1y5y_citi_2026-10-05.xlsx
2017-09-01,,-0.121733,-0.354000,-0.036802,"Citi Velocity, exported by Charlie",estr_eonia_1y5y_citi_2026-10-05.xlsx
2017-09-04,,-0.133057,-0.356000,-0.048135,"Citi Velocity, exported by Charlie",estr_eonia_1y5y_citi_2026-10-05.xlsx
2017-09-05,,-0.154098,-0.360000,-0.069194,"Citi Velocity, exported by Charlie",estr_eonia_1y5y_citi_2026-10-05.xlsx
2017-09-06,,-0.137301,-0.356000,-0.052383,"Citi Velocity, exported by Charlie",estr_eonia_1y5y_citi_2026-10-05.xlsx
2017-09-07,,-0.152077,-0.362000,-0.067171,"Citi Velocity, exported by Charlie",estr_eonia_1y5y_citi_2026-10-05.xlsx
2017-09-08,,-0.142502,-0.360000,-0.057589,"Citi Velocity, exported by Charlie",estr_eonia_1y5y_citi_2026-10-05.xlsx
2017-09-11,,-0.134454,-0.359000,-0.049533,"Citi Velocity, exported by Charlie",estr_eonia_1y5y_citi_2026-10-05.xlsx
2017-09-12,,-0.094582,-0.357000,-0.009627,"Citi Velocity, exported by Charlie",estr_eonia_1y5y_citi_2026-10-05.xlsx
2017-09-13,,-0.095160,-0.355000,-0.010205,"Citi Velocity, exported by Charlie",estr_eonia_1y5y_citi_2026-10-05.xlsx
2017-09-14,,-0.083159,-0.354000,0.001806,"Citi Velocity, exported by Charlie",estr_eonia_1y5y_citi_2026-10-05.xlsx
2017-09-15,,-0.057197,-0.351000,0.027790,"Citi Velocity, exported by Charlie",estr_eonia_1y5y_citi_2026-10-05.xlsx
2017-09-18,,-0.045959,-0.351000,0.039038,"Citi Velocity, exported by Charlie",estr_eonia_1y5y_citi_2026-10-05.xlsx
2017-09-19,,-0.053781,-0.351000,0.031209,"Citi Velocity, exported by Charlie",estr_eonia_1y5y_citi_2026-10-05.xlsx
2017-09-20,,-0.064862,-0.352000,0.020119,"Citi Velocity, exported by Charlie",estr_eonia_1y5y_citi_2026-10-05.xlsx
2017-09-21,,-0.045040,-0.350000,0.039957,"Citi Velocity, exported by Charlie",estr_eonia_1y5y_citi_2026-10-05.xlsx
2017-09-22,,-0.038597,-0.348000,0.046406,"Citi Velocity, exported by Charlie",estr_eonia_1y5y_citi_2026-10-05.xlsx
2017-09-25,,-0.073323,-0.351000,0.011650,"Citi Velocity, exported by Charlie",estr_eonia_1y5y_citi_2026-10-05.xlsx
2017-09-26,,-0.065665,-0.349000,0.019314,"Citi Velocity, exported by Charlie",estr_eonia_1y5y_citi_2026-10-05.xlsx
2017-09-27,,-0.040542,-0.348000,0.044460,"Citi Velocity, exported by Charlie",estr_eonia_1y5y_citi_2026-10-05.xlsx
2017-09-28,,-0.024800,-0.348000,0.060215,"Citi Velocity, exported by Charlie",estr_eonia_1y5y_citi_2026-10-05.xlsx
2017-09-29,,-0.033333,-0.347000,0.051675,"Citi Velocity, exported by Charlie",estr_eonia_1y5y_citi_2026-10-05.xlsx
2017-10-02,,-0.036234,-0.347000,0.048772,"Citi Velocity, exported by Charlie",estr_eonia_1y5y_citi_2026-10-05.xlsx
2017-10-03,,-0.029530,-0.347000,0.055481,"Citi Velocity, exported by Charlie",estr_eonia_1y5y_citi_2026-10-05.xlsx
2017-10-04,,-0.038470,-0.348000,0.046533,"Citi Velocity, exported by Charlie",estr_eonia_1y5y_citi_2026-10-05.xlsx
2017-10-05,,-0.033157,-0.346000,0.051851,"Citi Velocity, exported by Charlie",estr_eonia_1y5y_citi_2026-10-05.xlsx
2017-10-06,,-0.024055,-0.346000,0.060961,"Citi Velocity, exported by Charlie",estr_eonia_1y5y_citi_2026-10-05.xlsx
2017-10-09,,-0.041132,-0.348000,0.043869,"Citi Velocity, exported by Charlie",estr_eonia_1y5y_citi_2026-10-05.xlsx
2017-10-10,,-0.039448,-0.348000,0.045554,"Citi Velocity, exported by Charlie",estr_eonia_1y5y_citi_2026-10-05.xlsx
2017-10-11,,-0.027312,-0.346000,0.057701,"Citi Velocity, exported by Charlie",estr_eonia_1y5y_citi_2026-10-05.xlsx
2017-10-12,,-0.037683,-0.348000,0.047321,"Citi Velocity, exported by Charlie",estr_eonia_1y5y_citi_2026-10-05.xlsx
2017-10-13,,-0.058832,-0.351000,0.026154,"Citi Velocity, exported by Charlie",estr_eonia_1y5y_citi_2026-10-05.xlsx
2017-10-16,,-0.080442,-0.352000,0.004525,"Citi Velocity, exported by Charlie",estr_eonia_1y5y_citi_2026-10-05.xlsx
2017-10-17,,-0.084563,-0.352000,0.000400,"Citi Velocity, exported by Charlie",estr_eonia_1y5y_citi_2026-10-05.xlsx
2017-10-18,,-0.066245,-0.353000,0.018735,"Citi Velocity, exported by Charlie",estr_eonia_1y5y_citi_2026-10-05.xlsx
2017-10-19,,-0.062220,-0.353000,0.022763,"Citi Velocity, exported by Charlie",estr_eonia_1y5y_citi_2026-10-05.xlsx
2017-10-20,,-0.030693,-0.352000,0.054317,"Citi Velocity, exported by Charlie",estr_eonia_1y5y_citi_2026-10-05.xlsx
2017-10-23,,-0.047413,-0.353000,0.037583,"Citi Velocity, exported by Charlie",estr_eonia_1y5y_citi_2026-10-05.xlsx
2017-10-24,,-0.024025,-0.352000,0.060991,"Citi Velocity, exported by Charlie",estr_eonia_1y5y_citi_2026-10-05.xlsx
2017-10-25,,-0.014224,-0.351000,0.070800,"Citi Velocity, exported by Charlie",estr_eonia_1y5y_citi_2026-10-05.xlsx
2017-10-26,,-0.041006,-0.353000,0.043996,"Citi Velocity, exported by Charlie",estr_eonia_1y5y_citi_2026-10-05.xlsx
2017-10-27,,-0.069749,-0.355000,0.015228,"Citi Velocity, exported by Charlie",estr_eonia_1y5y_citi_2026-10-05.xlsx
2017-10-30,,-0.079907,-0.355000,0.005061,"Citi Velocity, exported by Charlie",estr_eonia_1y5y_citi_2026-10-05.xlsx
2017-10-31,,-0.081731,-0.355000,0.003235,"Citi Velocity, exported by Charlie",estr_eonia_1y5y_citi_2026-10-05.xlsx
2017-11-01,,-0.074768,-0.354000,0.010204,"Citi Velocity, exported by Charlie",estr_eonia_1y5y_citi_2026-10-05.xlsx
2017-11-02,,-0.079470,-0.354000,0.005498,"Citi Velocity, exported by Charlie",estr_eonia_1y5y_citi_2026-10-05.xlsx
2017-11-03,,-0.076593,-0.354000,0.008377,"Citi Velocity, exported by Charlie",estr_eonia_1y5y_citi_2026-10-05.xlsx
2017-11-06,,-0.090378,-0.355000,-0.005420,"Citi Velocity, exported by Charlie",estr_eonia_1y5y_citi_2026-10-05.xlsx
2017-11-07,,-0.091402,-0.356000,-0.006445,"Citi Velocity, exported by Charlie",estr_eonia_1y5y_citi_2026-10-05.xlsx
2017-11-08,,-0.096740,-0.355000,-0.011787,"Citi Velocity, exported by Charlie",estr_eonia_1y5y_citi_2026-10-05.xlsx
2017-11-09,,-0.065818,-0.354000,0.019162,"Citi Velocity, exported by Charlie",estr_eonia_1y5y_citi_2026-10-05.xlsx
2017-11-10,,-0.053192,-0.353000,0.031799,"Citi Velocity, exported by Charlie",estr_eonia_1y5y_citi_2026-10-05.xlsx
2017-11-13,,-0.049940,-0.354000,0.035054,"Citi Velocity, exported by Charlie",estr_eonia_1y5y_citi_2026-10-05.xlsx
2017-11-14,,-0.060029,-0.354000,0.024956,"Citi Velocity, exported by Charlie",estr_eonia_1y5y_citi_2026-10-05.xlsx
2017-11-15,,-0.068025,-0.354000,0.016953,"Citi Velocity, exported by Charlie",estr_eonia_1y5y_citi_2026-10-05.xlsx
2017-11-16,,-0.065438,-0.353000,0.019542,"Citi Velocity, exported by Charlie",estr_eonia_1y5y_citi_2026-10-05.xlsx
2017-11-17,,-0.069243,-0.353000,0.015734,"Citi Velocity, exported by Charlie",estr_eonia_1y5y_citi_2026-10-05.xlsx
2017-11-20,,-0.069888,-0.353000,0.015088,"Citi Velocity, exported by Charlie",estr_eonia_1y5y_citi_2026-10-05.xlsx
2017-11-21,,-0.074379,-0.352000,0.010593,"Citi Velocity, exported by Charlie",estr_eonia_1y5y_citi_2026-10-05.xlsx
2017-11-22,,-0.060388,-0.352000,0.024596,"Citi Velocity, exported by Charlie",estr_eonia_1y5y_citi_2026-10-05.xlsx
2017-11-23,,-0.059697,-0.352000,0.025288,"Citi Velocity, exported by Charlie",estr_eonia_1y5y_citi_2026-10-05.xlsx
2017-11-24,,-0.052298,-0.351000,0.032693,"Citi Velocity, exported by Charlie",estr_eonia_1y5y_citi_2026-10-05.xlsx
2017-11-27,,-0.062601,-0.352000,0.022382,"Citi Velocity, exported by Charlie",estr_eonia_1y5y_citi_2026-10-05.xlsx
2017-11-28,,-0.056327,-0.351000,0.028661,"Citi Velocity, exported by Charlie",estr_eonia_1y5y_citi_2026-10-05.xlsx
2017-11-29,,-0.032581,-0.351000,0.052428,"Citi Velocity, exported by Charlie",estr_eonia_1y5y_citi_2026-10-05.xlsx
2017-11-30,,-0.034640,-0.344000,0.050367,"Citi Velocity, exported by Charlie",estr_eonia_1y5y_citi_2026-10-05.xlsx
2017-12-01,,-0.069483,-0.346000,0.015494,"Citi Velocity, exported by Charlie",estr_eonia_1y5y_citi_2026-10-05.xlsx
2017-12-04,,-0.053371,-0.343000,0.031620,"Citi Velocity, exported by Charlie",estr_eonia_1y5y_citi_2026-10-05.xlsx
2017-12-05,,-0.065597,-0.344000,0.019383,"Citi Velocity, exported by Charlie",estr_eonia_1y5y_citi_2026-10-05.xlsx
2017-12-06,,-0.075262,-0.348000,0.009709,"Citi Velocity, exported by Charlie",estr_eonia_1y5y_citi_2026-10-05.xlsx
2017-12-07,,-0.067679,-0.342000,0.017299,"Citi Velocity, exported by Charlie",estr_eonia_1y5y_citi_2026-10-05.xlsx
2017-12-08,,-0.054340,-0.342000,0.030649,"Citi Velocity, exported by Charlie",estr_eonia_1y5y_citi_2026-10-05.xlsx
2017-12-11,,-0.055589,-0.343000,0.029400,"Citi Velocity, exported by Charlie",estr_eonia_1y5y_citi_2026-10-05.xlsx
2017-12-12,,-0.038923,-0.339000,0.046080,"Citi Velocity, exported by Charlie",estr_eonia_1y5y_citi_2026-10-05.xlsx
2017-12-13,,-0.045600,-0.345000,0.039397,"Citi Velocity, exported by Charlie",estr_eonia_1y5y_citi_2026-10-05.xlsx
2017-12-14,,-0.043424,-0.349000,0.041575,"Citi Velocity, exported by Charlie",estr_eonia_1y5y_citi_2026-10-05.xlsx
2017-12-15,,-0.044129,-0.349000,0.040869,"Citi Velocity, exported by Charlie",estr_eonia_1y5y_citi_2026-10-05.xlsx
2017-12-18,,-0.039084,-0.348000,0.045919,"Citi Velocity, exported by Charlie",estr_eonia_1y5y_citi_2026-10-05.xlsx
2017-12-19,,-0.001163,-0.343000,0.083872,"Citi Velocity, exported by Charlie",estr_eonia_1y5y_citi_2026-10-05.xlsx
2017-12-20,,0.036673,-0.342000,0.121740,"Citi Velocity, exported by Charlie",estr_eonia_1y5y_citi_2026-10-05.xlsx
2017-12-21,,0.046579,-0.341000,0.131656,"Citi Velocity, exported by Charlie",estr_eonia_1y5y_citi_2026-10-05.xlsx
2017-12-22,,0.046564,-0.340708,0.131640,"Citi Velocity, exported by Charlie",estr_eonia_1y5y_citi_2026-10-05.xlsx
2017-12-25,,0.046564,,,"Citi Velocity, exported by Charlie",estr_eonia_1y5y_citi_2026-10-05.xlsx
2017-12-26,,0.046564,,,"Citi Velocity, exported by Charlie",estr_eonia_1y5y_citi_2026-10-05.xlsx
2017-12-27,,0.049113,-0.338000,0.134191,"Citi Velocity, exported by Charlie",estr_eonia_1y5y_citi_2026-10-05.xlsx
2017-12-28,,0.065013,-0.335000,0.150105,"Citi Velocity, exported by Charlie",estr_eonia_1y5y_citi_2026-10-05.xlsx
2017-12-29,,0.066434,-0.333000,0.151528,"Citi Velocity, exported by Charlie",estr_eonia_1y5y_citi_2026-10-05.xlsx
2018-01-01,,0.066434,,,"Citi Velocity, exported by Charlie",estr_eonia_1y5y_citi_2026-10-05.xlsx
2018-01-02,,0.067945,-0.334000,0.153039,"Citi Velocity, exported by Charlie",estr_eonia_1y5y_citi_2026-10-05.xlsx
2018-01-03,,0.051665,-0.335000,0.136746,"Citi Velocity, exported by Charlie",estr_eonia_1y5y_citi_2026-10-05.xlsx
2018-01-04,,0.058859,-0.335000,0.143947,"Citi Velocity, exported by Charlie",estr_eonia_1y5y_citi_2026-10-05.xlsx
2018-01-05,,0.056092,-0.334000,0.141176,"Citi Velocity, exported by Charlie",estr_eonia_1y5y_citi_2026-10-05.xlsx
2018-01-08,,0.044250,-0.334000,0.129325,"Citi Velocity, exported by Charlie",estr_eonia_1y5y_citi_2026-10-05.xlsx
2018-01-09,,0.061937,-0.334000,0.147026,"Citi Velocity, exported by Charlie",estr_eonia_1y5y_citi_2026-10-05.xlsx
2018-01-10,,0.077022,-0.334000,0.162124,"Citi Velocity, exported by Charlie",estr_eonia_1y5y_citi_2026-10-05.xlsx
2018-01-11,,0.129623,-0.330000,0.214771,"Citi Velocity, exported by Charlie",estr_eonia_1y5y_citi_2026-10-05.xlsx
2018-01-12,,0.146202,-0.329000,0.231364,"Citi Velocity, exported by Charlie",estr_eonia_1y5y_citi_2026-10-05.xlsx
2018-01-15,,0.145631,-0.329000,0.230792,"Citi Velocity, exported by Charlie",estr_eonia_1y5y_citi_2026-10-05.xlsx
2018-01-16,,0.129188,-0.330000,0.214335,"Citi Velocity, exported by Charlie",estr_eonia_1y5y_citi_2026-10-05.xlsx
2018-01-17,,0.125017,-0.333000,0.210160,"Citi Velocity, exported by Charlie",estr_eonia_1y5y_citi_2026-10-05.xlsx
2018-01-18,,0.136225,-0.336000,0.221379,"Citi Velocity, exported by Charlie",estr_eonia_1y5y_citi_2026-10-05.xlsx
2018-01-19,,0.132492,-0.338000,0.217642,"Citi Velocity, exported by Charlie",estr_eonia_1y5y_citi_2026-10-05.xlsx
2018-01-22,,0.127671,-0.338000,0.212817,"Citi Velocity, exported by Charlie",estr_eonia_1y5y_citi_2026-10-05.xlsx
2018-01-23,,0.132245,-0.339000,0.217395,"Citi Velocity, exported by Charlie",estr_eonia_1y5y_citi_2026-10-05.xlsx
2018-01-24,,0.148830,-0.338000,0.233995,"Citi Velocity, exported by Charlie",estr_eonia_1y5y_citi_2026-10-05.xlsx
2018-01-25,,0.181294,-0.340000,0.266487,"Citi Velocity, exported by Charlie",estr_eonia_1y5y_citi_2026-10-05.xlsx
2018-01-26,,0.209017,-0.339000,0.294233,"Citi Velocity, exported by Charlie",estr_eonia_1y5y_citi_2026-10-05.xlsx
2018-01-29,,0.246718,-0.337000,0.331967,"Citi Velocity, exported by Charlie",estr_eonia_1y5y_citi_2026-10-05.xlsx
2018-01-30,,0.230072,-0.340000,0.315306,"Citi Velocity, exported by Charlie",estr_eonia_1y5y_citi_2026-10-05.xlsx
2018-01-31,,0.226722,-0.342000,0.311953,"Citi Velocity, exported by Charlie",estr_eonia_1y5y_citi_2026-10-05.xlsx
2018-02-01,,0.224195,-0.342000,0.309425,"Citi Velocity, exported by Charlie",estr_eonia_1y5y_citi_2026-10-05.xlsx
2018-02-02,,0.256321,-0.342000,0.341578,"Citi Velocity, exported by Charlie",estr_eonia_1y5y_citi_2026-10-05.xlsx
2018-02-05,,0.243000,-0.343000,0.328246,"Citi Velocity, exported by Charlie",estr_eonia_1y5y_citi_2026-10-05.xlsx
2018-02-06,,0.206992,-0.345000,0.292207,"Citi Velocity, exported by Charlie",estr_eonia_1y5y_citi_2026-10-05.xlsx
2018-02-07,,0.234192,-0.345000,0.319429,"Citi Velocity, exported by Charlie",estr_eonia_1y5y_citi_2026-10-05.xlsx
2018-02-08,,0.257747,-0.343000,0.343005,"Citi Velocity, exported by Charlie",estr_eonia_1y5y_citi_2026-10-05.xlsx
2018-02-09,,0.249159,-0.345000,0.334409,"Citi Velocity, exported by Charlie",estr_eonia_1y5y_citi_2026-10-05.xlsx
2018-02-12,,0.251114,-0.347000,0.336367,"Citi Velocity, exported by Charlie",estr_eonia_1y5y_citi_2026-10-05.xlsx
2018-02-13,,0.239059,-0.347000,0.324301,"Citi Velocity, exported by Charlie",estr_eonia_1y5y_citi_2026-10-05.xlsx
2018-02-14,,0.242930,-0.347122,0.328175,"Citi Velocity, exported by Charlie",estr_eonia_1y5y_citi_2026-10-05.xlsx
2018-02-15,,0.250850,-0.345862,0.336103,"Citi Velocity, exported by Charlie",estr_eonia_1y5y_citi_2026-10-05.xlsx
2018-02-16,,0.225547,-0.344714,0.310777,"Citi Velocity, exported by Charlie",estr_eonia_1y5y_citi_2026-10-05.xlsx
2018-02-19,,0.240054,-0.345057,0.325297,"Citi Velocity, exported by Charlie",estr_eonia_1y5y_citi_2026-10-05.xlsx
2018-02-20,,0.236977,-0.344083,0.322217,"Citi Velocity, exported by Charlie",estr_eonia_1y5y_citi_2026-10-05.xlsx
2018-02-21,,0.232000,-0.343847,0.317236,"Citi Velocity, exported by Charlie",estr_eonia_1y5y_citi_2026-10-05.xlsx
2018-02-22,,0.222186,-0.344134,0.307414,"Citi Velocity, exported by Charlie",estr_eonia_1y5y_citi_2026-10-05.xlsx
2018-02-23,,0.193843,-0.345717,0.279047,"Citi Velocity, exported by Charlie",estr_eonia_1y5y_citi_2026-10-05.xlsx
2018-02-26,,0.197763,-0.342765,0.282968,"Citi Velocity, exported by Charlie",estr_eonia_1y5y_citi_2026-10-05.xlsx
2018-02-27,,0.199973,-0.345198,0.285181,"Citi Velocity, exported by Charlie",estr_eonia_1y5y_citi_2026-10-05.xlsx
2018-02-28,,0.195648,-0.344697,0.280852,"Citi Velocity, exported by Charlie",estr_eonia_1y5y_citi_2026-10-05.xlsx
2018-03-01,,0.191241,-0.346692,0.276442,"Citi Velocity, exported by Charlie",estr_eonia_1y5y_citi_2026-10-05.xlsx
2018-03-02,,0.184095,-0.347023,0.269290,"Citi Velocity, exported by Charlie",estr_eonia_1y5y_citi_2026-10-05.xlsx
2018-03-05,,0.184201,-0.345387,0.269395,"Citi Velocity, exported by Charlie",estr_eonia_1y5y_citi_2026-10-05.xlsx
2018-03-06,,0.205934,-0.346989,0.291147,"Citi Velocity, exported by Charlie",estr_eonia_1y5y_citi_2026-10-05.xlsx
2018-03-07,,0.198216,-0.340086,0.283423,"Citi Velocity, exported by Charlie",estr_eonia_1y5y_citi_2026-10-05.xlsx
2018-03-08,,0.193648,-0.345008,0.278851,"Citi Velocity, exported by Charlie",estr_eonia_1y5y_citi_2026-10-05.xlsx
2018-03-09,,0.207251,-0.343664,0.292465,"Citi Velocity, exported by Charlie",estr_eonia_1y5y_citi_2026-10-05.xlsx
2018-03-12,,0.185781,-0.350056,0.270977,"Citi Velocity, exported by Charlie",estr_eonia_1y5y_citi_2026-10-05.xlsx
2018-03-13,,0.172101,-0.350896,0.257285,"Citi Velocity, exported by Charlie",estr_eonia_1y5y_citi_2026-10-05.xlsx
2018-03-14,,0.154974,-0.351748,0.240144,"Citi Velocity, exported by Charlie",estr_eonia_1y5y_citi_2026-10-05.xlsx
2018-03-15,,0.143550,-0.353218,0.228710,"Citi Velocity, exported by Charlie",estr_eonia_1y5y_citi_2026-10-05.xlsx
2018-03-16,,0.141759,-0.354601,0.226917,"Citi Velocity, exported by Charlie",estr_eonia_1y5y_citi_2026-10-05.xlsx
2018-03-19,,0.148633,-0.355840,0.233797,"Citi Velocity, exported by Charlie",estr_eonia_1y5y_citi_2026-10-05.xlsx
2018-03-20,,0.160727,-0.352450,0.245901,"Citi Velocity, exported by Charlie",estr_eonia_1y5y_citi_2026-10-05.xlsx
2018-03-21,,0.168350,-0.352188,0.253531,"Citi Velocity, exported by Charlie",estr_eonia_1y5y_citi_2026-10-05.xlsx
2018-03-22,,0.127914,-0.352496,0.213060,"Citi Velocity, exported by Charlie",estr_eonia_1y5y_citi_2026-10-05.xlsx
2018-03-23,,0.132091,-0.353479,0.217240,"Citi Velocity, exported by Charlie",estr_eonia_1y5y_citi_2026-10-05.xlsx
2018-03-26,,0.134625,-0.353403,0.219777,"Citi Velocity, exported by Charlie",estr_eonia_1y5y_citi_2026-10-05.xlsx
2018-03-27,,0.116173,-0.353995,0.201309,"Citi Velocity, exported by Charlie",estr_eonia_1y5y_citi_2026-10-05.xlsx
2018-03-28,,0.102119,-0.353438,0.187242,"Citi Velocity, exported by Charlie",estr_eonia_1y5y_citi_2026-10-05.xlsx
2018-03-29,,0.099681,-0.352874,0.184802,"Citi Velocity, exported by Charlie",estr_eonia_1y5y_citi_2026-10-05.xlsx
2018-03-30,,0.099681,-0.352864,0.184803,"Citi Velocity, exported by Charlie",estr_eonia_1y5y_citi_2026-10-05.xlsx
2018-04-02,,0.099681,-0.352863,0.184802,"Citi Velocity, exported by Charlie",estr_eonia_1y5y_citi_2026-10-05.xlsx
2018-04-03,,0.101627,-0.353966,0.186751,"Citi Velocity, exported by Charlie",estr_eonia_1y5y_citi_2026-10-05.xlsx
2018-04-04,,0.090242,-0.354160,0.175356,"Citi Velocity, exported by Charlie",estr_eonia_1y5y_citi_2026-10-05.xlsx
2018-04-05,,0.105900,-0.353943,0.191028,"Citi Velocity, exported by Charlie",estr_eonia_1y5y_citi_2026-10-05.xlsx
2018-04-06,,0.093246,-0.354514,0.178362,"Citi Velocity, exported by Charlie",estr_eonia_1y5y_citi_2026-10-05.xlsx
2018-04-09,,0.099934,-0.353911,0.185056,"Citi Velocity, exported by Charlie",estr_eonia_1y5y_citi_2026-10-05.xlsx
2018-04-10,,0.109207,-0.351351,0.194337,"Citi Velocity, exported by Charlie",estr_eonia_1y5y_citi_2026-10-05.xlsx
2018-04-11,,0.093337,-0.353182,0.178454,"Citi Velocity, exported by Charlie",estr_eonia_1y5y_citi_2026-10-05.xlsx
2018-04-12,,0.101250,-0.351685,0.186373,"Citi Velocity, exported by Charlie",estr_eonia_1y5y_citi_2026-10-05.xlsx
2018-04-13,,0.101413,-0.353905,0.186536,"Citi Velocity, exported by Charlie",estr_eonia_1y5y_citi_2026-10-05.xlsx
2018-04-16,,0.108613,-0.354218,0.193742,"Citi Velocity, exported by Charlie",estr_eonia_1y5y_citi_2026-10-05.xlsx
2018-04-17,,0.098891,-0.353527,0.184012,"Citi Velocity, exported by Charlie",estr_eonia_1y5y_citi_2026-10-05.xlsx
2018-04-18,,0.110531,-0.353508,0.195662,"Citi Velocity, exported by Charlie",estr_eonia_1y5y_citi_2026-10-05.xlsx
2018-04-19,,0.143248,-0.353423,0.228408,"Citi Velocity, exported by Charlie",estr_eonia_1y5y_citi_2026-10-05.xlsx
2018-04-20,,0.142731,-0.353579,0.227889,"Citi Velocity, exported by Charlie",estr_eonia_1y5y_citi_2026-10-05.xlsx
2018-04-23,,0.162115,-0.351915,0.247291,"Citi Velocity, exported by Charlie",estr_eonia_1y5y_citi_2026-10-05.xlsx
2018-04-24,,0.164153,-0.351635,0.249330,"Citi Velocity, exported by Charlie",estr_eonia_1y5y_citi_2026-10-05.xlsx
2018-04-25,,0.172643,-0.351551,0.257827,"Citi Velocity, exported by Charlie",estr_eonia_1y5y_citi_2026-10-05.xlsx
2018-04-26,,0.155161,-0.351504,0.240330,"Citi Velocity, exported by Charlie",estr_eonia_1y5y_citi_2026-10-05.xlsx
2018-04-27,,0.141660,-0.353652,0.226818,"Citi Velocity, exported by Charlie",estr_eonia_1y5y_citi_2026-10-05.xlsx
2018-04-30,,0.136295,-0.354430,0.221448,"Citi Velocity, exported by Charlie",estr_eonia_1y5y_citi_2026-10-05.xlsx
2018-05-01,,0.136294,-0.354153,0.221447,"Citi Velocity, exported by Charlie",estr_eonia_1y5y_citi_2026-10-05.xlsx
2018-05-02,,0.143098,-0.353683,0.228257,"Citi Velocity, exported by Charlie",estr_eonia_1y5y_citi_2026-10-05.xlsx
2018-05-03,,0.109448,-0.355323,0.194579,"Citi Velocity, exported by Charlie",estr_eonia_1y5y_citi_2026-10-05.xlsx
2018-05-04,,0.114551,-0.355123,0.199686,"Citi Velocity, exported by Charlie",estr_eonia_1y5y_citi_2026-10-05.xlsx
2018-05-07,,0.114553,-0.354583,0.199687,"Citi Velocity, exported by Charlie",estr_eonia_1y5y_citi_2026-10-05.xlsx
2018-05-08,,0.126414,-0.355014,0.211559,"Citi Velocity, exported by Charlie",estr_eonia_1y5y_citi_2026-10-05.xlsx
2018-05-09,,0.131027,-0.353330,0.216176,"Citi Velocity, exported by Charlie",estr_eonia_1y5y_citi_2026-10-05.xlsx
2018-05-10,,0.124118,-0.352392,0.209261,"Citi Velocity, exported by Charlie",estr_eonia_1y5y_citi_2026-10-05.xlsx
2018-05-11,,0.139425,-0.354222,0.224581,"Citi Velocity, exported by Charlie",estr_eonia_1y5y_citi_2026-10-05.xlsx
2018-05-14,,0.172484,-0.350590,0.257668,"Citi Velocity, exported by Charlie",estr_eonia_1y5y_citi_2026-10-05.xlsx
2018-05-15,,0.183240,-0.351979,0.268434,"Citi Velocity, exported by Charlie",estr_eonia_1y5y_citi_2026-10-05.xlsx
2018-05-16,,0.170553,-0.350170,0.255736,"Citi Velocity, exported by Charlie",estr_eonia_1y5y_citi_2026-10-05.xlsx
2018-05-17,,0.183004,-0.350330,0.268198,"Citi Velocity, exported by Charlie",estr_eonia_1y5y_citi_2026-10-05.xlsx
2018-05-18,,0.151517,-0.350951,0.236684,"Citi Velocity, exported by Charlie",estr_eonia_1y5y_citi_2026-10-05.xlsx
2018-05-21,,0.129843,-0.354672,0.214991,"Citi Velocity, exported by Charlie",estr_eonia_1y5y_citi_2026-10-05.xlsx
2018-05-22,,0.141886,-0.355245,0.227044,"Citi Velocity, exported by Charlie",estr_eonia_1y5y_citi_2026-10-05.xlsx
2018-05-23,,0.095349,-0.355633,0.180467,"Citi Velocity, exported by Charlie",estr_eonia_1y5y_citi_2026-10-05.xlsx
2018-05-24,,0.078891,-0.357233,0.163995,"Citi Velocity, exported by Charlie",estr_eonia_1y5y_citi_2026-10-05.xlsx
2018-05-25,,0.037672,-0.360869,0.122740,"Citi Velocity, exported by Charlie",estr_eonia_1y5y_citi_2026-10-05.xlsx
2018-05-28,,0.037691,-0.361000,0.122760,"Citi Velocity, exported by Charlie",estr_eonia_1y5y_citi_2026-10-05.xlsx
2018-05-29,,-0.030751,-0.358472,0.054259,"Citi Velocity, exported by Charlie",estr_eonia_1y5y_citi_2026-10-05.xlsx
2018-05-30,,0.008801,-0.356274,0.093844,"Citi Velocity, exported by Charlie",estr_eonia_1y5y_citi_2026-10-05.xlsx
2018-05-31,,0.015243,-0.355373,0.100293,"Citi Velocity, exported by Charlie",estr_eonia_1y5y_citi_2026-10-05.xlsx
2018-06-01,,0.047499,-0.357017,0.132576,"Citi Velocity, exported by Charlie",estr_eonia_1y5y_citi_2026-10-05.xlsx
2018-06-04,,0.068155,-0.354203,0.153249,"Citi Velocity, exported by Charlie",estr_eonia_1y5y_citi_2026-10-05.xlsx
2018-06-05,,0.048824,-0.352734,0.133902,"Citi Velocity, exported by Charlie",estr_eonia_1y5y_citi_2026-10-05.xlsx
2018-06-06,,0.111646,-0.348560,0.196778,"Citi Velocity, exported by Charlie",estr_eonia_1y5y_citi_2026-10-05.xlsx
2018-06-07,,0.132681,-0.348527,0.217831,"Citi Velocity, exported by Charlie",estr_eonia_1y5y_citi_2026-10-05.xlsx
2018-06-08,,0.103223,-0.349930,0.188347,"Citi Velocity, exported by Charlie",estr_eonia_1y5y_citi_2026-10-05.xlsx
2018-06-11,,0.121810,-0.347900,0.206951,"Citi Velocity, exported by Charlie",estr_eonia_1y5y_citi_2026-10-05.xlsx
2018-06-12,,0.118793,-0.333628,0.203932,"Citi Velocity, exported by Charlie",estr_eonia_1y5y_citi_2026-10-05.xlsx
2018-06-13,,0.113165,-0.345750,0.198298,"Citi Velocity, exported by Charlie",estr_eonia_1y5y_citi_2026-10-05.xlsx
2018-06-14,,0.074431,-0.355822,0.159532,"Citi Velocity, exported by Charlie",estr_eonia_1y5y_citi_2026-10-05.xlsx
2018-06-15,,0.031737,-0.358254,0.116800,"Citi Velocity, exported by Charlie",estr_eonia_1y5y_citi_2026-10-05.xlsx
2018-06-18,,0.015899,-0.355491,0.100949,"Citi Velocity, exported by Charlie",estr_eonia_1y5y_citi_2026-10-05.xlsx
2018-06-19,,-0.006834,-0.354218,0.078196,"Citi Velocity, exported by Charlie",estr_eonia_1y5y_citi_2026-10-05.xlsx
2018-06-20,,-0.002052,-0.353599,0.082982,"Citi Velocity, exported by Charlie",estr_eonia_1y5y_citi_2026-10-05.xlsx
2018-06-21,,-0.019468,-0.355545,0.065552,"Citi Velocity, exported by Charlie",estr_eonia_1y5y_citi_2026-10-05.xlsx
2018-06-22,,-0.007855,-0.353364,0.077174,"Citi Velocity, exported by Charlie",estr_eonia_1y5y_citi_2026-10-05.xlsx
2018-06-25,,-0.008111,-0.354877,0.076918,"Citi Velocity, exported by Charlie",estr_eonia_1y5y_citi_2026-10-05.xlsx
2018-06-26,,0.005956,-0.356139,0.090998,"Citi Velocity, exported by Charlie",estr_eonia_1y5y_citi_2026-10-05.xlsx
2018-06-27,,0.000375,-0.355109,0.085412,"Citi Velocity, exported by Charlie",estr_eonia_1y5y_citi_2026-10-05.xlsx
2018-06-28,,0.003347,-0.355182,0.088386,"Citi Velocity, exported by Charlie",estr_eonia_1y5y_citi_2026-10-05.xlsx
2018-06-29,,0.001957,-0.353880,0.086995,"Citi Velocity, exported by Charlie",estr_eonia_1y5y_citi_2026-10-05.xlsx
2018-07-02,,-0.004474,-0.356351,0.080558,"Citi Velocity, exported by Charlie",estr_eonia_1y5y_citi_2026-10-05.xlsx
2018-07-03,,-0.001409,-0.355672,0.083626,"Citi Velocity, exported by Charlie",estr_eonia_1y5y_citi_2026-10-05.xlsx
2018-07-04,,-0.002582,-0.355868,0.082452,"Citi Velocity, exported by Charlie",estr_eonia_1y5y_citi_2026-10-05.xlsx
2018-07-05,,0.003453,-0.357418,0.088492,"Citi Velocity, exported by Charlie",estr_eonia_1y5y_citi_2026-10-05.xlsx
2018-07-06,,-0.001152,-0.357137,0.083883,"Citi Velocity, exported by Charlie",estr_eonia_1y5y_citi_2026-10-05.xlsx
2018-07-09,,-0.003646,-0.357106,0.081387,"Citi Velocity, exported by Charlie",estr_eonia_1y5y_citi_2026-10-05.xlsx
2018-07-10,,0.008296,-0.357131,0.093339,"Citi Velocity, exported by Charlie",estr_eonia_1y5y_citi_2026-10-05.xlsx
2018-07-11,,0.008812,-0.357722,0.093856,"Citi Velocity, exported by Charlie",estr_eonia_1y5y_citi_2026-10-05.xlsx
2018-07-12,,0.002425,-0.357794,0.087463,"Citi Velocity, exported by Charlie",estr_eonia_1y5y_citi_2026-10-05.xlsx
2018-07-13,,-0.010998,-0.357785,0.074029,"Citi Velocity, exported by Charlie",estr_eonia_1y5y_citi_2026-10-05.xlsx
2018-07-16,,0.012212,-0.356407,0.097258,"Citi Velocity, exported by Charlie",estr_eonia_1y5y_citi_2026-10-05.xlsx
2018-07-17,,-0.003742,-0.356937,0.081291,"Citi Velocity, exported by Charlie",estr_eonia_1y5y_citi_2026-10-05.xlsx
2018-07-18,,-0.007163,-0.356925,0.077867,"Citi Velocity, exported by Charlie",estr_eonia_1y5y_citi_2026-10-05.xlsx
2018-07-19,,-0.006497,-0.356829,0.078533,"Citi Velocity, exported by Charlie",estr_eonia_1y5y_citi_2026-10-05.xlsx
2018-07-20,,0.013447,-0.355435,0.098495,"Citi Velocity, exported by Charlie",estr_eonia_1y5y_citi_2026-10-05.xlsx
2018-07-23,,0.029790,-0.355960,0.114852,"Citi Velocity, exported by Charlie",estr_eonia_1y5y_citi_2026-10-05.xlsx
2018-07-24,,0.022842,-0.357318,0.107898,"Citi Velocity, exported by Charlie",estr_eonia_1y5y_citi_2026-10-05.xlsx
2018-07-25,,0.019532,-0.355948,0.104585,"Citi Velocity, exported by Charlie",estr_eonia_1y5y_citi_2026-10-05.xlsx
2018-07-26,,0.034654,-0.355040,0.119721,"Citi Velocity, exported by Charlie",estr_eonia_1y5y_citi_2026-10-05.xlsx
2018-07-27,,0.042355,-0.355276,0.127428,"Citi Velocity, exported by Charlie",estr_eonia_1y5y_citi_2026-10-05.xlsx
2018-07-30,,0.071670,-0.353187,0.156768,"Citi Velocity, exported by Charlie",estr_eonia_1y5y_citi_2026-10-05.xlsx
2018-07-31,,0.071811,-0.352980,0.156909,"Citi Velocity, exported by Charlie",estr_eonia_1y5y_citi_2026-10-05.xlsx
2018-08-01,,0.089959,-0.354146,0.175073,"Citi Velocity, exported by Charlie",estr_eonia_1y5y_citi_2026-10-05.xlsx
2018-08-02,,0.074349,-0.354560,0.159449,"Citi Velocity, exported by Charlie",estr_eonia_1y5y_citi_2026-10-05.xlsx
2018-08-03,,0.048802,-0.352497,0.133880,"Citi Velocity, exported by Charlie",estr_eonia_1y5y_citi_2026-10-05.xlsx
2018-08-06,,0.040767,-0.351266,0.125838,"Citi Velocity, exported by Charlie",estr_eonia_1y5y_citi_2026-10-05.xlsx
2018-08-07,,0.054499,-0.351490,0.139582,"Citi Velocity, exported by Charlie",estr_eonia_1y5y_citi_2026-10-05.xlsx
2018-08-08,,0.050193,-0.352764,0.135272,"Citi Velocity, exported by Charlie",estr_eonia_1y5y_citi_2026-10-05.xlsx
2018-08-09,,0.033841,-0.351534,0.118906,"Citi Velocity, exported by Charlie",estr_eonia_1y5y_citi_2026-10-05.xlsx
2018-08-10,,0.000023,-0.352406,0.085060,"Citi Velocity, exported by Charlie",estr_eonia_1y5y_citi_2026-10-05.xlsx
2018-08-13,,-0.002139,-0.351570,0.082895,"Citi Velocity, exported by Charlie",estr_eonia_1y5y_citi_2026-10-05.xlsx
2018-08-14,,0.003090,-0.352934,0.088129,"Citi Velocity, exported by Charlie",estr_eonia_1y5y_citi_2026-10-05.xlsx
2018-08-15,,-0.014364,-0.354142,0.070660,"Citi Velocity, exported by Charlie",estr_eonia_1y5y_citi_2026-10-05.xlsx
2018-08-16,,-0.006228,-0.352922,0.078803,"Citi Velocity, exported by Charlie",estr_eonia_1y5y_citi_2026-10-05.xlsx
2018-08-17,,-0.008748,-0.354050,0.076281,"Citi Velocity, exported by Charlie",estr_eonia_1y5y_citi_2026-10-05.xlsx
2018-08-20,,-0.010777,-0.354342,0.074250,"Citi Velocity, exported by Charlie",estr_eonia_1y5y_citi_2026-10-05.xlsx
2018-08-21,,0.003572,-0.351652,0.088611,"Citi Velocity, exported by Charlie",estr_eonia_1y5y_citi_2026-10-05.xlsx
2018-08-22,,0.009170,-0.351985,0.094215,"Citi Velocity, exported by Charlie",estr_eonia_1y5y_citi_2026-10-05.xlsx
2018-08-23,,0.008545,-0.352756,0.093589,"Citi Velocity, exported by Charlie",estr_eonia_1y5y_citi_2026-10-05.xlsx
2018-08-24,,0.010365,-0.352165,0.095409,"Citi Velocity, exported by Charlie",estr_eonia_1y5y_citi_2026-10-05.xlsx
2018-08-27,,0.010579,-0.352292,0.095624,"Citi Velocity, exported by Charlie",estr_eonia_1y5y_citi_2026-10-05.xlsx
2018-08-28,,0.024472,-0.350779,0.109529,"Citi Velocity, exported by Charlie",estr_eonia_1y5y_citi_2026-10-05.xlsx
2018-08-29,,0.042956,-0.351898,0.128029,"Citi Velocity, exported by Charlie",estr_eonia_1y5y_citi_2026-10-05.xlsx
2018-08-30,,0.019080,-0.350408,0.104133,"Citi Velocity, exported by Charlie",estr_eonia_1y5y_citi_2026-10-05.xlsx
2018-08-31,,0.012563,-0.350919,0.097610,"Citi Velocity, exported by Charlie",estr_eonia_1y5y_citi_2026-10-05.xlsx
2018-09-03,,0.013173,-0.351245,0.098220,"Citi Velocity, exported by Charlie",estr_eonia_1y5y_citi_2026-10-05.xlsx
2018-09-04,,0.025583,-0.352647,0.110641,"Citi Velocity, exported by Charlie",estr_eonia_1y5y_citi_2026-10-05.xlsx
2018-09-05,,0.040180,-0.349368,0.125251,"Citi Velocity, exported by Charlie",estr_eonia_1y5y_citi_2026-10-05.xlsx
2018-09-06,,0.033556,-0.350070,0.118621,"Citi Velocity, exported by Charlie",estr_eonia_1y5y_citi_2026-10-05.xlsx
2018-09-07,,0.049695,-0.349327,0.134773,"Citi Velocity, exported by Charlie",estr_eonia_1y5y_citi_2026-10-05.xlsx
2018-09-10,,0.061197,-0.349913,0.146286,"Citi Velocity, exported by Charlie",estr_eonia_1y5y_citi_2026-10-05.xlsx
2018-09-11,,0.081059,-0.340981,0.166165,"Citi Velocity, exported by Charlie",estr_eonia_1y5y_citi_2026-10-05.xlsx
2018-09-12,,0.076747,-0.348446,0.161849,"Citi Velocity, exported by Charlie",estr_eonia_1y5y_citi_2026-10-05.xlsx
2018-09-13,,0.086963,-0.348020,0.172075,"Citi Velocity, exported by Charlie",estr_eonia_1y5y_citi_2026-10-05.xlsx
2018-09-14,,0.097203,-0.347784,0.182322,"Citi Velocity, exported by Charlie",estr_eonia_1y5y_citi_2026-10-05.xlsx
2018-09-17,,0.106312,-0.346541,0.191439,"Citi Velocity, exported by Charlie",estr_eonia_1y5y_citi_2026-10-05.xlsx
2018-09-18,,0.116996,-0.345049,0.202133,"Citi Velocity, exported by Charlie",estr_eonia_1y5y_citi_2026-10-05.xlsx
2018-09-19,,0.126121,-0.345167,0.211266,"Citi Velocity, exported by Charlie",estr_eonia_1y5y_citi_2026-10-05.xlsx
2018-09-20,,0.127108,-0.346338,0.212253,"Citi Velocity, exported by Charlie",estr_eonia_1y5y_citi_2026-10-05.xlsx
2018-09-21,,0.116397,-0.345864,0.201533,"Citi Velocity, exported by Charlie",estr_eonia_1y5y_citi_2026-10-05.xlsx
2018-09-24,,0.157083,-0.343801,0.242254,"Citi Velocity, exported by Charlie",estr_eonia_1y5y_citi_2026-10-05.xlsx
2018-09-25,,0.176887,-0.343030,0.262076,"Citi Velocity, exported by Charlie",estr_eonia_1y5y_citi_2026-10-05.xlsx
2018-09-26,,0.175977,-0.341815,0.261164,"Citi Velocity, exported by Charlie",estr_eonia_1y5y_citi_2026-10-05.xlsx
2018-09-27,,0.186952,-0.340204,0.272149,"Citi Velocity, exported by Charlie",estr_eonia_1y5y_citi_2026-10-05.xlsx
2018-09-28,,0.157919,-0.340721,0.243091,"Citi Velocity, exported by Charlie",estr_eonia_1y5y_citi_2026-10-05.xlsx
2018-10-01,,0.160289,-0.339240,0.245463,"Citi Velocity, exported by Charlie",estr_eonia_1y5y_citi_2026-10-05.xlsx
2018-10-02,,0.133544,-0.343342,0.218695,"Citi Velocity, exported by Charlie",estr_eonia_1y5y_citi_2026-10-05.xlsx
2018-10-03,,0.157479,-0.343271,0.242651,"Citi Velocity, exported by Charlie",estr_eonia_1y5y_citi_2026-10-05.xlsx
2018-10-04,,0.202933,-0.342572,0.288144,"Citi Velocity, exported by Charlie",estr_eonia_1y5y_citi_2026-10-05.xlsx
2018-10-05,,0.219259,-0.342790,0.304484,"Citi Velocity, exported by Charlie",estr_eonia_1y5y_citi_2026-10-05.xlsx
2018-10-08,,0.205523,-0.342489,0.290736,"Citi Velocity, exported by Charlie",estr_eonia_1y5y_citi_2026-10-05.xlsx
2018-10-09,,0.197014,-0.342253,0.282220,"Citi Velocity, exported by Charlie",estr_eonia_1y5y_citi_2026-10-05.xlsx
2018-10-10,,0.213684,-0.336772,0.298904,"Citi Velocity, exported by Charlie",estr_eonia_1y5y_citi_2026-10-05.xlsx
2018-10-11,,0.196125,-0.335830,0.281330,"Citi Velocity, exported by Charlie",estr_eonia_1y5y_citi_2026-10-05.xlsx
2018-10-12,,0.184271,-0.337891,0.269466,"Citi Velocity, exported by Charlie",estr_eonia_1y5y_citi_2026-10-05.xlsx
2018-10-15,,0.179979,-0.339070,0.265169,"Citi Velocity, exported by Charlie",estr_eonia_1y5y_citi_2026-10-05.xlsx
2018-10-16,,0.166816,-0.342584,0.251995,"Citi Velocity, exported by Charlie",estr_eonia_1y5y_citi_2026-10-05.xlsx
2018-10-17,,0.149584,-0.341726,0.234749,"Citi Velocity, exported by Charlie",estr_eonia_1y5y_citi_2026-10-05.xlsx
2018-10-18,,0.142325,-0.343026,0.227484,"Citi Velocity, exported by Charlie",estr_eonia_1y5y_citi_2026-10-05.xlsx
2018-10-19,,0.153814,-0.346145,0.238982,"Citi Velocity, exported by Charlie",estr_eonia_1y5y_citi_2026-10-05.xlsx
2018-10-22,,0.155979,-0.344016,0.241149,"Citi Velocity, exported by Charlie",estr_eonia_1y5y_citi_2026-10-05.xlsx
2018-10-23,,0.135665,-0.342303,0.220818,"Citi Velocity, exported by Charlie",estr_eonia_1y5y_citi_2026-10-05.xlsx
2018-10-24,,0.111600,-0.345587,0.196732,"Citi Velocity, exported by Charlie",estr_eonia_1y5y_citi_2026-10-05.xlsx
2018-10-25,,0.113427,-0.346750,0.198561,"Citi Velocity, exported by Charlie",estr_eonia_1y5y_citi_2026-10-05.xlsx
2018-10-26,,0.083977,-0.347788,0.169086,"Citi Velocity, exported by Charlie",estr_eonia_1y5y_citi_2026-10-05.xlsx
2018-10-29,,0.101398,-0.348367,0.186523,"Citi Velocity, exported by Charlie",estr_eonia_1y5y_citi_2026-10-05.xlsx
2018-10-30,,0.097748,-0.349105,0.182868,"Citi Velocity, exported by Charlie",estr_eonia_1y5y_citi_2026-10-05.xlsx
2018-10-31,,0.111176,-0.349399,0.196308,"Citi Velocity, exported by Charlie",estr_eonia_1y5y_citi_2026-10-05.xlsx
2018-11-01,,0.120176,-0.347696,0.205316,"Citi Velocity, exported by Charlie",estr_eonia_1y5y_citi_2026-10-05.xlsx
2018-11-02,,0.123798,-0.349642,0.208940,"Citi Velocity, exported by Charlie",estr_eonia_1y5y_citi_2026-10-05.xlsx
2018-11-05,,0.121242,-0.350253,0.206383,"Citi Velocity, exported by Charlie",estr_eonia_1y5y_citi_2026-10-05.xlsx
2018-11-06,,0.124695,-0.349100,0.209839,"Citi Velocity, exported by Charlie",estr_eonia_1y5y_citi_2026-10-05.xlsx
2018-11-07,,0.134178,-0.349323,0.219330,"Citi Velocity, exported by Charlie",estr_eonia_1y5y_citi_2026-10-05.xlsx
2018-11-08,,0.142542,-0.348000,0.227701,"Citi Velocity, exported by Charlie",estr_eonia_1y5y_citi_2026-10-05.xlsx
2018-11-09,,0.120523,-0.349352,0.205662,"Citi Velocity, exported by Charlie",estr_eonia_1y5y_citi_2026-10-05.xlsx
2018-11-12,,0.109143,-0.348357,0.194273,"Citi Velocity, exported by Charlie",estr_eonia_1y5y_citi_2026-10-05.xlsx
2018-11-13,,0.115498,-0.347554,0.200634,"Citi Velocity, exported by Charlie",estr_eonia_1y5y_citi_2026-10-05.xlsx
2018-11-14,,0.110301,-0.347412,0.195432,"Citi Velocity, exported by Charlie",estr_eonia_1y5y_citi_2026-10-05.xlsx
2018-11-15,,0.082091,-0.348323,0.167199,"Citi Velocity, exported by Charlie",estr_eonia_1y5y_citi_2026-10-05.xlsx
2018-11-16,,0.087184,-0.347599,0.172295,"Citi Velocity, exported by Charlie",estr_eonia_1y5y_citi_2026-10-05.xlsx
2018-11-19,,0.088981,-0.347059,0.174093,"Citi Velocity, exported by Charlie",estr_eonia_1y5y_citi_2026-10-05.xlsx
2018-11-20,,0.074537,-0.349654,0.159638,"Citi Velocity, exported by Charlie",estr_eonia_1y5y_citi_2026-10-05.xlsx
2018-11-21,,0.083582,-0.348930,0.168691,"Citi Velocity, exported by Charlie",estr_eonia_1y5y_citi_2026-10-05.xlsx
2018-11-22,,0.082045,-0.348223,0.167152,"Citi Velocity, exported by Charlie",estr_eonia_1y5y_citi_2026-10-05.xlsx
2018-11-23,,0.066785,-0.348640,0.151879,"Citi Velocity, exported by Charlie",estr_eonia_1y5y_citi_2026-10-05.xlsx
2018-11-26,,0.079469,-0.347875,0.164573,"Citi Velocity, exported by Charlie",estr_eonia_1y5y_citi_2026-10-05.xlsx
2018-11-27,,0.069264,-0.348314,0.154360,"Citi Velocity, exported by Charlie",estr_eonia_1y5y_citi_2026-10-05.xlsx
2018-11-28,,0.071645,-0.349027,0.156743,"Citi Velocity, exported by Charlie",estr_eonia_1y5y_citi_2026-10-05.xlsx
2018-11-29,,0.045633,-0.350481,0.130709,"Citi Velocity, exported by Charlie",estr_eonia_1y5y_citi_2026-10-05.xlsx
2018-11-30,,0.041894,-0.350003,0.126966,"Citi Velocity, exported by Charlie",estr_eonia_1y5y_citi_2026-10-05.xlsx
2018-12-03,,0.040454,-0.351069,0.125525,"Citi Velocity, exported by Charlie",estr_eonia_1y5y_citi_2026-10-05.xlsx
2018-12-04,,0.019878,-0.351381,0.104931,"Citi Velocity, exported by Charlie",estr_eonia_1y5y_citi_2026-10-05.xlsx
2018-12-05,,0.035296,-0.351390,0.120363,"Citi Velocity, exported by Charlie",estr_eonia_1y5y_citi_2026-10-05.xlsx
2018-12-06,,0.013244,-0.349137,0.098292,"Citi Velocity, exported by Charlie",estr_eonia_1y5y_citi_2026-10-05.xlsx
2018-12-07,,0.029556,-0.347174,0.114617,"Citi Velocity, exported by Charlie",estr_eonia_1y5y_citi_2026-10-05.xlsx
2018-12-10,,0.020800,-0.340013,0.105854,"Citi Velocity, exported by Charlie",estr_eonia_1y5y_citi_2026-10-05.xlsx
2018-12-11,,0.025361,-0.349290,0.110419,"Citi Velocity, exported by Charlie",estr_eonia_1y5y_citi_2026-10-05.xlsx
2018-12-12,,0.045112,-0.349049,0.130187,"Citi Velocity, exported by Charlie",estr_eonia_1y5y_citi_2026-10-05.xlsx
2018-12-13,,0.037779,-0.349493,0.122848,"Citi Velocity, exported by Charlie",estr_eonia_1y5y_citi_2026-10-05.xlsx
2018-12-14,,0.025963,-0.349171,0.111022,"Citi Velocity, exported by Charlie",estr_eonia_1y5y_citi_2026-10-05.xlsx
2018-12-17,,0.025101,-0.351009,0.110159,"Citi Velocity, exported by Charlie",estr_eonia_1y5y_citi_2026-10-05.xlsx
2018-12-18,,0.015910,-0.354829,0.100960,"Citi Velocity, exported by Charlie",estr_eonia_1y5y_citi_2026-10-05.xlsx
2018-12-19,,0.004591,-0.355964,0.089631,"Citi Velocity, exported by Charlie",estr_eonia_1y5y_citi_2026-10-05.xlsx
2018-12-20,,-0.005127,-0.360572,0.079906,"Citi Velocity, exported by Charlie",estr_eonia_1y5y_citi_2026-10-05.xlsx
2018-12-21,,-0.002196,-0.361354,0.082839,"Citi Velocity, exported by Charlie",estr_eonia_1y5y_citi_2026-10-05.xlsx
2018-12-24,,-0.002187,-0.360751,0.082848,"Citi Velocity, exported by Charlie",estr_eonia_1y5y_citi_2026-10-05.xlsx
2018-12-25,,-0.002187,-0.360751,0.082848,"Citi Velocity, exported by Charlie",estr_eonia_1y5y_citi_2026-10-05.xlsx
2018-12-26,,-0.002187,-0.360750,0.082848,"Citi Velocity, exported by Charlie",estr_eonia_1y5y_citi_2026-10-05.xlsx
2018-12-27,,-0.026332,-0.363881,0.058682,"Citi Velocity, exported by Charlie",estr_eonia_1y5y_citi_2026-10-05.xlsx
2018-12-28,,-0.033623,-0.362548,0.051384,"Citi Velocity, exported by Charlie",estr_eonia_1y5y_citi_2026-10-05.xlsx
2018-12-31,,-0.033577,-0.362201,0.051430,"Citi Velocity, exported by Charlie",estr_eonia_1y5y_citi_2026-10-05.xlsx
2019-01-01,,-0.033577,-0.362201,0.051430,"Citi Velocity, exported by Charlie",estr_eonia_1y5y_citi_2026-10-05.xlsx
2019-01-02,,-0.078246,-0.362293,0.006723,"Citi Velocity, exported by Charlie",estr_eonia_1y5y_citi_2026-10-05.xlsx
2019-01-03,,-0.082830,-0.359357,0.002135,"Citi Velocity, exported by Charlie",estr_eonia_1y5y_citi_2026-10-05.xlsx
2019-01-04,,-0.049035,-0.358100,0.035959,"Citi Velocity, exported by Charlie",estr_eonia_1y5y_citi_2026-10-05.xlsx
2019-01-07,,-0.042757,-0.357669,0.042243,"Citi Velocity, exported by Charlie",estr_eonia_1y5y_citi_2026-10-05.xlsx
2019-01-08,,-0.020180,-0.351445,0.064839,"Citi Velocity, exported by Charlie",estr_eonia_1y5y_citi_2026-10-05.xlsx
2019-01-09,,-0.026640,-0.350740,0.058374,"Citi Velocity, exported by Charlie",estr_eonia_1y5y_citi_2026-10-05.xlsx
2019-01-10,,-0.029241,-0.352097,0.055770,"Citi Velocity, exported by Charlie",estr_eonia_1y5y_citi_2026-10-05.xlsx
2019-01-11,,-0.037612,-0.353279,0.047392,"Citi Velocity, exported by Charlie",estr_eonia_1y5y_citi_2026-10-05.xlsx
2019-01-14,,-0.053616,-0.352483,0.031374,"Citi Velocity, exported by Charlie",estr_eonia_1y5y_citi_2026-10-05.xlsx
2019-01-15,,-0.075060,-0.355502,0.009912,"Citi Velocity, exported by Charlie",estr_eonia_1y5y_citi_2026-10-05.xlsx
2019-01-16,,-0.064349,-0.353034,0.020632,"Citi Velocity, exported by Charlie",estr_eonia_1y5y_citi_2026-10-05.xlsx
2019-01-17,,-0.054354,-0.354834,0.030635,"Citi Velocity, exported by Charlie",estr_eonia_1y5y_citi_2026-10-05.xlsx
2019-01-18,,-0.034119,-0.351595,0.050888,"Citi Velocity, exported by Charlie",estr_eonia_1y5y_citi_2026-10-05.xlsx
2019-01-21,,-0.032062,-0.350466,0.052947,"Citi Velocity, exported by Charlie",estr_eonia_1y5y_citi_2026-10-05.xlsx
2019-01-22,,-0.050100,-0.351650,0.034893,"Citi Velocity, exported by Charlie",estr_eonia_1y5y_citi_2026-10-05.xlsx
2019-01-23,,-0.056676,-0.348968,0.028311,"Citi Velocity, exported by Charlie",estr_eonia_1y5y_citi_2026-10-05.xlsx
2019-01-24,,-0.089677,-0.352267,-0.004718,"Citi Velocity, exported by Charlie",estr_eonia_1y5y_citi_2026-10-05.xlsx
2019-01-25,,-0.068179,-0.349533,0.016799,"Citi Velocity, exported by Charlie",estr_eonia_1y5y_citi_2026-10-05.xlsx
2019-01-28,,-0.069990,-0.349521,0.014987,"Citi Velocity, exported by Charlie",estr_eonia_1y5y_citi_2026-10-05.xlsx
2019-01-29,,-0.081510,-0.349444,0.003457,"Citi Velocity, exported by Charlie",estr_eonia_1y5y_citi_2026-10-05.xlsx
2019-01-30,,-0.084996,-0.349029,-0.000032,"Citi Velocity, exported by Charlie",estr_eonia_1y5y_citi_2026-10-05.xlsx
2019-01-31,,-0.109675,-0.350859,-0.024733,"Citi Velocity, exported by Charlie",estr_eonia_1y5y_citi_2026-10-05.xlsx
2019-02-01,,-0.094504,-0.350105,-0.009549,"Citi Velocity, exported by Charlie",estr_eonia_1y5y_citi_2026-10-05.xlsx
2019-02-04,,-0.085707,-0.348750,-0.000744,"Citi Velocity, exported by Charlie",estr_eonia_1y5y_citi_2026-10-05.xlsx
2019-02-05,,-0.090500,-0.348667,-0.005542,"Citi Velocity, exported by Charlie",estr_eonia_1y5y_citi_2026-10-05.xlsx
2019-02-06,,-0.096611,-0.348002,-0.011658,"Citi Velocity, exported by Charlie",estr_eonia_1y5y_citi_2026-10-05.xlsx
2019-02-07,,-0.130123,-0.348265,-0.045198,"Citi Velocity, exported by Charlie",estr_eonia_1y5y_citi_2026-10-05.xlsx
2019-02-08,,-0.150960,-0.349116,-0.066053,"Citi Velocity, exported by Charlie",estr_eonia_1y5y_citi_2026-10-05.xlsx
2019-02-11,,-0.139777,-0.350507,-0.054861,"Citi Velocity, exported by Charlie",estr_eonia_1y5y_citi_2026-10-05.xlsx
2019-02-12,,-0.122534,-0.350383,-0.037603,"Citi Velocity, exported by Charlie",estr_eonia_1y5y_citi_2026-10-05.xlsx
2019-02-13,,-0.113035,-0.349643,-0.028095,"Citi Velocity, exported by Charlie",estr_eonia_1y5y_citi_2026-10-05.xlsx
2019-02-14,,-0.119148,-0.348798,-0.034215,"Citi Velocity, exported by Charlie",estr_eonia_1y5y_citi_2026-10-05.xlsx
2019-02-15,,-0.112502,-0.350124,-0.027562,"Citi Velocity, exported by Charlie",estr_eonia_1y5y_citi_2026-10-05.xlsx
2019-02-18,,-0.109588,-0.349339,-0.024646,"Citi Velocity, exported by Charlie",estr_eonia_1y5y_citi_2026-10-05.xlsx
2019-02-19,,-0.117707,-0.350064,-0.032772,"Citi Velocity, exported by Charlie",estr_eonia_1y5y_citi_2026-10-05.xlsx
2019-02-20,,-0.128876,-0.348036,-0.043951,"Citi Velocity, exported by Charlie",estr_eonia_1y5y_citi_2026-10-05.xlsx
2019-02-21,,-0.104920,-0.347637,-0.019974,"Citi Velocity, exported by Charlie",estr_eonia_1y5y_citi_2026-10-05.xlsx
2019-02-22,,-0.126512,-0.346726,-0.041585,"Citi Velocity, exported by Charlie",estr_eonia_1y5y_citi_2026-10-05.xlsx
2019-02-25,,-0.124704,-0.346625,-0.039775,"Citi Velocity, exported by Charlie",estr_eonia_1y5y_citi_2026-10-05.xlsx
2019-02-26,,-0.122160,-0.344842,-0.037229,"Citi Velocity, exported by Charlie",estr_eonia_1y5y_citi_2026-10-05.xlsx
2019-02-27,,-0.092725,-0.342383,-0.007769,"Citi Velocity, exported by Charlie",estr_eonia_1y5y_citi_2026-10-05.xlsx
2019-02-28,,-0.080286,-0.341745,0.004681,"Citi Velocity, exported by Charlie",estr_eonia_1y5y_citi_2026-10-05.xlsx
2019-03-01,,-0.070802,-0.343083,0.014174,"Citi Velocity, exported by Charlie",estr_eonia_1y5y_citi_2026-10-05.xlsx
2019-03-04,,-0.086124,-0.343702,-0.001162,"Citi Velocity, exported by Charlie",estr_eonia_1y5y_citi_2026-10-05.xlsx
2019-03-05,,-0.084467,-0.344528,0.000497,"Citi Velocity, exported by Charlie",estr_eonia_1y5y_citi_2026-10-05.xlsx
2019-03-06,,-0.117366,-0.347846,-0.032431,"Citi Velocity, exported by Charlie",estr_eonia_1y5y_citi_2026-10-05.xlsx
2019-03-07,,-0.167773,-0.353076,-0.082881,"Citi Velocity, exported by Charlie",estr_eonia_1y5y_citi_2026-10-05.xlsx
2019-03-08,,-0.154737,-0.352800,-0.069833,"Citi Velocity, exported by Charlie",estr_eonia_1y5y_citi_2026-10-05.xlsx
2019-03-11,,-0.159682,-0.351003,-0.074783,"Citi Velocity, exported by Charlie",estr_eonia_1y5y_citi_2026-10-05.xlsx
2019-03-12,,-0.158799,-0.351986,-0.073899,"Citi Velocity, exported by Charlie",estr_eonia_1y5y_citi_2026-10-05.xlsx
2019-03-13,,-0.161895,-0.350035,-0.076997,"Citi Velocity, exported by Charlie",estr_eonia_1y5y_citi_2026-10-05.xlsx
2019-03-14,,-0.151173,-0.350026,-0.066267,"Citi Velocity, exported by Charlie",estr_eonia_1y5y_citi_2026-10-05.xlsx
2019-03-15,,-0.148971,-0.350266,-0.064063,"Citi Velocity, exported by Charlie",estr_eonia_1y5y_citi_2026-10-05.xlsx
2019-03-18,,-0.163536,-0.348607,-0.078641,"Citi Velocity, exported by Charlie",estr_eonia_1y5y_citi_2026-10-05.xlsx
2019-03-19,,-0.155650,-0.350639,-0.070748,"Citi Velocity, exported by Charlie",estr_eonia_1y5y_citi_2026-10-05.xlsx
2019-03-20,,-0.156709,-0.350431,-0.071808,"Citi Velocity, exported by Charlie",estr_eonia_1y5y_citi_2026-10-05.xlsx
2019-03-21,,-0.181563,-0.351018,-0.096683,"Citi Velocity, exported by Charlie",estr_eonia_1y5y_citi_2026-10-05.xlsx
2019-03-22,,-0.211223,-0.353781,-0.126368,"Citi Velocity, exported by Charlie",estr_eonia_1y5y_citi_2026-10-05.xlsx
2019-03-25,,-0.206981,-0.354022,-0.122123,"Citi Velocity, exported by Charlie",estr_eonia_1y5y_citi_2026-10-05.xlsx
2019-03-26,,-0.198230,-0.354010,-0.113364,"Citi Velocity, exported by Charlie",estr_eonia_1y5y_citi_2026-10-05.xlsx
2019-03-27,,-0.269525,-0.367011,-0.184721,"Citi Velocity, exported by Charlie",estr_eonia_1y5y_citi_2026-10-05.xlsx
2019-03-28,,-0.243373,-0.364894,-0.158546,"Citi Velocity, exported by Charlie",estr_eonia_1y5y_citi_2026-10-05.xlsx
2019-03-29,,-0.238793,-0.368456,-0.153962,"Citi Velocity, exported by Charlie",estr_eonia_1y5y_citi_2026-10-05.xlsx
2019-04-01,,-0.228408,-0.369038,-0.143568,"Citi Velocity, exported by Charlie",estr_eonia_1y5y_citi_2026-10-05.xlsx
2019-04-02,,-0.245253,-0.370361,-0.160428,"Citi Velocity, exported by Charlie",estr_eonia_1y5y_citi_2026-10-05.xlsx
2019-04-03,,-0.216945,-0.371046,-0.132096,"Citi Velocity, exported by Charlie",estr_eonia_1y5y_citi_2026-10-05.xlsx
2019-04-04,,-0.221423,-0.373346,-0.136577,"Citi Velocity, exported by Charlie",estr_eonia_1y5y_citi_2026-10-05.xlsx
2019-04-05,,-0.214593,-0.372660,-0.129742,"Citi Velocity, exported by Charlie",estr_eonia_1y5y_citi_2026-10-05.xlsx
2019-04-08,,-0.219672,-0.372196,-0.134824,"Citi Velocity, exported by Charlie",estr_eonia_1y5y_citi_2026-10-05.xlsx
2019-04-09,,-0.222282,-0.371136,-0.137437,"Citi Velocity, exported by Charlie",estr_eonia_1y5y_citi_2026-10-05.xlsx
2019-04-10,,-0.260636,-0.376254,-0.175824,"Citi Velocity, exported by Charlie",estr_eonia_1y5y_citi_2026-10-05.xlsx
2019-04-11,,-0.243359,-0.374048,-0.158532,"Citi Velocity, exported by Charlie",estr_eonia_1y5y_citi_2026-10-05.xlsx
2019-04-12,,-0.199318,-0.370107,-0.114453,"Citi Velocity, exported by Charlie",estr_eonia_1y5y_citi_2026-10-05.xlsx
2019-04-15,,-0.196987,-0.370348,-0.112120,"Citi Velocity, exported by Charlie",estr_eonia_1y5y_citi_2026-10-05.xlsx
2019-04-16,,-0.192752,-0.367880,-0.107882,"Citi Velocity, exported by Charlie",estr_eonia_1y5y_citi_2026-10-05.xlsx
2019-04-17,,-0.179289,-0.368514,-0.094407,"Citi Velocity, exported by Charlie",estr_eonia_1y5y_citi_2026-10-05.xlsx
2019-04-18,,-0.213715,-0.368845,-0.128863,"Citi Velocity, exported by Charlie",estr_eonia_1y5y_citi_2026-10-05.xlsx
2019-04-19,,-0.213715,-0.369024,-0.128862,"Citi Velocity, exported by Charlie",estr_eonia_1y5y_citi_2026-10-05.xlsx
2019-04-22,,-0.213715,-0.369023,-0.128862,"Citi Velocity, exported by Charlie",estr_eonia_1y5y_citi_2026-10-05.xlsx
2019-04-23,,-0.202439,-0.367455,-0.117576,"Citi Velocity, exported by Charlie",estr_eonia_1y5y_citi_2026-10-05.xlsx
2019-04-24,,-0.241568,-0.370440,-0.156739,"Citi Velocity, exported by Charlie",estr_eonia_1y5y_citi_2026-10-05.xlsx
2019-04-25,,-0.234511,-0.368063,-0.149676,"Citi Velocity, exported by Charlie",estr_eonia_1y5y_citi_2026-10-05.xlsx
2019-04-26,,-0.235250,-0.368806,-0.150416,"Citi Velocity, exported by Charlie",estr_eonia_1y5y_citi_2026-10-05.xlsx
2019-04-29,,-0.231140,-0.368560,-0.146302,"Citi Velocity, exported by Charlie",estr_eonia_1y5y_citi_2026-10-05.xlsx
2019-04-30,,-0.224781,-0.367301,-0.139938,"Citi Velocity, exported by Charlie",estr_eonia_1y5y_citi_2026-10-05.xlsx
2019-05-01,,-0.224782,-0.367280,-0.139939,"Citi Velocity, exported by Charlie",estr_eonia_1y5y_citi_2026-10-05.xlsx
2019-05-02,,-0.223963,-0.367989,-0.139119,"Citi Velocity, exported by Charlie",estr_eonia_1y5y_citi_2026-10-05.xlsx
2019-05-03,,-0.222928,-0.369240,-0.138084,"Citi Velocity, exported by Charlie",estr_eonia_1y5y_citi_2026-10-05.xlsx
2019-05-06,,-0.222898,-0.369249,-0.138054,"Citi Velocity, exported by Charlie",estr_eonia_1y5y_citi_2026-10-05.xlsx
2019-05-07,,-0.255861,-0.371968,-0.171045,"Citi Velocity, exported by Charlie",estr_eonia_1y5y_citi_2026-10-05.xlsx
2019-05-08,,-0.257478,-0.372387,-0.172663,"Citi Velocity, exported by Charlie",estr_eonia_1y5y_citi_2026-10-05.xlsx
2019-05-09,,-0.254904,-0.375098,-0.170087,"Citi Velocity, exported by Charlie",estr_eonia_1y5y_citi_2026-10-05.xlsx
2019-05-10,,-0.260146,-0.373854,-0.175333,"Citi Velocity, exported by Charlie",estr_eonia_1y5y_citi_2026-10-05.xlsx
2019-05-13,,-0.267318,-0.375375,-0.182511,"Citi Velocity, exported by Charlie",estr_eonia_1y5y_citi_2026-10-05.xlsx
2019-05-14,,-0.277088,-0.379629,-0.192290,"Citi Velocity, exported by Charlie",estr_eonia_1y5y_citi_2026-10-05.xlsx
2019-05-15,,-0.284184,-0.384179,-0.199392,"Citi Velocity, exported by Charlie",estr_eonia_1y5y_citi_2026-10-05.xlsx
2019-05-16,,-0.278998,-0.385364,-0.194201,"Citi Velocity, exported by Charlie",estr_eonia_1y5y_citi_2026-10-05.xlsx
2019-05-17,,-0.289601,-0.388375,-0.204814,"Citi Velocity, exported by Charlie",estr_eonia_1y5y_citi_2026-10-05.xlsx
2019-05-20,,-0.281077,-0.390167,-0.196282,"Citi Velocity, exported by Charlie",estr_eonia_1y5y_citi_2026-10-05.xlsx
2019-05-21,,-0.271821,-0.385264,-0.187018,"Citi Velocity, exported by Charlie",estr_eonia_1y5y_citi_2026-10-05.xlsx
2019-05-22,,-0.282346,-0.385247,-0.197553,"Citi Velocity, exported by Charlie",estr_eonia_1y5y_citi_2026-10-05.xlsx
2019-05-23,,-0.299935,-0.387468,-0.215156,"Citi Velocity, exported by Charlie",estr_eonia_1y5y_citi_2026-10-05.xlsx
2019-05-24,,-0.299114,-0.388835,-0.214335,"Citi Velocity, exported by Charlie",estr_eonia_1y5y_citi_2026-10-05.xlsx
2019-05-27,,-0.299092,-0.389175,-0.214313,"Citi Velocity, exported by Charlie",estr_eonia_1y5y_citi_2026-10-05.xlsx
2019-05-28,,-0.320296,-0.392227,-0.235535,"Citi Velocity, exported by Charlie",estr_eonia_1y5y_citi_2026-10-05.xlsx
2019-05-29,,-0.328993,-0.393874,-0.244239,"Citi Velocity, exported by Charlie",estr_eonia_1y5y_citi_2026-10-05.xlsx
2019-05-30,,-0.324773,-0.393503,-0.240016,"Citi Velocity, exported by Charlie",estr_eonia_1y5y_citi_2026-10-05.xlsx
2019-05-31,,-0.334947,-0.400574,-0.250199,"Citi Velocity, exported by Charlie",estr_eonia_1y5y_citi_2026-10-05.xlsx
2019-06-03,,-0.345708,-0.401063,-0.260969,"Citi Velocity, exported by Charlie",estr_eonia_1y5y_citi_2026-10-05.xlsx
2019-06-04,,-0.352446,-0.404754,-0.267713,"Citi Velocity, exported by Charlie",estr_eonia_1y5y_citi_2026-10-05.xlsx
2019-06-05,,-0.381381,-0.419904,-0.296672,"Citi Velocity, exported by Charlie",estr_eonia_1y5y_citi_2026-10-05.xlsx
2019-06-06,,-0.378158,-0.403307,-0.293447,"Citi Velocity, exported by Charlie",estr_eonia_1y5y_citi_2026-10-05.xlsx
2019-06-07,,-0.399072,-0.414533,-0.314379,"Citi Velocity, exported by Charlie",estr_eonia_1y5y_citi_2026-10-05.xlsx
2019-06-10,,-0.378278,-0.409985,-0.293567,"Citi Velocity, exported by Charlie",estr_eonia_1y5y_citi_2026-10-05.xlsx
2019-06-11,,-0.385836,-0.411581,-0.301131,"Citi Velocity, exported by Charlie",estr_eonia_1y5y_citi_2026-10-05.xlsx
2019-06-12,,-0.394809,-0.421250,-0.310112,"Citi Velocity, exported by Charlie",estr_eonia_1y5y_citi_2026-10-05.xlsx
2019-06-13,,-0.398837,-0.423263,-0.314144,"Citi Velocity, exported by Charlie",estr_eonia_1y5y_citi_2026-10-05.xlsx
2019-06-14,,-0.410542,-0.433048,-0.325859,"Citi Velocity, exported by Charlie",estr_eonia_1y5y_citi_2026-10-05.xlsx
2019-06-17,,-0.403017,-0.429302,-0.318327,"Citi Velocity, exported by Charlie",estr_eonia_1y5y_citi_2026-10-05.xlsx
2019-06-18,,-0.480308,-0.489055,-0.395684,"Citi Velocity, exported by Charlie",estr_eonia_1y5y_citi_2026-10-05.xlsx
2019-06-19,,-0.444026,-0.478384,-0.359372,"Citi Velocity, exported by Charlie",estr_eonia_1y5y_citi_2026-10-05.xlsx
2019-06-20,,-0.460416,-0.491347,-0.375776,"Citi Velocity, exported by Charlie",estr_eonia_1y5y_citi_2026-10-05.xlsx
2019-06-21,,-0.427794,-0.475411,-0.343125,"Citi Velocity, exported by Charlie",estr_eonia_1y5y_citi_2026-10-05.xlsx
2019-06-24,,-0.447244,-0.485828,-0.362592,"Citi Velocity, exported by Charlie",estr_eonia_1y5y_citi_2026-10-05.xlsx
2019-06-25,,-0.462565,-0.487727,-0.377927,"Citi Velocity, exported by Charlie",estr_eonia_1y5y_citi_2026-10-05.xlsx
2019-06-26,,-0.451603,-0.486536,-0.366955,"Citi Velocity, exported by Charlie",estr_eonia_1y5y_citi_2026-10-05.xlsx
2019-06-27,,-0.462196,-0.487804,-0.377557,"Citi Velocity, exported by Charlie",estr_eonia_1y5y_citi_2026-10-05.xlsx
2019-06-28,,-0.475360,-0.491684,-0.390733,"Citi Velocity, exported by Charlie",estr_eonia_1y5y_citi_2026-10-05.xlsx
2019-07-01,,-0.499235,-0.501122,-0.414629,"Citi Velocity, exported by Charlie",estr_eonia_1y5y_citi_2026-10-05.xlsx
2019-07-02,,-0.505423,-0.510662,-0.420821,"Citi Velocity, exported by Charlie",estr_eonia_1y5y_citi_2026-10-05.xlsx
2019-07-03,,-0.519143,-0.513772,-0.434554,"Citi Velocity, exported by Charlie",estr_eonia_1y5y_citi_2026-10-05.xlsx
2019-07-04,,-0.528602,-0.511205,-0.444020,"Citi Velocity, exported by Charlie",estr_eonia_1y5y_citi_2026-10-05.xlsx
2019-07-05,,-0.500819,-0.500110,-0.416213,"Citi Velocity, exported by Charlie",estr_eonia_1y5y_citi_2026-10-05.xlsx
2019-07-08,,-0.509455,-0.501682,-0.424857,"Citi Velocity, exported by Charlie",estr_eonia_1y5y_citi_2026-10-05.xlsx
2019-07-09,,-0.486457,-0.493740,-0.401839,"Citi Velocity, exported by Charlie",estr_eonia_1y5y_citi_2026-10-05.xlsx
2019-07-10,,-0.466104,-0.495936,-0.381469,"Citi Velocity, exported by Charlie",estr_eonia_1y5y_citi_2026-10-05.xlsx
2019-07-11,,-0.442239,-0.496270,-0.357584,"Citi Velocity, exported by Charlie",estr_eonia_1y5y_citi_2026-10-05.xlsx
2019-07-12,,-0.438656,-0.498623,-0.353997,"Citi Velocity, exported by Charlie",estr_eonia_1y5y_citi_2026-10-05.xlsx
2019-07-15,,-0.465910,-0.507087,-0.381274,"Citi Velocity, exported by Charlie",estr_eonia_1y5y_citi_2026-10-05.xlsx
2019-07-16,,-0.480183,-0.514153,-0.395559,"Citi Velocity, exported by Charlie",estr_eonia_1y5y_citi_2026-10-05.xlsx
2019-07-17,,-0.508509,-0.522973,-0.423910,"Citi Velocity, exported by Charlie",estr_eonia_1y5y_citi_2026-10-05.xlsx
2019-07-18,,-0.527279,-0.530478,-0.442696,"Citi Velocity, exported by Charlie",estr_eonia_1y5y_citi_2026-10-05.xlsx
2019-07-19,,-0.548109,-0.540765,-0.463545,"Citi Velocity, exported by Charlie",estr_eonia_1y5y_citi_2026-10-05.xlsx
2019-07-22,,-0.555024,-0.537651,-0.470466,"Citi Velocity, exported by Charlie",estr_eonia_1y5y_citi_2026-10-05.xlsx
2019-07-23,,-0.553836,-0.539294,-0.469276,"Citi Velocity, exported by Charlie",estr_eonia_1y5y_citi_2026-10-05.xlsx
2019-07-24,,-0.574898,-0.545743,-0.490356,"Citi Velocity, exported by Charlie",estr_eonia_1y5y_citi_2026-10-05.xlsx
2019-07-25,,-0.572976,-0.538585,-0.488433,"Citi Velocity, exported by Charlie",estr_eonia_1y5y_citi_2026-10-05.xlsx
2019-07-26,,-0.558949,-0.530311,-0.474394,"Citi Velocity, exported by Charlie",estr_eonia_1y5y_citi_2026-10-05.xlsx
2019-07-29,,-0.562597,-0.531057,-0.478044,"Citi Velocity, exported by Charlie",estr_eonia_1y5y_citi_2026-10-05.xlsx
2019-07-30,,-0.564229,-0.527377,-0.479678,"Citi Velocity, exported by Charlie",estr_eonia_1y5y_citi_2026-10-05.xlsx
2019-07-31,,-0.588394,-0.538909,-0.503864,"Citi Velocity, exported by Charlie",estr_eonia_1y5y_citi_2026-10-05.xlsx
2019-08-01,,-0.593503,-0.538557,-0.508977,"Citi Velocity, exported by Charlie",estr_eonia_1y5y_citi_2026-10-05.xlsx
2019-08-02,,-0.613255,-0.550437,-0.528746,"Citi Velocity, exported by Charlie",estr_eonia_1y5y_citi_2026-10-05.xlsx
2019-08-05,,-0.637837,-0.559264,-0.553350,"Citi Velocity, exported by Charlie",estr_eonia_1y5y_citi_2026-10-05.xlsx
2019-08-06,,-0.642220,-0.562052,-0.557737,"Citi Velocity, exported by Charlie",estr_eonia_1y5y_citi_2026-10-05.xlsx
2019-08-07,,-0.686087,-0.577713,-0.601641,"Citi Velocity, exported by Charlie",estr_eonia_1y5y_citi_2026-10-05.xlsx
2019-08-08,,-0.674553,-0.576842,-0.590097,"Citi Velocity, exported by Charlie",estr_eonia_1y5y_citi_2026-10-05.xlsx
2019-08-09,,-0.680247,-0.583143,-0.595796,"Citi Velocity, exported by Charlie",estr_eonia_1y5y_citi_2026-10-05.xlsx
2019-08-12,,-0.685096,-0.586750,-0.600649,"Citi Velocity, exported by Charlie",estr_eonia_1y5y_citi_2026-10-05.xlsx
2019-08-13,,-0.694892,-0.586672,-0.610453,"Citi Velocity, exported by Charlie",estr_eonia_1y5y_citi_2026-10-05.xlsx
2019-08-14,,-0.728072,-0.589443,-0.643662,"Citi Velocity, exported by Charlie",estr_eonia_1y5y_citi_2026-10-05.xlsx
2019-08-15,,-0.798622,-0.633904,-0.714273,"Citi Velocity, exported by Charlie",estr_eonia_1y5y_citi_2026-10-05.xlsx
2019-08-16,,-0.797763,-0.628950,-0.713413,"Citi Velocity, exported by Charlie",estr_eonia_1y5y_citi_2026-10-05.xlsx
2019-08-19,,-0.762033,-0.618272,-0.677652,"Citi Velocity, exported by Charlie",estr_eonia_1y5y_citi_2026-10-05.xlsx
2019-08-20,,-0.787462,-0.627314,-0.703103,"Citi Velocity, exported by Charlie",estr_eonia_1y5y_citi_2026-10-05.xlsx
2019-08-21,,-0.753582,-0.607421,-0.669194,"Citi Velocity, exported by Charlie",estr_eonia_1y5y_citi_2026-10-05.xlsx
2019-08-22,,-0.713027,-0.581458,-0.628604,"Citi Velocity, exported by Charlie",estr_eonia_1y5y_citi_2026-10-05.xlsx
2019-08-23,,-0.736589,-0.598170,-0.652187,"Citi Velocity, exported by Charlie",estr_eonia_1y5y_citi_2026-10-05.xlsx
2019-08-26,,-0.736578,-0.599082,-0.652175,"Citi Velocity, exported by Charlie",estr_eonia_1y5y_citi_2026-10-05.xlsx
2019-08-27,,-0.769881,-0.603168,-0.685507,"Citi Velocity, exported by Charlie",estr_eonia_1y5y_citi_2026-10-05.xlsx
2019-08-28,,-0.791653,-0.612820,-0.707298,"Citi Velocity, exported by Charlie",estr_eonia_1y5y_citi_2026-10-05.xlsx
2019-08-29,,-0.791509,-0.620317,-0.707153,"Citi Velocity, exported by Charlie",estr_eonia_1y5y_citi_2026-10-05.xlsx
2019-08-30,,-0.794101,-0.629984,-0.709748,"Citi Velocity, exported by Charlie",estr_eonia_1y5y_citi_2026-10-05.xlsx
2019-09-02,,-0.794034,-0.633657,-0.709681,"Citi Velocity, exported by Charlie",estr_eonia_1y5y_citi_2026-10-05.xlsx
2019-09-03,,-0.801033,-0.634559,-0.716686,"Citi Velocity, exported by Charlie",estr_eonia_1y5y_citi_2026-10-05.xlsx
2019-09-04,,-0.771308,-0.622550,-0.686935,"Citi Velocity, exported by Charlie",estr_eonia_1y5y_citi_2026-10-05.xlsx
2019-09-05,,-0.723001,-0.606416,-0.638587,"Citi Velocity, exported by Charlie",estr_eonia_1y5y_citi_2026-10-05.xlsx
2019-09-06,,-0.744839,-0.606127,-0.660443,"Citi Velocity, exported by Charlie",estr_eonia_1y5y_citi_2026-10-05.xlsx
2019-09-09,,-0.715344,-0.603598,-0.630923,"Citi Velocity, exported by Charlie",estr_eonia_1y5y_citi_2026-10-05.xlsx
2019-09-10,,-0.704236,-0.603410,-0.619806,"Citi Velocity, exported by Charlie",estr_eonia_1y5y_citi_2026-10-05.xlsx
2019-09-11,,-0.692994,-0.606625,-0.608554,"Citi Velocity, exported by Charlie",estr_eonia_1y5y_citi_2026-10-05.xlsx
2019-09-12,,-0.643206,-0.535756,-0.558723,"Citi Velocity, exported by Charlie",estr_eonia_1y5y_citi_2026-10-05.xlsx
2019-09-13,,-0.582647,-0.518683,-0.498112,"Citi Velocity, exported by Charlie",estr_eonia_1y5y_citi_2026-10-05.xlsx
2019-09-16,,-0.606298,-0.519967,-0.521784,"Citi Velocity, exported by Charlie",estr_eonia_1y5y_citi_2026-10-05.xlsx
2019-09-17,,-0.611954,-0.521622,-0.527444,"Citi Velocity, exported by Charlie",estr_eonia_1y5y_citi_2026-10-05.xlsx
2019-09-18,,-0.629922,-0.526700,-0.545427,"Citi Velocity, exported by Charlie",estr_eonia_1y5y_citi_2026-10-05.xlsx
2019-09-19,,-0.622192,-0.520316,-0.537691,"Citi Velocity, exported by Charlie",estr_eonia_1y5y_citi_2026-10-05.xlsx
2019-09-20,,-0.620628,-0.517534,-0.536126,"Citi Velocity, exported by Charlie",estr_eonia_1y5y_citi_2026-10-05.xlsx
2019-09-23,,-0.669639,-0.535627,-0.585179,"Citi Velocity, exported by Charlie",estr_eonia_1y5y_citi_2026-10-05.xlsx
2019-09-24,,-0.675055,-0.538976,-0.590599,"Citi Velocity, exported by Charlie",estr_eonia_1y5y_citi_2026-10-05.xlsx
2019-09-25,,-0.667582,-0.537728,-0.583120,"Citi Velocity, exported by Charlie",estr_eonia_1y5y_citi_2026-10-05.xlsx
2019-09-26,,-0.655268,-0.538553,-0.570795,"Citi Velocity, exported by Charlie",estr_eonia_1y5y_citi_2026-10-05.xlsx
2019-09-27,,-0.657756,-0.541495,-0.573285,"Citi Velocity, exported by Charlie",estr_eonia_1y5y_citi_2026-10-05.xlsx
2019-09-30,,-0.660343,-0.544952,-0.575875,"Citi Velocity, exported by Charlie",estr_eonia_1y5y_citi_2026-10-05.xlsx
2019-10-01,-0.633939,-0.659606,-0.549451,-0.575137,"Citi Velocity, exported by Charlie",estr_eonia_1y5y_citi_2026-10-05.xlsx
2019-10-02,-0.637422,-0.653704,-0.552936,-0.569230,"Citi Velocity, exported by Charlie",estr_eonia_1y5y_citi_2026-10-05.xlsx
2019-10-03,-0.641511,-0.678121,-0.557028,-0.593668,"Citi Velocity, exported by Charlie",estr_eonia_1y5y_citi_2026-10-05.xlsx
2019-10-04,-0.646558,-0.679125,-0.562079,-0.594673,"Citi Velocity, exported by Charlie",estr_eonia_1y5y_citi_2026-10-05.xlsx
2019-10-07,-0.642728,-0.668793,-0.558246,-0.584332,"Citi Velocity, exported by Charlie",estr_eonia_1y5y_citi_2026-10-05.xlsx
2019-10-08,-0.647919,-0.678526,-0.563444,-0.594073,"Citi Velocity, exported by Charlie",estr_eonia_1y5y_citi_2026-10-05.xlsx
2019-10-09,-0.634553,-0.647956,-0.550065,-0.563477,"Citi Velocity, exported by Charlie",estr_eonia_1y5y_citi_2026-10-05.xlsx
2019-10-10,-0.616683,-0.594036,-0.532178,-0.509511,"Citi Velocity, exported by Charlie",estr_eonia_1y5y_citi_2026-10-05.xlsx
2019-10-11,-0.609109,-0.577280,-0.524598,-0.492740,"Citi Velocity, exported by Charlie",estr_eonia_1y5y_citi_2026-10-05.xlsx
2019-10-14,-0.602793,-0.579622,-0.518276,-0.495085,"Citi Velocity, exported by Charlie",estr_eonia_1y5y_citi_2026-10-05.xlsx
2019-10-15,-0.590778,-0.549845,-0.506253,-0.465282,"Citi Velocity, exported by Charlie",estr_eonia_1y5y_citi_2026-10-05.xlsx
2019-10-16,-0.586674,-0.531033,-0.502144,-0.446454,"Citi Velocity, exported by Charlie",estr_eonia_1y5y_citi_2026-10-05.xlsx
2019-10-17,-0.584894,-0.525370,-0.500362,-0.440786,"Citi Velocity, exported by Charlie",estr_eonia_1y5y_citi_2026-10-05.xlsx
2019-10-18,-0.580497,-0.515938,-0.495961,-0.431345,"Citi Velocity, exported by Charlie",estr_eonia_1y5y_citi_2026-10-05.xlsx
2019-10-21,-0.573273,-0.489028,-0.488730,-0.404412,"Citi Velocity, exported by Charlie",estr_eonia_1y5y_citi_2026-10-05.xlsx
2019-10-22,-0.573846,-0.506734,-0.489307,-0.422134,"Citi Velocity, exported by Charlie",estr_eonia_1y5y_citi_2026-10-05.xlsx
2019-10-23,-0.573261,-0.524689,-0.488720,-0.440104,"Citi Velocity, exported by Charlie",estr_eonia_1y5y_citi_2026-10-05.xlsx
2019-10-24,-0.573133,-0.525005,-0.488591,-0.440421,"Citi Velocity, exported by Charlie",estr_eonia_1y5y_citi_2026-10-05.xlsx
2019-10-25,-0.567834,-0.497602,-0.483287,-0.412994,"Citi Velocity, exported by Charlie",estr_eonia_1y5y_citi_2026-10-05.xlsx
2019-10-28,-0.561962,-0.474310,-0.477410,-0.389681,"Citi Velocity, exported by Charlie",estr_eonia_1y5y_citi_2026-10-05.xlsx
2019-10-29,-0.563450,-0.478043,-0.478897,-0.393418,"Citi Velocity, exported by Charlie",estr_eonia_1y5y_citi_2026-10-05.xlsx
2019-10-30,-0.560800,-0.477769,-0.476248,-0.393143,"Citi Velocity, exported by Charlie",estr_eonia_1y5y_citi_2026-10-05.xlsx
2019-10-31,-0.574958,-0.512402,-0.490417,-0.427807,"Citi Velocity, exported by Charlie",estr_eonia_1y5y_citi_2026-10-05.xlsx
2019-11-01,-0.574285,-0.510748,-0.489743,-0.426151,"Citi Velocity, exported by Charlie",estr_eonia_1y5y_citi_2026-10-05.xlsx
2019-11-04,-0.576437,-0.495647,-0.491897,-0.411037,"Citi Velocity, exported by Charlie",estr_eonia_1y5y_citi_2026-10-05.xlsx
2019-11-05,-0.569608,-0.486679,-0.485065,-0.402061,"Citi Velocity, exported by Charlie",estr_eonia_1y5y_citi_2026-10-05.xlsx
2019-11-06,-0.566285,-0.484289,-0.481738,-0.399670,"Citi Velocity, exported by Charlie",estr_eonia_1y5y_citi_2026-10-05.xlsx
2019-11-07,-0.554043,-0.435730,-0.469484,-0.351069,"Citi Velocity, exported by Charlie",estr_eonia_1y5y_citi_2026-10-05.xlsx
2019-11-08,-0.553179,-0.441722,-0.468619,-0.357066,"Citi Velocity, exported by Charlie",estr_eonia_1y5y_citi_2026-10-05.xlsx
2019-11-11,-0.555877,-0.437977,-0.471320,-0.353318,"Citi Velocity, exported by Charlie",estr_eonia_1y5y_citi_2026-10-05.xlsx
2019-11-12,-0.556962,-0.444801,-0.472408,-0.360147,"Citi Velocity, exported by Charlie",estr_eonia_1y5y_citi_2026-10-05.xlsx
2019-11-13,-0.561743,-0.473098,-0.477192,-0.388469,"Citi Velocity, exported by Charlie",estr_eonia_1y5y_citi_2026-10-05.xlsx
2019-11-14,-0.559619,-0.492436,-0.475065,-0.407823,"Citi Velocity, exported by Charlie",estr_eonia_1y5y_citi_2026-10-05.xlsx
2019-11-15,-0.559614,-0.486621,-0.475060,-0.402004,"Citi Velocity, exported by Charlie",estr_eonia_1y5y_citi_2026-10-05.xlsx
2019-11-18,-0.555742,-0.482472,-0.471185,-0.397851,"Citi Velocity, exported by Charlie",estr_eonia_1y5y_citi_2026-10-05.xlsx
2019-11-19,-0.557608,-0.479053,-0.473055,-0.394429,"Citi Velocity, exported by Charlie",estr_eonia_1y5y_citi_2026-10-05.xlsx
2019-11-20,-0.564691,-0.485234,-0.480142,-0.400615,"Citi Velocity, exported by Charlie",estr_eonia_1y5y_citi_2026-10-05.xlsx
2019-11-21,-0.559142,-0.468725,-0.474587,-0.384092,"Citi Velocity, exported by Charlie",estr_eonia_1y5y_citi_2026-10-05.xlsx
2019-11-22,-0.564577,-0.485077,-0.480027,-0.400458,"Citi Velocity, exported by Charlie",estr_eonia_1y5y_citi_2026-10-05.xlsx
2019-11-25,-0.564196,-0.482581,-0.479645,-0.397960,"Citi Velocity, exported by Charlie",estr_eonia_1y5y_citi_2026-10-05.xlsx
2019-11-26,-0.559427,-0.494273,-0.474875,-0.409662,"Citi Velocity, exported by Charlie",estr_eonia_1y5y_citi_2026-10-05.xlsx
2019-11-27,-0.560140,-0.494480,-0.475588,-0.409869,"Citi Velocity, exported by Charlie",estr_eonia_1y5y_citi_2026-10-05.xlsx
2019-11-28,-0.559310,-0.493875,-0.474756,-0.409263,"Citi Velocity, exported by Charlie",estr_eonia_1y5y_citi_2026-10-05.xlsx
2019-11-29,-0.554236,-0.483432,-0.469677,-0.398812,"Citi Velocity, exported by Charlie",estr_eonia_1y5y_citi_2026-10-05.xlsx
2019-12-02,-0.549196,-0.438007,-0.464633,-0.353348,"Citi Velocity, exported by Charlie",estr_eonia_1y5y_citi_2026-10-05.xlsx
2019-12-03,-0.557562,-0.490783,-0.473008,-0.406169,"Citi Velocity, exported by Charlie",estr_eonia_1y5y_citi_2026-10-05.xlsx
2019-12-04,-0.558133,-0.468797,-0.473579,-0.384163,"Citi Velocity, exported by Charlie",estr_eonia_1y5y_citi_2026-10-05.xlsx
2019-12-05,-0.554979,-0.446013,-0.470421,-0.361361,"Citi Velocity, exported by Charlie",estr_eonia_1y5y_citi_2026-10-05.xlsx
2019-12-06,-0.554278,-0.438400,-0.469719,-0.353741,"Citi Velocity, exported by Charlie",estr_eonia_1y5y_citi_2026-10-05.xlsx
2019-12-09,-0.554862,-0.451545,-0.470303,-0.366897,"Citi Velocity, exported by Charlie",estr_eonia_1y5y_citi_2026-10-05.xlsx
2019-12-10,-0.554707,-0.451964,-0.470151,-0.367316,"Citi Velocity, exported by Charlie",estr_eonia_1y5y_citi_2026-10-05.xlsx
2019-12-11,-0.552698,-0.466385,-0.468139,-0.381750,"Citi Velocity, exported by Charlie",estr_eonia_1y5y_citi_2026-10-05.xlsx
2019-12-12,-0.549058,-0.437319,-0.464495,-0.352659,"Citi Velocity, exported by Charlie",estr_eonia_1y5y_citi_2026-10-05.xlsx
2019-12-13,-0.545016,-0.441284,-0.460449,-0.356627,"Citi Velocity, exported by Charlie",estr_eonia_1y5y_citi_2026-10-05.xlsx
2019-12-16,-0.545322,-0.432420,-0.460755,-0.347755,"Citi Velocity, exported by Charlie",estr_eonia_1y5y_citi_2026-10-05.xlsx
2019-12-17,-0.547525,-0.439361,-0.462963,-0.354703,"Citi Velocity, exported by Charlie",estr_eonia_1y5y_citi_2026-10-05.xlsx
2019-12-18,-0.543310,-0.411114,-0.458743,-0.326431,"Citi Velocity, exported by Charlie",estr_eonia_1y5y_citi_2026-10-05.xlsx
2019-12-19,-0.541680,-0.406510,-0.457111,-0.321823,"Citi Velocity, exported by Charlie",estr_eonia_1y5y_citi_2026-10-05.xlsx
2019-12-20,-0.539831,-0.408930,-0.455259,-0.324246,"Citi Velocity, exported by Charlie",estr_eonia_1y5y_citi_2026-10-05.xlsx
2019-12-23,-0.538610,-0.401246,-0.454039,-0.316554,"Citi Velocity, exported by Charlie",estr_eonia_1y5y_citi_2026-10-05.xlsx
2019-12-24,-0.538777,-0.401261,-0.454205,-0.316570,"Citi Velocity, exported by Charlie",estr_eonia_1y5y_citi_2026-10-05.xlsx
2019-12-25,-0.538777,-0.401261,-0.454204,-0.316570,"Citi Velocity, exported by Charlie",estr_eonia_1y5y_citi_2026-10-05.xlsx
2019-12-26,-0.538776,-0.401261,-0.454204,-0.316570,"Citi Velocity, exported by Charlie",estr_eonia_1y5y_citi_2026-10-05.xlsx
2019-12-27,-0.535616,-0.409176,-0.451042,-0.324492,"Citi Velocity, exported by Charlie",estr_eonia_1y5y_citi_2026-10-05.xlsx
2019-12-30,-0.532003,-0.365476,-0.447427,-0.280754,"Citi Velocity, exported by Charlie",estr_eonia_1y5y_citi_2026-10-05.xlsx
2019-12-31,-0.531914,-0.365478,-0.447337,-0.280756,"Citi Velocity, exported by Charlie",estr_eonia_1y5y_citi_2026-10-05.xlsx
2020-01-01,-0.531914,-0.365478,-0.447337,-0.280756,"Citi Velocity, exported by Charlie",estr_eonia_1y5y_citi_2026-10-05.xlsx
2020-01-02,-0.533659,-0.400099,-0.449082,-0.315407,"Citi Velocity, exported by Charlie",estr_eonia_1y5y_citi_2026-10-05.xlsx
2020-01-03,-0.540853,-0.434832,-0.456283,-0.350170,"Citi Velocity, exported by Charlie",estr_eonia_1y5y_citi_2026-10-05.xlsx
2020-01-06,-0.544241,-0.445319,-0.459673,-0.360666,"Citi Velocity, exported by Charlie",estr_eonia_1y5y_citi_2026-10-05.xlsx
2020-01-07,-0.547285,-0.449096,-0.462722,-0.364446,"Citi Velocity, exported by Charlie",estr_eonia_1y5y_citi_2026-10-05.xlsx
2020-01-08,-0.543794,-0.436162,-0.459227,-0.351501,"Citi Velocity, exported by Charlie",estr_eonia_1y5y_citi_2026-10-05.xlsx
2020-01-09,-0.538515,-0.399835,-0.453943,-0.315143,"Citi Velocity, exported by Charlie",estr_eonia_1y5y_citi_2026-10-05.xlsx
2020-01-10,-0.536953,-0.400070,-0.452380,-0.315378,"Citi Velocity, exported by Charlie",estr_eonia_1y5y_citi_2026-10-05.xlsx
2020-01-13,-0.534716,-0.376385,-0.450140,-0.291673,"Citi Velocity, exported by Charlie",estr_eonia_1y5y_citi_2026-10-05.xlsx
2020-01-14,-0.534925,-0.381114,-0.450352,-0.296405,"Citi Velocity, exported by Charlie",estr_eonia_1y5y_citi_2026-10-05.xlsx
2020-01-15,-0.535962,-0.397342,-0.451388,-0.312647,"Citi Velocity, exported by Charlie",estr_eonia_1y5y_citi_2026-10-05.xlsx
2020-01-16,-0.535381,-0.408078,-0.450806,-0.323392,"Citi Velocity, exported by Charlie",estr_eonia_1y5y_citi_2026-10-05.xlsx
2020-01-17,-0.536121,-0.401471,-0.451547,-0.316780,"Citi Velocity, exported by Charlie",estr_eonia_1y5y_citi_2026-10-05.xlsx
2020-01-20,-0.535887,-0.403866,-0.451313,-0.319177,"Citi Velocity, exported by Charlie",estr_eonia_1y5y_citi_2026-10-05.xlsx
2020-01-21,-0.533709,-0.421934,-0.449135,-0.337261,"Citi Velocity, exported by Charlie",estr_eonia_1y5y_citi_2026-10-05.xlsx
2020-01-22,-0.531663,-0.424580,-0.447086,-0.339909,"Citi Velocity, exported by Charlie",estr_eonia_1y5y_citi_2026-10-05.xlsx
2020-01-23,-0.535547,-0.453685,-0.450972,-0.369039,"Citi Velocity, exported by Charlie",estr_eonia_1y5y_citi_2026-10-05.xlsx
2020-01-24,-0.540661,-0.468047,-0.456090,-0.383413,"Citi Velocity, exported by Charlie",estr_eonia_1y5y_citi_2026-10-05.xlsx
2020-01-27,-0.552055,-0.514970,-0.467494,-0.430377,"Citi Velocity, exported by Charlie",estr_eonia_1y5y_citi_2026-10-05.xlsx
2020-01-28,-0.554628,-0.492195,-0.470069,-0.407582,"Citi Velocity, exported by Charlie",estr_eonia_1y5y_citi_2026-10-05.xlsx
2020-01-29,-0.559138,-0.501656,-0.474581,-0.417052,"Citi Velocity, exported by Charlie",estr_eonia_1y5y_citi_2026-10-05.xlsx
2020-01-30,-0.566090,-0.520109,-0.481542,-0.435520,"Citi Velocity, exported by Charlie",estr_eonia_1y5y_citi_2026-10-05.xlsx
2020-01-31,-0.573091,-0.543377,-0.488548,-0.458808,"Citi Velocity, exported by Charlie",estr_eonia_1y5y_citi_2026-10-05.xlsx
2020-02-03,-0.572579,-0.537220,-0.488036,-0.452646,"Citi Velocity, exported by Charlie",estr_eonia_1y5y_citi_2026-10-05.xlsx
2020-02-04,-0.568058,-0.524137,-0.483514,-0.439552,"Citi Velocity, exported by Charlie",estr_eonia_1y5y_citi_2026-10-05.xlsx
2020-02-05,-0.563385,-0.499426,-0.478836,-0.414819,"Citi Velocity, exported by Charlie",estr_eonia_1y5y_citi_2026-10-05.xlsx
2020-02-06,-0.561178,-0.488003,-0.476625,-0.403386,"Citi Velocity, exported by Charlie",estr_eonia_1y5y_citi_2026-10-05.xlsx
2020-02-07,-0.563983,-0.509151,-0.479433,-0.424553,"Citi Velocity, exported by Charlie",estr_eonia_1y5y_citi_2026-10-05.xlsx
2020-02-10,-0.566044,-0.524611,-0.481495,-0.440026,"Citi Velocity, exported by Charlie",estr_eonia_1y5y_citi_2026-10-05.xlsx
2020-02-11,-0.570479,-0.515207,-0.485936,-0.430614,"Citi Velocity, exported by Charlie",estr_eonia_1y5y_citi_2026-10-05.xlsx
2020-02-12,-0.568399,-0.508356,-0.483854,-0.423757,"Citi Velocity, exported by Charlie",estr_eonia_1y5y_citi_2026-10-05.xlsx
2020-02-13,-0.573258,-0.521951,-0.488716,-0.437364,"Citi Velocity, exported by Charlie",estr_eonia_1y5y_citi_2026-10-05.xlsx
2020-02-14,-0.575904,-0.530320,-0.491364,-0.445740,"Citi Velocity, exported by Charlie",estr_eonia_1y5y_citi_2026-10-05.xlsx
2020-02-17,-0.576737,-0.534782,-0.492198,-0.450206,"Citi Velocity, exported by Charlie",estr_eonia_1y5y_citi_2026-10-05.xlsx
2020-02-18,-0.573745,-0.537068,-0.489205,-0.452493,"Citi Velocity, exported by Charlie",estr_eonia_1y5y_citi_2026-10-05.xlsx
2020-02-19,-0.571614,-0.541231,-0.487071,-0.456660,"Citi Velocity, exported by Charlie",estr_eonia_1y5y_citi_2026-10-05.xlsx
2020-02-20,-0.570332,-0.549860,-0.485787,-0.465297,"Citi Velocity, exported by Charlie",estr_eonia_1y5y_citi_2026-10-05.xlsx
2020-02-21,-0.570398,-0.544344,-0.485853,-0.459776,"Citi Velocity, exported by Charlie",estr_eonia_1y5y_citi_2026-10-05.xlsx
2020-02-24,-0.584559,-0.569546,-0.500026,-0.484999,"Citi Velocity, exported by Charlie",estr_eonia_1y5y_citi_2026-10-05.xlsx
2020-02-25,-0.599728,-0.587616,-0.515207,-0.503085,"Citi Velocity, exported by Charlie",estr_eonia_1y5y_citi_2026-10-05.xlsx
2020-02-26,-0.603757,-0.578769,-0.519239,-0.494231,"Citi Velocity, exported by Charlie",estr_eonia_1y5y_citi_2026-10-05.xlsx
2020-02-27,-0.621657,-0.600704,-0.537155,-0.516185,"Citi Velocity, exported by Charlie",estr_eonia_1y5y_citi_2026-10-05.xlsx
2020-02-28,-0.650444,-0.633114,-0.565966,-0.548622,"Citi Velocity, exported by Charlie",estr_eonia_1y5y_citi_2026-10-05.xlsx
2020-03-02,-0.701897,-0.664976,-0.617464,-0.580512,"Citi Velocity, exported by Charlie",estr_eonia_1y5y_citi_2026-10-05.xlsx
2020-03-03,-0.697478,-0.664713,-0.613041,-0.580248,"Citi Velocity, exported by Charlie",estr_eonia_1y5y_citi_2026-10-05.xlsx
2020-03-04,-0.709911,-0.686695,-0.625488,-0.602249,"Citi Velocity, exported by Charlie",estr_eonia_1y5y_citi_2026-10-05.xlsx
2020-03-05,-0.699492,-0.695392,-0.615057,-0.610954,"Citi Velocity, exported by Charlie",estr_eonia_1y5y_citi_2026-10-05.xlsx
2020-03-06,-0.709447,-0.709780,-0.625020,-0.625354,"Citi Velocity, exported by Charlie",estr_eonia_1y5y_citi_2026-10-05.xlsx
2020-03-09,-0.758930,-0.750922,-0.674546,-0.666532,"Citi Velocity, exported by Charlie",estr_eonia_1y5y_citi_2026-10-05.xlsx
2020-03-10,-0.726752,-0.700913,-0.642341,-0.616479,"Citi Velocity, exported by Charlie",estr_eonia_1y5y_citi_2026-10-05.xlsx
2020-03-11,-0.741450,-0.682051,-0.657055,-0.597602,"Citi Velocity, exported by Charlie",estr_eonia_1y5y_citi_2026-10-05.xlsx
2020-03-12,-0.670436,-0.629427,-0.585976,-0.544932,"Citi Velocity, exported by Charlie",estr_eonia_1y5y_citi_2026-10-05.xlsx
2020-03-13,-0.634568,-0.572243,-0.550077,-0.487699,"Citi Velocity, exported by Charlie",estr_eonia_1y5y_citi_2026-10-05.xlsx
2020-03-16,-0.664915,-0.534593,-0.580450,-0.450016,"Citi Velocity, exported by Charlie",estr_eonia_1y5y_citi_2026-10-05.xlsx
2020-03-17,-0.660128,-0.527666,-0.575659,-0.443083,"Citi Velocity, exported by Charlie",estr_eonia_1y5y_citi_2026-10-05.xlsx
2020-03-18,-0.625714,-0.411446,-0.541218,-0.326763,"Citi Velocity, exported by Charlie",estr_eonia_1y5y_citi_2026-10-05.xlsx
2020-03-19,-0.606307,-0.351239,-0.521791,-0.266504,"Citi Velocity, exported by Charlie",estr_eonia_1y5y_citi_2026-10-05.xlsx
2020-03-20,-0.610770,-0.443930,-0.526259,-0.359276,"Citi Velocity, exported by Charlie",estr_eonia_1y5y_citi_2026-10-05.xlsx
2020-03-23,-0.617715,-0.480411,-0.533210,-0.395788,"Citi Velocity, exported by Charlie",estr_eonia_1y5y_citi_2026-10-05.xlsx
2020-03-24,-0.594954,-0.429048,-0.510429,-0.344381,"Citi Velocity, exported by Charlie",estr_eonia_1y5y_citi_2026-10-05.xlsx
2020-03-25,-0.580530,-0.394309,-0.495995,-0.309612,"Citi Velocity, exported by Charlie",estr_eonia_1y5y_citi_2026-10-05.xlsx
2020-03-26,-0.590088,-0.465601,-0.505559,-0.380965,"Citi Velocity, exported by Charlie",estr_eonia_1y5y_citi_2026-10-05.xlsx
2020-03-27,-0.595974,-0.512549,-0.511450,-0.427953,"Citi Velocity, exported by Charlie",estr_eonia_1y5y_citi_2026-10-05.xlsx
2020-03-30,-0.594321,-0.544096,-0.509796,-0.459528,"Citi Velocity, exported by Charlie",estr_eonia_1y5y_citi_2026-10-05.xlsx
2020-03-31,-0.584981,-0.512317,-0.500453,-0.427721,"Citi Velocity, exported by Charlie",estr_eonia_1y5y_citi_2026-10-05.xlsx
2020-04-01,-0.576532,-0.514237,-0.491995,-0.429643,"Citi Velocity, exported by Charlie",estr_eonia_1y5y_citi_2026-10-05.xlsx
2020-04-02,-0.570723,-0.504968,-0.486178,-0.420366,"Citi Velocity, exported by Charlie",estr_eonia_1y5y_citi_2026-10-05.xlsx
2020-04-03,-0.574898,-0.517012,-0.490356,-0.432421,"Citi Velocity, exported by Charlie",estr_eonia_1y5y_citi_2026-10-05.xlsx
2020-04-06,-0.566328,-0.513247,-0.481779,-0.428652,"Citi Velocity, exported by Charlie",estr_eonia_1y5y_citi_2026-10-05.xlsx
2020-04-07,-0.551022,-0.469387,-0.466459,-0.384755,"Citi Velocity, exported by Charlie",estr_eonia_1y5y_citi_2026-10-05.xlsx
2020-04-08,-0.560003,-0.478692,-0.475448,-0.394068,"Citi Velocity, exported by Charlie",estr_eonia_1y5y_citi_2026-10-05.xlsx
2020-04-09,-0.574370,-0.510854,-0.489828,-0.426257,"Citi Velocity, exported by Charlie",estr_eonia_1y5y_citi_2026-10-05.xlsx
2020-04-10,-0.574336,-0.510854,-0.489793,-0.426257,"Citi Velocity, exported by Charlie",estr_eonia_1y5y_citi_2026-10-05.xlsx
2020-04-13,-0.574350,-0.510854,-0.489807,-0.426257,"Citi Velocity, exported by Charlie",estr_eonia_1y5y_citi_2026-10-05.xlsx
2020-04-14,-0.585464,-0.535565,-0.500930,-0.450989,"Citi Velocity, exported by Charlie",estr_eonia_1y5y_citi_2026-10-05.xlsx
2020-04-15,-0.580538,-0.562678,-0.496003,-0.478125,"Citi Velocity, exported by Charlie",estr_eonia_1y5y_citi_2026-10-05.xlsx
2020-04-16,-0.574368,-0.556736,-0.489825,-0.472179,"Citi Velocity, exported by Charlie",estr_eonia_1y5y_citi_2026-10-05.xlsx
2020-04-17,-0.568153,-0.559782,-0.483605,-0.475227,"Citi Velocity, exported by Charlie",estr_eonia_1y5y_citi_2026-10-05.xlsx
2020-04-20,-0.563262,-0.534414,-0.478710,-0.449838,"Citi Velocity, exported by Charlie",estr_eonia_1y5y_citi_2026-10-05.xlsx
2020-04-21,-0.563335,-0.541300,-0.478783,-0.456729,"Citi Velocity, exported by Charlie",estr_eonia_1y5y_citi_2026-10-05.xlsx
2020-04-22,-0.566948,-0.507997,-0.482401,-0.423397,"Citi Velocity, exported by Charlie",estr_eonia_1y5y_citi_2026-10-05.xlsx
2020-04-23,-0.567650,-0.521587,-0.483101,-0.437000,"Citi Velocity, exported by Charlie",estr_eonia_1y5y_citi_2026-10-05.xlsx
2020-04-24,-0.604520,-0.553831,-0.520003,-0.469271,"Citi Velocity, exported by Charlie",estr_eonia_1y5y_citi_2026-10-05.xlsx
2020-04-27,-0.588425,-0.533792,-0.503895,-0.449215,"Citi Velocity, exported by Charlie",estr_eonia_1y5y_citi_2026-10-05.xlsx
2020-04-28,-0.604327,-0.561330,-0.519810,-0.476776,"Citi Velocity, exported by Charlie",estr_eonia_1y5y_citi_2026-10-05.xlsx
2020-04-29,-0.594514,-0.567433,-0.509988,-0.482885,"Citi Velocity, exported by Charlie",estr_eonia_1y5y_citi_2026-10-05.xlsx
2020-04-30,-0.604036,-0.631094,-0.519519,-0.546600,"Citi Velocity, exported by Charlie",estr_eonia_1y5y_citi_2026-10-05.xlsx
2020-05-01,-0.603645,-0.631094,-0.519127,-0.546600,"Citi Velocity, exported by Charlie",estr_eonia_1y5y_citi_2026-10-05.xlsx
2020-05-04,-0.601656,-0.604986,-0.517137,-0.520470,"Citi Velocity, exported by Charlie",estr_eonia_1y5y_citi_2026-10-05.xlsx
2020-05-05,-0.600416,-0.621215,-0.515896,-0.536713,"Citi Velocity, exported by Charlie",estr_eonia_1y5y_citi_2026-10-05.xlsx
2020-05-06,-0.591783,-0.586610,-0.507258,-0.502078,"Citi Velocity, exported by Charlie",estr_eonia_1y5y_citi_2026-10-05.xlsx
2020-05-07,-0.590581,-0.593701,-0.506052,-0.509175,"Citi Velocity, exported by Charlie",estr_eonia_1y5y_citi_2026-10-05.xlsx
2020-05-08,-0.589540,-0.594565,-0.505010,-0.510040,"Citi Velocity, exported by Charlie",estr_eonia_1y5y_citi_2026-10-05.xlsx
2020-05-11,-0.589978,-0.597585,-0.505448,-0.513062,"Citi Velocity, exported by Charlie",estr_eonia_1y5y_citi_2026-10-05.xlsx
2020-05-12,-0.585449,-0.600700,-0.500916,-0.516180,"Citi Velocity, exported by Charlie",estr_eonia_1y5y_citi_2026-10-05.xlsx
2020-05-13,-0.586724,-0.600808,-0.502195,-0.516289,"Citi Velocity, exported by Charlie",estr_eonia_1y5y_citi_2026-10-05.xlsx
2020-05-14,-0.588308,-0.598160,-0.503777,-0.513639,"Citi Velocity, exported by Charlie",estr_eonia_1y5y_citi_2026-10-05.xlsx
2020-05-15,-0.584005,-0.594399,-0.499471,-0.509873,"Citi Velocity, exported by Charlie",estr_eonia_1y5y_citi_2026-10-05.xlsx
2020-05-18,-0.583723,-0.574531,-0.499188,-0.489989,"Citi Velocity, exported by Charlie",estr_eonia_1y5y_citi_2026-10-05.xlsx
2020-05-19,-0.576462,-0.556975,-0.491922,-0.472418,"Citi Velocity, exported by Charlie",estr_eonia_1y5y_citi_2026-10-05.xlsx
2020-05-20,-0.579921,-0.559416,-0.495386,-0.474860,"Citi Velocity, exported by Charlie",estr_eonia_1y5y_citi_2026-10-05.xlsx
2020-05-21,-0.585794,-0.574007,-0.501261,-0.489464,"Citi Velocity, exported by Charlie",estr_eonia_1y5y_citi_2026-10-05.xlsx
2020-05-22,-0.582682,-0.573655,-0.498146,-0.489112,"Citi Velocity, exported by Charlie",estr_eonia_1y5y_citi_2026-10-05.xlsx
2020-05-25,-0.583269,-0.565600,-0.498734,-0.481050,"Citi Velocity, exported by Charlie",estr_eonia_1y5y_citi_2026-10-05.xlsx
2020-05-26,-0.577942,-0.541703,-0.493403,-0.457133,"Citi Velocity, exported by Charlie",estr_eonia_1y5y_citi_2026-10-05.xlsx
2020-05-27,-0.578335,-0.546426,-0.493798,-0.461860,"Citi Velocity, exported by Charlie",estr_eonia_1y5y_citi_2026-10-05.xlsx
2020-05-28,-0.579354,-0.547525,-0.494815,-0.462960,"Citi Velocity, exported by Charlie",estr_eonia_1y5y_citi_2026-10-05.xlsx
2020-05-29,-0.581034,-0.560694,-0.496498,-0.476140,"Citi Velocity, exported by Charlie",estr_eonia_1y5y_citi_2026-10-05.xlsx
2020-06-01,-0.577948,-0.533074,-0.493409,-0.448496,"Citi Velocity, exported by Charlie",estr_eonia_1y5y_citi_2026-10-05.xlsx
2020-06-02,-0.579255,-0.539209,-0.494716,-0.454637,"Citi Velocity, exported by Charlie",estr_eonia_1y5y_citi_2026-10-05.xlsx
2020-06-03,-0.571524,-0.500090,-0.486982,-0.415483,"Citi Velocity, exported by Charlie",estr_eonia_1y5y_citi_2026-10-05.xlsx
2020-06-04,-0.569453,-0.497333,-0.484906,-0.412724,"Citi Velocity, exported by Charlie",estr_eonia_1y5y_citi_2026-10-05.xlsx
2020-06-05,-0.563557,-0.468013,-0.479005,-0.383379,"Citi Velocity, exported by Charlie",estr_eonia_1y5y_citi_2026-10-05.xlsx
2020-06-08,-0.570406,-0.494927,-0.485860,-0.410317,"Citi Velocity, exported by Charlie",estr_eonia_1y5y_citi_2026-10-05.xlsx
2020-06-09,-0.569513,-0.490782,-0.484967,-0.406168,"Citi Velocity, exported by Charlie",estr_eonia_1y5y_citi_2026-10-05.xlsx
2020-06-10,-0.570883,-0.497448,-0.486340,-0.412840,"Citi Velocity, exported by Charlie",estr_eonia_1y5y_citi_2026-10-05.xlsx
2020-06-11,-0.580413,-0.548173,-0.495875,-0.463608,"Citi Velocity, exported by Charlie",estr_eonia_1y5y_citi_2026-10-05.xlsx
2020-06-12,-0.593737,-0.564429,-0.509211,-0.479878,"Citi Velocity, exported by Charlie",estr_eonia_1y5y_citi_2026-10-05.xlsx
2020-06-15,-0.590123,-0.565867,-0.505594,-0.481318,"Citi Velocity, exported by Charlie",estr_eonia_1y5y_citi_2026-10-05.xlsx
2020-06-16,-0.595721,-0.560043,-0.511197,-0.475488,"Citi Velocity, exported by Charlie",estr_eonia_1y5y_citi_2026-10-05.xlsx
2020-06-17,-0.597527,-0.563987,-0.513006,-0.479436,"Citi Velocity, exported by Charlie",estr_eonia_1y5y_citi_2026-10-05.xlsx
2020-06-18,-0.597953,-0.571368,-0.513430,-0.486824,"Citi Velocity, exported by Charlie",estr_eonia_1y5y_citi_2026-10-05.xlsx
2020-06-19,-0.597887,-0.571522,-0.513365,-0.486977,"Citi Velocity, exported by Charlie",estr_eonia_1y5y_citi_2026-10-05.xlsx
2020-06-22,-0.602048,-0.590481,-0.517529,-0.505952,"Citi Velocity, exported by Charlie",estr_eonia_1y5y_citi_2026-10-05.xlsx
2020-06-23,-0.593607,-0.574307,-0.509081,-0.489764,"Citi Velocity, exported by Charlie",estr_eonia_1y5y_citi_2026-10-05.xlsx
2020-06-24,-0.595589,-0.582110,-0.511067,-0.497574,"Citi Velocity, exported by Charlie",estr_eonia_1y5y_citi_2026-10-05.xlsx
2020-06-25,-0.593302,-0.587861,-0.508775,-0.503331,"Citi Velocity, exported by Charlie",estr_eonia_1y5y_citi_2026-10-05.xlsx
2020-06-26,-0.600348,-0.595644,-0.515827,-0.511119,"Citi Velocity, exported by Charlie",estr_eonia_1y5y_citi_2026-10-05.xlsx
2020-06-29,-0.595657,-0.591549,-0.511133,-0.507021,"Citi Velocity, exported by Charlie",estr_eonia_1y5y_citi_2026-10-05.xlsx
2020-06-30,-0.592655,-0.595822,-0.508128,-0.511298,"Citi Velocity, exported by Charlie",estr_eonia_1y5y_citi_2026-10-05.xlsx
2020-07-01,-0.586133,-0.551347,-0.501603,-0.466784,"Citi Velocity, exported by Charlie",estr_eonia_1y5y_citi_2026-10-05.xlsx
2020-07-02,-0.589744,-0.578294,-0.505214,-0.493755,"Citi Velocity, exported by Charlie",estr_eonia_1y5y_citi_2026-10-05.xlsx
2020-07-03,-0.592053,-0.577602,-0.507526,-0.493063,"Citi Velocity, exported by Charlie",estr_eonia_1y5y_citi_2026-10-05.xlsx
2020-07-06,-0.588134,-0.570637,-0.503604,-0.486092,"Citi Velocity, exported by Charlie",estr_eonia_1y5y_citi_2026-10-05.xlsx
2020-07-07,-0.584937,-0.560049,-0.500403,-0.475494,"Citi Velocity, exported by Charlie",estr_eonia_1y5y_citi_2026-10-05.xlsx
2020-07-08,-0.581718,-0.567480,-0.497184,-0.482931,"Citi Velocity, exported by Charlie",estr_eonia_1y5y_citi_2026-10-05.xlsx
2020-07-09,-0.580800,-0.578068,-0.496262,-0.493529,"Citi Velocity, exported by Charlie",estr_eonia_1y5y_citi_2026-10-05.xlsx
2020-07-10,-0.586264,-0.585409,-0.501732,-0.500876,"Citi Velocity, exported by Charlie",estr_eonia_1y5y_citi_2026-10-05.xlsx
2020-07-13,-0.576492,-0.550820,-0.491951,-0.466257,"Citi Velocity, exported by Charlie",estr_eonia_1y5y_citi_2026-10-05.xlsx
2020-07-14,-0.576779,-0.569576,-0.492238,-0.485029,"Citi Velocity, exported by Charlie",estr_eonia_1y5y_citi_2026-10-05.xlsx
2020-07-15,-0.579914,-0.576434,-0.495378,-0.491893,"Citi Velocity, exported by Charlie",estr_eonia_1y5y_citi_2026-10-05.xlsx
2020-07-16,-0.583167,-0.589947,-0.498632,-0.505419,"Citi Velocity, exported by Charlie",estr_eonia_1y5y_citi_2026-10-05.xlsx
2020-07-17,-0.576540,-0.574553,-0.492000,-0.490011,"Citi Velocity, exported by Charlie",estr_eonia_1y5y_citi_2026-10-05.xlsx
2020-07-20,-0.577543,-0.584930,-0.493003,-0.500397,"Citi Velocity, exported by Charlie",estr_eonia_1y5y_citi_2026-10-05.xlsx
2020-07-21,-0.579374,-0.587952,-0.494835,-0.503421,"Citi Velocity, exported by Charlie",estr_eonia_1y5y_citi_2026-10-05.xlsx
2020-07-22,-0.583350,-0.605291,-0.498817,-0.520775,"Citi Velocity, exported by Charlie",estr_eonia_1y5y_citi_2026-10-05.xlsx
2020-07-23,-0.578179,-0.588250,-0.493640,-0.503720,"Citi Velocity, exported by Charlie",estr_eonia_1y5y_citi_2026-10-05.xlsx
2020-07-24,-0.572003,-0.567412,-0.487458,-0.482466,"Citi Velocity, exported by Charlie",estr_eonia_1y5y_citi_2026-10-05.xlsx
2020-07-27,-0.573970,-0.585649,-0.489427,-0.500719,"Citi Velocity, exported by Charlie",estr_eonia_1y5y_citi_2026-10-05.xlsx
2020-07-28,-0.579372,-0.597917,-0.494833,-0.512998,"Citi Velocity, exported by Charlie",estr_eonia_1y5y_citi_2026-10-05.xlsx
2020-07-29,-0.581716,-0.584170,-0.497179,-0.499238,"Citi Velocity, exported by Charlie",estr_eonia_1y5y_citi_2026-10-05.xlsx
2020-07-30,-0.591941,-0.615620,-0.507413,-0.530716,"Citi Velocity, exported by Charlie",estr_eonia_1y5y_citi_2026-10-05.xlsx
2020-07-31,-0.590501,-0.610609,-0.505972,-0.525700,"Citi Velocity, exported by Charlie",estr_eonia_1y5y_citi_2026-10-05.xlsx
2020-08-03,-0.588016,-0.600661,-0.503485,-0.515743,"Citi Velocity, exported by Charlie",estr_eonia_1y5y_citi_2026-10-05.xlsx
2020-08-04,-0.588984,-0.614874,-0.504454,-0.529969,"Citi Velocity, exported by Charlie",estr_eonia_1y5y_citi_2026-10-05.xlsx
2020-08-05,-0.583433,-0.590087,-0.498901,-0.505160,"Citi Velocity, exported by Charlie",estr_eonia_1y5y_citi_2026-10-05.xlsx
2020-08-06,-0.584271,-0.602457,-0.499737,-0.517542,"Citi Velocity, exported by Charlie",estr_eonia_1y5y_citi_2026-10-05.xlsx
2020-08-07,-0.579682,-0.584853,-0.495144,-0.499922,"Citi Velocity, exported by Charlie",estr_eonia_1y5y_citi_2026-10-05.xlsx
2020-08-10,-0.585381,-0.600938,-0.500848,-0.516021,"Citi Velocity, exported by Charlie",estr_eonia_1y5y_citi_2026-10-05.xlsx
2020-08-11,-0.579278,-0.572229,-0.494739,-0.487287,"Citi Velocity, exported by Charlie",estr_eonia_1y5y_citi_2026-10-05.xlsx
2020-08-12,-0.574580,-0.561473,-0.490040,-0.476521,"Citi Velocity, exported by Charlie",estr_eonia_1y5y_citi_2026-10-05.xlsx
2020-08-13,-0.568446,-0.534925,-0.483898,-0.450349,"Citi Velocity, exported by Charlie",estr_eonia_1y5y_citi_2026-10-05.xlsx
2020-08-14,-0.568919,-0.541762,-0.484371,-0.457192,"Citi Velocity, exported by Charlie",estr_eonia_1y5y_citi_2026-10-05.xlsx
2020-08-17,-0.571799,-0.559864,-0.487254,-0.475309,"Citi Velocity, exported by Charlie",estr_eonia_1y5y_citi_2026-10-05.xlsx
2020-08-18,-0.571822,-0.565200,-0.487277,-0.480650,"Citi Velocity, exported by Charlie",estr_eonia_1y5y_citi_2026-10-05.xlsx
2020-08-19,-0.572368,-0.572176,-0.487827,-0.487631,"Citi Velocity, exported by Charlie",estr_eonia_1y5y_citi_2026-10-05.xlsx
2020-08-20,-0.577138,-0.586241,-0.492597,-0.501709,"Citi Velocity, exported by Charlie",estr_eonia_1y5y_citi_2026-10-05.xlsx
2020-08-21,-0.580982,-0.592690,-0.496445,-0.508164,"Citi Velocity, exported by Charlie",estr_eonia_1y5y_citi_2026-10-05.xlsx
2020-08-24,-0.579403,-0.588232,-0.494864,-0.503702,"Citi Velocity, exported by Charlie",estr_eonia_1y5y_citi_2026-10-05.xlsx
2020-08-25,-0.571919,-0.555405,-0.487374,-0.470846,"Citi Velocity, exported by Charlie",estr_eonia_1y5y_citi_2026-10-05.xlsx
2020-08-26,-0.569077,-0.547568,-0.484532,-0.463002,"Citi Velocity, exported by Charlie",estr_eonia_1y5y_citi_2026-10-05.xlsx
2020-08-27,-0.569025,-0.542904,-0.484478,-0.458334,"Citi Velocity, exported by Charlie",estr_eonia_1y5y_citi_2026-10-05.xlsx
2020-08-28,-0.572853,-0.557148,-0.488309,-0.472591,"Citi Velocity, exported by Charlie",estr_eonia_1y5y_citi_2026-10-05.xlsx
2020-08-31,-0.570137,-0.548047,-0.485590,-0.463482,"Citi Velocity, exported by Charlie",estr_eonia_1y5y_citi_2026-10-05.xlsx
2020-09-01,-0.575370,-0.561798,-0.490828,-0.477245,"Citi Velocity, exported by Charlie",estr_eonia_1y5y_citi_2026-10-05.xlsx
2020-09-02,-0.585964,-0.599085,-0.501434,-0.514563,"Citi Velocity, exported by Charlie",estr_eonia_1y5y_citi_2026-10-05.xlsx
2020-09-03,-0.596970,-0.609669,-0.512447,-0.525157,"Citi Velocity, exported by Charlie",estr_eonia_1y5y_citi_2026-10-05.xlsx
2020-09-04,-0.597930,-0.599817,-0.513408,-0.515296,"Citi Velocity, exported by Charlie",estr_eonia_1y5y_citi_2026-10-05.xlsx
2020-09-07,-0.595209,-0.600345,-0.510684,-0.515825,"Citi Velocity, exported by Charlie",estr_eonia_1y5y_citi_2026-10-05.xlsx
2020-09-08,-0.596672,-0.612779,-0.512149,-0.528270,"Citi Velocity, exported by Charlie",estr_eonia_1y5y_citi_2026-10-05.xlsx
2020-09-09,-0.588989,-0.585982,-0.504462,-0.501449,"Citi Velocity, exported by Charlie",estr_eonia_1y5y_citi_2026-10-05.xlsx
2020-09-10,-0.584303,-0.563500,-0.499769,-0.478948,"Citi Velocity, exported by Charlie",estr_eonia_1y5y_citi_2026-10-05.xlsx
2020-09-11,-0.592300,-0.596159,-0.507773,-0.511636,"Citi Velocity, exported by Charlie",estr_eonia_1y5y_citi_2026-10-05.xlsx
2020-09-14,-0.598226,-0.601264,-0.513704,-0.516745,"Citi Velocity, exported by Charlie",estr_eonia_1y5y_citi_2026-10-05.xlsx
2020-09-15,-0.598773,-0.603898,-0.514251,-0.519381,"Citi Velocity, exported by Charlie",estr_eonia_1y5y_citi_2026-10-05.xlsx
2020-09-16,-0.601291,-0.598554,-0.516774,-0.514032,"Citi Velocity, exported by Charlie",estr_eonia_1y5y_citi_2026-10-05.xlsx
2020-09-17,-0.604244,-0.613903,-0.519727,-0.529395,"Citi Velocity, exported by Charlie",estr_eonia_1y5y_citi_2026-10-05.xlsx
2020-09-18,-0.601987,-0.605555,-0.517468,-0.521039,"Citi Velocity, exported by Charlie",estr_eonia_1y5y_citi_2026-10-05.xlsx
2020-09-21,-0.609612,-0.623892,-0.525100,-0.539393,"Citi Velocity, exported by Charlie",estr_eonia_1y5y_citi_2026-10-05.xlsx
2020-09-22,-0.604521,-0.612267,-0.520004,-0.527757,"Citi Velocity, exported by Charlie",estr_eonia_1y5y_citi_2026-10-05.xlsx
2020-09-23,-0.602874,-0.605633,-0.518359,-0.521117,"Citi Velocity, exported by Charlie",estr_eonia_1y5y_citi_2026-10-05.xlsx
2020-09-24,-0.602793,-0.606181,-0.518275,-0.521666,"Citi Velocity, exported by Charlie",estr_eonia_1y5y_citi_2026-10-05.xlsx
2020-09-25,-0.600047,-0.613896,-0.515527,-0.529387,"Citi Velocity, exported by Charlie",estr_eonia_1y5y_citi_2026-10-05.xlsx
2020-09-28,-0.597172,-0.607214,-0.512649,-0.522700,"Citi Velocity, exported by Charlie",estr_eonia_1y5y_citi_2026-10-05.xlsx
2020-09-29,-0.598093,-0.614517,-0.513570,-0.530009,"Citi Velocity, exported by Charlie",estr_eonia_1y5y_citi_2026-10-05.xlsx
2020-09-30,-0.591927,-0.600480,-0.507402,-0.515960,"Citi Velocity, exported by Charlie",estr_eonia_1y5y_citi_2026-10-05.xlsx
2020-10-01,-0.595686,-0.607103,-0.511161,-0.522589,"Citi Velocity, exported by Charlie",estr_eonia_1y5y_citi_2026-10-05.xlsx
2020-10-02,-0.595784,-0.605471,-0.511260,-0.520956,"Citi Velocity, exported by Charlie",estr_eonia_1y5y_citi_2026-10-05.xlsx
2020-10-05,-0.593842,-0.599387,-0.509316,-0.514866,"Citi Velocity, exported by Charlie",estr_eonia_1y5y_citi_2026-10-05.xlsx
2020-10-06,-0.591968,-0.588526,-0.507441,-0.503996,"Citi Velocity, exported by Charlie",estr_eonia_1y5y_citi_2026-10-05.xlsx
2020-10-07,-0.594462,-0.580736,-0.509939,-0.496199,"Citi Velocity, exported by Charlie",estr_eonia_1y5y_citi_2026-10-05.xlsx
2020-10-08,-0.596381,-0.592176,-0.511857,-0.507649,"Citi Velocity, exported by Charlie",estr_eonia_1y5y_citi_2026-10-05.xlsx
2020-10-09,-0.597926,-0.597302,-0.513403,-0.512779,"Citi Velocity, exported by Charlie",estr_eonia_1y5y_citi_2026-10-05.xlsx
2020-10-12,-0.599016,-0.599660,-0.514494,-0.515140,"Citi Velocity, exported by Charlie",estr_eonia_1y5y_citi_2026-10-05.xlsx
2020-10-13,-0.602208,-0.614392,-0.517690,-0.529884,"Citi Velocity, exported by Charlie",estr_eonia_1y5y_citi_2026-10-05.xlsx
2020-10-14,-0.604484,-0.619843,-0.519970,-0.535340,"Citi Velocity, exported by Charlie",estr_eonia_1y5y_citi_2026-10-05.xlsx
2020-10-15,-0.612940,-0.633467,-0.528430,-0.548976,"Citi Velocity, exported by Charlie",estr_eonia_1y5y_citi_2026-10-05.xlsx
2020-10-16,-0.615773,-0.640725,-0.531266,-0.556240,"Citi Velocity, exported by Charlie",estr_eonia_1y5y_citi_2026-10-05.xlsx
2020-10-19,-0.616757,-0.643818,-0.532251,-0.559336,"Citi Velocity, exported by Charlie",estr_eonia_1y5y_citi_2026-10-05.xlsx
2020-10-20,-0.605572,-0.623663,-0.521056,-0.539163,"Citi Velocity, exported by Charlie",estr_eonia_1y5y_citi_2026-10-05.xlsx
2020-10-21,-0.602617,-0.615567,-0.518102,-0.531060,"Citi Velocity, exported by Charlie",estr_eonia_1y5y_citi_2026-10-05.xlsx
2020-10-22,-0.602657,-0.599018,-0.518139,-0.514498,"Citi Velocity, exported by Charlie",estr_eonia_1y5y_citi_2026-10-05.xlsx
2020-10-23,-0.600489,-0.594597,-0.515968,-0.510072,"Citi Velocity, exported by Charlie",estr_eonia_1y5y_citi_2026-10-05.xlsx
2020-10-26,-0.599708,-0.600437,-0.515187,-0.515918,"Citi Velocity, exported by Charlie",estr_eonia_1y5y_citi_2026-10-05.xlsx
2020-10-27,-0.606264,-0.625080,-0.521749,-0.540582,"Citi Velocity, exported by Charlie",estr_eonia_1y5y_citi_2026-10-05.xlsx
2020-10-28,-0.613117,-0.627971,-0.528606,-0.543474,"Citi Velocity, exported by Charlie",estr_eonia_1y5y_citi_2026-10-05.xlsx
2020-10-29,-0.623548,-0.633195,-0.539047,-0.548704,"Citi Velocity, exported by Charlie",estr_eonia_1y5y_citi_2026-10-05.xlsx
2020-10-30,-0.617204,-0.619298,-0.532698,-0.534795,"Citi Velocity, exported by Charlie",estr_eonia_1y5y_citi_2026-10-05.xlsx
2020-11-02,-0.616108,-0.617883,-0.533093,-0.533378,"Citi Velocity, exported by Charlie",estr_eonia_1y5y_citi_2026-10-05.xlsx
2020-11-03,-0.613863,-0.609171,-0.530847,-0.524659,"Citi Velocity, exported by Charlie",estr_eonia_1y5y_citi_2026-10-05.xlsx
2020-11-04,-0.614445,-0.617943,-0.530932,-0.533438,"Citi Velocity, exported by Charlie",estr_eonia_1y5y_citi_2026-10-05.xlsx
2020-11-05,-0.613421,-0.618745,-0.529906,-0.534241,"Citi Velocity, exported by Charlie",estr_eonia_1y5y_citi_2026-10-05.xlsx
2020-11-06,-0.611163,-0.611754,-0.527150,-0.527243,"Citi Velocity, exported by Charlie",estr_eonia_1y5y_citi_2026-10-05.xlsx
2020-11-09,-0.590663,-0.563314,-0.507129,-0.478762,"Citi Velocity, exported by Charlie",estr_eonia_1y5y_citi_2026-10-05.xlsx
2020-11-10,-0.588010,-0.542605,-0.504474,-0.458036,"Citi Velocity, exported by Charlie",estr_eonia_1y5y_citi_2026-10-05.xlsx
2020-11-11,-0.584408,-0.549574,-0.500869,-0.465010,"Citi Velocity, exported by Charlie",estr_eonia_1y5y_citi_2026-10-05.xlsx
2020-11-12,-0.585944,-0.562136,-0.502407,-0.477584,"Citi Velocity, exported by Charlie",estr_eonia_1y5y_citi_2026-10-05.xlsx
2020-11-13,-0.589222,-0.569482,-0.505688,-0.484935,"Citi Velocity, exported by Charlie",estr_eonia_1y5y_citi_2026-10-05.xlsx
2020-11-16,-0.587507,-0.567774,-0.503473,-0.483226,"Citi Velocity, exported by Charlie",estr_eonia_1y5y_citi_2026-10-05.xlsx
2020-11-17,-0.589268,-0.574183,-0.504738,-0.489641,"Citi Velocity, exported by Charlie",estr_eonia_1y5y_citi_2026-10-05.xlsx
2020-11-18,-0.589494,-0.571977,-0.504965,-0.487432,"Citi Velocity, exported by Charlie",estr_eonia_1y5y_citi_2026-10-05.xlsx
2020-11-19,-0.590855,-0.575947,-0.506327,-0.491406,"Citi Velocity, exported by Charlie",estr_eonia_1y5y_citi_2026-10-05.xlsx
2020-11-20,-0.595237,-0.584843,-0.510713,-0.500310,"Citi Velocity, exported by Charlie",estr_eonia_1y5y_citi_2026-10-05.xlsx
2020-11-23,-0.589939,-0.575728,-0.505410,-0.491187,"Citi Velocity, exported by Charlie",estr_eonia_1y5y_citi_2026-10-05.xlsx
2020-11-24,-0.589274,-0.569951,-0.504744,-0.485405,"Citi Velocity, exported by Charlie",estr_eonia_1y5y_citi_2026-10-05.xlsx
2020-11-25,-0.588098,-0.570123,-0.503567,-0.485577,"Citi Velocity, exported by Charlie",estr_eonia_1y5y_citi_2026-10-05.xlsx
2020-11-26,-0.589955,-0.574950,-0.505426,-0.490407,"Citi Velocity, exported by Charlie",estr_eonia_1y5y_citi_2026-10-05.xlsx
2020-11-27,-0.588994,-0.577639,-0.504464,-0.493099,"Citi Velocity, exported by Charlie",estr_eonia_1y5y_citi_2026-10-05.xlsx
2020-11-30,-0.591070,-0.573454,-0.506542,-0.488911,"Citi Velocity, exported by Charlie",estr_eonia_1y5y_citi_2026-10-05.xlsx
2020-12-01,-0.587737,-0.559347,-0.503206,-0.474791,"Citi Velocity, exported by Charlie",estr_eonia_1y5y_citi_2026-10-05.xlsx
2020-12-02,-0.589809,-0.555261,-0.505280,-0.470702,"Citi Velocity, exported by Charlie",estr_eonia_1y5y_citi_2026-10-05.xlsx
2020-12-03,-0.592845,-0.566197,-0.508318,-0.481648,"Citi Velocity, exported by Charlie",estr_eonia_1y5y_citi_2026-10-05.xlsx
2020-12-04,-0.599611,-0.568348,-0.515090,-0.483800,"Citi Velocity, exported by Charlie",estr_eonia_1y5y_citi_2026-10-05.xlsx
2020-12-07,-0.607642,-0.588790,-0.523129,-0.504260,"Citi Velocity, exported by Charlie",estr_eonia_1y5y_citi_2026-10-05.xlsx
2020-12-08,-0.611417,-0.603538,-0.526906,-0.519021,"Citi Velocity, exported by Charlie",estr_eonia_1y5y_citi_2026-10-05.xlsx
2020-12-09,-0.611236,-0.600135,-0.526726,-0.515614,"Citi Velocity, exported by Charlie",estr_eonia_1y5y_citi_2026-10-05.xlsx
2020-12-10,-0.604163,-0.598717,-0.519646,-0.514196,"Citi Velocity, exported by Charlie",estr_eonia_1y5y_citi_2026-10-05.xlsx
2020-12-11,-0.613168,-0.611496,-0.528659,-0.526985,"Citi Velocity, exported by Charlie",estr_eonia_1y5y_citi_2026-10-05.xlsx
2020-12-14,-0.609124,-0.608420,-0.524611,-0.523907,"Citi Velocity, exported by Charlie",estr_eonia_1y5y_citi_2026-10-05.xlsx
2020-12-15,-0.606880,-0.603866,-0.522366,-0.519349,"Citi Velocity, exported by Charlie",estr_eonia_1y5y_citi_2026-10-05.xlsx
2020-12-16,-0.593254,-0.576739,-0.508727,-0.492199,"Citi Velocity, exported by Charlie",estr_eonia_1y5y_citi_2026-10-05.xlsx
2020-12-17,-0.592010,-0.580155,-0.507483,-0.495618,"Citi Velocity, exported by Charlie",estr_eonia_1y5y_citi_2026-10-05.xlsx
2020-12-18,-0.589245,-0.573439,-0.504715,-0.488896,"Citi Velocity, exported by Charlie",estr_eonia_1y5y_citi_2026-10-05.xlsx
2020-12-21,-0.592690,-0.577021,-0.508163,-0.492481,"Citi Velocity, exported by Charlie",estr_eonia_1y5y_citi_2026-10-05.xlsx
2020-12-22,-0.591320,-0.574894,-0.506788,-0.490352,"Citi Velocity, exported by Charlie",estr_eonia_1y5y_citi_2026-10-05.xlsx
2020-12-23,-0.586582,-0.551716,-0.502050,-0.467154,"Citi Velocity, exported by Charlie",estr_eonia_1y5y_citi_2026-10-05.xlsx
2020-12-24,-0.584570,-0.551722,-0.500037,-0.467160,"Citi Velocity, exported by Charlie",estr_eonia_1y5y_citi_2026-10-05.xlsx
2020-12-25,-0.584570,-0.551722,-0.500037,-0.467160,"Citi Velocity, exported by Charlie",estr_eonia_1y5y_citi_2026-10-05.xlsx
2020-12-28,-0.587219,-0.563433,-0.502688,-0.478881,"Citi Velocity, exported by Charlie",estr_eonia_1y5y_citi_2026-10-05.xlsx
2020-12-29,-0.586977,-0.571921,-0.502571,-0.487377,"Citi Velocity, exported by Charlie",estr_eonia_1y5y_citi_2026-10-05.xlsx
2020-12-30,-0.590078,-0.574228,-0.505510,-0.489686,"Citi Velocity, exported by Charlie",estr_eonia_1y5y_citi_2026-10-05.xlsx
2020-12-31,-0.591142,-0.574233,-0.506575,-0.489690,"Citi Velocity, exported by Charlie",estr_eonia_1y5y_citi_2026-10-05.xlsx
2021-01-01,-0.591142,-0.574233,-0.506575,-0.489690,"Citi Velocity, exported by Charlie",estr_eonia_1y5y_citi_2026-10-05.xlsx
2021-01-04,-0.595185,-0.595178,-0.510621,-0.510654,"Citi Velocity, exported by Charlie",estr_eonia_1y5y_citi_2026-10-05.xlsx
2021-01-05,-0.594818,-0.590507,-0.510254,-0.505979,"Citi Velocity, exported by Charlie",estr_eonia_1y5y_citi_2026-10-05.xlsx
2021-01-06,-0.588019,-0.568095,-0.503453,-0.483547,"Citi Velocity, exported by Charlie",estr_eonia_1y5y_citi_2026-10-05.xlsx
2021-01-07,-0.585230,-0.558270,-0.500658,-0.473714,"Citi Velocity, exported by Charlie",estr_eonia_1y5y_citi_2026-10-05.xlsx
2021-01-08,-0.582462,-0.553882,-0.497888,-0.469322,"Citi Velocity, exported by Charlie",estr_eonia_1y5y_citi_2026-10-05.xlsx
2021-01-11,-0.583235,-0.546336,-0.498662,-0.461769,"Citi Velocity, exported by Charlie",estr_eonia_1y5y_citi_2026-10-05.xlsx
2021-01-12,-0.576593,-0.519487,-0.492015,-0.434898,"Citi Velocity, exported by Charlie",estr_eonia_1y5y_citi_2026-10-05.xlsx
2021-01-13,-0.582643,-0.549058,-0.498072,-0.464494,"Citi Velocity, exported by Charlie",estr_eonia_1y5y_citi_2026-10-05.xlsx
2021-01-14,-0.588647,-0.567131,-0.504078,-0.482583,"Citi Velocity, exported by Charlie",estr_eonia_1y5y_citi_2026-10-05.xlsx
2021-01-15,-0.590522,-0.560956,-0.505955,-0.476402,"Citi Velocity, exported by Charlie",estr_eonia_1y5y_citi_2026-10-05.xlsx
2021-01-18,-0.587990,-0.551299,-0.503420,-0.466737,"Citi Velocity, exported by Charlie",estr_eonia_1y5y_citi_2026-10-05.xlsx
2021-01-19,-0.584808,-0.544841,-0.500236,-0.460273,"Citi Velocity, exported by Charlie",estr_eonia_1y5y_citi_2026-10-05.xlsx
2021-01-20,-0.583934,-0.543301,-0.499364,-0.458732,"Citi Velocity, exported by Charlie",estr_eonia_1y5y_citi_2026-10-05.xlsx
2021-01-21,-0.579991,-0.522241,-0.495416,-0.437654,"Citi Velocity, exported by Charlie",estr_eonia_1y5y_citi_2026-10-05.xlsx
2021-01-22,-0.580333,-0.533829,-0.495757,-0.449252,"Citi Velocity, exported by Charlie",estr_eonia_1y5y_citi_2026-10-05.xlsx
2021-01-25,-0.585948,-0.552700,-0.501377,-0.468139,"Citi Velocity, exported by Charlie",estr_eonia_1y5y_citi_2026-10-05.xlsx
2021-01-26,-0.585574,-0.542769,-0.501003,-0.458200,"Citi Velocity, exported by Charlie",estr_eonia_1y5y_citi_2026-10-05.xlsx
2021-01-27,-0.598866,-0.559010,-0.514308,-0.474455,"Citi Velocity, exported by Charlie",estr_eonia_1y5y_citi_2026-10-05.xlsx
2021-01-28,-0.604270,-0.561370,-0.519714,-0.476817,"Citi Velocity, exported by Charlie",estr_eonia_1y5y_citi_2026-10-05.xlsx
2021-01-29,-0.594404,-0.539667,-0.509840,-0.455094,"Citi Velocity, exported by Charlie",estr_eonia_1y5y_citi_2026-10-05.xlsx
2021-02-01,-0.594101,-0.540169,-0.509537,-0.455597,"Citi Velocity, exported by Charlie",estr_eonia_1y5y_citi_2026-10-05.xlsx
2021-02-02,-0.592386,-0.528828,-0.507820,-0.444247,"Citi Velocity, exported by Charlie",estr_eonia_1y5y_citi_2026-10-05.xlsx
2021-02-03,-0.585103,-0.513387,-0.500534,-0.428792,"Citi Velocity, exported by Charlie",estr_eonia_1y5y_citi_2026-10-05.xlsx
2021-02-04,-0.585391,-0.505273,-0.500819,-0.420672,"Citi Velocity, exported by Charlie",estr_eonia_1y5y_citi_2026-10-05.xlsx
2021-02-05,-0.582214,-0.500381,-0.497640,-0.415774,"Citi Velocity, exported by Charlie",estr_eonia_1y5y_citi_2026-10-05.xlsx
2021-02-08,-0.581226,-0.499804,-0.496651,-0.415197,"Citi Velocity, exported by Charlie",estr_eonia_1y5y_citi_2026-10-05.xlsx
2021-02-09,-0.582653,-0.507061,-0.498079,-0.422461,"Citi Velocity, exported by Charlie",estr_eonia_1y5y_citi_2026-10-05.xlsx
2021-02-10,-0.584277,-0.504461,-0.499707,-0.419858,"Citi Velocity, exported by Charlie",estr_eonia_1y5y_citi_2026-10-05.xlsx
2021-02-11,-0.585911,-0.515087,-0.501340,-0.430494,"Citi Velocity, exported by Charlie",estr_eonia_1y5y_citi_2026-10-05.xlsx
2021-02-12,-0.584184,-0.501909,-0.499612,-0.417304,"Citi Velocity, exported by Charlie",estr_eonia_1y5y_citi_2026-10-05.xlsx
2021-02-15,-0.580355,-0.478677,-0.495780,-0.394052,"Citi Velocity, exported by Charlie",estr_eonia_1y5y_citi_2026-10-05.xlsx
2021-02-16,-0.577948,-0.464252,-0.493371,-0.379615,"Citi Velocity, exported by Charlie",estr_eonia_1y5y_citi_2026-10-05.xlsx
2021-02-17,-0.578192,-0.475244,-0.493618,-0.390616,"Citi Velocity, exported by Charlie",estr_eonia_1y5y_citi_2026-10-05.xlsx
2021-02-18,-0.576561,-0.459937,-0.491983,-0.375296,"Citi Velocity, exported by Charlie",estr_eonia_1y5y_citi_2026-10-05.xlsx
2021-02-19,-0.574822,-0.451493,-0.490242,-0.366844,"Citi Velocity, exported by Charlie",estr_eonia_1y5y_citi_2026-10-05.xlsx
2021-02-22,-0.575756,-0.472493,-0.491177,-0.387863,"Citi Velocity, exported by Charlie",estr_eonia_1y5y_citi_2026-10-05.xlsx
2021-02-23,-0.572195,-0.464543,-0.487614,-0.379906,"Citi Velocity, exported by Charlie",estr_eonia_1y5y_citi_2026-10-05.xlsx
2021-02-24,-0.574486,-0.460274,-0.489909,-0.375633,"Citi Velocity, exported by Charlie",estr_eonia_1y5y_citi_2026-10-05.xlsx
2021-02-25,-0.566053,-0.414060,-0.481467,-0.329380,"Citi Velocity, exported by Charlie",estr_eonia_1y5y_citi_2026-10-05.xlsx
2021-02-26,-0.566563,-0.423817,-0.482012,-0.339146,"Citi Velocity, exported by Charlie",estr_eonia_1y5y_citi_2026-10-05.xlsx
2021-03-01,-0.574395,-0.479481,-0.489852,-0.394857,"Citi Velocity, exported by Charlie",estr_eonia_1y5y_citi_2026-10-05.xlsx
2021-03-02,-0.575247,-0.481263,-0.490705,-0.396641,"Citi Velocity, exported by Charlie",estr_eonia_1y5y_citi_2026-10-05.xlsx
2021-03-03,-0.573006,-0.457487,-0.488465,-0.372844,"Citi Velocity, exported by Charlie",estr_eonia_1y5y_citi_2026-10-05.xlsx
2021-03-04,-0.575110,-0.458569,-0.490568,-0.373927,"Citi Velocity, exported by Charlie",estr_eonia_1y5y_citi_2026-10-05.xlsx
2021-03-05,-0.575287,-0.443124,-0.490743,-0.358469,"Citi Velocity, exported by Charlie",estr_eonia_1y5y_citi_2026-10-05.xlsx
2021-03-08,-0.575215,-0.436799,-0.490674,-0.352138,"Citi Velocity, exported by Charlie",estr_eonia_1y5y_citi_2026-10-05.xlsx
2021-03-09,-0.573178,-0.442199,-0.488634,-0.357543,"Citi Velocity, exported by Charlie",estr_eonia_1y5y_citi_2026-10-05.xlsx
2021-03-10,-0.573792,-0.449173,-0.489252,-0.364523,"Citi Velocity, exported by Charlie",estr_eonia_1y5y_citi_2026-10-05.xlsx
2021-03-11,-0.572256,-0.457638,-0.487712,-0.372995,"Citi Velocity, exported by Charlie",estr_eonia_1y5y_citi_2026-10-05.xlsx
2021-03-12,-0.571811,-0.444645,-0.487264,-0.359991,"Citi Velocity, exported by Charlie",estr_eonia_1y5y_citi_2026-10-05.xlsx
2021-03-15,-0.573980,-0.471643,-0.489935,-0.387012,"Citi Velocity, exported by Charlie",estr_eonia_1y5y_citi_2026-10-05.xlsx
2021-03-16,-0.573780,-0.478413,-0.490232,-0.393788,"Citi Velocity, exported by Charlie",estr_eonia_1y5y_citi_2026-10-05.xlsx
2021-03-17,-0.571337,-0.452374,-0.487790,-0.367727,"Citi Velocity, exported by Charlie",estr_eonia_1y5y_citi_2026-10-05.xlsx
2021-03-18,-0.569650,-0.440508,-0.486099,-0.355851,"Citi Velocity, exported by Charlie",estr_eonia_1y5y_citi_2026-10-05.xlsx
2021-03-19,-0.573036,-0.458009,-0.489484,-0.373366,"Citi Velocity, exported by Charlie",estr_eonia_1y5y_citi_2026-10-05.xlsx
2021-03-22,-0.574044,-0.465154,-0.490497,-0.380518,"Citi Velocity, exported by Charlie",estr_eonia_1y5y_citi_2026-10-05.xlsx
2021-03-23,-0.573958,-0.476864,-0.490411,-0.392237,"Citi Velocity, exported by Charlie",estr_eonia_1y5y_citi_2026-10-05.xlsx
2021-03-24,-0.574683,-0.483613,-0.491138,-0.398992,"Citi Velocity, exported by Charlie",estr_eonia_1y5y_citi_2026-10-05.xlsx
2021-03-25,-0.577107,-0.502197,-0.493562,-0.417592,"Citi Velocity, exported by Charlie",estr_eonia_1y5y_citi_2026-10-05.xlsx
2021-03-26,-0.579832,-0.486094,-0.496287,-0.401475,"Citi Velocity, exported by Charlie",estr_eonia_1y5y_citi_2026-10-05.xlsx
2021-03-29,-0.580914,-0.470456,-0.496377,-0.385824,"Citi Velocity, exported by Charlie",estr_eonia_1y5y_citi_2026-10-05.xlsx
2021-03-30,-0.576728,-0.445626,-0.492187,-0.360973,"Citi Velocity, exported by Charlie",estr_eonia_1y5y_citi_2026-10-05.xlsx
2021-03-31,-0.578065,-0.452031,-0.493525,-0.367384,"Citi Velocity, exported by Charlie",estr_eonia_1y5y_citi_2026-10-05.xlsx
2021-04-01,-0.580508,-0.468968,-0.495966,-0.384335,"Citi Velocity, exported by Charlie",estr_eonia_1y5y_citi_2026-10-05.xlsx
2021-04-02,-0.581324,-0.468969,-0.496787,-0.384336,"Citi Velocity, exported by Charlie",estr_eonia_1y5y_citi_2026-10-05.xlsx
2021-04-05,-0.581324,-0.468969,-0.496787,-0.384336,"Citi Velocity, exported by Charlie",estr_eonia_1y5y_citi_2026-10-05.xlsx
2021-04-06,-0.580089,-0.467484,-0.495551,-0.382850,"Citi Velocity, exported by Charlie",estr_eonia_1y5y_citi_2026-10-05.xlsx
2021-04-07,-0.581062,-0.473438,-0.496528,-0.388809,"Citi Velocity, exported by Charlie",estr_eonia_1y5y_citi_2026-10-05.xlsx
2021-04-08,-0.583971,-0.481743,-0.499437,-0.397121,"Citi Velocity, exported by Charlie",estr_eonia_1y5y_citi_2026-10-05.xlsx
2021-04-09,-0.581421,-0.456936,-0.496882,-0.372293,"Citi Velocity, exported by Charlie",estr_eonia_1y5y_citi_2026-10-05.xlsx
2021-04-12,-0.579448,-0.453587,-0.494910,-0.368941,"Citi Velocity, exported by Charlie",estr_eonia_1y5y_citi_2026-10-05.xlsx
2021-04-13,-0.579974,-0.452926,-0.495441,-0.368279,"Citi Velocity, exported by Charlie",estr_eonia_1y5y_citi_2026-10-05.xlsx
2021-04-14,-0.576456,-0.432946,-0.491919,-0.348282,"Citi Velocity, exported by Charlie",estr_eonia_1y5y_citi_2026-10-05.xlsx
2021-04-15,-0.578485,-0.453367,-0.493946,-0.368721,"Citi Velocity, exported by Charlie",estr_eonia_1y5y_citi_2026-10-05.xlsx
2021-04-16,-0.575718,-0.439776,-0.491174,-0.355118,"Citi Velocity, exported by Charlie",estr_eonia_1y5y_citi_2026-10-05.xlsx
2021-04-19,-0.574054,-0.423050,-0.489511,-0.338378,"Citi Velocity, exported by Charlie",estr_eonia_1y5y_citi_2026-10-05.xlsx
2021-04-20,-0.573560,-0.430847,-0.489017,-0.346181,"Citi Velocity, exported by Charlie",estr_eonia_1y5y_citi_2026-10-05.xlsx
2021-04-21,-0.575329,-0.437694,-0.490789,-0.353034,"Citi Velocity, exported by Charlie",estr_eonia_1y5y_citi_2026-10-05.xlsx
2021-04-22,-0.576705,-0.433262,-0.492165,-0.348598,"Citi Velocity, exported by Charlie",estr_eonia_1y5y_citi_2026-10-05.xlsx
2021-04-23,-0.575622,-0.431803,-0.491077,-0.347138,"Citi Velocity, exported by Charlie",estr_eonia_1y5y_citi_2026-10-05.xlsx
2021-04-26,-0.575837,-0.426301,-0.491259,-0.341631,"Citi Velocity, exported by Charlie",estr_eonia_1y5y_citi_2026-10-05.xlsx
2021-04-27,-0.575243,-0.421811,-0.490665,-0.337137,"Citi Velocity, exported by Charlie",estr_eonia_1y5y_citi_2026-10-05.xlsx
2021-04-28,-0.574370,-0.410328,-0.489790,-0.325645,"Citi Velocity, exported by Charlie",estr_eonia_1y5y_citi_2026-10-05.xlsx
2021-04-29,-0.573507,-0.389192,-0.488927,-0.304491,"Citi Velocity, exported by Charlie",estr_eonia_1y5y_citi_2026-10-05.xlsx
2021-04-30,-0.574998,-0.400021,-0.490420,-0.315329,"Citi Velocity, exported by Charlie",estr_eonia_1y5y_citi_2026-10-05.xlsx
2021-05-03,-0.577016,-0.403262,-0.492439,-0.318573,"Citi Velocity, exported by Charlie",estr_eonia_1y5y_citi_2026-10-05.xlsx
2021-05-04,-0.579318,-0.427320,-0.494744,-0.342651,"Citi Velocity, exported by Charlie",estr_eonia_1y5y_citi_2026-10-05.xlsx
2021-05-05,-0.576976,-0.425871,-0.492402,-0.341201,"Citi Velocity, exported by Charlie",estr_eonia_1y5y_citi_2026-10-05.xlsx
2021-05-06,-0.577539,-0.430747,-0.492963,-0.346081,"Citi Velocity, exported by Charlie",estr_eonia_1y5y_citi_2026-10-05.xlsx
2021-05-07,-0.575887,-0.420588,-0.491309,-0.335914,"Citi Velocity, exported by Charlie",estr_eonia_1y5y_citi_2026-10-05.xlsx
2021-05-10,-0.574937,-0.418478,-0.490358,-0.333801,"Citi Velocity, exported by Charlie",estr_eonia_1y5y_citi_2026-10-05.xlsx
2021-05-11,-0.571944,-0.387373,-0.487363,-0.302670,"Citi Velocity, exported by Charlie",estr_eonia_1y5y_citi_2026-10-05.xlsx
2021-05-12,-0.571151,-0.368717,-0.486572,-0.283998,"Citi Velocity, exported by Charlie",estr_eonia_1y5y_citi_2026-10-05.xlsx
2021-05-13,-0.571531,-0.365127,-0.486950,-0.280405,"Citi Velocity, exported by Charlie",estr_eonia_1y5y_citi_2026-10-05.xlsx
2021-05-14,-0.572682,-0.370927,-0.488101,-0.286210,"Citi Velocity, exported by Charlie",estr_eonia_1y5y_citi_2026-10-05.xlsx
2021-05-17,-0.569724,-0.368881,-0.485142,-0.284162,"Citi Velocity, exported by Charlie",estr_eonia_1y5y_citi_2026-10-05.xlsx
2021-05-18,-0.571573,-0.358844,-0.486991,-0.274116,"Citi Velocity, exported by Charlie",estr_eonia_1y5y_citi_2026-10-05.xlsx
2021-05-19,-0.567868,-0.358698,-0.483286,-0.273971,"Citi Velocity, exported by Charlie",estr_eonia_1y5y_citi_2026-10-05.xlsx
2021-05-20,-0.566482,-0.350888,-0.481897,-0.266154,"Citi Velocity, exported by Charlie",estr_eonia_1y5y_citi_2026-10-05.xlsx
2021-05-21,-0.567386,-0.369972,-0.482801,-0.285254,"Citi Velocity, exported by Charlie",estr_eonia_1y5y_citi_2026-10-05.xlsx
2021-05-24,-0.566877,-0.376825,-0.482292,-0.292113,"Citi Velocity, exported by Charlie",estr_eonia_1y5y_citi_2026-10-05.xlsx
2021-05-25,-0.568122,-0.390898,-0.483538,-0.306198,"Citi Velocity, exported by Charlie",estr_eonia_1y5y_citi_2026-10-05.xlsx
2021-05-26,-0.568429,-0.412099,-0.483847,-0.327417,"Citi Velocity, exported by Charlie",estr_eonia_1y5y_citi_2026-10-05.xlsx
2021-05-27,-0.566430,-0.389361,-0.481844,-0.304659,"Citi Velocity, exported by Charlie",estr_eonia_1y5y_citi_2026-10-05.xlsx
2021-05-28,-0.567170,-0.397386,-0.482585,-0.312692,"Citi Velocity, exported by Charlie",estr_eonia_1y5y_citi_2026-10-05.xlsx
2021-05-31,-0.568630,-0.398601,-0.484046,-0.313907,"Citi Velocity, exported by Charlie",estr_eonia_1y5y_citi_2026-10-05.xlsx
2021-06-01,-0.567930,-0.397453,-0.483346,-0.312759,"Citi Velocity, exported by Charlie",estr_eonia_1y5y_citi_2026-10-05.xlsx
2021-06-02,-0.569788,-0.411685,-0.485208,-0.327003,"Citi Velocity, exported by Charlie",estr_eonia_1y5y_citi_2026-10-05.xlsx
2021-06-03,-0.568358,-0.400012,-0.483773,-0.315319,"Citi Velocity, exported by Charlie",estr_eonia_1y5y_citi_2026-10-05.xlsx
2021-06-04,-0.568825,-0.407349,-0.484241,-0.322663,"Citi Velocity, exported by Charlie",estr_eonia_1y5y_citi_2026-10-05.xlsx
2021-06-07,-0.566071,-0.401678,-0.481485,-0.316987,"Citi Velocity, exported by Charlie",estr_eonia_1y5y_citi_2026-10-05.xlsx
2021-06-08,-0.565822,-0.409706,-0.481236,-0.325022,"Citi Velocity, exported by Charlie",estr_eonia_1y5y_citi_2026-10-05.xlsx
2021-06-09,-0.567949,-0.427417,-0.483366,-0.342748,"Citi Velocity, exported by Charlie",estr_eonia_1y5y_citi_2026-10-05.xlsx
2021-06-10,-0.568949,-0.426435,-0.484365,-0.341765,"Citi Velocity, exported by Charlie",estr_eonia_1y5y_citi_2026-10-05.xlsx
2021-06-11,-0.569909,-0.428823,-0.485326,-0.344156,"Citi Velocity, exported by Charlie",estr_eonia_1y5y_citi_2026-10-05.xlsx
2021-06-14,-0.568310,-0.422142,-0.483726,-0.337468,"Citi Velocity, exported by Charlie",estr_eonia_1y5y_citi_2026-10-05.xlsx
2021-06-15,-0.567547,-0.408358,-0.482962,-0.323673,"Citi Velocity, exported by Charlie",estr_eonia_1y5y_citi_2026-10-05.xlsx
2021-06-16,-0.567039,-0.413675,-0.482456,-0.328994,"Citi Velocity, exported by Charlie",estr_eonia_1y5y_citi_2026-10-05.xlsx
2021-06-17,-0.565889,-0.401008,-0.481303,-0.316316,"Citi Velocity, exported by Charlie",estr_eonia_1y5y_citi_2026-10-05.xlsx
2021-06-18,-0.562789,-0.390353,-0.478200,-0.305652,"Citi Velocity, exported by Charlie",estr_eonia_1y5y_citi_2026-10-05.xlsx
2021-06-21,-0.559870,-0.375292,-0.475279,-0.290579,"Citi Velocity, exported by Charlie",estr_eonia_1y5y_citi_2026-10-05.xlsx
2021-06-22,-0.558250,-0.374581,-0.473658,-0.289867,"Citi Velocity, exported by Charlie",estr_eonia_1y5y_citi_2026-10-05.xlsx
2021-06-23,-0.560272,-0.383876,-0.475683,-0.299170,"Citi Velocity, exported by Charlie",estr_eonia_1y5y_citi_2026-10-05.xlsx
2021-06-24,-0.559595,-0.380648,-0.475003,-0.295940,"Citi Velocity, exported by Charlie",estr_eonia_1y5y_citi_2026-10-05.xlsx
2021-06-25,-0.559630,-0.360063,-0.475039,-0.275336,"Citi Velocity, exported by Charlie",estr_eonia_1y5y_citi_2026-10-05.xlsx
2021-06-28,-0.561440,-0.377367,-0.476850,-0.292655,"Citi Velocity, exported by Charlie",estr_eonia_1y5y_citi_2026-10-05.xlsx
2021-06-29,-0.561359,-0.370130,-0.476769,-0.285412,"Citi Velocity, exported by Charlie",estr_eonia_1y5y_citi_2026-10-05.xlsx
2021-06-30,-0.563873,-0.389055,-0.479288,-0.304353,"Citi Velocity, exported by Charlie",estr_eonia_1y5y_citi_2026-10-05.xlsx
2021-07-01,-0.565510,-0.387633,-0.480923,-0.302930,"Citi Velocity, exported by Charlie",estr_eonia_1y5y_citi_2026-10-05.xlsx
2021-07-02,-0.566558,-0.405191,-0.481972,-0.320503,"Citi Velocity, exported by Charlie",estr_eonia_1y5y_citi_2026-10-05.xlsx
2021-07-05,-0.565013,-0.389566,-0.480426,-0.304864,"Citi Velocity, exported by Charlie",estr_eonia_1y5y_citi_2026-10-05.xlsx
2021-07-06,-0.566174,-0.424077,-0.481588,-0.339406,"Citi Velocity, exported by Charlie",estr_eonia_1y5y_citi_2026-10-05.xlsx
2021-07-07,-0.565783,-0.437933,-0.481199,-0.353273,"Citi Velocity, exported by Charlie",estr_eonia_1y5y_citi_2026-10-05.xlsx
2021-07-08,-0.566177,-0.447285,-0.481591,-0.362634,"Citi Velocity, exported by Charlie",estr_eonia_1y5y_citi_2026-10-05.xlsx
2021-07-09,-0.565640,-0.430621,-0.481054,-0.345955,"Citi Velocity, exported by Charlie",estr_eonia_1y5y_citi_2026-10-05.xlsx
2021-07-12,-0.565706,-0.433732,-0.481119,-0.349069,"Citi Velocity, exported by Charlie",estr_eonia_1y5y_citi_2026-10-05.xlsx
2021-07-13,-0.564142,-0.434004,-0.479554,-0.349341,"Citi Velocity, exported by Charlie",estr_eonia_1y5y_citi_2026-10-05.xlsx
2021-07-14,-0.562794,-0.439589,-0.478208,-0.354931,"Citi Velocity, exported by Charlie",estr_eonia_1y5y_citi_2026-10-05.xlsx
2021-07-15,-0.562962,-0.444176,-0.478373,-0.359522,"Citi Velocity, exported by Charlie",estr_eonia_1y5y_citi_2026-10-05.xlsx
2021-07-16,-0.562910,-0.451761,-0.478321,-0.367113,"Citi Velocity, exported by Charlie",estr_eonia_1y5y_citi_2026-10-05.xlsx
2021-07-19,-0.563903,-0.469938,-0.479315,-0.385306,"Citi Velocity, exported by Charlie",estr_eonia_1y5y_citi_2026-10-05.xlsx
2021-07-20,-0.565021,-0.492322,-0.480434,-0.407709,"Citi Velocity, exported by Charlie",estr_eonia_1y5y_citi_2026-10-05.xlsx
2021-07-21,-0.566621,-0.473464,-0.482038,-0.388835,"Citi Velocity, exported by Charlie",estr_eonia_1y5y_citi_2026-10-05.xlsx
2021-07-22,-0.571285,-0.488267,-0.486703,-0.403650,"Citi Velocity, exported by Charlie",estr_eonia_1y5y_citi_2026-10-05.xlsx
2021-07-23,-0.573138,-0.484763,-0.488557,-0.400144,"Citi Velocity, exported by Charlie",estr_eonia_1y5y_citi_2026-10-05.xlsx
2021-07-26,-0.573872,-0.484780,-0.489292,-0.400160,"Citi Velocity, exported by Charlie",estr_eonia_1y5y_citi_2026-10-05.xlsx
2021-07-27,-0.575035,-0.493646,-0.490457,-0.409034,"Citi Velocity, exported by Charlie",estr_eonia_1y5y_citi_2026-10-05.xlsx
2021-07-28,-0.574422,-0.492185,-0.489841,-0.407572,"Citi Velocity, exported by Charlie",estr_eonia_1y5y_citi_2026-10-05.xlsx
2021-07-29,-0.574086,-0.492266,-0.489507,-0.407653,"Citi Velocity, exported by Charlie",estr_eonia_1y5y_citi_2026-10-05.xlsx
2021-07-30,-0.574582,-0.494724,-0.490003,-0.410113,"Citi Velocity, exported by Charlie",estr_eonia_1y5y_citi_2026-10-05.xlsx
2021-08-02,-0.577939,-0.511923,-0.493363,-0.427327,"Citi Velocity, exported by Charlie",estr_eonia_1y5y_citi_2026-10-05.xlsx
2021-08-03,-0.578950,-0.515773,-0.494374,-0.431180,"Citi Velocity, exported by Charlie",estr_eonia_1y5y_citi_2026-10-05.xlsx
2021-08-04,-0.578653,-0.514293,-0.494080,-0.429699,"Citi Velocity, exported by Charlie",estr_eonia_1y5y_citi_2026-10-05.xlsx
2021-08-05,-0.577081,-0.515753,-0.492504,-0.431160,"Citi Velocity, exported by Charlie",estr_eonia_1y5y_citi_2026-10-05.xlsx
2021-08-06,-0.574987,-0.493142,-0.490408,-0.408530,"Citi Velocity, exported by Charlie",estr_eonia_1y5y_citi_2026-10-05.xlsx
2021-08-09,-0.574328,-0.496578,-0.489749,-0.411969,"Citi Velocity, exported by Charlie",estr_eonia_1y5y_citi_2026-10-05.xlsx
2021-08-10,-0.574646,-0.500008,-0.490067,-0.415402,"Citi Velocity, exported by Charlie",estr_eonia_1y5y_citi_2026-10-05.xlsx
2021-08-11,-0.575313,-0.502076,-0.490737,-0.417471,"Citi Velocity, exported by Charlie",estr_eonia_1y5y_citi_2026-10-05.xlsx
2021-08-12,-0.574736,-0.502816,-0.490157,-0.418212,"Citi Velocity, exported by Charlie",estr_eonia_1y5y_citi_2026-10-05.xlsx
2021-08-13,-0.573806,-0.504930,-0.489227,-0.420328,"Citi Velocity, exported by Charlie",estr_eonia_1y5y_citi_2026-10-05.xlsx
2021-08-16,-0.574890,-0.507234,-0.490312,-0.422633,"Citi Velocity, exported by Charlie",estr_eonia_1y5y_citi_2026-10-05.xlsx
2021-08-17,-0.575066,-0.504548,-0.490487,-0.419946,"Citi Velocity, exported by Charlie",estr_eonia_1y5y_citi_2026-10-05.xlsx
2021-08-18,-0.576882,-0.511386,-0.492307,-0.426790,"Citi Velocity, exported by Charlie",estr_eonia_1y5y_citi_2026-10-05.xlsx
2021-08-19,-0.579189,-0.514433,-0.494613,-0.429839,"Citi Velocity, exported by Charlie",estr_eonia_1y5y_citi_2026-10-05.xlsx
2021-08-20,-0.578720,-0.517279,-0.494144,-0.432688,"Citi Velocity, exported by Charlie",estr_eonia_1y5y_citi_2026-10-05.xlsx
2021-08-23,-0.579039,-0.511976,-0.494463,-0.427380,"Citi Velocity, exported by Charlie",estr_eonia_1y5y_citi_2026-10-05.xlsx
2021-08-24,-0.579352,-0.515806,-0.494777,-0.431213,"Citi Velocity, exported by Charlie",estr_eonia_1y5y_citi_2026-10-05.xlsx
2021-08-25,-0.578428,-0.491089,-0.493854,-0.406474,"Citi Velocity, exported by Charlie",estr_eonia_1y5y_citi_2026-10-05.xlsx
2021-08-26,-0.575479,-0.482116,-0.490901,-0.397494,"Citi Velocity, exported by Charlie",estr_eonia_1y5y_citi_2026-10-05.xlsx
2021-08-27,-0.574505,-0.483652,-0.489926,-0.399031,"Citi Velocity, exported by Charlie",estr_eonia_1y5y_citi_2026-10-05.xlsx
2021-08-30,-0.574698,-0.491408,-0.490119,-0.406794,"Citi Velocity, exported by Charlie",estr_eonia_1y5y_citi_2026-10-05.xlsx
2021-08-31,-0.572334,-0.467486,-0.487753,-0.382852,"Citi Velocity, exported by Charlie",estr_eonia_1y5y_citi_2026-10-05.xlsx
2021-09-01,-0.572658,-0.462860,-0.488080,-0.378222,"Citi Velocity, exported by Charlie",estr_eonia_1y5y_citi_2026-10-05.xlsx
2021-09-02,-0.574155,-0.471304,-0.489576,-0.386673,"Citi Velocity, exported by Charlie",estr_eonia_1y5y_citi_2026-10-05.xlsx
2021-09-03,-0.572927,-0.457616,-0.488347,-0.372974,"Citi Velocity, exported by Charlie",estr_eonia_1y5y_citi_2026-10-05.xlsx
2021-09-06,-0.572997,-0.457361,-0.488416,-0.372718,"Citi Velocity, exported by Charlie",estr_eonia_1y5y_citi_2026-10-05.xlsx
2021-09-07,-0.568772,-0.426680,-0.484188,-0.342011,"Citi Velocity, exported by Charlie",estr_eonia_1y5y_citi_2026-10-05.xlsx
2021-09-08,-0.568210,-0.427926,-0.483629,-0.343258,"Citi Velocity, exported by Charlie",estr_eonia_1y5y_citi_2026-10-05.xlsx
2021-09-09,-0.568118,-0.447529,-0.483533,-0.362877,"Citi Velocity, exported by Charlie",estr_eonia_1y5y_citi_2026-10-05.xlsx
2021-09-10,-0.565839,-0.424416,-0.481253,-0.339744,"Citi Velocity, exported by Charlie",estr_eonia_1y5y_citi_2026-10-05.xlsx
2021-09-13,-0.565516,-0.421762,-0.480929,-0.337088,"Citi Velocity, exported by Charlie",estr_eonia_1y5y_citi_2026-10-05.xlsx
2021-09-14,-0.564580,-0.429099,-0.479993,-0.344432,"Citi Velocity, exported by Charlie",estr_eonia_1y5y_citi_2026-10-05.xlsx
2021-09-15,-0.565666,-0.416967,-0.481082,-0.332290,"Citi Velocity, exported by Charlie",estr_eonia_1y5y_citi_2026-10-05.xlsx
2021-09-16,-0.565089,-0.406405,-0.480502,-0.321718,"Citi Velocity, exported by Charlie",estr_eonia_1y5y_citi_2026-10-05.xlsx
2021-09-17,-0.565788,-0.390177,-0.481201,-0.305476,"Citi Velocity, exported by Charlie",estr_eonia_1y5y_citi_2026-10-05.xlsx
2021-09-20,-0.566799,-0.404398,-0.482213,-0.319710,"Citi Velocity, exported by Charlie",estr_eonia_1y5y_citi_2026-10-05.xlsx
2021-09-21,-0.567072,-0.415968,-0.482487,-0.331290,"Citi Velocity, exported by Charlie",estr_eonia_1y5y_citi_2026-10-05.xlsx
2021-09-22,-0.564898,-0.415661,-0.480313,-0.330982,"Citi Velocity, exported by Charlie",estr_eonia_1y5y_citi_2026-10-05.xlsx
2021-09-23,-0.563980,-0.370474,-0.479392,-0.285756,"Citi Velocity, exported by Charlie",estr_eonia_1y5y_citi_2026-10-05.xlsx
2021-09-24,-0.563139,-0.357986,-0.478551,-0.273257,"Citi Velocity, exported by Charlie",estr_eonia_1y5y_citi_2026-10-05.xlsx
2021-09-27,-0.563960,-0.350872,-0.479372,-0.266138,"Citi Velocity, exported by Charlie",estr_eonia_1y5y_citi_2026-10-05.xlsx
2021-09-28,-0.561917,-0.340646,-0.477327,-0.255902,"Citi Velocity, exported by Charlie",estr_eonia_1y5y_citi_2026-10-05.xlsx
2021-09-29,-0.562471,-0.352468,-0.477884,-0.267735,"Citi Velocity, exported by Charlie",estr_eonia_1y5y_citi_2026-10-05.xlsx
2021-09-30,-0.560960,-0.343686,-0.476369,-0.258946,"Citi Velocity, exported by Charlie",estr_eonia_1y5y_citi_2026-10-05.xlsx
2021-10-01,-0.562378,-0.355377,-0.477788,-0.270647,"Citi Velocity, exported by Charlie",estr_eonia_1y5y_citi_2026-10-05.xlsx
2021-10-04,-0.563218,-0.357407,-0.478630,-0.272678,"Citi Velocity, exported by Charlie",estr_eonia_1y5y_citi_2026-10-05.xlsx
2021-10-05,-0.562750,-0.336559,-0.478161,-0.251812,"Citi Velocity, exported by Charlie",estr_eonia_1y5y_citi_2026-10-05.xlsx
2021-10-06,-0.557222,-0.331553,-0.472630,-0.246802,"Citi Velocity, exported by Charlie",estr_eonia_1y5y_citi_2026-10-05.xlsx
2021-10-07,-0.556065,-0.329346,-0.471470,-0.244593,"Citi Velocity, exported by Charlie",estr_eonia_1y5y_citi_2026-10-05.xlsx
2021-10-08,-0.551591,-0.299633,-0.466993,-0.214854,"Citi Velocity, exported by Charlie",estr_eonia_1y5y_citi_2026-10-05.xlsx
2021-10-11,-0.550128,-0.266715,-0.465528,-0.181908,"Citi Velocity, exported by Charlie",estr_eonia_1y5y_citi_2026-10-05.xlsx
2021-10-12,-0.548346,-0.241583,-0.463745,-0.156755,"Citi Velocity, exported by Charlie",estr_eonia_1y5y_citi_2026-10-05.xlsx
2021-10-13,-0.551775,-0.253225,-0.467179,-0.168406,"Citi Velocity, exported by Charlie",estr_eonia_1y5y_citi_2026-10-05.xlsx
2021-10-14,-0.557530,-0.293786,-0.472936,-0.209003,"Citi Velocity, exported by Charlie",estr_eonia_1y5y_citi_2026-10-05.xlsx
2021-10-15,-0.558055,-0.290165,-0.473461,-0.205378,"Citi Velocity, exported by Charlie",estr_eonia_1y5y_citi_2026-10-05.xlsx
2021-10-18,-0.544582,-0.236399,-0.459978,-0.151566,"Citi Velocity, exported by Charlie",estr_eonia_1y5y_citi_2026-10-05.xlsx
2021-10-19,-0.545133,-0.224210,-0.460529,-0.139366,"Citi Velocity, exported by Charlie",estr_eonia_1y5y_citi_2026-10-05.xlsx
2021-10-20,-0.552991,-0.245481,-0.468396,-0.160656,"Citi Velocity, exported by Charlie",estr_eonia_1y5y_citi_2026-10-05.xlsx
2021-10-21,-0.545844,-0.202373,-0.461241,-0.117510,"Citi Velocity, exported by Charlie",estr_eonia_1y5y_citi_2026-10-05.xlsx
2021-10-22,-0.545437,-0.185777,-0.460833,-0.100900,"Citi Velocity, exported by Charlie",estr_eonia_1y5y_citi_2026-10-05.xlsx
2021-10-25,-0.553671,-0.212704,-0.469074,-0.127850,"Citi Velocity, exported by Charlie",estr_eonia_1y5y_citi_2026-10-05.xlsx
2021-10-26,-0.555192,-0.209447,-0.470596,-0.124591,"Citi Velocity, exported by Charlie",estr_eonia_1y5y_citi_2026-10-05.xlsx
2021-10-27,-0.546346,-0.242701,-0.461745,-0.157873,"Citi Velocity, exported by Charlie",estr_eonia_1y5y_citi_2026-10-05.xlsx
2021-10-28,-0.526940,-0.217145,-0.442320,-0.132295,"Citi Velocity, exported by Charlie",estr_eonia_1y5y_citi_2026-10-05.xlsx
2021-10-29,-0.516159,-0.133671,-0.431530,-0.048749,"Citi Velocity, exported by Charlie",estr_eonia_1y5y_citi_2026-10-05.xlsx
2021-11-01,-0.525491,-0.151399,-0.440870,-0.066493,"Citi Velocity, exported by Charlie",estr_eonia_1y5y_citi_2026-10-05.xlsx
2021-11-02,-0.545773,-0.239318,-0.461170,-0.154488,"Citi Velocity, exported by Charlie",estr_eonia_1y5y_citi_2026-10-05.xlsx
2021-11-03,-0.535710,-0.229973,-0.451100,-0.145135,"Citi Velocity, exported by Charlie",estr_eonia_1y5y_citi_2026-10-05.xlsx
2021-11-04,-0.540420,-0.294140,-0.455812,-0.209356,"Citi Velocity, exported by Charlie",estr_eonia_1y5y_citi_2026-10-05.xlsx
2021-11-05,-0.542580,-0.313512,-0.457974,-0.228746,"Citi Velocity, exported by Charlie",estr_eonia_1y5y_citi_2026-10-05.xlsx
2021-11-08,-0.541227,-0.291518,-0.456620,-0.206732,"Citi Velocity, exported by Charlie",estr_eonia_1y5y_citi_2026-10-05.xlsx
2021-11-09,-0.540657,-0.303159,-0.456049,-0.218383,"Citi Velocity, exported by Charlie",estr_eonia_1y5y_citi_2026-10-05.xlsx
2021-11-10,-0.533930,-0.242683,-0.449318,-0.157856,"Citi Velocity, exported by Charlie",estr_eonia_1y5y_citi_2026-10-05.xlsx
2021-11-11,-0.532280,-0.208984,-0.447665,-0.124127,"Citi Velocity, exported by Charlie",estr_eonia_1y5y_citi_2026-10-05.xlsx
2021-11-12,-0.542979,-0.245695,-0.458373,-0.160870,"Citi Velocity, exported by Charlie",estr_eonia_1y5y_citi_2026-10-05.xlsx
2021-11-15,-0.545831,-0.247888,-0.461227,-0.163064,"Citi Velocity, exported by Charlie",estr_eonia_1y5y_citi_2026-10-05.xlsx
2021-11-16,-0.547381,-0.254550,-0.462779,-0.169733,"Citi Velocity, exported by Charlie",estr_eonia_1y5y_citi_2026-10-05.xlsx
2021-11-17,-0.551437,-0.262798,-0.466841,-0.177987,"Citi Velocity, exported by Charlie",estr_eonia_1y5y_citi_2026-10-05.xlsx
2021-11-18,-0.554566,-0.272552,-0.469969,-0.187750,"Citi Velocity, exported by Charlie",estr_eonia_1y5y_citi_2026-10-05.xlsx
2021-11-19,-0.557674,-0.320813,-0.473081,-0.236052,"Citi Velocity, exported by Charlie",estr_eonia_1y5y_citi_2026-10-05.xlsx
2021-11-22,-0.550054,-0.292448,-0.465454,-0.207663,"Citi Velocity, exported by Charlie",estr_eonia_1y5y_citi_2026-10-05.xlsx
2021-11-23,-0.546097,-0.241519,-0.461493,-0.156690,"Citi Velocity, exported by Charlie",estr_eonia_1y5y_citi_2026-10-05.xlsx
2021-11-24,-0.550089,-0.244518,-0.465492,-0.159692,"Citi Velocity, exported by Charlie",estr_eonia_1y5y_citi_2026-10-05.xlsx
2021-11-25,-0.552348,-0.258678,-0.467749,-0.173864,"Citi Velocity, exported by Charlie",estr_eonia_1y5y_citi_2026-10-05.xlsx
2021-11-26,-0.565847,-0.336636,-0.481260,-0.251889,"Citi Velocity, exported by Charlie",estr_eonia_1y5y_citi_2026-10-05.xlsx
2021-11-29,-0.566447,-0.309844,-0.481861,-0.225074,"Citi Velocity, exported by Charlie",estr_eonia_1y5y_citi_2026-10-05.xlsx
2021-11-30,-0.560186,-0.306457,-0.475595,-0.221684,"Citi Velocity, exported by Charlie",estr_eonia_1y5y_citi_2026-10-05.xlsx
2021-12-01,-0.556210,-0.287153,-0.471618,-0.202364,"Citi Velocity, exported by Charlie",estr_eonia_1y5y_citi_2026-10-05.xlsx
2021-12-02,-0.559854,-0.320280,-0.475262,-0.235519,"Citi Velocity, exported by Charlie",estr_eonia_1y5y_citi_2026-10-05.xlsx
2021-12-03,-0.556304,-0.308228,-0.471709,-0.223457,"Citi Velocity, exported by Charlie",estr_eonia_1y5y_citi_2026-10-05.xlsx
2021-12-06,-0.553590,-0.315870,-0.468993,-0.231105,"Citi Velocity, exported by Charlie",estr_eonia_1y5y_citi_2026-10-05.xlsx
2021-12-07,-0.550594,-0.301456,-0.465994,-0.216679,"Citi Velocity, exported by Charlie",estr_eonia_1y5y_citi_2026-10-05.xlsx
2021-12-08,-0.549038,-0.262264,-0.464439,-0.177454,"Citi Velocity, exported by Charlie",estr_eonia_1y5y_citi_2026-10-05.xlsx
2021-12-09,-0.546734,-0.298235,-0.462131,-0.213455,"Citi Velocity, exported by Charlie",estr_eonia_1y5y_citi_2026-10-05.xlsx
2021-12-10,-0.550618,-0.298980,-0.466018,-0.214201,"Citi Velocity, exported by Charlie",estr_eonia_1y5y_citi_2026-10-05.xlsx
2021-12-13,-0.554864,-0.315222,-0.470268,-0.230456,"Citi Velocity, exported by Charlie",estr_eonia_1y5y_citi_2026-10-05.xlsx
2021-12-14,-0.551173,-0.306171,-0.466573,-0.221398,"Citi Velocity, exported by Charlie",estr_eonia_1y5y_citi_2026-10-05.xlsx
2021-12-15,-0.548719,-0.290229,-0.464119,-0.205442,"Citi Velocity, exported by Charlie",estr_eonia_1y5y_citi_2026-10-05.xlsx
2021-12-16,-0.558323,-0.289809,-0.473730,-0.205022,"Citi Velocity, exported by Charlie",estr_eonia_1y5y_citi_2026-10-05.xlsx
2021-12-17,-0.563904,-0.310740,-0.479315,-0.225971,"Citi Velocity, exported by Charlie",estr_eonia_1y5y_citi_2026-10-05.xlsx
2021-12-20,-0.564283,-0.312672,-0.479695,-0.227904,"Citi Velocity, exported by Charlie",estr_eonia_1y5y_citi_2026-10-05.xlsx
2021-12-21,-0.556120,-0.266600,-0.471525,-0.181793,"Citi Velocity, exported by Charlie",estr_eonia_1y5y_citi_2026-10-05.xlsx
2021-12-22,-0.551888,-0.253155,-0.467293,-0.168337,"Citi Velocity, exported by Charlie",estr_eonia_1y5y_citi_2026-10-05.xlsx
2021-12-23,-0.546431,-0.204704,-0.461828,-0.119843,"Citi Velocity, exported by Charlie",estr_eonia_1y5y_citi_2026-10-05.xlsx
2021-12-24,-0.546829,-0.204703,-0.462226,-0.119843,"Citi Velocity, exported by Charlie",estr_eonia_1y5y_citi_2026-10-05.xlsx
2021-12-27,-0.544392,-0.202368,-0.459787,-0.117505,"Citi Velocity, exported by Charlie",estr_eonia_1y5y_citi_2026-10-05.xlsx
2021-12-28,-0.542949,-0.193261,-0.458342,-0.108391,"Citi Velocity, exported by Charlie",estr_eonia_1y5y_citi_2026-10-05.xlsx
2021-12-29,-0.540687,-0.166264,-0.386412,-0.081370,"Citi Velocity, exported by Charlie",estr_eonia_1y5y_citi_2026-10-05.xlsx
2021-12-30,-0.542695,-0.167554,-0.458125,-0.082662,"Citi Velocity, exported by Charlie",estr_eonia_1y5y_citi_2026-10-05.xlsx
2021-12-31,-0.540222,-0.167541,-0.455613,-0.082649,"Citi Velocity, exported by Charlie",estr_eonia_1y5y_citi_2026-10-05.xlsx
2022-01-03,-0.538461,-0.149164,-0.453851,-0.064255,"Citi Velocity, exported by Charlie",estr_eonia_1y5y_citi_2026-10-05.xlsx
2022-01-04,-0.540707,-0.157354,-0.456098,-0.072453,"Citi Velocity, exported by Charlie",estr_eonia_1y5y_citi_2026-10-05.xlsx
2022-01-05,-0.543295,-0.158482,-0.458691,-0.073582,"Citi Velocity, exported by Charlie",estr_eonia_1y5y_citi_2026-10-05.xlsx
2022-01-06,-0.540124,-0.123421,-0.455514,-0.038490,"Citi Velocity, exported by Charlie",estr_eonia_1y5y_citi_2026-10-05.xlsx
2022-01-07,-0.537970,-0.104534,-0.453359,-0.019587,"Citi Velocity, exported by Charlie",estr_eonia_1y5y_citi_2026-10-05.xlsx
2022-01-10,-0.536190,-0.100940,-0.451577,-0.015990,"Citi Velocity, exported by Charlie",estr_eonia_1y5y_citi_2026-10-05.xlsx
2022-01-11,-0.528999,-0.080330,-0.444380,0.004638,"Citi Velocity, exported by Charlie",estr_eonia_1y5y_citi_2026-10-05.xlsx
2022-01-12,-0.527834,-0.103622,-0.443216,-0.018675,"Citi Velocity, exported by Charlie",estr_eonia_1y5y_citi_2026-10-05.xlsx
2022-01-13,-0.527391,-0.115365,-0.442771,-0.030428,"Citi Velocity, exported by Charlie",estr_eonia_1y5y_citi_2026-10-05.xlsx
2022-01-14,-0.523078,-0.076166,-0.438454,0.008805,"Citi Velocity, exported by Charlie",estr_eonia_1y5y_citi_2026-10-05.xlsx
2022-01-17,-0.514557,-0.053318,-0.429926,0.031673,"Citi Velocity, exported by Charlie",estr_eonia_1y5y_citi_2026-10-05.xlsx
2022-01-18,-0.514237,-0.059018,-0.429605,0.025968,"Citi Velocity, exported by Charlie",estr_eonia_1y5y_citi_2026-10-05.xlsx
2022-01-19,-0.514198,-0.050338,-0.429569,0.034655,"Citi Velocity, exported by Charlie",estr_eonia_1y5y_citi_2026-10-05.xlsx
2022-01-20,-0.516826,-0.055729,-0.432197,0.029260,"Citi Velocity, exported by Charlie",estr_eonia_1y5y_citi_2026-10-05.xlsx
2022-01-21,-0.520612,-0.072695,-0.435986,0.012279,"Citi Velocity, exported by Charlie",estr_eonia_1y5y_citi_2026-10-05.xlsx
2022-01-24,-0.525244,-0.092681,-0.440622,-0.007724,"Citi Velocity, exported by Charlie",estr_eonia_1y5y_citi_2026-10-05.xlsx
2022-01-25,-0.521240,-0.079354,-0.436615,0.005614,"Citi Velocity, exported by Charlie",estr_eonia_1y5y_citi_2026-10-05.xlsx
2022-01-26,-0.516138,-0.068162,-0.431510,0.016816,"Citi Velocity, exported by Charlie",estr_eonia_1y5y_citi_2026-10-05.xlsx
2022-01-27,-0.510164,-0.033654,-0.425529,0.051354,"Citi Velocity, exported by Charlie",estr_eonia_1y5y_citi_2026-10-05.xlsx
2022-01-28,-0.502851,-0.015409,-0.418209,0.069614,"Citi Velocity, exported by Charlie",estr_eonia_1y5y_citi_2026-10-05.xlsx
2022-01-31,-0.476359,0.051983,-0.391695,0.137064,"Citi Velocity, exported by Charlie",estr_eonia_1y5y_citi_2026-10-05.xlsx
2022-02-01,-0.469030,0.066843,-0.384360,0.151937,"Citi Velocity, exported by Charlie",estr_eonia_1y5y_citi_2026-10-05.xlsx
2022-02-02,-0.466699,0.095830,-0.382029,0.180949,"Citi Velocity, exported by Charlie",estr_eonia_1y5y_citi_2026-10-05.xlsx
2022-02-03,-0.399962,0.224897,-0.315232,0.310127,"Citi Velocity, exported by Charlie",estr_eonia_1y5y_citi_2026-10-05.xlsx
2022-02-04,-0.374558,0.299191,-0.289806,0.384485,"Citi Velocity, exported by Charlie",estr_eonia_1y5y_citi_2026-10-05.xlsx
2022-02-07,-0.379262,0.336306,-0.294515,0.421632,"Citi Velocity, exported by Charlie",estr_eonia_1y5y_citi_2026-10-05.xlsx
2022-02-08,-0.384498,0.363836,-0.299755,0.449185,"Citi Velocity, exported by Charlie",estr_eonia_1y5y_citi_2026-10-05.xlsx
2022-02-09,-0.396364,0.329830,-0.311633,0.415150,"Citi Velocity, exported by Charlie",estr_eonia_1y5y_citi_2026-10-05.xlsx
2022-02-10,-0.366223,0.416577,-0.281464,0.501972,"Citi Velocity, exported by Charlie",estr_eonia_1y5y_citi_2026-10-05.xlsx
2022-02-11,-0.343894,0.436857,-0.259118,0.522270,"Citi Velocity, exported by Charlie",estr_eonia_1y5y_citi_2026-10-05.xlsx
2022-02-14,-0.357552,0.423716,-0.272786,0.509117,"Citi Velocity, exported by Charlie",estr_eonia_1y5y_citi_2026-10-05.xlsx
2022-02-15,-0.360126,0.412589,-0.275363,0.497981,"Citi Velocity, exported by Charlie",estr_eonia_1y5y_citi_2026-10-05.xlsx
2022-02-16,-0.382541,0.360660,-0.297798,0.446006,"Citi Velocity, exported by Charlie",estr_eonia_1y5y_citi_2026-10-05.xlsx
2022-02-17,-0.404102,0.324946,-0.319376,0.410262,"Citi Velocity, exported by Charlie",estr_eonia_1y5y_citi_2026-10-05.xlsx
2022-02-18,-0.408306,0.303518,-0.323583,0.388816,"Citi Velocity, exported by Charlie",estr_eonia_1y5y_citi_2026-10-05.xlsx
2022-02-21,-0.412519,0.306110,-0.327800,0.391410,"Citi Velocity, exported by Charlie",estr_eonia_1y5y_citi_2026-10-05.xlsx
2022-02-22,-0.403355,0.351279,-0.318628,0.436618,"Citi Velocity, exported by Charlie",estr_eonia_1y5y_citi_2026-10-05.xlsx
2022-02-23,-0.397277,0.370788,-0.312546,0.456143,"Citi Velocity, exported by Charlie",estr_eonia_1y5y_citi_2026-10-05.xlsx
2022-02-24,-0.426671,0.308505,-0.341964,0.393807,"Citi Velocity, exported by Charlie",estr_eonia_1y5y_citi_2026-10-05.xlsx
2022-02-25,-0.420629,0.356087,-0.335917,0.441430,"Citi Velocity, exported by Charlie",estr_eonia_1y5y_citi_2026-10-05.xlsx
2022-02-28,-0.459053,0.264072,-0.374374,0.349335,"Citi Velocity, exported by Charlie",estr_eonia_1y5y_citi_2026-10-05.xlsx
2022-03-01,-0.505498,0.090168,-0.420859,0.175282,"Citi Velocity, exported by Charlie",estr_eonia_1y5y_citi_2026-10-05.xlsx
2022-03-02,-0.458037,0.176055,-0.373359,0.261243,"Citi Velocity, exported by Charlie",estr_eonia_1y5y_citi_2026-10-05.xlsx
2022-03-03,-0.463440,0.173863,-0.378765,0.259049,"Citi Velocity, exported by Charlie",estr_eonia_1y5y_citi_2026-10-05.xlsx
2022-03-04,-0.482662,0.125571,-0.398003,0.210715,"Citi Velocity, exported by Charlie",estr_eonia_1y5y_citi_2026-10-05.xlsx
2022-03-07,-0.477982,0.150736,-0.393319,0.235902,"Citi Velocity, exported by Charlie",estr_eonia_1y5y_citi_2026-10-05.xlsx
2022-03-08,-0.455039,0.204944,-0.370356,0.290157,"Citi Velocity, exported by Charlie",estr_eonia_1y5y_citi_2026-10-05.xlsx
2022-03-09,-0.418243,0.263910,-0.333530,0.349173,"Citi Velocity, exported by Charlie",estr_eonia_1y5y_citi_2026-10-05.xlsx
2022-03-10,-0.378531,0.377559,-0.293781,0.462920,"Citi Velocity, exported by Charlie",estr_eonia_1y5y_citi_2026-10-05.xlsx
2022-03-11,-0.364622,0.441873,-0.279861,0.527289,"Citi Velocity, exported by Charlie",estr_eonia_1y5y_citi_2026-10-05.xlsx
2022-03-14,-0.350484,0.493352,-0.265748,0.578812,"Citi Velocity, exported by Charlie",estr_eonia_1y5y_citi_2026-10-05.xlsx
2022-03-15,-0.360604,0.446703,-0.275877,0.532124,"Citi Velocity, exported by Charlie",estr_eonia_1y5y_citi_2026-10-05.xlsx
2022-03-16,-0.347956,0.485057,-0.263219,0.570510,"Citi Velocity, exported by Charlie",estr_eonia_1y5y_citi_2026-10-05.xlsx
2022-03-17,-0.350728,0.473510,-0.265993,0.558955,"Citi Velocity, exported by Charlie",estr_eonia_1y5y_citi_2026-10-05.xlsx
2022-03-18,-0.342334,0.448894,-0.257588,0.534317,"Citi Velocity, exported by Charlie",estr_eonia_1y5y_citi_2026-10-05.xlsx
2022-03-21,-0.336767,0.501098,-0.252020,0.586565,"Citi Velocity, exported by Charlie",estr_eonia_1y5y_citi_2026-10-05.xlsx
2022-03-22,-0.314940,0.579168,-0.230174,0.664703,"Citi Velocity, exported by Charlie",estr_eonia_1y5y_citi_2026-10-05.xlsx
2022-03-23,-0.312412,0.554394,-0.227645,0.639907,"Citi Velocity, exported by Charlie",estr_eonia_1y5y_citi_2026-10-05.xlsx
2022-03-24,-0.297546,0.614745,-0.212765,0.700311,"Citi Velocity, exported by Charlie",estr_eonia_1y5y_citi_2026-10-05.xlsx
2022-03-25,-0.280391,0.661340,-0.195592,0.746946,"Citi Velocity, exported by Charlie",estr_eonia_1y5y_citi_2026-10-05.xlsx
2022-03-28,-0.250716,0.717310,-0.165894,0.802964,"Citi Velocity, exported by Charlie",estr_eonia_1y5y_citi_2026-10-05.xlsx
2022-03-29,-0.221031,0.794408,-0.131190,0.880128,"Citi Velocity, exported by Charlie",estr_eonia_1y5y_citi_2026-10-05.xlsx
2022-03-30,-0.193720,0.845801,-0.108850,0.931564,"Citi Velocity, exported by Charlie",estr_eonia_1y5y_citi_2026-10-05.xlsx
2022-03-31,-0.227513,0.734542,-0.142671,0.820211,"Citi Velocity, exported by Charlie",estr_eonia_1y5y_citi_2026-10-05.xlsx
2022-04-01,-0.226192,0.756270,-0.141347,0.841957,"Citi Velocity, exported by Charlie",estr_eonia_1y5y_citi_2026-10-05.xlsx
2022-04-04,-0.247017,0.725278,-0.162192,0.810938,"Citi Velocity, exported by Charlie",estr_eonia_1y5y_citi_2026-10-05.xlsx
2022-04-05,-0.218538,0.826795,-0.133690,0.912540,"Citi Velocity, exported by Charlie",estr_eonia_1y5y_citi_2026-10-05.xlsx
2022-04-06,-0.221923,0.832210,-0.137077,0.917961,"Citi Velocity, exported by Charlie",estr_eonia_1y5y_citi_2026-10-05.xlsx
2022-04-07,-0.200025,0.862929,-0.115159,0.948709,"Citi Velocity, exported by Charlie",estr_eonia_1y5y_citi_2026-10-05.xlsx
2022-04-08,-0.171005,0.917680,-0.086112,1.003510,"Citi Velocity, exported by Charlie",estr_eonia_1y5y_citi_2026-10-05.xlsx
2022-04-11,-0.138009,1.013290,-0.053090,1.099200,"Citi Velocity, exported by Charlie",estr_eonia_1y5y_citi_2026-10-05.xlsx
2022-04-12,-0.162835,0.976460,-0.077938,1.062340,"Citi Velocity, exported by Charlie",estr_eonia_1y5y_citi_2026-10-05.xlsx
2022-04-13,-0.146560,0.956542,-0.061649,1.042400,"Citi Velocity, exported by Charlie",estr_eonia_1y5y_citi_2026-10-05.xlsx
2022-04-14,-0.163592,1.002070,-0.078690,1.087970,"Citi Velocity, exported by Charlie",estr_eonia_1y5y_citi_2026-10-05.xlsx
2022-04-15,-0.152841,1.001260,-0.067935,1.087160,"Citi Velocity, exported by Charlie",estr_eonia_1y5y_citi_2026-10-05.xlsx
2022-04-18,-0.152841,1.001260,-0.067935,1.087160,"Citi Velocity, exported by Charlie",estr_eonia_1y5y_citi_2026-10-05.xlsx
2022-04-19,-0.163980,1.042710,-0.079084,1.128640,"Citi Velocity, exported by Charlie",estr_eonia_1y5y_citi_2026-10-05.xlsx
2022-04-20,-0.138424,1.003160,-0.053506,1.089060,"Citi Velocity, exported by Charlie",estr_eonia_1y5y_citi_2026-10-05.xlsx
2022-04-21,-0.057725,1.065550,0.027263,1.151510,"Citi Velocity, exported by Charlie",estr_eonia_1y5y_citi_2026-10-05.xlsx
2022-04-22,0.007481,1.132040,0.092528,1.218050,"Citi Velocity, exported by Charlie",estr_eonia_1y5y_citi_2026-10-05.xlsx
2022-04-25,-0.035825,1.009620,0.049182,1.095530,"Citi Velocity, exported by Charlie",estr_eonia_1y5y_citi_2026-10-05.xlsx
2022-04-26,-0.059945,0.961777,0.025042,1.047640,"Citi Velocity, exported by Charlie",estr_eonia_1y5y_citi_2026-10-05.xlsx
2022-04-27,-0.052173,0.962085,0.042823,1.047950,"Citi Velocity, exported by Charlie",estr_eonia_1y5y_citi_2026-10-05.xlsx
2022-04-28,0.014451,1.066160,0.099501,1.152110,"Citi Velocity, exported by Charlie",estr_eonia_1y5y_citi_2026-10-05.xlsx
2022-04-29,0.056573,1.112030,0.141662,1.198020,"Citi Velocity, exported by Charlie",estr_eonia_1y5y_citi_2026-10-05.xlsx
2022-05-02,0.050226,1.121780,0.135308,1.207780,"Citi Velocity, exported by Charlie",estr_eonia_1y5y_citi_2026-10-05.xlsx
2022-05-03,0.056908,1.124070,0.141995,1.210080,"Citi Velocity, exported by Charlie",estr_eonia_1y5y_citi_2026-10-05.xlsx
2022-05-04,0.064906,1.158020,0.150001,1.244050,"Citi Velocity, exported by Charlie",estr_eonia_1y5y_citi_2026-10-05.xlsx
2022-05-05,0.059496,1.168340,0.144585,1.254390,"Citi Velocity, exported by Charlie",estr_eonia_1y5y_citi_2026-10-05.xlsx
2022-05-06,0.119591,1.280240,0.204735,1.366380,"Citi Velocity, exported by Charlie",estr_eonia_1y5y_citi_2026-10-05.xlsx
2022-05-09,0.080113,1.212830,0.165220,1.298910,"Citi Velocity, exported by Charlie",estr_eonia_1y5y_citi_2026-10-05.xlsx
2022-05-10,0.066780,1.149040,0.151876,1.235060,"Citi Velocity, exported by Charlie",estr_eonia_1y5y_citi_2026-10-05.xlsx
2022-05-11,0.068889,1.137200,0.153987,1.223220,"Citi Velocity, exported by Charlie",estr_eonia_1y5y_citi_2026-10-05.xlsx
2022-05-12,0.012609,0.979244,0.097658,1.065120,"Citi Velocity, exported by Charlie",estr_eonia_1y5y_citi_2026-10-05.xlsx
2022-05-13,0.048028,1.020740,0.133110,1.106650,"Citi Velocity, exported by Charlie",estr_eonia_1y5y_citi_2026-10-05.xlsx
2022-05-16,0.094780,1.035500,0.179900,1.121420,"Citi Velocity, exported by Charlie",estr_eonia_1y5y_citi_2026-10-05.xlsx
2022-05-17,0.182949,1.138160,0.268145,1.224180,"Citi Velocity, exported by Charlie",estr_eonia_1y5y_citi_2026-10-05.xlsx
2022-05-18,0.203636,1.123900,0.288850,1.209900,"Citi Velocity, exported by Charlie",estr_eonia_1y5y_citi_2026-10-05.xlsx
2022-05-19,0.209041,1.106850,0.294259,1.192840,"Citi Velocity, exported by Charlie",estr_eonia_1y5y_citi_2026-10-05.xlsx
2022-05-20,0.209730,1.085700,0.294951,1.171670,"Citi Velocity, exported by Charlie",estr_eonia_1y5y_citi_2026-10-05.xlsx
2022-05-23,0.228306,1.128060,0.313541,1.214070,"Citi Velocity, exported by Charlie",estr_eonia_1y5y_citi_2026-10-05.xlsx
2022-05-24,0.226318,1.061790,0.311551,1.147740,"Citi Velocity, exported by Charlie",estr_eonia_1y5y_citi_2026-10-05.xlsx
2022-05-25,0.220693,1.066980,0.305922,1.152930,"Citi Velocity, exported by Charlie",estr_eonia_1y5y_citi_2026-10-05.xlsx
2022-05-26,0.222695,1.109880,0.307925,1.195870,"Citi Velocity, exported by Charlie",estr_eonia_1y5y_citi_2026-10-05.xlsx
2022-05-27,0.231954,1.096910,0.322211,1.182890,"Citi Velocity, exported by Charlie",estr_eonia_1y5y_citi_2026-10-05.xlsx
2022-05-30,0.279860,1.162390,0.365140,1.248430,"Citi Velocity, exported by Charlie",estr_eonia_1y5y_citi_2026-10-05.xlsx
2022-05-31,0.317194,1.244280,0.402505,1.330390,"Citi Velocity, exported by Charlie",estr_eonia_1y5y_citi_2026-10-05.xlsx
2022-06-01,0.350067,1.301980,0.435408,1.388130,"Citi Velocity, exported by Charlie",estr_eonia_1y5y_citi_2026-10-05.xlsx
2022-06-02,0.384165,1.383620,0.469534,1.469840,"Citi Velocity, exported by Charlie",estr_eonia_1y5y_citi_2026-10-05.xlsx
2022-06-03,0.429912,1.446670,0.515323,1.532950,"Citi Velocity, exported by Charlie",estr_eonia_1y5y_citi_2026-10-05.xlsx
2022-06-06,0.459218,1.479010,0.544651,1.565320,"Citi Velocity, exported by Charlie",estr_eonia_1y5y_citi_2026-10-05.xlsx
2022-06-07,0.460370,1.440930,0.545805,1.527210,"Citi Velocity, exported by Charlie",estr_eonia_1y5y_citi_2026-10-05.xlsx
2022-06-08,0.511750,1.500490,0.597232,1.586810,"Citi Velocity, exported by Charlie",estr_eonia_1y5y_citi_2026-10-05.xlsx
2022-06-09,0.595292,1.603620,0.680843,1.690040,"Citi Velocity, exported by Charlie",estr_eonia_1y5y_citi_2026-10-05.xlsx
2022-06-10,0.702550,1.721840,0.788196,1.808360,"Citi Velocity, exported by Charlie",estr_eonia_1y5y_citi_2026-10-05.xlsx
2022-06-13,0.800375,1.932210,0.879041,2.018910,"Citi Velocity, exported by Charlie",estr_eonia_1y5y_citi_2026-10-05.xlsx
2022-06-14,0.907919,2.031230,0.987680,2.118010,"Citi Velocity, exported by Charlie",estr_eonia_1y5y_citi_2026-10-05.xlsx
2022-06-15,0.835021,1.895710,0.908671,1.982370,"Citi Velocity, exported by Charlie",estr_eonia_1y5y_citi_2026-10-05.xlsx
2022-06-16,0.886985,1.967430,0.972787,2.054170,"Citi Velocity, exported by Charlie",estr_eonia_1y5y_citi_2026-10-05.xlsx
2022-06-17,0.834679,1.912940,0.920439,1.999620,"Citi Velocity, exported by Charlie",estr_eonia_1y5y_citi_2026-10-05.xlsx
2022-06-20,0.855920,1.978430,0.941696,2.065170,"Citi Velocity, exported by Charlie",estr_eonia_1y5y_citi_2026-10-05.xlsx
2022-06-21,0.861898,1.993830,0.947679,2.080580,"Citi Velocity, exported by Charlie",estr_eonia_1y5y_citi_2026-10-05.xlsx
2022-06-22,0.826841,1.872970,0.912596,1.959620,"Citi Velocity, exported by Charlie",estr_eonia_1y5y_citi_2026-10-05.xlsx
2022-06-23,0.692540,1.611140,0.778175,1.697570,"Citi Velocity, exported by Charlie",estr_eonia_1y5y_citi_2026-10-05.xlsx
2022-06-24,0.676039,1.624280,0.761662,1.710710,"Citi Velocity, exported by Charlie",estr_eonia_1y5y_citi_2026-10-05.xlsx
2022-06-27,0.735824,1.751110,0.821497,1.837660,"Citi Velocity, exported by Charlie",estr_eonia_1y5y_citi_2026-10-05.xlsx
2022-06-28,0.803923,1.846850,0.899744,1.933470,"Citi Velocity, exported by Charlie",estr_eonia_1y5y_citi_2026-10-05.xlsx
2022-06-29,0.744000,1.711310,0.829683,1.797820,"Citi Velocity, exported by Charlie",estr_eonia_1y5y_citi_2026-10-05.xlsx
2022-06-30,0.676243,1.553390,0.761864,1.639760,"Citi Velocity, exported by Charlie",estr_eonia_1y5y_citi_2026-10-05.xlsx
2022-07-01,0.536518,1.359340,0.622021,1.445540,"Citi Velocity, exported by Charlie",estr_eonia_1y5y_citi_2026-10-05.xlsx
2022-07-04,0.646680,1.526160,0.732275,1.612510,"Citi Velocity, exported by Charlie",estr_eonia_1y5y_citi_2026-10-05.xlsx
2022-07-05,0.549894,1.367380,0.635406,1.453590,"Citi Velocity, exported by Charlie",estr_eonia_1y5y_citi_2026-10-05.xlsx
2022-07-06,0.528282,1.283490,0.613778,1.369630,"Citi Velocity, exported by Charlie",estr_eonia_1y5y_citi_2026-10-05.xlsx
2022-07-07,0.667965,1.461190,0.753579,1.547490,"Citi Velocity, exported by Charlie",estr_eonia_1y5y_citi_2026-10-05.xlsx
2022-07-08,0.685366,1.468440,0.770997,1.554740,"Citi Velocity, exported by Charlie",estr_eonia_1y5y_citi_2026-10-05.xlsx
2022-07-11,0.666578,1.374600,0.752191,1.460820,"Citi Velocity, exported by Charlie",estr_eonia_1y5y_citi_2026-10-05.xlsx
2022-07-12,0.591625,1.266290,0.677173,1.352420,"Citi Velocity, exported by Charlie",estr_eonia_1y5y_citi_2026-10-05.xlsx
2022-07-13,0.712409,1.333630,0.798065,1.419820,"Citi Velocity, exported by Charlie",estr_eonia_1y5y_citi_2026-10-05.xlsx
2022-07-14,0.803968,1.373300,0.889699,1.459520,"Citi Velocity, exported by Charlie",estr_eonia_1y5y_citi_2026-10-05.xlsx
2022-07-15,0.741676,1.320100,0.827356,1.406270,"Citi Velocity, exported by Charlie",estr_eonia_1y5y_citi_2026-10-05.xlsx
2022-07-18,0.775649,1.391180,0.861356,1.477410,"Citi Velocity, exported by Charlie",estr_eonia_1y5y_citi_2026-10-05.xlsx
2022-07-19,0.895954,1.476490,0.981764,1.562800,"Citi Velocity, exported by Charlie",estr_eonia_1y5y_citi_2026-10-05.xlsx
2022-07-20,0.889323,1.455680,0.975132,1.541970,"Citi Velocity, exported by Charlie",estr_eonia_1y5y_citi_2026-10-05.xlsx
2022-07-21,0.968337,1.439630,1.054210,1.525910,"Citi Velocity, exported by Charlie",estr_eonia_1y5y_citi_2026-10-05.xlsx
2022-07-22,0.821074,1.237630,0.906822,1.323730,"Citi Velocity, exported by Charlie",estr_eonia_1y5y_citi_2026-10-05.xlsx
2022-07-25,0.794469,1.194360,0.388044,1.280420,"Citi Velocity, exported by Charlie",estr_eonia_1y5y_citi_2026-10-05.xlsx
2022-07-26,0.764852,1.126390,0.358548,1.212400,"Citi Velocity, exported by Charlie",estr_eonia_1y5y_citi_2026-10-05.xlsx
2022-07-27,0.804520,1.133960,0.900346,1.219970,"Citi Velocity, exported by Charlie",estr_eonia_1y5y_citi_2026-10-05.xlsx
2022-07-28,0.700200,0.995028,0.785840,1.080920,"Citi Velocity, exported by Charlie",estr_eonia_1y5y_citi_2026-10-05.xlsx
2022-07-29,0.712928,1.034700,0.798580,1.120630,"Citi Velocity, exported by Charlie",estr_eonia_1y5y_citi_2026-10-05.xlsx
2022-08-01,0.711806,1.008450,0.797456,1.094360,"Citi Velocity, exported by Charlie",estr_eonia_1y5y_citi_2026-10-05.xlsx
2022-08-02,0.752494,1.058920,0.838179,1.144860,"Citi Velocity, exported by Charlie",estr_eonia_1y5y_citi_2026-10-05.xlsx
2022-08-03,0.803964,1.125130,0.889698,1.211130,"Citi Velocity, exported by Charlie",estr_eonia_1y5y_citi_2026-10-05.xlsx
2022-08-04,0.788884,1.081670,0.874601,1.167640,"Citi Velocity, exported by Charlie",estr_eonia_1y5y_citi_2026-10-05.xlsx
2022-08-05,0.882029,1.250970,0.967826,1.337080,"Citi Velocity, exported by Charlie",estr_eonia_1y5y_citi_2026-10-05.xlsx
2022-08-08,0.880486,1.210120,0.966282,1.296200,"Citi Velocity, exported by Charlie",estr_eonia_1y5y_citi_2026-10-05.xlsx
2022-08-09,0.918983,1.255140,1.004810,1.341260,"Citi Velocity, exported by Charlie",estr_eonia_1y5y_citi_2026-10-05.xlsx
2022-08-10,0.905872,1.204270,0.991695,1.290340,"Citi Velocity, exported by Charlie",estr_eonia_1y5y_citi_2026-10-05.xlsx
2022-08-11,0.930843,1.272870,1.016680,1.359010,"Citi Velocity, exported by Charlie",estr_eonia_1y5y_citi_2026-10-05.xlsx
2022-08-12,0.934328,1.298180,1.020170,1.384330,"Citi Velocity, exported by Charlie",estr_eonia_1y5y_citi_2026-10-05.xlsx
2022-08-15,0.873954,1.198010,0.959744,1.284080,"Citi Velocity, exported by Charlie",estr_eonia_1y5y_citi_2026-10-05.xlsx
2022-08-16,0.920342,1.255710,1.006170,1.341830,"Citi Velocity, exported by Charlie",estr_eonia_1y5y_citi_2026-10-05.xlsx
2022-08-17,1.046090,1.404730,1.132030,1.490980,"Citi Velocity, exported by Charlie",estr_eonia_1y5y_citi_2026-10-05.xlsx
2022-08-18,1.078200,1.423120,1.164170,1.509380,"Citi Velocity, exported by Charlie",estr_eonia_1y5y_citi_2026-10-05.xlsx
2022-08-19,1.162700,1.580470,1.248740,1.666870,"Citi Velocity, exported by Charlie",estr_eonia_1y5y_citi_2026-10-05.xlsx
2022-08-22,1.215100,1.670330,1.301190,1.756800,"Citi Velocity, exported by Charlie",estr_eonia_1y5y_citi_2026-10-05.xlsx
2022-08-23,1.217800,1.682580,1.303880,1.769060,"Citi Velocity, exported by Charlie",estr_eonia_1y5y_citi_2026-10-05.xlsx
2022-08-24,1.277600,1.744800,1.363750,1.831340,"Citi Velocity, exported by Charlie",estr_eonia_1y5y_citi_2026-10-05.xlsx
2022-08-25,1.253170,1.682710,1.339290,1.769200,"Citi Velocity, exported by Charlie",estr_eonia_1y5y_citi_2026-10-05.xlsx
2022-08-26,1.419770,1.776300,1.506030,1.862860,"Citi Velocity, exported by Charlie",estr_eonia_1y5y_citi_2026-10-05.xlsx
2022-08-29,1.567750,1.916780,1.654140,2.003460,"Citi Velocity, exported by Charlie",estr_eonia_1y5y_citi_2026-10-05.xlsx
2022-08-30,1.628310,1.939190,1.714760,2.025890,"Citi Velocity, exported by Charlie",estr_eonia_1y5y_citi_2026-10-05.xlsx
2022-08-31,1.669640,1.967970,1.761220,2.054700,"Citi Velocity, exported by Charlie",estr_eonia_1y5y_citi_2026-10-05.xlsx
2022-09-01,1.683280,1.969740,1.769770,2.056480,"Citi Velocity, exported by Charlie",estr_eonia_1y5y_citi_2026-10-05.xlsx
2022-09-02,1.640490,1.913350,1.726940,2.000040,"Citi Velocity, exported by Charlie",estr_eonia_1y5y_citi_2026-10-05.xlsx
2022-09-05,1.684950,2.000990,1.771440,2.087740,"Citi Velocity, exported by Charlie",estr_eonia_1y5y_citi_2026-10-05.xlsx
2022-09-06,1.662620,2.011190,1.749090,2.097960,"Citi Velocity, exported by Charlie",estr_eonia_1y5y_citi_2026-10-05.xlsx
2022-09-07,1.644870,1.968640,1.731330,2.055370,"Citi Velocity, exported by Charlie",estr_eonia_1y5y_citi_2026-10-05.xlsx
2022-09-08,1.799390,2.057370,1.885980,2.144180,"Citi Velocity, exported by Charlie",estr_eonia_1y5y_citi_2026-10-05.xlsx
2022-09-09,1.840170,2.062990,1.926790,2.149800,"Citi Velocity, exported by Charlie",estr_eonia_1y5y_citi_2026-10-05.xlsx
2022-09-12,1.854690,2.012940,1.941340,2.099710,"Citi Velocity, exported by Charlie",estr_eonia_1y5y_citi_2026-10-05.xlsx
2022-09-13,1.966750,2.135170,2.053490,2.222050,"Citi Velocity, exported by Charlie",estr_eonia_1y5y_citi_2026-10-05.xlsx
2022-09-14,2.027560,2.159960,1.386610,2.246860,"Citi Velocity, exported by Charlie",estr_eonia_1y5y_citi_2026-10-05.xlsx
2022-09-15,2.095620,2.189450,2.182460,2.276370,"Citi Velocity, exported by Charlie",estr_eonia_1y5y_citi_2026-10-05.xlsx
2022-09-16,2.125970,2.230710,2.205050,2.317660,"Citi Velocity, exported by Charlie",estr_eonia_1y5y_citi_2026-10-05.xlsx
2022-09-19,2.136010,2.225840,2.217670,2.312790,"Citi Velocity, exported by Charlie",estr_eonia_1y5y_citi_2026-10-05.xlsx
2022-09-20,2.216420,2.375990,2.303290,2.463070,"Citi Velocity, exported by Charlie",estr_eonia_1y5y_citi_2026-10-05.xlsx
2022-09-21,2.233150,2.407780,2.320060,2.494890,"Citi Velocity, exported by Charlie",estr_eonia_1y5y_citi_2026-10-05.xlsx
2022-09-22,2.302250,2.535700,2.389250,2.622920,"Citi Velocity, exported by Charlie",estr_eonia_1y5y_citi_2026-10-05.xlsx
2022-09-23,2.323310,2.623280,2.410320,2.710580,"Citi Velocity, exported by Charlie",estr_eonia_1y5y_citi_2026-10-05.xlsx
2022-09-26,2.363910,2.708610,2.450970,2.795980,"Citi Velocity, exported by Charlie",estr_eonia_1y5y_citi_2026-10-05.xlsx
2022-09-27,2.372980,2.804460,2.457490,2.891910,"Citi Velocity, exported by Charlie",estr_eonia_1y5y_citi_2026-10-05.xlsx
2022-09-28,2.299850,2.752020,2.386870,2.839430,"Citi Velocity, exported by Charlie",estr_eonia_1y5y_citi_2026-10-05.xlsx
2022-09-29,2.301780,2.743120,2.388790,2.830510,"Citi Velocity, exported by Charlie",estr_eonia_1y5y_citi_2026-10-05.xlsx
2022-09-30,2.257630,2.651790,2.359960,2.739100,"Citi Velocity, exported by Charlie",estr_eonia_1y5y_citi_2026-10-05.xlsx
2022-10-03,2.163850,2.461210,2.250750,2.548370,"Citi Velocity, exported by Charlie",estr_eonia_1y5y_citi_2026-10-05.xlsx
2022-10-04,2.126480,2.406170,2.213350,2.493270,"Citi Velocity, exported by Charlie",estr_eonia_1y5y_citi_2026-10-05.xlsx
2022-10-05,2.218160,2.558820,2.305130,2.646060,"Citi Velocity, exported by Charlie",estr_eonia_1y5y_citi_2026-10-05.xlsx
2022-10-06,2.323350,2.687560,2.410390,2.774910,"Citi Velocity, exported by Charlie",estr_eonia_1y5y_citi_2026-10-05.xlsx
2022-10-07,2.400920,2.824950,2.488010,2.912420,"Citi Velocity, exported by Charlie",estr_eonia_1y5y_citi_2026-10-05.xlsx
2022-10-10,2.444670,2.915820,2.531810,3.003360,"Citi Velocity, exported by Charlie",estr_eonia_1y5y_citi_2026-10-05.xlsx
2022-10-11,2.410240,2.854440,2.497350,2.941930,"Citi Velocity, exported by Charlie",estr_eonia_1y5y_citi_2026-10-05.xlsx
2022-10-12,2.429140,2.871360,2.516290,2.958860,"Citi Velocity, exported by Charlie",estr_eonia_1y5y_citi_2026-10-05.xlsx
2022-10-13,2.455070,2.877740,2.542220,2.965260,"Citi Velocity, exported by Charlie",estr_eonia_1y5y_citi_2026-10-05.xlsx
2022-10-14,2.482910,2.877690,2.570070,2.965200,"Citi Velocity, exported by Charlie",estr_eonia_1y5y_citi_2026-10-05.xlsx
2022-10-17,2.481340,2.847020,2.568520,2.934510,"Citi Velocity, exported by Charlie",estr_eonia_1y5y_citi_2026-10-05.xlsx
2022-10-18,2.465820,2.791230,2.552980,2.878670,"Citi Velocity, exported by Charlie",estr_eonia_1y5y_citi_2026-10-05.xlsx
2022-10-19,2.514450,2.859040,2.601670,2.946530,"Citi Velocity, exported by Charlie",estr_eonia_1y5y_citi_2026-10-05.xlsx
2022-10-20,2.541110,2.874080,2.628340,2.961590,"Citi Velocity, exported by Charlie",estr_eonia_1y5y_citi_2026-10-05.xlsx
2022-10-21,2.482780,2.843930,2.569940,2.931410,"Citi Velocity, exported by Charlie",estr_eonia_1y5y_citi_2026-10-05.xlsx
2022-10-24,2.453240,2.780320,2.540390,2.867750,"Citi Velocity, exported by Charlie",estr_eonia_1y5y_citi_2026-10-05.xlsx
2022-10-25,2.397640,2.621100,2.484740,2.708390,"Citi Velocity, exported by Charlie",estr_eonia_1y5y_citi_2026-10-05.xlsx
2022-10-26,2.380110,2.602710,2.467220,2.689980,"Citi Velocity, exported by Charlie",estr_eonia_1y5y_citi_2026-10-05.xlsx
2022-10-27,2.249120,2.444630,2.336090,2.531770,"Citi Velocity, exported by Charlie",estr_eonia_1y5y_citi_2026-10-05.xlsx
2022-10-28,2.382620,2.578570,2.469700,2.665830,"Citi Velocity, exported by Charlie",estr_eonia_1y5y_citi_2026-10-05.xlsx
2022-10-31,2.460790,2.634500,1.774380,2.721810,"Citi Velocity, exported by Charlie",estr_eonia_1y5y_citi_2026-10-05.xlsx
2022-11-01,2.457890,2.600640,2.545040,2.687920,"Citi Velocity, exported by Charlie",estr_eonia_1y5y_citi_2026-10-05.xlsx
2022-11-02,2.477320,2.628480,2.564500,2.715780,"Citi Velocity, exported by Charlie",estr_eonia_1y5y_citi_2026-10-05.xlsx
2022-11-03,2.563480,2.748620,2.650720,2.836020,"Citi Velocity, exported by Charlie",estr_eonia_1y5y_citi_2026-10-05.xlsx
2022-11-04,2.593550,2.773230,2.680820,2.860660,"Citi Velocity, exported by Charlie",estr_eonia_1y5y_citi_2026-10-05.xlsx
2022-11-07,2.614160,2.755360,2.701440,2.842770,"Citi Velocity, exported by Charlie",estr_eonia_1y5y_citi_2026-10-05.xlsx
2022-11-08,2.616710,2.707630,2.704000,2.794990,"Citi Velocity, exported by Charlie",estr_eonia_1y5y_citi_2026-10-05.xlsx
2022-11-09,2.577680,2.602830,2.664940,2.690100,"Citi Velocity, exported by Charlie",estr_eonia_1y5y_citi_2026-10-05.xlsx
2022-11-10,2.492310,2.451050,2.579490,2.538200,"Citi Velocity, exported by Charlie",estr_eonia_1y5y_citi_2026-10-05.xlsx
2022-11-11,2.597010,2.552110,2.684280,2.639340,"Citi Velocity, exported by Charlie",estr_eonia_1y5y_citi_2026-10-05.xlsx
2022-11-14,2.591010,2.537040,2.678280,2.624260,"Citi Velocity, exported by Charlie",estr_eonia_1y5y_citi_2026-10-05.xlsx
2022-11-15,2.561850,2.469730,2.649170,2.556890,"Citi Velocity, exported by Charlie",estr_eonia_1y5y_citi_2026-10-05.xlsx
2022-11-16,2.555260,2.422420,2.642570,2.509540,"Citi Velocity, exported by Charlie",estr_eonia_1y5y_citi_2026-10-05.xlsx
2022-11-17,2.587530,2.483580,2.674920,2.570760,"Citi Velocity, exported by Charlie",estr_eonia_1y5y_citi_2026-10-05.xlsx
2022-11-18,2.574720,2.479600,2.661980,2.566770,"Citi Velocity, exported by Charlie",estr_eonia_1y5y_citi_2026-10-05.xlsx
2022-11-21,2.578020,2.445360,2.665280,2.532500,"Citi Velocity, exported by Charlie",estr_eonia_1y5y_citi_2026-10-05.xlsx
2022-11-22,2.589870,2.440630,2.677140,2.527760,"Citi Velocity, exported by Charlie",estr_eonia_1y5y_citi_2026-10-05.xlsx
2022-11-23,2.614620,2.428580,2.701910,2.515700,"Citi Velocity, exported by Charlie",estr_eonia_1y5y_citi_2026-10-05.xlsx
2022-11-24,2.599350,2.349150,2.686620,2.436200,"Citi Velocity, exported by Charlie",estr_eonia_1y5y_citi_2026-10-05.xlsx
2022-11-25,2.653100,2.449150,2.740420,2.536290,"Citi Velocity, exported by Charlie",estr_eonia_1y5y_citi_2026-10-05.xlsx
2022-11-28,2.646100,2.444520,2.733420,2.531660,"Citi Velocity, exported by Charlie",estr_eonia_1y5y_citi_2026-10-05.xlsx
2022-11-29,2.575500,2.379210,2.662750,2.466300,"Citi Velocity, exported by Charlie",estr_eonia_1y5y_citi_2026-10-05.xlsx
2022-11-30,2.604120,2.410780,2.691400,2.497890,"Citi Velocity, exported by Charlie",estr_eonia_1y5y_citi_2026-10-05.xlsx
2022-12-01,2.547880,2.285810,2.635110,2.372820,"Citi Velocity, exported by Charlie",estr_eonia_1y5y_citi_2026-10-05.xlsx
2022-12-02,2.590200,2.349650,2.677470,2.436710,"Citi Velocity, exported by Charlie",estr_eonia_1y5y_citi_2026-10-05.xlsx
2022-12-05,2.606140,2.382410,2.693420,2.469500,"Citi Velocity, exported by Charlie",estr_eonia_1y5y_citi_2026-10-05.xlsx
2022-12-06,2.587420,2.318680,2.674680,2.405710,"Citi Velocity, exported by Charlie",estr_eonia_1y5y_citi_2026-10-05.xlsx
2022-12-07,2.584700,2.306590,2.671970,2.393610,"Citi Velocity, exported by Charlie",estr_eonia_1y5y_citi_2026-10-05.xlsx
2022-12-08,2.596570,2.320890,2.683840,2.407930,"Citi Velocity, exported by Charlie",estr_eonia_1y5y_citi_2026-10-05.xlsx
2022-12-09,2.626660,2.390710,2.713950,2.477800,"Citi Velocity, exported by Charlie",estr_eonia_1y5y_citi_2026-10-05.xlsx
2022-12-12,2.643650,2.410850,2.730970,2.497960,"Citi Velocity, exported by Charlie",estr_eonia_1y5y_citi_2026-10-05.xlsx
2022-12-13,2.608880,2.376300,2.696160,2.463380,"Citi Velocity, exported by Charlie",estr_eonia_1y5y_citi_2026-10-05.xlsx
2022-12-14,2.604670,2.354180,2.691960,2.441240,"Citi Velocity, exported by Charlie",estr_eonia_1y5y_citi_2026-10-05.xlsx
2022-12-15,2.781900,2.520710,2.869330,2.607920,"Citi Velocity, exported by Charlie",estr_eonia_1y5y_citi_2026-10-05.xlsx
2022-12-16,2.881830,2.634020,2.969350,2.721320,"Citi Velocity, exported by Charlie",estr_eonia_1y5y_citi_2026-10-05.xlsx
2022-12-19,2.897670,2.624520,2.985200,2.711810,"Citi Velocity, exported by Charlie",estr_eonia_1y5y_citi_2026-10-05.xlsx
2022-12-20,2.945970,2.713310,3.033550,2.800680,"Citi Velocity, exported by Charlie",estr_eonia_1y5y_citi_2026-10-05.xlsx
2022-12-21,2.979070,2.753760,3.066690,2.841160,"Citi Velocity, exported by Charlie",estr_eonia_1y5y_citi_2026-10-05.xlsx
2022-12-22,3.019080,2.799370,3.106720,2.886820,"Citi Velocity, exported by Charlie",estr_eonia_1y5y_citi_2026-10-05.xlsx
2022-12-23,3.059720,2.845900,3.147390,2.933380,"Citi Velocity, exported by Charlie",estr_eonia_1y5y_citi_2026-10-05.xlsx
2022-12-26,3.072220,2.845160,3.159900,2.932640,"Citi Velocity, exported by Charlie",estr_eonia_1y5y_citi_2026-10-05.xlsx
2022-12-27,3.102300,2.923070,3.190010,3.010620,"Citi Velocity, exported by Charlie",estr_eonia_1y5y_citi_2026-10-05.xlsx
2022-12-28,3.066850,2.908250,3.154510,2.995790,"Citi Velocity, exported by Charlie",estr_eonia_1y5y_citi_2026-10-05.xlsx
2022-12-29,3.069560,2.868440,3.157240,2.955940,"Citi Velocity, exported by Charlie",estr_eonia_1y5y_citi_2026-10-05.xlsx
2022-12-30,3.116570,2.951930,3.204290,3.039510,"Citi Velocity, exported by Charlie",estr_eonia_1y5y_citi_2026-10-05.xlsx
2023-01-02,3.082090,2.845610,3.169780,2.933090,"Citi Velocity, exported by Charlie",estr_eonia_1y5y_citi_2026-10-05.xlsx
2023-01-03,3.066260,2.768310,3.153930,2.855730,"Citi Velocity, exported by Charlie",estr_eonia_1y5y_citi_2026-10-05.xlsx
2023-01-04,3.016090,2.648530,3.103730,2.735850,"Citi Velocity, exported by Charlie",estr_eonia_1y5y_citi_2026-10-05.xlsx
2023-01-05,3.071140,2.718860,3.158820,2.806240,"Citi Velocity, exported by Charlie",estr_eonia_1y5y_citi_2026-10-05.xlsx
2023-01-06,3.040880,2.617190,3.128540,2.704480,"Citi Velocity, exported by Charlie",estr_eonia_1y5y_citi_2026-10-05.xlsx
2023-01-09,3.057340,2.625160,3.145000,2.712460,"Citi Velocity, exported by Charlie",estr_eonia_1y5y_citi_2026-10-05.xlsx
2023-01-10,3.088940,2.684390,3.176630,2.771740,"Citi Velocity, exported by Charlie",estr_eonia_1y5y_citi_2026-10-05.xlsx
2023-01-11,3.084720,2.588390,3.172420,2.675660,"Citi Velocity, exported by Charlie",estr_eonia_1y5y_citi_2026-10-05.xlsx
2023-01-12,3.050400,2.530320,3.138060,2.617530,"Citi Velocity, exported by Charlie",estr_eonia_1y5y_citi_2026-10-05.xlsx
2023-01-13,3.061460,2.514700,3.149130,2.601900,"Citi Velocity, exported by Charlie",estr_eonia_1y5y_citi_2026-10-05.xlsx
2023-01-16,3.061140,2.493050,3.148810,2.580230,"Citi Velocity, exported by Charlie",estr_eonia_1y5y_citi_2026-10-05.xlsx
2023-01-17,2.974680,2.398410,3.062280,2.485510,"Citi Velocity, exported by Charlie",estr_eonia_1y5y_citi_2026-10-05.xlsx
2023-01-18,2.986450,2.370810,3.074060,2.457890,"Citi Velocity, exported by Charlie",estr_eonia_1y5y_citi_2026-10-05.xlsx
2023-01-19,3.056410,2.454860,3.144080,2.542010,"Citi Velocity, exported by Charlie",estr_eonia_1y5y_citi_2026-10-05.xlsx
2023-01-20,3.094020,2.551640,3.181720,2.638880,"Citi Velocity, exported by Charlie",estr_eonia_1y5y_citi_2026-10-05.xlsx
2023-01-23,3.111180,2.589410,3.198890,2.676680,"Citi Velocity, exported by Charlie",estr_eonia_1y5y_citi_2026-10-05.xlsx
2023-01-24,3.093750,2.562190,3.181450,2.649430,"Citi Velocity, exported by Charlie",estr_eonia_1y5y_citi_2026-10-05.xlsx
2023-01-25,3.086280,2.557600,3.173980,2.644840,"Citi Velocity, exported by Charlie",estr_eonia_1y5y_citi_2026-10-05.xlsx
2023-01-26,3.114110,2.595230,3.201820,2.682500,"Citi Velocity, exported by Charlie",estr_eonia_1y5y_citi_2026-10-05.xlsx
2023-01-27,3.126200,2.618400,3.213930,2.705690,"Citi Velocity, exported by Charlie",estr_eonia_1y5y_citi_2026-10-05.xlsx
2023-01-30,3.187140,2.685760,3.274920,2.773110,"Citi Velocity, exported by Charlie",estr_eonia_1y5y_citi_2026-10-05.xlsx
2023-01-31,3.175550,2.660100,3.263320,2.747420,"Citi Velocity, exported by Charlie",estr_eonia_1y5y_citi_2026-10-05.xlsx
2023-02-01,3.209530,2.679990,3.297330,2.767330,"Citi Velocity, exported by Charlie",estr_eonia_1y5y_citi_2026-10-05.xlsx
2023-02-02,3.108360,2.441370,3.196070,2.528500,"Citi Velocity, exported by Charlie",estr_eonia_1y5y_citi_2026-10-05.xlsx
2023-02-03,3.152050,2.560830,3.239800,2.648070,"Citi Velocity, exported by Charlie",estr_eonia_1y5y_citi_2026-10-05.xlsx
2023-02-06,3.199280,2.672320,3.287070,2.759660,"Citi Velocity, exported by Charlie",estr_eonia_1y5y_citi_2026-10-05.xlsx
2023-02-07,3.226390,2.696090,3.314200,2.783450,"Citi Velocity, exported by Charlie",estr_eonia_1y5y_citi_2026-10-05.xlsx
2023-02-08,3.247790,2.706150,3.335620,2.793520,"Citi Velocity, exported by Charlie",estr_eonia_1y5y_citi_2026-10-05.xlsx
2023-02-09,3.253850,2.679510,3.341680,2.766850,"Citi Velocity, exported by Charlie",estr_eonia_1y5y_citi_2026-10-05.xlsx
2023-02-10,3.311090,2.742400,3.398970,2.829790,"Citi Velocity, exported by Charlie",estr_eonia_1y5y_citi_2026-10-05.xlsx
2023-02-13,3.320920,2.768390,3.408820,2.855810,"Citi Velocity, exported by Charlie",estr_eonia_1y5y_citi_2026-10-05.xlsx
2023-02-14,3.362020,2.845610,3.449950,2.933090,"Citi Velocity, exported by Charlie",estr_eonia_1y5y_citi_2026-10-05.xlsx
2023-02-15,3.375940,2.876330,3.463880,2.963850,"Citi Velocity, exported by Charlie",estr_eonia_1y5y_citi_2026-10-05.xlsx
2023-02-16,3.379800,2.896220,3.467750,2.983750,"Citi Velocity, exported by Charlie",estr_eonia_1y5y_citi_2026-10-05.xlsx
2023-02-17,3.393300,2.891150,3.481250,2.978670,"Citi Velocity, exported by Charlie",estr_eonia_1y5y_citi_2026-10-05.xlsx
2023-02-20,3.406410,2.896800,3.494380,2.984330,"Citi Velocity, exported by Charlie",estr_eonia_1y5y_citi_2026-10-05.xlsx
2023-02-21,3.449580,2.977710,3.537580,3.065310,"Citi Velocity, exported by Charlie",estr_eonia_1y5y_citi_2026-10-05.xlsx
2023-02-22,3.435880,2.967450,3.523880,3.055040,"Citi Velocity, exported by Charlie",estr_eonia_1y5y_citi_2026-10-05.xlsx
2023-02-23,3.444230,2.954450,3.532230,3.042030,"Citi Velocity, exported by Charlie",estr_eonia_1y5y_citi_2026-10-05.xlsx
2023-02-24,3.499210,3.028210,3.587260,3.115850,"Citi Velocity, exported by Charlie",estr_eonia_1y5y_citi_2026-10-05.xlsx
2023-02-27,3.519930,3.067780,3.608010,3.155460,"Citi Velocity, exported by Charlie",estr_eonia_1y5y_citi_2026-10-05.xlsx
2023-02-28,3.544390,3.118880,3.632500,3.206600,"Citi Velocity, exported by Charlie",estr_eonia_1y5y_citi_2026-10-05.xlsx
2023-03-01,3.613300,3.203050,3.701450,3.290850,"Citi Velocity, exported by Charlie",estr_eonia_1y5y_citi_2026-10-05.xlsx
2023-03-02,3.621030,3.210170,3.709190,3.297970,"Citi Velocity, exported by Charlie",estr_eonia_1y5y_citi_2026-10-05.xlsx
2023-03-03,3.642910,3.197420,3.731090,3.285210,"Citi Velocity, exported by Charlie",estr_eonia_1y5y_citi_2026-10-05.xlsx
2023-03-06,3.701550,3.192390,3.789780,3.280180,"Citi Velocity, exported by Charlie",estr_eonia_1y5y_citi_2026-10-05.xlsx
2023-03-07,3.739590,3.173760,3.827870,3.261530,"Citi Velocity, exported by Charlie",estr_eonia_1y5y_citi_2026-10-05.xlsx
2023-03-08,3.752180,3.142550,3.840450,3.230300,"Citi Velocity, exported by Charlie",estr_eonia_1y5y_citi_2026-10-05.xlsx
2023-03-09,3.735430,3.135670,3.823690,3.223410,"Citi Velocity, exported by Charlie",estr_eonia_1y5y_citi_2026-10-05.xlsx
2023-03-10,3.573530,2.979640,3.661650,3.067240,"Citi Velocity, exported by Charlie",estr_eonia_1y5y_citi_2026-10-05.xlsx
2023-03-13,3.167930,2.822450,3.255700,2.909910,"Citi Velocity, exported by Charlie",estr_eonia_1y5y_citi_2026-10-05.xlsx
2023-03-14,3.363730,2.978150,3.451680,3.065750,"Citi Velocity, exported by Charlie",estr_eonia_1y5y_citi_2026-10-05.xlsx
2023-03-15,2.950780,2.724360,3.038350,2.811740,"Citi Velocity, exported by Charlie",estr_eonia_1y5y_citi_2026-10-05.xlsx
2023-03-16,3.091550,2.752760,3.179250,2.840170,"Citi Velocity, exported by Charlie",estr_eonia_1y5y_citi_2026-10-05.xlsx
2023-03-17,3.077060,2.650640,3.164750,2.737960,"Citi Velocity, exported by Charlie",estr_eonia_1y5y_citi_2026-10-05.xlsx
2023-03-20,3.033850,2.632800,3.121370,2.720110,"Citi Velocity, exported by Charlie",estr_eonia_1y5y_citi_2026-10-05.xlsx
2023-03-21,3.206520,2.773510,3.294220,2.860930,"Citi Velocity, exported by Charlie",estr_eonia_1y5y_citi_2026-10-05.xlsx
2023-03-22,3.345410,2.864290,3.432950,2.951790,"Citi Velocity, exported by Charlie",estr_eonia_1y5y_citi_2026-10-05.xlsx
2023-03-23,3.270290,2.723090,3.358020,2.810470,"Citi Velocity, exported by Charlie",estr_eonia_1y5y_citi_2026-10-05.xlsx
2023-03-24,3.128660,2.634530,3.216270,2.721830,"Citi Velocity, exported by Charlie",estr_eonia_1y5y_citi_2026-10-05.xlsx
2023-03-27,3.229960,2.678670,3.317640,2.766010,"Citi Velocity, exported by Charlie",estr_eonia_1y5y_citi_2026-10-05.xlsx
2023-03-28,3.277050,2.760730,3.364770,2.848140,"Citi Velocity, exported by Charlie",estr_eonia_1y5y_citi_2026-10-05.xlsx
2023-03-29,3.269860,2.754020,3.357320,2.841430,"Citi Velocity, exported by Charlie",estr_eonia_1y5y_citi_2026-10-05.xlsx
2023-03-30,3.366020,2.843130,3.453830,2.930620,"Citi Velocity, exported by Charlie",estr_eonia_1y5y_citi_2026-10-05.xlsx
2023-03-31,3.376720,2.817090,3.464540,2.904550,"Citi Velocity, exported by Charlie",estr_eonia_1y5y_citi_2026-10-05.xlsx
2023-04-03,3.354890,2.745300,3.442690,2.832700,"Citi Velocity, exported by Charlie",estr_eonia_1y5y_citi_2026-10-05.xlsx
2023-04-04,3.345720,2.746900,3.433020,2.834300,"Citi Velocity, exported by Charlie",estr_eonia_1y5y_citi_2026-10-05.xlsx
2023-04-05,3.275170,2.665470,3.362900,2.752800,"Citi Velocity, exported by Charlie",estr_eonia_1y5y_citi_2026-10-05.xlsx
2023-04-06,3.316230,2.675860,3.404000,2.763200,"Citi Velocity, exported by Charlie",estr_eonia_1y5y_citi_2026-10-05.xlsx
2023-04-07,3.429690,,3.517690,,"Citi Velocity, exported by Charlie",estr_eonia_1y5y_citi_2026-10-05.xlsx
2023-04-10,3.429690,2.675520,3.517690,2.762860,"Citi Velocity, exported by Charlie",estr_eonia_1y5y_citi_2026-10-05.xlsx
2023-04-11,3.424070,2.780280,3.511950,2.867720,"Citi Velocity, exported by Charlie",estr_eonia_1y5y_citi_2026-10-05.xlsx
2023-04-12,3.493960,2.850620,3.581640,2.938120,"Citi Velocity, exported by Charlie",estr_eonia_1y5y_citi_2026-10-05.xlsx
2023-04-13,3.491380,2.839020,3.579300,2.926500,"Citi Velocity, exported by Charlie",estr_eonia_1y5y_citi_2026-10-05.xlsx
2023-04-14,3.542440,2.897730,3.630400,2.985270,"Citi Velocity, exported by Charlie",estr_eonia_1y5y_citi_2026-10-05.xlsx
2023-04-17,3.555510,2.949040,3.643620,3.036610,"Citi Velocity, exported by Charlie",estr_eonia_1y5y_citi_2026-10-05.xlsx
2023-04-18,3.551330,2.943070,3.639440,3.030640,"Citi Velocity, exported by Charlie",estr_eonia_1y5y_citi_2026-10-05.xlsx
2023-04-19,3.623560,3.016070,3.711730,3.103710,"Citi Velocity, exported by Charlie",estr_eonia_1y5y_citi_2026-10-05.xlsx
2023-04-20,3.602540,2.971410,3.690680,3.059000,"Citi Velocity, exported by Charlie",estr_eonia_1y5y_citi_2026-10-05.xlsx
2023-04-21,3.620490,2.994730,3.708630,3.082340,"Citi Velocity, exported by Charlie",estr_eonia_1y5y_citi_2026-10-05.xlsx
2023-04-24,3.644910,2.995570,3.733090,3.083180,"Citi Velocity, exported by Charlie",estr_eonia_1y5y_citi_2026-10-05.xlsx
2023-04-25,3.575190,2.876330,3.663320,2.963840,"Citi Velocity, exported by Charlie",estr_eonia_1y5y_citi_2026-10-05.xlsx
2023-04-26,3.525730,2.860510,3.613810,2.948000,"Citi Velocity, exported by Charlie",estr_eonia_1y5y_citi_2026-10-05.xlsx
2023-04-27,3.572280,2.910730,3.660400,2.998280,"Citi Velocity, exported by Charlie",estr_eonia_1y5y_citi_2026-10-05.xlsx
2023-04-28,3.515310,2.783510,3.603350,2.870940,"Citi Velocity, exported by Charlie",estr_eonia_1y5y_citi_2026-10-05.xlsx
2023-05-01,,,3.661110,,"Citi Velocity, exported by Charlie",estr_eonia_1y5y_citi_2026-10-05.xlsx
2023-05-02,3.494250,2.738500,3.582320,2.825900,"Citi Velocity, exported by Charlie",estr_eonia_1y5y_citi_2026-10-05.xlsx
2023-05-03,3.519390,2.743130,3.607470,2.830530,"Citi Velocity, exported by Charlie",estr_eonia_1y5y_citi_2026-10-05.xlsx
2023-05-04,3.420160,2.651370,3.508150,2.738680,"Citi Velocity, exported by Charlie",estr_eonia_1y5y_citi_2026-10-05.xlsx
2023-05-05,3.456760,2.718980,3.544760,2.806360,"Citi Velocity, exported by Charlie",estr_eonia_1y5y_citi_2026-10-05.xlsx
2023-05-08,3.483850,2.746340,3.571890,2.833740,"Citi Velocity, exported by Charlie",estr_eonia_1y5y_citi_2026-10-05.xlsx
2023-05-09,3.485290,2.745810,3.573350,2.833210,"Citi Velocity, exported by Charlie",estr_eonia_1y5y_citi_2026-10-05.xlsx
2023-05-10,3.477380,2.703010,3.565420,2.790380,"Citi Velocity, exported by Charlie",estr_eonia_1y5y_citi_2026-10-05.xlsx
2023-05-11,3.472090,2.652380,3.560120,2.739700,"Citi Velocity, exported by Charlie",estr_eonia_1y5y_citi_2026-10-05.xlsx
2023-05-12,3.502650,2.694600,3.590690,2.781950,"Citi Velocity, exported by Charlie",estr_eonia_1y5y_citi_2026-10-05.xlsx
2023-05-15,3.503950,2.711250,3.592010,2.798620,"Citi Velocity, exported by Charlie",estr_eonia_1y5y_citi_2026-10-05.xlsx
2023-05-16,3.520170,2.752630,3.608260,2.840040,"Citi Velocity, exported by Charlie",estr_eonia_1y5y_citi_2026-10-05.xlsx
2023-05-17,3.545790,2.779430,3.633900,2.866860,"Citi Velocity, exported by Charlie",estr_eonia_1y5y_citi_2026-10-05.xlsx
2023-05-18,3.588630,2.889650,3.676760,2.977170,"Citi Velocity, exported by Charlie",estr_eonia_1y5y_citi_2026-10-05.xlsx
2023-05-19,3.579930,2.875060,3.668040,2.962570,"Citi Velocity, exported by Charlie",estr_eonia_1y5y_citi_2026-10-05.xlsx
2023-05-22,3.595610,2.896940,3.683740,2.984470,"Citi Velocity, exported by Charlie",estr_eonia_1y5y_citi_2026-10-05.xlsx
2023-05-23,3.605570,2.916190,3.693730,3.003740,"Citi Velocity, exported by Charlie",estr_eonia_1y5y_citi_2026-10-05.xlsx
2023-05-24,3.624400,2.914370,3.712570,3.001910,"Citi Velocity, exported by Charlie",estr_eonia_1y5y_citi_2026-10-05.xlsx
2023-05-25,3.654520,2.968940,3.742700,3.056530,"Citi Velocity, exported by Charlie",estr_eonia_1y5y_citi_2026-10-05.xlsx
2023-05-26,3.686840,3.012600,3.775040,3.100230,"Citi Velocity, exported by Charlie",estr_eonia_1y5y_citi_2026-10-05.xlsx
2023-05-29,3.649530,2.930520,3.737720,3.018080,"Citi Velocity, exported by Charlie",estr_eonia_1y5y_citi_2026-10-05.xlsx
2023-05-30,3.598790,2.824880,3.686950,2.912350,"Citi Velocity, exported by Charlie",estr_eonia_1y5y_citi_2026-10-05.xlsx
2023-05-31,3.549510,2.740480,3.637620,2.827880,"Citi Velocity, exported by Charlie",estr_eonia_1y5y_citi_2026-10-05.xlsx
2023-06-01,3.545310,2.721570,3.633400,2.808940,"Citi Velocity, exported by Charlie",estr_eonia_1y5y_citi_2026-10-05.xlsx
2023-06-02,3.588340,2.779730,3.676450,2.867160,"Citi Velocity, exported by Charlie",estr_eonia_1y5y_citi_2026-10-05.xlsx
2023-06-05,3.614410,2.833130,3.702560,2.920610,"Citi Velocity, exported by Charlie",estr_eonia_1y5y_citi_2026-10-05.xlsx
2023-06-06,3.606980,2.809360,3.695140,2.896820,"Citi Velocity, exported by Charlie",estr_eonia_1y5y_citi_2026-10-05.xlsx
2023-06-07,3.642580,2.872600,3.730760,2.960110,"Citi Velocity, exported by Charlie",estr_eonia_1y5y_citi_2026-10-05.xlsx
2023-06-08,3.632350,2.852470,3.720520,2.939970,"Citi Velocity, exported by Charlie",estr_eonia_1y5y_citi_2026-10-05.xlsx
2023-06-09,3.625130,2.829650,3.713280,2.917130,"Citi Velocity, exported by Charlie",estr_eonia_1y5y_citi_2026-10-05.xlsx
2023-06-12,3.620980,2.825490,3.709140,2.912960,"Citi Velocity, exported by Charlie",estr_eonia_1y5y_citi_2026-10-05.xlsx
2023-06-13,3.643960,2.886840,3.732160,2.974360,"Citi Velocity, exported by Charlie",estr_eonia_1y5y_citi_2026-10-05.xlsx
2023-06-14,3.655370,2.916520,3.743570,3.004070,"Citi Velocity, exported by Charlie",estr_eonia_1y5y_citi_2026-10-05.xlsx
2023-06-15,3.740600,3.010360,3.828870,3.097990,"Citi Velocity, exported by Charlie",estr_eonia_1y5y_citi_2026-10-05.xlsx
2023-06-16,3.747230,2.982350,3.835490,3.069950,"Citi Velocity, exported by Charlie",estr_eonia_1y5y_citi_2026-10-05.xlsx
2023-06-19,3.790760,3.035530,3.879060,3.123180,"Citi Velocity, exported by Charlie",estr_eonia_1y5y_citi_2026-10-05.xlsx
2023-06-20,3.776940,2.943080,3.865250,3.030650,"Citi Velocity, exported by Charlie",estr_eonia_1y5y_citi_2026-10-05.xlsx
2023-06-21,3.810930,2.982110,3.899260,3.069710,"Citi Velocity, exported by Charlie",estr_eonia_1y5y_citi_2026-10-05.xlsx
2023-06-22,3.856980,3.058080,3.945340,3.145750,"Citi Velocity, exported by Charlie",estr_eonia_1y5y_citi_2026-10-05.xlsx
2023-06-23,3.793670,2.930750,3.881970,3.018310,"Citi Velocity, exported by Charlie",estr_eonia_1y5y_citi_2026-10-05.xlsx
2023-06-26,3.790010,2.896960,3.878310,2.984490,"Citi Velocity, exported by Charlie",estr_eonia_1y5y_citi_2026-10-05.xlsx
2023-06-27,3.835080,2.975740,3.923420,3.063340,"Citi Velocity, exported by Charlie",estr_eonia_1y5y_citi_2026-10-05.xlsx
2023-06-28,3.803450,2.931750,3.891750,3.019310,"Citi Velocity, exported by Charlie",estr_eonia_1y5y_citi_2026-10-05.xlsx
2023-06-29,3.832590,3.010280,3.920930,3.097910,"Citi Velocity, exported by Charlie",estr_eonia_1y5y_citi_2026-10-05.xlsx
2023-06-30,3.842570,3.013290,3.930900,3.100920,"Citi Velocity, exported by Charlie",estr_eonia_1y5y_citi_2026-10-05.xlsx
2023-07-03,3.875170,3.066460,3.963550,3.154130,"Citi Velocity, exported by Charlie",estr_eonia_1y5y_citi_2026-10-05.xlsx
2023-07-04,3.854930,3.067740,3.943310,3.155420,"Citi Velocity, exported by Charlie",estr_eonia_1y5y_citi_2026-10-05.xlsx
2023-07-05,3.846390,3.062270,3.934750,3.149950,"Citi Velocity, exported by Charlie",estr_eonia_1y5y_citi_2026-10-05.xlsx
2023-07-06,3.904050,3.218350,3.992450,3.306160,"Citi Velocity, exported by Charlie",estr_eonia_1y5y_citi_2026-10-05.xlsx
2023-07-07,3.873810,3.192310,3.962170,3.280090,"Citi Velocity, exported by Charlie",estr_eonia_1y5y_citi_2026-10-05.xlsx
2023-07-10,3.892170,3.202010,3.980560,3.289800,"Citi Velocity, exported by Charlie",estr_eonia_1y5y_citi_2026-10-05.xlsx
2023-07-11,3.907770,3.211360,3.996190,3.299160,"Citi Velocity, exported by Charlie",estr_eonia_1y5y_citi_2026-10-05.xlsx
2023-07-12,3.876340,3.120030,3.964730,3.207750,"Citi Velocity, exported by Charlie",estr_eonia_1y5y_citi_2026-10-05.xlsx
2023-07-13,3.853350,3.046140,3.941710,3.133800,"Citi Velocity, exported by Charlie",estr_eonia_1y5y_citi_2026-10-05.xlsx
2023-07-14,3.869150,3.049680,3.957510,3.137340,"Citi Velocity, exported by Charlie",estr_eonia_1y5y_citi_2026-10-05.xlsx
2023-07-17,3.866850,3.029160,3.955220,3.116810,"Citi Velocity, exported by Charlie",estr_eonia_1y5y_citi_2026-10-05.xlsx
2023-07-18,3.807610,2.916710,3.895950,3.004260,"Citi Velocity, exported by Charlie",estr_eonia_1y5y_citi_2026-10-05.xlsx
2023-07-19,3.819460,2.955620,3.907800,3.043200,"Citi Velocity, exported by Charlie",estr_eonia_1y5y_citi_2026-10-05.xlsx
2023-07-20,3.850230,3.031170,3.938580,3.118810,"Citi Velocity, exported by Charlie",estr_eonia_1y5y_citi_2026-10-05.xlsx
2023-07-21,3.835310,3.002320,3.923640,3.089940,"Citi Velocity, exported by Charlie",estr_eonia_1y5y_citi_2026-10-05.xlsx
2023-07-24,3.806290,2.945530,3.894610,3.033100,"Citi Velocity, exported by Charlie",estr_eonia_1y5y_citi_2026-10-05.xlsx
2023-07-25,3.804480,2.957660,3.892820,3.045250,"Citi Velocity, exported by Charlie",estr_eonia_1y5y_citi_2026-10-05.xlsx
2023-07-26,3.833790,3.011580,3.922140,3.099210,"Citi Velocity, exported by Charlie",estr_eonia_1y5y_citi_2026-10-05.xlsx
2023-07-27,3.803420,2.986370,3.891740,3.073980,"Citi Velocity, exported by Charlie",estr_eonia_1y5y_citi_2026-10-05.xlsx
2023-07-28,3.768330,2.967330,3.856600,3.054920,"Citi Velocity, exported by Charlie",estr_eonia_1y5y_citi_2026-10-05.xlsx
2023-07-31,3.778630,2.951490,3.866920,3.039070,"Citi Velocity, exported by Charlie",estr_eonia_1y5y_citi_2026-10-05.xlsx
2023-08-01,3.780000,3.003090,3.868310,3.090710,"Citi Velocity, exported by Charlie",estr_eonia_1y5y_citi_2026-10-05.xlsx
2023-08-02,3.754660,2.972700,3.842950,3.060290,"Citi Velocity, exported by Charlie",estr_eonia_1y5y_citi_2026-10-05.xlsx
2023-08-03,3.756900,2.998990,3.845180,3.086610,"Citi Velocity, exported by Charlie",estr_eonia_1y5y_citi_2026-10-05.xlsx
2023-08-04,3.771800,3.003560,3.860070,3.091180,"Citi Velocity, exported by Charlie",estr_eonia_1y5y_citi_2026-10-05.xlsx
2023-08-07,3.780390,3.023250,3.868690,3.110890,"Citi Velocity, exported by Charlie",estr_eonia_1y5y_citi_2026-10-05.xlsx
2023-08-08,3.754170,2.934270,3.842460,3.021830,"Citi Velocity, exported by Charlie",estr_eonia_1y5y_citi_2026-10-05.xlsx
2023-08-09,3.767410,2.952090,3.855700,3.039670,"Citi Velocity, exported by Charlie",estr_eonia_1y5y_citi_2026-10-05.xlsx
2023-08-10,3.774020,2.986510,3.862310,3.074120,"Citi Velocity, exported by Charlie",estr_eonia_1y5y_citi_2026-10-05.xlsx
2023-08-11,3.798980,3.065250,3.887270,3.152920,"Citi Velocity, exported by Charlie",estr_eonia_1y5y_citi_2026-10-05.xlsx
2023-08-14,3.816840,3.084070,3.905170,3.171760,"Citi Velocity, exported by Charlie",estr_eonia_1y5y_citi_2026-10-05.xlsx
2023-08-15,3.832480,3.117430,3.920840,3.205150,"Citi Velocity, exported by Charlie",estr_eonia_1y5y_citi_2026-10-05.xlsx
2023-08-16,3.826500,3.084210,3.914850,3.171900,"Citi Velocity, exported by Charlie",estr_eonia_1y5y_citi_2026-10-05.xlsx
2023-08-17,3.837730,3.123110,3.926070,3.210830,"Citi Velocity, exported by Charlie",estr_eonia_1y5y_citi_2026-10-05.xlsx
2023-08-18,3.811280,3.073610,3.899590,3.161290,"Citi Velocity, exported by Charlie",estr_eonia_1y5y_citi_2026-10-05.xlsx
2023-08-21,3.838420,3.134890,3.926770,3.222620,"Citi Velocity, exported by Charlie",estr_eonia_1y5y_citi_2026-10-05.xlsx
2023-08-22,3.825480,3.086170,3.913830,3.173860,"Citi Velocity, exported by Charlie",estr_eonia_1y5y_citi_2026-10-05.xlsx
2023-08-23,3.745710,2.956130,3.833990,3.043710,"Citi Velocity, exported by Charlie",estr_eonia_1y5y_citi_2026-10-05.xlsx
2023-08-24,3.744610,2.959770,3.832870,3.047350,"Citi Velocity, exported by Charlie",estr_eonia_1y5y_citi_2026-10-05.xlsx
2023-08-25,3.778700,3.016650,3.866980,3.104280,"Citi Velocity, exported by Charlie",estr_eonia_1y5y_citi_2026-10-05.xlsx
2023-08-28,3.806010,3.032530,3.894320,3.120180,"Citi Velocity, exported by Charlie",estr_eonia_1y5y_citi_2026-10-05.xlsx
2023-08-29,3.797400,2.966710,3.885710,3.054300,"Citi Velocity, exported by Charlie",estr_eonia_1y5y_citi_2026-10-05.xlsx
2023-08-30,3.804520,2.978750,3.892850,3.066350,"Citi Velocity, exported by Charlie",estr_eonia_1y5y_citi_2026-10-05.xlsx
2023-08-31,3.730740,2.901870,3.818990,2.989400,"Citi Velocity, exported by Charlie",estr_eonia_1y5y_citi_2026-10-05.xlsx
2023-09-01,3.729000,2.946860,3.817230,3.034430,"Citi Velocity, exported by Charlie",estr_eonia_1y5y_citi_2026-10-05.xlsx
2023-09-04,3.749050,2.988600,3.837320,3.076200,"Citi Velocity, exported by Charlie",estr_eonia_1y5y_citi_2026-10-05.xlsx
2023-09-05,3.744910,3.001320,3.833200,3.088940,"Citi Velocity, exported by Charlie",estr_eonia_1y5y_citi_2026-10-05.xlsx
2023-09-06,3.776220,3.046260,3.864520,3.133920,"Citi Velocity, exported by Charlie",estr_eonia_1y5y_citi_2026-10-05.xlsx
2023-09-07,3.774170,3.021250,3.862460,3.108880,"Citi Velocity, exported by Charlie",estr_eonia_1y5y_citi_2026-10-05.xlsx
2023-09-08,3.769910,3.003530,3.858180,3.091160,"Citi Velocity, exported by Charlie",estr_eonia_1y5y_citi_2026-10-05.xlsx
2023-09-11,3.793510,3.040610,3.881820,3.128270,"Citi Velocity, exported by Charlie",estr_eonia_1y5y_citi_2026-10-05.xlsx
2023-09-12,3.821040,3.059270,3.909390,3.146950,"Citi Velocity, exported by Charlie",estr_eonia_1y5y_citi_2026-10-05.xlsx
2023-09-13,3.860020,3.090530,3.948400,3.178230,"Citi Velocity, exported by Charlie",estr_eonia_1y5y_citi_2026-10-05.xlsx
2023-09-14,3.882240,3.009140,3.970630,3.096770,"Citi Velocity, exported by Charlie",estr_eonia_1y5y_citi_2026-10-05.xlsx
2023-09-15,3.910720,3.069800,3.999110,3.157480,"Citi Velocity, exported by Charlie",estr_eonia_1y5y_citi_2026-10-05.xlsx
2023-09-18,3.939380,3.129220,4.027810,3.216950,"Citi Velocity, exported by Charlie",estr_eonia_1y5y_citi_2026-10-05.xlsx
2023-09-19,3.936910,3.138940,4.025360,3.226680,"Citi Velocity, exported by Charlie",estr_eonia_1y5y_citi_2026-10-05.xlsx
2023-09-20,3.921780,3.105140,4.010210,3.192850,"Citi Velocity, exported by Charlie",estr_eonia_1y5y_citi_2026-10-05.xlsx
2023-09-21,3.919220,3.132210,4.007640,3.219940,"Citi Velocity, exported by Charlie",estr_eonia_1y5y_citi_2026-10-05.xlsx
2023-09-22,3.919970,3.126690,4.008360,3.214420,"Citi Velocity, exported by Charlie",estr_eonia_1y5y_citi_2026-10-05.xlsx
2023-09-25,3.907610,3.136920,3.996010,3.224660,"Citi Velocity, exported by Charlie",estr_eonia_1y5y_citi_2026-10-05.xlsx
2023-09-26,3.908810,3.144000,3.997240,3.231750,"Citi Velocity, exported by Charlie",estr_eonia_1y5y_citi_2026-10-05.xlsx
2023-09-27,3.905240,3.169040,3.993660,3.256810,"Citi Velocity, exported by Charlie",estr_eonia_1y5y_citi_2026-10-05.xlsx
2023-09-28,3.931430,3.291970,4.019850,3.379840,"Citi Velocity, exported by Charlie",estr_eonia_1y5y_citi_2026-10-05.xlsx
2023-09-29,3.896830,3.153990,3.985210,3.241740,"Citi Velocity, exported by Charlie",estr_eonia_1y5y_citi_2026-10-05.xlsx
2023-10-02,3.901670,3.214340,3.990070,3.302140,"Citi Velocity, exported by Charlie",estr_eonia_1y5y_citi_2026-10-05.xlsx
2023-10-03,3.895330,3.238060,3.983740,3.325890,"Citi Velocity, exported by Charlie",estr_eonia_1y5y_citi_2026-10-05.xlsx
2023-10-04,3.881850,3.225900,3.970240,3.313720,"Citi Velocity, exported by Charlie",estr_eonia_1y5y_citi_2026-10-05.xlsx
2023-10-05,3.855090,3.155980,3.943450,3.243730,"Citi Velocity, exported by Charlie",estr_eonia_1y5y_citi_2026-10-05.xlsx
2023-10-06,3.850160,3.159590,3.938500,3.247350,"Citi Velocity, exported by Charlie",estr_eonia_1y5y_citi_2026-10-05.xlsx
2023-10-09,3.806690,3.054320,3.895000,3.141990,"Citi Velocity, exported by Charlie",estr_eonia_1y5y_citi_2026-10-05.xlsx
2023-10-10,3.815400,3.068580,3.903740,3.156260,"Citi Velocity, exported by Charlie",estr_eonia_1y5y_citi_2026-10-05.xlsx
2023-10-11,3.833290,3.061990,3.921640,3.149660,"Citi Velocity, exported by Charlie",estr_eonia_1y5y_citi_2026-10-05.xlsx
2023-10-12,3.857030,3.121810,3.945390,3.209540,"Citi Velocity, exported by Charlie",estr_eonia_1y5y_citi_2026-10-05.xlsx
2023-10-13,3.838620,3.087760,3.926950,3.175450,"Citi Velocity, exported by Charlie",estr_eonia_1y5y_citi_2026-10-05.xlsx
2023-10-16,3.843220,3.105920,3.931570,3.193630,"Citi Velocity, exported by Charlie",estr_eonia_1y5y_citi_2026-10-05.xlsx
2023-10-17,3.872390,3.180170,3.960780,3.267940,"Citi Velocity, exported by Charlie",estr_eonia_1y5y_citi_2026-10-05.xlsx
2023-10-18,3.879750,3.215550,3.968140,3.303360,"Citi Velocity, exported by Charlie",estr_eonia_1y5y_citi_2026-10-05.xlsx
2023-10-19,3.877790,3.229600,3.966170,3.317410,"Citi Velocity, exported by Charlie",estr_eonia_1y5y_citi_2026-10-05.xlsx
2023-10-20,3.833990,3.164900,3.922310,3.252660,"Citi Velocity, exported by Charlie",estr_eonia_1y5y_citi_2026-10-05.xlsx
2023-10-23,3.845850,3.160310,3.934200,3.248070,"Citi Velocity, exported by Charlie",estr_eonia_1y5y_citi_2026-10-05.xlsx
2023-10-24,3.821340,3.109900,3.909690,3.197610,"Citi Velocity, exported by Charlie",estr_eonia_1y5y_citi_2026-10-05.xlsx
2023-10-25,3.824990,3.129890,3.913330,3.217620,"Citi Velocity, exported by Charlie",estr_eonia_1y5y_citi_2026-10-05.xlsx
2023-10-26,3.788630,3.079990,3.876930,3.167680,"Citi Velocity, exported by Charlie",estr_eonia_1y5y_citi_2026-10-05.xlsx
2023-10-27,3.765850,3.040400,3.854110,3.128050,"Citi Velocity, exported by Charlie",estr_eonia_1y5y_citi_2026-10-05.xlsx
2023-10-30,3.741750,3.016290,3.830010,3.103920,"Citi Velocity, exported by Charlie",estr_eonia_1y5y_citi_2026-10-05.xlsx
2023-10-31,3.730540,2.989470,3.818810,3.077080,"Citi Velocity, exported by Charlie",estr_eonia_1y5y_citi_2026-10-05.xlsx
2023-11-01,3.711340,2.927380,3.799590,3.014930,"Citi Velocity, exported by Charlie",estr_eonia_1y5y_citi_2026-10-05.xlsx
2023-11-02,3.704820,2.897930,3.793050,2.985460,"Citi Velocity, exported by Charlie",estr_eonia_1y5y_citi_2026-10-05.xlsx
2023-11-03,3.702200,2.847570,3.790410,2.935060,"Citi Velocity, exported by Charlie",estr_eonia_1y5y_citi_2026-10-05.xlsx
2023-11-06,3.715370,2.898400,3.803610,2.985930,"Citi Velocity, exported by Charlie",estr_eonia_1y5y_citi_2026-10-05.xlsx
2023-11-07,3.704990,2.866260,3.793240,2.953770,"Citi Velocity, exported by Charlie",estr_eonia_1y5y_citi_2026-10-05.xlsx
2023-11-08,3.714670,2.854110,3.802920,2.941600,"Citi Velocity, exported by Charlie",estr_eonia_1y5y_citi_2026-10-05.xlsx
2023-11-09,3.713780,2.865880,3.802010,2.953390,"Citi Velocity, exported by Charlie",estr_eonia_1y5y_citi_2026-10-05.xlsx
2023-11-10,3.729300,2.909730,3.817530,2.997270,"Citi Velocity, exported by Charlie",estr_eonia_1y5y_citi_2026-10-05.xlsx
2023-11-13,3.742760,2.930500,3.831030,3.018050,"Citi Velocity, exported by Charlie",estr_eonia_1y5y_citi_2026-10-05.xlsx
2023-11-14,3.691420,2.825820,3.779660,2.913290,"Citi Velocity, exported by Charlie",estr_eonia_1y5y_citi_2026-10-05.xlsx
2023-11-15,3.700940,2.839970,3.789180,2.927450,"Citi Velocity, exported by Charlie",estr_eonia_1y5y_citi_2026-10-05.xlsx
2023-11-16,3.661460,2.782290,3.749650,2.869720,"Citi Velocity, exported by Charlie",estr_eonia_1y5y_citi_2026-10-05.xlsx
2023-11-17,3.679890,2.808720,3.768080,2.896170,"Citi Velocity, exported by Charlie",estr_eonia_1y5y_citi_2026-10-05.xlsx
2023-11-20,3.699940,2.832540,3.788160,2.920010,"Citi Velocity, exported by Charlie",estr_eonia_1y5y_citi_2026-10-05.xlsx
2023-11-21,3.689510,2.788480,3.777740,2.875920,"Citi Velocity, exported by Charlie",estr_eonia_1y5y_citi_2026-10-05.xlsx
2023-11-22,3.703860,2.812230,3.792090,2.899690,"Citi Velocity, exported by Charlie",estr_eonia_1y5y_citi_2026-10-05.xlsx
2023-11-23,3.722670,2.870970,3.810910,2.958480,"Citi Velocity, exported by Charlie",estr_eonia_1y5y_citi_2026-10-05.xlsx
2023-11-24,3.723730,2.888270,3.811960,2.975790,"Citi Velocity, exported by Charlie",estr_eonia_1y5y_citi_2026-10-05.xlsx
2023-11-27,3.682150,2.785710,3.770360,2.873140,"Citi Velocity, exported by Charlie",estr_eonia_1y5y_citi_2026-10-05.xlsx
2023-11-28,3.647090,2.732060,3.735270,2.819450,"Citi Velocity, exported by Charlie",estr_eonia_1y5y_citi_2026-10-05.xlsx
2023-11-29,3.583150,2.649220,3.671290,2.736530,"Citi Velocity, exported by Charlie",estr_eonia_1y5y_citi_2026-10-05.xlsx
2023-11-30,3.569190,2.677520,3.657310,2.764860,"Citi Velocity, exported by Charlie",estr_eonia_1y5y_citi_2026-10-05.xlsx
2023-12-01,3.412220,2.542380,3.500180,2.629610,"Citi Velocity, exported by Charlie",estr_eonia_1y5y_citi_2026-10-05.xlsx
2023-12-04,3.424350,2.521390,3.512340,2.608600,"Citi Velocity, exported by Charlie",estr_eonia_1y5y_citi_2026-10-05.xlsx
2023-12-05,3.366340,2.439320,3.454300,2.526450,"Citi Velocity, exported by Charlie",estr_eonia_1y5y_citi_2026-10-05.xlsx
2023-12-06,3.374730,2.422000,3.462680,2.509120,"Citi Velocity, exported by Charlie",estr_eonia_1y5y_citi_2026-10-05.xlsx
2023-12-07,3.371800,2.401130,3.459750,2.488230,"Citi Velocity, exported by Charlie",estr_eonia_1y5y_citi_2026-10-05.xlsx
2023-12-08,3.428390,2.473110,3.516360,2.560280,"Citi Velocity, exported by Charlie",estr_eonia_1y5y_citi_2026-10-05.xlsx
2023-12-11,3.428040,2.480210,3.516030,2.567390,"Citi Velocity, exported by Charlie",estr_eonia_1y5y_citi_2026-10-05.xlsx
2023-12-12,3.435020,2.453560,3.523030,2.540710,"Citi Velocity, exported by Charlie",estr_eonia_1y5y_citi_2026-10-05.xlsx
2023-12-13,3.395280,2.402180,3.483250,2.489280,"Citi Velocity, exported by Charlie",estr_eonia_1y5y_citi_2026-10-05.xlsx
2023-12-14,3.324740,2.323060,3.412650,2.410100,"Citi Velocity, exported by Charlie",estr_eonia_1y5y_citi_2026-10-05.xlsx
2023-12-15,3.285950,2.235550,3.373800,2.322510,"Citi Velocity, exported by Charlie",estr_eonia_1y5y_citi_2026-10-05.xlsx
2023-12-18,3.339530,2.283860,3.427450,2.370860,"Citi Velocity, exported by Charlie",estr_eonia_1y5y_citi_2026-10-05.xlsx
2023-12-19,3.323290,2.247560,3.411200,2.334530,"Citi Velocity, exported by Charlie",estr_eonia_1y5y_citi_2026-10-05.xlsx
2023-12-20,3.282310,2.200950,3.370180,2.287880,"Citi Velocity, exported by Charlie",estr_eonia_1y5y_citi_2026-10-05.xlsx
2023-12-21,3.265830,2.179200,3.353680,2.266110,"Citi Velocity, exported by Charlie",estr_eonia_1y5y_citi_2026-10-05.xlsx
2023-12-22,3.235560,2.161720,3.323370,2.248620,"Citi Velocity, exported by Charlie",estr_eonia_1y5y_citi_2026-10-05.xlsx
2023-12-25,3.240330,2.160990,3.328180,2.247890,"Citi Velocity, exported by Charlie",estr_eonia_1y5y_citi_2026-10-05.xlsx
2023-12-26,3.240330,2.160990,3.328180,2.247890,"Citi Velocity, exported by Charlie",estr_eonia_1y5y_citi_2026-10-05.xlsx
2023-12-27,3.215720,2.115960,3.303540,2.202820,"Citi Velocity, exported by Charlie",estr_eonia_1y5y_citi_2026-10-05.xlsx
2023-12-28,3.185120,2.125280,3.272900,2.212140,"Citi Velocity, exported by Charlie",estr_eonia_1y5y_citi_2026-10-05.xlsx
2023-12-29,3.209440,2.177200,3.297210,2.264120,"Citi Velocity, exported by Charlie",estr_eonia_1y5y_citi_2026-10-05.xlsx
2024-01-01,3.209090,2.177750,3.296890,2.264670,"Citi Velocity, exported by Charlie",estr_eonia_1y5y_citi_2026-10-05.xlsx
2024-01-02,3.220530,2.200910,3.308360,2.287840,"Citi Velocity, exported by Charlie",estr_eonia_1y5y_citi_2026-10-05.xlsx
2024-01-03,3.211840,2.173820,3.299650,2.260730,"Citi Velocity, exported by Charlie",estr_eonia_1y5y_citi_2026-10-05.xlsx
2024-01-04,3.273890,2.269890,3.361740,2.356880,"Citi Velocity, exported by Charlie",estr_eonia_1y5y_citi_2026-10-05.xlsx
2024-01-05,3.291370,2.306910,3.379220,2.393930,"Citi Velocity, exported by Charlie",estr_eonia_1y5y_citi_2026-10-05.xlsx
2024-01-08,3.288920,2.302820,3.376790,2.389840,"Citi Velocity, exported by Charlie",estr_eonia_1y5y_citi_2026-10-05.xlsx
2024-01-09,3.313990,2.367390,3.401900,2.454460,"Citi Velocity, exported by Charlie",estr_eonia_1y5y_citi_2026-10-05.xlsx
2024-01-10,3.342560,2.390540,3.430480,2.477640,"Citi Velocity, exported by Charlie",estr_eonia_1y5y_citi_2026-10-05.xlsx
2024-01-11,3.319910,2.388260,3.407810,2.475350,"Citi Velocity, exported by Charlie",estr_eonia_1y5y_citi_2026-10-05.xlsx
2024-01-12,3.228810,2.308180,3.316610,2.395200,"Citi Velocity, exported by Charlie",estr_eonia_1y5y_citi_2026-10-05.xlsx
2024-01-15,3.277290,2.339770,3.365150,2.426820,"Citi Velocity, exported by Charlie",estr_eonia_1y5y_citi_2026-10-05.xlsx
2024-01-16,3.286030,2.355820,3.373910,2.442890,"Citi Velocity, exported by Charlie",estr_eonia_1y5y_citi_2026-10-05.xlsx
2024-01-17,3.359890,2.437420,3.447830,2.524560,"Citi Velocity, exported by Charlie",estr_eonia_1y5y_citi_2026-10-05.xlsx
2024-01-18,3.352160,2.456090,3.440090,2.543240,"Citi Velocity, exported by Charlie",estr_eonia_1y5y_citi_2026-10-05.xlsx
2024-01-19,3.377850,2.474480,3.465780,2.561650,"Citi Velocity, exported by Charlie",estr_eonia_1y5y_citi_2026-10-05.xlsx
2024-01-22,3.367750,2.440350,3.455690,2.527490,"Citi Velocity, exported by Charlie",estr_eonia_1y5y_citi_2026-10-05.xlsx
2024-01-23,3.372160,2.474140,3.460120,2.561310,"Citi Velocity, exported by Charlie",estr_eonia_1y5y_citi_2026-10-05.xlsx
2024-01-24,3.369660,2.465410,3.457610,2.552570,"Citi Velocity, exported by Charlie",estr_eonia_1y5y_citi_2026-10-05.xlsx
2024-01-25,3.284120,2.392720,3.371990,2.479810,"Citi Velocity, exported by Charlie",estr_eonia_1y5y_citi_2026-10-05.xlsx
2024-01-26,3.285210,2.401210,3.373060,2.488320,"Citi Velocity, exported by Charlie",estr_eonia_1y5y_citi_2026-10-05.xlsx
2024-01-29,3.239440,2.333410,3.327270,2.420460,"Citi Velocity, exported by Charlie",estr_eonia_1y5y_citi_2026-10-05.xlsx
2024-01-30,3.278910,2.371810,3.366790,2.458890,"Citi Velocity, exported by Charlie",estr_eonia_1y5y_citi_2026-10-05.xlsx
2024-01-31,3.198460,2.265230,3.286260,2.352220,"Citi Velocity, exported by Charlie",estr_eonia_1y5y_citi_2026-10-05.xlsx
2024-02-01,3.214810,2.243040,3.302620,2.330010,"Citi Velocity, exported by Charlie",estr_eonia_1y5y_citi_2026-10-05.xlsx
2024-02-02,3.329110,2.372020,3.416990,2.459100,"Citi Velocity, exported by Charlie",estr_eonia_1y5y_citi_2026-10-05.xlsx
2024-02-05,3.364140,2.462040,3.452070,2.549200,"Citi Velocity, exported by Charlie",estr_eonia_1y5y_citi_2026-10-05.xlsx
2024-02-06,3.339920,2.429290,3.427850,2.516410,"Citi Velocity, exported by Charlie",estr_eonia_1y5y_citi_2026-10-05.xlsx
2024-02-07,3.347970,2.430630,3.435900,2.517760,"Citi Velocity, exported by Charlie",estr_eonia_1y5y_citi_2026-10-05.xlsx
2024-02-08,3.377970,2.483930,3.465920,2.571100,"Citi Velocity, exported by Charlie",estr_eonia_1y5y_citi_2026-10-05.xlsx
2024-02-09,3.404220,2.530170,3.492170,2.617390,"Citi Velocity, exported by Charlie",estr_eonia_1y5y_citi_2026-10-05.xlsx
2024-02-12,3.378860,2.504830,3.466810,2.592030,"Citi Velocity, exported by Charlie",estr_eonia_1y5y_citi_2026-10-05.xlsx
2024-02-13,3.430760,2.540350,3.518770,2.627570,"Citi Velocity, exported by Charlie",estr_eonia_1y5y_citi_2026-10-05.xlsx
2024-02-14,3.405320,2.499720,3.493290,2.586910,"Citi Velocity, exported by Charlie",estr_eonia_1y5y_citi_2026-10-05.xlsx
2024-02-15,3.398850,2.490720,3.486810,2.577900,"Citi Velocity, exported by Charlie",estr_eonia_1y5y_citi_2026-10-05.xlsx
2024-02-16,3.444110,2.549050,3.532090,2.636280,"Citi Velocity, exported by Charlie",estr_eonia_1y5y_citi_2026-10-05.xlsx
2024-02-19,3.442810,2.547950,3.530820,2.635180,"Citi Velocity, exported by Charlie",estr_eonia_1y5y_citi_2026-10-05.xlsx
2024-02-20,3.408890,2.512720,3.496880,2.599920,"Citi Velocity, exported by Charlie",estr_eonia_1y5y_citi_2026-10-05.xlsx
2024-02-21,3.446870,2.568950,3.534880,2.656200,"Citi Velocity, exported by Charlie",estr_eonia_1y5y_citi_2026-10-05.xlsx
2024-02-22,3.481820,2.587420,3.569860,2.674690,"Citi Velocity, exported by Charlie",estr_eonia_1y5y_citi_2026-10-05.xlsx
2024-02-23,3.456730,2.532860,3.544730,2.620070,"Citi Velocity, exported by Charlie",estr_eonia_1y5y_citi_2026-10-05.xlsx
2024-02-26,3.500320,2.592920,3.588380,2.680190,"Citi Velocity, exported by Charlie",estr_eonia_1y5y_citi_2026-10-05.xlsx
2024-02-27,3.491330,2.606520,3.579360,2.693800,"Citi Velocity, exported by Charlie",estr_eonia_1y5y_citi_2026-10-05.xlsx
2024-02-28,3.484870,2.615350,3.572920,2.702640,"Citi Velocity, exported by Charlie",estr_eonia_1y5y_citi_2026-10-05.xlsx
2024-02-29,3.481620,2.577590,3.569650,2.664850,"Citi Velocity, exported by Charlie",estr_eonia_1y5y_citi_2026-10-05.xlsx
2024-03-01,3.485660,2.569730,3.573670,2.656970,"Citi Velocity, exported by Charlie",estr_eonia_1y5y_citi_2026-10-05.xlsx
2024-03-04,3.495740,2.566070,3.583780,2.653320,"Citi Velocity, exported by Charlie",estr_eonia_1y5y_citi_2026-10-05.xlsx
2024-03-05,3.472630,2.510480,3.560650,2.597680,"Citi Velocity, exported by Charlie",estr_eonia_1y5y_citi_2026-10-05.xlsx
2024-03-06,3.482320,2.523770,3.570360,2.610980,"Citi Velocity, exported by Charlie",estr_eonia_1y5y_citi_2026-10-05.xlsx
2024-03-07,3.450850,2.492580,3.538850,2.579770,"Citi Velocity, exported by Charlie",estr_eonia_1y5y_citi_2026-10-05.xlsx
2024-03-08,3.402140,2.420950,3.490080,2.508070,"Citi Velocity, exported by Charlie",estr_eonia_1y5y_citi_2026-10-05.xlsx
2024-03-11,3.429530,2.446380,3.517520,2.533520,"Citi Velocity, exported by Charlie",estr_eonia_1y5y_citi_2026-10-05.xlsx
2024-03-12,3.454250,2.475480,3.542250,2.562650,"Citi Velocity, exported by Charlie",estr_eonia_1y5y_citi_2026-10-05.xlsx
2024-03-13,3.463250,2.503050,3.551280,2.590250,"Citi Velocity, exported by Charlie",estr_eonia_1y5y_citi_2026-10-05.xlsx
2024-03-14,3.471330,2.562300,3.559350,2.649540,"Citi Velocity, exported by Charlie",estr_eonia_1y5y_citi_2026-10-05.xlsx
2024-03-15,3.494540,2.591890,3.582560,2.679150,"Citi Velocity, exported by Charlie",estr_eonia_1y5y_citi_2026-10-05.xlsx
2024-03-18,3.503240,2.600760,3.591290,2.688030,"Citi Velocity, exported by Charlie",estr_eonia_1y5y_citi_2026-10-05.xlsx
2024-03-19,3.478450,2.571080,3.566480,2.658330,"Citi Velocity, exported by Charlie",estr_eonia_1y5y_citi_2026-10-05.xlsx
2024-03-20,3.478840,2.583840,3.566880,2.671100,"Citi Velocity, exported by Charlie",estr_eonia_1y5y_citi_2026-10-05.xlsx
2024-03-21,3.443000,2.541790,3.530990,2.629010,"Citi Velocity, exported by Charlie",estr_eonia_1y5y_citi_2026-10-05.xlsx
2024-03-22,3.411340,2.478340,3.499290,2.565510,"Citi Velocity, exported by Charlie",estr_eonia_1y5y_citi_2026-10-05.xlsx
2024-03-25,3.443000,2.527090,3.530990,2.614300,"Citi Velocity, exported by Charlie",estr_eonia_1y5y_citi_2026-10-05.xlsx
2024-03-26,3.429910,2.514320,3.517900,2.601520,"Citi Velocity, exported by Charlie",estr_eonia_1y5y_citi_2026-10-05.xlsx
2024-03-27,3.397110,2.461870,3.485060,2.549020,"Citi Velocity, exported by Charlie",estr_eonia_1y5y_citi_2026-10-05.xlsx
2024-03-28,3.403810,2.453610,3.491730,2.540760,"Citi Velocity, exported by Charlie",estr_eonia_1y5y_citi_2026-10-05.xlsx
2024-03-29,3.407200,2.454120,3.495170,2.541270,"Citi Velocity, exported by Charlie",estr_eonia_1y5y_citi_2026-10-05.xlsx
2024-04-01,3.407200,2.454120,3.495170,2.541270,"Citi Velocity, exported by Charlie",estr_eonia_1y5y_citi_2026-10-05.xlsx
2024-04-02,3.392200,2.523080,3.480150,2.610280,"Citi Velocity, exported by Charlie",estr_eonia_1y5y_citi_2026-10-05.xlsx
2024-04-03,3.411380,2.533510,3.499360,2.620720,"Citi Velocity, exported by Charlie",estr_eonia_1y5y_citi_2026-10-05.xlsx
2024-04-04,3.400970,2.497720,3.488930,2.584900,"Citi Velocity, exported by Charlie",estr_eonia_1y5y_citi_2026-10-05.xlsx
2024-04-05,3.409690,2.541020,3.497640,2.628240,"Citi Velocity, exported by Charlie",estr_eonia_1y5y_citi_2026-10-05.xlsx
2024-04-08,3.432330,2.586970,3.520310,2.674230,"Citi Velocity, exported by Charlie",estr_eonia_1y5y_citi_2026-10-05.xlsx
2024-04-09,3.415490,2.532220,3.503460,2.619430,"Citi Velocity, exported by Charlie",estr_eonia_1y5y_citi_2026-10-05.xlsx
2024-04-10,3.461160,2.591520,3.549190,2.678780,"Citi Velocity, exported by Charlie",estr_eonia_1y5y_citi_2026-10-05.xlsx
2024-04-11,3.481760,2.651380,3.569790,2.738700,"Citi Velocity, exported by Charlie",estr_eonia_1y5y_citi_2026-10-05.xlsx
2024-04-12,3.399540,2.535290,3.487480,2.622500,"Citi Velocity, exported by Charlie",estr_eonia_1y5y_citi_2026-10-05.xlsx
2024-04-15,3.422480,2.598620,3.510460,2.685890,"Citi Velocity, exported by Charlie",estr_eonia_1y5y_citi_2026-10-05.xlsx
2024-04-16,3.441130,2.668760,3.529160,2.756090,"Citi Velocity, exported by Charlie",estr_eonia_1y5y_citi_2026-10-05.xlsx
2024-04-17,3.439070,2.644690,3.527090,2.732000,"Citi Velocity, exported by Charlie",estr_eonia_1y5y_citi_2026-10-05.xlsx
2024-04-18,3.449970,2.673820,3.537970,2.761160,"Citi Velocity, exported by Charlie",estr_eonia_1y5y_citi_2026-10-05.xlsx
2024-04-19,3.459080,2.697670,3.547070,2.785030,"Citi Velocity, exported by Charlie",estr_eonia_1y5y_citi_2026-10-05.xlsx
2024-04-22,3.431690,2.671840,3.519670,2.759180,"Citi Velocity, exported by Charlie",estr_eonia_1y5y_citi_2026-10-05.xlsx
2024-04-23,3.438830,2.668290,3.526820,2.755620,"Citi Velocity, exported by Charlie",estr_eonia_1y5y_citi_2026-10-05.xlsx
2024-04-24,3.462000,2.736850,3.550030,2.824240,"Citi Velocity, exported by Charlie",estr_eonia_1y5y_citi_2026-10-05.xlsx
2024-04-25,3.490500,2.774110,3.578540,2.861530,"Citi Velocity, exported by Charlie",estr_eonia_1y5y_citi_2026-10-05.xlsx
2024-04-26,3.479150,2.730620,3.567160,2.818010,"Citi Velocity, exported by Charlie",estr_eonia_1y5y_citi_2026-10-05.xlsx
2024-04-29,3.446240,2.679670,3.534000,2.767010,"Citi Velocity, exported by Charlie",estr_eonia_1y5y_citi_2026-10-05.xlsx
2024-04-30,3.493810,2.760630,3.581620,2.848040,"Citi Velocity, exported by Charlie",estr_eonia_1y5y_citi_2026-10-05.xlsx
2024-05-01,3.515770,2.760970,3.603600,2.848380,"Citi Velocity, exported by Charlie",estr_eonia_1y5y_citi_2026-10-05.xlsx
2024-05-02,3.471400,2.733280,3.559180,2.820670,"Citi Velocity, exported by Charlie",estr_eonia_1y5y_citi_2026-10-05.xlsx
2024-05-03,3.430600,2.673790,3.518350,2.761130,"Citi Velocity, exported by Charlie",estr_eonia_1y5y_citi_2026-10-05.xlsx
2024-05-06,3.421550,2.647110,3.509290,2.734430,"Citi Velocity, exported by Charlie",estr_eonia_1y5y_citi_2026-10-05.xlsx
2024-05-07,3.419950,2.603940,3.507690,2.691220,"Citi Velocity, exported by Charlie",estr_eonia_1y5y_citi_2026-10-05.xlsx
2024-05-08,3.430480,2.639660,3.518240,2.726970,"Citi Velocity, exported by Charlie",estr_eonia_1y5y_citi_2026-10-05.xlsx
2024-05-09,3.427830,2.662740,3.515580,2.750070,"Citi Velocity, exported by Charlie",estr_eonia_1y5y_citi_2026-10-05.xlsx
2024-05-10,3.446420,2.688590,3.534180,2.775940,"Citi Velocity, exported by Charlie",estr_eonia_1y5y_citi_2026-10-05.xlsx
2024-05-13,3.427380,2.665130,3.515120,2.752460,"Citi Velocity, exported by Charlie",estr_eonia_1y5y_citi_2026-10-05.xlsx
2024-05-14,3.439140,2.698210,3.526890,2.785570,"Citi Velocity, exported by Charlie",estr_eonia_1y5y_citi_2026-10-05.xlsx
2024-05-15,3.396060,2.592130,3.483790,2.679400,"Citi Velocity, exported by Charlie",estr_eonia_1y5y_citi_2026-10-05.xlsx
2024-05-16,3.399760,2.609490,3.487470,2.696770,"Citi Velocity, exported by Charlie",estr_eonia_1y5y_citi_2026-10-05.xlsx
2024-05-17,3.433900,2.675530,3.521640,2.762860,"Citi Velocity, exported by Charlie",estr_eonia_1y5y_citi_2026-10-05.xlsx
2024-05-20,3.434160,2.697670,3.521900,2.785030,"Citi Velocity, exported by Charlie",estr_eonia_1y5y_citi_2026-10-05.xlsx
2024-05-21,3.423610,2.669420,3.511340,2.756750,"Citi Velocity, exported by Charlie",estr_eonia_1y5y_citi_2026-10-05.xlsx
2024-05-22,3.447870,2.695580,3.535640,2.782930,"Citi Velocity, exported by Charlie",estr_eonia_1y5y_citi_2026-10-05.xlsx
2024-05-23,3.487720,2.775870,3.575510,2.863290,"Citi Velocity, exported by Charlie",estr_eonia_1y5y_citi_2026-10-05.xlsx
2024-05-24,3.492130,2.753450,3.579920,2.840860,"Citi Velocity, exported by Charlie",estr_eonia_1y5y_citi_2026-10-05.xlsx
2024-05-27,3.460770,2.728590,3.548530,2.815980,"Citi Velocity, exported by Charlie",estr_eonia_1y5y_citi_2026-10-05.xlsx
2024-05-28,3.461560,2.748300,3.549320,2.835700,"Citi Velocity, exported by Charlie",estr_eonia_1y5y_citi_2026-10-05.xlsx
2024-05-29,3.479450,2.818520,3.567220,2.905980,"Citi Velocity, exported by Charlie",estr_eonia_1y5y_citi_2026-10-05.xlsx
2024-05-30,3.460420,2.803440,3.548190,2.890890,"Citi Velocity, exported by Charlie",estr_eonia_1y5y_citi_2026-10-05.xlsx
2024-05-31,3.475240,2.787450,3.563010,2.874890,"Citi Velocity, exported by Charlie",estr_eonia_1y5y_citi_2026-10-05.xlsx
2024-06-03,3.444360,2.724840,3.532110,2.812220,"Citi Velocity, exported by Charlie",estr_eonia_1y5y_citi_2026-10-05.xlsx
2024-06-04,3.420750,2.686980,3.508480,2.774330,"Citi Velocity, exported by Charlie",estr_eonia_1y5y_citi_2026-10-05.xlsx
2024-06-05,3.408890,2.661960,3.496630,2.749290,"Citi Velocity, exported by Charlie",estr_eonia_1y5y_citi_2026-10-05.xlsx
2024-06-06,3.432390,2.708080,3.520130,2.795440,"Citi Velocity, exported by Charlie",estr_eonia_1y5y_citi_2026-10-05.xlsx
2024-06-07,3.465680,2.775860,3.553450,2.863280,"Citi Velocity, exported by Charlie",estr_eonia_1y5y_citi_2026-10-05.xlsx
2024-06-10,3.472830,2.820250,3.560600,2.907720,"Citi Velocity, exported by Charlie",estr_eonia_1y5y_citi_2026-10-05.xlsx
2024-06-11,3.447440,2.778180,3.535200,2.865600,"Citi Velocity, exported by Charlie",estr_eonia_1y5y_citi_2026-10-05.xlsx
2024-06-12,3.408150,2.696990,3.495890,2.784340,"Citi Velocity, exported by Charlie",estr_eonia_1y5y_citi_2026-10-05.xlsx
2024-06-13,3.397780,2.689410,3.485500,2.776760,"Citi Velocity, exported by Charlie",estr_eonia_1y5y_citi_2026-10-05.xlsx
2024-06-14,3.338340,2.581900,3.426000,2.669160,"Citi Velocity, exported by Charlie",estr_eonia_1y5y_citi_2026-10-05.xlsx
2024-06-17,3.355270,2.624480,3.443250,2.711770,"Citi Velocity, exported by Charlie",estr_eonia_1y5y_citi_2026-10-05.xlsx
2024-06-18,3.355360,2.601040,3.443440,2.688310,"Citi Velocity, exported by Charlie",estr_eonia_1y5y_citi_2026-10-05.xlsx
2024-06-19,3.359160,2.619670,3.447310,2.706960,"Citi Velocity, exported by Charlie",estr_eonia_1y5y_citi_2026-10-05.xlsx
2024-06-20,3.357250,2.642470,3.445150,2.729780,"Citi Velocity, exported by Charlie",estr_eonia_1y5y_citi_2026-10-05.xlsx
2024-06-21,3.331520,2.619040,3.419390,2.706330,"Citi Velocity, exported by Charlie",estr_eonia_1y5y_citi_2026-10-05.xlsx
2024-06-24,3.333210,2.623890,3.421080,2.711180,"Citi Velocity, exported by Charlie",estr_eonia_1y5y_citi_2026-10-05.xlsx
2024-06-25,3.324550,2.624940,3.412400,2.712240,"Citi Velocity, exported by Charlie",estr_eonia_1y5y_citi_2026-10-05.xlsx
2024-06-26,3.324380,2.658550,3.412190,2.745870,"Citi Velocity, exported by Charlie",estr_eonia_1y5y_citi_2026-10-05.xlsx
2024-06-27,3.321880,2.664640,3.409530,2.751970,"Citi Velocity, exported by Charlie",estr_eonia_1y5y_citi_2026-10-05.xlsx
2024-06-28,3.327640,2.675540,3.415310,2.762880,"Citi Velocity, exported by Charlie",estr_eonia_1y5y_citi_2026-10-05.xlsx
2024-07-01,3.361370,2.751610,3.449060,2.839010,"Citi Velocity, exported by Charlie",estr_eonia_1y5y_citi_2026-10-05.xlsx
2024-07-02,3.346780,2.733000,3.434450,2.820390,"Citi Velocity, exported by Charlie",estr_eonia_1y5y_citi_2026-10-05.xlsx
2024-07-03,3.339680,2.683140,3.427370,2.770480,"Citi Velocity, exported by Charlie",estr_eonia_1y5y_citi_2026-10-05.xlsx
2024-07-04,3.352780,2.722380,3.440460,2.809760,"Citi Velocity, exported by Charlie",estr_eonia_1y5y_citi_2026-10-05.xlsx
2024-07-05,3.326940,2.668390,3.414600,2.755720,"Citi Velocity, exported by Charlie",estr_eonia_1y5y_citi_2026-10-05.xlsx
2024-07-08,3.326190,2.657850,3.413810,2.745170,"Citi Velocity, exported by Charlie",estr_eonia_1y5y_citi_2026-10-05.xlsx
2024-07-09,3.334560,2.689980,3.422190,2.777330,"Citi Velocity, exported by Charlie",estr_eonia_1y5y_citi_2026-10-05.xlsx
2024-07-10,3.326000,2.657550,3.413640,2.744870,"Citi Velocity, exported by Charlie",estr_eonia_1y5y_citi_2026-10-05.xlsx
2024-07-11,3.261710,2.575710,3.349270,2.662960,"Citi Velocity, exported by Charlie",estr_eonia_1y5y_citi_2026-10-05.xlsx
2024-07-12,3.260240,2.601530,3.347810,2.688810,"Citi Velocity, exported by Charlie",estr_eonia_1y5y_citi_2026-10-05.xlsx
2024-07-15,3.257880,2.569300,3.345440,2.656550,"Citi Velocity, exported by Charlie",estr_eonia_1y5y_citi_2026-10-05.xlsx
2024-07-16,3.235530,2.526420,3.323080,2.613630,"Citi Velocity, exported by Charlie",estr_eonia_1y5y_citi_2026-10-05.xlsx
2024-07-17,3.238710,2.529270,3.326280,2.616480,"Citi Velocity, exported by Charlie",estr_eonia_1y5y_citi_2026-10-05.xlsx
2024-07-18,3.220960,2.502440,3.308500,2.589630,"Citi Velocity, exported by Charlie",estr_eonia_1y5y_citi_2026-10-05.xlsx
2024-07-19,3.232260,2.542640,3.319810,2.629860,"Citi Velocity, exported by Charlie",estr_eonia_1y5y_citi_2026-10-05.xlsx
2024-07-22,3.249500,2.567020,3.337060,2.654270,"Citi Velocity, exported by Charlie",estr_eonia_1y5y_citi_2026-10-05.xlsx
2024-07-23,3.225840,2.534600,3.313390,2.621820,"Citi Velocity, exported by Charlie",estr_eonia_1y5y_citi_2026-10-05.xlsx
2024-07-24,3.178540,2.509570,3.266700,2.596770,"Citi Velocity, exported by Charlie",estr_eonia_1y5y_citi_2026-10-05.xlsx
2024-07-25,3.135580,2.479960,3.223630,2.567140,"Citi Velocity, exported by Charlie",estr_eonia_1y5y_citi_2026-10-05.xlsx
2024-07-26,3.136040,2.473080,3.223940,2.560240,"Citi Velocity, exported by Charlie",estr_eonia_1y5y_citi_2026-10-05.xlsx
2024-07-29,3.123510,2.444710,3.211470,2.531840,"Citi Velocity, exported by Charlie",estr_eonia_1y5y_citi_2026-10-05.xlsx
2024-07-30,3.095840,2.411320,3.183620,2.498430,"Citi Velocity, exported by Charlie",estr_eonia_1y5y_citi_2026-10-05.xlsx
2024-07-31,3.066390,2.379820,3.154170,2.466900,"Citi Velocity, exported by Charlie",estr_eonia_1y5y_citi_2026-10-05.xlsx
2024-08-01,3.018300,2.316160,3.105990,2.403190,"Citi Velocity, exported by Charlie",estr_eonia_1y5y_citi_2026-10-05.xlsx
2024-08-02,2.906100,2.255640,2.993900,2.342610,"Citi Velocity, exported by Charlie",estr_eonia_1y5y_citi_2026-10-05.xlsx
2024-08-05,2.849590,2.252140,2.937610,2.339110,"Citi Velocity, exported by Charlie",estr_eonia_1y5y_citi_2026-10-05.xlsx
2024-08-06,2.892080,2.270210,2.980040,2.357200,"Citi Velocity, exported by Charlie",estr_eonia_1y5y_citi_2026-10-05.xlsx
2024-08-07,2.927280,2.328580,3.015190,2.415620,"Citi Velocity, exported by Charlie",estr_eonia_1y5y_citi_2026-10-05.xlsx
2024-08-08,2.916090,2.320700,3.004150,2.407730,"Citi Velocity, exported by Charlie",estr_eonia_1y5y_citi_2026-10-05.xlsx
2024-08-09,2.916010,2.287340,3.003900,2.374340,"Citi Velocity, exported by Charlie",estr_eonia_1y5y_citi_2026-10-05.xlsx
2024-08-12,2.925030,2.295990,3.012920,2.383000,"Citi Velocity, exported by Charlie",estr_eonia_1y5y_citi_2026-10-05.xlsx
2024-08-13,2.871660,2.233450,2.959300,2.320410,"Citi Velocity, exported by Charlie",estr_eonia_1y5y_citi_2026-10-05.xlsx
2024-08-14,2.866060,2.224590,2.953650,2.311540,"Citi Velocity, exported by Charlie",estr_eonia_1y5y_citi_2026-10-05.xlsx
2024-08-15,2.934550,2.314270,3.022050,2.401300,"Citi Velocity, exported by Charlie",estr_eonia_1y5y_citi_2026-10-05.xlsx
2024-08-16,2.930230,2.304010,3.017610,2.391030,"Citi Velocity, exported by Charlie",estr_eonia_1y5y_citi_2026-10-05.xlsx
2024-08-19,2.926440,2.308270,3.013790,2.395290,"Citi Velocity, exported by Charlie",estr_eonia_1y5y_citi_2026-10-05.xlsx
2024-08-20,2.895530,2.259080,2.982890,2.346060,"Citi Velocity, exported by Charlie",estr_eonia_1y5y_citi_2026-10-05.xlsx
2024-08-21,2.864250,2.241190,2.951540,2.328160,"Citi Velocity, exported by Charlie",estr_eonia_1y5y_citi_2026-10-05.xlsx
2024-08-22,2.883980,2.286520,2.971270,2.373520,"Citi Velocity, exported by Charlie",estr_eonia_1y5y_citi_2026-10-05.xlsx
2024-08-23,2.849670,2.248040,2.936930,2.335010,"Citi Velocity, exported by Charlie",estr_eonia_1y5y_citi_2026-10-05.xlsx
2024-08-26,2.869730,2.279440,2.957010,2.366440,"Citi Velocity, exported by Charlie",estr_eonia_1y5y_citi_2026-10-05.xlsx
2024-08-27,2.872540,2.302140,2.959830,2.389150,"Citi Velocity, exported by Charlie",estr_eonia_1y5y_citi_2026-10-05.xlsx
2024-08-28,2.861070,2.283320,2.948350,2.370320,"Citi Velocity, exported by Charlie",estr_eonia_1y5y_citi_2026-10-05.xlsx
2024-08-29,2.828500,2.287770,2.915760,2.374780,"Citi Velocity, exported by Charlie",estr_eonia_1y5y_citi_2026-10-05.xlsx
2024-08-30,2.854860,2.284900,2.942140,2.371900,"Citi Velocity, exported by Charlie",estr_eonia_1y5y_citi_2026-10-05.xlsx
2024-09-02,2.876460,2.327550,2.963760,2.414590,"Citi Velocity, exported by Charlie",estr_eonia_1y5y_citi_2026-10-05.xlsx
2024-09-03,2.862720,2.285950,2.950010,2.372950,"Citi Velocity, exported by Charlie",estr_eonia_1y5y_citi_2026-10-05.xlsx
2024-09-04,2.818390,2.228330,2.905660,2.315280,"Citi Velocity, exported by Charlie",estr_eonia_1y5y_citi_2026-10-05.xlsx
2024-09-05,2.785850,2.217900,2.873080,2.304840,"Citi Velocity, exported by Charlie",estr_eonia_1y5y_citi_2026-10-05.xlsx
2024-09-06,2.719710,2.164100,2.806880,2.251000,"Citi Velocity, exported by Charlie",estr_eonia_1y5y_citi_2026-10-05.xlsx
2024-09-09,2.715090,2.152700,2.802260,2.239590,"Citi Velocity, exported by Charlie",estr_eonia_1y5y_citi_2026-10-05.xlsx
2024-09-10,2.712430,2.131470,2.799600,2.218340,"Citi Velocity, exported by Charlie",estr_eonia_1y5y_citi_2026-10-05.xlsx
2024-09-11,2.669330,2.080120,2.756480,2.166950,"Citi Velocity, exported by Charlie",estr_eonia_1y5y_citi_2026-10-05.xlsx
2024-09-12,2.737340,2.140790,2.824530,2.227670,"Citi Velocity, exported by Charlie",estr_eonia_1y5y_citi_2026-10-05.xlsx
2024-09-13,2.702110,2.131300,2.789270,2.218150,"Citi Velocity, exported by Charlie",estr_eonia_1y5y_citi_2026-10-05.xlsx
2024-09-16,2.675310,2.097990,2.762480,2.184830,"Citi Velocity, exported by Charlie",estr_eonia_1y5y_citi_2026-10-05.xlsx
2024-09-17,2.691480,2.137860,2.778660,2.224740,"Citi Velocity, exported by Charlie",estr_eonia_1y5y_citi_2026-10-05.xlsx
2024-09-18,2.713040,2.177260,2.800250,2.264170,"Citi Velocity, exported by Charlie",estr_eonia_1y5y_citi_2026-10-05.xlsx
2024-09-19,2.678690,2.152030,2.765860,2.238920,"Citi Velocity, exported by Charlie",estr_eonia_1y5y_citi_2026-10-05.xlsx
2024-09-20,2.703110,2.191790,2.790300,2.278710,"Citi Velocity, exported by Charlie",estr_eonia_1y5y_citi_2026-10-05.xlsx
2024-09-23,2.612540,2.119670,2.699660,2.206530,"Citi Velocity, exported by Charlie",estr_eonia_1y5y_citi_2026-10-05.xlsx
2024-09-24,2.544600,2.060770,2.631710,2.147580,"Citi Velocity, exported by Charlie",estr_eonia_1y5y_citi_2026-10-05.xlsx
2024-09-25,2.563030,2.105850,2.650170,2.192700,"Citi Velocity, exported by Charlie",estr_eonia_1y5y_citi_2026-10-05.xlsx
2024-09-26,2.536470,2.096090,2.623540,2.182930,"Citi Velocity, exported by Charlie",estr_eonia_1y5y_citi_2026-10-05.xlsx
2024-09-27,2.489930,2.061890,2.577000,2.148700,"Citi Velocity, exported by Charlie",estr_eonia_1y5y_citi_2026-10-05.xlsx
2024-09-30,2.471310,2.038120,2.558330,2.124910,"Citi Velocity, exported by Charlie",estr_eonia_1y5y_citi_2026-10-05.xlsx
2024-10-01,2.440550,1.980520,2.527520,2.067260,"Citi Velocity, exported by Charlie",estr_eonia_1y5y_citi_2026-10-05.xlsx
2024-10-02,2.436800,2.024080,2.523800,2.110860,"Citi Velocity, exported by Charlie",estr_eonia_1y5y_citi_2026-10-05.xlsx
2024-10-03,2.442590,2.052840,2.529570,2.139640,"Citi Velocity, exported by Charlie",estr_eonia_1y5y_citi_2026-10-05.xlsx
2024-10-04,2.543980,2.167370,2.631020,2.254270,"Citi Velocity, exported by Charlie",estr_eonia_1y5y_citi_2026-10-05.xlsx
2024-10-07,2.576520,2.216730,2.663590,2.303670,"Citi Velocity, exported by Charlie",estr_eonia_1y5y_citi_2026-10-05.xlsx
2024-10-08,2.574810,2.204240,2.661870,2.291180,"Citi Velocity, exported by Charlie",estr_eonia_1y5y_citi_2026-10-05.xlsx
2024-10-09,2.581650,2.213120,2.668730,2.300060,"Citi Velocity, exported by Charlie",estr_eonia_1y5y_citi_2026-10-05.xlsx
2024-10-10,2.576550,2.215030,2.663620,2.301970,"Citi Velocity, exported by Charlie",estr_eonia_1y5y_citi_2026-10-05.xlsx
2024-10-11,2.579320,2.209490,2.666390,2.296420,"Citi Velocity, exported by Charlie",estr_eonia_1y5y_citi_2026-10-05.xlsx
2024-10-14,2.558780,2.196240,2.645830,2.283170,"Citi Velocity, exported by Charlie",estr_eonia_1y5y_citi_2026-10-05.xlsx
2024-10-15,2.513260,2.124670,2.600270,2.211530,"Citi Velocity, exported by Charlie",estr_eonia_1y5y_citi_2026-10-05.xlsx
2024-10-16,2.477860,2.088270,2.564850,2.175100,"Citi Velocity, exported by Charlie",estr_eonia_1y5y_citi_2026-10-05.xlsx
2024-10-17,2.421940,2.080640,2.508880,2.167470,"Citi Velocity, exported by Charlie",estr_eonia_1y5y_citi_2026-10-05.xlsx
2024-10-18,2.365830,2.042980,2.452720,2.129780,"Citi Velocity, exported by Charlie",estr_eonia_1y5y_citi_2026-10-05.xlsx
2024-10-21,2.413710,2.112940,2.500650,2.199800,"Citi Velocity, exported by Charlie",estr_eonia_1y5y_citi_2026-10-05.xlsx
2024-10-22,2.408080,2.135090,2.495010,2.221960,"Citi Velocity, exported by Charlie",estr_eonia_1y5y_citi_2026-10-05.xlsx
2024-10-23,2.351190,2.130430,2.438090,2.217300,"Citi Velocity, exported by Charlie",estr_eonia_1y5y_citi_2026-10-05.xlsx
2024-10-24,2.298980,2.060300,2.385830,2.147110,"Citi Velocity, exported by Charlie",estr_eonia_1y5y_citi_2026-10-05.xlsx
2024-10-25,2.321410,2.092450,2.408270,2.179290,"Citi Velocity, exported by Charlie",estr_eonia_1y5y_citi_2026-10-05.xlsx
2024-10-28,2.308100,2.079710,2.394960,2.166540,"Citi Velocity, exported by Charlie",estr_eonia_1y5y_citi_2026-10-05.xlsx
2024-10-29,2.309710,2.100810,2.396570,2.187650,"Citi Velocity, exported by Charlie",estr_eonia_1y5y_citi_2026-10-05.xlsx
2024-10-30,2.385430,2.171690,2.472360,2.258590,"Citi Velocity, exported by Charlie",estr_eonia_1y5y_citi_2026-10-05.xlsx
2024-10-31,2.411770,2.183080,2.498710,2.269990,"Citi Velocity, exported by Charlie",estr_eonia_1y5y_citi_2026-10-05.xlsx
2024-11-01,2.389290,2.179450,2.476210,2.266360,"Citi Velocity, exported by Charlie",estr_eonia_1y5y_citi_2026-10-05.xlsx
2024-11-04,2.393920,2.184150,2.480840,2.271060,"Citi Velocity, exported by Charlie",estr_eonia_1y5y_citi_2026-10-05.xlsx
2024-11-05,2.420890,2.232350,2.507830,2.319310,"Citi Velocity, exported by Charlie",estr_eonia_1y5y_citi_2026-10-05.xlsx
2024-11-06,2.316370,2.134980,2.403240,2.221860,"Citi Velocity, exported by Charlie",estr_eonia_1y5y_citi_2026-10-05.xlsx
2024-11-07,2.302010,2.127740,2.388860,2.214610,"Citi Velocity, exported by Charlie",estr_eonia_1y5y_citi_2026-10-05.xlsx
2024-11-08,2.302500,2.098730,2.389350,2.185570,"Citi Velocity, exported by Charlie",estr_eonia_1y5y_citi_2026-10-05.xlsx
2024-11-11,2.264650,2.040050,2.351470,2.126840,"Citi Velocity, exported by Charlie",estr_eonia_1y5y_citi_2026-10-05.xlsx
2024-11-12,2.247980,2.056800,2.334790,2.143610,"Citi Velocity, exported by Charlie",estr_eonia_1y5y_citi_2026-10-05.xlsx
2024-11-13,2.253620,2.085710,2.340440,2.172540,"Citi Velocity, exported by Charlie",estr_eonia_1y5y_citi_2026-10-05.xlsx
2024-11-14,2.196130,2.029450,2.282890,2.116240,"Citi Velocity, exported by Charlie",estr_eonia_1y5y_citi_2026-10-05.xlsx
2024-11-15,2.207980,2.026590,2.294750,2.113370,"Citi Velocity, exported by Charlie",estr_eonia_1y5y_citi_2026-10-05.xlsx
2024-11-18,2.261170,2.056660,2.347990,2.143460,"Citi Velocity, exported by Charlie",estr_eonia_1y5y_citi_2026-10-05.xlsx
2024-11-19,2.261820,2.056930,2.348630,2.143740,"Citi Velocity, exported by Charlie",estr_eonia_1y5y_citi_2026-10-05.xlsx
2024-11-20,2.259500,2.086510,2.346320,2.173340,"Citi Velocity, exported by Charlie",estr_eonia_1y5y_citi_2026-10-05.xlsx
2024-11-21,2.232930,2.059970,2.319720,2.146780,"Citi Velocity, exported by Charlie",estr_eonia_1y5y_citi_2026-10-05.xlsx
2024-11-22,2.123920,1.995900,2.210630,2.082650,"Citi Velocity, exported by Charlie",estr_eonia_1y5y_citi_2026-10-05.xlsx
2024-11-25,2.138640,1.960160,2.225350,2.046880,"Citi Velocity, exported by Charlie",estr_eonia_1y5y_citi_2026-10-05.xlsx
2024-11-26,2.180740,1.986900,2.267480,2.073650,"Citi Velocity, exported by Charlie",estr_eonia_1y5y_citi_2026-10-05.xlsx
2024-11-27,2.198280,1.970520,2.285040,2.057250,"Citi Velocity, exported by Charlie",estr_eonia_1y5y_citi_2026-10-05.xlsx
2024-11-28,2.158150,1.924980,2.244880,2.011680,"Citi Velocity, exported by Charlie",estr_eonia_1y5y_citi_2026-10-05.xlsx
2024-11-29,2.108610,1.873810,2.195300,1.960460,"Citi Velocity, exported by Charlie",estr_eonia_1y5y_citi_2026-10-05.xlsx
2024-12-02,2.066260,1.824810,2.152910,1.911420,"Citi Velocity, exported by Charlie",estr_eonia_1y5y_citi_2026-10-05.xlsx
2024-12-03,2.091200,1.829150,2.177880,1.915760,"Citi Velocity, exported by Charlie",estr_eonia_1y5y_citi_2026-10-05.xlsx
2024-12-04,2.115730,1.847020,2.202430,1.933650,"Citi Velocity, exported by Charlie",estr_eonia_1y5y_citi_2026-10-05.xlsx
2024-12-05,2.150800,1.907000,2.237520,1.993680,"Citi Velocity, exported by Charlie",estr_eonia_1y5y_citi_2026-10-05.xlsx
2024-12-06,2.156470,1.896010,2.243200,1.982670,"Citi Velocity, exported by Charlie",estr_eonia_1y5y_citi_2026-10-05.xlsx
2024-12-09,2.133150,1.881050,2.219860,1.967700,"Citi Velocity, exported by Charlie",estr_eonia_1y5y_citi_2026-10-05.xlsx
2024-12-10,2.118150,1.874320,2.204840,1.960970,"Citi Velocity, exported by Charlie",estr_eonia_1y5y_citi_2026-10-05.xlsx
2024-12-11,2.100040,1.865710,2.186730,1.952350,"Citi Velocity, exported by Charlie",estr_eonia_1y5y_citi_2026-10-05.xlsx
2024-12-12,2.120310,1.916460,2.207000,2.003150,"Citi Velocity, exported by Charlie",estr_eonia_1y5y_citi_2026-10-05.xlsx
2024-12-13,2.158420,1.978180,2.245150,2.064920,"Citi Velocity, exported by Charlie",estr_eonia_1y5y_citi_2026-10-05.xlsx
2024-12-16,2.156250,1.961530,2.242980,2.048260,"Citi Velocity, exported by Charlie",estr_eonia_1y5y_citi_2026-10-05.xlsx
2024-12-17,2.161440,1.972430,2.248170,2.059160,"Citi Velocity, exported by Charlie",estr_eonia_1y5y_citi_2026-10-05.xlsx
2024-12-18,2.150120,1.989490,2.236850,2.076240,"Citi Velocity, exported by Charlie",estr_eonia_1y5y_citi_2026-10-05.xlsx
2024-12-19,2.155320,2.038460,2.242050,2.125250,"Citi Velocity, exported by Charlie",estr_eonia_1y5y_citi_2026-10-05.xlsx
2024-12-20,2.138740,2.013970,2.225460,2.100740,"Citi Velocity, exported by Charlie",estr_eonia_1y5y_citi_2026-10-05.xlsx
2024-12-23,2.139510,2.051980,2.226230,2.138790,"Citi Velocity, exported by Charlie",estr_eonia_1y5y_citi_2026-10-05.xlsx
2024-12-24,2.121980,2.052960,2.208680,2.139760,"Citi Velocity, exported by Charlie",estr_eonia_1y5y_citi_2026-10-05.xlsx
2024-12-25,2.121980,2.052960,2.208680,2.139760,"Citi Velocity, exported by Charlie",estr_eonia_1y5y_citi_2026-10-05.xlsx
2024-12-26,2.121980,2.052960,2.208680,2.139760,"Citi Velocity, exported by Charlie",estr_eonia_1y5y_citi_2026-10-05.xlsx
2024-12-27,2.130080,2.092470,2.216790,2.179310,"Citi Velocity, exported by Charlie",estr_eonia_1y5y_citi_2026-10-05.xlsx
2024-12-30,2.120080,2.046510,2.206840,2.133310,"Citi Velocity, exported by Charlie",estr_eonia_1y5y_citi_2026-10-05.xlsx
2024-12-31,2.119530,2.047280,2.206290,2.134080,"Citi Velocity, exported by Charlie",estr_eonia_1y5y_citi_2026-10-05.xlsx
2025-01-01,2.119520,2.047280,2.206290,2.134080,"Citi Velocity, exported by Charlie",estr_eonia_1y5y_citi_2026-10-05.xlsx
2025-01-02,2.132260,2.055750,2.219030,2.142550,"Citi Velocity, exported by Charlie",estr_eonia_1y5y_citi_2026-10-05.xlsx
2025-01-03,2.193790,2.124780,2.280600,2.211650,"Citi Velocity, exported by Charlie",estr_eonia_1y5y_citi_2026-10-05.xlsx
2025-01-06,2.234640,2.169360,2.321430,2.256260,"Citi Velocity, exported by Charlie",estr_eonia_1y5y_citi_2026-10-05.xlsx
2025-01-07,2.223910,2.181520,2.310690,2.268430,"Citi Velocity, exported by Charlie",estr_eonia_1y5y_citi_2026-10-05.xlsx
2025-01-08,2.218350,2.189930,2.305140,2.276850,"Citi Velocity, exported by Charlie",estr_eonia_1y5y_citi_2026-10-05.xlsx
2025-01-09,2.232460,2.221700,2.319250,2.308650,"Citi Velocity, exported by Charlie",estr_eonia_1y5y_citi_2026-10-05.xlsx
2025-01-10,2.274620,2.269310,2.361440,2.356290,"Citi Velocity, exported by Charlie",estr_eonia_1y5y_citi_2026-10-05.xlsx
2025-01-13,2.283320,2.297000,2.370150,2.384010,"Citi Velocity, exported by Charlie",estr_eonia_1y5y_citi_2026-10-05.xlsx
2025-01-14,2.291460,2.325640,2.378290,2.412680,"Citi Velocity, exported by Charlie",estr_eonia_1y5y_citi_2026-10-05.xlsx
2025-01-15,2.252460,2.226770,2.339270,2.313720,"Citi Velocity, exported by Charlie",estr_eonia_1y5y_citi_2026-10-05.xlsx
2025-01-16,2.222930,2.209210,2.309700,2.296150,"Citi Velocity, exported by Charlie",estr_eonia_1y5y_citi_2026-10-05.xlsx
2025-01-17,2.215520,2.192630,2.302290,2.279550,"Citi Velocity, exported by Charlie",estr_eonia_1y5y_citi_2026-10-05.xlsx
2025-01-20,2.225090,2.182260,2.311860,2.269180,"Citi Velocity, exported by Charlie",estr_eonia_1y5y_citi_2026-10-05.xlsx
2025-01-21,2.217050,2.178400,2.303820,2.265310,"Citi Velocity, exported by Charlie",estr_eonia_1y5y_citi_2026-10-05.xlsx
2025-01-22,2.225130,2.189920,2.311920,2.276840,"Citi Velocity, exported by Charlie",estr_eonia_1y5y_citi_2026-10-05.xlsx
2025-01-23,2.232350,2.211070,2.319140,2.298010,"Citi Velocity, exported by Charlie",estr_eonia_1y5y_citi_2026-10-05.xlsx
2025-01-24,2.275930,2.249670,2.362750,2.336640,"Citi Velocity, exported by Charlie",estr_eonia_1y5y_citi_2026-10-05.xlsx
2025-01-27,2.259220,2.225940,2.346020,2.312890,"Citi Velocity, exported by Charlie",estr_eonia_1y5y_citi_2026-10-05.xlsx
2025-01-28,2.264090,2.243720,2.350900,2.330690,"Citi Velocity, exported by Charlie",estr_eonia_1y5y_citi_2026-10-05.xlsx
2025-01-29,2.263050,2.251270,2.349850,2.338250,"Citi Velocity, exported by Charlie",estr_eonia_1y5y_citi_2026-10-05.xlsx
2025-01-30,2.192780,2.188170,2.279530,2.275090,"Citi Velocity, exported by Charlie",estr_eonia_1y5y_citi_2026-10-05.xlsx
2025-01-31,2.131870,2.110250,2.218570,2.197100,"Citi Velocity, exported by Charlie",estr_eonia_1y5y_citi_2026-10-05.xlsx
2025-02-03,2.073010,2.039060,2.159660,2.125850,"Citi Velocity, exported by Charlie",estr_eonia_1y5y_citi_2026-10-05.xlsx
2025-02-04,2.091330,2.052880,2.177990,2.139680,"Citi Velocity, exported by Charlie",estr_eonia_1y5y_citi_2026-10-05.xlsx
2025-02-05,2.085440,2.029750,2.172110,2.116530,"Citi Velocity, exported by Charlie",estr_eonia_1y5y_citi_2026-10-05.xlsx
2025-02-06,2.084130,2.030570,2.170790,2.117350,"Citi Velocity, exported by Charlie",estr_eonia_1y5y_citi_2026-10-05.xlsx
2025-02-07,2.087050,2.034370,2.173710,2.121160,"Citi Velocity, exported by Charlie",estr_eonia_1y5y_citi_2026-10-05.xlsx
2025-02-10,2.058930,2.012230,2.145570,2.098990,"Citi Velocity, exported by Charlie",estr_eonia_1y5y_citi_2026-10-05.xlsx
2025-02-11,2.097220,2.079990,2.183890,2.166810,"Citi Velocity, exported by Charlie",estr_eonia_1y5y_citi_2026-10-05.xlsx
2025-02-12,2.133910,2.136630,2.220630,2.223510,"Citi Velocity, exported by Charlie",estr_eonia_1y5y_citi_2026-10-05.xlsx
2025-02-13,2.102220,2.089390,2.188890,2.176230,"Citi Velocity, exported by Charlie",estr_eonia_1y5y_citi_2026-10-05.xlsx
2025-02-14,2.122420,2.108100,2.209110,2.194950,"Citi Velocity, exported by Charlie",estr_eonia_1y5y_citi_2026-10-05.xlsx
2025-02-17,2.127320,2.128550,2.214010,2.215420,"Citi Velocity, exported by Charlie",estr_eonia_1y5y_citi_2026-10-05.xlsx
2025-02-18,2.126560,2.130780,2.213260,2.217650,"Citi Velocity, exported by Charlie",estr_eonia_1y5y_citi_2026-10-05.xlsx
2025-02-19,2.154150,2.169480,2.240870,2.256380,"Citi Velocity, exported by Charlie",estr_eonia_1y5y_citi_2026-10-05.xlsx
2025-02-20,2.138380,2.159560,2.225080,2.246450,"Citi Velocity, exported by Charlie",estr_eonia_1y5y_citi_2026-10-05.xlsx
2025-02-21,2.108240,2.108120,2.194920,2.194970,"Citi Velocity, exported by Charlie",estr_eonia_1y5y_citi_2026-10-05.xlsx
2025-02-24,2.089150,2.087300,2.175810,2.174130,"Citi Velocity, exported by Charlie",estr_eonia_1y5y_citi_2026-10-05.xlsx
2025-02-25,2.072970,2.073700,2.159610,2.160520,"Citi Velocity, exported by Charlie",estr_eonia_1y5y_citi_2026-10-05.xlsx
2025-02-26,2.081390,2.064530,2.168040,2.151340,"Citi Velocity, exported by Charlie",estr_eonia_1y5y_citi_2026-10-05.xlsx
2025-02-27,2.051540,2.036760,2.138170,2.123550,"Citi Velocity, exported by Charlie",estr_eonia_1y5y_citi_2026-10-05.xlsx
2025-02-28,2.046080,2.009150,2.132710,2.095920,"Citi Velocity, exported by Charlie",estr_eonia_1y5y_citi_2026-10-05.xlsx
2025-03-03,2.087110,2.069920,2.173770,2.156740,"Citi Velocity, exported by Charlie",estr_eonia_1y5y_citi_2026-10-05.xlsx
2025-03-04,2.040740,2.031290,2.127360,2.118080,"Citi Velocity, exported by Charlie",estr_eonia_1y5y_citi_2026-10-05.xlsx
2025-03-05,2.158270,2.293420,2.245000,2.380430,"Citi Velocity, exported by Charlie",estr_eonia_1y5y_citi_2026-10-05.xlsx
2025-03-06,2.174020,2.384660,2.260750,2.471750,"Citi Velocity, exported by Charlie",estr_eonia_1y5y_citi_2026-10-05.xlsx
2025-03-07,2.151800,2.326350,2.238510,2.413380,"Citi Velocity, exported by Charlie",estr_eonia_1y5y_citi_2026-10-05.xlsx
2025-03-10,2.126210,2.298540,2.212900,2.385560,"Citi Velocity, exported by Charlie",estr_eonia_1y5y_citi_2026-10-05.xlsx
2025-03-11,2.114290,2.335470,2.200970,2.422520,"Citi Velocity, exported by Charlie",estr_eonia_1y5y_citi_2026-10-05.xlsx
2025-03-12,2.141730,2.352990,2.228440,2.440050,"Citi Velocity, exported by Charlie",estr_eonia_1y5y_citi_2026-10-05.xlsx
2025-03-13,2.107970,2.313450,2.194640,2.400480,"Citi Velocity, exported by Charlie",estr_eonia_1y5y_citi_2026-10-05.xlsx
2025-03-14,2.105850,2.338250,2.192540,2.425290,"Citi Velocity, exported by Charlie",estr_eonia_1y5y_citi_2026-10-05.xlsx
2025-03-17,2.102970,2.296620,2.189670,2.383640,"Citi Velocity, exported by Charlie",estr_eonia_1y5y_citi_2026-10-05.xlsx
2025-03-18,2.102570,2.298010,2.189260,2.385020,"Citi Velocity, exported by Charlie",estr_eonia_1y5y_citi_2026-10-05.xlsx
2025-03-19,2.106180,2.285910,2.192890,2.372910,"Citi Velocity, exported by Charlie",estr_eonia_1y5y_citi_2026-10-05.xlsx
2025-03-20,2.094630,2.277960,2.181320,2.364960,"Citi Velocity, exported by Charlie",estr_eonia_1y5y_citi_2026-10-05.xlsx
2025-03-21,2.067830,2.239990,2.154500,2.326950,"Citi Velocity, exported by Charlie",estr_eonia_1y5y_citi_2026-10-05.xlsx
2025-03-24,2.064250,2.254970,2.150920,2.341950,"Citi Velocity, exported by Charlie",estr_eonia_1y5y_citi_2026-10-05.xlsx
2025-03-25,2.064750,2.267430,2.151420,2.354420,"Citi Velocity, exported by Charlie",estr_eonia_1y5y_citi_2026-10-05.xlsx
2025-03-26,2.056120,2.261910,2.142790,2.348890,"Citi Velocity, exported by Charlie",estr_eonia_1y5y_citi_2026-10-05.xlsx
2025-03-27,2.012660,2.227670,2.099290,2.314620,"Citi Velocity, exported by Charlie",estr_eonia_1y5y_citi_2026-10-05.xlsx
2025-03-28,1.986880,2.187480,2.073490,2.274400,"Citi Velocity, exported by Charlie",estr_eonia_1y5y_citi_2026-10-05.xlsx
2025-03-31,2.017650,2.190160,2.104280,2.277080,"Citi Velocity, exported by Charlie",estr_eonia_1y5y_citi_2026-10-05.xlsx
2025-04-01,1.987760,2.159160,2.074380,2.246050,"Citi Velocity, exported by Charlie",estr_eonia_1y5y_citi_2026-10-05.xlsx
2025-04-02,1.987090,2.169100,2.073710,2.256010,"Citi Velocity, exported by Charlie",estr_eonia_1y5y_citi_2026-10-05.xlsx
2025-04-03,1.934920,2.069880,2.021490,2.156700,"Citi Velocity, exported by Charlie",estr_eonia_1y5y_citi_2026-10-05.xlsx
2025-04-04,1.873150,2.039340,1.959670,2.126140,"Citi Velocity, exported by Charlie",estr_eonia_1y5y_citi_2026-10-05.xlsx
2025-04-07,1.835070,2.043420,1.921560,2.130210,"Citi Velocity, exported by Charlie",estr_eonia_1y5y_citi_2026-10-05.xlsx
2025-04-08,1.860810,2.081350,1.947320,2.168170,"Citi Velocity, exported by Charlie",estr_eonia_1y5y_citi_2026-10-05.xlsx
2025-04-09,1.786560,2.051370,1.873020,2.138170,"Citi Velocity, exported by Charlie",estr_eonia_1y5y_citi_2026-10-05.xlsx
2025-04-10,1.856600,2.059670,1.943110,2.146470,"Citi Velocity, exported by Charlie",estr_eonia_1y5y_citi_2026-10-05.xlsx
2025-04-11,1.822240,2.074190,1.908710,2.161010,"Citi Velocity, exported by Charlie",estr_eonia_1y5y_citi_2026-10-05.xlsx
2025-04-14,1.819770,2.028940,1.906250,2.115730,"Citi Velocity, exported by Charlie",estr_eonia_1y5y_citi_2026-10-05.xlsx
2025-04-15,1.805380,2.028080,1.891850,2.114860,"Citi Velocity, exported by Charlie",estr_eonia_1y5y_citi_2026-10-05.xlsx
2025-04-16,1.789490,2.009910,1.875940,2.096680,"Citi Velocity, exported by Charlie",estr_eonia_1y5y_citi_2026-10-05.xlsx
2025-04-17,1.710230,1.964810,1.796620,2.051540,"Citi Velocity, exported by Charlie",estr_eonia_1y5y_citi_2026-10-05.xlsx
2025-04-18,1.728940,1.964990,1.815340,2.051720,"Citi Velocity, exported by Charlie",estr_eonia_1y5y_citi_2026-10-05.xlsx
2025-04-21,1.728940,1.964990,1.815340,2.051720,"Citi Velocity, exported by Charlie",estr_eonia_1y5y_citi_2026-10-05.xlsx
2025-04-22,1.692220,1.935720,1.778590,2.022430,"Citi Velocity, exported by Charlie",estr_eonia_1y5y_citi_2026-10-05.xlsx
2025-04-23,1.745390,1.981340,1.831820,2.068080,"Citi Velocity, exported by Charlie",estr_eonia_1y5y_citi_2026-10-05.xlsx
2025-04-24,1.704850,1.926490,1.791240,2.013190,"Citi Velocity, exported by Charlie",estr_eonia_1y5y_citi_2026-10-05.xlsx
2025-04-25,1.719760,1.952600,1.806160,2.039320,"Citi Velocity, exported by Charlie",estr_eonia_1y5y_citi_2026-10-05.xlsx
2025-04-28,1.718920,1.962540,1.805310,2.049260,"Citi Velocity, exported by Charlie",estr_eonia_1y5y_citi_2026-10-05.xlsx
2025-04-29,1.716300,1.961700,1.802700,2.048420,"Citi Velocity, exported by Charlie",estr_eonia_1y5y_citi_2026-10-05.xlsx
2025-04-30,1.701070,1.931150,1.787450,2.017850,"Citi Velocity, exported by Charlie",estr_eonia_1y5y_citi_2026-10-05.xlsx
2025-05-01,1.694140,1.931870,1.780520,2.018570,"Citi Velocity, exported by Charlie",estr_eonia_1y5y_citi_2026-10-05.xlsx
2025-05-02,1.730970,1.985560,1.817370,2.072310,"Citi Velocity, exported by Charlie",estr_eonia_1y5y_citi_2026-10-05.xlsx
2025-05-05,1.734040,1.976740,1.820440,2.063480,"Citi Velocity, exported by Charlie",estr_eonia_1y5y_citi_2026-10-05.xlsx
2025-05-06,1.713450,1.972280,1.799840,2.059020,"Citi Velocity, exported by Charlie",estr_eonia_1y5y_citi_2026-10-05.xlsx
2025-05-07,1.703160,1.941360,1.789550,2.028060,"Citi Velocity, exported by Charlie",estr_eonia_1y5y_citi_2026-10-05.xlsx
2025-05-08,1.721930,1.970150,1.808320,2.056880,"Citi Velocity, exported by Charlie",estr_eonia_1y5y_citi_2026-10-05.xlsx
2025-05-09,1.737470,2.000390,1.823880,2.087150,"Citi Velocity, exported by Charlie",estr_eonia_1y5y_citi_2026-10-05.xlsx
2025-05-12,1.827510,2.100590,1.913990,2.187430,"Citi Velocity, exported by Charlie",estr_eonia_1y5y_citi_2026-10-05.xlsx
2025-05-13,1.827870,2.119800,1.914350,2.206660,"Citi Velocity, exported by Charlie",estr_eonia_1y5y_citi_2026-10-05.xlsx
2025-05-14,1.822060,2.131580,1.908540,2.218450,"Citi Velocity, exported by Charlie",estr_eonia_1y5y_citi_2026-10-05.xlsx
2025-05-15,1.794420,2.082220,1.880870,2.169050,"Citi Velocity, exported by Charlie",estr_eonia_1y5y_citi_2026-10-05.xlsx
2025-05-16,1.779020,2.046900,1.865460,2.133690,"Citi Velocity, exported by Charlie",estr_eonia_1y5y_citi_2026-10-05.xlsx
2025-05-19,1.777100,2.032300,1.863540,2.119080,"Citi Velocity, exported by Charlie",estr_eonia_1y5y_citi_2026-10-05.xlsx
2025-05-20,1.775670,2.045620,1.862110,2.132420,"Citi Velocity, exported by Charlie",estr_eonia_1y5y_citi_2026-10-05.xlsx
2025-05-21,1.784080,2.072240,1.870530,2.159060,"Citi Velocity, exported by Charlie",estr_eonia_1y5y_citi_2026-10-05.xlsx
2025-05-22,1.761260,2.076790,1.847690,2.163610,"Citi Velocity, exported by Charlie",estr_eonia_1y5y_citi_2026-10-05.xlsx
2025-05-23,1.707170,2.021410,1.793550,2.108190,"Citi Velocity, exported by Charlie",estr_eonia_1y5y_citi_2026-10-05.xlsx
2025-05-26,1.730790,2.019360,1.817190,2.106130,"Citi Velocity, exported by Charlie",estr_eonia_1y5y_citi_2026-10-05.xlsx
2025-05-27,1.723450,1.998730,1.809840,2.085480,"Citi Velocity, exported by Charlie",estr_eonia_1y5y_citi_2026-10-05.xlsx
2025-05-28,1.733960,2.003930,1.820360,2.090690,"Citi Velocity, exported by Charlie",estr_eonia_1y5y_citi_2026-10-05.xlsx
2025-05-29,1.717200,1.985560,1.803590,2.072300,"Citi Velocity, exported by Charlie",estr_eonia_1y5y_citi_2026-10-05.xlsx
2025-05-30,1.732760,1.985120,1.819160,2.071870,"Citi Velocity, exported by Charlie",estr_eonia_1y5y_citi_2026-10-05.xlsx
2025-06-02,1.728810,1.986120,1.815210,2.072870,"Citi Velocity, exported by Charlie",estr_eonia_1y5y_citi_2026-10-05.xlsx
2025-06-03,1.716670,1.974670,1.803060,2.061400,"Citi Velocity, exported by Charlie",estr_eonia_1y5y_citi_2026-10-05.xlsx
2025-06-04,1.721440,2.000700,1.807840,2.087460,"Citi Velocity, exported by Charlie",estr_eonia_1y5y_citi_2026-10-05.xlsx
2025-06-05,1.774560,2.070060,1.861000,2.156870,"Citi Velocity, exported by Charlie",estr_eonia_1y5y_citi_2026-10-05.xlsx
2025-06-06,1.777100,2.067260,1.863540,2.154080,"Citi Velocity, exported by Charlie",estr_eonia_1y5y_citi_2026-10-05.xlsx
2025-06-09,1.770810,2.066290,1.857240,2.153100,"Citi Velocity, exported by Charlie",estr_eonia_1y5y_citi_2026-10-05.xlsx
2025-06-10,1.762590,2.036110,1.849020,2.122890,"Citi Velocity, exported by Charlie",estr_eonia_1y5y_citi_2026-10-05.xlsx
2025-06-11,1.760020,2.029710,1.846450,2.116490,"Citi Velocity, exported by Charlie",estr_eonia_1y5y_citi_2026-10-05.xlsx
2025-06-12,1.748950,2.002130,1.835360,2.088890,"Citi Velocity, exported by Charlie",estr_eonia_1y5y_citi_2026-10-05.xlsx
2025-06-13,1.771000,2.045110,1.857430,2.131910,"Citi Velocity, exported by Charlie",estr_eonia_1y5y_citi_2026-10-05.xlsx
2025-06-16,1.767580,2.029990,1.854010,2.116770,"Citi Velocity, exported by Charlie",estr_eonia_1y5y_citi_2026-10-05.xlsx
2025-06-17,1.785400,2.044240,1.871840,2.131040,"Citi Velocity, exported by Charlie",estr_eonia_1y5y_citi_2026-10-05.xlsx
2025-06-18,1.778080,2.020180,1.864530,2.106960,"Citi Velocity, exported by Charlie",estr_eonia_1y5y_citi_2026-10-05.xlsx
2025-06-19,1.773560,2.042870,1.859990,2.129670,"Citi Velocity, exported by Charlie",estr_eonia_1y5y_citi_2026-10-05.xlsx
2025-06-20,1.779950,2.040770,1.866390,2.127560,"Citi Velocity, exported by Charlie",estr_eonia_1y5y_citi_2026-10-05.xlsx
2025-06-23,1.775870,2.020830,1.862310,2.107610,"Citi Velocity, exported by Charlie",estr_eonia_1y5y_citi_2026-10-05.xlsx
2025-06-24,1.771080,2.024550,1.857520,2.111330,"Citi Velocity, exported by Charlie",estr_eonia_1y5y_citi_2026-10-05.xlsx
2025-06-25,1.761710,2.043320,1.848150,2.130120,"Citi Velocity, exported by Charlie",estr_eonia_1y5y_citi_2026-10-05.xlsx
2025-06-26,1.746700,2.031740,1.833120,2.118520,"Citi Velocity, exported by Charlie",estr_eonia_1y5y_citi_2026-10-05.xlsx
2025-06-27,1.774090,2.067840,1.860520,2.154650,"Citi Velocity, exported by Charlie",estr_eonia_1y5y_citi_2026-10-05.xlsx
2025-06-30,1.764080,2.055490,1.850510,2.142300,"Citi Velocity, exported by Charlie",estr_eonia_1y5y_citi_2026-10-05.xlsx
2025-07-01,1.756850,2.040120,1.843270,2.126910,"Citi Velocity, exported by Charlie",estr_eonia_1y5y_citi_2026-10-05.xlsx
2025-07-02,1.760710,2.078700,1.847150,2.165530,"Citi Velocity, exported by Charlie",estr_eonia_1y5y_citi_2026-10-05.xlsx
2025-07-03,1.747250,2.054540,1.833670,2.141340,"Citi Velocity, exported by Charlie",estr_eonia_1y5y_citi_2026-10-05.xlsx
2025-07-04,1.733010,2.034360,1.819410,2.121150,"Citi Velocity, exported by Charlie",estr_eonia_1y5y_citi_2026-10-05.xlsx
2025-07-07,1.740700,2.062960,1.827110,2.149770,"Citi Velocity, exported by Charlie",estr_eonia_1y5y_citi_2026-10-05.xlsx
2025-07-08,1.758140,2.093250,1.844560,2.180090,"Citi Velocity, exported by Charlie",estr_eonia_1y5y_citi_2026-10-05.xlsx
2025-07-09,1.752060,2.077860,1.838490,2.164680,"Citi Velocity, exported by Charlie",estr_eonia_1y5y_citi_2026-10-05.xlsx
2025-07-10,1.771160,2.109160,1.857590,2.196010,"Citi Velocity, exported by Charlie",estr_eonia_1y5y_citi_2026-10-05.xlsx
2025-07-11,1.790120,2.133360,1.876570,2.220230,"Citi Velocity, exported by Charlie",estr_eonia_1y5y_citi_2026-10-05.xlsx
2025-07-14,1.767090,2.131100,1.853520,2.217970,"Citi Velocity, exported by Charlie",estr_eonia_1y5y_citi_2026-10-05.xlsx
2025-07-15,1.757670,2.090040,1.844100,2.176870,"Citi Velocity, exported by Charlie",estr_eonia_1y5y_citi_2026-10-05.xlsx
2025-07-16,1.743030,2.082610,1.829450,2.169430,"Citi Velocity, exported by Charlie",estr_eonia_1y5y_citi_2026-10-05.xlsx
2025-07-17,1.744780,2.076620,1.831190,2.163440,"Citi Velocity, exported by Charlie",estr_eonia_1y5y_citi_2026-10-05.xlsx
2025-07-18,1.755110,2.094470,1.841540,2.181310,"Citi Velocity, exported by Charlie",estr_eonia_1y5y_citi_2026-10-05.xlsx
2025-07-21,1.732300,2.032370,1.818700,2.119160,"Citi Velocity, exported by Charlie",estr_eonia_1y5y_citi_2026-10-05.xlsx
2025-07-22,1.723200,2.017340,1.809590,2.104120,"Citi Velocity, exported by Charlie",estr_eonia_1y5y_citi_2026-10-05.xlsx
2025-07-23,1.721330,2.024070,1.807730,2.110850,"Citi Velocity, exported by Charlie",estr_eonia_1y5y_citi_2026-10-05.xlsx
2025-07-24,1.794140,2.116430,1.880590,2.203290,"Citi Velocity, exported by Charlie",estr_eonia_1y5y_citi_2026-10-05.xlsx
2025-07-25,1.814280,2.144740,1.900750,2.231620,"Citi Velocity, exported by Charlie",estr_eonia_1y5y_citi_2026-10-05.xlsx
2025-07-28,1.798710,2.115350,1.885170,2.202200,"Citi Velocity, exported by Charlie",estr_eonia_1y5y_citi_2026-10-05.xlsx
2025-07-29,1.807810,2.130700,1.894270,2.217570,"Citi Velocity, exported by Charlie",estr_eonia_1y5y_citi_2026-10-05.xlsx
2025-07-30,1.820670,2.143140,1.907150,2.230020,"Citi Velocity, exported by Charlie",estr_eonia_1y5y_citi_2026-10-05.xlsx
2025-07-31,1.833600,2.135840,1.920080,2.222720,"Citi Velocity, exported by Charlie",estr_eonia_1y5y_citi_2026-10-05.xlsx
2025-08-01,1.806080,2.116110,1.892540,2.202970,"Citi Velocity, exported by Charlie",estr_eonia_1y5y_citi_2026-10-05.xlsx
2025-08-04,1.794110,2.082090,1.880560,2.168920,"Citi Velocity, exported by Charlie",estr_eonia_1y5y_citi_2026-10-05.xlsx
2025-08-05,1.802480,2.075190,1.888940,2.162010,"Citi Velocity, exported by Charlie",estr_eonia_1y5y_citi_2026-10-05.xlsx
2025-08-06,1.800770,2.081370,1.887230,2.168200,"Citi Velocity, exported by Charlie",estr_eonia_1y5y_citi_2026-10-05.xlsx
2025-08-07,1.809340,2.085680,1.895800,2.172510,"Citi Velocity, exported by Charlie",estr_eonia_1y5y_citi_2026-10-05.xlsx
2025-08-08,1.829600,2.124630,1.916080,2.211490,"Citi Velocity, exported by Charlie",estr_eonia_1y5y_citi_2026-10-05.xlsx
2025-08-11,1.837660,2.127310,1.924150,2.214170,"Citi Velocity, exported by Charlie",estr_eonia_1y5y_citi_2026-10-05.xlsx
2025-08-12,1.836600,2.151610,1.923080,2.238500,"Citi Velocity, exported by Charlie",estr_eonia_1y5y_citi_2026-10-05.xlsx
2025-08-13,1.819200,2.094220,1.905680,2.181050,"Citi Velocity, exported by Charlie",estr_eonia_1y5y_citi_2026-10-05.xlsx
2025-08-14,1.824350,2.116330,1.910830,2.203180,"Citi Velocity, exported by Charlie",estr_eonia_1y5y_citi_2026-10-05.xlsx
2025-08-15,1.835680,2.164010,1.922170,2.250910,"Citi Velocity, exported by Charlie",estr_eonia_1y5y_citi_2026-10-05.xlsx
2025-08-18,1.833080,2.153010,1.919560,,"Citi Velocity, exported by Charlie",estr_eonia_1y5y_citi_2026-10-05.xlsx
2025-08-19,1.829330,2.132140,1.915810,,"Citi Velocity, exported by Charlie",estr_eonia_1y5y_citi_2026-10-05.xlsx
2025-08-20,1.811970,2.103830,1.898440,,"Citi Velocity, exported by Charlie",estr_eonia_1y5y_citi_2026-10-05.xlsx
2025-08-21,1.844830,2.150350,1.931320,,"Citi Velocity, exported by Charlie",estr_eonia_1y5y_citi_2026-10-05.xlsx
2025-08-22,1.834580,2.114340,1.921070,,"Citi Velocity, exported by Charlie",estr_eonia_1y5y_citi_2026-10-05.xlsx
2025-08-25,1.849490,2.155090,1.935980,,"Citi Velocity, exported by Charlie",estr_eonia_1y5y_citi_2026-10-05.xlsx
2025-08-26,1.834040,2.114360,1.920530,,"Citi Velocity, exported by Charlie",estr_eonia_1y5y_citi_2026-10-05.xlsx
2025-08-27,1.821320,2.081470,1.907810,,"Citi Velocity, exported by Charlie",estr_eonia_1y5y_citi_2026-10-05.xlsx
2025-08-28,1.832810,2.092890,1.919290,,"Citi Velocity, exported by Charlie",estr_eonia_1y5y_citi_2026-10-05.xlsx
2025-08-29,1.834780,2.099680,1.921260,,"Citi Velocity, exported by Charlie",estr_eonia_1y5y_citi_2026-10-05.xlsx
2025-09-01,1.840350,2.120430,1.926840,,"Citi Velocity, exported by Charlie",estr_eonia_1y5y_citi_2026-10-05.xlsx
2025-09-02,1.851910,2.150920,1.938410,,"Citi Velocity, exported by Charlie",estr_eonia_1y5y_citi_2026-10-05.xlsx
2025-09-03,1.842440,2.120780,1.928930,,"Citi Velocity, exported by Charlie",estr_eonia_1y5y_citi_2026-10-05.xlsx
2025-09-04,1.845820,2.112370,1.932310,,"Citi Velocity, exported by Charlie",estr_eonia_1y5y_citi_2026-10-05.xlsx
2025-09-05,1.827160,2.065530,1.913640,,"Citi Velocity, exported by Charlie",estr_eonia_1y5y_citi_2026-10-05.xlsx
2025-09-08,1.827710,2.056420,1.914180,,"Citi Velocity, exported by Charlie",estr_eonia_1y5y_citi_2026-10-05.xlsx
2025-09-09,1.841250,2.082350,,,"Citi Velocity, exported by Charlie",estr_eonia_1y5y_citi_2026-10-05.xlsx
2025-09-10,1.847560,2.077690,,,"Citi Velocity, exported by Charlie",estr_eonia_1y5y_citi_2026-10-05.xlsx
2025-09-11,1.874660,2.100320,,,"Citi Velocity, exported by Charlie",estr_eonia_1y5y_citi_2026-10-05.xlsx
2025-09-12,1.880720,2.144000,,,"Citi Velocity, exported by Charlie",estr_eonia_1y5y_citi_2026-10-05.xlsx
2025-09-15,1.881040,2.131640,,,"Citi Velocity, exported by Charlie",estr_eonia_1y5y_citi_2026-10-05.xlsx
2025-09-16,1.879250,2.133650,,,"Citi Velocity, exported by Charlie",estr_eonia_1y5y_citi_2026-10-05.xlsx
2025-09-17,1.880330,2.130790,,,"Citi Velocity, exported by Charlie",estr_eonia_1y5y_citi_2026-10-05.xlsx
2025-09-18,1.881550,2.149180,,,"Citi Velocity, exported by Charlie",estr_eonia_1y5y_citi_2026-10-05.xlsx
2025-09-19,1.886440,2.168800,,,"Citi Velocity, exported by Charlie",estr_eonia_1y5y_citi_2026-10-05.xlsx
2025-09-22,1.880930,2.158580,,,"Citi Velocity, exported by Charlie",estr_eonia_1y5y_citi_2026-10-05.xlsx
2025-09-23,1.889330,2.177160,,,"Citi Velocity, exported by Charlie",estr_eonia_1y5y_citi_2026-10-05.xlsx
2025-09-24,1.889380,2.179640,,,"Citi Velocity, exported by Charlie",estr_eonia_1y5y_citi_2026-10-05.xlsx
2025-09-25,1.897310,2.214320,,,"Citi Velocity, exported by Charlie",estr_eonia_1y5y_citi_2026-10-05.xlsx
2025-09-26,1.894660,2.194800,,,"Citi Velocity, exported by Charlie",estr_eonia_1y5y_citi_2026-10-05.xlsx
2025-09-29,1.892740,2.170570,,,"Citi Velocity, exported by Charlie",estr_eonia_1y5y_citi_2026-10-05.xlsx
2025-09-30,1.894400,2.166440,,,"Citi Velocity, exported by Charlie",estr_eonia_1y5y_citi_2026-10-05.xlsx
2025-10-01,1.891670,2.158170,,,"Citi Velocity, exported by Charlie",estr_eonia_1y5y_citi_2026-10-05.xlsx
2025-10-02,1.892920,2.159160,,,"Citi Velocity, exported by Charlie",estr_eonia_1y5y_citi_2026-10-05.xlsx
2025-10-03,1.894750,2.159220,,,"Citi Velocity, exported by Charlie",estr_eonia_1y5y_citi_2026-10-05.xlsx
2025-10-06,1.885870,2.163220,,,"Citi Velocity, exported by Charlie",estr_eonia_1y5y_citi_2026-10-05.xlsx
2025-10-07,1.887840,2.166640,,,"Citi Velocity, exported by Charlie",estr_eonia_1y5y_citi_2026-10-05.xlsx
2025-10-08,1.875930,2.133560,,,"Citi Velocity, exported by Charlie",estr_eonia_1y5y_citi_2026-10-05.xlsx
2025-10-09,1.878400,2.153160,,,"Citi Velocity, exported by Charlie",estr_eonia_1y5y_citi_2026-10-05.xlsx
2025-10-10,1.863710,2.106270,,,"Citi Velocity, exported by Charlie",estr_eonia_1y5y_citi_2026-10-05.xlsx
2025-10-13,1.850820,2.088620,,,"Citi Velocity, exported by Charlie",estr_eonia_1y5y_citi_2026-10-05.xlsx
2025-10-14,1.849080,2.071920,,,"Citi Velocity, exported by Charlie",estr_eonia_1y5y_citi_2026-10-05.xlsx
2025-10-15,1.846690,2.032220,,,"Citi Velocity, exported by Charlie",estr_eonia_1y5y_citi_2026-10-05.xlsx
2025-10-16,1.847040,2.038710,,,"Citi Velocity, exported by Charlie",estr_eonia_1y5y_citi_2026-10-05.xlsx
2025-10-17,1.834960,2.039700,,,"Citi Velocity, exported by Charlie",estr_eonia_1y5y_citi_2026-10-05.xlsx
2025-10-20,1.837830,2.045030,,,"Citi Velocity, exported by Charlie",estr_eonia_1y5y_citi_2026-10-05.xlsx
2025-10-21,1.837110,2.034680,,,"Citi Velocity, exported by Charlie",estr_eonia_1y5y_citi_2026-10-05.xlsx
2025-10-22,1.838650,2.040390,,,"Citi Velocity, exported by Charlie",estr_eonia_1y5y_citi_2026-10-05.xlsx
2025-10-23,1.846470,2.054750,,,"Citi Velocity, exported by Charlie",estr_eonia_1y5y_citi_2026-10-05.xlsx
2025-10-24,1.875210,2.102750,,,"Citi Velocity, exported by Charlie",estr_eonia_1y5y_citi_2026-10-05.xlsx
2025-10-27,1.875660,2.095600,,,"Citi Velocity, exported by Charlie",estr_eonia_1y5y_citi_2026-10-05.xlsx
2025-10-28,1.874930,2.100420,,,"Citi Velocity, exported by Charlie",estr_eonia_1y5y_citi_2026-10-05.xlsx
2025-10-29,1.872520,2.102270,,,"Citi Velocity, exported by Charlie",estr_eonia_1y5y_citi_2026-10-05.xlsx
2025-10-30,1.881450,2.122540,,,"Citi Velocity, exported by Charlie",estr_eonia_1y5y_citi_2026-10-05.xlsx
2025-10-31,1.876640,2.104760,,,"Citi Velocity, exported by Charlie",estr_eonia_1y5y_citi_2026-10-05.xlsx
2025-11-03,1.885030,2.139430,,,"Citi Velocity, exported by Charlie",estr_eonia_1y5y_citi_2026-10-05.xlsx
2025-11-04,1.880330,2.125230,,,"Citi Velocity, exported by Charlie",estr_eonia_1y5y_citi_2026-10-05.xlsx
2025-11-05,1.885960,2.141140,,,"Citi Velocity, exported by Charlie",estr_eonia_1y5y_citi_2026-10-05.xlsx
2025-11-06,1.884660,2.133960,,,"Citi Velocity, exported by Charlie",estr_eonia_1y5y_citi_2026-10-05.xlsx
2025-11-07,1.880160,2.138940,,,"Citi Velocity, exported by Charlie",estr_eonia_1y5y_citi_2026-10-05.xlsx
2025-11-10,1.885400,2.137550,,,"Citi Velocity, exported by Charlie",estr_eonia_1y5y_citi_2026-10-05.xlsx
2025-11-11,1.886680,2.132330,,,"Citi Velocity, exported by Charlie",estr_eonia_1y5y_citi_2026-10-05.xlsx
2025-11-12,1.891440,2.135440,,,"Citi Velocity, exported by Charlie",estr_eonia_1y5y_citi_2026-10-05.xlsx
2025-11-13,1.902900,2.171940,,,"Citi Velocity, exported by Charlie",estr_eonia_1y5y_citi_2026-10-05.xlsx
2025-11-14,1.904790,2.189210,,,"Citi Velocity, exported by Charlie",estr_eonia_1y5y_citi_2026-10-05.xlsx
2025-11-17,1.911840,2.195900,,,"Citi Velocity, exported by Charlie",estr_eonia_1y5y_citi_2026-10-05.xlsx
2025-11-18,1.897940,2.184110,,,"Citi Velocity, exported by Charlie",estr_eonia_1y5y_citi_2026-10-05.xlsx
2025-11-19,1.896700,2.186260,,,"Citi Velocity, exported by Charlie",estr_eonia_1y5y_citi_2026-10-05.xlsx
2025-11-20,1.896940,2.182740,,,"Citi Velocity, exported by Charlie",estr_eonia_1y5y_citi_2026-10-05.xlsx
2025-11-21,1.886380,2.164960,,,"Citi Velocity, exported by Charlie",estr_eonia_1y5y_citi_2026-10-05.xlsx
2025-11-24,1.892230,2.167910,,,"Citi Velocity, exported by Charlie",estr_eonia_1y5y_citi_2026-10-05.xlsx
2025-11-25,1.888080,2.151660,,,"Citi Velocity, exported by Charlie",estr_eonia_1y5y_citi_2026-10-05.xlsx
2025-11-26,1.890530,2.151930,,,"Citi Velocity, exported by Charlie",estr_eonia_1y5y_citi_2026-10-05.xlsx
2025-11-27,1.893520,2.152910,,,"Citi Velocity, exported by Charlie",estr_eonia_1y5y_citi_2026-10-05.xlsx
2025-11-28,1.898500,2.169550,,,"Citi Velocity, exported by Charlie",estr_eonia_1y5y_citi_2026-10-05.xlsx
2025-12-01,1.909700,2.212830,,,"Citi Velocity, exported by Charlie",estr_eonia_1y5y_citi_2026-10-05.xlsx
2025-12-02,1.905380,2.206160,,,"Citi Velocity, exported by Charlie",estr_eonia_1y5y_citi_2026-10-05.xlsx
2025-12-03,1.906170,2.200930,,,"Citi Velocity, exported by Charlie",estr_eonia_1y5y_citi_2026-10-05.xlsx
2025-12-04,1.910330,2.222220,,,"Citi Velocity, exported by Charlie",estr_eonia_1y5y_citi_2026-10-05.xlsx
2025-12-05,1.921180,2.253640,,,"Citi Velocity, exported by Charlie",estr_eonia_1y5y_citi_2026-10-05.xlsx
2025-12-08,1.954550,2.360540,,,"Citi Velocity, exported by Charlie",estr_eonia_1y5y_citi_2026-10-05.xlsx
2025-12-09,1.947390,2.335240,,,"Citi Velocity, exported by Charlie",estr_eonia_1y5y_citi_2026-10-05.xlsx
2025-12-10,1.958110,2.347770,,,"Citi Velocity, exported by Charlie",estr_eonia_1y5y_citi_2026-10-05.xlsx
2025-12-11,1.952570,2.333230,,,"Citi Velocity, exported by Charlie",estr_eonia_1y5y_citi_2026-10-05.xlsx
2025-12-12,1.952720,2.339890,,,"Citi Velocity, exported by Charlie",estr_eonia_1y5y_citi_2026-10-05.xlsx
2025-12-15,1.949250,2.337390,,,"Citi Velocity, exported by Charlie",estr_eonia_1y5y_citi_2026-10-05.xlsx
2025-12-16,1.944890,2.331240,,,"Citi Velocity, exported by Charlie",estr_eonia_1y5y_citi_2026-10-05.xlsx
2025-12-17,1.943680,2.338840,,,"Citi Velocity, exported by Charlie",estr_eonia_1y5y_citi_2026-10-05.xlsx
2025-12-18,1.950560,2.321720,,,"Citi Velocity, exported by Charlie",estr_eonia_1y5y_citi_2026-10-05.xlsx
2025-12-19,1.954120,2.350610,,,"Citi Velocity, exported by Charlie",estr_eonia_1y5y_citi_2026-10-05.xlsx
2025-12-22,1.954460,2.369070,,,"Citi Velocity, exported by Charlie",estr_eonia_1y5y_citi_2026-10-05.xlsx
2025-12-23,1.948480,2.341530,,,"Citi Velocity, exported by Charlie",estr_eonia_1y5y_citi_2026-10-05.xlsx
2025-12-24,1.949080,2.341740,,,"Citi Velocity, exported by Charlie",estr_eonia_1y5y_citi_2026-10-05.xlsx
2025-12-25,1.949080,2.341740,,,"Citi Velocity, exported by Charlie",estr_eonia_1y5y_citi_2026-10-05.xlsx
2025-12-26,1.949080,2.341740,,,"Citi Velocity, exported by Charlie",estr_eonia_1y5y_citi_2026-10-05.xlsx
2025-12-29,1.934980,2.306920,,,"Citi Velocity, exported by Charlie",estr_eonia_1y5y_citi_2026-10-05.xlsx
2025-12-30,1.934770,2.316970,,,"Citi Velocity, exported by Charlie",estr_eonia_1y5y_citi_2026-10-05.xlsx
2025-12-31,1.938040,2.318580,,,"Citi Velocity, exported by Charlie",estr_eonia_1y5y_citi_2026-10-05.xlsx
2026-01-01,1.938040,2.318580,,,"Citi Velocity, exported by Charlie",estr_eonia_1y5y_citi_2026-10-05.xlsx
2026-01-02,1.942960,2.343950,,,"Citi Velocity, exported by Charlie",estr_eonia_1y5y_citi_2026-10-05.xlsx
2026-01-05,1.942320,2.322710,,,"Citi Velocity, exported by Charlie",estr_eonia_1y5y_citi_2026-10-05.xlsx
2026-01-06,1.928730,2.302580,,,"Citi Velocity, exported by Charlie",estr_eonia_1y5y_citi_2026-10-05.xlsx
2026-01-07,1.920550,2.267860,,,"Citi Velocity, exported by Charlie",estr_eonia_1y5y_citi_2026-10-05.xlsx
2026-01-08,1.928370,2.288700,,,"Citi Velocity, exported by Charlie",estr_eonia_1y5y_citi_2026-10-05.xlsx
2026-01-09,1.932280,2.291360,,,"Citi Velocity, exported by Charlie",estr_eonia_1y5y_citi_2026-10-05.xlsx
2026-01-12,1.933010,2.271340,,,"Citi Velocity, exported by Charlie",estr_eonia_1y5y_citi_2026-10-05.xlsx
2026-01-13,1.930860,2.274200,,,"Citi Velocity, exported by Charlie",estr_eonia_1y5y_citi_2026-10-05.xlsx
2026-01-14,1.925110,2.258410,,,"Citi Velocity, exported by Charlie",estr_eonia_1y5y_citi_2026-10-05.xlsx
2026-01-15,1.933460,2.265690,,,"Citi Velocity, exported by Charlie",estr_eonia_1y5y_citi_2026-10-05.xlsx
2026-01-16,1.939990,2.292490,,,"Citi Velocity, exported by Charlie",estr_eonia_1y5y_citi_2026-10-05.xlsx
2026-01-19,1.921940,2.275550,,,"Citi Velocity, exported by Charlie",estr_eonia_1y5y_citi_2026-10-05.xlsx
2026-01-20,1.912640,2.280370,,,"Citi Velocity, exported by Charlie",estr_eonia_1y5y_citi_2026-10-05.xlsx
2026-01-21,1.920550,2.297450,,,"Citi Velocity, exported by Charlie",estr_eonia_1y5y_citi_2026-10-05.xlsx
2026-01-22,1.928940,2.310000,,,"Citi Velocity, exported by Charlie",estr_eonia_1y5y_citi_2026-10-05.xlsx
2026-01-23,1.939410,2.331930,,,"Citi Velocity, exported by Charlie",estr_eonia_1y5y_citi_2026-10-05.xlsx
2026-01-26,1.930720,2.299590,,,"Citi Velocity, exported by Charlie",estr_eonia_1y5y_citi_2026-10-05.xlsx
2026-01-27,1.923960,2.295790,,,"Citi Velocity, exported by Charlie",estr_eonia_1y5y_citi_2026-10-05.xlsx
2026-01-28,1.913270,2.274620,,,"Citi Velocity, exported by Charlie",estr_eonia_1y5y_citi_2026-10-05.xlsx
2026-01-29,1.902480,2.246530,,,"Citi Velocity, exported by Charlie",estr_eonia_1y5y_citi_2026-10-05.xlsx
2026-01-30,1.911970,2.249260,,,"Citi Velocity, exported by Charlie",estr_eonia_1y5y_citi_2026-10-05.xlsx
2026-02-02,1.923930,2.274780,,,"Citi Velocity, exported by Charlie",estr_eonia_1y5y_citi_2026-10-05.xlsx
2026-02-03,1.926850,2.293620,,,"Citi Velocity, exported by Charlie",estr_eonia_1y5y_citi_2026-10-05.xlsx
2026-02-04,1.916080,2.266340,,,"Citi Velocity, exported by Charlie",estr_eonia_1y5y_citi_2026-10-05.xlsx
2026-02-05,1.910190,2.253240,,,"Citi Velocity, exported by Charlie",estr_eonia_1y5y_citi_2026-10-05.xlsx
2026-02-06,1.913800,2.253640,,,"Citi Velocity, exported by Charlie",estr_eonia_1y5y_citi_2026-10-05.xlsx
2026-02-09,1.909030,2.233390,,,"Citi Velocity, exported by Charlie",estr_eonia_1y5y_citi_2026-10-05.xlsx
2026-02-10,1.909800,2.217260,,,"Citi Velocity, exported by Charlie",estr_eonia_1y5y_citi_2026-10-05.xlsx
2026-02-11,1.911650,2.220690,,,"Citi Velocity, exported by Charlie",estr_eonia_1y5y_citi_2026-10-05.xlsx
2026-02-12,1.910590,2.207520,,,"Citi Velocity, exported by Charlie",estr_eonia_1y5y_citi_2026-10-05.xlsx
2026-02-13,1.897480,2.174590,,,"Citi Velocity, exported by Charlie",estr_eonia_1y5y_citi_2026-10-05.xlsx
2026-02-16,1.899470,2.175490,,,"Citi Velocity, exported by Charlie",estr_eonia_1y5y_citi_2026-10-05.xlsx
2026-02-17,1.897500,2.167450,,,"Citi Velocity, exported by Charlie",estr_eonia_1y5y_citi_2026-10-05.xlsx
2026-02-18,1.905480,2.173270,,,"Citi Velocity, exported by Charlie",estr_eonia_1y5y_citi_2026-10-05.xlsx
2026-02-19,1.907220,2.182140,,,"Citi Velocity, exported by Charlie",estr_eonia_1y5y_citi_2026-10-05.xlsx
2026-02-20,1.913640,2.184020,,,"Citi Velocity, exported by Charlie",estr_eonia_1y5y_citi_2026-10-05.xlsx
2026-02-23,1.906130,2.155210,,,"Citi Velocity, exported by Charlie",estr_eonia_1y5y_citi_2026-10-05.xlsx
2026-02-24,1.914380,2.156720,,,"Citi Velocity, exported by Charlie",estr_eonia_1y5y_citi_2026-10-05.xlsx
2026-02-25,1.915170,2.154430,,,"Citi Velocity, exported by Charlie",estr_eonia_1y5y_citi_2026-10-05.xlsx
2026-02-26,1.911460,2.146390,,,"Citi Velocity, exported by Charlie",estr_eonia_1y5y_citi_2026-10-05.xlsx
2026-02-27,1.898020,2.101540,,,"Citi Velocity, exported by Charlie",estr_eonia_1y5y_citi_2026-10-05.xlsx
2026-03-02,1.941860,2.172240,,,"Citi Velocity, exported by Charlie",estr_eonia_1y5y_citi_2026-10-05.xlsx
2026-03-03,2.011680,2.262640,,,"Citi Velocity, exported by Charlie",estr_eonia_1y5y_citi_2026-10-05.xlsx
2026-03-04,1.982650,2.223440,,,"Citi Velocity, exported by Charlie",estr_eonia_1y5y_citi_2026-10-05.xlsx
2026-03-05,2.062600,2.348200,,,"Citi Velocity, exported by Charlie",estr_eonia_1y5y_citi_2026-10-05.xlsx
2026-03-06,2.113230,2.403640,,,"Citi Velocity, exported by Charlie",estr_eonia_1y5y_citi_2026-10-05.xlsx
2026-03-09,2.165810,2.422870,,,"Citi Velocity, exported by Charlie",estr_eonia_1y5y_citi_2026-10-05.xlsx
2026-03-10,2.081430,2.362100,,,"Citi Velocity, exported by Charlie",estr_eonia_1y5y_citi_2026-10-05.xlsx
2026-03-11,2.202020,2.469290,,,"Citi Velocity, exported by Charlie",estr_eonia_1y5y_citi_2026-10-05.xlsx
2026-03-12,2.220680,2.478070,,,"Citi Velocity, exported by Charlie",estr_eonia_1y5y_citi_2026-10-05.xlsx
2026-03-13,2.238850,2.500640,,,"Citi Velocity, exported by Charlie",estr_eonia_1y5y_citi_2026-10-05.xlsx
2026-03-16,2.217650,2.467940,,,"Citi Velocity, exported by Charlie",estr_eonia_1y5y_citi_2026-10-05.xlsx
2026-03-17,2.199290,2.440270,,,"Citi Velocity, exported by Charlie",estr_eonia_1y5y_citi_2026-10-05.xlsx
2026-03-18,2.265800,2.495470,,,"Citi Velocity, exported by Charlie",estr_eonia_1y5y_citi_2026-10-05.xlsx
2026-03-19,2.410530,2.549450,,,"Citi Velocity, exported by Charlie",estr_eonia_1y5y_citi_2026-10-05.xlsx
2026-03-20,2.493640,2.633000,,,"Citi Velocity, exported by Charlie",estr_eonia_1y5y_citi_2026-10-05.xlsx
2026-03-23,2.443260,2.602030,,,"Citi Velocity, exported by Charlie",estr_eonia_1y5y_citi_2026-10-05.xlsx
2026-03-24,2.502170,2.650860,,,"Citi Velocity, exported by Charlie",estr_eonia_1y5y_citi_2026-10-05.xlsx
2026-03-25,2.450900,2.591860,,,"Citi Velocity, exported by Charlie",estr_eonia_1y5y_citi_2026-10-05.xlsx
2026-03-26,2.527070,2.692420,,,"Citi Velocity, exported by Charlie",estr_eonia_1y5y_citi_2026-10-05.xlsx
2026-03-27,2.510250,2.724580,,,"Citi Velocity, exported by Charlie",estr_eonia_1y5y_citi_2026-10-05.xlsx
2026-03-30,2.460330,2.654160,,,"Citi Velocity, exported by Charlie",estr_eonia_1y5y_citi_2026-10-05.xlsx
2026-03-31,2.466790,2.626520,,,"Citi Velocity, exported by Charlie",estr_eonia_1y5y_citi_2026-10-05.xlsx
2026-04-01,2.435450,2.597580,,,"Citi Velocity, exported by Charlie",estr_eonia_1y5y_citi_2026-10-05.xlsx
2026-04-02,2.461220,2.595110,,,"Citi Velocity, exported by Charlie",estr_eonia_1y5y_citi_2026-10-05.xlsx
2026-04-03,2.483830,2.595110,,,"Citi Velocity, exported by Charlie",estr_eonia_1y5y_citi_2026-10-05.xlsx
2026-04-06,2.483830,2.595110,,,"Citi Velocity, exported by Charlie",estr_eonia_1y5y_citi_2026-10-05.xlsx
2026-04-07,2.557260,2.713060,,,"Citi Velocity, exported by Charlie",estr_eonia_1y5y_citi_2026-10-05.xlsx
2026-04-08,2.334230,2.514670,,,"Citi Velocity, exported by Charlie",estr_eonia_1y5y_citi_2026-10-05.xlsx
2026-04-09,2.387540,2.584540,,,"Citi Velocity, exported by Charlie",estr_eonia_1y5y_citi_2026-10-05.xlsx
2026-04-10,2.402260,2.594770,,,"Citi Velocity, exported by Charlie",estr_eonia_1y5y_citi_2026-10-05.xlsx
2026-04-13,2.461950,2.647540,,,"Citi Velocity, exported by Charlie",estr_eonia_1y5y_citi_2026-10-05.xlsx
2026-04-14,2.375210,2.585280,,,"Citi Velocity, exported by Charlie",estr_eonia_1y5y_citi_2026-10-05.xlsx
2026-04-15,2.364380,2.577410,,,"Citi Velocity, exported by Charlie",estr_eonia_1y5y_citi_2026-10-05.xlsx
2026-04-16,2.338390,2.564580,,,"Citi Velocity, exported by Charlie",estr_eonia_1y5y_citi_2026-10-05.xlsx
2026-04-17,2.251060,2.486280,,,"Citi Velocity, exported by Charlie",estr_eonia_1y5y_citi_2026-10-05.xlsx
2026-04-20,2.288420,2.506720,,,"Citi Velocity, exported by Charlie",estr_eonia_1y5y_citi_2026-10-05.xlsx
2026-04-21,2.338470,2.539810,,,"Citi Velocity, exported by Charlie",estr_eonia_1y5y_citi_2026-10-05.xlsx
2026-04-22,2.367510,2.552290,,,"Citi Velocity, exported by Charlie",estr_eonia_1y5y_citi_2026-10-05.xlsx
2026-04-23,2.378040,2.571420,,,"Citi Velocity, exported by Charlie",estr_eonia_1y5y_citi_2026-10-05.xlsx
2026-04-24,2.390330,2.575120,,,"Citi Velocity, exported by Charlie",estr_eonia_1y5y_citi_2026-10-05.xlsx
2026-04-27,2.394960,2.596830,,,"Citi Velocity, exported by Charlie",estr_eonia_1y5y_citi_2026-10-05.xlsx
2026-04-28,2.460770,2.630280,,,"Citi Velocity, exported by Charlie",estr_eonia_1y5y_citi_2026-10-05.xlsx
2026-04-29,2.539040,2.679880,,,"Citi Velocity, exported by Charlie",estr_eonia_1y5y_citi_2026-10-05.xlsx
2026-04-30,2.485340,2.617300,,,"Citi Velocity, exported by Charlie",estr_eonia_1y5y_citi_2026-10-05.xlsx
2026-05-01,2.487710,2.617300,,,"Citi Velocity, exported by Charlie",estr_eonia_1y5y_citi_2026-10-05.xlsx
2026-05-04,2.525590,2.659770,,,"Citi Velocity, exported by Charlie",estr_eonia_1y5y_citi_2026-10-05.xlsx
2026-05-05,2.514580,2.653320,,,"Citi Velocity, exported by Charlie",estr_eonia_1y5y_citi_2026-10-05.xlsx
2026-05-06,2.403270,2.558260,,,"Citi Velocity, exported by Charlie",estr_eonia_1y5y_citi_2026-10-05.xlsx
2026-05-07,2.401090,2.551730,,,"Citi Velocity, exported by Charlie",estr_eonia_1y5y_citi_2026-10-05.xlsx
2026-05-08,2.425390,2.561800,,,"Citi Velocity, exported by Charlie",estr_eonia_1y5y_citi_2026-10-05.xlsx
2026-05-11,2.471980,2.616850,,,"Citi Velocity, exported by Charlie",estr_eonia_1y5y_citi_2026-10-05.xlsx
2026-05-12,2.512060,2.671900,,,"Citi Velocity, exported by Charlie",estr_eonia_1y5y_citi_2026-10-05.xlsx
2026-05-13,2.509840,2.685990,,,"Citi Velocity, exported by Charlie",estr_eonia_1y5y_citi_2026-10-05.xlsx
2026-05-14,2.474320,2.636610,,,"Citi Velocity, exported by Charlie",estr_eonia_1y5y_citi_2026-10-05.xlsx
2026-05-15,2.519460,2.724990,,,"Citi Velocity, exported by Charlie",estr_eonia_1y5y_citi_2026-10-05.xlsx
2026-05-18,2.510400,2.728000,,,"Citi Velocity, exported by Charlie",estr_eonia_1y5y_citi_2026-10-05.xlsx
2026-05-19,2.516690,2.755520,,,"Citi Velocity, exported by Charlie",estr_eonia_1y5y_citi_2026-10-05.xlsx
2026-05-20,2.459720,2.667070,,,"Citi Velocity, exported by Charlie",estr_eonia_1y5y_citi_2026-10-05.xlsx
2026-05-21,2.479300,2.673800,,,"Citi Velocity, exported by Charlie",estr_eonia_1y5y_citi_2026-10-05.xlsx
2026-05-22,2.456130,2.618470,,,"Citi Velocity, exported by Charlie",estr_eonia_1y5y_citi_2026-10-05.xlsx
2026-05-25,2.368130,2.522440,,,"Citi Velocity, exported by Charlie",estr_eonia_1y5y_citi_2026-10-05.xlsx
2026-05-26,2.429550,2.551870,,,"Citi Velocity, exported by Charlie",estr_eonia_1y5y_citi_2026-10-05.xlsx
2026-05-27,2.423570,2.554700,,,"Citi Velocity, exported by Charlie",estr_eonia_1y5y_citi_2026-10-05.xlsx
2026-05-28,2.405600,2.524660,,,"Citi Velocity, exported by Charlie",estr_eonia_1y5y_citi_2026-10-05.xlsx
2026-05-29,2.388770,2.494310,,,"Citi Velocity, exported by Charlie",estr_eonia_1y5y_citi_2026-10-05.xlsx
2026-06-01,2.475320,2.582340,,,"Citi Velocity, exported by Charlie",estr_eonia_1y5y_citi_2026-10-05.xlsx
2026-06-02,2.473000,2.559390,,,"Citi Velocity, exported by Charlie",estr_eonia_1y5y_citi_2026-10-05.xlsx
2026-06-03,2.505050,2.619970,,,"Citi Velocity, exported by Charlie",estr_eonia_1y5y_citi_2026-10-05.xlsx
2026-06-04,2.491710,2.607510,,,"Citi Velocity, exported by Charlie",estr_eonia_1y5y_citi_2026-10-05.xlsx
2026-06-05,2.517270,2.636420,,,"Citi Velocity, exported by Charlie",estr_eonia_1y5y_citi_2026-10-05.xlsx
2026-06-08,2.530450,2.664330,,,"Citi Velocity, exported by Charlie",estr_eonia_1y5y_citi_2026-10-05.xlsx
2026-06-09,2.511930,2.649470,,,"Citi Velocity, exported by Charlie",estr_eonia_1y5y_citi_2026-10-05.xlsx
2026-06-10,2.538310,2.668270,,,"Citi Velocity, exported by Charlie",estr_eonia_1y5y_citi_2026-10-05.xlsx
2026-06-11,2.504410,2.622860,,,"Citi Velocity, exported by Charlie",estr_eonia_1y5y_citi_2026-10-05.xlsx
2026-06-12,2.470680,2.589070,,,"Citi Velocity, exported by Charlie",estr_eonia_1y5y_citi_2026-10-05.xlsx
2026-06-15,2.438410,2.539520,,,"Citi Velocity, exported by Charlie",estr_eonia_1y5y_citi_2026-10-05.xlsx
2026-06-16,2.448740,2.530060,,,"Citi Velocity, exported by Charlie",estr_eonia_1y5y_citi_2026-10-05.xlsx
2026-06-17,2.451020,2.534540,,,"Citi Velocity, exported by Charlie",estr_eonia_1y5y_citi_2026-10-05.xlsx
2026-06-18,2.457880,2.535610,,,"Citi Velocity, exported by Charlie",estr_eonia_1y5y_citi_2026-10-05.xlsx
2026-06-19,2.487520,2.587040,,,"Citi Velocity, exported by Charlie",estr_eonia_1y5y_citi_2026-10-05.xlsx
2026-06-22,2.447490,2.546520,,,"Citi Velocity, exported by Charlie",estr_eonia_1y5y_citi_2026-10-05.xlsx
2026-06-23,2.438150,2.516510,,,"Citi Velocity, exported by Charlie",estr_eonia_1y5y_citi_2026-10-05.xlsx
2026-06-24,2.416220,2.481870,,,"Citi Velocity, exported by Charlie",estr_eonia_1y5y_citi_2026-10-05.xlsx
2026-06-25,2.411940,2.480420,,,"Citi Velocity, exported by Charlie",estr_eonia_1y5y_citi_2026-10-05.xlsx
2026-06-26,2.388070,2.457140,,,"Citi Velocity, exported by Charlie",estr_eonia_1y5y_citi_2026-10-05.xlsx
2026-06-29,2.409340,2.463930,,,"Citi Velocity, exported by Charlie",estr_eonia_1y5y_citi_2026-10-05.xlsx
2026-06-30,2.403060,2.464050,,,"Citi Velocity, exported by Charlie",estr_eonia_1y5y_citi_2026-10-05.xlsx
2026-07-01,2.376590,2.462740,,,"Citi Velocity, exported by Charlie",estr_eonia_1y5y_citi_2026-10-05.xlsx
2026-07-02,2.350190,2.474230,,,"Citi Velocity, exported by Charlie",estr_eonia_1y5y_citi_2026-10-05.xlsx
2026-07-03,2.373920,2.513870,,,"Citi Velocity, exported by Charlie",estr_eonia_1y5y_citi_2026-10-05.xlsx
2026-07-06,2.379030,2.519260,,,"Citi Velocity, exported by Charlie",estr_eonia_1y5y_citi_2026-10-05.xlsx
2026-07-07,2.417210,2.565880,,,"Citi Velocity, exported by Charlie",estr_eonia_1y5y_citi_2026-10-05.xlsx
2026-07-08,2.525480,2.675270,,,"Citi Velocity, exported by Charlie",estr_eonia_1y5y_citi_2026-10-05.xlsx
2026-07-09,2.490850,2.640180,,,"Citi Velocity, exported by Charlie",estr_eonia_1y5y_citi_2026-10-05.xlsx
2026-07-10,2.489940,2.635320,,,"Citi Velocity, exported by Charlie",estr_eonia_1y5y_citi_2026-10-05.xlsx
2026-07-13,2.549290,2.678360,,,"Citi Velocity, exported by Charlie",estr_eonia_1y5y_citi_2026-10-05.xlsx
2026-07-14,2.546780,2.680950,,,"Citi Velocity, exported by Charlie",estr_eonia_1y5y_citi_2026-10-05.xlsx
2026-07-15,2.548020,2.701770,,,"Citi Velocity, exported by Charlie",estr_eonia_1y5y_citi_2026-10-05.xlsx
2026-07-16,2.574290,2.722470,,,"Citi Velocity, exported by Charlie",estr_eonia_1y5y_citi_2026-10-05.xlsx
2026-07-17,2.588270,2.721760,,,"Citi Velocity, exported by Charlie",estr_eonia_1y5y_citi_2026-10-05.xlsx
2026-07-20,2.588930,2.740380,,,"Citi Velocity, exported by Charlie",estr_eonia_1y5y_citi_2026-10-05.xlsx
2026-07-21,2.596450,2.764060,,,"Citi Velocity, exported by Charlie",estr_eonia_1y5y_citi_2026-10-05.xlsx
2026-07-22,2.634110,2.791440,,,"Citi Velocity, exported by Charlie",estr_eonia_1y5y_citi_2026-10-05.xlsx
2026-07-23,2.660270,2.836490,,,"Citi Velocity, exported by Charlie",estr_eonia_1y5y_citi_2026-10-05.xlsx
2026-07-24,2.625230,2.790180,,,"Citi Velocity, exported by Charlie",estr_eonia_1y5y_citi_2026-10-05.xlsx
2026-07-27,2.593040,2.733940,,,"Citi Velocity, exported by Charlie",estr_eonia_1y5y_citi_2026-10-05.xlsx
2026-07-28,2.568050,2.705590,,,"Citi Velocity, exported by Charlie",estr_eonia_1y5y_citi_2026-10-05.xlsx
2026-07-29,2.610560,2.757090,,,"Citi Velocity, exported by Charlie",estr_eonia_1y5y_citi_2026-10-05.xlsx
2026-07-30,2.590080,2.759970,,,"Citi Velocity, exported by Charlie",estr_eonia_1y5y_citi_2026-10-05.xlsx
2026-07-31,2.610390,2.781050,,,"Citi Velocity, exported by Charlie",estr_eonia_1y5y_citi_2026-10-05.xlsx
2026-08-03,2.584620,2.735970,,,"Citi Velocity, exported by Charlie",estr_eonia_1y5y_citi_2026-10-05.xlsx
2026-08-04,2.553540,2.697980,,,"Citi Velocity, exported by Charlie",estr_eonia_1y5y_citi_2026-10-05.xlsx
2026-08-05,2.543170,2.685130,,,"Citi Velocity, exported by Charlie",estr_eonia_1y5y_citi_2026-10-05.xlsx
2026-08-06,2.555440,2.704890,,,"Citi Velocity, exported by Charlie",estr_eonia_1y5y_citi_2026-10-05.xlsx
2026-08-07,2.554910,2.708730,,,"Citi Velocity, exported by Charlie",estr_eonia_1y5y_citi_2026-10-05.xlsx
2026-08-10,2.588240,2.758140,,,"Citi Velocity, exported by Charlie",estr_eonia_1y5y_citi_2026-10-05.xlsx
2026-08-11,2.582840,2.731380,,,"Citi Velocity, exported by Charlie",estr_eonia_1y5y_citi_2026-10-05.xlsx
2026-08-12,2.591570,2.739230,,,"Citi Velocity, exported by Charlie",estr_eonia_1y5y_citi_2026-10-05.xlsx
2026-08-13,2.582320,2.714630,,,"Citi Velocity, exported by Charlie",estr_eonia_1y5y_citi_2026-10-05.xlsx
2026-08-14,2.607700,2.766080,,,"Citi Velocity, exported by Charlie",estr_eonia_1y5y_citi_2026-10-05.xlsx
2026-08-17,2.607470,2.772400,,,"Citi Velocity, exported by Charlie",estr_eonia_1y5y_citi_2026-10-05.xlsx
2026-08-18,2.645520,2.823130,,,"Citi Velocity, exported by Charlie",estr_eonia_1y5y_citi_2026-10-05.xlsx
2026-08-19,2.658540,2.840580,,,"Citi Velocity, exported by Charlie",estr_eonia_1y5y_citi_2026-10-05.xlsx
2026-08-20,2.644200,2.821780,,,"Citi Velocity, exported by Charlie",estr_eonia_1y5y_citi_2026-10-05.xlsx
2026-08-21,2.644380,2.831400,,,"Citi Velocity, exported by Charlie",estr_eonia_1y5y_citi_2026-10-05.xlsx
2026-08-24,2.670140,2.833040,,,"Citi Velocity, exported by Charlie",estr_eonia_1y5y_citi_2026-10-05.xlsx
2026-08-25,2.636690,2.787870,,,"Citi Velocity, exported by Charlie",estr_eonia_1y5y_citi_2026-10-05.xlsx
2026-08-26,2.645000,2.803030,,,"Citi Velocity, exported by Charlie",estr_eonia_1y5y_citi_2026-10-05.xlsx
2026-08-27,2.660700,2.826290,,,"Citi Velocity, exported by Charlie",estr_eonia_1y5y_citi_2026-10-05.xlsx
2026-08-28,2.689800,2.867470,,,"Citi Velocity, exported by Charlie",estr_eonia_1y5y_citi_2026-10-05.xlsx
2026-08-31,2.704050,2.901390,,,"Citi Velocity, exported by Charlie",estr_eonia_1y5y_citi_2026-10-05.xlsx
2026-09-01,2.721150,2.925170,,,"Citi Velocity, exported by Charlie",estr_eonia_1y5y_citi_2026-10-05.xlsx
2026-09-02,2.763870,2.977830,,,"Citi Velocity, exported by Charlie",estr_eonia_1y5y_citi_2026-10-05.xlsx
2026-09-03,2.743460,2.943260,,,"Citi Velocity, exported by Charlie",estr_eonia_1y5y_citi_2026-10-05.xlsx
2026-09-04,2.733690,2.936540,,,"Citi Velocity, exported by Charlie",estr_eonia_1y5y_citi_2026-10-05.xlsx
2026-09-07,2.765420,2.981640,,,"Citi Velocity, exported by Charlie",estr_eonia_1y5y_citi_2026-10-05.xlsx
2026-09-08,2.761090,2.971930,,,"Citi Velocity, exported by Charlie",estr_eonia_1y5y_citi_2026-10-05.xlsx
2026-09-09,2.808990,3.058650,,,"Citi Velocity, exported by Charlie",estr_eonia_1y5y_citi_2026-10-05.xlsx
2026-09-10,2.980660,3.177060,,,"Citi Velocity, exported by Charlie",estr_eonia_1y5y_citi_2026-10-05.xlsx
2026-09-11,2.966800,3.171040,,,"Citi Velocity, exported by Charlie",estr_eonia_1y5y_citi_2026-10-05.xlsx
2026-09-14,3.039740,3.237510,,,"Citi Velocity, exported by Charlie",estr_eonia_1y5y_citi_2026-10-05.xlsx
2026-09-15,2.988170,3.214860,,,"Citi Velocity, exported by Charlie",estr_eonia_1y5y_citi_2026-10-05.xlsx
2026-09-16,2.961970,3.174230,,,"Citi Velocity, exported by Charlie",estr_eonia_1y5y_citi_2026-10-05.xlsx
2026-09-17,2.983580,3.161200,,,"Citi Velocity, exported by Charlie",estr_eonia_1y5y_citi_2026-10-05.xlsx
2026-09-18,3.043910,3.248860,,,"Citi Velocity, exported by Charlie",estr_eonia_1y5y_citi_2026-10-05.xlsx
2026-09-21,2.973610,3.149060,,,"Citi Velocity, exported by Charlie",estr_eonia_1y5y_citi_2026-10-05.xlsx
2026-09-22,2.977100,3.150780,,,"Citi Velocity, exported by Charlie",estr_eonia_1y5y_citi_2026-10-05.xlsx
2026-09-23,3.045990,3.275440,,,"Citi Velocity, exported by Charlie",estr_eonia_1y5y_citi_2026-10-05.xlsx
2026-09-24,3.067240,3.352830,,,"Citi Velocity, exported by Charlie",estr_eonia_1y5y_citi_2026-10-05.xlsx
2026-09-25,3.036030,3.330000,,,"Citi Velocity, exported by Charlie",estr_eonia_1y5y_citi_2026-10-05.xlsx
2026-09-28,3.033310,3.346220,,,"Citi Velocity, exported by Charlie",estr_eonia_1y5y_citi_2026-10-05.xlsx
2026-09-29,3.005960,3.309240,,,"Citi Velocity, exported by Charlie",estr_eonia_1y5y_citi_2026-10-05.xlsx
2026-09-30,2.976210,3.254970,,,"Citi Velocity, exported by Charlie",estr_eonia_1y5y_citi_2026-10-05.xlsx
2026-10-01,2.890910,3.207010,,,"Citi Velocity, exported by Charlie",estr_eonia_1y5y_citi_2026-10-05.xlsx
2026-10-02,2.878350,3.158500,,,"Citi Velocity, exported by Charlie",estr_eonia_1y5y_citi_2026-10-05.xlsx
2026-10-04,2.889080,3.176540,,,"Citi Velocity, exported by Charlie",estr_eonia_1y5y_citi_2026-10-05.xlsx
