date,bbg_ita_1y,bbg_ita_5y,bbg_fra_1y,bbg_fra_5y,source,raw_file
2006-10-05,3.615000,3.741000,3.600000,3.628000,"Bloomberg BGN, exported by Charlie",france_italy_1y5y_bbg_2026-10-05.xlsx
2006-10-06,3.615000,3.766000,3.607000,3.660000,"Bloomberg BGN, exported by Charlie",france_italy_1y5y_bbg_2026-10-05.xlsx
2006-10-09,3.630000,3.783000,3.618000,3.673000,"Bloomberg BGN, exported by Charlie",france_italy_1y5y_bbg_2026-10-05.xlsx
2006-10-10,3.659000,3.844000,3.644000,3.741000,"Bloomberg BGN, exported by Charlie",france_italy_1y5y_bbg_2026-10-05.xlsx
2006-10-11,3.658000,3.841000,3.644000,3.737000,"Bloomberg BGN, exported by Charlie",france_italy_1y5y_bbg_2026-10-05.xlsx
2006-10-12,3.654000,3.831000,3.641000,3.726000,"Bloomberg BGN, exported by Charlie",france_italy_1y5y_bbg_2026-10-05.xlsx
2006-10-13,3.662000,3.858000,3.649000,3.753000,"Bloomberg BGN, exported by Charlie",france_italy_1y5y_bbg_2026-10-05.xlsx
2006-10-16,3.659000,3.854000,3.649000,3.753000,"Bloomberg BGN, exported by Charlie",france_italy_1y5y_bbg_2026-10-05.xlsx
2006-10-17,3.644000,3.823000,3.638000,3.724000,"Bloomberg BGN, exported by Charlie",france_italy_1y5y_bbg_2026-10-05.xlsx
2006-10-18,3.638000,3.837000,3.631000,3.740000,"Bloomberg BGN, exported by Charlie",france_italy_1y5y_bbg_2026-10-05.xlsx
2006-10-19,3.652000,3.862000,3.644000,3.757000,"Bloomberg BGN, exported by Charlie",france_italy_1y5y_bbg_2026-10-05.xlsx
2006-10-20,3.663000,3.874000,3.656000,3.767000,"Bloomberg BGN, exported by Charlie",france_italy_1y5y_bbg_2026-10-05.xlsx
2006-10-23,3.682000,3.919000,3.675000,3.811000,"Bloomberg BGN, exported by Charlie",france_italy_1y5y_bbg_2026-10-05.xlsx
2006-10-24,3.693000,3.918000,3.684000,3.806000,"Bloomberg BGN, exported by Charlie",france_italy_1y5y_bbg_2026-10-05.xlsx
2006-10-25,3.701000,3.926000,3.696000,3.816000,"Bloomberg BGN, exported by Charlie",france_italy_1y5y_bbg_2026-10-05.xlsx
2006-10-26,3.709000,3.909000,3.700000,3.798000,"Bloomberg BGN, exported by Charlie",france_italy_1y5y_bbg_2026-10-05.xlsx
2006-10-27,3.708000,3.871000,3.699000,3.760000,"Bloomberg BGN, exported by Charlie",france_italy_1y5y_bbg_2026-10-05.xlsx
2006-10-30,3.708000,3.863000,3.700000,3.752000,"Bloomberg BGN, exported by Charlie",france_italy_1y5y_bbg_2026-10-05.xlsx
2006-10-31,3.685000,3.799000,3.695000,3.694000,"Bloomberg BGN, exported by Charlie",france_italy_1y5y_bbg_2026-10-05.xlsx
2006-11-01,3.671000,3.746000,3.669000,3.652000,"Bloomberg BGN, exported by Charlie",france_italy_1y5y_bbg_2026-10-05.xlsx
2006-11-02,3.698000,3.778000,3.688000,3.684000,"Bloomberg BGN, exported by Charlie",france_italy_1y5y_bbg_2026-10-05.xlsx
2006-11-03,3.722000,3.831000,3.722000,3.740000,"Bloomberg BGN, exported by Charlie",france_italy_1y5y_bbg_2026-10-05.xlsx
2006-11-06,3.731000,3.850000,3.731000,3.759000,"Bloomberg BGN, exported by Charlie",france_italy_1y5y_bbg_2026-10-05.xlsx
2006-11-07,3.730000,3.813000,3.732000,3.720000,"Bloomberg BGN, exported by Charlie",france_italy_1y5y_bbg_2026-10-05.xlsx
2006-11-08,3.745000,3.838000,3.746000,3.748000,"Bloomberg BGN, exported by Charlie",france_italy_1y5y_bbg_2026-10-05.xlsx
2006-11-09,3.743000,3.821000,3.739000,3.726000,"Bloomberg BGN, exported by Charlie",france_italy_1y5y_bbg_2026-10-05.xlsx
2006-11-10,3.718000,3.779000,3.714000,3.683000,"Bloomberg BGN, exported by Charlie",france_italy_1y5y_bbg_2026-10-05.xlsx
2006-11-13,3.720000,3.805000,3.721000,3.711000,"Bloomberg BGN, exported by Charlie",france_italy_1y5y_bbg_2026-10-05.xlsx
2006-11-14,3.719000,3.785000,3.716000,3.687000,"Bloomberg BGN, exported by Charlie",france_italy_1y5y_bbg_2026-10-05.xlsx
2006-11-15,3.743000,3.814000,3.723000,3.716000,"Bloomberg BGN, exported by Charlie",france_italy_1y5y_bbg_2026-10-05.xlsx
2006-11-16,3.752000,3.827000,3.730000,3.731000,"Bloomberg BGN, exported by Charlie",france_italy_1y5y_bbg_2026-10-05.xlsx
2006-11-17,3.732000,3.803000,3.715000,3.699000,"Bloomberg BGN, exported by Charlie",france_italy_1y5y_bbg_2026-10-05.xlsx
2006-11-20,3.704000,3.783000,3.695000,3.680000,"Bloomberg BGN, exported by Charlie",france_italy_1y5y_bbg_2026-10-05.xlsx
2006-11-21,3.717000,3.788000,3.703000,3.686000,"Bloomberg BGN, exported by Charlie",france_italy_1y5y_bbg_2026-10-05.xlsx
2006-11-22,3.704000,3.778000,3.689000,3.677000,"Bloomberg BGN, exported by Charlie",france_italy_1y5y_bbg_2026-10-05.xlsx
2006-11-23,3.740000,3.816000,3.725000,3.715000,"Bloomberg BGN, exported by Charlie",france_italy_1y5y_bbg_2026-10-05.xlsx
2006-11-24,3.719000,3.764000,3.705000,3.664000,"Bloomberg BGN, exported by Charlie",france_italy_1y5y_bbg_2026-10-05.xlsx
2006-11-27,3.726000,3.774000,3.722000,3.671000,"Bloomberg BGN, exported by Charlie",france_italy_1y5y_bbg_2026-10-05.xlsx
2006-11-28,3.718000,3.756000,3.711000,3.656000,"Bloomberg BGN, exported by Charlie",france_italy_1y5y_bbg_2026-10-05.xlsx
2006-11-29,3.725000,3.779000,3.722000,3.681000,"Bloomberg BGN, exported by Charlie",france_italy_1y5y_bbg_2026-10-05.xlsx
2006-11-30,3.715000,3.756000,3.714000,3.654000,"Bloomberg BGN, exported by Charlie",france_italy_1y5y_bbg_2026-10-05.xlsx
2006-12-01,3.679000,3.724000,3.657000,3.620000,"Bloomberg BGN, exported by Charlie",france_italy_1y5y_bbg_2026-10-05.xlsx
2006-12-04,3.653000,3.722000,3.662000,3.620000,"Bloomberg BGN, exported by Charlie",france_italy_1y5y_bbg_2026-10-05.xlsx
2006-12-05,3.681000,3.741000,3.686000,3.639000,"Bloomberg BGN, exported by Charlie",france_italy_1y5y_bbg_2026-10-05.xlsx
2006-12-06,3.694000,3.765000,3.697000,3.662000,"Bloomberg BGN, exported by Charlie",france_italy_1y5y_bbg_2026-10-05.xlsx
2006-12-07,3.733000,3.805000,3.731000,3.704000,"Bloomberg BGN, exported by Charlie",france_italy_1y5y_bbg_2026-10-05.xlsx
2006-12-08,3.741000,3.818000,3.735000,3.723000,"Bloomberg BGN, exported by Charlie",france_italy_1y5y_bbg_2026-10-05.xlsx
2006-12-11,3.753000,3.842000,3.750000,3.748000,"Bloomberg BGN, exported by Charlie",france_italy_1y5y_bbg_2026-10-05.xlsx
2006-12-12,3.758000,3.844000,3.756000,3.749000,"Bloomberg BGN, exported by Charlie",france_italy_1y5y_bbg_2026-10-05.xlsx
2006-12-13,3.775000,3.863000,3.763000,3.767000,"Bloomberg BGN, exported by Charlie",france_italy_1y5y_bbg_2026-10-05.xlsx
2006-12-14,3.789000,3.900000,3.780000,3.802000,"Bloomberg BGN, exported by Charlie",france_italy_1y5y_bbg_2026-10-05.xlsx
2006-12-15,3.799000,3.907000,3.789000,3.815000,"Bloomberg BGN, exported by Charlie",france_italy_1y5y_bbg_2026-10-05.xlsx
2006-12-18,3.793000,3.927000,3.793000,3.837000,"Bloomberg BGN, exported by Charlie",france_italy_1y5y_bbg_2026-10-05.xlsx
2006-12-19,3.776000,3.955000,3.808000,3.864000,"Bloomberg BGN, exported by Charlie",france_italy_1y5y_bbg_2026-10-05.xlsx
2006-12-20,3.787000,3.954000,3.812000,3.864000,"Bloomberg BGN, exported by Charlie",france_italy_1y5y_bbg_2026-10-05.xlsx
2006-12-21,3.786000,3.969000,3.822000,3.878000,"Bloomberg BGN, exported by Charlie",france_italy_1y5y_bbg_2026-10-05.xlsx
2006-12-22,3.794000,3.976000,3.827000,3.885000,"Bloomberg BGN, exported by Charlie",france_italy_1y5y_bbg_2026-10-05.xlsx
2006-12-27,3.780000,4.015000,3.843000,3.925000,"Bloomberg BGN, exported by Charlie",france_italy_1y5y_bbg_2026-10-05.xlsx
2006-12-28,3.676000,4.036000,3.846000,3.947000,"Bloomberg BGN, exported by Charlie",france_italy_1y5y_bbg_2026-10-05.xlsx
2006-12-29,3.715000,4.024000,3.855000,3.934000,"Bloomberg BGN, exported by Charlie",france_italy_1y5y_bbg_2026-10-05.xlsx
2007-01-02,3.785000,3.997000,3.847000,3.912000,"Bloomberg BGN, exported by Charlie",france_italy_1y5y_bbg_2026-10-05.xlsx
2007-01-03,3.838000,4.007000,3.853000,3.924000,"Bloomberg BGN, exported by Charlie",france_italy_1y5y_bbg_2026-10-05.xlsx
2007-01-04,3.834000,3.992000,3.850000,3.907000,"Bloomberg BGN, exported by Charlie",france_italy_1y5y_bbg_2026-10-05.xlsx
2007-01-05,3.842000,4.037000,3.870000,3.954000,"Bloomberg BGN, exported by Charlie",france_italy_1y5y_bbg_2026-10-05.xlsx
2007-01-08,3.838000,4.022000,3.870000,3.943000,"Bloomberg BGN, exported by Charlie",france_italy_1y5y_bbg_2026-10-05.xlsx
2007-01-09,3.854000,4.045000,3.891000,3.966000,"Bloomberg BGN, exported by Charlie",france_italy_1y5y_bbg_2026-10-05.xlsx
2007-01-10,3.868000,4.062000,3.897000,3.983000,"Bloomberg BGN, exported by Charlie",france_italy_1y5y_bbg_2026-10-05.xlsx
2007-01-11,3.838000,4.038000,3.879000,3.961000,"Bloomberg BGN, exported by Charlie",france_italy_1y5y_bbg_2026-10-05.xlsx
2007-01-12,3.818000,4.077000,3.890000,4.003000,"Bloomberg BGN, exported by Charlie",france_italy_1y5y_bbg_2026-10-05.xlsx
2007-01-15,3.823000,4.071000,3.891000,3.999000,"Bloomberg BGN, exported by Charlie",france_italy_1y5y_bbg_2026-10-05.xlsx
2007-01-16,3.829000,4.066000,3.891000,3.997000,"Bloomberg BGN, exported by Charlie",france_italy_1y5y_bbg_2026-10-05.xlsx
2007-01-17,3.889000,4.060000,3.933000,3.995000,"Bloomberg BGN, exported by Charlie",france_italy_1y5y_bbg_2026-10-05.xlsx
2007-01-18,3.907000,4.088000,3.937000,4.021000,"Bloomberg BGN, exported by Charlie",france_italy_1y5y_bbg_2026-10-05.xlsx
2007-01-19,3.911000,4.084000,3.940000,4.019000,"Bloomberg BGN, exported by Charlie",france_italy_1y5y_bbg_2026-10-05.xlsx
2007-01-22,3.899000,4.052000,3.920000,3.991000,"Bloomberg BGN, exported by Charlie",france_italy_1y5y_bbg_2026-10-05.xlsx
2007-01-23,3.906000,4.063000,3.927000,3.999000,"Bloomberg BGN, exported by Charlie",france_italy_1y5y_bbg_2026-10-05.xlsx
2007-01-24,3.912000,4.087000,3.935000,4.021000,"Bloomberg BGN, exported by Charlie",france_italy_1y5y_bbg_2026-10-05.xlsx
2007-01-25,3.906000,4.111000,3.934000,4.047000,"Bloomberg BGN, exported by Charlie",france_italy_1y5y_bbg_2026-10-05.xlsx
2007-01-26,3.910000,4.118000,3.937000,4.050000,"Bloomberg BGN, exported by Charlie",france_italy_1y5y_bbg_2026-10-05.xlsx
2007-01-29,3.835000,4.136000,3.915000,4.067000,"Bloomberg BGN, exported by Charlie",france_italy_1y5y_bbg_2026-10-05.xlsx
2007-01-30,3.885000,4.125000,3.946000,4.056000,"Bloomberg BGN, exported by Charlie",france_italy_1y5y_bbg_2026-10-05.xlsx
2007-01-31,3.862000,4.115000,3.950000,4.048000,"Bloomberg BGN, exported by Charlie",france_italy_1y5y_bbg_2026-10-05.xlsx
2007-02-01,3.857000,4.096000,3.935000,4.041000,"Bloomberg BGN, exported by Charlie",france_italy_1y5y_bbg_2026-10-05.xlsx
2007-02-02,3.835000,4.052000,3.908000,3.998000,"Bloomberg BGN, exported by Charlie",france_italy_1y5y_bbg_2026-10-05.xlsx
2007-02-05,3.833000,4.022000,3.896000,3.972000,"Bloomberg BGN, exported by Charlie",france_italy_1y5y_bbg_2026-10-05.xlsx
2007-02-06,3.844000,4.032000,3.913000,3.978000,"Bloomberg BGN, exported by Charlie",france_italy_1y5y_bbg_2026-10-05.xlsx
2007-02-07,3.863000,4.037000,3.928000,3.982000,"Bloomberg BGN, exported by Charlie",france_italy_1y5y_bbg_2026-10-05.xlsx
2007-02-08,3.879000,4.067000,3.941000,4.017000,"Bloomberg BGN, exported by Charlie",france_italy_1y5y_bbg_2026-10-05.xlsx
2007-02-09,3.976000,4.098000,3.947000,4.053000,"Bloomberg BGN, exported by Charlie",france_italy_1y5y_bbg_2026-10-05.xlsx
2007-02-12,3.960000,4.105000,3.941000,4.059000,"Bloomberg BGN, exported by Charlie",france_italy_1y5y_bbg_2026-10-05.xlsx
2007-02-13,3.959000,4.121000,3.954000,4.077000,"Bloomberg BGN, exported by Charlie",france_italy_1y5y_bbg_2026-10-05.xlsx
2007-02-14,3.952000,4.100000,3.973000,4.053000,"Bloomberg BGN, exported by Charlie",france_italy_1y5y_bbg_2026-10-05.xlsx
2007-02-15,3.941000,4.050000,3.957000,3.999000,"Bloomberg BGN, exported by Charlie",france_italy_1y5y_bbg_2026-10-05.xlsx
2007-02-16,3.955000,4.091000,3.971000,4.019000,"Bloomberg BGN, exported by Charlie",france_italy_1y5y_bbg_2026-10-05.xlsx
2007-02-19,3.964000,4.111000,3.981000,4.038000,"Bloomberg BGN, exported by Charlie",france_italy_1y5y_bbg_2026-10-05.xlsx
2007-02-20,3.960000,4.111000,3.976000,4.036000,"Bloomberg BGN, exported by Charlie",france_italy_1y5y_bbg_2026-10-05.xlsx
2007-02-21,3.955000,4.101000,3.967000,4.026000,"Bloomberg BGN, exported by Charlie",france_italy_1y5y_bbg_2026-10-05.xlsx
2007-02-22,3.973000,4.135000,3.979000,4.057000,"Bloomberg BGN, exported by Charlie",france_italy_1y5y_bbg_2026-10-05.xlsx
2007-02-23,3.969000,4.093000,3.972000,4.020000,"Bloomberg BGN, exported by Charlie",france_italy_1y5y_bbg_2026-10-05.xlsx
2007-02-26,3.952000,4.043000,3.970000,3.968000,"Bloomberg BGN, exported by Charlie",france_italy_1y5y_bbg_2026-10-05.xlsx
2007-02-27,3.928000,4.013000,3.956000,3.936000,"Bloomberg BGN, exported by Charlie",france_italy_1y5y_bbg_2026-10-05.xlsx
2007-02-28,3.910000,3.999000,3.935000,3.918000,"Bloomberg BGN, exported by Charlie",france_italy_1y5y_bbg_2026-10-05.xlsx
2007-03-01,3.893000,3.986000,3.921000,3.901000,"Bloomberg BGN, exported by Charlie",france_italy_1y5y_bbg_2026-10-05.xlsx
2007-03-02,3.872000,3.969000,3.897000,3.880000,"Bloomberg BGN, exported by Charlie",france_italy_1y5y_bbg_2026-10-05.xlsx
2007-03-05,3.873000,3.945000,3.895000,3.859000,"Bloomberg BGN, exported by Charlie",france_italy_1y5y_bbg_2026-10-05.xlsx
2007-03-06,3.898000,3.964000,3.917000,3.876000,"Bloomberg BGN, exported by Charlie",france_italy_1y5y_bbg_2026-10-05.xlsx
2007-03-07,3.906000,3.969000,3.922000,3.879000,"Bloomberg BGN, exported by Charlie",france_italy_1y5y_bbg_2026-10-05.xlsx
2007-03-08,3.940000,3.984000,3.953000,3.893000,"Bloomberg BGN, exported by Charlie",france_italy_1y5y_bbg_2026-10-05.xlsx
2007-03-09,3.983000,4.016000,3.977000,3.928000,"Bloomberg BGN, exported by Charlie",france_italy_1y5y_bbg_2026-10-05.xlsx
2007-03-12,3.992000,3.993000,3.975000,3.902000,"Bloomberg BGN, exported by Charlie",france_italy_1y5y_bbg_2026-10-05.xlsx
2007-03-13,4.001000,3.978000,3.973000,3.881000,"Bloomberg BGN, exported by Charlie",france_italy_1y5y_bbg_2026-10-05.xlsx
2007-03-14,3.977000,3.952000,3.958000,3.854000,"Bloomberg BGN, exported by Charlie",france_italy_1y5y_bbg_2026-10-05.xlsx
2007-03-15,3.998000,3.989000,3.992000,3.893000,"Bloomberg BGN, exported by Charlie",france_italy_1y5y_bbg_2026-10-05.xlsx
2007-03-16,3.996000,3.993000,3.991000,3.903000,"Bloomberg BGN, exported by Charlie",france_italy_1y5y_bbg_2026-10-05.xlsx
2007-03-19,4.012000,4.022000,4.009000,3.934000,"Bloomberg BGN, exported by Charlie",france_italy_1y5y_bbg_2026-10-05.xlsx
2007-03-20,4.008000,4.000000,4.005000,3.917000,"Bloomberg BGN, exported by Charlie",france_italy_1y5y_bbg_2026-10-05.xlsx
2007-03-21,4.012000,4.010000,4.009000,3.931000,"Bloomberg BGN, exported by Charlie",france_italy_1y5y_bbg_2026-10-05.xlsx
2007-03-22,4.004000,4.017000,4.002000,3.936000,"Bloomberg BGN, exported by Charlie",france_italy_1y5y_bbg_2026-10-05.xlsx
2007-03-23,4.009000,4.066000,4.010000,3.983000,"Bloomberg BGN, exported by Charlie",france_italy_1y5y_bbg_2026-10-05.xlsx
2007-03-26,4.016000,4.062000,4.016000,3.981000,"Bloomberg BGN, exported by Charlie",france_italy_1y5y_bbg_2026-10-05.xlsx
2007-03-27,4.036000,4.086000,4.026000,4.006000,"Bloomberg BGN, exported by Charlie",france_italy_1y5y_bbg_2026-10-05.xlsx
2007-03-28,4.034000,4.091000,4.026000,4.010000,"Bloomberg BGN, exported by Charlie",france_italy_1y5y_bbg_2026-10-05.xlsx
2007-03-29,4.045000,4.118000,4.039000,4.032000,"Bloomberg BGN, exported by Charlie",france_italy_1y5y_bbg_2026-10-05.xlsx
2007-03-30,4.054000,4.124000,4.048000,4.040000,"Bloomberg BGN, exported by Charlie",france_italy_1y5y_bbg_2026-10-05.xlsx
2007-04-02,4.076000,4.146000,4.071000,4.067000,"Bloomberg BGN, exported by Charlie",france_italy_1y5y_bbg_2026-10-05.xlsx
2007-04-03,4.064000,4.154000,4.074000,4.076000,"Bloomberg BGN, exported by Charlie",france_italy_1y5y_bbg_2026-10-05.xlsx
2007-04-04,4.060000,4.125000,4.063000,4.050000,"Bloomberg BGN, exported by Charlie",france_italy_1y5y_bbg_2026-10-05.xlsx
2007-04-05,4.070000,4.145000,4.069000,4.072000,"Bloomberg BGN, exported by Charlie",france_italy_1y5y_bbg_2026-10-05.xlsx
2007-04-10,4.095000,4.176000,4.090000,4.106000,"Bloomberg BGN, exported by Charlie",france_italy_1y5y_bbg_2026-10-05.xlsx
2007-04-11,4.110000,4.189000,4.099000,4.122000,"Bloomberg BGN, exported by Charlie",france_italy_1y5y_bbg_2026-10-05.xlsx
2007-04-12,4.162000,4.226000,4.141000,4.153000,"Bloomberg BGN, exported by Charlie",france_italy_1y5y_bbg_2026-10-05.xlsx
2007-04-13,4.172000,4.278000,4.157000,4.200000,"Bloomberg BGN, exported by Charlie",france_italy_1y5y_bbg_2026-10-05.xlsx
2007-04-16,4.159000,4.256000,4.150000,4.172000,"Bloomberg BGN, exported by Charlie",france_italy_1y5y_bbg_2026-10-05.xlsx
2007-04-17,4.151000,4.235000,4.143000,4.151000,"Bloomberg BGN, exported by Charlie",france_italy_1y5y_bbg_2026-10-05.xlsx
2007-04-18,4.145000,4.214000,4.140000,4.134000,"Bloomberg BGN, exported by Charlie",france_italy_1y5y_bbg_2026-10-05.xlsx
2007-04-19,4.158000,4.249000,4.148000,4.172000,"Bloomberg BGN, exported by Charlie",france_italy_1y5y_bbg_2026-10-05.xlsx
2007-04-20,4.163000,4.252000,4.149000,4.176000,"Bloomberg BGN, exported by Charlie",france_italy_1y5y_bbg_2026-10-05.xlsx
2007-04-23,4.156000,4.234000,4.138000,4.157000,"Bloomberg BGN, exported by Charlie",france_italy_1y5y_bbg_2026-10-05.xlsx
2007-04-24,4.155000,4.222000,4.128000,4.147000,"Bloomberg BGN, exported by Charlie",france_italy_1y5y_bbg_2026-10-05.xlsx
2007-04-25,4.160000,4.243000,4.136000,4.168000,"Bloomberg BGN, exported by Charlie",france_italy_1y5y_bbg_2026-10-05.xlsx
2007-04-26,4.177000,4.277000,4.151000,4.203000,"Bloomberg BGN, exported by Charlie",france_italy_1y5y_bbg_2026-10-05.xlsx
2007-04-27,4.172000,4.279000,4.152000,4.204000,"Bloomberg BGN, exported by Charlie",france_italy_1y5y_bbg_2026-10-05.xlsx
2007-04-30,4.160000,4.219000,4.136000,4.140000,"Bloomberg BGN, exported by Charlie",france_italy_1y5y_bbg_2026-10-05.xlsx
2007-05-02,4.183000,4.277000,4.163000,4.203000,"Bloomberg BGN, exported by Charlie",france_italy_1y5y_bbg_2026-10-05.xlsx
2007-05-03,4.191000,4.290000,4.169000,4.218000,"Bloomberg BGN, exported by Charlie",france_italy_1y5y_bbg_2026-10-05.xlsx
2007-05-04,4.182000,4.256000,4.160000,4.186000,"Bloomberg BGN, exported by Charlie",france_italy_1y5y_bbg_2026-10-05.xlsx
2007-05-07,4.191000,4.278000,4.170000,4.208000,"Bloomberg BGN, exported by Charlie",france_italy_1y5y_bbg_2026-10-05.xlsx
2007-05-08,4.183000,4.257000,4.159000,4.186000,"Bloomberg BGN, exported by Charlie",france_italy_1y5y_bbg_2026-10-05.xlsx
2007-05-09,4.186000,4.271000,4.162000,4.198000,"Bloomberg BGN, exported by Charlie",france_italy_1y5y_bbg_2026-10-05.xlsx
2007-05-10,4.193000,4.278000,4.165000,4.202000,"Bloomberg BGN, exported by Charlie",france_italy_1y5y_bbg_2026-10-05.xlsx
2007-05-11,4.204000,4.278000,4.178000,4.206000,"Bloomberg BGN, exported by Charlie",france_italy_1y5y_bbg_2026-10-05.xlsx
2007-05-14,4.221000,4.331000,4.196000,4.258000,"Bloomberg BGN, exported by Charlie",france_italy_1y5y_bbg_2026-10-05.xlsx
2007-05-15,4.239000,4.364000,4.222000,4.290000,"Bloomberg BGN, exported by Charlie",france_italy_1y5y_bbg_2026-10-05.xlsx
2007-05-16,4.258000,4.374000,4.247000,4.301000,"Bloomberg BGN, exported by Charlie",france_italy_1y5y_bbg_2026-10-05.xlsx
2007-05-17,4.269000,4.383000,4.251000,4.311000,"Bloomberg BGN, exported by Charlie",france_italy_1y5y_bbg_2026-10-05.xlsx
2007-05-18,4.269000,4.380000,4.252000,4.308000,"Bloomberg BGN, exported by Charlie",france_italy_1y5y_bbg_2026-10-05.xlsx
2007-05-21,4.272000,4.394000,4.251000,4.318000,"Bloomberg BGN, exported by Charlie",france_italy_1y5y_bbg_2026-10-05.xlsx
2007-05-22,4.283000,4.414000,4.258000,4.340000,"Bloomberg BGN, exported by Charlie",france_italy_1y5y_bbg_2026-10-05.xlsx
2007-05-23,4.301000,4.448000,4.275000,4.375000,"Bloomberg BGN, exported by Charlie",france_italy_1y5y_bbg_2026-10-05.xlsx
2007-05-24,4.281000,4.435000,4.253000,4.357000,"Bloomberg BGN, exported by Charlie",france_italy_1y5y_bbg_2026-10-05.xlsx
2007-05-25,4.304000,4.465000,4.277000,4.391000,"Bloomberg BGN, exported by Charlie",france_italy_1y5y_bbg_2026-10-05.xlsx
2007-05-28,4.307000,4.475000,4.284000,4.402000,"Bloomberg BGN, exported by Charlie",france_italy_1y5y_bbg_2026-10-05.xlsx
2007-05-29,4.316000,4.481000,4.291000,4.407000,"Bloomberg BGN, exported by Charlie",france_italy_1y5y_bbg_2026-10-05.xlsx
2007-05-30,4.312000,4.480000,4.290000,4.406000,"Bloomberg BGN, exported by Charlie",france_italy_1y5y_bbg_2026-10-05.xlsx
2007-05-31,4.332000,4.506000,4.307000,4.436000,"Bloomberg BGN, exported by Charlie",france_italy_1y5y_bbg_2026-10-05.xlsx
2007-06-01,4.349000,4.539000,4.324000,4.477000,"Bloomberg BGN, exported by Charlie",france_italy_1y5y_bbg_2026-10-05.xlsx
2007-06-04,4.340000,4.527000,4.321000,4.468000,"Bloomberg BGN, exported by Charlie",france_italy_1y5y_bbg_2026-10-05.xlsx
2007-06-05,4.342000,4.556000,4.358000,4.497000,"Bloomberg BGN, exported by Charlie",france_italy_1y5y_bbg_2026-10-05.xlsx
2007-06-06,4.312000,4.512000,4.329000,4.455000,"Bloomberg BGN, exported by Charlie",france_italy_1y5y_bbg_2026-10-05.xlsx
2007-06-07,4.328000,4.583000,4.355000,4.529000,"Bloomberg BGN, exported by Charlie",france_italy_1y5y_bbg_2026-10-05.xlsx
2007-06-08,4.321000,4.603000,4.355000,4.544000,"Bloomberg BGN, exported by Charlie",france_italy_1y5y_bbg_2026-10-05.xlsx
2007-06-11,4.327000,4.603000,4.354000,4.542000,"Bloomberg BGN, exported by Charlie",france_italy_1y5y_bbg_2026-10-05.xlsx
2007-06-12,4.348000,4.646000,4.367000,4.585000,"Bloomberg BGN, exported by Charlie",france_italy_1y5y_bbg_2026-10-05.xlsx
2007-06-13,4.349000,4.683000,4.368000,4.615000,"Bloomberg BGN, exported by Charlie",france_italy_1y5y_bbg_2026-10-05.xlsx
2007-06-14,4.381000,4.680000,4.356000,4.606000,"Bloomberg BGN, exported by Charlie",france_italy_1y5y_bbg_2026-10-05.xlsx
2007-06-15,4.387000,4.690000,4.360000,4.617000,"Bloomberg BGN, exported by Charlie",france_italy_1y5y_bbg_2026-10-05.xlsx
2007-06-18,4.383000,4.689000,4.364000,4.611000,"Bloomberg BGN, exported by Charlie",france_italy_1y5y_bbg_2026-10-05.xlsx
2007-06-19,4.367000,4.645000,4.340000,4.567000,"Bloomberg BGN, exported by Charlie",france_italy_1y5y_bbg_2026-10-05.xlsx
2007-06-20,4.386000,4.687000,4.363000,4.611000,"Bloomberg BGN, exported by Charlie",france_italy_1y5y_bbg_2026-10-05.xlsx
2007-06-21,4.385000,4.686000,4.363000,4.610000,"Bloomberg BGN, exported by Charlie",france_italy_1y5y_bbg_2026-10-05.xlsx
2007-06-22,4.381000,4.685000,4.357000,4.608000,"Bloomberg BGN, exported by Charlie",france_italy_1y5y_bbg_2026-10-05.xlsx
2007-06-25,4.373000,4.654000,4.350000,4.579000,"Bloomberg BGN, exported by Charlie",france_italy_1y5y_bbg_2026-10-05.xlsx
2007-06-26,4.375000,4.638000,4.350000,4.579000,"Bloomberg BGN, exported by Charlie",france_italy_1y5y_bbg_2026-10-05.xlsx
2007-06-27,4.367000,4.601000,4.339000,4.530000,"Bloomberg BGN, exported by Charlie",france_italy_1y5y_bbg_2026-10-05.xlsx
2007-06-28,4.385000,4.626000,4.358000,4.558000,"Bloomberg BGN, exported by Charlie",france_italy_1y5y_bbg_2026-10-05.xlsx
2007-06-29,4.394000,4.643000,4.367000,4.571000,"Bloomberg BGN, exported by Charlie",france_italy_1y5y_bbg_2026-10-05.xlsx
2007-07-02,4.384000,4.588000,4.363000,4.513000,"Bloomberg BGN, exported by Charlie",france_italy_1y5y_bbg_2026-10-05.xlsx
2007-07-03,4.387000,4.625000,4.365000,4.559000,"Bloomberg BGN, exported by Charlie",france_italy_1y5y_bbg_2026-10-05.xlsx
2007-07-04,4.398000,4.652000,4.374000,4.598000,"Bloomberg BGN, exported by Charlie",france_italy_1y5y_bbg_2026-10-05.xlsx
2007-07-05,4.424000,4.697000,4.396000,4.642000,"Bloomberg BGN, exported by Charlie",france_italy_1y5y_bbg_2026-10-05.xlsx
2007-07-06,4.432000,4.727000,4.406000,4.676000,"Bloomberg BGN, exported by Charlie",france_italy_1y5y_bbg_2026-10-05.xlsx
2007-07-09,4.425000,4.718000,4.431000,4.665000,"Bloomberg BGN, exported by Charlie",france_italy_1y5y_bbg_2026-10-05.xlsx
2007-07-10,4.406000,4.644000,4.405000,4.586000,"Bloomberg BGN, exported by Charlie",france_italy_1y5y_bbg_2026-10-05.xlsx
2007-07-11,4.415000,4.649000,4.419000,4.587000,"Bloomberg BGN, exported by Charlie",france_italy_1y5y_bbg_2026-10-05.xlsx
2007-07-12,4.425000,4.695000,4.430000,4.633000,"Bloomberg BGN, exported by Charlie",france_italy_1y5y_bbg_2026-10-05.xlsx
2007-07-13,4.457000,4.706000,4.436000,4.637000,"Bloomberg BGN, exported by Charlie",france_italy_1y5y_bbg_2026-10-05.xlsx
2007-07-16,4.431000,4.676000,4.425000,4.604000,"Bloomberg BGN, exported by Charlie",france_italy_1y5y_bbg_2026-10-05.xlsx
2007-07-17,4.435000,4.705000,4.428000,4.629000,"Bloomberg BGN, exported by Charlie",france_italy_1y5y_bbg_2026-10-05.xlsx
2007-07-18,4.406000,4.657000,4.413000,4.584000,"Bloomberg BGN, exported by Charlie",france_italy_1y5y_bbg_2026-10-05.xlsx
2007-07-19,4.429000,4.661000,4.419000,4.594000,"Bloomberg BGN, exported by Charlie",france_italy_1y5y_bbg_2026-10-05.xlsx
2007-07-20,4.410000,4.562000,4.394000,4.484000,"Bloomberg BGN, exported by Charlie",france_italy_1y5y_bbg_2026-10-05.xlsx
2007-07-23,4.417000,4.571000,4.400000,4.484000,"Bloomberg BGN, exported by Charlie",france_italy_1y5y_bbg_2026-10-05.xlsx
2007-07-24,4.414000,4.556000,4.396000,4.468000,"Bloomberg BGN, exported by Charlie",france_italy_1y5y_bbg_2026-10-05.xlsx
2007-07-25,4.390000,4.537000,4.384000,4.445000,"Bloomberg BGN, exported by Charlie",france_italy_1y5y_bbg_2026-10-05.xlsx
2007-07-26,4.337000,4.479000,4.345000,4.358000,"Bloomberg BGN, exported by Charlie",france_italy_1y5y_bbg_2026-10-05.xlsx
2007-07-27,4.294000,4.482000,4.338000,4.362000,"Bloomberg BGN, exported by Charlie",france_italy_1y5y_bbg_2026-10-05.xlsx
2007-07-30,4.280000,4.481000,4.323000,4.339000,"Bloomberg BGN, exported by Charlie",france_italy_1y5y_bbg_2026-10-05.xlsx
2007-07-31,4.333000,4.495000,4.352000,4.387000,"Bloomberg BGN, exported by Charlie",france_italy_1y5y_bbg_2026-10-05.xlsx
2007-08-01,4.323000,4.482000,4.336000,4.379000,"Bloomberg BGN, exported by Charlie",france_italy_1y5y_bbg_2026-10-05.xlsx
2007-08-02,4.356000,4.516000,4.358000,4.413000,"Bloomberg BGN, exported by Charlie",france_italy_1y5y_bbg_2026-10-05.xlsx
2007-08-03,4.316000,4.463000,4.333000,4.351000,"Bloomberg BGN, exported by Charlie",france_italy_1y5y_bbg_2026-10-05.xlsx
2007-08-06,4.293000,4.460000,4.320000,4.350000,"Bloomberg BGN, exported by Charlie",france_italy_1y5y_bbg_2026-10-05.xlsx
2007-08-07,4.297000,4.485000,4.337000,4.379000,"Bloomberg BGN, exported by Charlie",france_italy_1y5y_bbg_2026-10-05.xlsx
2007-08-08,4.306000,4.559000,4.375000,4.461000,"Bloomberg BGN, exported by Charlie",france_italy_1y5y_bbg_2026-10-05.xlsx
2007-08-09,4.293000,4.502000,4.316000,4.396000,"Bloomberg BGN, exported by Charlie",france_italy_1y5y_bbg_2026-10-05.xlsx
2007-08-10,4.240000,4.443000,4.250000,4.343000,"Bloomberg BGN, exported by Charlie",france_italy_1y5y_bbg_2026-10-05.xlsx
2007-08-13,4.258000,4.459000,4.263000,4.354000,"Bloomberg BGN, exported by Charlie",france_italy_1y5y_bbg_2026-10-05.xlsx
2007-08-14,4.286000,4.441000,4.241000,4.331000,"Bloomberg BGN, exported by Charlie",france_italy_1y5y_bbg_2026-10-05.xlsx
2007-08-15,4.251000,4.398000,4.185000,4.277000,"Bloomberg BGN, exported by Charlie",france_italy_1y5y_bbg_2026-10-05.xlsx
2007-08-16,4.143000,4.269000,4.078000,4.132000,"Bloomberg BGN, exported by Charlie",france_italy_1y5y_bbg_2026-10-05.xlsx
2007-08-17,4.092000,4.270000,4.021000,4.144000,"Bloomberg BGN, exported by Charlie",france_italy_1y5y_bbg_2026-10-05.xlsx
2007-08-20,4.088000,4.269000,4.028000,4.129000,"Bloomberg BGN, exported by Charlie",france_italy_1y5y_bbg_2026-10-05.xlsx
2007-08-21,4.072000,4.206000,3.993000,4.074000,"Bloomberg BGN, exported by Charlie",france_italy_1y5y_bbg_2026-10-05.xlsx
2007-08-22,4.214000,4.325000,4.136000,4.189000,"Bloomberg BGN, exported by Charlie",france_italy_1y5y_bbg_2026-10-05.xlsx
2007-08-23,4.208000,4.299000,4.155000,4.168000,"Bloomberg BGN, exported by Charlie",france_italy_1y5y_bbg_2026-10-05.xlsx
2007-08-24,4.166000,4.303000,4.148000,4.175000,"Bloomberg BGN, exported by Charlie",france_italy_1y5y_bbg_2026-10-05.xlsx
2007-08-27,4.145000,4.282000,4.143000,4.160000,"Bloomberg BGN, exported by Charlie",france_italy_1y5y_bbg_2026-10-05.xlsx
2007-08-28,4.093000,4.261000,4.092000,4.139000,"Bloomberg BGN, exported by Charlie",france_italy_1y5y_bbg_2026-10-05.xlsx
2007-08-29,4.121000,4.254000,4.108000,4.133000,"Bloomberg BGN, exported by Charlie",france_italy_1y5y_bbg_2026-10-05.xlsx
2007-08-30,4.129000,4.268000,4.102000,4.143000,"Bloomberg BGN, exported by Charlie",france_italy_1y5y_bbg_2026-10-05.xlsx
2007-08-31,4.124000,4.295000,4.102000,4.180000,"Bloomberg BGN, exported by Charlie",france_italy_1y5y_bbg_2026-10-05.xlsx
2007-09-03,4.133000,4.308000,4.120000,4.200000,"Bloomberg BGN, exported by Charlie",france_italy_1y5y_bbg_2026-10-05.xlsx
2007-09-04,4.135000,4.315000,4.119000,4.208000,"Bloomberg BGN, exported by Charlie",france_italy_1y5y_bbg_2026-10-05.xlsx
2007-09-05,4.137000,4.250000,4.084000,4.137000,"Bloomberg BGN, exported by Charlie",france_italy_1y5y_bbg_2026-10-05.xlsx
2007-09-06,4.123000,4.254000,4.060000,4.139000,"Bloomberg BGN, exported by Charlie",france_italy_1y5y_bbg_2026-10-05.xlsx
2007-09-07,4.069000,4.161000,4.001000,4.042000,"Bloomberg BGN, exported by Charlie",france_italy_1y5y_bbg_2026-10-05.xlsx
2007-09-10,4.065000,4.123000,3.996000,4.010000,"Bloomberg BGN, exported by Charlie",france_italy_1y5y_bbg_2026-10-05.xlsx
2007-09-11,4.087000,4.150000,4.025000,4.039000,"Bloomberg BGN, exported by Charlie",france_italy_1y5y_bbg_2026-10-05.xlsx
2007-09-12,4.098000,4.183000,4.035000,4.076000,"Bloomberg BGN, exported by Charlie",france_italy_1y5y_bbg_2026-10-05.xlsx
2007-09-13,4.155000,4.248000,4.073000,4.145000,"Bloomberg BGN, exported by Charlie",france_italy_1y5y_bbg_2026-10-05.xlsx
2007-09-14,4.137000,4.230000,4.065000,4.122000,"Bloomberg BGN, exported by Charlie",france_italy_1y5y_bbg_2026-10-05.xlsx
2007-09-17,4.139000,4.225000,4.069000,4.104000,"Bloomberg BGN, exported by Charlie",france_italy_1y5y_bbg_2026-10-05.xlsx
2007-09-18,4.175000,4.307000,4.093000,4.195000,"Bloomberg BGN, exported by Charlie",france_italy_1y5y_bbg_2026-10-05.xlsx
2007-09-19,4.145000,4.306000,4.052000,4.229000,"Bloomberg BGN, exported by Charlie",france_italy_1y5y_bbg_2026-10-05.xlsx
2007-09-20,4.160000,4.334000,4.059000,4.269000,"Bloomberg BGN, exported by Charlie",france_italy_1y5y_bbg_2026-10-05.xlsx
2007-09-21,4.127000,4.329000,4.047000,4.268000,"Bloomberg BGN, exported by Charlie",france_italy_1y5y_bbg_2026-10-05.xlsx
2007-09-24,4.128000,4.334000,4.044000,4.274000,"Bloomberg BGN, exported by Charlie",france_italy_1y5y_bbg_2026-10-05.xlsx
2007-09-25,4.113000,4.306000,4.028000,4.229000,"Bloomberg BGN, exported by Charlie",france_italy_1y5y_bbg_2026-10-05.xlsx
2007-09-26,4.122000,4.371000,4.050000,4.297000,"Bloomberg BGN, exported by Charlie",france_italy_1y5y_bbg_2026-10-05.xlsx
2007-09-27,4.121000,4.352000,4.045000,4.278000,"Bloomberg BGN, exported by Charlie",france_italy_1y5y_bbg_2026-10-05.xlsx
2007-09-28,4.092000,4.307000,4.021000,4.228000,"Bloomberg BGN, exported by Charlie",france_italy_1y5y_bbg_2026-10-05.xlsx
2007-10-01,4.073000,4.281000,4.007000,4.209000,"Bloomberg BGN, exported by Charlie",france_italy_1y5y_bbg_2026-10-05.xlsx
2007-10-02,4.071000,4.275000,4.008000,4.206000,"Bloomberg BGN, exported by Charlie",france_italy_1y5y_bbg_2026-10-05.xlsx
2007-10-03,4.036000,4.289000,4.000000,4.230000,"Bloomberg BGN, exported by Charlie",france_italy_1y5y_bbg_2026-10-05.xlsx
2007-10-04,4.027000,4.237000,3.988000,4.169000,"Bloomberg BGN, exported by Charlie",france_italy_1y5y_bbg_2026-10-05.xlsx
2007-10-05,4.039000,4.300000,4.004000,4.231000,"Bloomberg BGN, exported by Charlie",france_italy_1y5y_bbg_2026-10-05.xlsx
2007-10-08,4.044000,4.310000,3.998000,4.236000,"Bloomberg BGN, exported by Charlie",france_italy_1y5y_bbg_2026-10-05.xlsx
2007-10-09,4.048000,4.291000,3.994000,4.219000,"Bloomberg BGN, exported by Charlie",france_italy_1y5y_bbg_2026-10-05.xlsx
2007-10-10,4.068000,4.334000,4.011000,4.261000,"Bloomberg BGN, exported by Charlie",france_italy_1y5y_bbg_2026-10-05.xlsx
2007-10-11,4.050000,4.380000,4.004000,4.309000,"Bloomberg BGN, exported by Charlie",france_italy_1y5y_bbg_2026-10-05.xlsx
2007-10-12,4.159000,4.426000,4.096000,4.362000,"Bloomberg BGN, exported by Charlie",france_italy_1y5y_bbg_2026-10-05.xlsx
2007-10-15,4.181000,4.442000,4.133000,4.373000,"Bloomberg BGN, exported by Charlie",france_italy_1y5y_bbg_2026-10-05.xlsx
2007-10-16,4.166000,4.431000,4.128000,4.368000,"Bloomberg BGN, exported by Charlie",france_italy_1y5y_bbg_2026-10-05.xlsx
2007-10-17,4.157000,4.395000,4.128000,4.323000,"Bloomberg BGN, exported by Charlie",france_italy_1y5y_bbg_2026-10-05.xlsx
2007-10-18,4.111000,4.311000,4.113000,4.234000,"Bloomberg BGN, exported by Charlie",france_italy_1y5y_bbg_2026-10-05.xlsx
2007-10-19,4.051000,4.229000,4.067000,4.144000,"Bloomberg BGN, exported by Charlie",france_italy_1y5y_bbg_2026-10-05.xlsx
2007-10-22,4.026000,4.204000,4.050000,4.127000,"Bloomberg BGN, exported by Charlie",france_italy_1y5y_bbg_2026-10-05.xlsx
2007-10-23,4.031000,4.203000,4.052000,4.130000,"Bloomberg BGN, exported by Charlie",france_italy_1y5y_bbg_2026-10-05.xlsx
2007-10-24,4.002000,4.151000,4.027000,4.079000,"Bloomberg BGN, exported by Charlie",france_italy_1y5y_bbg_2026-10-05.xlsx
2007-10-25,3.998000,4.155000,4.034000,4.078000,"Bloomberg BGN, exported by Charlie",france_italy_1y5y_bbg_2026-10-05.xlsx
2007-10-26,4.005000,4.184000,4.046000,4.097000,"Bloomberg BGN, exported by Charlie",france_italy_1y5y_bbg_2026-10-05.xlsx
2007-10-29,4.021000,4.183000,4.057000,4.100000,"Bloomberg BGN, exported by Charlie",france_italy_1y5y_bbg_2026-10-05.xlsx
2007-10-30,4.038000,4.199000,4.087000,4.111000,"Bloomberg BGN, exported by Charlie",france_italy_1y5y_bbg_2026-10-05.xlsx
2007-10-31,4.090000,4.282000,4.137000,4.192000,"Bloomberg BGN, exported by Charlie",france_italy_1y5y_bbg_2026-10-05.xlsx
2007-11-01,4.082000,4.229000,4.115000,4.134000,"Bloomberg BGN, exported by Charlie",france_italy_1y5y_bbg_2026-10-05.xlsx
2007-11-02,4.058000,4.183000,4.089000,4.093000,"Bloomberg BGN, exported by Charlie",france_italy_1y5y_bbg_2026-10-05.xlsx
2007-11-05,4.056000,4.171000,4.088000,4.079000,"Bloomberg BGN, exported by Charlie",france_italy_1y5y_bbg_2026-10-05.xlsx
2007-11-06,4.057000,4.184000,4.092000,4.100000,"Bloomberg BGN, exported by Charlie",france_italy_1y5y_bbg_2026-10-05.xlsx
2007-11-07,4.030000,4.141000,4.076000,4.057000,"Bloomberg BGN, exported by Charlie",france_italy_1y5y_bbg_2026-10-05.xlsx
2007-11-08,3.987000,4.103000,4.044000,4.016000,"Bloomberg BGN, exported by Charlie",france_italy_1y5y_bbg_2026-10-05.xlsx
2007-11-09,3.976000,4.051000,4.028000,3.968000,"Bloomberg BGN, exported by Charlie",france_italy_1y5y_bbg_2026-10-05.xlsx
2007-11-12,4.000000,4.065000,4.036000,3.979000,"Bloomberg BGN, exported by Charlie",france_italy_1y5y_bbg_2026-10-05.xlsx
2007-11-13,4.021000,4.100000,4.047000,4.016000,"Bloomberg BGN, exported by Charlie",france_italy_1y5y_bbg_2026-10-05.xlsx
2007-11-14,4.022000,4.136000,4.062000,4.051000,"Bloomberg BGN, exported by Charlie",france_italy_1y5y_bbg_2026-10-05.xlsx
2007-11-15,4.047000,4.091000,4.037000,4.000000,"Bloomberg BGN, exported by Charlie",france_italy_1y5y_bbg_2026-10-05.xlsx
2007-11-16,4.037000,4.066000,4.033000,3.981000,"Bloomberg BGN, exported by Charlie",france_italy_1y5y_bbg_2026-10-05.xlsx
2007-11-19,3.999000,4.005000,4.004000,3.911000,"Bloomberg BGN, exported by Charlie",france_italy_1y5y_bbg_2026-10-05.xlsx
2007-11-20,4.003000,4.041000,4.005000,3.931000,"Bloomberg BGN, exported by Charlie",france_italy_1y5y_bbg_2026-10-05.xlsx
2007-11-21,3.976000,3.987000,3.978000,3.855000,"Bloomberg BGN, exported by Charlie",france_italy_1y5y_bbg_2026-10-05.xlsx
2007-11-22,3.983000,3.996000,3.965000,3.851000,"Bloomberg BGN, exported by Charlie",france_italy_1y5y_bbg_2026-10-05.xlsx
2007-11-23,3.984000,4.025000,3.969000,3.885000,"Bloomberg BGN, exported by Charlie",france_italy_1y5y_bbg_2026-10-05.xlsx
2007-11-26,3.982000,4.018000,3.972000,3.885000,"Bloomberg BGN, exported by Charlie",france_italy_1y5y_bbg_2026-10-05.xlsx
2007-11-27,3.989000,4.033000,3.979000,3.910000,"Bloomberg BGN, exported by Charlie",france_italy_1y5y_bbg_2026-10-05.xlsx
2007-11-28,4.020000,4.099000,4.002000,3.998000,"Bloomberg BGN, exported by Charlie",france_italy_1y5y_bbg_2026-10-05.xlsx
2007-11-29,4.014000,4.060000,3.986000,3.947000,"Bloomberg BGN, exported by Charlie",france_italy_1y5y_bbg_2026-10-05.xlsx
2007-11-30,4.024000,4.121000,4.012000,4.023000,"Bloomberg BGN, exported by Charlie",france_italy_1y5y_bbg_2026-10-05.xlsx
2007-12-03,4.004000,4.051000,3.998000,3.937000,"Bloomberg BGN, exported by Charlie",france_italy_1y5y_bbg_2026-10-05.xlsx
2007-12-04,3.992000,4.022000,3.984000,3.903000,"Bloomberg BGN, exported by Charlie",france_italy_1y5y_bbg_2026-10-05.xlsx
2007-12-05,3.989000,4.024000,3.980000,3.917000,"Bloomberg BGN, exported by Charlie",france_italy_1y5y_bbg_2026-10-05.xlsx
2007-12-06,4.016000,4.052000,4.007000,3.970000,"Bloomberg BGN, exported by Charlie",france_italy_1y5y_bbg_2026-10-05.xlsx
2007-12-07,4.067000,4.163000,4.043000,4.090000,"Bloomberg BGN, exported by Charlie",france_italy_1y5y_bbg_2026-10-05.xlsx
2007-12-10,4.104000,4.225000,4.090000,4.153000,"Bloomberg BGN, exported by Charlie",france_italy_1y5y_bbg_2026-10-05.xlsx
2007-12-11,4.063000,4.210000,4.080000,4.120000,"Bloomberg BGN, exported by Charlie",france_italy_1y5y_bbg_2026-10-05.xlsx
2007-12-12,4.038000,4.281000,4.097000,4.193000,"Bloomberg BGN, exported by Charlie",france_italy_1y5y_bbg_2026-10-05.xlsx
2007-12-13,4.057000,4.270000,4.102000,4.178000,"Bloomberg BGN, exported by Charlie",france_italy_1y5y_bbg_2026-10-05.xlsx
2007-12-14,4.080000,4.300000,4.115000,4.202000,"Bloomberg BGN, exported by Charlie",france_italy_1y5y_bbg_2026-10-05.xlsx
2007-12-17,4.048000,4.293000,4.082000,4.188000,"Bloomberg BGN, exported by Charlie",france_italy_1y5y_bbg_2026-10-05.xlsx
2007-12-18,4.032000,4.282000,4.075000,4.187000,"Bloomberg BGN, exported by Charlie",france_italy_1y5y_bbg_2026-10-05.xlsx
2007-12-19,4.032000,4.267000,4.070000,4.170000,"Bloomberg BGN, exported by Charlie",france_italy_1y5y_bbg_2026-10-05.xlsx
2007-12-20,4.002000,4.243000,4.042000,4.143000,"Bloomberg BGN, exported by Charlie",france_italy_1y5y_bbg_2026-10-05.xlsx
2007-12-21,4.018000,4.284000,4.073000,4.189000,"Bloomberg BGN, exported by Charlie",france_italy_1y5y_bbg_2026-10-05.xlsx
2007-12-24,4.023000,4.279000,4.083000,4.190000,"Bloomberg BGN, exported by Charlie",france_italy_1y5y_bbg_2026-10-05.xlsx
2007-12-27,4.001000,4.330000,4.074000,4.238000,"Bloomberg BGN, exported by Charlie",france_italy_1y5y_bbg_2026-10-05.xlsx
2007-12-28,3.980000,4.289000,4.054000,4.198000,"Bloomberg BGN, exported by Charlie",france_italy_1y5y_bbg_2026-10-05.xlsx
2007-12-31,3.985000,4.282000,4.067000,4.190000,"Bloomberg BGN, exported by Charlie",france_italy_1y5y_bbg_2026-10-05.xlsx
2008-01-02,3.898000,4.137000,3.997000,4.023000,"Bloomberg BGN, exported by Charlie",france_italy_1y5y_bbg_2026-10-05.xlsx
2008-01-03,3.826000,4.133000,3.983000,4.004000,"Bloomberg BGN, exported by Charlie",france_italy_1y5y_bbg_2026-10-05.xlsx
2008-01-04,3.612000,4.075000,3.981000,3.940000,"Bloomberg BGN, exported by Charlie",france_italy_1y5y_bbg_2026-10-05.xlsx
2008-01-07,3.657000,4.083000,4.018000,3.946000,"Bloomberg BGN, exported by Charlie",france_italy_1y5y_bbg_2026-10-05.xlsx
2008-01-08,3.648000,4.108000,4.020000,3.982000,"Bloomberg BGN, exported by Charlie",france_italy_1y5y_bbg_2026-10-05.xlsx
2008-01-09,3.461000,4.049000,3.995000,3.918000,"Bloomberg BGN, exported by Charlie",france_italy_1y5y_bbg_2026-10-05.xlsx
2008-01-10,3.674000,4.068000,4.009000,3.933000,"Bloomberg BGN, exported by Charlie",france_italy_1y5y_bbg_2026-10-05.xlsx
2008-01-11,3.622000,4.033000,3.988000,3.906000,"Bloomberg BGN, exported by Charlie",france_italy_1y5y_bbg_2026-10-05.xlsx
2008-01-14,3.547000,3.974000,3.931000,3.860000,"Bloomberg BGN, exported by Charlie",france_italy_1y5y_bbg_2026-10-05.xlsx
2008-01-15,3.438000,3.936000,3.908000,3.826000,"Bloomberg BGN, exported by Charlie",france_italy_1y5y_bbg_2026-10-05.xlsx
2008-01-16,3.841000,3.859000,3.832000,3.750000,"Bloomberg BGN, exported by Charlie",france_italy_1y5y_bbg_2026-10-05.xlsx
2008-01-17,3.845000,3.833000,3.848000,3.728000,"Bloomberg BGN, exported by Charlie",france_italy_1y5y_bbg_2026-10-05.xlsx
2008-01-18,3.825000,3.811000,3.822000,3.705000,"Bloomberg BGN, exported by Charlie",france_italy_1y5y_bbg_2026-10-05.xlsx
2008-01-21,3.722000,3.802000,3.721000,3.617000,"Bloomberg BGN, exported by Charlie",france_italy_1y5y_bbg_2026-10-05.xlsx
2008-01-22,3.660000,3.885000,3.675000,3.694000,"Bloomberg BGN, exported by Charlie",france_italy_1y5y_bbg_2026-10-05.xlsx
2008-01-23,3.554000,3.768000,3.568000,3.552000,"Bloomberg BGN, exported by Charlie",france_italy_1y5y_bbg_2026-10-05.xlsx
2008-01-24,3.752000,3.940000,3.741000,3.729000,"Bloomberg BGN, exported by Charlie",france_italy_1y5y_bbg_2026-10-05.xlsx
2008-01-25,3.752000,3.924000,3.745000,3.718000,"Bloomberg BGN, exported by Charlie",france_italy_1y5y_bbg_2026-10-05.xlsx
2008-01-28,3.749000,3.857000,3.744000,3.676000,"Bloomberg BGN, exported by Charlie",france_italy_1y5y_bbg_2026-10-05.xlsx
2008-01-29,3.781000,3.900000,3.775000,3.712000,"Bloomberg BGN, exported by Charlie",france_italy_1y5y_bbg_2026-10-05.xlsx
2008-01-30,3.763000,3.917000,3.738000,3.727000,"Bloomberg BGN, exported by Charlie",france_italy_1y5y_bbg_2026-10-05.xlsx
2008-01-31,3.652000,3.818000,3.658000,3.618000,"Bloomberg BGN, exported by Charlie",france_italy_1y5y_bbg_2026-10-05.xlsx
2008-02-01,3.669000,3.806000,3.664000,3.610000,"Bloomberg BGN, exported by Charlie",france_italy_1y5y_bbg_2026-10-05.xlsx
2008-02-04,3.695000,3.818000,3.695000,3.622000,"Bloomberg BGN, exported by Charlie",france_italy_1y5y_bbg_2026-10-05.xlsx
2008-02-05,3.601000,3.700000,3.606000,3.491000,"Bloomberg BGN, exported by Charlie",france_italy_1y5y_bbg_2026-10-05.xlsx
2008-02-06,3.605000,3.726000,3.609000,3.521000,"Bloomberg BGN, exported by Charlie",france_italy_1y5y_bbg_2026-10-05.xlsx
2008-02-07,3.489000,3.622000,3.488000,3.414000,"Bloomberg BGN, exported by Charlie",france_italy_1y5y_bbg_2026-10-05.xlsx
2008-02-08,3.480000,3.616000,3.478000,3.399000,"Bloomberg BGN, exported by Charlie",france_italy_1y5y_bbg_2026-10-05.xlsx
2008-02-11,3.506000,3.615000,3.498000,3.387000,"Bloomberg BGN, exported by Charlie",france_italy_1y5y_bbg_2026-10-05.xlsx
2008-02-12,3.554000,3.697000,3.552000,3.471000,"Bloomberg BGN, exported by Charlie",france_italy_1y5y_bbg_2026-10-05.xlsx
2008-02-13,3.577000,3.704000,3.567000,3.475000,"Bloomberg BGN, exported by Charlie",france_italy_1y5y_bbg_2026-10-05.xlsx
2008-02-14,3.619000,3.767000,3.606000,3.550000,"Bloomberg BGN, exported by Charlie",france_italy_1y5y_bbg_2026-10-05.xlsx
2008-02-15,3.604000,3.709000,3.596000,3.479000,"Bloomberg BGN, exported by Charlie",france_italy_1y5y_bbg_2026-10-05.xlsx
2008-02-18,3.653000,3.791000,3.647000,3.574000,"Bloomberg BGN, exported by Charlie",france_italy_1y5y_bbg_2026-10-05.xlsx
2008-02-19,3.654000,3.769000,3.639000,3.548000,"Bloomberg BGN, exported by Charlie",france_italy_1y5y_bbg_2026-10-05.xlsx
2008-02-20,3.686000,3.823000,3.680000,3.600000,"Bloomberg BGN, exported by Charlie",france_italy_1y5y_bbg_2026-10-05.xlsx
2008-02-21,3.735000,3.860000,3.735000,3.641000,"Bloomberg BGN, exported by Charlie",france_italy_1y5y_bbg_2026-10-05.xlsx
2008-02-22,3.724000,3.844000,3.717000,3.614000,"Bloomberg BGN, exported by Charlie",france_italy_1y5y_bbg_2026-10-05.xlsx
2008-02-25,3.722000,3.870000,3.719000,3.633000,"Bloomberg BGN, exported by Charlie",france_italy_1y5y_bbg_2026-10-05.xlsx
2008-02-26,3.754000,3.921000,3.742000,3.684000,"Bloomberg BGN, exported by Charlie",france_italy_1y5y_bbg_2026-10-05.xlsx
2008-02-27,3.709000,3.913000,3.711000,3.669000,"Bloomberg BGN, exported by Charlie",france_italy_1y5y_bbg_2026-10-05.xlsx
2008-02-28,3.667000,3.812000,3.663000,3.556000,"Bloomberg BGN, exported by Charlie",france_italy_1y5y_bbg_2026-10-05.xlsx
2008-02-29,3.612000,3.707000,3.608000,3.434000,"Bloomberg BGN, exported by Charlie",france_italy_1y5y_bbg_2026-10-05.xlsx
2008-03-03,3.625000,3.745000,3.633000,3.443000,"Bloomberg BGN, exported by Charlie",france_italy_1y5y_bbg_2026-10-05.xlsx
2008-03-04,3.679000,3.753000,3.649000,3.410000,"Bloomberg BGN, exported by Charlie",france_italy_1y5y_bbg_2026-10-05.xlsx
2008-03-05,3.733000,3.891000,3.699000,3.559000,"Bloomberg BGN, exported by Charlie",france_italy_1y5y_bbg_2026-10-05.xlsx
2008-03-06,3.771000,3.903000,3.739000,3.548000,"Bloomberg BGN, exported by Charlie",france_italy_1y5y_bbg_2026-10-05.xlsx
2008-03-07,3.719000,3.922000,3.671000,3.516000,"Bloomberg BGN, exported by Charlie",france_italy_1y5y_bbg_2026-10-05.xlsx
2008-03-10,3.708000,3.803000,3.641000,3.416000,"Bloomberg BGN, exported by Charlie",france_italy_1y5y_bbg_2026-10-05.xlsx
2008-03-11,3.811000,3.880000,3.733000,3.520000,"Bloomberg BGN, exported by Charlie",france_italy_1y5y_bbg_2026-10-05.xlsx
2008-03-12,3.846000,3.902000,3.737000,3.541000,"Bloomberg BGN, exported by Charlie",france_italy_1y5y_bbg_2026-10-05.xlsx
2008-03-13,3.813000,3.898000,3.705000,3.530000,"Bloomberg BGN, exported by Charlie",france_italy_1y5y_bbg_2026-10-05.xlsx
2008-03-14,3.802000,3.858000,3.709000,3.504000,"Bloomberg BGN, exported by Charlie",france_italy_1y5y_bbg_2026-10-05.xlsx
2008-03-17,3.686000,3.788000,3.576000,3.436000,"Bloomberg BGN, exported by Charlie",france_italy_1y5y_bbg_2026-10-05.xlsx
2008-03-18,3.763000,3.893000,3.665000,3.574000,"Bloomberg BGN, exported by Charlie",france_italy_1y5y_bbg_2026-10-05.xlsx
2008-03-19,3.799000,3.919000,3.717000,3.629000,"Bloomberg BGN, exported by Charlie",france_italy_1y5y_bbg_2026-10-05.xlsx
2008-03-20,3.845000,3.976000,3.762000,3.674000,"Bloomberg BGN, exported by Charlie",france_italy_1y5y_bbg_2026-10-05.xlsx
2008-03-25,3.911000,4.115000,3.853000,3.839000,"Bloomberg BGN, exported by Charlie",france_italy_1y5y_bbg_2026-10-05.xlsx
2008-03-26,3.953000,4.103000,3.845000,3.818000,"Bloomberg BGN, exported by Charlie",france_italy_1y5y_bbg_2026-10-05.xlsx
2008-03-27,3.908000,4.069000,3.823000,3.816000,"Bloomberg BGN, exported by Charlie",france_italy_1y5y_bbg_2026-10-05.xlsx
2008-03-28,3.861000,4.086000,3.826000,3.842000,"Bloomberg BGN, exported by Charlie",france_italy_1y5y_bbg_2026-10-05.xlsx
2008-03-31,3.869000,4.014000,3.824000,3.790000,"Bloomberg BGN, exported by Charlie",france_italy_1y5y_bbg_2026-10-05.xlsx
2008-04-01,3.900000,4.056000,3.862000,3.868000,"Bloomberg BGN, exported by Charlie",france_italy_1y5y_bbg_2026-10-05.xlsx
2008-04-02,3.940000,4.069000,3.892000,3.892000,"Bloomberg BGN, exported by Charlie",france_italy_1y5y_bbg_2026-10-05.xlsx
2008-04-03,3.920000,4.056000,3.861000,3.864000,"Bloomberg BGN, exported by Charlie",france_italy_1y5y_bbg_2026-10-05.xlsx
2008-04-04,3.905000,4.027000,3.845000,3.838000,"Bloomberg BGN, exported by Charlie",france_italy_1y5y_bbg_2026-10-05.xlsx
2008-04-07,3.924000,4.076000,3.866000,3.915000,"Bloomberg BGN, exported by Charlie",france_italy_1y5y_bbg_2026-10-05.xlsx
2008-04-08,3.944000,4.094000,3.864000,3.898000,"Bloomberg BGN, exported by Charlie",france_italy_1y5y_bbg_2026-10-05.xlsx
2008-04-09,3.950000,4.062000,3.871000,3.861000,"Bloomberg BGN, exported by Charlie",france_italy_1y5y_bbg_2026-10-05.xlsx
2008-04-10,3.950000,4.056000,3.857000,3.837000,"Bloomberg BGN, exported by Charlie",france_italy_1y5y_bbg_2026-10-05.xlsx
2008-04-11,3.923000,3.978000,3.849000,3.756000,"Bloomberg BGN, exported by Charlie",france_italy_1y5y_bbg_2026-10-05.xlsx
2008-04-14,3.941000,4.013000,3.872000,3.768000,"Bloomberg BGN, exported by Charlie",france_italy_1y5y_bbg_2026-10-05.xlsx
2008-04-15,3.976000,4.108000,3.901000,3.852000,"Bloomberg BGN, exported by Charlie",france_italy_1y5y_bbg_2026-10-05.xlsx
2008-04-16,4.018000,4.190000,3.926000,3.935000,"Bloomberg BGN, exported by Charlie",france_italy_1y5y_bbg_2026-10-05.xlsx
2008-04-17,4.031000,4.256000,3.947000,4.028000,"Bloomberg BGN, exported by Charlie",france_italy_1y5y_bbg_2026-10-05.xlsx
2008-04-18,4.082000,4.299000,4.008000,4.120000,"Bloomberg BGN, exported by Charlie",france_italy_1y5y_bbg_2026-10-05.xlsx
2008-04-21,4.079000,4.244000,3.991000,4.060000,"Bloomberg BGN, exported by Charlie",france_italy_1y5y_bbg_2026-10-05.xlsx
2008-04-22,4.164000,4.325000,4.106000,4.134000,"Bloomberg BGN, exported by Charlie",france_italy_1y5y_bbg_2026-10-05.xlsx
2008-04-23,4.131000,4.280000,4.070000,4.104000,"Bloomberg BGN, exported by Charlie",france_italy_1y5y_bbg_2026-10-05.xlsx
2008-04-24,4.140000,4.299000,4.068000,4.132000,"Bloomberg BGN, exported by Charlie",france_italy_1y5y_bbg_2026-10-05.xlsx
2008-04-25,4.135000,4.276000,4.071000,4.124000,"Bloomberg BGN, exported by Charlie",france_italy_1y5y_bbg_2026-10-05.xlsx
2008-04-28,4.112000,4.275000,4.033000,4.129000,"Bloomberg BGN, exported by Charlie",france_italy_1y5y_bbg_2026-10-05.xlsx
2008-04-29,4.074000,4.206000,4.009000,4.054000,"Bloomberg BGN, exported by Charlie",france_italy_1y5y_bbg_2026-10-05.xlsx
2008-04-30,4.074000,4.193000,4.019000,4.047000,"Bloomberg BGN, exported by Charlie",france_italy_1y5y_bbg_2026-10-05.xlsx
2008-05-02,4.044000,4.269000,4.006000,4.137000,"Bloomberg BGN, exported by Charlie",france_italy_1y5y_bbg_2026-10-05.xlsx
2008-05-05,4.063000,4.229000,4.035000,4.101000,"Bloomberg BGN, exported by Charlie",france_italy_1y5y_bbg_2026-10-05.xlsx
2008-05-06,4.036000,4.185000,4.004000,4.042000,"Bloomberg BGN, exported by Charlie",france_italy_1y5y_bbg_2026-10-05.xlsx
2008-05-07,4.036000,4.200000,4.006000,4.054000,"Bloomberg BGN, exported by Charlie",france_italy_1y5y_bbg_2026-10-05.xlsx
2008-05-08,4.029000,4.127000,3.997000,3.947000,"Bloomberg BGN, exported by Charlie",france_italy_1y5y_bbg_2026-10-05.xlsx
2008-05-09,4.038000,4.112000,3.984000,3.904000,"Bloomberg BGN, exported by Charlie",france_italy_1y5y_bbg_2026-10-05.xlsx
2008-05-12,4.085000,4.174000,4.019000,3.953000,"Bloomberg BGN, exported by Charlie",france_italy_1y5y_bbg_2026-10-05.xlsx
2008-05-13,4.112000,4.247000,4.046000,4.046000,"Bloomberg BGN, exported by Charlie",france_italy_1y5y_bbg_2026-10-05.xlsx
2008-05-14,4.144000,4.328000,4.083000,4.125000,"Bloomberg BGN, exported by Charlie",france_italy_1y5y_bbg_2026-10-05.xlsx
2008-05-15,4.174000,4.367000,4.117000,4.169000,"Bloomberg BGN, exported by Charlie",france_italy_1y5y_bbg_2026-10-05.xlsx
2008-05-16,4.157000,4.342000,4.092000,4.150000,"Bloomberg BGN, exported by Charlie",france_italy_1y5y_bbg_2026-10-05.xlsx
2008-05-19,4.184000,4.377000,4.106000,4.191000,"Bloomberg BGN, exported by Charlie",france_italy_1y5y_bbg_2026-10-05.xlsx
2008-05-20,4.193000,4.353000,4.104000,4.154000,"Bloomberg BGN, exported by Charlie",france_italy_1y5y_bbg_2026-10-05.xlsx
2008-05-21,4.256000,4.415000,4.124000,4.237000,"Bloomberg BGN, exported by Charlie",france_italy_1y5y_bbg_2026-10-05.xlsx
2008-05-22,4.303000,4.456000,4.156000,4.284000,"Bloomberg BGN, exported by Charlie",france_italy_1y5y_bbg_2026-10-05.xlsx
2008-05-23,4.297000,4.460000,4.178000,4.271000,"Bloomberg BGN, exported by Charlie",france_italy_1y5y_bbg_2026-10-05.xlsx
2008-05-26,4.295000,4.481000,4.200000,4.292000,"Bloomberg BGN, exported by Charlie",france_italy_1y5y_bbg_2026-10-05.xlsx
2008-05-27,4.284000,4.496000,4.212000,4.300000,"Bloomberg BGN, exported by Charlie",france_italy_1y5y_bbg_2026-10-05.xlsx
2008-05-28,4.273000,4.527000,4.218000,4.334000,"Bloomberg BGN, exported by Charlie",france_italy_1y5y_bbg_2026-10-05.xlsx
2008-05-29,4.333000,4.633000,4.280000,4.436000,"Bloomberg BGN, exported by Charlie",france_italy_1y5y_bbg_2026-10-05.xlsx
2008-05-30,4.314000,4.623000,4.280000,4.419000,"Bloomberg BGN, exported by Charlie",france_italy_1y5y_bbg_2026-10-05.xlsx
2008-06-02,4.296000,4.562000,4.260000,4.344000,"Bloomberg BGN, exported by Charlie",france_italy_1y5y_bbg_2026-10-05.xlsx
2008-06-03,4.319000,4.642000,4.284000,4.433000,"Bloomberg BGN, exported by Charlie",france_italy_1y5y_bbg_2026-10-05.xlsx
2008-06-04,4.298000,4.595000,4.249000,4.377000,"Bloomberg BGN, exported by Charlie",france_italy_1y5y_bbg_2026-10-05.xlsx
2008-06-05,4.555000,4.770000,4.505000,4.557000,"Bloomberg BGN, exported by Charlie",france_italy_1y5y_bbg_2026-10-05.xlsx
2008-06-06,4.592000,4.824000,4.505000,4.582000,"Bloomberg BGN, exported by Charlie",france_italy_1y5y_bbg_2026-10-05.xlsx
2008-06-09,4.645000,5.010000,4.554000,4.715000,"Bloomberg BGN, exported by Charlie",france_italy_1y5y_bbg_2026-10-05.xlsx
2008-06-10,4.604000,5.022000,4.504000,4.723000,"Bloomberg BGN, exported by Charlie",france_italy_1y5y_bbg_2026-10-05.xlsx
2008-06-11,4.585000,4.979000,4.585000,4.715000,"Bloomberg BGN, exported by Charlie",france_italy_1y5y_bbg_2026-10-05.xlsx
2008-06-12,4.568000,5.021000,4.574000,4.776000,"Bloomberg BGN, exported by Charlie",france_italy_1y5y_bbg_2026-10-05.xlsx
2008-06-13,4.576000,5.102000,4.592000,4.838000,"Bloomberg BGN, exported by Charlie",france_italy_1y5y_bbg_2026-10-05.xlsx
2008-06-16,4.612000,5.159000,4.640000,4.899000,"Bloomberg BGN, exported by Charlie",france_italy_1y5y_bbg_2026-10-05.xlsx
2008-06-17,4.583000,5.093000,4.611000,4.856000,"Bloomberg BGN, exported by Charlie",france_italy_1y5y_bbg_2026-10-05.xlsx
2008-06-18,4.689000,5.074000,4.599000,4.853000,"Bloomberg BGN, exported by Charlie",france_italy_1y5y_bbg_2026-10-05.xlsx
2008-06-19,4.704000,5.145000,4.607000,4.929000,"Bloomberg BGN, exported by Charlie",france_italy_1y5y_bbg_2026-10-05.xlsx
2008-06-20,4.685000,5.069000,4.584000,4.832000,"Bloomberg BGN, exported by Charlie",france_italy_1y5y_bbg_2026-10-05.xlsx
2008-06-23,4.661000,5.041000,4.599000,4.783000,"Bloomberg BGN, exported by Charlie",france_italy_1y5y_bbg_2026-10-05.xlsx
2008-06-24,4.630000,5.022000,4.586000,4.755000,"Bloomberg BGN, exported by Charlie",france_italy_1y5y_bbg_2026-10-05.xlsx
2008-06-25,4.650000,5.020000,4.601000,4.772000,"Bloomberg BGN, exported by Charlie",france_italy_1y5y_bbg_2026-10-05.xlsx
2008-06-26,4.591000,4.935000,4.567000,4.663000,"Bloomberg BGN, exported by Charlie",france_italy_1y5y_bbg_2026-10-05.xlsx
2008-06-27,4.573000,4.940000,4.541000,4.651000,"Bloomberg BGN, exported by Charlie",france_italy_1y5y_bbg_2026-10-05.xlsx
2008-06-30,4.659000,5.061000,4.600000,4.800000,"Bloomberg BGN, exported by Charlie",france_italy_1y5y_bbg_2026-10-05.xlsx
2008-07-01,4.662000,5.060000,4.584000,4.781000,"Bloomberg BGN, exported by Charlie",france_italy_1y5y_bbg_2026-10-05.xlsx
2008-07-02,4.688000,5.098000,4.655000,4.830000,"Bloomberg BGN, exported by Charlie",france_italy_1y5y_bbg_2026-10-05.xlsx
2008-07-03,4.584000,4.965000,4.534000,4.669000,"Bloomberg BGN, exported by Charlie",france_italy_1y5y_bbg_2026-10-05.xlsx
2008-07-04,4.587000,4.912000,4.538000,4.608000,"Bloomberg BGN, exported by Charlie",france_italy_1y5y_bbg_2026-10-05.xlsx
2008-07-07,4.554000,4.843000,4.509000,4.535000,"Bloomberg BGN, exported by Charlie",france_italy_1y5y_bbg_2026-10-05.xlsx
2008-07-08,4.546000,4.852000,4.514000,4.557000,"Bloomberg BGN, exported by Charlie",france_italy_1y5y_bbg_2026-10-05.xlsx
2008-07-09,4.577000,4.858000,4.518000,4.571000,"Bloomberg BGN, exported by Charlie",france_italy_1y5y_bbg_2026-10-05.xlsx
2008-07-10,4.547000,4.847000,4.503000,4.557000,"Bloomberg BGN, exported by Charlie",france_italy_1y5y_bbg_2026-10-05.xlsx
2008-07-11,4.516000,4.881000,4.494000,4.596000,"Bloomberg BGN, exported by Charlie",france_italy_1y5y_bbg_2026-10-05.xlsx
2008-07-14,4.491000,4.848000,4.478000,4.564000,"Bloomberg BGN, exported by Charlie",france_italy_1y5y_bbg_2026-10-05.xlsx
2008-07-15,4.439000,4.810000,4.464000,4.523000,"Bloomberg BGN, exported by Charlie",france_italy_1y5y_bbg_2026-10-05.xlsx
2008-07-16,4.443000,4.835000,4.458000,4.563000,"Bloomberg BGN, exported by Charlie",france_italy_1y5y_bbg_2026-10-05.xlsx
2008-07-17,4.458000,4.872000,4.462000,4.613000,"Bloomberg BGN, exported by Charlie",france_italy_1y5y_bbg_2026-10-05.xlsx
2008-07-18,4.534000,5.001000,4.553000,4.758000,"Bloomberg BGN, exported by Charlie",france_italy_1y5y_bbg_2026-10-05.xlsx
2008-07-21,4.594000,5.042000,4.598000,4.807000,"Bloomberg BGN, exported by Charlie",france_italy_1y5y_bbg_2026-10-05.xlsx
2008-07-22,4.578000,5.036000,4.582000,4.791000,"Bloomberg BGN, exported by Charlie",france_italy_1y5y_bbg_2026-10-05.xlsx
2008-07-23,4.578000,5.052000,4.579000,4.790000,"Bloomberg BGN, exported by Charlie",france_italy_1y5y_bbg_2026-10-05.xlsx
2008-07-24,4.504000,4.915000,4.506000,4.641000,"Bloomberg BGN, exported by Charlie",france_italy_1y5y_bbg_2026-10-05.xlsx
2008-07-25,4.502000,4.936000,4.518000,4.658000,"Bloomberg BGN, exported by Charlie",france_italy_1y5y_bbg_2026-10-05.xlsx
2008-07-28,4.481000,4.865000,4.491000,4.571000,"Bloomberg BGN, exported by Charlie",france_italy_1y5y_bbg_2026-10-05.xlsx
2008-07-29,4.442000,4.827000,4.454000,4.529000,"Bloomberg BGN, exported by Charlie",france_italy_1y5y_bbg_2026-10-05.xlsx
2008-07-30,4.413000,4.774000,4.433000,4.475000,"Bloomberg BGN, exported by Charlie",france_italy_1y5y_bbg_2026-10-05.xlsx
2008-07-31,4.413000,4.703000,4.432000,4.404000,"Bloomberg BGN, exported by Charlie",france_italy_1y5y_bbg_2026-10-05.xlsx
2008-08-01,4.421000,4.709000,4.455000,4.397000,"Bloomberg BGN, exported by Charlie",france_italy_1y5y_bbg_2026-10-05.xlsx
2008-08-04,4.432000,4.700000,4.473000,4.383000,"Bloomberg BGN, exported by Charlie",france_italy_1y5y_bbg_2026-10-05.xlsx
2008-08-05,4.425000,4.666000,4.465000,4.362000,"Bloomberg BGN, exported by Charlie",france_italy_1y5y_bbg_2026-10-05.xlsx
2008-08-06,4.405000,4.671000,4.437000,4.377000,"Bloomberg BGN, exported by Charlie",france_italy_1y5y_bbg_2026-10-05.xlsx
2008-08-07,4.320000,4.505000,4.343000,4.211000,"Bloomberg BGN, exported by Charlie",france_italy_1y5y_bbg_2026-10-05.xlsx
2008-08-08,4.314000,4.480000,4.317000,4.195000,"Bloomberg BGN, exported by Charlie",france_italy_1y5y_bbg_2026-10-05.xlsx
2008-08-11,4.336000,4.510000,4.350000,4.227000,"Bloomberg BGN, exported by Charlie",france_italy_1y5y_bbg_2026-10-05.xlsx
2008-08-12,4.310000,4.464000,4.321000,4.173000,"Bloomberg BGN, exported by Charlie",france_italy_1y5y_bbg_2026-10-05.xlsx
2008-08-13,4.315000,4.439000,4.297000,4.132000,"Bloomberg BGN, exported by Charlie",france_italy_1y5y_bbg_2026-10-05.xlsx
2008-08-14,4.321000,4.449000,4.309000,4.145000,"Bloomberg BGN, exported by Charlie",france_italy_1y5y_bbg_2026-10-05.xlsx
2008-08-15,4.323000,4.422000,4.311000,4.115000,"Bloomberg BGN, exported by Charlie",france_italy_1y5y_bbg_2026-10-05.xlsx
2008-08-18,4.314000,4.391000,4.305000,4.095000,"Bloomberg BGN, exported by Charlie",france_italy_1y5y_bbg_2026-10-05.xlsx
2008-08-19,4.316000,4.409000,4.322000,4.095000,"Bloomberg BGN, exported by Charlie",france_italy_1y5y_bbg_2026-10-05.xlsx
2008-08-20,4.318000,4.397000,4.322000,4.086000,"Bloomberg BGN, exported by Charlie",france_italy_1y5y_bbg_2026-10-05.xlsx
2008-08-21,4.347000,4.476000,4.313000,4.176000,"Bloomberg BGN, exported by Charlie",france_italy_1y5y_bbg_2026-10-05.xlsx
2008-08-22,4.364000,4.541000,4.332000,4.240000,"Bloomberg BGN, exported by Charlie",france_italy_1y5y_bbg_2026-10-05.xlsx
2008-08-25,4.345000,4.418000,4.301000,4.118000,"Bloomberg BGN, exported by Charlie",france_italy_1y5y_bbg_2026-10-05.xlsx
2008-08-26,4.304000,4.425000,4.273000,4.097000,"Bloomberg BGN, exported by Charlie",france_italy_1y5y_bbg_2026-10-05.xlsx
2008-08-27,4.346000,4.518000,4.316000,4.195000,"Bloomberg BGN, exported by Charlie",france_italy_1y5y_bbg_2026-10-05.xlsx
2008-08-28,4.361000,4.577000,4.340000,4.245000,"Bloomberg BGN, exported by Charlie",france_italy_1y5y_bbg_2026-10-05.xlsx
2008-08-29,4.343000,4.574000,4.329000,4.239000,"Bloomberg BGN, exported by Charlie",france_italy_1y5y_bbg_2026-10-05.xlsx
2008-09-01,4.316000,4.488000,4.305000,4.152000,"Bloomberg BGN, exported by Charlie",france_italy_1y5y_bbg_2026-10-05.xlsx
2008-09-02,4.338000,4.499000,4.328000,4.175000,"Bloomberg BGN, exported by Charlie",france_italy_1y5y_bbg_2026-10-05.xlsx
2008-09-03,4.344000,4.486000,4.338000,4.160000,"Bloomberg BGN, exported by Charlie",france_italy_1y5y_bbg_2026-10-05.xlsx
2008-09-04,4.350000,4.415000,4.319000,4.089000,"Bloomberg BGN, exported by Charlie",france_italy_1y5y_bbg_2026-10-05.xlsx
2008-09-05,4.313000,4.348000,4.289000,3.993000,"Bloomberg BGN, exported by Charlie",france_italy_1y5y_bbg_2026-10-05.xlsx
2008-09-08,4.349000,4.428000,4.324000,4.061000,"Bloomberg BGN, exported by Charlie",france_italy_1y5y_bbg_2026-10-05.xlsx
2008-09-09,4.328000,4.423000,4.298000,4.039000,"Bloomberg BGN, exported by Charlie",france_italy_1y5y_bbg_2026-10-05.xlsx
2008-09-10,4.343000,4.423000,4.308000,4.060000,"Bloomberg BGN, exported by Charlie",france_italy_1y5y_bbg_2026-10-05.xlsx
2008-09-11,4.363000,4.451000,4.310000,4.072000,"Bloomberg BGN, exported by Charlie",france_italy_1y5y_bbg_2026-10-05.xlsx
2008-09-12,4.378000,4.523000,4.332000,4.161000,"Bloomberg BGN, exported by Charlie",france_italy_1y5y_bbg_2026-10-05.xlsx
2008-09-15,4.226000,4.395000,4.176000,3.987000,"Bloomberg BGN, exported by Charlie",france_italy_1y5y_bbg_2026-10-05.xlsx
2008-09-16,4.169000,4.391000,4.130000,4.007000,"Bloomberg BGN, exported by Charlie",france_italy_1y5y_bbg_2026-10-05.xlsx
2008-09-17,4.280000,4.409000,4.202000,3.987000,"Bloomberg BGN, exported by Charlie",france_italy_1y5y_bbg_2026-10-05.xlsx
2008-09-18,4.250000,4.499000,4.180000,4.111000,"Bloomberg BGN, exported by Charlie",france_italy_1y5y_bbg_2026-10-05.xlsx
2008-09-19,4.358000,4.691000,4.290000,4.353000,"Bloomberg BGN, exported by Charlie",france_italy_1y5y_bbg_2026-10-05.xlsx
2008-09-22,4.344000,4.685000,4.259000,4.362000,"Bloomberg BGN, exported by Charlie",france_italy_1y5y_bbg_2026-10-05.xlsx
2008-09-23,4.321000,4.644000,4.216000,4.293000,"Bloomberg BGN, exported by Charlie",france_italy_1y5y_bbg_2026-10-05.xlsx
2008-09-24,4.251000,4.555000,4.101000,4.197000,"Bloomberg BGN, exported by Charlie",france_italy_1y5y_bbg_2026-10-05.xlsx
2008-09-25,4.190000,4.602000,4.006000,4.254000,"Bloomberg BGN, exported by Charlie",france_italy_1y5y_bbg_2026-10-05.xlsx
2008-09-26,4.044000,4.504000,3.948000,4.140000,"Bloomberg BGN, exported by Charlie",france_italy_1y5y_bbg_2026-10-05.xlsx
2008-09-29,3.830000,4.421000,3.724000,3.968000,"Bloomberg BGN, exported by Charlie",france_italy_1y5y_bbg_2026-10-05.xlsx
2008-09-30,3.802000,4.485000,3.720000,4.065000,"Bloomberg BGN, exported by Charlie",france_italy_1y5y_bbg_2026-10-05.xlsx
2008-10-01,3.819000,4.387000,3.620000,4.024000,"Bloomberg BGN, exported by Charlie",france_italy_1y5y_bbg_2026-10-05.xlsx
2008-10-02,3.722000,4.248000,3.498000,3.908000,"Bloomberg BGN, exported by Charlie",france_italy_1y5y_bbg_2026-10-05.xlsx
2008-10-03,3.557000,4.200000,3.402000,3.898000,"Bloomberg BGN, exported by Charlie",france_italy_1y5y_bbg_2026-10-05.xlsx
2008-10-06,3.411000,3.973000,3.171000,3.698000,"Bloomberg BGN, exported by Charlie",france_italy_1y5y_bbg_2026-10-05.xlsx
2008-10-07,3.380000,4.064000,3.134000,3.753000,"Bloomberg BGN, exported by Charlie",france_italy_1y5y_bbg_2026-10-05.xlsx
2008-10-08,3.128000,4.095000,2.957000,3.740000,"Bloomberg BGN, exported by Charlie",france_italy_1y5y_bbg_2026-10-05.xlsx
2008-10-09,3.211000,4.202000,3.006000,3.806000,"Bloomberg BGN, exported by Charlie",france_italy_1y5y_bbg_2026-10-05.xlsx
2008-10-10,3.006000,4.292000,2.764000,3.890000,"Bloomberg BGN, exported by Charlie",france_italy_1y5y_bbg_2026-10-05.xlsx
2008-10-13,3.089000,4.405000,2.797000,4.024000,"Bloomberg BGN, exported by Charlie",france_italy_1y5y_bbg_2026-10-05.xlsx
2008-10-14,3.182000,4.399000,2.919000,4.033000,"Bloomberg BGN, exported by Charlie",france_italy_1y5y_bbg_2026-10-05.xlsx
2008-10-15,3.106000,4.316000,2.870000,3.987000,"Bloomberg BGN, exported by Charlie",france_italy_1y5y_bbg_2026-10-05.xlsx
2008-10-16,2.947000,4.161000,2.771000,3.836000,"Bloomberg BGN, exported by Charlie",france_italy_1y5y_bbg_2026-10-05.xlsx
2008-10-17,2.870000,4.187000,2.720000,3.844000,"Bloomberg BGN, exported by Charlie",france_italy_1y5y_bbg_2026-10-05.xlsx
2008-10-20,2.899000,4.116000,2.837000,3.799000,"Bloomberg BGN, exported by Charlie",france_italy_1y5y_bbg_2026-10-05.xlsx
2008-10-21,2.898000,4.062000,2.837000,3.740000,"Bloomberg BGN, exported by Charlie",france_italy_1y5y_bbg_2026-10-05.xlsx
2008-10-22,2.857000,3.993000,2.778000,3.624000,"Bloomberg BGN, exported by Charlie",france_italy_1y5y_bbg_2026-10-05.xlsx
2008-10-23,2.845000,4.048000,2.819000,3.604000,"Bloomberg BGN, exported by Charlie",france_italy_1y5y_bbg_2026-10-05.xlsx
2008-10-24,2.905000,4.022000,2.792000,3.533000,"Bloomberg BGN, exported by Charlie",france_italy_1y5y_bbg_2026-10-05.xlsx
2008-10-27,2.816000,4.000000,2.693000,3.500000,"Bloomberg BGN, exported by Charlie",france_italy_1y5y_bbg_2026-10-05.xlsx
2008-10-28,2.815000,4.025000,2.711000,3.456000,"Bloomberg BGN, exported by Charlie",france_italy_1y5y_bbg_2026-10-05.xlsx
2008-10-29,2.822000,4.128000,2.684000,3.449000,"Bloomberg BGN, exported by Charlie",france_italy_1y5y_bbg_2026-10-05.xlsx
2008-10-30,2.776000,4.126000,2.616000,3.415000,"Bloomberg BGN, exported by Charlie",france_italy_1y5y_bbg_2026-10-05.xlsx
2008-10-31,2.779000,4.285000,2.688000,3.529000,"Bloomberg BGN, exported by Charlie",france_italy_1y5y_bbg_2026-10-05.xlsx
2008-11-03,2.835000,4.272000,2.660000,3.496000,"Bloomberg BGN, exported by Charlie",france_italy_1y5y_bbg_2026-10-05.xlsx
2008-11-04,2.831000,4.152000,2.681000,3.479000,"Bloomberg BGN, exported by Charlie",france_italy_1y5y_bbg_2026-10-05.xlsx
2008-11-05,2.803000,4.033000,2.674000,3.386000,"Bloomberg BGN, exported by Charlie",france_italy_1y5y_bbg_2026-10-05.xlsx
2008-11-06,2.687000,3.903000,2.538000,3.262000,"Bloomberg BGN, exported by Charlie",france_italy_1y5y_bbg_2026-10-05.xlsx
2008-11-07,2.635000,3.847000,2.510000,3.232000,"Bloomberg BGN, exported by Charlie",france_italy_1y5y_bbg_2026-10-05.xlsx
2008-11-10,2.577000,3.813000,2.436000,3.209000,"Bloomberg BGN, exported by Charlie",france_italy_1y5y_bbg_2026-10-05.xlsx
2008-11-11,2.502000,3.839000,2.347000,3.173000,"Bloomberg BGN, exported by Charlie",france_italy_1y5y_bbg_2026-10-05.xlsx
2008-11-12,2.574000,3.930000,2.286000,3.152000,"Bloomberg BGN, exported by Charlie",france_italy_1y5y_bbg_2026-10-05.xlsx
2008-11-13,2.597000,3.983000,2.305000,3.148000,"Bloomberg BGN, exported by Charlie",france_italy_1y5y_bbg_2026-10-05.xlsx
2008-11-14,2.574000,3.900000,2.269000,3.128000,"Bloomberg BGN, exported by Charlie",france_italy_1y5y_bbg_2026-10-05.xlsx
2008-11-17,2.487000,3.949000,2.190000,3.129000,"Bloomberg BGN, exported by Charlie",france_italy_1y5y_bbg_2026-10-05.xlsx
2008-11-18,2.473000,3.958000,2.192000,3.151000,"Bloomberg BGN, exported by Charlie",france_italy_1y5y_bbg_2026-10-05.xlsx
2008-11-19,2.433000,3.905000,2.139000,3.102000,"Bloomberg BGN, exported by Charlie",france_italy_1y5y_bbg_2026-10-05.xlsx
2008-11-20,2.338000,3.817000,1.992000,2.973000,"Bloomberg BGN, exported by Charlie",france_italy_1y5y_bbg_2026-10-05.xlsx
2008-11-21,2.441000,3.906000,1.986000,3.018000,"Bloomberg BGN, exported by Charlie",france_italy_1y5y_bbg_2026-10-05.xlsx
2008-11-24,2.472000,3.925000,2.041000,3.090000,"Bloomberg BGN, exported by Charlie",france_italy_1y5y_bbg_2026-10-05.xlsx
2008-11-25,2.506000,3.886000,2.046000,3.081000,"Bloomberg BGN, exported by Charlie",france_italy_1y5y_bbg_2026-10-05.xlsx
2008-11-26,2.466000,3.786000,2.040000,2.987000,"Bloomberg BGN, exported by Charlie",france_italy_1y5y_bbg_2026-10-05.xlsx
2008-11-27,2.444000,3.833000,2.033000,3.040000,"Bloomberg BGN, exported by Charlie",france_italy_1y5y_bbg_2026-10-05.xlsx
2008-11-28,2.395000,3.863000,2.008000,3.027000,"Bloomberg BGN, exported by Charlie",france_italy_1y5y_bbg_2026-10-05.xlsx
2008-12-01,2.417000,3.824000,1.996000,2.914000,"Bloomberg BGN, exported by Charlie",france_italy_1y5y_bbg_2026-10-05.xlsx
2008-12-02,2.385000,3.774000,1.948000,2.896000,"Bloomberg BGN, exported by Charlie",france_italy_1y5y_bbg_2026-10-05.xlsx
2008-12-03,2.328000,3.775000,1.909000,2.933000,"Bloomberg BGN, exported by Charlie",france_italy_1y5y_bbg_2026-10-05.xlsx
2008-12-04,2.339000,3.850000,1.982000,3.024000,"Bloomberg BGN, exported by Charlie",france_italy_1y5y_bbg_2026-10-05.xlsx
2008-12-05,2.388000,3.850000,1.971000,2.982000,"Bloomberg BGN, exported by Charlie",france_italy_1y5y_bbg_2026-10-05.xlsx
2008-12-08,2.497000,4.061000,2.082000,3.202000,"Bloomberg BGN, exported by Charlie",france_italy_1y5y_bbg_2026-10-05.xlsx
2008-12-09,2.533000,4.011000,2.098000,3.282000,"Bloomberg BGN, exported by Charlie",france_italy_1y5y_bbg_2026-10-05.xlsx
2008-12-10,2.537000,3.968000,2.034000,3.215000,"Bloomberg BGN, exported by Charlie",france_italy_1y5y_bbg_2026-10-05.xlsx
2008-12-11,2.536000,3.986000,1.994000,3.185000,"Bloomberg BGN, exported by Charlie",france_italy_1y5y_bbg_2026-10-05.xlsx
2008-12-12,2.564000,4.128000,2.042000,3.266000,"Bloomberg BGN, exported by Charlie",france_italy_1y5y_bbg_2026-10-05.xlsx
2008-12-15,2.547000,4.013000,2.026000,3.151000,"Bloomberg BGN, exported by Charlie",france_italy_1y5y_bbg_2026-10-05.xlsx
2008-12-16,2.478000,4.014000,1.995000,3.119000,"Bloomberg BGN, exported by Charlie",france_italy_1y5y_bbg_2026-10-05.xlsx
2008-12-17,2.340000,3.841000,1.869000,2.942000,"Bloomberg BGN, exported by Charlie",france_italy_1y5y_bbg_2026-10-05.xlsx
2008-12-18,2.302000,3.818000,1.851000,2.882000,"Bloomberg BGN, exported by Charlie",france_italy_1y5y_bbg_2026-10-05.xlsx
2008-12-19,2.224000,3.807000,1.822000,2.854000,"Bloomberg BGN, exported by Charlie",france_italy_1y5y_bbg_2026-10-05.xlsx
2008-12-22,2.138000,3.736000,1.798000,2.789000,"Bloomberg BGN, exported by Charlie",france_italy_1y5y_bbg_2026-10-05.xlsx
2008-12-23,2.082000,3.666000,1.786000,2.747000,"Bloomberg BGN, exported by Charlie",france_italy_1y5y_bbg_2026-10-05.xlsx
2008-12-24,2.103000,3.650000,1.770000,2.742000,"Bloomberg BGN, exported by Charlie",france_italy_1y5y_bbg_2026-10-05.xlsx
2008-12-29,2.038000,3.602000,1.712000,2.688000,"Bloomberg BGN, exported by Charlie",france_italy_1y5y_bbg_2026-10-05.xlsx
2008-12-30,2.123000,3.635000,1.761000,2.729000,"Bloomberg BGN, exported by Charlie",france_italy_1y5y_bbg_2026-10-05.xlsx
2008-12-31,2.106000,3.632000,1.736000,2.733000,"Bloomberg BGN, exported by Charlie",france_italy_1y5y_bbg_2026-10-05.xlsx
2009-01-02,2.065000,3.608000,1.727000,2.695000,"Bloomberg BGN, exported by Charlie",france_italy_1y5y_bbg_2026-10-05.xlsx
2009-01-05,2.044000,3.623000,1.720000,2.707000,"Bloomberg BGN, exported by Charlie",france_italy_1y5y_bbg_2026-10-05.xlsx
2009-01-06,1.983000,3.741000,1.687000,2.821000,"Bloomberg BGN, exported by Charlie",france_italy_1y5y_bbg_2026-10-05.xlsx
2009-01-07,1.898000,3.672000,1.588000,2.810000,"Bloomberg BGN, exported by Charlie",france_italy_1y5y_bbg_2026-10-05.xlsx
2009-01-08,1.879000,3.605000,1.561000,2.762000,"Bloomberg BGN, exported by Charlie",france_italy_1y5y_bbg_2026-10-05.xlsx
2009-01-09,1.813000,3.563000,1.457000,2.664000,"Bloomberg BGN, exported by Charlie",france_italy_1y5y_bbg_2026-10-05.xlsx
2009-01-12,1.758000,3.602000,1.434000,2.654000,"Bloomberg BGN, exported by Charlie",france_italy_1y5y_bbg_2026-10-05.xlsx
2009-01-13,1.694000,3.689000,1.441000,2.651000,"Bloomberg BGN, exported by Charlie",france_italy_1y5y_bbg_2026-10-05.xlsx
2009-01-14,1.783000,3.634000,1.447000,2.603000,"Bloomberg BGN, exported by Charlie",france_italy_1y5y_bbg_2026-10-05.xlsx
2009-01-15,1.748000,3.650000,1.441000,2.602000,"Bloomberg BGN, exported by Charlie",france_italy_1y5y_bbg_2026-10-05.xlsx
2009-01-16,1.673000,3.576000,1.379000,2.612000,"Bloomberg BGN, exported by Charlie",france_italy_1y5y_bbg_2026-10-05.xlsx
2009-01-19,1.673000,3.593000,1.406000,2.693000,"Bloomberg BGN, exported by Charlie",france_italy_1y5y_bbg_2026-10-05.xlsx
2009-01-20,1.622000,3.640000,1.363000,2.703000,"Bloomberg BGN, exported by Charlie",france_italy_1y5y_bbg_2026-10-05.xlsx
2009-01-21,1.556000,3.669000,1.302000,2.710000,"Bloomberg BGN, exported by Charlie",france_italy_1y5y_bbg_2026-10-05.xlsx
2009-01-22,1.530000,3.704000,1.290000,2.735000,"Bloomberg BGN, exported by Charlie",france_italy_1y5y_bbg_2026-10-05.xlsx
2009-01-23,1.486000,3.814000,1.275000,2.783000,"Bloomberg BGN, exported by Charlie",france_italy_1y5y_bbg_2026-10-05.xlsx
2009-01-26,1.591000,3.907000,1.377000,2.940000,"Bloomberg BGN, exported by Charlie",france_italy_1y5y_bbg_2026-10-05.xlsx
2009-01-27,1.568000,3.801000,1.378000,2.882000,"Bloomberg BGN, exported by Charlie",france_italy_1y5y_bbg_2026-10-05.xlsx
2009-01-28,1.522000,3.709000,1.356000,2.827000,"Bloomberg BGN, exported by Charlie",france_italy_1y5y_bbg_2026-10-05.xlsx
2009-01-29,1.439000,3.594000,1.290000,2.774000,"Bloomberg BGN, exported by Charlie",france_italy_1y5y_bbg_2026-10-05.xlsx
2009-01-30,1.391000,3.534000,1.281000,2.754000,"Bloomberg BGN, exported by Charlie",france_italy_1y5y_bbg_2026-10-05.xlsx
2009-02-02,1.421000,3.442000,1.280000,2.699000,"Bloomberg BGN, exported by Charlie",france_italy_1y5y_bbg_2026-10-05.xlsx
2009-02-03,1.414000,3.416000,1.236000,2.708000,"Bloomberg BGN, exported by Charlie",france_italy_1y5y_bbg_2026-10-05.xlsx
2009-02-04,1.396000,3.484000,1.201000,2.680000,"Bloomberg BGN, exported by Charlie",france_italy_1y5y_bbg_2026-10-05.xlsx
2009-02-05,1.314000,3.513000,1.155000,2.626000,"Bloomberg BGN, exported by Charlie",france_italy_1y5y_bbg_2026-10-05.xlsx
2009-02-06,1.278000,3.498000,1.097000,2.627000,"Bloomberg BGN, exported by Charlie",france_italy_1y5y_bbg_2026-10-05.xlsx
2009-02-09,1.270000,3.458000,1.119000,2.657000,"Bloomberg BGN, exported by Charlie",france_italy_1y5y_bbg_2026-10-05.xlsx
2009-02-10,1.338000,3.473000,1.174000,2.625000,"Bloomberg BGN, exported by Charlie",france_italy_1y5y_bbg_2026-10-05.xlsx
2009-02-11,1.408000,3.439000,1.137000,2.679000,"Bloomberg BGN, exported by Charlie",france_italy_1y5y_bbg_2026-10-05.xlsx
2009-02-12,1.398000,3.435000,1.094000,2.636000,"Bloomberg BGN, exported by Charlie",france_italy_1y5y_bbg_2026-10-05.xlsx
2009-02-13,1.401000,3.556000,1.076000,2.688000,"Bloomberg BGN, exported by Charlie",france_italy_1y5y_bbg_2026-10-05.xlsx
2009-02-16,1.363000,3.535000,1.065000,2.630000,"Bloomberg BGN, exported by Charlie",france_italy_1y5y_bbg_2026-10-05.xlsx
2009-02-17,1.322000,3.501000,1.038000,2.571000,"Bloomberg BGN, exported by Charlie",france_italy_1y5y_bbg_2026-10-05.xlsx
2009-02-18,1.348000,3.470000,1.066000,2.616000,"Bloomberg BGN, exported by Charlie",france_italy_1y5y_bbg_2026-10-05.xlsx
2009-02-19,1.354000,3.500000,1.084000,2.718000,"Bloomberg BGN, exported by Charlie",france_italy_1y5y_bbg_2026-10-05.xlsx
2009-02-20,1.311000,3.442000,1.041000,2.633000,"Bloomberg BGN, exported by Charlie",france_italy_1y5y_bbg_2026-10-05.xlsx
2009-02-23,1.308000,3.420000,1.056000,2.647000,"Bloomberg BGN, exported by Charlie",france_italy_1y5y_bbg_2026-10-05.xlsx
2009-02-24,1.288000,3.445000,1.037000,2.617000,"Bloomberg BGN, exported by Charlie",france_italy_1y5y_bbg_2026-10-05.xlsx
2009-02-25,1.243000,3.498000,0.984000,2.597000,"Bloomberg BGN, exported by Charlie",france_italy_1y5y_bbg_2026-10-05.xlsx
2009-02-26,1.244000,3.646000,0.972000,2.755000,"Bloomberg BGN, exported by Charlie",france_italy_1y5y_bbg_2026-10-05.xlsx
2009-02-27,1.227000,3.640000,0.954000,2.736000,"Bloomberg BGN, exported by Charlie",france_italy_1y5y_bbg_2026-10-05.xlsx
2009-03-02,1.191000,3.557000,0.915000,2.619000,"Bloomberg BGN, exported by Charlie",france_italy_1y5y_bbg_2026-10-05.xlsx
2009-03-03,1.186000,3.535000,0.872000,2.617000,"Bloomberg BGN, exported by Charlie",france_italy_1y5y_bbg_2026-10-05.xlsx
2009-03-04,1.169000,3.529000,0.847000,2.675000,"Bloomberg BGN, exported by Charlie",france_italy_1y5y_bbg_2026-10-05.xlsx
2009-03-05,1.163000,3.463000,0.859000,2.606000,"Bloomberg BGN, exported by Charlie",france_italy_1y5y_bbg_2026-10-05.xlsx
2009-03-06,1.189000,3.489000,0.868000,2.590000,"Bloomberg BGN, exported by Charlie",france_italy_1y5y_bbg_2026-10-05.xlsx
2009-03-09,1.252000,3.518000,0.916000,2.658000,"Bloomberg BGN, exported by Charlie",france_italy_1y5y_bbg_2026-10-05.xlsx
2009-03-10,1.239000,3.595000,0.914000,2.765000,"Bloomberg BGN, exported by Charlie",france_italy_1y5y_bbg_2026-10-05.xlsx
2009-03-11,1.368000,3.606000,1.021000,2.790000,"Bloomberg BGN, exported by Charlie",france_italy_1y5y_bbg_2026-10-05.xlsx
2009-03-12,1.342000,3.567000,0.959000,2.709000,"Bloomberg BGN, exported by Charlie",france_italy_1y5y_bbg_2026-10-05.xlsx
2009-03-13,1.327000,3.556000,0.927000,2.747000,"Bloomberg BGN, exported by Charlie",france_italy_1y5y_bbg_2026-10-05.xlsx
2009-03-16,1.307000,3.567000,0.909000,2.772000,"Bloomberg BGN, exported by Charlie",france_italy_1y5y_bbg_2026-10-05.xlsx
2009-03-17,1.301000,3.589000,0.915000,2.819000,"Bloomberg BGN, exported by Charlie",france_italy_1y5y_bbg_2026-10-05.xlsx
2009-03-18,1.278000,3.552000,0.893000,2.846000,"Bloomberg BGN, exported by Charlie",france_italy_1y5y_bbg_2026-10-05.xlsx
2009-03-19,1.263000,3.440000,0.874000,2.750000,"Bloomberg BGN, exported by Charlie",france_italy_1y5y_bbg_2026-10-05.xlsx
2009-03-20,1.227000,3.252000,0.818000,2.681000,"Bloomberg BGN, exported by Charlie",france_italy_1y5y_bbg_2026-10-05.xlsx
2009-03-23,1.269000,3.295000,0.846000,2.729000,"Bloomberg BGN, exported by Charlie",france_italy_1y5y_bbg_2026-10-05.xlsx
2009-03-24,1.309000,3.384000,0.891000,2.825000,"Bloomberg BGN, exported by Charlie",france_italy_1y5y_bbg_2026-10-05.xlsx
2009-03-25,1.297000,3.334000,0.876000,2.821000,"Bloomberg BGN, exported by Charlie",france_italy_1y5y_bbg_2026-10-05.xlsx
2009-03-26,1.292000,3.302000,0.830000,2.791000,"Bloomberg BGN, exported by Charlie",france_italy_1y5y_bbg_2026-10-05.xlsx
2009-03-27,1.248000,3.251000,0.829000,2.722000,"Bloomberg BGN, exported by Charlie",france_italy_1y5y_bbg_2026-10-05.xlsx
2009-03-30,1.218000,3.309000,0.805000,2.665000,"Bloomberg BGN, exported by Charlie",france_italy_1y5y_bbg_2026-10-05.xlsx
2009-03-31,1.180000,3.285000,0.794000,2.646000,"Bloomberg BGN, exported by Charlie",france_italy_1y5y_bbg_2026-10-05.xlsx
2009-04-01,1.163000,3.249000,0.784000,2.625000,"Bloomberg BGN, exported by Charlie",france_italy_1y5y_bbg_2026-10-05.xlsx
2009-04-02,1.262000,3.357000,0.901000,2.764000,"Bloomberg BGN, exported by Charlie",france_italy_1y5y_bbg_2026-10-05.xlsx
2009-04-03,1.293000,3.379000,0.920000,2.819000,"Bloomberg BGN, exported by Charlie",france_italy_1y5y_bbg_2026-10-05.xlsx
2009-04-06,1.293000,3.365000,0.897000,2.798000,"Bloomberg BGN, exported by Charlie",france_italy_1y5y_bbg_2026-10-05.xlsx
2009-04-07,1.270000,3.401000,0.866000,2.790000,"Bloomberg BGN, exported by Charlie",france_italy_1y5y_bbg_2026-10-05.xlsx
2009-04-08,1.393000,3.379000,0.937000,2.788000,"Bloomberg BGN, exported by Charlie",france_italy_1y5y_bbg_2026-10-05.xlsx
2009-04-09,1.397000,3.340000,0.952000,2.754000,"Bloomberg BGN, exported by Charlie",france_italy_1y5y_bbg_2026-10-05.xlsx
2009-04-14,1.375000,3.289000,0.943000,2.711000,"Bloomberg BGN, exported by Charlie",france_italy_1y5y_bbg_2026-10-05.xlsx
2009-04-15,1.351000,3.205000,0.925000,2.627000,"Bloomberg BGN, exported by Charlie",france_italy_1y5y_bbg_2026-10-05.xlsx
2009-04-16,1.336000,3.210000,0.949000,2.661000,"Bloomberg BGN, exported by Charlie",france_italy_1y5y_bbg_2026-10-05.xlsx
2009-04-17,1.400000,3.273000,1.028000,2.768000,"Bloomberg BGN, exported by Charlie",france_italy_1y5y_bbg_2026-10-05.xlsx
2009-04-20,1.380000,3.187000,1.007000,2.642000,"Bloomberg BGN, exported by Charlie",france_italy_1y5y_bbg_2026-10-05.xlsx
2009-04-21,1.373000,3.245000,1.014000,2.657000,"Bloomberg BGN, exported by Charlie",france_italy_1y5y_bbg_2026-10-05.xlsx
2009-04-22,1.377000,3.263000,1.017000,2.734000,"Bloomberg BGN, exported by Charlie",france_italy_1y5y_bbg_2026-10-05.xlsx
2009-04-23,1.354000,3.242000,0.978000,2.718000,"Bloomberg BGN, exported by Charlie",france_italy_1y5y_bbg_2026-10-05.xlsx
2009-04-24,1.303000,3.210000,0.932000,2.660000,"Bloomberg BGN, exported by Charlie",france_italy_1y5y_bbg_2026-10-05.xlsx
2009-04-27,1.292000,3.211000,0.920000,2.633000,"Bloomberg BGN, exported by Charlie",france_italy_1y5y_bbg_2026-10-05.xlsx
2009-04-28,1.250000,3.178000,0.883000,2.587000,"Bloomberg BGN, exported by Charlie",france_italy_1y5y_bbg_2026-10-05.xlsx
2009-04-29,1.224000,3.168000,0.875000,2.565000,"Bloomberg BGN, exported by Charlie",france_italy_1y5y_bbg_2026-10-05.xlsx
2009-04-30,1.222000,3.168000,0.878000,2.590000,"Bloomberg BGN, exported by Charlie",france_italy_1y5y_bbg_2026-10-05.xlsx
2009-05-04,1.217000,3.152000,0.881000,2.662000,"Bloomberg BGN, exported by Charlie",france_italy_1y5y_bbg_2026-10-05.xlsx
2009-05-05,1.208000,3.095000,0.883000,2.610000,"Bloomberg BGN, exported by Charlie",france_italy_1y5y_bbg_2026-10-05.xlsx
2009-05-06,1.163000,3.010000,0.883000,2.601000,"Bloomberg BGN, exported by Charlie",france_italy_1y5y_bbg_2026-10-05.xlsx
2009-05-07,1.080000,3.063000,0.836000,2.695000,"Bloomberg BGN, exported by Charlie",france_italy_1y5y_bbg_2026-10-05.xlsx
2009-05-08,1.047000,3.080000,0.815000,2.696000,"Bloomberg BGN, exported by Charlie",france_italy_1y5y_bbg_2026-10-05.xlsx
2009-05-11,1.084000,3.110000,0.853000,2.670000,"Bloomberg BGN, exported by Charlie",france_italy_1y5y_bbg_2026-10-05.xlsx
2009-05-12,1.102000,3.167000,0.854000,2.686000,"Bloomberg BGN, exported by Charlie",france_italy_1y5y_bbg_2026-10-05.xlsx
2009-05-13,1.115000,3.144000,0.819000,2.600000,"Bloomberg BGN, exported by Charlie",france_italy_1y5y_bbg_2026-10-05.xlsx
2009-05-14,1.088000,3.159000,0.805000,2.593000,"Bloomberg BGN, exported by Charlie",france_italy_1y5y_bbg_2026-10-05.xlsx
2009-05-15,1.073000,3.132000,0.795000,2.636000,"Bloomberg BGN, exported by Charlie",france_italy_1y5y_bbg_2026-10-05.xlsx
2009-05-18,1.044000,3.119000,0.779000,2.615000,"Bloomberg BGN, exported by Charlie",france_italy_1y5y_bbg_2026-10-05.xlsx
2009-05-19,1.099000,3.175000,0.853000,2.698000,"Bloomberg BGN, exported by Charlie",france_italy_1y5y_bbg_2026-10-05.xlsx
2009-05-20,1.134000,3.162000,0.901000,2.709000,"Bloomberg BGN, exported by Charlie",france_italy_1y5y_bbg_2026-10-05.xlsx
2009-05-21,1.126000,3.138000,0.885000,2.668000,"Bloomberg BGN, exported by Charlie",france_italy_1y5y_bbg_2026-10-05.xlsx
2009-05-22,1.147000,3.187000,0.907000,2.727000,"Bloomberg BGN, exported by Charlie",france_italy_1y5y_bbg_2026-10-05.xlsx
2009-05-25,1.167000,3.232000,0.933000,2.812000,"Bloomberg BGN, exported by Charlie",france_italy_1y5y_bbg_2026-10-05.xlsx
2009-05-26,1.162000,3.286000,0.930000,2.830000,"Bloomberg BGN, exported by Charlie",france_italy_1y5y_bbg_2026-10-05.xlsx
2009-05-27,1.177000,3.352000,0.938000,2.853000,"Bloomberg BGN, exported by Charlie",france_italy_1y5y_bbg_2026-10-05.xlsx
2009-05-28,1.152000,3.416000,0.913000,2.872000,"Bloomberg BGN, exported by Charlie",france_italy_1y5y_bbg_2026-10-05.xlsx
2009-05-29,1.116000,3.360000,0.868000,2.801000,"Bloomberg BGN, exported by Charlie",france_italy_1y5y_bbg_2026-10-05.xlsx
2009-06-01,1.129000,3.336000,0.893000,2.861000,"Bloomberg BGN, exported by Charlie",france_italy_1y5y_bbg_2026-10-05.xlsx
2009-06-02,1.097000,3.313000,0.861000,2.813000,"Bloomberg BGN, exported by Charlie",france_italy_1y5y_bbg_2026-10-05.xlsx
2009-06-03,1.110000,3.292000,0.908000,2.736000,"Bloomberg BGN, exported by Charlie",france_italy_1y5y_bbg_2026-10-05.xlsx
2009-06-04,1.185000,3.445000,0.985000,2.868000,"Bloomberg BGN, exported by Charlie",france_italy_1y5y_bbg_2026-10-05.xlsx
2009-06-05,1.264000,3.522000,1.074000,3.010000,"Bloomberg BGN, exported by Charlie",france_italy_1y5y_bbg_2026-10-05.xlsx
2009-06-08,1.301000,3.551000,1.116000,3.003000,"Bloomberg BGN, exported by Charlie",france_italy_1y5y_bbg_2026-10-05.xlsx
2009-06-09,1.256000,3.536000,1.068000,2.965000,"Bloomberg BGN, exported by Charlie",france_italy_1y5y_bbg_2026-10-05.xlsx
2009-06-10,1.263000,3.521000,1.049000,2.981000,"Bloomberg BGN, exported by Charlie",france_italy_1y5y_bbg_2026-10-05.xlsx
2009-06-11,1.237000,3.545000,1.036000,2.987000,"Bloomberg BGN, exported by Charlie",france_italy_1y5y_bbg_2026-10-05.xlsx
2009-06-12,1.212000,3.514000,1.022000,2.955000,"Bloomberg BGN, exported by Charlie",france_italy_1y5y_bbg_2026-10-05.xlsx
2009-06-15,1.173000,3.438000,0.983000,2.856000,"Bloomberg BGN, exported by Charlie",france_italy_1y5y_bbg_2026-10-05.xlsx
2009-06-16,1.182000,3.438000,0.971000,2.847000,"Bloomberg BGN, exported by Charlie",france_italy_1y5y_bbg_2026-10-05.xlsx
2009-06-17,1.169000,3.383000,0.950000,2.792000,"Bloomberg BGN, exported by Charlie",france_italy_1y5y_bbg_2026-10-05.xlsx
2009-06-18,1.142000,3.394000,0.927000,2.839000,"Bloomberg BGN, exported by Charlie",france_italy_1y5y_bbg_2026-10-05.xlsx
2009-06-19,1.105000,3.317000,0.898000,2.936000,"Bloomberg BGN, exported by Charlie",france_italy_1y5y_bbg_2026-10-05.xlsx
2009-06-22,1.096000,3.316000,0.897000,2.905000,"Bloomberg BGN, exported by Charlie",france_italy_1y5y_bbg_2026-10-05.xlsx
2009-06-23,1.104000,3.312000,0.900000,2.912000,"Bloomberg BGN, exported by Charlie",france_italy_1y5y_bbg_2026-10-05.xlsx
2009-06-24,1.029000,3.366000,0.822000,2.858000,"Bloomberg BGN, exported by Charlie",france_italy_1y5y_bbg_2026-10-05.xlsx
2009-06-25,0.995000,3.339000,0.790000,2.793000,"Bloomberg BGN, exported by Charlie",france_italy_1y5y_bbg_2026-10-05.xlsx
2009-06-26,0.992000,3.331000,0.824000,2.765000,"Bloomberg BGN, exported by Charlie",france_italy_1y5y_bbg_2026-10-05.xlsx
2009-06-29,1.027000,3.292000,0.886000,2.764000,"Bloomberg BGN, exported by Charlie",france_italy_1y5y_bbg_2026-10-05.xlsx
2009-06-30,0.999000,3.272000,0.871000,2.776000,"Bloomberg BGN, exported by Charlie",france_italy_1y5y_bbg_2026-10-05.xlsx
2009-07-01,0.985000,3.242000,0.914000,2.786000,"Bloomberg BGN, exported by Charlie",france_italy_1y5y_bbg_2026-10-05.xlsx
2009-07-02,0.902000,3.136000,0.819000,2.678000,"Bloomberg BGN, exported by Charlie",france_italy_1y5y_bbg_2026-10-05.xlsx
2009-07-03,0.883000,3.143000,0.805000,2.700000,"Bloomberg BGN, exported by Charlie",france_italy_1y5y_bbg_2026-10-05.xlsx
2009-07-06,0.882000,3.127000,0.796000,2.666000,"Bloomberg BGN, exported by Charlie",france_italy_1y5y_bbg_2026-10-05.xlsx
2009-07-07,0.874000,3.186000,0.773000,2.690000,"Bloomberg BGN, exported by Charlie",france_italy_1y5y_bbg_2026-10-05.xlsx
2009-07-08,0.861000,3.188000,0.762000,2.673000,"Bloomberg BGN, exported by Charlie",france_italy_1y5y_bbg_2026-10-05.xlsx
2009-07-09,0.866000,3.222000,0.765000,2.712000,"Bloomberg BGN, exported by Charlie",france_italy_1y5y_bbg_2026-10-05.xlsx
2009-07-10,0.860000,3.193000,0.754000,2.666000,"Bloomberg BGN, exported by Charlie",france_italy_1y5y_bbg_2026-10-05.xlsx
2009-07-13,0.852000,3.216000,0.750000,2.682000,"Bloomberg BGN, exported by Charlie",france_italy_1y5y_bbg_2026-10-05.xlsx
2009-07-14,0.857000,3.256000,0.756000,2.721000,"Bloomberg BGN, exported by Charlie",france_italy_1y5y_bbg_2026-10-05.xlsx
2009-07-15,0.909000,3.217000,0.758000,2.777000,"Bloomberg BGN, exported by Charlie",france_italy_1y5y_bbg_2026-10-05.xlsx
2009-07-16,0.864000,3.167000,0.707000,2.711000,"Bloomberg BGN, exported by Charlie",france_italy_1y5y_bbg_2026-10-05.xlsx
2009-07-17,0.871000,3.175000,0.715000,2.765000,"Bloomberg BGN, exported by Charlie",france_italy_1y5y_bbg_2026-10-05.xlsx
2009-07-20,0.868000,3.130000,0.716000,2.770000,"Bloomberg BGN, exported by Charlie",france_italy_1y5y_bbg_2026-10-05.xlsx
2009-07-21,0.845000,3.086000,0.699000,2.721000,"Bloomberg BGN, exported by Charlie",france_italy_1y5y_bbg_2026-10-05.xlsx
2009-07-22,0.864000,3.066000,0.721000,2.726000,"Bloomberg BGN, exported by Charlie",france_italy_1y5y_bbg_2026-10-05.xlsx
2009-07-23,0.880000,3.098000,0.737000,2.764000,"Bloomberg BGN, exported by Charlie",france_italy_1y5y_bbg_2026-10-05.xlsx
2009-07-24,0.872000,3.099000,0.741000,2.779000,"Bloomberg BGN, exported by Charlie",france_italy_1y5y_bbg_2026-10-05.xlsx
2009-07-27,0.886000,3.103000,0.751000,2.788000,"Bloomberg BGN, exported by Charlie",france_italy_1y5y_bbg_2026-10-05.xlsx
2009-07-28,0.867000,3.039000,0.731000,2.722000,"Bloomberg BGN, exported by Charlie",france_italy_1y5y_bbg_2026-10-05.xlsx
2009-07-29,0.852000,3.020000,0.726000,2.714000,"Bloomberg BGN, exported by Charlie",france_italy_1y5y_bbg_2026-10-05.xlsx
2009-07-30,0.841000,3.021000,0.707000,2.723000,"Bloomberg BGN, exported by Charlie",france_italy_1y5y_bbg_2026-10-05.xlsx
2009-07-31,0.809000,2.932000,0.687000,2.610000,"Bloomberg BGN, exported by Charlie",france_italy_1y5y_bbg_2026-10-05.xlsx
2009-08-03,0.857000,2.988000,0.729000,2.697000,"Bloomberg BGN, exported by Charlie",france_italy_1y5y_bbg_2026-10-05.xlsx
2009-08-04,0.893000,3.017000,0.765000,2.730000,"Bloomberg BGN, exported by Charlie",france_italy_1y5y_bbg_2026-10-05.xlsx
2009-08-05,0.918000,3.030000,0.840000,2.740000,"Bloomberg BGN, exported by Charlie",france_italy_1y5y_bbg_2026-10-05.xlsx
2009-08-06,0.917000,3.066000,0.830000,2.784000,"Bloomberg BGN, exported by Charlie",france_italy_1y5y_bbg_2026-10-05.xlsx
2009-08-07,0.964000,3.151000,0.838000,2.923000,"Bloomberg BGN, exported by Charlie",france_italy_1y5y_bbg_2026-10-05.xlsx
2009-08-10,0.933000,3.094000,0.806000,2.857000,"Bloomberg BGN, exported by Charlie",france_italy_1y5y_bbg_2026-10-05.xlsx
2009-08-11,0.909000,3.086000,0.780000,2.808000,"Bloomberg BGN, exported by Charlie",france_italy_1y5y_bbg_2026-10-05.xlsx
2009-08-12,0.954000,3.115000,0.754000,2.792000,"Bloomberg BGN, exported by Charlie",france_italy_1y5y_bbg_2026-10-05.xlsx
2009-08-13,0.912000,3.098000,0.730000,2.738000,"Bloomberg BGN, exported by Charlie",france_italy_1y5y_bbg_2026-10-05.xlsx
2009-08-14,0.889000,3.044000,0.702000,2.638000,"Bloomberg BGN, exported by Charlie",france_italy_1y5y_bbg_2026-10-05.xlsx
2009-08-17,0.903000,3.060000,0.732000,2.649000,"Bloomberg BGN, exported by Charlie",france_italy_1y5y_bbg_2026-10-05.xlsx
2009-08-18,0.906000,3.033000,0.745000,2.646000,"Bloomberg BGN, exported by Charlie",france_italy_1y5y_bbg_2026-10-05.xlsx
2009-08-19,0.884000,3.011000,0.728000,2.611000,"Bloomberg BGN, exported by Charlie",france_italy_1y5y_bbg_2026-10-05.xlsx
2009-08-20,0.868000,2.947000,0.709000,2.597000,"Bloomberg BGN, exported by Charlie",france_italy_1y5y_bbg_2026-10-05.xlsx
2009-08-21,0.899000,3.000000,0.732000,2.687000,"Bloomberg BGN, exported by Charlie",france_italy_1y5y_bbg_2026-10-05.xlsx
2009-08-24,0.874000,2.974000,0.713000,2.655000,"Bloomberg BGN, exported by Charlie",france_italy_1y5y_bbg_2026-10-05.xlsx
2009-08-25,0.865000,2.904000,0.706000,2.623000,"Bloomberg BGN, exported by Charlie",france_italy_1y5y_bbg_2026-10-05.xlsx
2009-08-26,0.852000,2.898000,0.697000,2.587000,"Bloomberg BGN, exported by Charlie",france_italy_1y5y_bbg_2026-10-05.xlsx
2009-08-27,0.830000,2.888000,0.680000,2.586000,"Bloomberg BGN, exported by Charlie",france_italy_1y5y_bbg_2026-10-05.xlsx
2009-08-28,0.827000,2.946000,0.678000,2.586000,"Bloomberg BGN, exported by Charlie",france_italy_1y5y_bbg_2026-10-05.xlsx
2009-08-31,0.814000,2.957000,0.672000,2.593000,"Bloomberg BGN, exported by Charlie",france_italy_1y5y_bbg_2026-10-05.xlsx
2009-09-01,0.807000,2.961000,0.667000,2.560000,"Bloomberg BGN, exported by Charlie",france_italy_1y5y_bbg_2026-10-05.xlsx
2009-09-02,0.816000,2.988000,0.716000,2.555000,"Bloomberg BGN, exported by Charlie",france_italy_1y5y_bbg_2026-10-05.xlsx
2009-09-03,0.772000,3.012000,0.664000,2.557000,"Bloomberg BGN, exported by Charlie",france_italy_1y5y_bbg_2026-10-05.xlsx
2009-09-04,0.735000,3.000000,0.647000,2.553000,"Bloomberg BGN, exported by Charlie",france_italy_1y5y_bbg_2026-10-05.xlsx
2009-09-07,0.702000,2.975000,0.615000,2.536000,"Bloomberg BGN, exported by Charlie",france_italy_1y5y_bbg_2026-10-05.xlsx
2009-09-08,0.707000,2.964000,0.611000,2.561000,"Bloomberg BGN, exported by Charlie",france_italy_1y5y_bbg_2026-10-05.xlsx
2009-09-09,0.732000,2.956000,0.638000,2.599000,"Bloomberg BGN, exported by Charlie",france_italy_1y5y_bbg_2026-10-05.xlsx
2009-09-10,0.731000,2.898000,0.638000,2.521000,"Bloomberg BGN, exported by Charlie",france_italy_1y5y_bbg_2026-10-05.xlsx
2009-09-11,0.733000,2.840000,0.639000,2.486000,"Bloomberg BGN, exported by Charlie",france_italy_1y5y_bbg_2026-10-05.xlsx
2009-09-14,0.748000,2.896000,0.656000,2.534000,"Bloomberg BGN, exported by Charlie",france_italy_1y5y_bbg_2026-10-05.xlsx
2009-09-15,0.761000,2.897000,0.672000,2.559000,"Bloomberg BGN, exported by Charlie",france_italy_1y5y_bbg_2026-10-05.xlsx
2009-09-16,0.820000,2.894000,0.682000,2.586000,"Bloomberg BGN, exported by Charlie",france_italy_1y5y_bbg_2026-10-05.xlsx
2009-09-17,0.845000,2.900000,0.709000,2.611000,"Bloomberg BGN, exported by Charlie",france_italy_1y5y_bbg_2026-10-05.xlsx
2009-09-18,0.832000,2.893000,0.699000,2.622000,"Bloomberg BGN, exported by Charlie",france_italy_1y5y_bbg_2026-10-05.xlsx
2009-09-21,0.820000,2.881000,0.688000,2.599000,"Bloomberg BGN, exported by Charlie",france_italy_1y5y_bbg_2026-10-05.xlsx
2009-09-22,0.803000,2.877000,0.663000,2.614000,"Bloomberg BGN, exported by Charlie",france_italy_1y5y_bbg_2026-10-05.xlsx
2009-09-23,0.782000,2.867000,0.696000,2.592000,"Bloomberg BGN, exported by Charlie",france_italy_1y5y_bbg_2026-10-05.xlsx
2009-09-24,0.775000,2.788000,0.678000,2.517000,"Bloomberg BGN, exported by Charlie",france_italy_1y5y_bbg_2026-10-05.xlsx
2009-09-25,0.786000,2.771000,0.702000,2.502000,"Bloomberg BGN, exported by Charlie",france_italy_1y5y_bbg_2026-10-05.xlsx
2009-09-28,0.789000,2.783000,0.706000,2.508000,"Bloomberg BGN, exported by Charlie",france_italy_1y5y_bbg_2026-10-05.xlsx
2009-09-29,0.791000,2.796000,0.722000,2.498000,"Bloomberg BGN, exported by Charlie",france_italy_1y5y_bbg_2026-10-05.xlsx
2009-09-30,0.814000,2.841000,0.707000,2.519000,"Bloomberg BGN, exported by Charlie",france_italy_1y5y_bbg_2026-10-05.xlsx
2009-10-01,0.810000,2.837000,0.703000,2.496000,"Bloomberg BGN, exported by Charlie",france_italy_1y5y_bbg_2026-10-05.xlsx
2009-10-02,0.810000,2.803000,0.699000,2.464000,"Bloomberg BGN, exported by Charlie",france_italy_1y5y_bbg_2026-10-05.xlsx
2009-10-05,0.802000,2.767000,0.694000,2.460000,"Bloomberg BGN, exported by Charlie",france_italy_1y5y_bbg_2026-10-05.xlsx
2009-10-06,0.817000,2.766000,0.712000,2.478000,"Bloomberg BGN, exported by Charlie",france_italy_1y5y_bbg_2026-10-05.xlsx
2009-10-07,0.866000,2.729000,0.754000,2.450000,"Bloomberg BGN, exported by Charlie",france_italy_1y5y_bbg_2026-10-05.xlsx
2009-10-08,0.871000,2.724000,0.762000,2.448000,"Bloomberg BGN, exported by Charlie",france_italy_1y5y_bbg_2026-10-05.xlsx
2009-10-09,0.924000,2.798000,0.820000,2.559000,"Bloomberg BGN, exported by Charlie",france_italy_1y5y_bbg_2026-10-05.xlsx
2009-10-12,0.896000,2.789000,0.796000,2.532000,"Bloomberg BGN, exported by Charlie",france_italy_1y5y_bbg_2026-10-05.xlsx
2009-10-13,0.883000,2.788000,0.785000,2.520000,"Bloomberg BGN, exported by Charlie",france_italy_1y5y_bbg_2026-10-05.xlsx
2009-10-14,0.946000,2.830000,0.810000,2.574000,"Bloomberg BGN, exported by Charlie",france_italy_1y5y_bbg_2026-10-05.xlsx
2009-10-15,0.966000,2.884000,0.836000,2.640000,"Bloomberg BGN, exported by Charlie",france_italy_1y5y_bbg_2026-10-05.xlsx
2009-10-16,0.959000,2.861000,0.844000,2.634000,"Bloomberg BGN, exported by Charlie",france_italy_1y5y_bbg_2026-10-05.xlsx
2009-10-19,0.975000,2.854000,0.845000,2.623000,"Bloomberg BGN, exported by Charlie",france_italy_1y5y_bbg_2026-10-05.xlsx
2009-10-20,0.961000,2.773000,0.830000,2.552000,"Bloomberg BGN, exported by Charlie",france_italy_1y5y_bbg_2026-10-05.xlsx
2009-10-21,0.967000,2.822000,0.884000,2.602000,"Bloomberg BGN, exported by Charlie",france_italy_1y5y_bbg_2026-10-05.xlsx
2009-10-22,0.945000,2.808000,0.862000,2.575000,"Bloomberg BGN, exported by Charlie",france_italy_1y5y_bbg_2026-10-05.xlsx
2009-10-23,0.948000,2.857000,0.865000,2.612000,"Bloomberg BGN, exported by Charlie",france_italy_1y5y_bbg_2026-10-05.xlsx
2009-10-26,0.925000,2.851000,0.851000,2.614000,"Bloomberg BGN, exported by Charlie",france_italy_1y5y_bbg_2026-10-05.xlsx
2009-10-27,0.889000,2.760000,0.809000,2.522000,"Bloomberg BGN, exported by Charlie",france_italy_1y5y_bbg_2026-10-05.xlsx
2009-10-28,0.875000,2.755000,0.802000,2.515000,"Bloomberg BGN, exported by Charlie",france_italy_1y5y_bbg_2026-10-05.xlsx
2009-10-29,0.928000,2.850000,0.848000,2.601000,"Bloomberg BGN, exported by Charlie",france_italy_1y5y_bbg_2026-10-05.xlsx
2009-10-30,0.908000,2.775000,0.824000,2.517000,"Bloomberg BGN, exported by Charlie",france_italy_1y5y_bbg_2026-10-05.xlsx
2009-11-02,0.918000,2.769000,0.837000,2.517000,"Bloomberg BGN, exported by Charlie",france_italy_1y5y_bbg_2026-10-05.xlsx
2009-11-03,0.905000,2.770000,0.831000,2.523000,"Bloomberg BGN, exported by Charlie",france_italy_1y5y_bbg_2026-10-05.xlsx
2009-11-04,0.912000,2.797000,0.834000,2.561000,"Bloomberg BGN, exported by Charlie",france_italy_1y5y_bbg_2026-10-05.xlsx
2009-11-05,0.893000,2.810000,0.816000,2.586000,"Bloomberg BGN, exported by Charlie",france_italy_1y5y_bbg_2026-10-05.xlsx
2009-11-06,0.855000,2.812000,0.788000,2.584000,"Bloomberg BGN, exported by Charlie",france_italy_1y5y_bbg_2026-10-05.xlsx
2009-11-09,0.846000,2.733000,0.782000,2.532000,"Bloomberg BGN, exported by Charlie",france_italy_1y5y_bbg_2026-10-05.xlsx
2009-11-10,0.842000,2.688000,0.779000,2.509000,"Bloomberg BGN, exported by Charlie",france_italy_1y5y_bbg_2026-10-05.xlsx
2009-11-11,0.891000,2.682000,0.766000,2.511000,"Bloomberg BGN, exported by Charlie",france_italy_1y5y_bbg_2026-10-05.xlsx
2009-11-12,0.876000,2.685000,0.754000,2.519000,"Bloomberg BGN, exported by Charlie",france_italy_1y5y_bbg_2026-10-05.xlsx
2009-11-13,0.871000,2.692000,0.754000,2.521000,"Bloomberg BGN, exported by Charlie",france_italy_1y5y_bbg_2026-10-05.xlsx
2009-11-16,0.872000,2.694000,0.743000,2.499000,"Bloomberg BGN, exported by Charlie",france_italy_1y5y_bbg_2026-10-05.xlsx
2009-11-17,0.887000,2.680000,0.747000,2.474000,"Bloomberg BGN, exported by Charlie",france_italy_1y5y_bbg_2026-10-05.xlsx
2009-11-18,0.883000,2.710000,0.781000,2.488000,"Bloomberg BGN, exported by Charlie",france_italy_1y5y_bbg_2026-10-05.xlsx
2009-11-19,0.885000,2.732000,0.764000,2.473000,"Bloomberg BGN, exported by Charlie",france_italy_1y5y_bbg_2026-10-05.xlsx
2009-11-20,0.918000,2.779000,0.799000,2.498000,"Bloomberg BGN, exported by Charlie",france_italy_1y5y_bbg_2026-10-05.xlsx
2009-11-23,0.957000,2.761000,0.831000,2.523000,"Bloomberg BGN, exported by Charlie",france_italy_1y5y_bbg_2026-10-05.xlsx
2009-11-24,0.951000,2.725000,0.823000,2.470000,"Bloomberg BGN, exported by Charlie",france_italy_1y5y_bbg_2026-10-05.xlsx
2009-11-25,1.008000,2.755000,0.851000,2.481000,"Bloomberg BGN, exported by Charlie",france_italy_1y5y_bbg_2026-10-05.xlsx
2009-11-26,0.947000,2.716000,0.789000,2.369000,"Bloomberg BGN, exported by Charlie",france_italy_1y5y_bbg_2026-10-05.xlsx
2009-11-27,0.966000,2.732000,0.795000,2.383000,"Bloomberg BGN, exported by Charlie",france_italy_1y5y_bbg_2026-10-05.xlsx
2009-11-30,0.980000,2.711000,0.817000,2.366000,"Bloomberg BGN, exported by Charlie",france_italy_1y5y_bbg_2026-10-05.xlsx
2009-12-01,0.955000,2.646000,0.801000,2.355000,"Bloomberg BGN, exported by Charlie",france_italy_1y5y_bbg_2026-10-05.xlsx
2009-12-02,0.949000,2.649000,0.796000,2.343000,"Bloomberg BGN, exported by Charlie",france_italy_1y5y_bbg_2026-10-05.xlsx
2009-12-03,0.936000,2.674000,0.781000,2.387000,"Bloomberg BGN, exported by Charlie",france_italy_1y5y_bbg_2026-10-05.xlsx
2009-12-04,0.945000,2.704000,0.803000,2.461000,"Bloomberg BGN, exported by Charlie",france_italy_1y5y_bbg_2026-10-05.xlsx
2009-12-07,0.932000,2.691000,0.783000,2.411000,"Bloomberg BGN, exported by Charlie",france_italy_1y5y_bbg_2026-10-05.xlsx
2009-12-08,0.921000,2.649000,0.751000,2.336000,"Bloomberg BGN, exported by Charlie",france_italy_1y5y_bbg_2026-10-05.xlsx
2009-12-09,0.976000,2.716000,0.757000,2.337000,"Bloomberg BGN, exported by Charlie",france_italy_1y5y_bbg_2026-10-05.xlsx
2009-12-10,1.021000,2.739000,0.794000,2.386000,"Bloomberg BGN, exported by Charlie",france_italy_1y5y_bbg_2026-10-05.xlsx
2009-12-11,1.038000,2.731000,,2.394000,"Bloomberg BGN, exported by Charlie",france_italy_1y5y_bbg_2026-10-05.xlsx
2009-12-14,1.015000,2.700000,0.838000,2.362000,"Bloomberg BGN, exported by Charlie",france_italy_1y5y_bbg_2026-10-05.xlsx
2009-12-15,1.016000,2.732000,0.856000,2.397000,"Bloomberg BGN, exported by Charlie",france_italy_1y5y_bbg_2026-10-05.xlsx
2009-12-16,0.956000,2.646000,0.807000,2.332000,"Bloomberg BGN, exported by Charlie",france_italy_1y5y_bbg_2026-10-05.xlsx
2009-12-17,0.893000,2.595000,0.773000,2.271000,"Bloomberg BGN, exported by Charlie",france_italy_1y5y_bbg_2026-10-05.xlsx
2009-12-18,0.873000,2.635000,0.771000,2.281000,"Bloomberg BGN, exported by Charlie",france_italy_1y5y_bbg_2026-10-05.xlsx
2009-12-21,0.892000,2.663000,0.788000,2.315000,"Bloomberg BGN, exported by Charlie",france_italy_1y5y_bbg_2026-10-05.xlsx
2009-12-22,0.896000,2.629000,0.798000,2.347000,"Bloomberg BGN, exported by Charlie",france_italy_1y5y_bbg_2026-10-05.xlsx
2009-12-23,0.899000,2.644000,0.792000,2.368000,"Bloomberg BGN, exported by Charlie",france_italy_1y5y_bbg_2026-10-05.xlsx
2009-12-24,0.901000,2.644000,0.796000,2.368000,"Bloomberg BGN, exported by Charlie",france_italy_1y5y_bbg_2026-10-05.xlsx
2009-12-28,0.910000,2.675000,0.803000,2.402000,"Bloomberg BGN, exported by Charlie",france_italy_1y5y_bbg_2026-10-05.xlsx
2009-12-29,0.897000,2.751000,0.820000,2.442000,"Bloomberg BGN, exported by Charlie",france_italy_1y5y_bbg_2026-10-05.xlsx
2009-12-30,0.911000,2.801000,0.815000,2.475000,"Bloomberg BGN, exported by Charlie",france_italy_1y5y_bbg_2026-10-05.xlsx
2009-12-31,0.915000,2.802000,0.823000,2.479000,"Bloomberg BGN, exported by Charlie",france_italy_1y5y_bbg_2026-10-05.xlsx
2010-01-04,0.870000,2.788000,0.814000,2.484000,"Bloomberg BGN, exported by Charlie",france_italy_1y5y_bbg_2026-10-05.xlsx
2010-01-05,0.848000,2.785000,0.782000,2.473000,"Bloomberg BGN, exported by Charlie",france_italy_1y5y_bbg_2026-10-05.xlsx
2010-01-06,0.848000,2.804000,0.765000,2.489000,"Bloomberg BGN, exported by Charlie",france_italy_1y5y_bbg_2026-10-05.xlsx
2010-01-07,0.776000,2.762000,0.724000,2.459000,"Bloomberg BGN, exported by Charlie",france_italy_1y5y_bbg_2026-10-05.xlsx
2010-01-08,0.771000,2.738000,0.702000,2.447000,"Bloomberg BGN, exported by Charlie",france_italy_1y5y_bbg_2026-10-05.xlsx
2010-01-11,0.763000,2.716000,0.690000,2.412000,"Bloomberg BGN, exported by Charlie",france_italy_1y5y_bbg_2026-10-05.xlsx
2010-01-12,0.735000,2.702000,0.675000,2.385000,"Bloomberg BGN, exported by Charlie",france_italy_1y5y_bbg_2026-10-05.xlsx
2010-01-13,0.830000,2.698000,0.720000,2.366000,"Bloomberg BGN, exported by Charlie",france_italy_1y5y_bbg_2026-10-05.xlsx
2010-01-14,0.812000,2.711000,0.690000,2.356000,"Bloomberg BGN, exported by Charlie",france_italy_1y5y_bbg_2026-10-05.xlsx
2010-01-15,0.819000,2.676000,0.675000,2.331000,"Bloomberg BGN, exported by Charlie",france_italy_1y5y_bbg_2026-10-05.xlsx
2010-01-18,0.810000,2.667000,0.666000,2.333000,"Bloomberg BGN, exported by Charlie",france_italy_1y5y_bbg_2026-10-05.xlsx
2010-01-19,0.830000,2.695000,0.693000,2.363000,"Bloomberg BGN, exported by Charlie",france_italy_1y5y_bbg_2026-10-05.xlsx
2010-01-20,0.851000,3.005000,0.684000,2.311000,"Bloomberg BGN, exported by Charlie",france_italy_1y5y_bbg_2026-10-05.xlsx
2010-01-21,0.820000,2.963000,0.667000,2.280000,"Bloomberg BGN, exported by Charlie",france_italy_1y5y_bbg_2026-10-05.xlsx
2010-01-22,0.825000,2.954000,0.671000,2.469000,"Bloomberg BGN, exported by Charlie",france_italy_1y5y_bbg_2026-10-05.xlsx
2010-01-25,0.809000,2.895000,0.651000,2.448000,"Bloomberg BGN, exported by Charlie",france_italy_1y5y_bbg_2026-10-05.xlsx
2010-01-26,0.818000,2.873000,0.666000,2.424000,"Bloomberg BGN, exported by Charlie",france_italy_1y5y_bbg_2026-10-05.xlsx
2010-01-27,0.902000,2.925000,0.681000,2.431000,"Bloomberg BGN, exported by Charlie",france_italy_1y5y_bbg_2026-10-05.xlsx
2010-01-28,0.946000,3.055000,0.674000,2.443000,"Bloomberg BGN, exported by Charlie",france_italy_1y5y_bbg_2026-10-05.xlsx
2010-01-29,1.050000,3.045000,0.674000,2.438000,"Bloomberg BGN, exported by Charlie",france_italy_1y5y_bbg_2026-10-05.xlsx
2010-02-01,0.999000,2.972000,0.670000,2.425000,"Bloomberg BGN, exported by Charlie",france_italy_1y5y_bbg_2026-10-05.xlsx
2010-02-02,0.991000,2.956000,0.665000,2.428000,"Bloomberg BGN, exported by Charlie",france_italy_1y5y_bbg_2026-10-05.xlsx
2010-02-03,1.002000,2.966000,0.665000,2.444000,"Bloomberg BGN, exported by Charlie",france_italy_1y5y_bbg_2026-10-05.xlsx
2010-02-04,1.061000,3.001000,0.629000,2.392000,"Bloomberg BGN, exported by Charlie",france_italy_1y5y_bbg_2026-10-05.xlsx
2010-02-05,1.131000,3.018000,0.619000,2.344000,"Bloomberg BGN, exported by Charlie",france_italy_1y5y_bbg_2026-10-05.xlsx
2010-02-08,1.086000,3.057000,0.634000,2.365000,"Bloomberg BGN, exported by Charlie",france_italy_1y5y_bbg_2026-10-05.xlsx
2010-02-09,1.009000,2.976000,0.616000,2.392000,"Bloomberg BGN, exported by Charlie",france_italy_1y5y_bbg_2026-10-05.xlsx
2010-02-10,1.041000,2.894000,0.652000,2.403000,"Bloomberg BGN, exported by Charlie",france_italy_1y5y_bbg_2026-10-05.xlsx
2010-02-11,0.992000,2.904000,0.632000,2.426000,"Bloomberg BGN, exported by Charlie",france_italy_1y5y_bbg_2026-10-05.xlsx
2010-02-12,0.997000,2.914000,0.609000,2.376000,"Bloomberg BGN, exported by Charlie",france_italy_1y5y_bbg_2026-10-05.xlsx
2010-02-15,0.972000,2.915000,0.602000,2.395000,"Bloomberg BGN, exported by Charlie",france_italy_1y5y_bbg_2026-10-05.xlsx
2010-02-16,0.972000,2.899000,0.606000,2.397000,"Bloomberg BGN, exported by Charlie",france_italy_1y5y_bbg_2026-10-05.xlsx
2010-02-17,0.950000,2.862000,0.591000,2.382000,"Bloomberg BGN, exported by Charlie",france_italy_1y5y_bbg_2026-10-05.xlsx
2010-02-18,0.950000,2.881000,0.599000,2.413000,"Bloomberg BGN, exported by Charlie",france_italy_1y5y_bbg_2026-10-05.xlsx
2010-02-19,0.950000,2.891000,0.620000,2.424000,"Bloomberg BGN, exported by Charlie",france_italy_1y5y_bbg_2026-10-05.xlsx
2010-02-22,0.941000,2.888000,0.610000,2.408000,"Bloomberg BGN, exported by Charlie",france_italy_1y5y_bbg_2026-10-05.xlsx
2010-02-23,0.931000,2.836000,0.592000,2.307000,"Bloomberg BGN, exported by Charlie",france_italy_1y5y_bbg_2026-10-05.xlsx
2010-02-24,0.916000,2.852000,0.572000,2.299000,"Bloomberg BGN, exported by Charlie",france_italy_1y5y_bbg_2026-10-05.xlsx
2010-02-25,0.917000,2.886000,0.548000,2.271000,"Bloomberg BGN, exported by Charlie",france_italy_1y5y_bbg_2026-10-05.xlsx
2010-02-26,0.898000,2.852000,0.558000,2.278000,"Bloomberg BGN, exported by Charlie",france_italy_1y5y_bbg_2026-10-05.xlsx
2010-03-01,0.888000,2.785000,0.567000,2.258000,"Bloomberg BGN, exported by Charlie",france_italy_1y5y_bbg_2026-10-05.xlsx
2010-03-02,0.890000,2.782000,0.569000,2.267000,"Bloomberg BGN, exported by Charlie",france_italy_1y5y_bbg_2026-10-05.xlsx
2010-03-03,0.881000,2.788000,0.581000,2.285000,"Bloomberg BGN, exported by Charlie",france_italy_1y5y_bbg_2026-10-05.xlsx
2010-03-04,0.854000,2.781000,0.574000,2.272000,"Bloomberg BGN, exported by Charlie",france_italy_1y5y_bbg_2026-10-05.xlsx
2010-03-05,0.854000,2.785000,0.586000,2.308000,"Bloomberg BGN, exported by Charlie",france_italy_1y5y_bbg_2026-10-05.xlsx
2010-03-08,0.847000,2.801000,0.579000,2.312000,"Bloomberg BGN, exported by Charlie",france_italy_1y5y_bbg_2026-10-05.xlsx
2010-03-09,0.862000,2.784000,0.580000,2.286000,"Bloomberg BGN, exported by Charlie",france_italy_1y5y_bbg_2026-10-05.xlsx
2010-03-10,0.937000,2.769000,0.609000,2.305000,"Bloomberg BGN, exported by Charlie",france_italy_1y5y_bbg_2026-10-05.xlsx
2010-03-11,0.938000,2.801000,0.618000,2.339000,"Bloomberg BGN, exported by Charlie",france_italy_1y5y_bbg_2026-10-05.xlsx
2010-03-12,0.942000,2.789000,0.633000,2.344000,"Bloomberg BGN, exported by Charlie",france_italy_1y5y_bbg_2026-10-05.xlsx
2010-03-15,0.930000,2.782000,0.622000,2.334000,"Bloomberg BGN, exported by Charlie",france_italy_1y5y_bbg_2026-10-05.xlsx
2010-03-16,0.908000,2.761000,0.621000,2.308000,"Bloomberg BGN, exported by Charlie",france_italy_1y5y_bbg_2026-10-05.xlsx
2010-03-17,0.882000,2.727000,0.613000,2.265000,"Bloomberg BGN, exported by Charlie",france_italy_1y5y_bbg_2026-10-05.xlsx
2010-03-18,0.913000,2.745000,0.624000,2.286000,"Bloomberg BGN, exported by Charlie",france_italy_1y5y_bbg_2026-10-05.xlsx
2010-03-19,0.918000,2.756000,0.633000,2.283000,"Bloomberg BGN, exported by Charlie",france_italy_1y5y_bbg_2026-10-05.xlsx
2010-03-22,0.917000,2.749000,0.613000,2.258000,"Bloomberg BGN, exported by Charlie",france_italy_1y5y_bbg_2026-10-05.xlsx
2010-03-23,0.892000,2.723000,0.603000,2.243000,"Bloomberg BGN, exported by Charlie",france_italy_1y5y_bbg_2026-10-05.xlsx
2010-03-24,0.870000,2.731000,0.603000,2.271000,"Bloomberg BGN, exported by Charlie",france_italy_1y5y_bbg_2026-10-05.xlsx
2010-03-25,0.859000,2.745000,0.596000,2.324000,"Bloomberg BGN, exported by Charlie",france_italy_1y5y_bbg_2026-10-05.xlsx
2010-03-26,0.861000,2.723000,0.610000,2.321000,"Bloomberg BGN, exported by Charlie",france_italy_1y5y_bbg_2026-10-05.xlsx
2010-03-29,0.856000,2.713000,0.608000,2.293000,"Bloomberg BGN, exported by Charlie",france_italy_1y5y_bbg_2026-10-05.xlsx
2010-03-30,0.859000,2.703000,0.614000,2.291000,"Bloomberg BGN, exported by Charlie",france_italy_1y5y_bbg_2026-10-05.xlsx
2010-03-31,0.872000,2.701000,0.618000,2.268000,"Bloomberg BGN, exported by Charlie",france_italy_1y5y_bbg_2026-10-05.xlsx
2010-04-01,0.886000,2.676000,0.639000,2.262000,"Bloomberg BGN, exported by Charlie",france_italy_1y5y_bbg_2026-10-05.xlsx
2010-04-06,0.907000,2.740000,0.657000,2.319000,"Bloomberg BGN, exported by Charlie",france_italy_1y5y_bbg_2026-10-05.xlsx
2010-04-07,0.888000,2.731000,0.662000,2.278000,"Bloomberg BGN, exported by Charlie",france_italy_1y5y_bbg_2026-10-05.xlsx
2010-04-08,0.881000,2.716000,0.630000,2.245000,"Bloomberg BGN, exported by Charlie",france_italy_1y5y_bbg_2026-10-05.xlsx
2010-04-09,0.899000,2.699000,0.659000,2.299000,"Bloomberg BGN, exported by Charlie",france_italy_1y5y_bbg_2026-10-05.xlsx
2010-04-12,0.916000,2.688000,0.677000,2.308000,"Bloomberg BGN, exported by Charlie",france_italy_1y5y_bbg_2026-10-05.xlsx
2010-04-13,0.904000,2.695000,0.666000,2.284000,"Bloomberg BGN, exported by Charlie",france_italy_1y5y_bbg_2026-10-05.xlsx
2010-04-14,0.951000,2.702000,0.645000,2.274000,"Bloomberg BGN, exported by Charlie",france_italy_1y5y_bbg_2026-10-05.xlsx
2010-04-15,0.951000,2.684000,0.635000,2.265000,"Bloomberg BGN, exported by Charlie",france_italy_1y5y_bbg_2026-10-05.xlsx
2010-04-16,0.920000,2.645000,0.606000,2.210000,"Bloomberg BGN, exported by Charlie",france_italy_1y5y_bbg_2026-10-05.xlsx
2010-04-19,0.911000,2.654000,0.603000,2.208000,"Bloomberg BGN, exported by Charlie",france_italy_1y5y_bbg_2026-10-05.xlsx
2010-04-20,0.918000,2.663000,0.601000,2.228000,"Bloomberg BGN, exported by Charlie",france_italy_1y5y_bbg_2026-10-05.xlsx
2010-04-21,0.917000,2.672000,0.600000,2.210000,"Bloomberg BGN, exported by Charlie",france_italy_1y5y_bbg_2026-10-05.xlsx
2010-04-22,0.952000,2.737000,0.582000,2.211000,"Bloomberg BGN, exported by Charlie",france_italy_1y5y_bbg_2026-10-05.xlsx
2010-04-23,0.961000,2.754000,0.603000,2.228000,"Bloomberg BGN, exported by Charlie",france_italy_1y5y_bbg_2026-10-05.xlsx
2010-04-26,1.021000,2.796000,0.597000,2.208000,"Bloomberg BGN, exported by Charlie",france_italy_1y5y_bbg_2026-10-05.xlsx
2010-04-27,1.163000,2.920000,0.598000,2.131000,"Bloomberg BGN, exported by Charlie",france_italy_1y5y_bbg_2026-10-05.xlsx
2010-04-28,1.159000,3.010000,0.602000,2.143000,"Bloomberg BGN, exported by Charlie",france_italy_1y5y_bbg_2026-10-05.xlsx
2010-04-29,1.089000,2.888000,0.586000,2.154000,"Bloomberg BGN, exported by Charlie",france_italy_1y5y_bbg_2026-10-05.xlsx
2010-04-30,1.088000,2.799000,0.588000,2.101000,"Bloomberg BGN, exported by Charlie",france_italy_1y5y_bbg_2026-10-05.xlsx
2010-05-03,1.016000,2.772000,0.601000,2.138000,"Bloomberg BGN, exported by Charlie",france_italy_1y5y_bbg_2026-10-05.xlsx
2010-05-04,1.106000,2.839000,0.563000,2.016000,"Bloomberg BGN, exported by Charlie",france_italy_1y5y_bbg_2026-10-05.xlsx
2010-05-05,1.228000,3.005000,0.506000,1.915000,"Bloomberg BGN, exported by Charlie",france_italy_1y5y_bbg_2026-10-05.xlsx
2010-05-06,1.479000,3.239000,0.407000,1.796000,"Bloomberg BGN, exported by Charlie",france_italy_1y5y_bbg_2026-10-05.xlsx
2010-05-07,1.495000,3.247000,0.383000,1.829000,"Bloomberg BGN, exported by Charlie",france_italy_1y5y_bbg_2026-10-05.xlsx
2010-05-10,1.060000,2.735000,0.384000,1.897000,"Bloomberg BGN, exported by Charlie",france_italy_1y5y_bbg_2026-10-05.xlsx
2010-05-11,1.303000,2.693000,0.402000,1.901000,"Bloomberg BGN, exported by Charlie",france_italy_1y5y_bbg_2026-10-05.xlsx
2010-05-12,1.276000,2.693000,0.379000,1.894000,"Bloomberg BGN, exported by Charlie",france_italy_1y5y_bbg_2026-10-05.xlsx
2010-05-13,1.226000,2.622000,0.361000,1.871000,"Bloomberg BGN, exported by Charlie",france_italy_1y5y_bbg_2026-10-05.xlsx
2010-05-14,1.269000,2.696000,0.383000,1.805000,"Bloomberg BGN, exported by Charlie",france_italy_1y5y_bbg_2026-10-05.xlsx
2010-05-17,1.278000,2.681000,0.380000,1.831000,"Bloomberg BGN, exported by Charlie",france_italy_1y5y_bbg_2026-10-05.xlsx
2010-05-18,1.239000,2.586000,0.381000,1.795000,"Bloomberg BGN, exported by Charlie",france_italy_1y5y_bbg_2026-10-05.xlsx
2010-05-19,1.211000,2.591000,0.385000,1.738000,"Bloomberg BGN, exported by Charlie",france_italy_1y5y_bbg_2026-10-05.xlsx
2010-05-20,1.262000,2.672000,0.363000,1.658000,"Bloomberg BGN, exported by Charlie",france_italy_1y5y_bbg_2026-10-05.xlsx
2010-05-21,1.267000,2.656000,0.385000,1.681000,"Bloomberg BGN, exported by Charlie",france_italy_1y5y_bbg_2026-10-05.xlsx
2010-05-24,1.266000,2.655000,0.383000,1.670000,"Bloomberg BGN, exported by Charlie",france_italy_1y5y_bbg_2026-10-05.xlsx
2010-05-25,1.341000,2.772000,0.368000,1.592000,"Bloomberg BGN, exported by Charlie",france_italy_1y5y_bbg_2026-10-05.xlsx
2010-05-26,1.318000,2.900000,0.361000,1.664000,"Bloomberg BGN, exported by Charlie",france_italy_1y5y_bbg_2026-10-05.xlsx
2010-05-27,1.340000,2.993000,0.359000,1.738000,"Bloomberg BGN, exported by Charlie",france_italy_1y5y_bbg_2026-10-05.xlsx
2010-05-28,1.283000,2.969000,0.364000,1.733000,"Bloomberg BGN, exported by Charlie",france_italy_1y5y_bbg_2026-10-05.xlsx
2010-05-31,1.279000,2.976000,0.362000,1.719000,"Bloomberg BGN, exported by Charlie",france_italy_1y5y_bbg_2026-10-05.xlsx
2010-06-01,1.277000,2.999000,0.384000,1.737000,"Bloomberg BGN, exported by Charlie",france_italy_1y5y_bbg_2026-10-05.xlsx
2010-06-02,1.279000,3.137000,0.390000,1.751000,"Bloomberg BGN, exported by Charlie",france_italy_1y5y_bbg_2026-10-05.xlsx
2010-06-03,1.264000,3.185000,0.386000,1.785000,"Bloomberg BGN, exported by Charlie",france_italy_1y5y_bbg_2026-10-05.xlsx
2010-06-04,1.278000,3.176000,0.396000,1.768000,"Bloomberg BGN, exported by Charlie",france_italy_1y5y_bbg_2026-10-05.xlsx
2010-06-07,1.339000,3.286000,0.394000,1.840000,"Bloomberg BGN, exported by Charlie",france_italy_1y5y_bbg_2026-10-05.xlsx
2010-06-08,1.395000,3.240000,0.385000,1.819000,"Bloomberg BGN, exported by Charlie",france_italy_1y5y_bbg_2026-10-05.xlsx
2010-06-09,1.472000,3.029000,0.388000,1.783000,"Bloomberg BGN, exported by Charlie",france_italy_1y5y_bbg_2026-10-05.xlsx
2010-06-10,1.347000,2.848000,0.389000,1.819000,"Bloomberg BGN, exported by Charlie",france_italy_1y5y_bbg_2026-10-05.xlsx
2010-06-11,1.331000,2.894000,0.389000,1.780000,"Bloomberg BGN, exported by Charlie",france_italy_1y5y_bbg_2026-10-05.xlsx
2010-06-14,1.322000,2.947000,0.422000,1.865000,"Bloomberg BGN, exported by Charlie",france_italy_1y5y_bbg_2026-10-05.xlsx
2010-06-15,1.240000,2.945000,0.429000,1.879000,"Bloomberg BGN, exported by Charlie",france_italy_1y5y_bbg_2026-10-05.xlsx
2010-06-16,1.235000,2.935000,0.419000,1.898000,"Bloomberg BGN, exported by Charlie",france_italy_1y5y_bbg_2026-10-05.xlsx
2010-06-17,1.212000,2.871000,0.438000,1.856000,"Bloomberg BGN, exported by Charlie",france_italy_1y5y_bbg_2026-10-05.xlsx
2010-06-18,1.181000,2.825000,0.453000,2.082000,"Bloomberg BGN, exported by Charlie",france_italy_1y5y_bbg_2026-10-05.xlsx
2010-06-21,1.188000,2.802000,0.503000,2.066000,"Bloomberg BGN, exported by Charlie",france_italy_1y5y_bbg_2026-10-05.xlsx
2010-06-22,1.191000,2.854000,0.492000,2.040000,"Bloomberg BGN, exported by Charlie",france_italy_1y5y_bbg_2026-10-05.xlsx
2010-06-23,1.217000,2.905000,0.498000,2.040000,"Bloomberg BGN, exported by Charlie",france_italy_1y5y_bbg_2026-10-05.xlsx
2010-06-24,1.219000,2.900000,0.491000,1.989000,"Bloomberg BGN, exported by Charlie",france_italy_1y5y_bbg_2026-10-05.xlsx
2010-06-25,1.259000,2.934000,0.526000,2.038000,"Bloomberg BGN, exported by Charlie",france_italy_1y5y_bbg_2026-10-05.xlsx
2010-06-28,1.279000,3.012000,0.575000,2.056000,"Bloomberg BGN, exported by Charlie",france_italy_1y5y_bbg_2026-10-05.xlsx
2010-06-29,1.275000,3.020000,0.548000,1.991000,"Bloomberg BGN, exported by Charlie",france_italy_1y5y_bbg_2026-10-05.xlsx
2010-06-30,1.278000,2.995000,0.587000,1.987000,"Bloomberg BGN, exported by Charlie",france_italy_1y5y_bbg_2026-10-05.xlsx
2010-07-01,1.297000,2.990000,0.602000,1.965000,"Bloomberg BGN, exported by Charlie",france_italy_1y5y_bbg_2026-10-05.xlsx
2010-07-02,1.282000,2.913000,0.574000,1.931000,"Bloomberg BGN, exported by Charlie",france_italy_1y5y_bbg_2026-10-05.xlsx
2010-07-05,1.268000,2.889000,0.551000,1.863000,"Bloomberg BGN, exported by Charlie",france_italy_1y5y_bbg_2026-10-05.xlsx
2010-07-06,1.282000,2.930000,0.573000,1.895000,"Bloomberg BGN, exported by Charlie",france_italy_1y5y_bbg_2026-10-05.xlsx
2010-07-07,,2.944000,0.616000,1.909000,"Bloomberg BGN, exported by Charlie",france_italy_1y5y_bbg_2026-10-05.xlsx
2010-07-08,,2.882000,0.686000,1.930000,"Bloomberg BGN, exported by Charlie",france_italy_1y5y_bbg_2026-10-05.xlsx
2010-07-09,1.453000,2.851000,0.674000,1.931000,"Bloomberg BGN, exported by Charlie",france_italy_1y5y_bbg_2026-10-05.xlsx
2010-07-12,1.452000,2.863000,0.629000,1.894000,"Bloomberg BGN, exported by Charlie",france_italy_1y5y_bbg_2026-10-05.xlsx
2010-07-13,1.451000,2.903000,0.676000,1.924000,"Bloomberg BGN, exported by Charlie",france_italy_1y5y_bbg_2026-10-05.xlsx
2010-07-14,1.430000,2.984000,0.688000,1.974000,"Bloomberg BGN, exported by Charlie",france_italy_1y5y_bbg_2026-10-05.xlsx
2010-07-15,1.432000,2.980000,0.722000,1.983000,"Bloomberg BGN, exported by Charlie",france_italy_1y5y_bbg_2026-10-05.xlsx
2010-07-16,1.418000,2.913000,0.741000,1.939000,"Bloomberg BGN, exported by Charlie",france_italy_1y5y_bbg_2026-10-05.xlsx
2010-07-19,1.443000,2.888000,0.763000,2.006000,"Bloomberg BGN, exported by Charlie",france_italy_1y5y_bbg_2026-10-05.xlsx
2010-07-20,1.415000,2.828000,0.734000,1.976000,"Bloomberg BGN, exported by Charlie",france_italy_1y5y_bbg_2026-10-05.xlsx
2010-07-21,1.413000,2.815000,0.690000,1.951000,"Bloomberg BGN, exported by Charlie",france_italy_1y5y_bbg_2026-10-05.xlsx
2010-07-22,1.417000,2.817000,0.652000,1.950000,"Bloomberg BGN, exported by Charlie",france_italy_1y5y_bbg_2026-10-05.xlsx
2010-07-23,1.419000,2.829000,0.671000,1.976000,"Bloomberg BGN, exported by Charlie",france_italy_1y5y_bbg_2026-10-05.xlsx
2010-07-26,1.422000,2.805000,0.699000,2.025000,"Bloomberg BGN, exported by Charlie",france_italy_1y5y_bbg_2026-10-05.xlsx
2010-07-27,1.418000,2.764000,0.702000,2.035000,"Bloomberg BGN, exported by Charlie",france_italy_1y5y_bbg_2026-10-05.xlsx
2010-07-28,1.391000,2.742000,0.716000,2.005000,"Bloomberg BGN, exported by Charlie",france_italy_1y5y_bbg_2026-10-05.xlsx
2010-07-29,1.375000,2.766000,0.700000,1.987000,"Bloomberg BGN, exported by Charlie",france_italy_1y5y_bbg_2026-10-05.xlsx
2010-07-30,1.367000,2.753000,0.687000,1.944000,"Bloomberg BGN, exported by Charlie",france_italy_1y5y_bbg_2026-10-05.xlsx
2010-08-02,1.355000,2.727000,0.692000,1.967000,"Bloomberg BGN, exported by Charlie",france_italy_1y5y_bbg_2026-10-05.xlsx
2010-08-03,1.325000,2.671000,0.687000,1.874000,"Bloomberg BGN, exported by Charlie",france_italy_1y5y_bbg_2026-10-05.xlsx
2010-08-04,1.331000,2.660000,0.698000,1.876000,"Bloomberg BGN, exported by Charlie",france_italy_1y5y_bbg_2026-10-05.xlsx
2010-08-05,1.343000,2.640000,0.707000,1.841000,"Bloomberg BGN, exported by Charlie",france_italy_1y5y_bbg_2026-10-05.xlsx
2010-08-06,1.337000,2.595000,0.722000,1.796000,"Bloomberg BGN, exported by Charlie",france_italy_1y5y_bbg_2026-10-05.xlsx
2010-08-09,1.335000,2.608000,0.706000,1.786000,"Bloomberg BGN, exported by Charlie",france_italy_1y5y_bbg_2026-10-05.xlsx
2010-08-10,1.337000,2.709000,0.689000,1.786000,"Bloomberg BGN, exported by Charlie",france_italy_1y5y_bbg_2026-10-05.xlsx
2010-08-11,1.386000,2.657000,0.634000,1.698000,"Bloomberg BGN, exported by Charlie",france_italy_1y5y_bbg_2026-10-05.xlsx
2010-08-12,1.346000,2.683000,0.609000,1.697000,"Bloomberg BGN, exported by Charlie",france_italy_1y5y_bbg_2026-10-05.xlsx
2010-08-13,1.341000,2.714000,0.595000,1.702000,"Bloomberg BGN, exported by Charlie",france_italy_1y5y_bbg_2026-10-05.xlsx
2010-08-16,1.345000,2.701000,0.587000,1.678000,"Bloomberg BGN, exported by Charlie",france_italy_1y5y_bbg_2026-10-05.xlsx
2010-08-17,1.340000,2.635000,0.613000,1.703000,"Bloomberg BGN, exported by Charlie",france_italy_1y5y_bbg_2026-10-05.xlsx
2010-08-18,1.328000,2.562000,0.617000,1.661000,"Bloomberg BGN, exported by Charlie",france_italy_1y5y_bbg_2026-10-05.xlsx
2010-08-19,1.318000,2.590000,0.619000,1.646000,"Bloomberg BGN, exported by Charlie",france_italy_1y5y_bbg_2026-10-05.xlsx
2010-08-20,1.281000,2.583000,0.575000,1.629000,"Bloomberg BGN, exported by Charlie",france_italy_1y5y_bbg_2026-10-05.xlsx
2010-08-23,1.266000,2.580000,0.564000,1.633000,"Bloomberg BGN, exported by Charlie",france_italy_1y5y_bbg_2026-10-05.xlsx
2010-08-24,1.255000,2.598000,0.558000,1.572000,"Bloomberg BGN, exported by Charlie",france_italy_1y5y_bbg_2026-10-05.xlsx
2010-08-25,1.290000,2.636000,0.576000,1.569000,"Bloomberg BGN, exported by Charlie",france_italy_1y5y_bbg_2026-10-05.xlsx
2010-08-26,1.297000,2.634000,0.574000,1.568000,"Bloomberg BGN, exported by Charlie",france_italy_1y5y_bbg_2026-10-05.xlsx
2010-08-27,1.318000,2.676000,0.584000,1.624000,"Bloomberg BGN, exported by Charlie",france_italy_1y5y_bbg_2026-10-05.xlsx
2010-08-30,1.310000,2.704000,0.574000,1.548000,"Bloomberg BGN, exported by Charlie",france_italy_1y5y_bbg_2026-10-05.xlsx
2010-08-31,1.272000,2.673000,0.559000,1.544000,"Bloomberg BGN, exported by Charlie",france_italy_1y5y_bbg_2026-10-05.xlsx
2010-09-01,1.265000,2.640000,0.571000,1.607000,"Bloomberg BGN, exported by Charlie",france_italy_1y5y_bbg_2026-10-05.xlsx
2010-09-02,1.230000,2.626000,0.570000,1.611000,"Bloomberg BGN, exported by Charlie",france_italy_1y5y_bbg_2026-10-05.xlsx
2010-09-03,1.239000,2.625000,0.588000,1.636000,"Bloomberg BGN, exported by Charlie",france_italy_1y5y_bbg_2026-10-05.xlsx
2010-09-06,1.264000,2.655000,0.584000,1.641000,"Bloomberg BGN, exported by Charlie",france_italy_1y5y_bbg_2026-10-05.xlsx
2010-09-07,1.346000,2.682000,0.570000,1.577000,"Bloomberg BGN, exported by Charlie",france_italy_1y5y_bbg_2026-10-05.xlsx
2010-09-08,,2.697000,0.578000,1.627000,"Bloomberg BGN, exported by Charlie",france_italy_1y5y_bbg_2026-10-05.xlsx
2010-09-09,1.504000,2.701000,0.596000,1.681000,"Bloomberg BGN, exported by Charlie",france_italy_1y5y_bbg_2026-10-05.xlsx
2010-09-10,1.475000,2.743000,0.620000,1.751000,"Bloomberg BGN, exported by Charlie",france_italy_1y5y_bbg_2026-10-05.xlsx
2010-09-13,1.466000,2.744000,0.627000,1.764000,"Bloomberg BGN, exported by Charlie",france_italy_1y5y_bbg_2026-10-05.xlsx
2010-09-14,1.458000,2.729000,0.615000,1.740000,"Bloomberg BGN, exported by Charlie",france_italy_1y5y_bbg_2026-10-05.xlsx
2010-09-15,1.459000,2.737000,0.632000,1.781000,"Bloomberg BGN, exported by Charlie",france_italy_1y5y_bbg_2026-10-05.xlsx
2010-09-16,1.469000,2.778000,0.643000,1.841000,"Bloomberg BGN, exported by Charlie",france_italy_1y5y_bbg_2026-10-05.xlsx
2010-09-17,1.471000,2.802000,0.645000,1.808000,"Bloomberg BGN, exported by Charlie",france_italy_1y5y_bbg_2026-10-05.xlsx
2010-09-20,1.505000,2.861000,0.656000,1.843000,"Bloomberg BGN, exported by Charlie",france_italy_1y5y_bbg_2026-10-05.xlsx
2010-09-21,1.491000,2.837000,0.660000,1.827000,"Bloomberg BGN, exported by Charlie",france_italy_1y5y_bbg_2026-10-05.xlsx
2010-09-22,1.466000,2.793000,0.667000,1.739000,"Bloomberg BGN, exported by Charlie",france_italy_1y5y_bbg_2026-10-05.xlsx
2010-09-23,1.467000,2.774000,0.643000,1.679000,"Bloomberg BGN, exported by Charlie",france_italy_1y5y_bbg_2026-10-05.xlsx
2010-09-24,1.475000,2.795000,0.655000,1.717000,"Bloomberg BGN, exported by Charlie",france_italy_1y5y_bbg_2026-10-05.xlsx
2010-09-27,1.494000,2.778000,0.669000,1.661000,"Bloomberg BGN, exported by Charlie",france_italy_1y5y_bbg_2026-10-05.xlsx
2010-09-28,1.502000,2.833000,0.680000,1.668000,"Bloomberg BGN, exported by Charlie",france_italy_1y5y_bbg_2026-10-05.xlsx
2010-09-29,1.544000,2.880000,0.709000,1.704000,"Bloomberg BGN, exported by Charlie",france_italy_1y5y_bbg_2026-10-05.xlsx
2010-09-30,1.558000,2.828000,0.767000,1.745000,"Bloomberg BGN, exported by Charlie",france_italy_1y5y_bbg_2026-10-05.xlsx
2010-10-01,1.555000,2.810000,0.768000,1.755000,"Bloomberg BGN, exported by Charlie",france_italy_1y5y_bbg_2026-10-05.xlsx
2010-10-04,1.515000,2.759000,0.758000,1.720000,"Bloomberg BGN, exported by Charlie",france_italy_1y5y_bbg_2026-10-05.xlsx
2010-10-05,1.513000,2.730000,0.756000,1.722000,"Bloomberg BGN, exported by Charlie",france_italy_1y5y_bbg_2026-10-05.xlsx
2010-10-06,1.492000,2.657000,0.740000,1.665000,"Bloomberg BGN, exported by Charlie",france_italy_1y5y_bbg_2026-10-05.xlsx
2010-10-07,1.490000,2.697000,0.762000,1.705000,"Bloomberg BGN, exported by Charlie",france_italy_1y5y_bbg_2026-10-05.xlsx
2010-10-08,1.453000,2.644000,0.753000,1.678000,"Bloomberg BGN, exported by Charlie",france_italy_1y5y_bbg_2026-10-05.xlsx
2010-10-11,1.427000,2.623000,0.760000,1.677000,"Bloomberg BGN, exported by Charlie",france_italy_1y5y_bbg_2026-10-05.xlsx
2010-10-12,1.419000,2.620000,0.749000,1.656000,"Bloomberg BGN, exported by Charlie",france_italy_1y5y_bbg_2026-10-05.xlsx
2010-10-13,1.455000,2.627000,0.747000,1.657000,"Bloomberg BGN, exported by Charlie",france_italy_1y5y_bbg_2026-10-05.xlsx
2010-10-14,1.466000,2.608000,0.767000,1.661000,"Bloomberg BGN, exported by Charlie",france_italy_1y5y_bbg_2026-10-05.xlsx
2010-10-15,1.476000,2.605000,0.784000,1.699000,"Bloomberg BGN, exported by Charlie",france_italy_1y5y_bbg_2026-10-05.xlsx
2010-10-18,1.493000,2.629000,0.829000,1.750000,"Bloomberg BGN, exported by Charlie",france_italy_1y5y_bbg_2026-10-05.xlsx
2010-10-19,1.520000,2.660000,0.864000,1.781000,"Bloomberg BGN, exported by Charlie",france_italy_1y5y_bbg_2026-10-05.xlsx
2010-10-20,1.554000,2.684000,0.894000,1.834000,"Bloomberg BGN, exported by Charlie",france_italy_1y5y_bbg_2026-10-05.xlsx
2010-10-21,1.498000,2.752000,0.909000,1.883000,"Bloomberg BGN, exported by Charlie",france_italy_1y5y_bbg_2026-10-05.xlsx
2010-10-22,1.501000,2.759000,0.923000,1.889000,"Bloomberg BGN, exported by Charlie",france_italy_1y5y_bbg_2026-10-05.xlsx
2010-10-25,1.494000,2.705000,0.918000,1.850000,"Bloomberg BGN, exported by Charlie",france_italy_1y5y_bbg_2026-10-05.xlsx
2010-10-26,1.522000,2.723000,0.954000,1.891000,"Bloomberg BGN, exported by Charlie",france_italy_1y5y_bbg_2026-10-05.xlsx
2010-10-27,1.557000,2.823000,0.957000,1.914000,"Bloomberg BGN, exported by Charlie",france_italy_1y5y_bbg_2026-10-05.xlsx
2010-10-28,1.559000,2.843000,0.966000,1.929000,"Bloomberg BGN, exported by Charlie",france_italy_1y5y_bbg_2026-10-05.xlsx
2010-10-29,1.553000,2.860000,0.944000,1.906000,"Bloomberg BGN, exported by Charlie",france_italy_1y5y_bbg_2026-10-05.xlsx
2010-11-01,1.582000,2.873000,0.936000,1.880000,"Bloomberg BGN, exported by Charlie",france_italy_1y5y_bbg_2026-10-05.xlsx
2010-11-02,1.644000,2.921000,0.945000,1.889000,"Bloomberg BGN, exported by Charlie",france_italy_1y5y_bbg_2026-10-05.xlsx
2010-11-03,1.635000,2.917000,0.929000,1.827000,"Bloomberg BGN, exported by Charlie",france_italy_1y5y_bbg_2026-10-05.xlsx
2010-11-04,1.668000,2.924000,0.912000,1.782000,"Bloomberg BGN, exported by Charlie",france_italy_1y5y_bbg_2026-10-05.xlsx
2010-11-05,1.660000,2.929000,0.916000,1.795000,"Bloomberg BGN, exported by Charlie",france_italy_1y5y_bbg_2026-10-05.xlsx
2010-11-08,1.763000,3.027000,0.934000,1.805000,"Bloomberg BGN, exported by Charlie",france_italy_1y5y_bbg_2026-10-05.xlsx
2010-11-09,1.804000,3.009000,0.926000,1.818000,"Bloomberg BGN, exported by Charlie",france_italy_1y5y_bbg_2026-10-05.xlsx
2010-11-10,1.844000,3.055000,0.941000,1.812000,"Bloomberg BGN, exported by Charlie",france_italy_1y5y_bbg_2026-10-05.xlsx
2010-11-11,1.819000,3.184000,0.941000,1.791000,"Bloomberg BGN, exported by Charlie",france_italy_1y5y_bbg_2026-10-05.xlsx
2010-11-12,1.744000,3.132000,0.941000,1.895000,"Bloomberg BGN, exported by Charlie",france_italy_1y5y_bbg_2026-10-05.xlsx
2010-11-15,1.651000,3.219000,0.936000,1.928000,"Bloomberg BGN, exported by Charlie",france_italy_1y5y_bbg_2026-10-05.xlsx
2010-11-16,1.629000,3.291000,0.936000,1.977000,"Bloomberg BGN, exported by Charlie",france_italy_1y5y_bbg_2026-10-05.xlsx
2010-11-17,1.637000,3.289000,0.931000,1.971000,"Bloomberg BGN, exported by Charlie",france_italy_1y5y_bbg_2026-10-05.xlsx
2010-11-18,1.691000,3.379000,0.945000,2.059000,"Bloomberg BGN, exported by Charlie",france_italy_1y5y_bbg_2026-10-05.xlsx
2010-11-19,1.680000,3.317000,0.953000,2.052000,"Bloomberg BGN, exported by Charlie",france_italy_1y5y_bbg_2026-10-05.xlsx
2010-11-22,1.682000,3.269000,0.914000,1.984000,"Bloomberg BGN, exported by Charlie",france_italy_1y5y_bbg_2026-10-05.xlsx
2010-11-23,1.758000,3.342000,0.860000,1.912000,"Bloomberg BGN, exported by Charlie",france_italy_1y5y_bbg_2026-10-05.xlsx
2010-11-24,1.891000,3.397000,0.856000,2.008000,"Bloomberg BGN, exported by Charlie",france_italy_1y5y_bbg_2026-10-05.xlsx
2010-11-25,1.945000,3.439000,0.861000,2.040000,"Bloomberg BGN, exported by Charlie",france_italy_1y5y_bbg_2026-10-05.xlsx
2010-11-26,1.981000,3.439000,0.859000,2.036000,"Bloomberg BGN, exported by Charlie",france_italy_1y5y_bbg_2026-10-05.xlsx
2010-11-29,2.076000,3.695000,0.857000,2.075000,"Bloomberg BGN, exported by Charlie",france_italy_1y5y_bbg_2026-10-05.xlsx
2010-11-30,2.666000,3.750000,0.839000,2.038000,"Bloomberg BGN, exported by Charlie",france_italy_1y5y_bbg_2026-10-05.xlsx
2010-12-01,2.307000,3.603000,0.848000,2.104000,"Bloomberg BGN, exported by Charlie",france_italy_1y5y_bbg_2026-10-05.xlsx
2010-12-02,2.045000,3.443000,0.845000,2.106000,"Bloomberg BGN, exported by Charlie",france_italy_1y5y_bbg_2026-10-05.xlsx
2010-12-03,1.872000,3.404000,0.834000,2.101000,"Bloomberg BGN, exported by Charlie",france_italy_1y5y_bbg_2026-10-05.xlsx
2010-12-06,1.872000,3.451000,0.802000,2.045000,"Bloomberg BGN, exported by Charlie",france_italy_1y5y_bbg_2026-10-05.xlsx
2010-12-07,1.871000,3.468000,0.809000,2.125000,"Bloomberg BGN, exported by Charlie",france_italy_1y5y_bbg_2026-10-05.xlsx
2010-12-08,1.902000,3.516000,0.822000,2.228000,"Bloomberg BGN, exported by Charlie",france_italy_1y5y_bbg_2026-10-05.xlsx
2010-12-09,1.914000,3.527000,0.811000,2.199000,"Bloomberg BGN, exported by Charlie",france_italy_1y5y_bbg_2026-10-05.xlsx
2010-12-10,1.954000,3.570000,0.826000,2.209000,"Bloomberg BGN, exported by Charlie",france_italy_1y5y_bbg_2026-10-05.xlsx
2010-12-13,1.940000,3.599000,0.821000,2.213000,"Bloomberg BGN, exported by Charlie",france_italy_1y5y_bbg_2026-10-05.xlsx
2010-12-14,1.932000,3.633000,0.779000,2.273000,"Bloomberg BGN, exported by Charlie",france_italy_1y5y_bbg_2026-10-05.xlsx
2010-12-15,1.929000,3.558000,0.799000,2.275000,"Bloomberg BGN, exported by Charlie",france_italy_1y5y_bbg_2026-10-05.xlsx
2010-12-16,1.868000,3.622000,0.800000,2.307000,"Bloomberg BGN, exported by Charlie",france_italy_1y5y_bbg_2026-10-05.xlsx
2010-12-17,1.882000,3.669000,0.787000,2.280000,"Bloomberg BGN, exported by Charlie",france_italy_1y5y_bbg_2026-10-05.xlsx
2010-12-20,1.883000,3.651000,0.787000,2.210000,"Bloomberg BGN, exported by Charlie",france_italy_1y5y_bbg_2026-10-05.xlsx
2010-12-21,1.915000,3.686000,0.788000,2.231000,"Bloomberg BGN, exported by Charlie",france_italy_1y5y_bbg_2026-10-05.xlsx
2010-12-22,1.897000,3.675000,0.744000,2.160000,"Bloomberg BGN, exported by Charlie",france_italy_1y5y_bbg_2026-10-05.xlsx
2010-12-23,1.912000,3.683000,0.736000,2.168000,"Bloomberg BGN, exported by Charlie",france_italy_1y5y_bbg_2026-10-05.xlsx
2010-12-24,1.909000,3.687000,0.733000,2.172000,"Bloomberg BGN, exported by Charlie",france_italy_1y5y_bbg_2026-10-05.xlsx
2010-12-27,1.920000,3.672000,0.741000,2.211000,"Bloomberg BGN, exported by Charlie",france_italy_1y5y_bbg_2026-10-05.xlsx
2010-12-28,1.910000,3.718000,0.709000,2.156000,"Bloomberg BGN, exported by Charlie",france_italy_1y5y_bbg_2026-10-05.xlsx
2010-12-29,1.913000,3.864000,0.717000,2.191000,"Bloomberg BGN, exported by Charlie",france_italy_1y5y_bbg_2026-10-05.xlsx
2010-12-30,1.945000,3.872000,0.697000,2.140000,"Bloomberg BGN, exported by Charlie",france_italy_1y5y_bbg_2026-10-05.xlsx
2010-12-31,1.936000,3.884000,0.683000,2.137000,"Bloomberg BGN, exported by Charlie",france_italy_1y5y_bbg_2026-10-05.xlsx
2011-01-03,1.941000,3.765000,0.705000,2.105000,"Bloomberg BGN, exported by Charlie",france_italy_1y5y_bbg_2026-10-05.xlsx
2011-01-04,1.855000,3.669000,0.717000,2.089000,"Bloomberg BGN, exported by Charlie",france_italy_1y5y_bbg_2026-10-05.xlsx
2011-01-05,1.793000,3.714000,0.745000,2.147000,"Bloomberg BGN, exported by Charlie",france_italy_1y5y_bbg_2026-10-05.xlsx
2011-01-06,1.922000,3.857000,0.724000,2.143000,"Bloomberg BGN, exported by Charlie",france_italy_1y5y_bbg_2026-10-05.xlsx
2011-01-07,1.937000,3.896000,0.704000,2.104000,"Bloomberg BGN, exported by Charlie",france_italy_1y5y_bbg_2026-10-05.xlsx
2011-01-10,1.957000,3.968000,0.707000,2.109000,"Bloomberg BGN, exported by Charlie",france_italy_1y5y_bbg_2026-10-05.xlsx
2011-01-11,2.044000,3.897000,0.723000,2.131000,"Bloomberg BGN, exported by Charlie",france_italy_1y5y_bbg_2026-10-05.xlsx
2011-01-12,1.965000,3.846000,0.703000,2.195000,"Bloomberg BGN, exported by Charlie",france_italy_1y5y_bbg_2026-10-05.xlsx
2011-01-13,1.952000,3.766000,0.747000,2.253000,"Bloomberg BGN, exported by Charlie",france_italy_1y5y_bbg_2026-10-05.xlsx
2011-01-14,1.954000,3.736000,0.790000,2.293000,"Bloomberg BGN, exported by Charlie",france_italy_1y5y_bbg_2026-10-05.xlsx
2011-01-17,1.921000,3.778000,0.832000,2.298000,"Bloomberg BGN, exported by Charlie",france_italy_1y5y_bbg_2026-10-05.xlsx
2011-01-18,1.924000,3.818000,0.907000,2.374000,"Bloomberg BGN, exported by Charlie",france_italy_1y5y_bbg_2026-10-05.xlsx
2011-01-19,1.849000,3.740000,0.888000,2.331000,"Bloomberg BGN, exported by Charlie",france_italy_1y5y_bbg_2026-10-05.xlsx
2011-01-20,1.856000,3.816000,0.946000,2.398000,"Bloomberg BGN, exported by Charlie",france_italy_1y5y_bbg_2026-10-05.xlsx
2011-01-21,1.780000,3.748000,0.968000,2.597000,"Bloomberg BGN, exported by Charlie",france_italy_1y5y_bbg_2026-10-05.xlsx
2011-01-24,1.693000,3.717000,0.929000,2.582000,"Bloomberg BGN, exported by Charlie",france_italy_1y5y_bbg_2026-10-05.xlsx
2011-01-25,1.798000,3.790000,,2.589000,"Bloomberg BGN, exported by Charlie",france_italy_1y5y_bbg_2026-10-05.xlsx
2011-01-26,1.814000,3.837000,,2.646000,"Bloomberg BGN, exported by Charlie",france_italy_1y5y_bbg_2026-10-05.xlsx
2011-01-27,1.837000,3.863000,0.995000,2.709000,"Bloomberg BGN, exported by Charlie",france_italy_1y5y_bbg_2026-10-05.xlsx
2011-01-28,1.835000,3.895000,1.022000,2.687000,"Bloomberg BGN, exported by Charlie",france_italy_1y5y_bbg_2026-10-05.xlsx
2011-01-31,1.835000,3.819000,1.027000,2.692000,"Bloomberg BGN, exported by Charlie",france_italy_1y5y_bbg_2026-10-05.xlsx
2011-02-01,1.738000,3.701000,1.033000,2.702000,"Bloomberg BGN, exported by Charlie",france_italy_1y5y_bbg_2026-10-05.xlsx
2011-02-02,1.721000,3.573000,1.082000,2.739000,"Bloomberg BGN, exported by Charlie",france_italy_1y5y_bbg_2026-10-05.xlsx
2011-02-03,1.690000,3.643000,1.036000,2.645000,"Bloomberg BGN, exported by Charlie",france_italy_1y5y_bbg_2026-10-05.xlsx
2011-02-04,1.690000,3.651000,1.051000,2.704000,"Bloomberg BGN, exported by Charlie",france_italy_1y5y_bbg_2026-10-05.xlsx
2011-02-07,1.678000,3.711000,1.008000,2.691000,"Bloomberg BGN, exported by Charlie",france_italy_1y5y_bbg_2026-10-05.xlsx
2011-02-08,1.746000,3.812000,1.068000,2.724000,"Bloomberg BGN, exported by Charlie",france_italy_1y5y_bbg_2026-10-05.xlsx
2011-02-09,1.893000,3.829000,1.129000,2.765000,"Bloomberg BGN, exported by Charlie",france_italy_1y5y_bbg_2026-10-05.xlsx
2011-02-10,1.900000,3.848000,1.111000,2.762000,"Bloomberg BGN, exported by Charlie",france_italy_1y5y_bbg_2026-10-05.xlsx
2011-02-11,1.894000,3.846000,1.076000,2.741000,"Bloomberg BGN, exported by Charlie",france_italy_1y5y_bbg_2026-10-05.xlsx
2011-02-14,1.900000,3.871000,1.088000,2.744000,"Bloomberg BGN, exported by Charlie",france_italy_1y5y_bbg_2026-10-05.xlsx
2011-02-15,1.862000,3.838000,1.052000,2.745000,"Bloomberg BGN, exported by Charlie",france_italy_1y5y_bbg_2026-10-05.xlsx
2011-02-16,1.805000,3.773000,1.047000,2.697000,"Bloomberg BGN, exported by Charlie",france_italy_1y5y_bbg_2026-10-05.xlsx
2011-02-17,1.786000,3.765000,1.021000,2.641000,"Bloomberg BGN, exported by Charlie",france_italy_1y5y_bbg_2026-10-05.xlsx
2011-02-18,1.802000,3.795000,1.064000,2.686000,"Bloomberg BGN, exported by Charlie",france_italy_1y5y_bbg_2026-10-05.xlsx
2011-02-21,1.799000,3.804000,1.093000,2.641000,"Bloomberg BGN, exported by Charlie",france_italy_1y5y_bbg_2026-10-05.xlsx
2011-02-22,1.851000,3.840000,1.138000,2.634000,"Bloomberg BGN, exported by Charlie",france_italy_1y5y_bbg_2026-10-05.xlsx
2011-02-23,1.846000,3.852000,1.144000,2.646000,"Bloomberg BGN, exported by Charlie",france_italy_1y5y_bbg_2026-10-05.xlsx
2011-02-24,1.851000,3.879000,1.147000,2.637000,"Bloomberg BGN, exported by Charlie",france_italy_1y5y_bbg_2026-10-05.xlsx
2011-02-25,1.840000,3.895000,1.141000,2.660000,"Bloomberg BGN, exported by Charlie",france_italy_1y5y_bbg_2026-10-05.xlsx
2011-02-28,1.829000,3.890000,1.129000,2.670000,"Bloomberg BGN, exported by Charlie",france_italy_1y5y_bbg_2026-10-05.xlsx
2011-03-01,1.792000,3.869000,1.124000,2.685000,"Bloomberg BGN, exported by Charlie",france_italy_1y5y_bbg_2026-10-05.xlsx
2011-03-02,1.797000,3.851000,1.130000,2.704000,"Bloomberg BGN, exported by Charlie",france_italy_1y5y_bbg_2026-10-05.xlsx
2011-03-03,1.986000,4.027000,1.314000,2.890000,"Bloomberg BGN, exported by Charlie",france_italy_1y5y_bbg_2026-10-05.xlsx
2011-03-04,1.959000,4.001000,1.293000,2.857000,"Bloomberg BGN, exported by Charlie",france_italy_1y5y_bbg_2026-10-05.xlsx
2011-03-07,1.943000,4.003000,1.280000,2.861000,"Bloomberg BGN, exported by Charlie",france_italy_1y5y_bbg_2026-10-05.xlsx
2011-03-08,1.962000,4.052000,1.273000,2.890000,"Bloomberg BGN, exported by Charlie",france_italy_1y5y_bbg_2026-10-05.xlsx
2011-03-09,1.963000,4.080000,1.323000,2.872000,"Bloomberg BGN, exported by Charlie",france_italy_1y5y_bbg_2026-10-05.xlsx
2011-03-10,1.985000,4.033000,1.304000,2.829000,"Bloomberg BGN, exported by Charlie",france_italy_1y5y_bbg_2026-10-05.xlsx
2011-03-11,1.936000,3.871000,1.268000,2.772000,"Bloomberg BGN, exported by Charlie",france_italy_1y5y_bbg_2026-10-05.xlsx
2011-03-14,1.944000,3.769000,1.254000,2.754000,"Bloomberg BGN, exported by Charlie",france_italy_1y5y_bbg_2026-10-05.xlsx
2011-03-15,1.898000,3.670000,1.188000,2.649000,"Bloomberg BGN, exported by Charlie",france_italy_1y5y_bbg_2026-10-05.xlsx
2011-03-16,1.810000,3.655000,1.140000,2.593000,"Bloomberg BGN, exported by Charlie",france_italy_1y5y_bbg_2026-10-05.xlsx
2011-03-17,1.820000,3.690000,1.179000,2.690000,"Bloomberg BGN, exported by Charlie",france_italy_1y5y_bbg_2026-10-05.xlsx
2011-03-18,1.812000,3.644000,1.218000,2.723000,"Bloomberg BGN, exported by Charlie",france_italy_1y5y_bbg_2026-10-05.xlsx
2011-03-21,1.804000,3.687000,1.268000,2.791000,"Bloomberg BGN, exported by Charlie",france_italy_1y5y_bbg_2026-10-05.xlsx
2011-03-22,1.822000,3.710000,1.267000,2.801000,"Bloomberg BGN, exported by Charlie",france_italy_1y5y_bbg_2026-10-05.xlsx
2011-03-23,1.851000,3.712000,1.260000,2.799000,"Bloomberg BGN, exported by Charlie",france_italy_1y5y_bbg_2026-10-05.xlsx
2011-03-24,1.843000,3.706000,1.271000,2.797000,"Bloomberg BGN, exported by Charlie",france_italy_1y5y_bbg_2026-10-05.xlsx
2011-03-25,1.816000,3.736000,1.282000,2.839000,"Bloomberg BGN, exported by Charlie",france_italy_1y5y_bbg_2026-10-05.xlsx
2011-03-28,1.845000,3.773000,1.307000,2.851000,"Bloomberg BGN, exported by Charlie",france_italy_1y5y_bbg_2026-10-05.xlsx
2011-03-29,1.853000,3.832000,1.311000,2.907000,"Bloomberg BGN, exported by Charlie",france_italy_1y5y_bbg_2026-10-05.xlsx
2011-03-30,1.840000,3.825000,1.291000,2.904000,"Bloomberg BGN, exported by Charlie",france_italy_1y5y_bbg_2026-10-05.xlsx
2011-03-31,1.842000,3.878000,1.314000,2.935000,"Bloomberg BGN, exported by Charlie",france_italy_1y5y_bbg_2026-10-05.xlsx
2011-04-01,1.818000,3.862000,1.314000,2.957000,"Bloomberg BGN, exported by Charlie",france_italy_1y5y_bbg_2026-10-05.xlsx
2011-04-04,1.810000,3.795000,1.299000,2.940000,"Bloomberg BGN, exported by Charlie",france_italy_1y5y_bbg_2026-10-05.xlsx
2011-04-05,1.812000,3.792000,1.317000,2.969000,"Bloomberg BGN, exported by Charlie",france_italy_1y5y_bbg_2026-10-05.xlsx
2011-04-06,1.815000,3.776000,1.366000,2.976000,"Bloomberg BGN, exported by Charlie",france_italy_1y5y_bbg_2026-10-05.xlsx
2011-04-07,1.828000,3.798000,1.390000,2.962000,"Bloomberg BGN, exported by Charlie",france_italy_1y5y_bbg_2026-10-05.xlsx
2011-04-08,1.861000,3.827000,1.443000,3.030000,"Bloomberg BGN, exported by Charlie",france_italy_1y5y_bbg_2026-10-05.xlsx
2011-04-11,1.856000,3.793000,1.450000,3.028000,"Bloomberg BGN, exported by Charlie",france_italy_1y5y_bbg_2026-10-05.xlsx
2011-04-12,1.836000,3.748000,1.405000,2.958000,"Bloomberg BGN, exported by Charlie",france_italy_1y5y_bbg_2026-10-05.xlsx
2011-04-13,1.961000,3.761000,1.414000,2.976000,"Bloomberg BGN, exported by Charlie",france_italy_1y5y_bbg_2026-10-05.xlsx
2011-04-14,1.972000,3.813000,1.412000,2.995000,"Bloomberg BGN, exported by Charlie",france_italy_1y5y_bbg_2026-10-05.xlsx
2011-04-15,2.027000,3.948000,1.424000,2.975000,"Bloomberg BGN, exported by Charlie",france_italy_1y5y_bbg_2026-10-05.xlsx
2011-04-18,2.079000,4.005000,1.386000,2.877000,"Bloomberg BGN, exported by Charlie",france_italy_1y5y_bbg_2026-10-05.xlsx
2011-04-19,2.048000,3.972000,1.396000,2.896000,"Bloomberg BGN, exported by Charlie",france_italy_1y5y_bbg_2026-10-05.xlsx
2011-04-20,2.066000,3.965000,1.416000,2.947000,"Bloomberg BGN, exported by Charlie",france_italy_1y5y_bbg_2026-10-05.xlsx
2011-04-21,2.062000,4.000000,1.372000,2.898000,"Bloomberg BGN, exported by Charlie",france_italy_1y5y_bbg_2026-10-05.xlsx
2011-04-26,2.078000,4.061000,1.357000,2.885000,"Bloomberg BGN, exported by Charlie",france_italy_1y5y_bbg_2026-10-05.xlsx
2011-04-27,2.116000,4.077000,1.399000,2.943000,"Bloomberg BGN, exported by Charlie",france_italy_1y5y_bbg_2026-10-05.xlsx
2011-04-28,2.094000,4.034000,1.403000,2.883000,"Bloomberg BGN, exported by Charlie",france_italy_1y5y_bbg_2026-10-05.xlsx
2011-04-29,2.060000,3.990000,1.410000,2.863000,"Bloomberg BGN, exported by Charlie",france_italy_1y5y_bbg_2026-10-05.xlsx
2011-05-02,2.076000,3.960000,1.438000,2.876000,"Bloomberg BGN, exported by Charlie",france_italy_1y5y_bbg_2026-10-05.xlsx
2011-05-03,2.077000,3.958000,1.467000,2.939000,"Bloomberg BGN, exported by Charlie",france_italy_1y5y_bbg_2026-10-05.xlsx
2011-05-04,2.091000,3.972000,1.550000,2.955000,"Bloomberg BGN, exported by Charlie",france_italy_1y5y_bbg_2026-10-05.xlsx
2011-05-05,2.008000,3.939000,1.444000,2.844000,"Bloomberg BGN, exported by Charlie",france_italy_1y5y_bbg_2026-10-05.xlsx
2011-05-06,2.014000,3.931000,1.476000,2.819000,"Bloomberg BGN, exported by Charlie",france_italy_1y5y_bbg_2026-10-05.xlsx
2011-05-09,2.026000,3.962000,1.457000,2.759000,"Bloomberg BGN, exported by Charlie",france_italy_1y5y_bbg_2026-10-05.xlsx
2011-05-10,2.034000,3.924000,1.441000,2.761000,"Bloomberg BGN, exported by Charlie",france_italy_1y5y_bbg_2026-10-05.xlsx
2011-05-11,2.113000,3.922000,1.447000,2.754000,"Bloomberg BGN, exported by Charlie",france_italy_1y5y_bbg_2026-10-05.xlsx
2011-05-12,2.098000,3.846000,1.425000,2.731000,"Bloomberg BGN, exported by Charlie",france_italy_1y5y_bbg_2026-10-05.xlsx
2011-05-13,2.103000,3.853000,1.440000,2.707000,"Bloomberg BGN, exported by Charlie",france_italy_1y5y_bbg_2026-10-05.xlsx
2011-05-16,2.109000,3.834000,1.463000,2.741000,"Bloomberg BGN, exported by Charlie",france_italy_1y5y_bbg_2026-10-05.xlsx
2011-05-17,2.097000,3.864000,1.446000,2.740000,"Bloomberg BGN, exported by Charlie",france_italy_1y5y_bbg_2026-10-05.xlsx
2011-05-18,2.118000,3.894000,1.468000,2.779000,"Bloomberg BGN, exported by Charlie",france_italy_1y5y_bbg_2026-10-05.xlsx
2011-05-19,2.115000,3.918000,1.478000,2.776000,"Bloomberg BGN, exported by Charlie",france_italy_1y5y_bbg_2026-10-05.xlsx
2011-05-20,2.137000,3.959000,1.445000,2.726000,"Bloomberg BGN, exported by Charlie",france_italy_1y5y_bbg_2026-10-05.xlsx
2011-05-23,2.185000,3.995000,1.401000,2.671000,"Bloomberg BGN, exported by Charlie",france_italy_1y5y_bbg_2026-10-05.xlsx
2011-05-24,2.157000,3.974000,1.408000,2.701000,"Bloomberg BGN, exported by Charlie",france_italy_1y5y_bbg_2026-10-05.xlsx
2011-05-25,2.134000,3.936000,1.385000,2.651000,"Bloomberg BGN, exported by Charlie",france_italy_1y5y_bbg_2026-10-05.xlsx
2011-05-26,2.106000,3.923000,1.362000,2.580000,"Bloomberg BGN, exported by Charlie",france_italy_1y5y_bbg_2026-10-05.xlsx
2011-05-27,2.080000,3.957000,1.339000,2.555000,"Bloomberg BGN, exported by Charlie",france_italy_1y5y_bbg_2026-10-05.xlsx
2011-05-30,2.086000,4.038000,1.340000,2.559000,"Bloomberg BGN, exported by Charlie",france_italy_1y5y_bbg_2026-10-05.xlsx
2011-05-31,2.095000,3.993000,1.355000,2.594000,"Bloomberg BGN, exported by Charlie",france_italy_1y5y_bbg_2026-10-05.xlsx
2011-06-01,2.096000,3.949000,1.373000,2.569000,"Bloomberg BGN, exported by Charlie",france_italy_1y5y_bbg_2026-10-05.xlsx
2011-06-02,2.092000,3.915000,1.382000,2.569000,"Bloomberg BGN, exported by Charlie",france_italy_1y5y_bbg_2026-10-05.xlsx
2011-06-03,2.022000,3.860000,1.406000,2.644000,"Bloomberg BGN, exported by Charlie",france_italy_1y5y_bbg_2026-10-05.xlsx
2011-06-06,2.044000,3.878000,1.410000,2.616000,"Bloomberg BGN, exported by Charlie",france_italy_1y5y_bbg_2026-10-05.xlsx
2011-06-07,2.100000,3.954000,1.445000,2.674000,"Bloomberg BGN, exported by Charlie",france_italy_1y5y_bbg_2026-10-05.xlsx
2011-06-08,2.103000,3.983000,1.463000,2.636000,"Bloomberg BGN, exported by Charlie",france_italy_1y5y_bbg_2026-10-05.xlsx
2011-06-09,2.072000,4.021000,1.433000,2.590000,"Bloomberg BGN, exported by Charlie",france_italy_1y5y_bbg_2026-10-05.xlsx
2011-06-10,2.072000,3.992000,1.393000,2.507000,"Bloomberg BGN, exported by Charlie",france_italy_1y5y_bbg_2026-10-05.xlsx
2011-06-13,2.073000,3.989000,1.405000,2.515000,"Bloomberg BGN, exported by Charlie",france_italy_1y5y_bbg_2026-10-05.xlsx
2011-06-14,2.085000,3.963000,1.438000,2.562000,"Bloomberg BGN, exported by Charlie",france_italy_1y5y_bbg_2026-10-05.xlsx
2011-06-15,2.160000,4.011000,1.410000,2.488000,"Bloomberg BGN, exported by Charlie",france_italy_1y5y_bbg_2026-10-05.xlsx
2011-06-16,2.186000,4.034000,1.409000,2.467000,"Bloomberg BGN, exported by Charlie",france_italy_1y5y_bbg_2026-10-05.xlsx
2011-06-17,2.158000,3.986000,1.432000,2.627000,"Bloomberg BGN, exported by Charlie",france_italy_1y5y_bbg_2026-10-05.xlsx
2011-06-20,2.175000,4.022000,1.431000,2.659000,"Bloomberg BGN, exported by Charlie",france_italy_1y5y_bbg_2026-10-05.xlsx
2011-06-21,2.168000,4.001000,1.443000,2.667000,"Bloomberg BGN, exported by Charlie",france_italy_1y5y_bbg_2026-10-05.xlsx
2011-06-22,2.195000,4.066000,1.409000,2.622000,"Bloomberg BGN, exported by Charlie",france_italy_1y5y_bbg_2026-10-05.xlsx
2011-06-23,2.250000,4.155000,1.354000,2.541000,"Bloomberg BGN, exported by Charlie",france_italy_1y5y_bbg_2026-10-05.xlsx
2011-06-24,2.305000,4.258000,1.342000,2.548000,"Bloomberg BGN, exported by Charlie",france_italy_1y5y_bbg_2026-10-05.xlsx
2011-06-27,2.349000,4.230000,1.351000,2.593000,"Bloomberg BGN, exported by Charlie",france_italy_1y5y_bbg_2026-10-05.xlsx
2011-06-28,2.299000,4.249000,1.399000,2.644000,"Bloomberg BGN, exported by Charlie",france_italy_1y5y_bbg_2026-10-05.xlsx
2011-06-29,2.268000,4.221000,1.419000,2.686000,"Bloomberg BGN, exported by Charlie",france_italy_1y5y_bbg_2026-10-05.xlsx
2011-06-30,2.250000,4.122000,1.418000,2.729000,"Bloomberg BGN, exported by Charlie",france_italy_1y5y_bbg_2026-10-05.xlsx
2011-07-01,2.281000,4.105000,1.425000,2.730000,"Bloomberg BGN, exported by Charlie",france_italy_1y5y_bbg_2026-10-05.xlsx
2011-07-04,2.222000,4.137000,1.444000,2.734000,"Bloomberg BGN, exported by Charlie",france_italy_1y5y_bbg_2026-10-05.xlsx
2011-07-05,2.209000,4.218000,1.448000,2.704000,"Bloomberg BGN, exported by Charlie",france_italy_1y5y_bbg_2026-10-05.xlsx
2011-07-06,2.213000,4.354000,1.476000,2.648000,"Bloomberg BGN, exported by Charlie",france_italy_1y5y_bbg_2026-10-05.xlsx
2011-07-07,2.257000,4.426000,1.475000,2.644000,"Bloomberg BGN, exported by Charlie",france_italy_1y5y_bbg_2026-10-05.xlsx
2011-07-08,2.353000,4.581000,1.417000,2.541000,"Bloomberg BGN, exported by Charlie",france_italy_1y5y_bbg_2026-10-05.xlsx
2011-07-11,2.723000,5.166000,1.313000,2.458000,"Bloomberg BGN, exported by Charlie",france_italy_1y5y_bbg_2026-10-05.xlsx
2011-07-12,3.259000,5.024000,1.290000,2.536000,"Bloomberg BGN, exported by Charlie",france_italy_1y5y_bbg_2026-10-05.xlsx
2011-07-13,3.361000,5.020000,1.294000,2.566000,"Bloomberg BGN, exported by Charlie",france_italy_1y5y_bbg_2026-10-05.xlsx
2011-07-14,3.267000,5.074000,1.266000,2.511000,"Bloomberg BGN, exported by Charlie",france_italy_1y5y_bbg_2026-10-05.xlsx
2011-07-15,3.337000,5.193000,1.232000,2.465000,"Bloomberg BGN, exported by Charlie",france_italy_1y5y_bbg_2026-10-05.xlsx
2011-07-18,3.410000,5.505000,1.193000,2.473000,"Bloomberg BGN, exported by Charlie",france_italy_1y5y_bbg_2026-10-05.xlsx
2011-07-19,3.214000,5.196000,1.226000,2.470000,"Bloomberg BGN, exported by Charlie",france_italy_1y5y_bbg_2026-10-05.xlsx
2011-07-20,3.151000,5.029000,1.267000,2.503000,"Bloomberg BGN, exported by Charlie",france_italy_1y5y_bbg_2026-10-05.xlsx
2011-07-21,2.940000,4.695000,1.324000,2.575000,"Bloomberg BGN, exported by Charlie",france_italy_1y5y_bbg_2026-10-05.xlsx
2011-07-22,2.806000,4.706000,1.331000,2.542000,"Bloomberg BGN, exported by Charlie",france_italy_1y5y_bbg_2026-10-05.xlsx
2011-07-25,2.932000,5.027000,1.307000,2.492000,"Bloomberg BGN, exported by Charlie",france_italy_1y5y_bbg_2026-10-05.xlsx
2011-07-26,2.911000,5.004000,1.308000,2.438000,"Bloomberg BGN, exported by Charlie",france_italy_1y5y_bbg_2026-10-05.xlsx
2011-07-27,2.908000,5.109000,1.260000,2.332000,"Bloomberg BGN, exported by Charlie",france_italy_1y5y_bbg_2026-10-05.xlsx
2011-07-28,2.993000,5.176000,1.253000,2.358000,"Bloomberg BGN, exported by Charlie",france_italy_1y5y_bbg_2026-10-05.xlsx
2011-07-29,3.015000,5.236000,1.206000,2.301000,"Bloomberg BGN, exported by Charlie",france_italy_1y5y_bbg_2026-10-05.xlsx
2011-08-01,3.054000,5.364000,1.190000,2.204000,"Bloomberg BGN, exported by Charlie",france_italy_1y5y_bbg_2026-10-05.xlsx
2011-08-02,3.203000,5.505000,1.130000,2.228000,"Bloomberg BGN, exported by Charlie",france_italy_1y5y_bbg_2026-10-05.xlsx
2011-08-03,3.218000,5.438000,1.140000,2.259000,"Bloomberg BGN, exported by Charlie",france_italy_1y5y_bbg_2026-10-05.xlsx
2011-08-04,3.118000,5.548000,0.949000,2.154000,"Bloomberg BGN, exported by Charlie",france_italy_1y5y_bbg_2026-10-05.xlsx
2011-08-05,3.166000,5.429000,0.851000,2.128000,"Bloomberg BGN, exported by Charlie",france_italy_1y5y_bbg_2026-10-05.xlsx
2011-08-08,2.638000,4.472000,0.786000,2.120000,"Bloomberg BGN, exported by Charlie",france_italy_1y5y_bbg_2026-10-05.xlsx
2011-08-09,2.601000,4.354000,0.814000,2.200000,"Bloomberg BGN, exported by Charlie",france_italy_1y5y_bbg_2026-10-05.xlsx
2011-08-10,2.653000,4.299000,0.709000,2.000000,"Bloomberg BGN, exported by Charlie",france_italy_1y5y_bbg_2026-10-05.xlsx
2011-08-11,2.654000,4.284000,0.753000,2.009000,"Bloomberg BGN, exported by Charlie",france_italy_1y5y_bbg_2026-10-05.xlsx
2011-08-12,2.906000,4.262000,0.768000,1.943000,"Bloomberg BGN, exported by Charlie",france_italy_1y5y_bbg_2026-10-05.xlsx
2011-08-15,2.909000,4.279000,0.802000,1.917000,"Bloomberg BGN, exported by Charlie",france_italy_1y5y_bbg_2026-10-05.xlsx
2011-08-16,2.917000,4.234000,0.831000,1.928000,"Bloomberg BGN, exported by Charlie",france_italy_1y5y_bbg_2026-10-05.xlsx
2011-08-17,2.754000,4.136000,0.759000,1.774000,"Bloomberg BGN, exported by Charlie",france_italy_1y5y_bbg_2026-10-05.xlsx
2011-08-18,2.722000,4.195000,0.675000,1.698000,"Bloomberg BGN, exported by Charlie",france_italy_1y5y_bbg_2026-10-05.xlsx
2011-08-19,2.740000,4.178000,0.695000,1.736000,"Bloomberg BGN, exported by Charlie",france_italy_1y5y_bbg_2026-10-05.xlsx
2011-08-22,2.734000,4.212000,0.691000,1.752000,"Bloomberg BGN, exported by Charlie",france_italy_1y5y_bbg_2026-10-05.xlsx
2011-08-23,2.753000,4.252000,0.737000,1.769000,"Bloomberg BGN, exported by Charlie",france_italy_1y5y_bbg_2026-10-05.xlsx
2011-08-24,2.814000,4.255000,0.755000,1.824000,"Bloomberg BGN, exported by Charlie",france_italy_1y5y_bbg_2026-10-05.xlsx
2011-08-25,2.765000,4.225000,0.719000,1.788000,"Bloomberg BGN, exported by Charlie",france_italy_1y5y_bbg_2026-10-05.xlsx
2011-08-26,2.800000,4.229000,0.726000,1.794000,"Bloomberg BGN, exported by Charlie",france_italy_1y5y_bbg_2026-10-05.xlsx
2011-08-29,2.811000,4.239000,0.789000,1.875000,"Bloomberg BGN, exported by Charlie",france_italy_1y5y_bbg_2026-10-05.xlsx
2011-08-30,2.783000,4.263000,0.761000,1.784000,"Bloomberg BGN, exported by Charlie",france_italy_1y5y_bbg_2026-10-05.xlsx
2011-08-31,2.789000,4.276000,0.793000,1.903000,"Bloomberg BGN, exported by Charlie",france_italy_1y5y_bbg_2026-10-05.xlsx
2011-09-01,2.763000,4.294000,0.754000,1.885000,"Bloomberg BGN, exported by Charlie",france_italy_1y5y_bbg_2026-10-05.xlsx
2011-09-02,2.769000,4.395000,0.683000,1.776000,"Bloomberg BGN, exported by Charlie",france_italy_1y5y_bbg_2026-10-05.xlsx
2011-09-05,3.029000,4.813000,0.623000,1.709000,"Bloomberg BGN, exported by Charlie",france_italy_1y5y_bbg_2026-10-05.xlsx
2011-09-06,3.200000,4.884000,0.624000,1.734000,"Bloomberg BGN, exported by Charlie",france_italy_1y5y_bbg_2026-10-05.xlsx
2011-09-07,3.131000,4.605000,0.644000,1.708000,"Bloomberg BGN, exported by Charlie",france_italy_1y5y_bbg_2026-10-05.xlsx
2011-09-08,3.178000,4.614000,0.617000,1.624000,"Bloomberg BGN, exported by Charlie",france_italy_1y5y_bbg_2026-10-05.xlsx
2011-09-09,3.392000,4.851000,0.539000,1.547000,"Bloomberg BGN, exported by Charlie",france_italy_1y5y_bbg_2026-10-05.xlsx
2011-09-12,3.811000,5.121000,0.556000,1.633000,"Bloomberg BGN, exported by Charlie",france_italy_1y5y_bbg_2026-10-05.xlsx
2011-09-13,3.765000,5.303000,0.634000,1.708000,"Bloomberg BGN, exported by Charlie",france_italy_1y5y_bbg_2026-10-05.xlsx
2011-09-14,3.731000,5.165000,0.665000,1.803000,"Bloomberg BGN, exported by Charlie",france_italy_1y5y_bbg_2026-10-05.xlsx
2011-09-15,3.612000,5.132000,0.691000,1.832000,"Bloomberg BGN, exported by Charlie",france_italy_1y5y_bbg_2026-10-05.xlsx
2011-09-16,3.429000,4.962000,0.644000,1.735000,"Bloomberg BGN, exported by Charlie",france_italy_1y5y_bbg_2026-10-05.xlsx
2011-09-19,3.524000,4.991000,0.613000,1.764000,"Bloomberg BGN, exported by Charlie",france_italy_1y5y_bbg_2026-10-05.xlsx
2011-09-20,3.556000,5.079000,0.604000,1.775000,"Bloomberg BGN, exported by Charlie",france_italy_1y5y_bbg_2026-10-05.xlsx
2011-09-21,3.598000,5.129000,0.584000,1.765000,"Bloomberg BGN, exported by Charlie",france_italy_1y5y_bbg_2026-10-05.xlsx
2011-09-22,3.642000,4.996000,0.524000,1.716000,"Bloomberg BGN, exported by Charlie",france_italy_1y5y_bbg_2026-10-05.xlsx
2011-09-23,3.644000,4.960000,0.498000,1.730000,"Bloomberg BGN, exported by Charlie",france_italy_1y5y_bbg_2026-10-05.xlsx
2011-09-26,3.641000,4.990000,0.538000,1.721000,"Bloomberg BGN, exported by Charlie",france_italy_1y5y_bbg_2026-10-05.xlsx
2011-09-27,3.668000,4.949000,0.631000,1.772000,"Bloomberg BGN, exported by Charlie",france_italy_1y5y_bbg_2026-10-05.xlsx
2011-09-28,3.667000,5.012000,0.688000,1.826000,"Bloomberg BGN, exported by Charlie",france_italy_1y5y_bbg_2026-10-05.xlsx
2011-09-29,3.654000,4.968000,0.669000,1.789000,"Bloomberg BGN, exported by Charlie",france_italy_1y5y_bbg_2026-10-05.xlsx
2011-09-30,3.453000,5.200000,0.618000,1.740000,"Bloomberg BGN, exported by Charlie",france_italy_1y5y_bbg_2026-10-05.xlsx
2011-10-03,3.402000,5.174000,0.597000,1.705000,"Bloomberg BGN, exported by Charlie",france_italy_1y5y_bbg_2026-10-05.xlsx
2011-10-04,3.435000,5.146000,0.570000,1.704000,"Bloomberg BGN, exported by Charlie",france_italy_1y5y_bbg_2026-10-05.xlsx
2011-10-05,3.391000,5.140000,0.577000,1.791000,"Bloomberg BGN, exported by Charlie",france_italy_1y5y_bbg_2026-10-05.xlsx
2011-10-06,3.280000,5.033000,0.654000,1.878000,"Bloomberg BGN, exported by Charlie",france_italy_1y5y_bbg_2026-10-05.xlsx
2011-10-07,3.225000,5.060000,0.660000,1.870000,"Bloomberg BGN, exported by Charlie",france_italy_1y5y_bbg_2026-10-05.xlsx
2011-10-10,3.385000,5.066000,0.659000,1.974000,"Bloomberg BGN, exported by Charlie",france_italy_1y5y_bbg_2026-10-05.xlsx
2011-10-11,3.335000,5.145000,0.669000,1.975000,"Bloomberg BGN, exported by Charlie",france_italy_1y5y_bbg_2026-10-05.xlsx
2011-10-12,3.542000,5.261000,0.671000,2.065000,"Bloomberg BGN, exported by Charlie",france_italy_1y5y_bbg_2026-10-05.xlsx
2011-10-13,3.587000,5.361000,0.646000,2.052000,"Bloomberg BGN, exported by Charlie",france_italy_1y5y_bbg_2026-10-05.xlsx
2011-10-14,3.565000,5.352000,0.681000,2.182000,"Bloomberg BGN, exported by Charlie",france_italy_1y5y_bbg_2026-10-05.xlsx
2011-10-17,3.572000,5.379000,0.670000,2.112000,"Bloomberg BGN, exported by Charlie",france_italy_1y5y_bbg_2026-10-05.xlsx
2011-10-18,3.622000,5.527000,0.721000,2.200000,"Bloomberg BGN, exported by Charlie",france_italy_1y5y_bbg_2026-10-05.xlsx
2011-10-19,3.632000,5.544000,0.750000,2.284000,"Bloomberg BGN, exported by Charlie",france_italy_1y5y_bbg_2026-10-05.xlsx
2011-10-20,3.687000,5.690000,0.812000,2.244000,"Bloomberg BGN, exported by Charlie",france_italy_1y5y_bbg_2026-10-05.xlsx
2011-10-21,3.668000,5.514000,0.858000,2.300000,"Bloomberg BGN, exported by Charlie",france_italy_1y5y_bbg_2026-10-05.xlsx
2011-10-24,3.771000,5.540000,0.861000,2.321000,"Bloomberg BGN, exported by Charlie",france_italy_1y5y_bbg_2026-10-05.xlsx
2011-10-25,3.798000,5.520000,0.833000,2.130000,"Bloomberg BGN, exported by Charlie",france_italy_1y5y_bbg_2026-10-05.xlsx
2011-10-26,3.907000,5.531000,0.810000,1.970000,"Bloomberg BGN, exported by Charlie",france_italy_1y5y_bbg_2026-10-05.xlsx
2011-10-27,3.764000,5.488000,0.829000,2.059000,"Bloomberg BGN, exported by Charlie",france_italy_1y5y_bbg_2026-10-05.xlsx
2011-10-28,4.002000,5.727000,0.809000,2.096000,"Bloomberg BGN, exported by Charlie",france_italy_1y5y_bbg_2026-10-05.xlsx
2011-10-31,4.389000,5.867000,0.826000,2.033000,"Bloomberg BGN, exported by Charlie",france_italy_1y5y_bbg_2026-10-05.xlsx
2011-11-01,4.875000,5.999000,0.766000,1.923000,"Bloomberg BGN, exported by Charlie",france_italy_1y5y_bbg_2026-10-05.xlsx
2011-11-02,4.843000,5.983000,0.774000,1.995000,"Bloomberg BGN, exported by Charlie",france_italy_1y5y_bbg_2026-10-05.xlsx
2011-11-03,4.831000,5.887000,0.714000,2.010000,"Bloomberg BGN, exported by Charlie",france_italy_1y5y_bbg_2026-10-05.xlsx
2011-11-04,5.207000,6.187000,0.706000,1.964000,"Bloomberg BGN, exported by Charlie",france_italy_1y5y_bbg_2026-10-05.xlsx
2011-11-07,5.766000,6.674000,0.729000,1.967000,"Bloomberg BGN, exported by Charlie",france_italy_1y5y_bbg_2026-10-05.xlsx
2011-11-08,6.051000,6.844000,0.725000,1.978000,"Bloomberg BGN, exported by Charlie",france_italy_1y5y_bbg_2026-10-05.xlsx
2011-11-09,7.668000,7.546000,0.838000,2.142000,"Bloomberg BGN, exported by Charlie",france_italy_1y5y_bbg_2026-10-05.xlsx
2011-11-10,6.237000,6.956000,0.929000,2.430000,"Bloomberg BGN, exported by Charlie",france_italy_1y5y_bbg_2026-10-05.xlsx
2011-11-11,5.729000,6.437000,0.964000,2.350000,"Bloomberg BGN, exported by Charlie",france_italy_1y5y_bbg_2026-10-05.xlsx
2011-11-14,5.491000,6.610000,0.924000,2.353000,"Bloomberg BGN, exported by Charlie",france_italy_1y5y_bbg_2026-10-05.xlsx
2011-11-15,5.899000,7.007000,0.992000,2.690000,"Bloomberg BGN, exported by Charlie",france_italy_1y5y_bbg_2026-10-05.xlsx
2011-11-16,5.622000,6.906000,0.853000,2.738000,"Bloomberg BGN, exported by Charlie",france_italy_1y5y_bbg_2026-10-05.xlsx
2011-11-17,5.506000,6.672000,0.957000,2.725000,"Bloomberg BGN, exported by Charlie",france_italy_1y5y_bbg_2026-10-05.xlsx
2011-11-18,5.349000,6.488000,0.908000,2.559000,"Bloomberg BGN, exported by Charlie",france_italy_1y5y_bbg_2026-10-05.xlsx
2011-11-21,5.291000,6.554000,0.913000,2.579000,"Bloomberg BGN, exported by Charlie",france_italy_1y5y_bbg_2026-10-05.xlsx
2011-11-22,5.642000,6.892000,0.938000,2.605000,"Bloomberg BGN, exported by Charlie",france_italy_1y5y_bbg_2026-10-05.xlsx
2011-11-23,5.960000,7.199000,0.958000,2.788000,"Bloomberg BGN, exported by Charlie",france_italy_1y5y_bbg_2026-10-05.xlsx
2011-11-24,5.902000,7.475000,0.944000,2.819000,"Bloomberg BGN, exported by Charlie",france_italy_1y5y_bbg_2026-10-05.xlsx
2011-11-25,6.605000,7.703000,0.969000,2.816000,"Bloomberg BGN, exported by Charlie",france_italy_1y5y_bbg_2026-10-05.xlsx
2011-11-28,5.974000,7.496000,0.871000,2.646000,"Bloomberg BGN, exported by Charlie",france_italy_1y5y_bbg_2026-10-05.xlsx
2011-11-29,6.112000,7.612000,0.752000,2.491000,"Bloomberg BGN, exported by Charlie",france_italy_1y5y_bbg_2026-10-05.xlsx
2011-11-30,5.863000,7.499000,0.714000,2.198000,"Bloomberg BGN, exported by Charlie",france_italy_1y5y_bbg_2026-10-05.xlsx
2011-12-01,5.636000,6.890000,0.586000,2.014000,"Bloomberg BGN, exported by Charlie",france_italy_1y5y_bbg_2026-10-05.xlsx
2011-12-02,5.597000,6.807000,0.557000,2.188000,"Bloomberg BGN, exported by Charlie",france_italy_1y5y_bbg_2026-10-05.xlsx
2011-12-05,5.078000,5.976000,0.574000,2.031000,"Bloomberg BGN, exported by Charlie",france_italy_1y5y_bbg_2026-10-05.xlsx
2011-12-06,5.111000,6.028000,0.610000,2.143000,"Bloomberg BGN, exported by Charlie",france_italy_1y5y_bbg_2026-10-05.xlsx
2011-12-07,5.076000,6.154000,0.671000,2.150000,"Bloomberg BGN, exported by Charlie",france_italy_1y5y_bbg_2026-10-05.xlsx
2011-12-08,5.373000,6.793000,0.678000,2.315000,"Bloomberg BGN, exported by Charlie",france_italy_1y5y_bbg_2026-10-05.xlsx
2011-12-09,5.337000,6.620000,0.657000,2.192000,"Bloomberg BGN, exported by Charlie",france_italy_1y5y_bbg_2026-10-05.xlsx
2011-12-12,4.997000,6.705000,0.608000,2.205000,"Bloomberg BGN, exported by Charlie",france_italy_1y5y_bbg_2026-10-05.xlsx
2011-12-13,5.192000,6.746000,0.529000,2.191000,"Bloomberg BGN, exported by Charlie",france_italy_1y5y_bbg_2026-10-05.xlsx
2011-12-14,5.097000,6.762000,0.360000,2.124000,"Bloomberg BGN, exported by Charlie",france_italy_1y5y_bbg_2026-10-05.xlsx
2011-12-15,4.609000,6.322000,0.218000,1.999000,"Bloomberg BGN, exported by Charlie",france_italy_1y5y_bbg_2026-10-05.xlsx
2011-12-16,4.311000,6.280000,0.215000,1.946000,"Bloomberg BGN, exported by Charlie",france_italy_1y5y_bbg_2026-10-05.xlsx
2011-12-19,4.038000,6.089000,0.155000,2.008000,"Bloomberg BGN, exported by Charlie",france_italy_1y5y_bbg_2026-10-05.xlsx
2011-12-20,3.930000,5.903000,0.101000,2.006000,"Bloomberg BGN, exported by Charlie",france_italy_1y5y_bbg_2026-10-05.xlsx
2011-12-21,4.138000,6.025000,0.142000,2.010000,"Bloomberg BGN, exported by Charlie",france_italy_1y5y_bbg_2026-10-05.xlsx
2011-12-22,4.147000,6.187000,0.126000,1.979000,"Bloomberg BGN, exported by Charlie",france_italy_1y5y_bbg_2026-10-05.xlsx
2011-12-23,4.068000,6.210000,0.122000,1.866000,"Bloomberg BGN, exported by Charlie",france_italy_1y5y_bbg_2026-10-05.xlsx
2011-12-27,3.953000,6.251000,0.089000,1.838000,"Bloomberg BGN, exported by Charlie",france_italy_1y5y_bbg_2026-10-05.xlsx
2011-12-28,3.619000,6.180000,0.053000,1.829000,"Bloomberg BGN, exported by Charlie",france_italy_1y5y_bbg_2026-10-05.xlsx
2011-12-29,3.575000,6.115000,0.028000,1.847000,"Bloomberg BGN, exported by Charlie",france_italy_1y5y_bbg_2026-10-05.xlsx
2011-12-30,3.739000,6.147000,0.153000,1.852000,"Bloomberg BGN, exported by Charlie",france_italy_1y5y_bbg_2026-10-05.xlsx
2012-01-02,3.632000,5.818000,0.122000,1.984000,"Bloomberg BGN, exported by Charlie",france_italy_1y5y_bbg_2026-10-05.xlsx
2012-01-03,3.068000,5.852000,0.160000,2.023000,"Bloomberg BGN, exported by Charlie",france_italy_1y5y_bbg_2026-10-05.xlsx
2012-01-04,2.955000,5.896000,0.177000,2.062000,"Bloomberg BGN, exported by Charlie",france_italy_1y5y_bbg_2026-10-05.xlsx
2012-01-05,3.377000,6.148000,0.276000,2.177000,"Bloomberg BGN, exported by Charlie",france_italy_1y5y_bbg_2026-10-05.xlsx
2012-01-06,3.679000,6.259000,0.462000,2.266000,"Bloomberg BGN, exported by Charlie",france_italy_1y5y_bbg_2026-10-05.xlsx
2012-01-09,3.527000,6.355000,0.414000,2.196000,"Bloomberg BGN, exported by Charlie",france_italy_1y5y_bbg_2026-10-05.xlsx
2012-01-10,3.475000,6.345000,0.432000,2.141000,"Bloomberg BGN, exported by Charlie",france_italy_1y5y_bbg_2026-10-05.xlsx
2012-01-11,3.172000,6.184000,0.390000,2.010000,"Bloomberg BGN, exported by Charlie",france_italy_1y5y_bbg_2026-10-05.xlsx
2012-01-12,2.608000,5.706000,0.313000,1.834000,"Bloomberg BGN, exported by Charlie",france_italy_1y5y_bbg_2026-10-05.xlsx
2012-01-13,2.899000,5.729000,0.379000,1.898000,"Bloomberg BGN, exported by Charlie",france_italy_1y5y_bbg_2026-10-05.xlsx
2012-01-16,2.844000,5.677000,0.415000,1.831000,"Bloomberg BGN, exported by Charlie",france_italy_1y5y_bbg_2026-10-05.xlsx
2012-01-17,2.749000,5.510000,0.450000,1.914000,"Bloomberg BGN, exported by Charlie",france_italy_1y5y_bbg_2026-10-05.xlsx
2012-01-18,2.730000,5.408000,0.408000,1.929000,"Bloomberg BGN, exported by Charlie",france_italy_1y5y_bbg_2026-10-05.xlsx
2012-01-19,2.740000,5.301000,0.393000,1.879000,"Bloomberg BGN, exported by Charlie",france_italy_1y5y_bbg_2026-10-05.xlsx
2012-01-20,2.564000,5.139000,0.417000,1.852000,"Bloomberg BGN, exported by Charlie",france_italy_1y5y_bbg_2026-10-05.xlsx
2012-01-23,2.356000,4.893000,0.447000,1.890000,"Bloomberg BGN, exported by Charlie",france_italy_1y5y_bbg_2026-10-05.xlsx
2012-01-24,2.397000,4.961000,0.446000,1.892000,"Bloomberg BGN, exported by Charlie",france_italy_1y5y_bbg_2026-10-05.xlsx
2012-01-25,2.476000,5.007000,0.442000,1.854000,"Bloomberg BGN, exported by Charlie",france_italy_1y5y_bbg_2026-10-05.xlsx
2012-01-26,2.333000,4.860000,0.443000,1.827000,"Bloomberg BGN, exported by Charlie",france_italy_1y5y_bbg_2026-10-05.xlsx
2012-01-27,2.323000,4.736000,0.460000,1.785000,"Bloomberg BGN, exported by Charlie",france_italy_1y5y_bbg_2026-10-05.xlsx
2012-01-30,2.406000,4.975000,0.422000,1.779000,"Bloomberg BGN, exported by Charlie",france_italy_1y5y_bbg_2026-10-05.xlsx
2012-01-31,2.312000,4.718000,0.423000,1.781000,"Bloomberg BGN, exported by Charlie",france_italy_1y5y_bbg_2026-10-05.xlsx
2012-02-01,2.159000,4.382000,0.408000,1.766000,"Bloomberg BGN, exported by Charlie",france_italy_1y5y_bbg_2026-10-05.xlsx
2012-02-02,2.085000,4.212000,0.388000,1.641000,"Bloomberg BGN, exported by Charlie",france_italy_1y5y_bbg_2026-10-05.xlsx
2012-02-03,2.017000,4.350000,0.397000,1.610000,"Bloomberg BGN, exported by Charlie",france_italy_1y5y_bbg_2026-10-05.xlsx
2012-02-06,1.996000,4.288000,0.404000,1.593000,"Bloomberg BGN, exported by Charlie",france_italy_1y5y_bbg_2026-10-05.xlsx
2012-02-07,2.076000,4.270000,0.425000,1.599000,"Bloomberg BGN, exported by Charlie",france_italy_1y5y_bbg_2026-10-05.xlsx
2012-02-08,2.082000,4.211000,0.420000,1.620000,"Bloomberg BGN, exported by Charlie",france_italy_1y5y_bbg_2026-10-05.xlsx
2012-02-09,2.050000,4.109000,0.403000,1.602000,"Bloomberg BGN, exported by Charlie",france_italy_1y5y_bbg_2026-10-05.xlsx
2012-02-10,2.073000,4.315000,0.404000,1.642000,"Bloomberg BGN, exported by Charlie",france_italy_1y5y_bbg_2026-10-05.xlsx
2012-02-13,2.015000,4.312000,0.400000,1.633000,"Bloomberg BGN, exported by Charlie",france_italy_1y5y_bbg_2026-10-05.xlsx
2012-02-14,2.024000,4.334000,0.406000,1.675000,"Bloomberg BGN, exported by Charlie",france_italy_1y5y_bbg_2026-10-05.xlsx
2012-02-15,2.226000,4.488000,0.413000,1.734000,"Bloomberg BGN, exported by Charlie",france_italy_1y5y_bbg_2026-10-05.xlsx
2012-02-16,2.226000,4.480000,0.432000,1.757000,"Bloomberg BGN, exported by Charlie",france_italy_1y5y_bbg_2026-10-05.xlsx
2012-02-17,2.222000,4.410000,0.428000,1.769000,"Bloomberg BGN, exported by Charlie",france_italy_1y5y_bbg_2026-10-05.xlsx
2012-02-20,2.076000,4.301000,0.382000,1.726000,"Bloomberg BGN, exported by Charlie",france_italy_1y5y_bbg_2026-10-05.xlsx
2012-02-21,1.961000,4.201000,0.381000,1.734000,"Bloomberg BGN, exported by Charlie",france_italy_1y5y_bbg_2026-10-05.xlsx
2012-02-22,2.022000,4.236000,0.390000,1.697000,"Bloomberg BGN, exported by Charlie",france_italy_1y5y_bbg_2026-10-05.xlsx
2012-02-23,1.989000,4.294000,0.396000,1.676000,"Bloomberg BGN, exported by Charlie",france_italy_1y5y_bbg_2026-10-05.xlsx
2012-02-24,1.885000,4.249000,0.379000,1.635000,"Bloomberg BGN, exported by Charlie",france_italy_1y5y_bbg_2026-10-05.xlsx
2012-02-27,1.509000,4.095000,0.335000,1.634000,"Bloomberg BGN, exported by Charlie",france_italy_1y5y_bbg_2026-10-05.xlsx
2012-02-28,1.365000,3.977000,0.310000,1.613000,"Bloomberg BGN, exported by Charlie",france_italy_1y5y_bbg_2026-10-05.xlsx
2012-02-29,1.195000,3.769000,0.287000,1.569000,"Bloomberg BGN, exported by Charlie",france_italy_1y5y_bbg_2026-10-05.xlsx
2012-03-01,1.043000,3.411000,0.245000,1.441000,"Bloomberg BGN, exported by Charlie",france_italy_1y5y_bbg_2026-10-05.xlsx
2012-03-02,1.091000,3.408000,0.231000,1.480000,"Bloomberg BGN, exported by Charlie",france_italy_1y5y_bbg_2026-10-05.xlsx
2012-03-05,1.191000,3.447000,0.246000,1.513000,"Bloomberg BGN, exported by Charlie",france_italy_1y5y_bbg_2026-10-05.xlsx
2012-03-06,1.310000,3.614000,0.236000,1.568000,"Bloomberg BGN, exported by Charlie",france_italy_1y5y_bbg_2026-10-05.xlsx
2012-03-07,1.225000,3.561000,0.201000,1.517000,"Bloomberg BGN, exported by Charlie",france_italy_1y5y_bbg_2026-10-05.xlsx
2012-03-08,1.246000,3.519000,0.201000,1.684000,"Bloomberg BGN, exported by Charlie",france_italy_1y5y_bbg_2026-10-05.xlsx
2012-03-09,1.223000,3.548000,0.218000,1.709000,"Bloomberg BGN, exported by Charlie",france_italy_1y5y_bbg_2026-10-05.xlsx
2012-03-12,1.246000,3.625000,0.239000,1.736000,"Bloomberg BGN, exported by Charlie",france_italy_1y5y_bbg_2026-10-05.xlsx
2012-03-13,1.296000,3.648000,0.247000,1.718000,"Bloomberg BGN, exported by Charlie",france_italy_1y5y_bbg_2026-10-05.xlsx
2012-03-14,1.413000,3.576000,0.253000,1.737000,"Bloomberg BGN, exported by Charlie",france_italy_1y5y_bbg_2026-10-05.xlsx
2012-03-15,1.420000,3.593000,0.253000,1.797000,"Bloomberg BGN, exported by Charlie",france_italy_1y5y_bbg_2026-10-05.xlsx
2012-03-16,1.329000,3.623000,0.250000,1.845000,"Bloomberg BGN, exported by Charlie",france_italy_1y5y_bbg_2026-10-05.xlsx
2012-03-19,1.296000,3.882000,0.231000,1.845000,"Bloomberg BGN, exported by Charlie",france_italy_1y5y_bbg_2026-10-05.xlsx
2012-03-20,1.328000,3.955000,0.229000,1.856000,"Bloomberg BGN, exported by Charlie",france_italy_1y5y_bbg_2026-10-05.xlsx
2012-03-21,1.465000,4.068000,0.224000,1.828000,"Bloomberg BGN, exported by Charlie",france_italy_1y5y_bbg_2026-10-05.xlsx
2012-03-22,1.398000,4.168000,0.230000,1.819000,"Bloomberg BGN, exported by Charlie",france_italy_1y5y_bbg_2026-10-05.xlsx
2012-03-23,1.410000,4.080000,0.229000,1.761000,"Bloomberg BGN, exported by Charlie",france_italy_1y5y_bbg_2026-10-05.xlsx
2012-03-26,1.398000,4.075000,0.243000,1.742000,"Bloomberg BGN, exported by Charlie",france_italy_1y5y_bbg_2026-10-05.xlsx
2012-03-27,1.487000,4.225000,0.244000,1.746000,"Bloomberg BGN, exported by Charlie",france_italy_1y5y_bbg_2026-10-05.xlsx
2012-03-28,1.520000,4.197000,0.247000,1.743000,"Bloomberg BGN, exported by Charlie",france_italy_1y5y_bbg_2026-10-05.xlsx
2012-03-29,1.711000,4.406000,0.259000,1.735000,"Bloomberg BGN, exported by Charlie",france_italy_1y5y_bbg_2026-10-05.xlsx
2012-03-30,1.662000,4.300000,0.234000,1.669000,"Bloomberg BGN, exported by Charlie",france_italy_1y5y_bbg_2026-10-05.xlsx
2012-04-02,1.602000,4.272000,0.238000,1.673000,"Bloomberg BGN, exported by Charlie",france_italy_1y5y_bbg_2026-10-05.xlsx
2012-04-03,1.628000,4.312000,0.267000,1.679000,"Bloomberg BGN, exported by Charlie",france_italy_1y5y_bbg_2026-10-05.xlsx
2012-04-04,1.801000,4.510000,0.256000,1.732000,"Bloomberg BGN, exported by Charlie",france_italy_1y5y_bbg_2026-10-05.xlsx
2012-04-05,1.961000,4.599000,0.247000,1.767000,"Bloomberg BGN, exported by Charlie",france_italy_1y5y_bbg_2026-10-05.xlsx
2012-04-10,2.360000,4.898000,0.248000,1.808000,"Bloomberg BGN, exported by Charlie",france_italy_1y5y_bbg_2026-10-05.xlsx
2012-04-11,2.493000,4.751000,0.243000,1.758000,"Bloomberg BGN, exported by Charlie",france_italy_1y5y_bbg_2026-10-05.xlsx
2012-04-12,2.230000,4.639000,0.222000,1.712000,"Bloomberg BGN, exported by Charlie",france_italy_1y5y_bbg_2026-10-05.xlsx
2012-04-13,2.313000,4.737000,0.218000,1.790000,"Bloomberg BGN, exported by Charlie",france_italy_1y5y_bbg_2026-10-05.xlsx
2012-04-16,2.309000,4.783000,0.224000,1.868000,"Bloomberg BGN, exported by Charlie",france_italy_1y5y_bbg_2026-10-05.xlsx
2012-04-17,2.290000,4.638000,0.214000,1.868000,"Bloomberg BGN, exported by Charlie",france_italy_1y5y_bbg_2026-10-05.xlsx
2012-04-18,2.252000,4.648000,0.227000,1.858000,"Bloomberg BGN, exported by Charlie",france_italy_1y5y_bbg_2026-10-05.xlsx
2012-04-19,2.333000,4.780000,0.235000,1.905000,"Bloomberg BGN, exported by Charlie",france_italy_1y5y_bbg_2026-10-05.xlsx
2012-04-20,2.302000,4.782000,0.243000,1.884000,"Bloomberg BGN, exported by Charlie",france_italy_1y5y_bbg_2026-10-05.xlsx
2012-04-23,2.394000,4.828000,0.254000,1.881000,"Bloomberg BGN, exported by Charlie",france_italy_1y5y_bbg_2026-10-05.xlsx
2012-04-24,2.322000,4.745000,0.255000,1.824000,"Bloomberg BGN, exported by Charlie",france_italy_1y5y_bbg_2026-10-05.xlsx
2012-04-25,2.309000,4.700000,0.222000,1.769000,"Bloomberg BGN, exported by Charlie",france_italy_1y5y_bbg_2026-10-05.xlsx
2012-04-26,2.249000,4.747000,0.202000,1.732000,"Bloomberg BGN, exported by Charlie",france_italy_1y5y_bbg_2026-10-05.xlsx
2012-04-27,2.150000,4.749000,0.185000,1.736000,"Bloomberg BGN, exported by Charlie",france_italy_1y5y_bbg_2026-10-05.xlsx
2012-04-30,2.018000,4.637000,0.185000,1.709000,"Bloomberg BGN, exported by Charlie",france_italy_1y5y_bbg_2026-10-05.xlsx
2012-05-02,2.039000,4.661000,0.196000,1.702000,"Bloomberg BGN, exported by Charlie",france_italy_1y5y_bbg_2026-10-05.xlsx
2012-05-03,2.008000,4.581000,0.190000,1.658000,"Bloomberg BGN, exported by Charlie",france_italy_1y5y_bbg_2026-10-05.xlsx
2012-05-04,1.861000,4.523000,0.181000,1.588000,"Bloomberg BGN, exported by Charlie",france_italy_1y5y_bbg_2026-10-05.xlsx
2012-05-07,1.822000,4.453000,0.186000,1.561000,"Bloomberg BGN, exported by Charlie",france_italy_1y5y_bbg_2026-10-05.xlsx
2012-05-08,1.849000,4.476000,0.197000,1.579000,"Bloomberg BGN, exported by Charlie",france_italy_1y5y_bbg_2026-10-05.xlsx
2012-05-09,2.240000,4.649000,0.205000,1.644000,"Bloomberg BGN, exported by Charlie",france_italy_1y5y_bbg_2026-10-05.xlsx
2012-05-10,2.246000,4.518000,0.192000,1.598000,"Bloomberg BGN, exported by Charlie",france_italy_1y5y_bbg_2026-10-05.xlsx
2012-05-11,2.168000,4.516000,0.195000,1.609000,"Bloomberg BGN, exported by Charlie",france_italy_1y5y_bbg_2026-10-05.xlsx
2012-05-14,2.339000,4.764000,0.185000,1.662000,"Bloomberg BGN, exported by Charlie",france_italy_1y5y_bbg_2026-10-05.xlsx
2012-05-15,2.394000,4.979000,0.193000,1.755000,"Bloomberg BGN, exported by Charlie",france_italy_1y5y_bbg_2026-10-05.xlsx
2012-05-16,2.444000,4.972000,0.183000,1.724000,"Bloomberg BGN, exported by Charlie",france_italy_1y5y_bbg_2026-10-05.xlsx
2012-05-17,2.571000,5.015000,0.180000,1.676000,"Bloomberg BGN, exported by Charlie",france_italy_1y5y_bbg_2026-10-05.xlsx
2012-05-18,2.796000,5.036000,0.180000,1.644000,"Bloomberg BGN, exported by Charlie",france_italy_1y5y_bbg_2026-10-05.xlsx
2012-05-21,2.774000,5.013000,0.176000,1.622000,"Bloomberg BGN, exported by Charlie",france_italy_1y5y_bbg_2026-10-05.xlsx
2012-05-22,2.654000,4.833000,0.160000,1.554000,"Bloomberg BGN, exported by Charlie",france_italy_1y5y_bbg_2026-10-05.xlsx
2012-05-23,2.758000,4.965000,0.161000,1.517000,"Bloomberg BGN, exported by Charlie",france_italy_1y5y_bbg_2026-10-05.xlsx
2012-05-24,2.765000,4.915000,0.152000,1.359000,"Bloomberg BGN, exported by Charlie",france_italy_1y5y_bbg_2026-10-05.xlsx
2012-05-25,2.762000,5.009000,0.149000,1.335000,"Bloomberg BGN, exported by Charlie",france_italy_1y5y_bbg_2026-10-05.xlsx
2012-05-28,2.928000,5.179000,0.163000,1.333000,"Bloomberg BGN, exported by Charlie",france_italy_1y5y_bbg_2026-10-05.xlsx
2012-05-29,3.007000,5.233000,0.166000,1.317000,"Bloomberg BGN, exported by Charlie",france_italy_1y5y_bbg_2026-10-05.xlsx
2012-05-30,3.374000,5.530000,0.169000,1.326000,"Bloomberg BGN, exported by Charlie",france_italy_1y5y_bbg_2026-10-05.xlsx
2012-05-31,3.421000,5.507000,0.163000,1.217000,"Bloomberg BGN, exported by Charlie",france_italy_1y5y_bbg_2026-10-05.xlsx
2012-06-01,3.386000,5.393000,0.171000,1.131000,"Bloomberg BGN, exported by Charlie",france_italy_1y5y_bbg_2026-10-05.xlsx
2012-06-04,3.253000,5.167000,0.174000,1.188000,"Bloomberg BGN, exported by Charlie",france_italy_1y5y_bbg_2026-10-05.xlsx
2012-06-05,3.268000,5.180000,0.177000,1.224000,"Bloomberg BGN, exported by Charlie",france_italy_1y5y_bbg_2026-10-05.xlsx
2012-06-06,3.089000,5.103000,0.182000,1.304000,"Bloomberg BGN, exported by Charlie",france_italy_1y5y_bbg_2026-10-05.xlsx
2012-06-07,2.981000,5.035000,0.212000,1.425000,"Bloomberg BGN, exported by Charlie",france_italy_1y5y_bbg_2026-10-05.xlsx
2012-06-08,3.101000,5.127000,0.202000,1.373000,"Bloomberg BGN, exported by Charlie",france_italy_1y5y_bbg_2026-10-05.xlsx
2012-06-11,3.284000,5.438000,0.224000,1.420000,"Bloomberg BGN, exported by Charlie",france_italy_1y5y_bbg_2026-10-05.xlsx
2012-06-12,3.664000,5.654000,0.229000,1.533000,"Bloomberg BGN, exported by Charlie",france_italy_1y5y_bbg_2026-10-05.xlsx
2012-06-13,3.869000,5.780000,0.238000,1.539000,"Bloomberg BGN, exported by Charlie",france_italy_1y5y_bbg_2026-10-05.xlsx
2012-06-14,3.837000,5.724000,0.222000,1.481000,"Bloomberg BGN, exported by Charlie",france_italy_1y5y_bbg_2026-10-05.xlsx
2012-06-15,3.780000,5.520000,0.199000,1.386000,"Bloomberg BGN, exported by Charlie",france_italy_1y5y_bbg_2026-10-05.xlsx
2012-06-18,3.853000,5.648000,0.199000,1.426000,"Bloomberg BGN, exported by Charlie",france_italy_1y5y_bbg_2026-10-05.xlsx
2012-06-19,3.712000,5.442000,0.197000,1.478000,"Bloomberg BGN, exported by Charlie",france_italy_1y5y_bbg_2026-10-05.xlsx
2012-06-20,3.466000,5.253000,0.190000,1.491000,"Bloomberg BGN, exported by Charlie",france_italy_1y5y_bbg_2026-10-05.xlsx
2012-06-21,3.151000,5.141000,0.178000,1.433000,"Bloomberg BGN, exported by Charlie",france_italy_1y5y_bbg_2026-10-05.xlsx
2012-06-22,3.100000,5.183000,0.168000,1.371000,"Bloomberg BGN, exported by Charlie",france_italy_1y5y_bbg_2026-10-05.xlsx
2012-06-25,3.455000,5.552000,0.166000,1.341000,"Bloomberg BGN, exported by Charlie",france_italy_1y5y_bbg_2026-10-05.xlsx
2012-06-26,3.737000,5.825000,0.193000,1.361000,"Bloomberg BGN, exported by Charlie",france_italy_1y5y_bbg_2026-10-05.xlsx
2012-06-27,3.673000,5.808000,0.179000,1.387000,"Bloomberg BGN, exported by Charlie",france_italy_1y5y_bbg_2026-10-05.xlsx
2012-06-28,3.529000,5.817000,0.170000,1.422000,"Bloomberg BGN, exported by Charlie",france_italy_1y5y_bbg_2026-10-05.xlsx
2012-06-29,3.072000,5.165000,0.176000,1.403000,"Bloomberg BGN, exported by Charlie",france_italy_1y5y_bbg_2026-10-05.xlsx
2012-07-02,2.731000,5.075000,0.166000,1.330000,"Bloomberg BGN, exported by Charlie",france_italy_1y5y_bbg_2026-10-05.xlsx
2012-07-03,2.628000,4.870000,0.164000,1.257000,"Bloomberg BGN, exported by Charlie",france_italy_1y5y_bbg_2026-10-05.xlsx
2012-07-04,2.628000,5.010000,0.160000,1.255000,"Bloomberg BGN, exported by Charlie",france_italy_1y5y_bbg_2026-10-05.xlsx
2012-07-05,2.779000,5.268000,0.084000,1.195000,"Bloomberg BGN, exported by Charlie",france_italy_1y5y_bbg_2026-10-05.xlsx
2012-07-06,2.857000,5.361000,0.067000,1.011000,"Bloomberg BGN, exported by Charlie",france_italy_1y5y_bbg_2026-10-05.xlsx
2012-07-09,2.987000,5.562000,0.023000,1.047000,"Bloomberg BGN, exported by Charlie",france_italy_1y5y_bbg_2026-10-05.xlsx
2012-07-10,2.807000,5.439000,0.008000,1.016000,"Bloomberg BGN, exported by Charlie",france_italy_1y5y_bbg_2026-10-05.xlsx
2012-07-11,2.711000,5.226000,-0.003000,0.945000,"Bloomberg BGN, exported by Charlie",france_italy_1y5y_bbg_2026-10-05.xlsx
2012-07-12,2.591000,5.350000,0.003000,0.910000,"Bloomberg BGN, exported by Charlie",france_italy_1y5y_bbg_2026-10-05.xlsx
2012-07-13,2.704000,5.342000,,0.906000,"Bloomberg BGN, exported by Charlie",france_italy_1y5y_bbg_2026-10-05.xlsx
2012-07-16,2.658000,5.447000,0.003000,0.813000,"Bloomberg BGN, exported by Charlie",france_italy_1y5y_bbg_2026-10-05.xlsx
2012-07-17,2.653000,5.324000,0.003000,0.768000,"Bloomberg BGN, exported by Charlie",france_italy_1y5y_bbg_2026-10-05.xlsx
2012-07-18,2.676000,5.364000,-0.005000,0.778000,"Bloomberg BGN, exported by Charlie",france_italy_1y5y_bbg_2026-10-05.xlsx
2012-07-19,2.672000,5.307000,-0.003000,0.734000,"Bloomberg BGN, exported by Charlie",france_italy_1y5y_bbg_2026-10-05.xlsx
2012-07-20,3.008000,5.560000,-0.003000,0.896000,"Bloomberg BGN, exported by Charlie",france_italy_1y5y_bbg_2026-10-05.xlsx
2012-07-23,3.381000,5.895000,0.021000,0.986000,"Bloomberg BGN, exported by Charlie",france_italy_1y5y_bbg_2026-10-05.xlsx
2012-07-24,3.756000,6.295000,0.017000,1.102000,"Bloomberg BGN, exported by Charlie",france_italy_1y5y_bbg_2026-10-05.xlsx
2012-07-25,3.673000,6.093000,0.025000,1.130000,"Bloomberg BGN, exported by Charlie",france_italy_1y5y_bbg_2026-10-05.xlsx
2012-07-26,3.005000,5.475000,0.018000,1.062000,"Bloomberg BGN, exported by Charlie",france_italy_1y5y_bbg_2026-10-05.xlsx
2012-07-27,2.778000,5.320000,0.013000,1.025000,"Bloomberg BGN, exported by Charlie",france_italy_1y5y_bbg_2026-10-05.xlsx
2012-07-30,2.651000,5.349000,-0.003000,0.935000,"Bloomberg BGN, exported by Charlie",france_italy_1y5y_bbg_2026-10-05.xlsx
2012-07-31,2.744000,5.487000,-0.003000,0.860000,"Bloomberg BGN, exported by Charlie",france_italy_1y5y_bbg_2026-10-05.xlsx
2012-08-01,2.633000,5.236000,-0.008000,0.883000,"Bloomberg BGN, exported by Charlie",france_italy_1y5y_bbg_2026-10-05.xlsx
2012-08-02,2.584000,5.457000,,0.844000,"Bloomberg BGN, exported by Charlie",france_italy_1y5y_bbg_2026-10-05.xlsx
2012-08-03,2.234000,4.944000,,0.888000,"Bloomberg BGN, exported by Charlie",france_italy_1y5y_bbg_2026-10-05.xlsx
2012-08-06,2.215000,4.850000,-0.010000,0.884000,"Bloomberg BGN, exported by Charlie",france_italy_1y5y_bbg_2026-10-05.xlsx
2012-08-07,2.186000,4.894000,,0.914000,"Bloomberg BGN, exported by Charlie",france_italy_1y5y_bbg_2026-10-05.xlsx
2012-08-08,2.287000,4.830000,-0.010000,0.876000,"Bloomberg BGN, exported by Charlie",france_italy_1y5y_bbg_2026-10-05.xlsx
2012-08-09,2.347000,4.849000,-0.013000,0.872000,"Bloomberg BGN, exported by Charlie",france_italy_1y5y_bbg_2026-10-05.xlsx
2012-08-10,2.451000,4.961000,,0.849000,"Bloomberg BGN, exported by Charlie",france_italy_1y5y_bbg_2026-10-05.xlsx
2012-08-13,2.773000,5.006000,0.008000,0.880000,"Bloomberg BGN, exported by Charlie",france_italy_1y5y_bbg_2026-10-05.xlsx
2012-08-14,2.705000,4.935000,0.008000,0.889000,"Bloomberg BGN, exported by Charlie",france_italy_1y5y_bbg_2026-10-05.xlsx
2012-08-15,2.655000,4.841000,0.008000,0.952000,"Bloomberg BGN, exported by Charlie",france_italy_1y5y_bbg_2026-10-05.xlsx
2012-08-16,2.540000,4.815000,0.005000,0.952000,"Bloomberg BGN, exported by Charlie",france_italy_1y5y_bbg_2026-10-05.xlsx
2012-08-17,2.425000,4.723000,-0.005000,0.950000,"Bloomberg BGN, exported by Charlie",france_italy_1y5y_bbg_2026-10-05.xlsx
2012-08-20,2.369000,4.677000,,0.950000,"Bloomberg BGN, exported by Charlie",france_italy_1y5y_bbg_2026-10-05.xlsx
2012-08-21,2.333000,4.598000,0.005000,0.982000,"Bloomberg BGN, exported by Charlie",france_italy_1y5y_bbg_2026-10-05.xlsx
2012-08-22,2.342000,4.618000,0.007000,0.971000,"Bloomberg BGN, exported by Charlie",france_italy_1y5y_bbg_2026-10-05.xlsx
2012-08-23,2.418000,4.736000,,0.896000,"Bloomberg BGN, exported by Charlie",france_italy_1y5y_bbg_2026-10-05.xlsx
2012-08-24,2.444000,4.735000,,0.867000,"Bloomberg BGN, exported by Charlie",france_italy_1y5y_bbg_2026-10-05.xlsx
2012-08-27,2.322000,4.723000,0.010000,0.866000,"Bloomberg BGN, exported by Charlie",france_italy_1y5y_bbg_2026-10-05.xlsx
2012-08-28,2.137000,4.767000,0.010000,0.863000,"Bloomberg BGN, exported by Charlie",france_italy_1y5y_bbg_2026-10-05.xlsx
2012-08-29,2.036000,4.720000,0.005000,0.908000,"Bloomberg BGN, exported by Charlie",france_italy_1y5y_bbg_2026-10-05.xlsx
2012-08-30,2.056000,4.787000,-0.003000,0.912000,"Bloomberg BGN, exported by Charlie",france_italy_1y5y_bbg_2026-10-05.xlsx
2012-08-31,1.992000,4.791000,0.010000,0.917000,"Bloomberg BGN, exported by Charlie",france_italy_1y5y_bbg_2026-10-05.xlsx
2012-09-03,1.937000,4.653000,0.010000,0.952000,"Bloomberg BGN, exported by Charlie",france_italy_1y5y_bbg_2026-10-05.xlsx
2012-09-04,1.810000,4.373000,0.005000,0.959000,"Bloomberg BGN, exported by Charlie",france_italy_1y5y_bbg_2026-10-05.xlsx
2012-09-05,1.848000,4.227000,0.003000,0.974000,"Bloomberg BGN, exported by Charlie",france_italy_1y5y_bbg_2026-10-05.xlsx
2012-09-06,1.715000,3.974000,0.010000,1.000000,"Bloomberg BGN, exported by Charlie",france_italy_1y5y_bbg_2026-10-05.xlsx
2012-09-07,1.745000,3.810000,0.010000,0.960000,"Bloomberg BGN, exported by Charlie",france_italy_1y5y_bbg_2026-10-05.xlsx
2012-09-10,1.834000,3.940000,0.010000,0.996000,"Bloomberg BGN, exported by Charlie",france_italy_1y5y_bbg_2026-10-05.xlsx
2012-09-11,1.789000,3.925000,0.018000,0.915000,"Bloomberg BGN, exported by Charlie",france_italy_1y5y_bbg_2026-10-05.xlsx
2012-09-12,1.641000,3.798000,0.026000,0.937000,"Bloomberg BGN, exported by Charlie",france_italy_1y5y_bbg_2026-10-05.xlsx
2012-09-13,1.686000,3.851000,0.024000,0.910000,"Bloomberg BGN, exported by Charlie",france_italy_1y5y_bbg_2026-10-05.xlsx
2012-09-14,1.688000,3.856000,0.029000,0.995000,"Bloomberg BGN, exported by Charlie",france_italy_1y5y_bbg_2026-10-05.xlsx
2012-09-17,1.708000,3.950000,0.027000,0.996000,"Bloomberg BGN, exported by Charlie",france_italy_1y5y_bbg_2026-10-05.xlsx
2012-09-18,1.653000,3.896000,0.030000,0.988000,"Bloomberg BGN, exported by Charlie",france_italy_1y5y_bbg_2026-10-05.xlsx
2012-09-19,1.502000,3.748000,0.032000,0.984000,"Bloomberg BGN, exported by Charlie",france_italy_1y5y_bbg_2026-10-05.xlsx
2012-09-20,1.517000,3.811000,0.013000,0.989000,"Bloomberg BGN, exported by Charlie",france_italy_1y5y_bbg_2026-10-05.xlsx
2012-09-21,1.522000,3.876000,0.018000,0.980000,"Bloomberg BGN, exported by Charlie",france_italy_1y5y_bbg_2026-10-05.xlsx
2012-09-24,1.544000,3.919000,0.010000,0.972000,"Bloomberg BGN, exported by Charlie",france_italy_1y5y_bbg_2026-10-05.xlsx
2012-09-25,1.641000,3.997000,0.015000,0.985000,"Bloomberg BGN, exported by Charlie",france_italy_1y5y_bbg_2026-10-05.xlsx
2012-09-26,1.867000,4.126000,0.015000,0.945000,"Bloomberg BGN, exported by Charlie",france_italy_1y5y_bbg_2026-10-05.xlsx
2012-09-27,1.824000,4.037000,0.028000,0.940000,"Bloomberg BGN, exported by Charlie",france_italy_1y5y_bbg_2026-10-05.xlsx
2012-09-28,1.818000,3.979000,0.028000,0.906000,"Bloomberg BGN, exported by Charlie",france_italy_1y5y_bbg_2026-10-05.xlsx
2012-10-01,1.716000,3.912000,0.036000,0.923000,"Bloomberg BGN, exported by Charlie",france_italy_1y5y_bbg_2026-10-05.xlsx
2012-10-02,1.683000,3.830000,0.033000,0.929000,"Bloomberg BGN, exported by Charlie",france_italy_1y5y_bbg_2026-10-05.xlsx
2012-10-03,1.704000,3.828000,0.026000,0.934000,"Bloomberg BGN, exported by Charlie",france_italy_1y5y_bbg_2026-10-05.xlsx
2012-10-04,1.752000,3.868000,0.029000,0.940000,"Bloomberg BGN, exported by Charlie",france_italy_1y5y_bbg_2026-10-05.xlsx
2012-10-05,1.721000,3.745000,0.029000,0.940000,"Bloomberg BGN, exported by Charlie",france_italy_1y5y_bbg_2026-10-05.xlsx
2012-10-08,1.795000,3.776000,0.021000,0.934000,"Bloomberg BGN, exported by Charlie",france_italy_1y5y_bbg_2026-10-05.xlsx
2012-10-09,1.883000,3.862000,0.016000,0.887000,"Bloomberg BGN, exported by Charlie",france_italy_1y5y_bbg_2026-10-05.xlsx
2012-10-10,1.764000,3.899000,0.016000,0.867000,"Bloomberg BGN, exported by Charlie",france_italy_1y5y_bbg_2026-10-05.xlsx
2012-10-11,1.787000,3.825000,0.016000,0.883000,"Bloomberg BGN, exported by Charlie",france_italy_1y5y_bbg_2026-10-05.xlsx
2012-10-12,1.654000,3.772000,0.019000,0.846000,"Bloomberg BGN, exported by Charlie",france_italy_1y5y_bbg_2026-10-05.xlsx
2012-10-15,1.614000,3.773000,0.021000,0.844000,"Bloomberg BGN, exported by Charlie",france_italy_1y5y_bbg_2026-10-05.xlsx
2012-10-16,1.616000,3.726000,0.020000,0.889000,"Bloomberg BGN, exported by Charlie",france_italy_1y5y_bbg_2026-10-05.xlsx
2012-10-17,1.510000,3.571000,0.032000,0.926000,"Bloomberg BGN, exported by Charlie",france_italy_1y5y_bbg_2026-10-05.xlsx
2012-10-18,1.575000,3.589000,0.033000,0.927000,"Bloomberg BGN, exported by Charlie",france_italy_1y5y_bbg_2026-10-05.xlsx
2012-10-19,1.561000,3.604000,0.033000,0.912000,"Bloomberg BGN, exported by Charlie",france_italy_1y5y_bbg_2026-10-05.xlsx
2012-10-22,1.555000,3.602000,0.023000,0.923000,"Bloomberg BGN, exported by Charlie",france_italy_1y5y_bbg_2026-10-05.xlsx
2012-10-23,1.617000,3.708000,0.023000,0.924000,"Bloomberg BGN, exported by Charlie",france_italy_1y5y_bbg_2026-10-05.xlsx
2012-10-24,1.635000,3.714000,0.018000,0.917000,"Bloomberg BGN, exported by Charlie",france_italy_1y5y_bbg_2026-10-05.xlsx
2012-10-25,1.667000,3.746000,0.018000,0.922000,"Bloomberg BGN, exported by Charlie",france_italy_1y5y_bbg_2026-10-05.xlsx
2012-10-26,1.653000,3.772000,0.013000,0.917000,"Bloomberg BGN, exported by Charlie",france_italy_1y5y_bbg_2026-10-05.xlsx
2012-10-29,1.728000,3.878000,0.023000,0.915000,"Bloomberg BGN, exported by Charlie",france_italy_1y5y_bbg_2026-10-05.xlsx
2012-10-30,1.714000,3.808000,0.021000,0.916000,"Bloomberg BGN, exported by Charlie",france_italy_1y5y_bbg_2026-10-05.xlsx
2012-10-31,1.660000,3.746000,0.026000,0.924000,"Bloomberg BGN, exported by Charlie",france_italy_1y5y_bbg_2026-10-05.xlsx
2012-11-01,1.631000,3.677000,0.008000,0.909000,"Bloomberg BGN, exported by Charlie",france_italy_1y5y_bbg_2026-10-05.xlsx
2012-11-02,1.633000,3.700000,0.003000,0.903000,"Bloomberg BGN, exported by Charlie",france_italy_1y5y_bbg_2026-10-05.xlsx
2012-11-05,1.670000,3.736000,0.018000,0.892000,"Bloomberg BGN, exported by Charlie",france_italy_1y5y_bbg_2026-10-05.xlsx
2012-11-06,1.637000,3.737000,0.013000,0.876000,"Bloomberg BGN, exported by Charlie",france_italy_1y5y_bbg_2026-10-05.xlsx
2012-11-07,1.650000,3.756000,0.008000,0.844000,"Bloomberg BGN, exported by Charlie",france_italy_1y5y_bbg_2026-10-05.xlsx
2012-11-08,1.676000,3.836000,0.013000,0.822000,"Bloomberg BGN, exported by Charlie",france_italy_1y5y_bbg_2026-10-05.xlsx
2012-11-09,1.656000,3.802000,0.013000,0.792000,"Bloomberg BGN, exported by Charlie",france_italy_1y5y_bbg_2026-10-05.xlsx
2012-11-12,1.675000,3.850000,0.027000,0.780000,"Bloomberg BGN, exported by Charlie",france_italy_1y5y_bbg_2026-10-05.xlsx
2012-11-13,1.607000,3.786000,0.019000,0.765000,"Bloomberg BGN, exported by Charlie",france_italy_1y5y_bbg_2026-10-05.xlsx
2012-11-14,1.656000,3.776000,0.024000,0.777000,"Bloomberg BGN, exported by Charlie",france_italy_1y5y_bbg_2026-10-05.xlsx
2012-11-15,1.611000,3.721000,0.022000,0.761000,"Bloomberg BGN, exported by Charlie",france_italy_1y5y_bbg_2026-10-05.xlsx
2012-11-16,1.566000,3.706000,0.016000,0.753000,"Bloomberg BGN, exported by Charlie",france_italy_1y5y_bbg_2026-10-05.xlsx
2012-11-19,1.601000,3.744000,0.027000,0.755000,"Bloomberg BGN, exported by Charlie",france_italy_1y5y_bbg_2026-10-05.xlsx
2012-11-20,1.572000,3.694000,0.033000,0.831000,"Bloomberg BGN, exported by Charlie",france_italy_1y5y_bbg_2026-10-05.xlsx
2012-11-21,1.506000,3.688000,0.030000,0.859000,"Bloomberg BGN, exported by Charlie",france_italy_1y5y_bbg_2026-10-05.xlsx
2012-11-22,1.422000,3.617000,0.033000,0.856000,"Bloomberg BGN, exported by Charlie",france_italy_1y5y_bbg_2026-10-05.xlsx
2012-11-23,1.392000,3.572000,0.026000,0.831000,"Bloomberg BGN, exported by Charlie",france_italy_1y5y_bbg_2026-10-05.xlsx
2012-11-26,1.390000,3.560000,0.018000,0.806000,"Bloomberg BGN, exported by Charlie",france_italy_1y5y_bbg_2026-10-05.xlsx
2012-11-27,1.349000,3.511000,0.026000,0.797000,"Bloomberg BGN, exported by Charlie",france_italy_1y5y_bbg_2026-10-05.xlsx
2012-11-28,1.219000,3.386000,0.018000,0.745000,"Bloomberg BGN, exported by Charlie",france_italy_1y5y_bbg_2026-10-05.xlsx
2012-11-29,1.322000,3.432000,0.018000,0.741000,"Bloomberg BGN, exported by Charlie",france_italy_1y5y_bbg_2026-10-05.xlsx
2012-11-30,1.332000,3.377000,0.018000,0.730000,"Bloomberg BGN, exported by Charlie",france_italy_1y5y_bbg_2026-10-05.xlsx
2012-12-03,1.325000,3.327000,0.024000,0.743000,"Bloomberg BGN, exported by Charlie",france_italy_1y5y_bbg_2026-10-05.xlsx
2012-12-04,1.312000,3.268000,0.024000,0.732000,"Bloomberg BGN, exported by Charlie",france_italy_1y5y_bbg_2026-10-05.xlsx
2012-12-05,1.327000,3.303000,0.018000,0.705000,"Bloomberg BGN, exported by Charlie",france_italy_1y5y_bbg_2026-10-05.xlsx
2012-12-06,1.382000,3.447000,-0.003000,0.689000,"Bloomberg BGN, exported by Charlie",france_italy_1y5y_bbg_2026-10-05.xlsx
2012-12-07,1.425000,3.379000,-0.005000,0.631000,"Bloomberg BGN, exported by Charlie",france_italy_1y5y_bbg_2026-10-05.xlsx
2012-12-10,1.674000,3.695000,0.003000,0.619000,"Bloomberg BGN, exported by Charlie",france_italy_1y5y_bbg_2026-10-05.xlsx
2012-12-11,1.604000,3.583000,,0.615000,"Bloomberg BGN, exported by Charlie",france_italy_1y5y_bbg_2026-10-05.xlsx
2012-12-12,1.349000,3.470000,0.003000,0.602000,"Bloomberg BGN, exported by Charlie",france_italy_1y5y_bbg_2026-10-05.xlsx
2012-12-13,1.424000,3.441000,0.008000,0.603000,"Bloomberg BGN, exported by Charlie",france_italy_1y5y_bbg_2026-10-05.xlsx
2012-12-14,1.394000,3.420000,0.014000,0.599000,"Bloomberg BGN, exported by Charlie",france_italy_1y5y_bbg_2026-10-05.xlsx
2012-12-17,1.388000,3.356000,0.008000,0.624000,"Bloomberg BGN, exported by Charlie",france_italy_1y5y_bbg_2026-10-05.xlsx
2012-12-18,1.299000,3.216000,0.018000,0.654000,"Bloomberg BGN, exported by Charlie",france_italy_1y5y_bbg_2026-10-05.xlsx
2012-12-19,1.238000,3.129000,0.013000,0.642000,"Bloomberg BGN, exported by Charlie",france_italy_1y5y_bbg_2026-10-05.xlsx
2012-12-20,1.167000,3.100000,0.013000,0.618000,"Bloomberg BGN, exported by Charlie",france_italy_1y5y_bbg_2026-10-05.xlsx
2012-12-21,1.175000,3.172000,0.015000,0.611000,"Bloomberg BGN, exported by Charlie",france_italy_1y5y_bbg_2026-10-05.xlsx
2012-12-24,1.184000,3.143000,0.026000,0.605000,"Bloomberg BGN, exported by Charlie",france_italy_1y5y_bbg_2026-10-05.xlsx
2012-12-27,1.252000,3.230000,0.026000,0.605000,"Bloomberg BGN, exported by Charlie",france_italy_1y5y_bbg_2026-10-05.xlsx
2012-12-28,1.286000,3.292000,0.024000,0.620000,"Bloomberg BGN, exported by Charlie",france_italy_1y5y_bbg_2026-10-05.xlsx
2012-12-31,1.196000,3.292000,0.021000,0.622000,"Bloomberg BGN, exported by Charlie",france_italy_1y5y_bbg_2026-10-05.xlsx
2013-01-02,1.108000,3.064000,0.024000,0.679000,"Bloomberg BGN, exported by Charlie",france_italy_1y5y_bbg_2026-10-05.xlsx
2013-01-03,0.991000,3.002000,0.029000,0.743000,"Bloomberg BGN, exported by Charlie",france_italy_1y5y_bbg_2026-10-05.xlsx
2013-01-04,0.975000,3.041000,0.048000,0.794000,"Bloomberg BGN, exported by Charlie",france_italy_1y5y_bbg_2026-10-05.xlsx
2013-01-07,1.013000,3.135000,0.037000,0.779000,"Bloomberg BGN, exported by Charlie",france_italy_1y5y_bbg_2026-10-05.xlsx
2013-01-08,0.995000,3.057000,0.035000,0.772000,"Bloomberg BGN, exported by Charlie",france_italy_1y5y_bbg_2026-10-05.xlsx
2013-01-09,0.929000,2.987000,0.030000,0.758000,"Bloomberg BGN, exported by Charlie",france_italy_1y5y_bbg_2026-10-05.xlsx
2013-01-10,0.776000,2.827000,0.038000,0.800000,"Bloomberg BGN, exported by Charlie",france_italy_1y5y_bbg_2026-10-05.xlsx
2013-01-11,0.850000,2.760000,0.052000,0.819000,"Bloomberg BGN, exported by Charlie",france_italy_1y5y_bbg_2026-10-05.xlsx
2013-01-14,0.891000,2.836000,0.055000,0.825000,"Bloomberg BGN, exported by Charlie",france_italy_1y5y_bbg_2026-10-05.xlsx
2013-01-15,0.885000,2.876000,0.063000,0.818000,"Bloomberg BGN, exported by Charlie",france_italy_1y5y_bbg_2026-10-05.xlsx
2013-01-16,0.880000,2.838000,0.066000,0.812000,"Bloomberg BGN, exported by Charlie",france_italy_1y5y_bbg_2026-10-05.xlsx
2013-01-17,0.877000,2.883000,0.110000,0.879000,"Bloomberg BGN, exported by Charlie",france_italy_1y5y_bbg_2026-10-05.xlsx
2013-01-18,0.906000,2.852000,0.090000,0.855000,"Bloomberg BGN, exported by Charlie",france_italy_1y5y_bbg_2026-10-05.xlsx
2013-01-21,0.924000,2.919000,0.098000,1.099000,"Bloomberg BGN, exported by Charlie",france_italy_1y5y_bbg_2026-10-05.xlsx
2013-01-22,0.916000,2.922000,0.093000,1.059000,"Bloomberg BGN, exported by Charlie",france_italy_1y5y_bbg_2026-10-05.xlsx
2013-01-23,0.926000,2.937000,0.098000,1.038000,"Bloomberg BGN, exported by Charlie",france_italy_1y5y_bbg_2026-10-05.xlsx
2013-01-24,0.924000,2.924000,0.107000,1.074000,"Bloomberg BGN, exported by Charlie",france_italy_1y5y_bbg_2026-10-05.xlsx
2013-01-25,0.955000,2.906000,0.178000,1.201000,"Bloomberg BGN, exported by Charlie",france_italy_1y5y_bbg_2026-10-05.xlsx
2013-01-28,1.000000,2.992000,0.181000,1.263000,"Bloomberg BGN, exported by Charlie",france_italy_1y5y_bbg_2026-10-05.xlsx
2013-01-29,0.974000,2.972000,0.166000,1.234000,"Bloomberg BGN, exported by Charlie",france_italy_1y5y_bbg_2026-10-05.xlsx
2013-01-30,0.998000,3.122000,0.187000,1.253000,"Bloomberg BGN, exported by Charlie",france_italy_1y5y_bbg_2026-10-05.xlsx
2013-01-31,1.030000,3.096000,0.186000,1.199000,"Bloomberg BGN, exported by Charlie",france_italy_1y5y_bbg_2026-10-05.xlsx
2013-02-01,0.996000,3.125000,0.176000,1.164000,"Bloomberg BGN, exported by Charlie",france_italy_1y5y_bbg_2026-10-05.xlsx
2013-02-04,1.050000,3.263000,0.166000,1.151000,"Bloomberg BGN, exported by Charlie",france_italy_1y5y_bbg_2026-10-05.xlsx
2013-02-05,1.013000,3.210000,0.172000,1.176000,"Bloomberg BGN, exported by Charlie",france_italy_1y5y_bbg_2026-10-05.xlsx
2013-02-06,1.034000,3.303000,0.159000,1.181000,"Bloomberg BGN, exported by Charlie",france_italy_1y5y_bbg_2026-10-05.xlsx
2013-02-07,1.022000,3.279000,0.138000,1.115000,"Bloomberg BGN, exported by Charlie",france_italy_1y5y_bbg_2026-10-05.xlsx
2013-02-08,1.036000,3.279000,0.133000,1.104000,"Bloomberg BGN, exported by Charlie",france_italy_1y5y_bbg_2026-10-05.xlsx
2013-02-11,1.053000,3.354000,0.131000,1.123000,"Bloomberg BGN, exported by Charlie",france_italy_1y5y_bbg_2026-10-05.xlsx
2013-02-12,1.001000,3.267000,0.146000,1.143000,"Bloomberg BGN, exported by Charlie",france_italy_1y5y_bbg_2026-10-05.xlsx
2013-02-13,1.085000,3.174000,0.152000,1.168000,"Bloomberg BGN, exported by Charlie",france_italy_1y5y_bbg_2026-10-05.xlsx
2013-02-14,1.076000,3.168000,0.128000,1.140000,"Bloomberg BGN, exported by Charlie",france_italy_1y5y_bbg_2026-10-05.xlsx
2013-02-15,1.082000,3.159000,0.128000,1.157000,"Bloomberg BGN, exported by Charlie",france_italy_1y5y_bbg_2026-10-05.xlsx
2013-02-18,1.090000,3.164000,0.139000,1.154000,"Bloomberg BGN, exported by Charlie",france_italy_1y5y_bbg_2026-10-05.xlsx
2013-02-19,1.077000,3.160000,0.139000,1.143000,"Bloomberg BGN, exported by Charlie",france_italy_1y5y_bbg_2026-10-05.xlsx
2013-02-20,1.086000,3.191000,0.142000,1.153000,"Bloomberg BGN, exported by Charlie",france_italy_1y5y_bbg_2026-10-05.xlsx
2013-02-21,1.131000,3.251000,0.125000,1.110000,"Bloomberg BGN, exported by Charlie",france_italy_1y5y_bbg_2026-10-05.xlsx
2013-02-22,1.142000,3.184000,0.112000,1.092000,"Bloomberg BGN, exported by Charlie",france_italy_1y5y_bbg_2026-10-05.xlsx
2013-02-25,1.135000,3.213000,0.120000,1.076000,"Bloomberg BGN, exported by Charlie",france_italy_1y5y_bbg_2026-10-05.xlsx
2013-02-26,1.499000,3.624000,0.110000,1.020000,"Bloomberg BGN, exported by Charlie",france_italy_1y5y_bbg_2026-10-05.xlsx
2013-02-27,1.347000,3.577000,0.113000,1.019000,"Bloomberg BGN, exported by Charlie",france_italy_1y5y_bbg_2026-10-05.xlsx
2013-02-28,1.281000,3.479000,0.085000,0.994000,"Bloomberg BGN, exported by Charlie",france_italy_1y5y_bbg_2026-10-05.xlsx
2013-03-01,1.309000,3.503000,0.080000,0.948000,"Bloomberg BGN, exported by Charlie",france_italy_1y5y_bbg_2026-10-05.xlsx
2013-03-04,1.326000,3.602000,0.079000,0.938000,"Bloomberg BGN, exported by Charlie",france_italy_1y5y_bbg_2026-10-05.xlsx
2013-03-05,1.276000,3.465000,0.080000,0.969000,"Bloomberg BGN, exported by Charlie",france_italy_1y5y_bbg_2026-10-05.xlsx
2013-03-06,1.181000,3.375000,0.072000,0.962000,"Bloomberg BGN, exported by Charlie",france_italy_1y5y_bbg_2026-10-05.xlsx
2013-03-07,1.169000,3.326000,0.091000,0.976000,"Bloomberg BGN, exported by Charlie",france_italy_1y5y_bbg_2026-10-05.xlsx
2013-03-08,1.204000,3.333000,0.083000,0.984000,"Bloomberg BGN, exported by Charlie",france_italy_1y5y_bbg_2026-10-05.xlsx
2013-03-11,1.250000,3.330000,0.084000,0.975000,"Bloomberg BGN, exported by Charlie",france_italy_1y5y_bbg_2026-10-05.xlsx
2013-03-12,1.202000,3.298000,0.100000,0.959000,"Bloomberg BGN, exported by Charlie",france_italy_1y5y_bbg_2026-10-05.xlsx
2013-03-13,1.318000,3.383000,0.099000,0.943000,"Bloomberg BGN, exported by Charlie",france_italy_1y5y_bbg_2026-10-05.xlsx
2013-03-14,1.269000,3.362000,0.094000,0.936000,"Bloomberg BGN, exported by Charlie",france_italy_1y5y_bbg_2026-10-05.xlsx
2013-03-15,1.235000,3.317000,0.089000,0.916000,"Bloomberg BGN, exported by Charlie",france_italy_1y5y_bbg_2026-10-05.xlsx
2013-03-18,1.234000,3.339000,0.090000,0.876000,"Bloomberg BGN, exported by Charlie",france_italy_1y5y_bbg_2026-10-05.xlsx
2013-03-19,1.305000,3.440000,0.098000,0.872000,"Bloomberg BGN, exported by Charlie",france_italy_1y5y_bbg_2026-10-05.xlsx
2013-03-20,1.247000,3.365000,0.091000,0.904000,"Bloomberg BGN, exported by Charlie",france_italy_1y5y_bbg_2026-10-05.xlsx
2013-03-21,1.226000,3.335000,0.093000,0.887000,"Bloomberg BGN, exported by Charlie",france_italy_1y5y_bbg_2026-10-05.xlsx
2013-03-22,1.218000,3.281000,0.096000,0.905000,"Bloomberg BGN, exported by Charlie",france_italy_1y5y_bbg_2026-10-05.xlsx
2013-03-25,1.225000,3.361000,0.090000,0.888000,"Bloomberg BGN, exported by Charlie",france_italy_1y5y_bbg_2026-10-05.xlsx
2013-03-26,1.175000,3.328000,0.087000,0.915000,"Bloomberg BGN, exported by Charlie",france_italy_1y5y_bbg_2026-10-05.xlsx
2013-03-27,1.249000,3.572000,0.082000,0.872000,"Bloomberg BGN, exported by Charlie",france_italy_1y5y_bbg_2026-10-05.xlsx
2013-03-28,1.210000,3.519000,0.082000,0.886000,"Bloomberg BGN, exported by Charlie",france_italy_1y5y_bbg_2026-10-05.xlsx
2013-04-02,1.101000,3.379000,0.071000,0.895000,"Bloomberg BGN, exported by Charlie",france_italy_1y5y_bbg_2026-10-05.xlsx
2013-04-03,0.995000,3.335000,0.085000,0.865000,"Bloomberg BGN, exported by Charlie",france_italy_1y5y_bbg_2026-10-05.xlsx
2013-04-04,0.951000,3.282000,0.075000,0.763000,"Bloomberg BGN, exported by Charlie",france_italy_1y5y_bbg_2026-10-05.xlsx
2013-04-05,0.923000,3.124000,0.075000,0.687000,"Bloomberg BGN, exported by Charlie",france_italy_1y5y_bbg_2026-10-05.xlsx
2013-04-08,0.929000,3.107000,0.073000,0.704000,"Bloomberg BGN, exported by Charlie",france_italy_1y5y_bbg_2026-10-05.xlsx
2013-04-09,0.953000,3.131000,0.077000,0.760000,"Bloomberg BGN, exported by Charlie",france_italy_1y5y_bbg_2026-10-05.xlsx
2013-04-10,0.853000,3.076000,0.077000,0.825000,"Bloomberg BGN, exported by Charlie",france_italy_1y5y_bbg_2026-10-05.xlsx
2013-04-11,0.930000,3.103000,0.069000,0.808000,"Bloomberg BGN, exported by Charlie",france_italy_1y5y_bbg_2026-10-05.xlsx
2013-04-12,0.946000,3.087000,0.063000,0.780000,"Bloomberg BGN, exported by Charlie",france_italy_1y5y_bbg_2026-10-05.xlsx
2013-04-15,0.916000,3.085000,0.063000,0.763000,"Bloomberg BGN, exported by Charlie",france_italy_1y5y_bbg_2026-10-05.xlsx
2013-04-16,0.845000,3.058000,0.066000,0.780000,"Bloomberg BGN, exported by Charlie",france_italy_1y5y_bbg_2026-10-05.xlsx
2013-04-17,0.805000,2.982000,0.055000,0.737000,"Bloomberg BGN, exported by Charlie",france_italy_1y5y_bbg_2026-10-05.xlsx
2013-04-18,0.817000,2.959000,0.055000,0.740000,"Bloomberg BGN, exported by Charlie",france_italy_1y5y_bbg_2026-10-05.xlsx
2013-04-19,0.810000,2.926000,0.062000,0.751000,"Bloomberg BGN, exported by Charlie",france_italy_1y5y_bbg_2026-10-05.xlsx
2013-04-22,0.750000,2.792000,0.050000,0.708000,"Bloomberg BGN, exported by Charlie",france_italy_1y5y_bbg_2026-10-05.xlsx
2013-04-23,0.680000,2.706000,0.049000,0.701000,"Bloomberg BGN, exported by Charlie",france_italy_1y5y_bbg_2026-10-05.xlsx
2013-04-24,0.669000,2.782000,0.045000,0.689000,"Bloomberg BGN, exported by Charlie",france_italy_1y5y_bbg_2026-10-05.xlsx
2013-04-25,0.742000,2.855000,0.045000,0.716000,"Bloomberg BGN, exported by Charlie",france_italy_1y5y_bbg_2026-10-05.xlsx
2013-04-26,0.746000,2.819000,0.042000,0.710000,"Bloomberg BGN, exported by Charlie",france_italy_1y5y_bbg_2026-10-05.xlsx
2013-04-29,0.656000,2.671000,0.023000,0.710000,"Bloomberg BGN, exported by Charlie",france_italy_1y5y_bbg_2026-10-05.xlsx
2013-04-30,0.644000,2.637000,0.032000,0.693000,"Bloomberg BGN, exported by Charlie",france_italy_1y5y_bbg_2026-10-05.xlsx
2013-05-02,0.606000,2.515000,0.001000,0.657000,"Bloomberg BGN, exported by Charlie",france_italy_1y5y_bbg_2026-10-05.xlsx
2013-05-03,0.593000,2.550000,0.017000,0.678000,"Bloomberg BGN, exported by Charlie",france_italy_1y5y_bbg_2026-10-05.xlsx
2013-05-06,0.598000,2.796000,0.018000,0.668000,"Bloomberg BGN, exported by Charlie",france_italy_1y5y_bbg_2026-10-05.xlsx
2013-05-07,0.610000,2.750000,0.030000,0.717000,"Bloomberg BGN, exported by Charlie",france_italy_1y5y_bbg_2026-10-05.xlsx
2013-05-08,0.604000,2.737000,0.019000,0.692000,"Bloomberg BGN, exported by Charlie",france_italy_1y5y_bbg_2026-10-05.xlsx
2013-05-09,0.633000,2.794000,0.024000,0.720000,"Bloomberg BGN, exported by Charlie",france_italy_1y5y_bbg_2026-10-05.xlsx
2013-05-10,0.652000,2.818000,0.035000,0.808000,"Bloomberg BGN, exported by Charlie",france_italy_1y5y_bbg_2026-10-05.xlsx
2013-05-13,,2.915000,0.035000,0.777000,"Bloomberg BGN, exported by Charlie",france_italy_1y5y_bbg_2026-10-05.xlsx
2013-05-14,0.793000,2.949000,0.040000,0.764000,"Bloomberg BGN, exported by Charlie",france_italy_1y5y_bbg_2026-10-05.xlsx
2013-05-15,0.782000,2.926000,0.037000,0.764000,"Bloomberg BGN, exported by Charlie",france_italy_1y5y_bbg_2026-10-05.xlsx
2013-05-16,0.720000,2.865000,0.028000,0.715000,"Bloomberg BGN, exported by Charlie",france_italy_1y5y_bbg_2026-10-05.xlsx
2013-05-17,0.680000,2.746000,0.017000,0.694000,"Bloomberg BGN, exported by Charlie",france_italy_1y5y_bbg_2026-10-05.xlsx
2013-05-20,0.658000,2.759000,0.030000,0.715000,"Bloomberg BGN, exported by Charlie",france_italy_1y5y_bbg_2026-10-05.xlsx
2013-05-21,0.696000,2.813000,0.036000,0.747000,"Bloomberg BGN, exported by Charlie",france_italy_1y5y_bbg_2026-10-05.xlsx
2013-05-22,0.712000,2.794000,0.033000,0.731000,"Bloomberg BGN, exported by Charlie",france_italy_1y5y_bbg_2026-10-05.xlsx
2013-05-23,0.759000,2.911000,0.042000,0.767000,"Bloomberg BGN, exported by Charlie",france_italy_1y5y_bbg_2026-10-05.xlsx
2013-05-24,0.826000,3.016000,0.034000,0.780000,"Bloomberg BGN, exported by Charlie",france_italy_1y5y_bbg_2026-10-05.xlsx
2013-05-27,0.743000,2.935000,0.047000,0.803000,"Bloomberg BGN, exported by Charlie",france_italy_1y5y_bbg_2026-10-05.xlsx
2013-05-28,0.734000,2.918000,0.063000,0.829000,"Bloomberg BGN, exported by Charlie",france_italy_1y5y_bbg_2026-10-05.xlsx
2013-05-29,0.806000,3.054000,0.070000,0.893000,"Bloomberg BGN, exported by Charlie",france_italy_1y5y_bbg_2026-10-05.xlsx
2013-05-30,0.733000,3.003000,0.069000,0.924000,"Bloomberg BGN, exported by Charlie",france_italy_1y5y_bbg_2026-10-05.xlsx
2013-05-31,0.763000,3.054000,0.063000,0.891000,"Bloomberg BGN, exported by Charlie",france_italy_1y5y_bbg_2026-10-05.xlsx
2013-06-03,0.760000,3.046000,0.086000,0.914000,"Bloomberg BGN, exported by Charlie",france_italy_1y5y_bbg_2026-10-05.xlsx
2013-06-04,0.709000,2.992000,0.079000,0.920000,"Bloomberg BGN, exported by Charlie",france_italy_1y5y_bbg_2026-10-05.xlsx
2013-06-05,0.708000,3.023000,0.076000,0.905000,"Bloomberg BGN, exported by Charlie",france_italy_1y5y_bbg_2026-10-05.xlsx
2013-06-06,0.817000,3.242000,0.099000,0.965000,"Bloomberg BGN, exported by Charlie",france_italy_1y5y_bbg_2026-10-05.xlsx
2013-06-07,0.816000,3.095000,0.116000,1.009000,"Bloomberg BGN, exported by Charlie",france_italy_1y5y_bbg_2026-10-05.xlsx
2013-06-10,0.842000,3.196000,0.139000,1.056000,"Bloomberg BGN, exported by Charlie",france_italy_1y5y_bbg_2026-10-05.xlsx
2013-06-11,0.922000,3.268000,0.137000,1.112000,"Bloomberg BGN, exported by Charlie",france_italy_1y5y_bbg_2026-10-05.xlsx
2013-06-12,0.923000,3.305000,0.126000,1.084000,"Bloomberg BGN, exported by Charlie",france_italy_1y5y_bbg_2026-10-05.xlsx
2013-06-13,0.998000,3.323000,0.124000,1.044000,"Bloomberg BGN, exported by Charlie",france_italy_1y5y_bbg_2026-10-05.xlsx
2013-06-14,0.960000,3.237000,0.109000,0.965000,"Bloomberg BGN, exported by Charlie",france_italy_1y5y_bbg_2026-10-05.xlsx
2013-06-17,0.975000,3.220000,0.108000,0.954000,"Bloomberg BGN, exported by Charlie",france_italy_1y5y_bbg_2026-10-05.xlsx
2013-06-18,1.048000,3.242000,0.130000,1.005000,"Bloomberg BGN, exported by Charlie",france_italy_1y5y_bbg_2026-10-05.xlsx
2013-06-19,1.026000,3.161000,0.130000,0.989000,"Bloomberg BGN, exported by Charlie",france_italy_1y5y_bbg_2026-10-05.xlsx
2013-06-20,1.152000,3.465000,0.151000,1.189000,"Bloomberg BGN, exported by Charlie",france_italy_1y5y_bbg_2026-10-05.xlsx
2013-06-21,1.230000,3.561000,0.175000,1.245000,"Bloomberg BGN, exported by Charlie",france_italy_1y5y_bbg_2026-10-05.xlsx
2013-06-24,1.490000,3.770000,0.211000,1.503000,"Bloomberg BGN, exported by Charlie",france_italy_1y5y_bbg_2026-10-05.xlsx
2013-06-25,1.550000,3.834000,0.225000,1.493000,"Bloomberg BGN, exported by Charlie",france_italy_1y5y_bbg_2026-10-05.xlsx
2013-06-26,1.422000,3.646000,0.185000,1.380000,"Bloomberg BGN, exported by Charlie",france_italy_1y5y_bbg_2026-10-05.xlsx
2013-06-27,1.176000,3.483000,0.160000,1.326000,"Bloomberg BGN, exported by Charlie",france_italy_1y5y_bbg_2026-10-05.xlsx
2013-06-28,1.190000,3.473000,0.167000,1.321000,"Bloomberg BGN, exported by Charlie",france_italy_1y5y_bbg_2026-10-05.xlsx
2013-07-01,1.084000,3.342000,0.174000,1.289000,"Bloomberg BGN, exported by Charlie",france_italy_1y5y_bbg_2026-10-05.xlsx
2013-07-02,1.063000,3.332000,0.152000,1.269000,"Bloomberg BGN, exported by Charlie",france_italy_1y5y_bbg_2026-10-05.xlsx
2013-07-03,1.177000,3.387000,0.152000,1.264000,"Bloomberg BGN, exported by Charlie",france_italy_1y5y_bbg_2026-10-05.xlsx
2013-07-04,0.995000,3.227000,0.113000,1.189000,"Bloomberg BGN, exported by Charlie",france_italy_1y5y_bbg_2026-10-05.xlsx
2013-07-05,0.993000,3.224000,0.096000,1.196000,"Bloomberg BGN, exported by Charlie",france_italy_1y5y_bbg_2026-10-05.xlsx
2013-07-08,0.959000,3.168000,0.095000,1.145000,"Bloomberg BGN, exported by Charlie",france_italy_1y5y_bbg_2026-10-05.xlsx
2013-07-09,0.980000,3.219000,0.090000,1.125000,"Bloomberg BGN, exported by Charlie",france_italy_1y5y_bbg_2026-10-05.xlsx
2013-07-10,1.019000,3.253000,0.094000,1.161000,"Bloomberg BGN, exported by Charlie",france_italy_1y5y_bbg_2026-10-05.xlsx
2013-07-11,1.162000,3.287000,0.107000,1.166000,"Bloomberg BGN, exported by Charlie",france_italy_1y5y_bbg_2026-10-05.xlsx
2013-07-12,1.179000,3.338000,0.110000,1.142000,"Bloomberg BGN, exported by Charlie",france_italy_1y5y_bbg_2026-10-05.xlsx
2013-07-15,1.163000,3.320000,0.115000,1.158000,"Bloomberg BGN, exported by Charlie",france_italy_1y5y_bbg_2026-10-05.xlsx
2013-07-16,1.153000,3.327000,0.118000,1.138000,"Bloomberg BGN, exported by Charlie",france_italy_1y5y_bbg_2026-10-05.xlsx
2013-07-17,1.137000,3.359000,0.106000,1.131000,"Bloomberg BGN, exported by Charlie",france_italy_1y5y_bbg_2026-10-05.xlsx
2013-07-18,1.067000,3.262000,0.103000,1.086000,"Bloomberg BGN, exported by Charlie",france_italy_1y5y_bbg_2026-10-05.xlsx
2013-07-19,1.060000,3.226000,0.115000,1.087000,"Bloomberg BGN, exported by Charlie",france_italy_1y5y_bbg_2026-10-05.xlsx
2013-07-22,1.016000,3.136000,0.135000,1.091000,"Bloomberg BGN, exported by Charlie",france_italy_1y5y_bbg_2026-10-05.xlsx
2013-07-23,1.059000,3.185000,0.160000,1.112000,"Bloomberg BGN, exported by Charlie",france_italy_1y5y_bbg_2026-10-05.xlsx
2013-07-24,1.028000,3.148000,0.160000,1.150000,"Bloomberg BGN, exported by Charlie",france_italy_1y5y_bbg_2026-10-05.xlsx
2013-07-25,1.024000,3.177000,0.149000,1.155000,"Bloomberg BGN, exported by Charlie",france_italy_1y5y_bbg_2026-10-05.xlsx
2013-07-26,1.029000,3.213000,0.149000,1.153000,"Bloomberg BGN, exported by Charlie",france_italy_1y5y_bbg_2026-10-05.xlsx
2013-07-29,1.076000,3.281000,0.154000,1.163000,"Bloomberg BGN, exported by Charlie",france_italy_1y5y_bbg_2026-10-05.xlsx
2013-07-30,1.060000,3.250000,0.144000,1.161000,"Bloomberg BGN, exported by Charlie",france_italy_1y5y_bbg_2026-10-05.xlsx
2013-07-31,1.033000,3.256000,0.146000,1.130000,"Bloomberg BGN, exported by Charlie",france_italy_1y5y_bbg_2026-10-05.xlsx
2013-08-01,0.994000,3.220000,0.146000,1.141000,"Bloomberg BGN, exported by Charlie",france_italy_1y5y_bbg_2026-10-05.xlsx
2013-08-02,0.974000,3.103000,0.149000,1.130000,"Bloomberg BGN, exported by Charlie",france_italy_1y5y_bbg_2026-10-05.xlsx
2013-08-05,0.985000,3.111000,0.147000,1.186000,"Bloomberg BGN, exported by Charlie",france_italy_1y5y_bbg_2026-10-05.xlsx
2013-08-06,0.954000,3.075000,0.143000,1.196000,"Bloomberg BGN, exported by Charlie",france_italy_1y5y_bbg_2026-10-05.xlsx
2013-08-07,0.960000,3.089000,0.139000,1.191000,"Bloomberg BGN, exported by Charlie",france_italy_1y5y_bbg_2026-10-05.xlsx
2013-08-08,0.958000,3.049000,0.139000,1.176000,"Bloomberg BGN, exported by Charlie",france_italy_1y5y_bbg_2026-10-05.xlsx
2013-08-09,0.972000,3.050000,0.135000,1.169000,"Bloomberg BGN, exported by Charlie",france_italy_1y5y_bbg_2026-10-05.xlsx
2013-08-12,0.967000,3.009000,0.150000,1.180000,"Bloomberg BGN, exported by Charlie",france_italy_1y5y_bbg_2026-10-05.xlsx
2013-08-13,1.034000,3.081000,0.175000,1.270000,"Bloomberg BGN, exported by Charlie",france_italy_1y5y_bbg_2026-10-05.xlsx
2013-08-14,1.029000,3.031000,0.160000,1.252000,"Bloomberg BGN, exported by Charlie",france_italy_1y5y_bbg_2026-10-05.xlsx
2013-08-15,1.046000,3.096000,0.177000,1.303000,"Bloomberg BGN, exported by Charlie",france_italy_1y5y_bbg_2026-10-05.xlsx
2013-08-16,1.026000,3.040000,0.165000,1.285000,"Bloomberg BGN, exported by Charlie",france_italy_1y5y_bbg_2026-10-05.xlsx
2013-08-19,1.040000,3.119000,0.178000,1.336000,"Bloomberg BGN, exported by Charlie",france_italy_1y5y_bbg_2026-10-05.xlsx
2013-08-20,1.067000,3.163000,0.177000,1.317000,"Bloomberg BGN, exported by Charlie",france_italy_1y5y_bbg_2026-10-05.xlsx
2013-08-21,1.076000,3.218000,0.177000,1.337000,"Bloomberg BGN, exported by Charlie",france_italy_1y5y_bbg_2026-10-05.xlsx
2013-08-22,1.070000,3.173000,0.176000,1.380000,"Bloomberg BGN, exported by Charlie",france_italy_1y5y_bbg_2026-10-05.xlsx
2013-08-23,1.050000,3.182000,0.187000,1.408000,"Bloomberg BGN, exported by Charlie",france_italy_1y5y_bbg_2026-10-05.xlsx
2013-08-26,1.105000,3.245000,0.179000,1.388000,"Bloomberg BGN, exported by Charlie",france_italy_1y5y_bbg_2026-10-05.xlsx
2013-08-27,1.180000,3.340000,0.189000,1.367000,"Bloomberg BGN, exported by Charlie",france_italy_1y5y_bbg_2026-10-05.xlsx
2013-08-28,1.200000,3.292000,0.198000,1.366000,"Bloomberg BGN, exported by Charlie",france_italy_1y5y_bbg_2026-10-05.xlsx
2013-08-29,1.158000,3.270000,0.193000,1.340000,"Bloomberg BGN, exported by Charlie",france_italy_1y5y_bbg_2026-10-05.xlsx
2013-08-30,1.154000,3.281000,0.191000,1.346000,"Bloomberg BGN, exported by Charlie",france_italy_1y5y_bbg_2026-10-05.xlsx
2013-09-02,1.144000,3.229000,0.200000,1.383000,"Bloomberg BGN, exported by Charlie",france_italy_1y5y_bbg_2026-10-05.xlsx
2013-09-03,1.144000,3.219000,0.208000,1.408000,"Bloomberg BGN, exported by Charlie",france_italy_1y5y_bbg_2026-10-05.xlsx
2013-09-04,1.175000,3.306000,0.198000,1.416000,"Bloomberg BGN, exported by Charlie",france_italy_1y5y_bbg_2026-10-05.xlsx
2013-09-05,1.219000,3.418000,0.215000,1.510000,"Bloomberg BGN, exported by Charlie",france_italy_1y5y_bbg_2026-10-05.xlsx
2013-09-06,1.218000,3.365000,0.191000,1.439000,"Bloomberg BGN, exported by Charlie",france_italy_1y5y_bbg_2026-10-05.xlsx
2013-09-09,1.248000,3.382000,0.196000,1.444000,"Bloomberg BGN, exported by Charlie",france_italy_1y5y_bbg_2026-10-05.xlsx
2013-09-10,1.246000,3.379000,0.201000,1.492000,"Bloomberg BGN, exported by Charlie",france_italy_1y5y_bbg_2026-10-05.xlsx
2013-09-11,1.219000,3.364000,0.198000,1.452000,"Bloomberg BGN, exported by Charlie",france_italy_1y5y_bbg_2026-10-05.xlsx
2013-09-12,1.323000,3.374000,0.195000,1.426000,"Bloomberg BGN, exported by Charlie",france_italy_1y5y_bbg_2026-10-05.xlsx
2013-09-13,1.317000,3.414000,0.190000,1.415000,"Bloomberg BGN, exported by Charlie",france_italy_1y5y_bbg_2026-10-05.xlsx
2013-09-16,1.300000,3.293000,0.193000,1.362000,"Bloomberg BGN, exported by Charlie",france_italy_1y5y_bbg_2026-10-05.xlsx
2013-09-17,1.256000,3.227000,0.208000,1.352000,"Bloomberg BGN, exported by Charlie",france_italy_1y5y_bbg_2026-10-05.xlsx
2013-09-18,1.232000,3.213000,0.209000,1.380000,"Bloomberg BGN, exported by Charlie",france_italy_1y5y_bbg_2026-10-05.xlsx
2013-09-19,1.140000,3.114000,0.188000,1.284000,"Bloomberg BGN, exported by Charlie",france_italy_1y5y_bbg_2026-10-05.xlsx
2013-09-20,1.106000,3.087000,0.187000,1.303000,"Bloomberg BGN, exported by Charlie",france_italy_1y5y_bbg_2026-10-05.xlsx
2013-09-23,1.091000,3.055000,0.186000,1.276000,"Bloomberg BGN, exported by Charlie",france_italy_1y5y_bbg_2026-10-05.xlsx
2013-09-24,1.082000,3.045000,0.183000,1.225000,"Bloomberg BGN, exported by Charlie",france_italy_1y5y_bbg_2026-10-05.xlsx
2013-09-25,1.076000,3.050000,0.180000,1.237000,"Bloomberg BGN, exported by Charlie",france_italy_1y5y_bbg_2026-10-05.xlsx
2013-09-26,1.124000,3.161000,0.179000,1.250000,"Bloomberg BGN, exported by Charlie",france_italy_1y5y_bbg_2026-10-05.xlsx
2013-09-27,1.145000,3.247000,0.177000,1.220000,"Bloomberg BGN, exported by Charlie",france_italy_1y5y_bbg_2026-10-05.xlsx
2013-09-30,1.151000,3.252000,0.177000,1.202000,"Bloomberg BGN, exported by Charlie",france_italy_1y5y_bbg_2026-10-05.xlsx
2013-10-01,1.064000,3.113000,0.176000,1.211000,"Bloomberg BGN, exported by Charlie",france_italy_1y5y_bbg_2026-10-05.xlsx
2013-10-02,1.031000,3.050000,0.173000,1.215000,"Bloomberg BGN, exported by Charlie",france_italy_1y5y_bbg_2026-10-05.xlsx
2013-10-03,0.986000,3.069000,0.174000,1.226000,"Bloomberg BGN, exported by Charlie",france_italy_1y5y_bbg_2026-10-05.xlsx
2013-10-04,0.924000,2.990000,0.178000,1.255000,"Bloomberg BGN, exported by Charlie",france_italy_1y5y_bbg_2026-10-05.xlsx
2013-10-07,0.916000,2.968000,0.171000,1.230000,"Bloomberg BGN, exported by Charlie",france_italy_1y5y_bbg_2026-10-05.xlsx
2013-10-08,0.974000,3.016000,0.184000,1.247000,"Bloomberg BGN, exported by Charlie",france_italy_1y5y_bbg_2026-10-05.xlsx
2013-10-09,0.974000,3.041000,0.175000,1.253000,"Bloomberg BGN, exported by Charlie",france_italy_1y5y_bbg_2026-10-05.xlsx
2013-10-10,0.931000,2.989000,0.167000,1.276000,"Bloomberg BGN, exported by Charlie",france_italy_1y5y_bbg_2026-10-05.xlsx
2013-10-11,0.960000,2.931000,0.163000,1.250000,"Bloomberg BGN, exported by Charlie",france_italy_1y5y_bbg_2026-10-05.xlsx
2013-10-14,0.929000,2.918000,0.162000,1.238000,"Bloomberg BGN, exported by Charlie",france_italy_1y5y_bbg_2026-10-05.xlsx
2013-10-15,0.886000,2.908000,0.175000,1.274000,"Bloomberg BGN, exported by Charlie",france_italy_1y5y_bbg_2026-10-05.xlsx
2013-10-16,0.862000,2.880000,0.176000,1.285000,"Bloomberg BGN, exported by Charlie",france_italy_1y5y_bbg_2026-10-05.xlsx
2013-10-17,0.838000,2.829000,0.167000,1.234000,"Bloomberg BGN, exported by Charlie",france_italy_1y5y_bbg_2026-10-05.xlsx
2013-10-18,0.794000,2.786000,0.160000,1.204000,"Bloomberg BGN, exported by Charlie",france_italy_1y5y_bbg_2026-10-05.xlsx
2013-10-21,0.772000,2.803000,0.167000,1.219000,"Bloomberg BGN, exported by Charlie",france_italy_1y5y_bbg_2026-10-05.xlsx
2013-10-22,0.774000,2.711000,0.160000,1.148000,"Bloomberg BGN, exported by Charlie",france_italy_1y5y_bbg_2026-10-05.xlsx
2013-10-23,0.779000,2.721000,0.161000,1.134000,"Bloomberg BGN, exported by Charlie",france_italy_1y5y_bbg_2026-10-05.xlsx
2013-10-24,0.826000,2.756000,0.177000,1.144000,"Bloomberg BGN, exported by Charlie",france_italy_1y5y_bbg_2026-10-05.xlsx
2013-10-25,0.848000,3.031000,0.179000,1.153000,"Bloomberg BGN, exported by Charlie",france_italy_1y5y_bbg_2026-10-05.xlsx
2013-10-28,0.836000,2.999000,0.186000,1.150000,"Bloomberg BGN, exported by Charlie",france_italy_1y5y_bbg_2026-10-05.xlsx
2013-10-29,0.807000,2.945000,0.186000,1.125000,"Bloomberg BGN, exported by Charlie",france_italy_1y5y_bbg_2026-10-05.xlsx
2013-10-30,0.800000,2.987000,0.180000,1.090000,"Bloomberg BGN, exported by Charlie",france_italy_1y5y_bbg_2026-10-05.xlsx
2013-10-31,0.745000,2.895000,0.154000,1.020000,"Bloomberg BGN, exported by Charlie",france_italy_1y5y_bbg_2026-10-05.xlsx
2013-11-01,0.688000,2.833000,0.153000,1.000000,"Bloomberg BGN, exported by Charlie",france_italy_1y5y_bbg_2026-10-05.xlsx
2013-11-04,0.675000,2.836000,0.161000,1.010000,"Bloomberg BGN, exported by Charlie",france_italy_1y5y_bbg_2026-10-05.xlsx
2013-11-05,0.678000,2.879000,0.166000,1.091000,"Bloomberg BGN, exported by Charlie",france_italy_1y5y_bbg_2026-10-05.xlsx
2013-11-06,0.658000,2.907000,0.159000,1.089000,"Bloomberg BGN, exported by Charlie",france_italy_1y5y_bbg_2026-10-05.xlsx
2013-11-07,0.577000,2.749000,0.120000,0.998000,"Bloomberg BGN, exported by Charlie",france_italy_1y5y_bbg_2026-10-05.xlsx
2013-11-08,0.591000,2.760000,0.128000,1.056000,"Bloomberg BGN, exported by Charlie",france_italy_1y5y_bbg_2026-10-05.xlsx
2013-11-11,0.607000,2.759000,0.132000,1.050000,"Bloomberg BGN, exported by Charlie",france_italy_1y5y_bbg_2026-10-05.xlsx
2013-11-12,0.627000,2.764000,0.136000,1.077000,"Bloomberg BGN, exported by Charlie",france_italy_1y5y_bbg_2026-10-05.xlsx
2013-11-13,0.675000,2.694000,0.123000,1.031000,"Bloomberg BGN, exported by Charlie",france_italy_1y5y_bbg_2026-10-05.xlsx
2013-11-14,0.663000,2.625000,0.120000,1.014000,"Bloomberg BGN, exported by Charlie",france_italy_1y5y_bbg_2026-10-05.xlsx
2013-11-15,0.682000,2.663000,0.122000,1.026000,"Bloomberg BGN, exported by Charlie",france_italy_1y5y_bbg_2026-10-05.xlsx
2013-11-18,0.708000,2.641000,0.121000,1.013000,"Bloomberg BGN, exported by Charlie",france_italy_1y5y_bbg_2026-10-05.xlsx
2013-11-19,0.711000,2.643000,0.134000,1.036000,"Bloomberg BGN, exported by Charlie",france_italy_1y5y_bbg_2026-10-05.xlsx
2013-11-20,0.698000,2.654000,0.118000,1.017000,"Bloomberg BGN, exported by Charlie",france_italy_1y5y_bbg_2026-10-05.xlsx
2013-11-21,0.698000,2.652000,0.119000,1.020000,"Bloomberg BGN, exported by Charlie",france_italy_1y5y_bbg_2026-10-05.xlsx
2013-11-22,0.681000,2.607000,0.141000,1.023000,"Bloomberg BGN, exported by Charlie",france_italy_1y5y_bbg_2026-10-05.xlsx
2013-11-25,0.687000,2.578000,0.143000,1.012000,"Bloomberg BGN, exported by Charlie",france_italy_1y5y_bbg_2026-10-05.xlsx
2013-11-26,0.679000,2.524000,0.132000,0.996000,"Bloomberg BGN, exported by Charlie",france_italy_1y5y_bbg_2026-10-05.xlsx
2013-11-27,0.700000,2.557000,0.132000,1.013000,"Bloomberg BGN, exported by Charlie",france_italy_1y5y_bbg_2026-10-05.xlsx
2013-11-28,0.715000,2.583000,0.133000,1.005000,"Bloomberg BGN, exported by Charlie",france_italy_1y5y_bbg_2026-10-05.xlsx
2013-11-29,0.720000,2.618000,0.130000,0.996000,"Bloomberg BGN, exported by Charlie",france_italy_1y5y_bbg_2026-10-05.xlsx
2013-12-02,0.734000,2.637000,0.142000,1.014000,"Bloomberg BGN, exported by Charlie",france_italy_1y5y_bbg_2026-10-05.xlsx
2013-12-03,0.698000,2.627000,0.138000,1.002000,"Bloomberg BGN, exported by Charlie",france_italy_1y5y_bbg_2026-10-05.xlsx
2013-12-04,0.728000,2.708000,0.143000,1.069000,"Bloomberg BGN, exported by Charlie",france_italy_1y5y_bbg_2026-10-05.xlsx
2013-12-05,0.777000,2.805000,0.157000,1.112000,"Bloomberg BGN, exported by Charlie",france_italy_1y5y_bbg_2026-10-05.xlsx
2013-12-06,0.771000,2.753000,0.173000,1.107000,"Bloomberg BGN, exported by Charlie",france_italy_1y5y_bbg_2026-10-05.xlsx
2013-12-09,0.744000,2.679000,0.196000,1.102000,"Bloomberg BGN, exported by Charlie",france_italy_1y5y_bbg_2026-10-05.xlsx
2013-12-10,0.710000,2.590000,0.195000,1.101000,"Bloomberg BGN, exported by Charlie",france_italy_1y5y_bbg_2026-10-05.xlsx
2013-12-11,0.728000,2.598000,0.205000,1.094000,"Bloomberg BGN, exported by Charlie",france_italy_1y5y_bbg_2026-10-05.xlsx
2013-12-12,0.774000,2.664000,0.235000,1.124000,"Bloomberg BGN, exported by Charlie",france_italy_1y5y_bbg_2026-10-05.xlsx
2013-12-13,0.783000,2.636000,0.231000,1.117000,"Bloomberg BGN, exported by Charlie",france_italy_1y5y_bbg_2026-10-05.xlsx
2013-12-16,0.775000,2.618000,0.241000,1.131000,"Bloomberg BGN, exported by Charlie",france_italy_1y5y_bbg_2026-10-05.xlsx
2013-12-17,0.793000,2.615000,0.239000,1.117000,"Bloomberg BGN, exported by Charlie",france_italy_1y5y_bbg_2026-10-05.xlsx
2013-12-18,0.795000,2.666000,0.230000,1.141000,"Bloomberg BGN, exported by Charlie",france_italy_1y5y_bbg_2026-10-05.xlsx
2013-12-19,0.798000,2.670000,0.206000,1.138000,"Bloomberg BGN, exported by Charlie",france_italy_1y5y_bbg_2026-10-05.xlsx
2013-12-20,0.802000,2.697000,0.213000,1.158000,"Bloomberg BGN, exported by Charlie",france_italy_1y5y_bbg_2026-10-05.xlsx
2013-12-23,0.810000,2.767000,0.214000,1.168000,"Bloomberg BGN, exported by Charlie",france_italy_1y5y_bbg_2026-10-05.xlsx
2013-12-24,0.837000,2.763000,0.221000,1.167000,"Bloomberg BGN, exported by Charlie",france_italy_1y5y_bbg_2026-10-05.xlsx
2013-12-27,0.924000,2.806000,0.203000,1.239000,"Bloomberg BGN, exported by Charlie",france_italy_1y5y_bbg_2026-10-05.xlsx
2013-12-30,0.840000,2.705000,0.192000,1.219000,"Bloomberg BGN, exported by Charlie",france_italy_1y5y_bbg_2026-10-05.xlsx
2013-12-31,0.890000,2.715000,0.208000,1.213000,"Bloomberg BGN, exported by Charlie",france_italy_1y5y_bbg_2026-10-05.xlsx
2014-01-02,0.718000,2.561000,0.189000,1.216000,"Bloomberg BGN, exported by Charlie",france_italy_1y5y_bbg_2026-10-05.xlsx
2014-01-03,0.674000,2.485000,0.182000,1.188000,"Bloomberg BGN, exported by Charlie",france_italy_1y5y_bbg_2026-10-05.xlsx
2014-01-06,0.683000,2.519000,0.169000,1.176000,"Bloomberg BGN, exported by Charlie",france_italy_1y5y_bbg_2026-10-05.xlsx
2014-01-07,0.644000,2.437000,0.174000,1.166000,"Bloomberg BGN, exported by Charlie",france_italy_1y5y_bbg_2026-10-05.xlsx
2014-01-08,0.675000,2.453000,0.171000,1.184000,"Bloomberg BGN, exported by Charlie",france_italy_1y5y_bbg_2026-10-05.xlsx
2014-01-09,0.670000,2.470000,0.164000,1.220000,"Bloomberg BGN, exported by Charlie",france_italy_1y5y_bbg_2026-10-05.xlsx
2014-01-10,0.674000,2.456000,0.159000,1.161000,"Bloomberg BGN, exported by Charlie",france_italy_1y5y_bbg_2026-10-05.xlsx
2014-01-13,0.726000,2.430000,0.167000,1.143000,"Bloomberg BGN, exported by Charlie",france_italy_1y5y_bbg_2026-10-05.xlsx
2014-01-14,0.722000,2.436000,0.190000,1.140000,"Bloomberg BGN, exported by Charlie",france_italy_1y5y_bbg_2026-10-05.xlsx
2014-01-15,0.720000,2.422000,0.194000,1.160000,"Bloomberg BGN, exported by Charlie",france_italy_1y5y_bbg_2026-10-05.xlsx
2014-01-16,0.729000,2.406000,0.195000,1.127000,"Bloomberg BGN, exported by Charlie",france_italy_1y5y_bbg_2026-10-05.xlsx
2014-01-17,0.727000,2.401000,0.183000,1.087000,"Bloomberg BGN, exported by Charlie",france_italy_1y5y_bbg_2026-10-05.xlsx
2014-01-20,0.725000,2.380000,0.186000,1.058000,"Bloomberg BGN, exported by Charlie",france_italy_1y5y_bbg_2026-10-05.xlsx
2014-01-21,0.728000,2.413000,0.187000,1.064000,"Bloomberg BGN, exported by Charlie",france_italy_1y5y_bbg_2026-10-05.xlsx
2014-01-22,0.710000,2.412000,0.185000,1.090000,"Bloomberg BGN, exported by Charlie",france_italy_1y5y_bbg_2026-10-05.xlsx
2014-01-23,0.714000,2.440000,0.185000,1.087000,"Bloomberg BGN, exported by Charlie",france_italy_1y5y_bbg_2026-10-05.xlsx
2014-01-24,0.735000,2.493000,0.171000,1.038000,"Bloomberg BGN, exported by Charlie",france_italy_1y5y_bbg_2026-10-05.xlsx
2014-01-27,0.750000,2.491000,0.188000,1.030000,"Bloomberg BGN, exported by Charlie",france_italy_1y5y_bbg_2026-10-05.xlsx
2014-01-28,0.728000,2.448000,0.182000,1.019000,"Bloomberg BGN, exported by Charlie",france_italy_1y5y_bbg_2026-10-05.xlsx
2014-01-29,0.739000,2.426000,0.178000,0.997000,"Bloomberg BGN, exported by Charlie",france_italy_1y5y_bbg_2026-10-05.xlsx
2014-01-30,0.717000,2.371000,0.158000,0.963000,"Bloomberg BGN, exported by Charlie",france_italy_1y5y_bbg_2026-10-05.xlsx
2014-01-31,0.689000,2.294000,0.134000,0.883000,"Bloomberg BGN, exported by Charlie",france_italy_1y5y_bbg_2026-10-05.xlsx
2014-02-03,0.682000,2.290000,0.143000,0.885000,"Bloomberg BGN, exported by Charlie",france_italy_1y5y_bbg_2026-10-05.xlsx
2014-02-04,0.656000,2.285000,0.137000,0.901000,"Bloomberg BGN, exported by Charlie",france_italy_1y5y_bbg_2026-10-05.xlsx
2014-02-05,0.627000,2.251000,0.139000,0.902000,"Bloomberg BGN, exported by Charlie",france_italy_1y5y_bbg_2026-10-05.xlsx
2014-02-06,0.634000,2.282000,0.160000,0.965000,"Bloomberg BGN, exported by Charlie",france_italy_1y5y_bbg_2026-10-05.xlsx
2014-02-07,0.620000,2.211000,0.147000,0.920000,"Bloomberg BGN, exported by Charlie",france_italy_1y5y_bbg_2026-10-05.xlsx
2014-02-10,0.641000,2.220000,0.160000,0.946000,"Bloomberg BGN, exported by Charlie",france_italy_1y5y_bbg_2026-10-05.xlsx
2014-02-11,0.659000,2.228000,0.158000,0.951000,"Bloomberg BGN, exported by Charlie",france_italy_1y5y_bbg_2026-10-05.xlsx
2014-02-12,0.653000,2.261000,0.155000,0.974000,"Bloomberg BGN, exported by Charlie",france_italy_1y5y_bbg_2026-10-05.xlsx
2014-02-13,0.676000,2.235000,0.143000,0.934000,"Bloomberg BGN, exported by Charlie",france_italy_1y5y_bbg_2026-10-05.xlsx
2014-02-14,0.663000,2.211000,0.151000,0.958000,"Bloomberg BGN, exported by Charlie",france_italy_1y5y_bbg_2026-10-05.xlsx
2014-02-17,0.629000,2.151000,0.152000,1.112000,"Bloomberg BGN, exported by Charlie",france_italy_1y5y_bbg_2026-10-05.xlsx
2014-02-18,0.612000,2.102000,0.152000,1.077000,"Bloomberg BGN, exported by Charlie",france_italy_1y5y_bbg_2026-10-05.xlsx
2014-02-19,0.612000,2.125000,0.149000,1.076000,"Bloomberg BGN, exported by Charlie",france_italy_1y5y_bbg_2026-10-05.xlsx
2014-02-20,0.605000,2.188000,0.155000,1.102000,"Bloomberg BGN, exported by Charlie",france_italy_1y5y_bbg_2026-10-05.xlsx
2014-02-21,0.596000,2.131000,0.156000,1.066000,"Bloomberg BGN, exported by Charlie",france_italy_1y5y_bbg_2026-10-05.xlsx
2014-02-24,0.606000,2.145000,0.156000,1.087000,"Bloomberg BGN, exported by Charlie",france_italy_1y5y_bbg_2026-10-05.xlsx
2014-02-25,0.592000,2.134000,0.155000,1.056000,"Bloomberg BGN, exported by Charlie",france_italy_1y5y_bbg_2026-10-05.xlsx
2014-02-26,0.583000,2.092000,0.149000,1.018000,"Bloomberg BGN, exported by Charlie",france_italy_1y5y_bbg_2026-10-05.xlsx
2014-02-27,0.571000,2.042000,0.136000,0.960000,"Bloomberg BGN, exported by Charlie",france_italy_1y5y_bbg_2026-10-05.xlsx
2014-02-28,0.578000,2.056000,0.157000,1.054000,"Bloomberg BGN, exported by Charlie",france_italy_1y5y_bbg_2026-10-05.xlsx
2014-03-03,0.569000,2.034000,0.150000,1.000000,"Bloomberg BGN, exported by Charlie",france_italy_1y5y_bbg_2026-10-05.xlsx
2014-03-04,0.548000,2.113000,0.153000,1.020000,"Bloomberg BGN, exported by Charlie",france_italy_1y5y_bbg_2026-10-05.xlsx
2014-03-05,0.522000,2.042000,0.152000,1.012000,"Bloomberg BGN, exported by Charlie",france_italy_1y5y_bbg_2026-10-05.xlsx
2014-03-06,0.555000,2.115000,0.178000,1.061000,"Bloomberg BGN, exported by Charlie",france_italy_1y5y_bbg_2026-10-05.xlsx
2014-03-07,0.561000,2.109000,0.206000,1.066000,"Bloomberg BGN, exported by Charlie",france_italy_1y5y_bbg_2026-10-05.xlsx
2014-03-10,0.542000,2.067000,0.196000,1.048000,"Bloomberg BGN, exported by Charlie",france_italy_1y5y_bbg_2026-10-05.xlsx
2014-03-11,0.560000,2.097000,0.200000,1.061000,"Bloomberg BGN, exported by Charlie",france_italy_1y5y_bbg_2026-10-05.xlsx
2014-03-12,0.557000,2.110000,0.198000,1.025000,"Bloomberg BGN, exported by Charlie",france_italy_1y5y_bbg_2026-10-05.xlsx
2014-03-13,0.594000,2.118000,0.188000,0.978000,"Bloomberg BGN, exported by Charlie",france_italy_1y5y_bbg_2026-10-05.xlsx
2014-03-14,0.596000,2.101000,0.200000,0.989000,"Bloomberg BGN, exported by Charlie",france_italy_1y5y_bbg_2026-10-05.xlsx
2014-03-17,0.585000,2.072000,0.198000,1.000000,"Bloomberg BGN, exported by Charlie",france_italy_1y5y_bbg_2026-10-05.xlsx
2014-03-18,0.575000,2.057000,0.196000,0.988000,"Bloomberg BGN, exported by Charlie",france_italy_1y5y_bbg_2026-10-05.xlsx
2014-03-19,0.580000,2.080000,0.198000,1.019000,"Bloomberg BGN, exported by Charlie",france_italy_1y5y_bbg_2026-10-05.xlsx
2014-03-20,0.594000,2.121000,0.211000,1.069000,"Bloomberg BGN, exported by Charlie",france_italy_1y5y_bbg_2026-10-05.xlsx
2014-03-21,0.591000,2.099000,0.217000,1.049000,"Bloomberg BGN, exported by Charlie",france_italy_1y5y_bbg_2026-10-05.xlsx
2014-03-24,0.600000,2.115000,0.213000,1.012000,"Bloomberg BGN, exported by Charlie",france_italy_1y5y_bbg_2026-10-05.xlsx
2014-03-25,0.604000,2.083000,0.193000,1.000000,"Bloomberg BGN, exported by Charlie",france_italy_1y5y_bbg_2026-10-05.xlsx
2014-03-26,0.598000,1.998000,0.196000,0.971000,"Bloomberg BGN, exported by Charlie",france_italy_1y5y_bbg_2026-10-05.xlsx
2014-03-27,0.588000,1.950000,0.178000,0.937000,"Bloomberg BGN, exported by Charlie",france_italy_1y5y_bbg_2026-10-05.xlsx
2014-03-28,0.602000,1.962000,0.184000,0.947000,"Bloomberg BGN, exported by Charlie",france_italy_1y5y_bbg_2026-10-05.xlsx
2014-03-31,0.603000,1.940000,0.197000,0.965000,"Bloomberg BGN, exported by Charlie",france_italy_1y5y_bbg_2026-10-05.xlsx
2014-04-01,0.588000,1.928000,0.204000,0.988000,"Bloomberg BGN, exported by Charlie",france_italy_1y5y_bbg_2026-10-05.xlsx
2014-04-02,0.584000,1.937000,0.201000,1.013000,"Bloomberg BGN, exported by Charlie",france_italy_1y5y_bbg_2026-10-05.xlsx
2014-04-03,0.564000,1.865000,0.198000,0.975000,"Bloomberg BGN, exported by Charlie",france_italy_1y5y_bbg_2026-10-05.xlsx
2014-04-04,0.536000,1.759000,0.187000,0.882000,"Bloomberg BGN, exported by Charlie",france_italy_1y5y_bbg_2026-10-05.xlsx
2014-04-07,0.542000,1.778000,0.195000,0.904000,"Bloomberg BGN, exported by Charlie",france_italy_1y5y_bbg_2026-10-05.xlsx
2014-04-08,0.549000,1.825000,0.190000,0.929000,"Bloomberg BGN, exported by Charlie",france_italy_1y5y_bbg_2026-10-05.xlsx
2014-04-09,0.556000,1.815000,0.192000,0.961000,"Bloomberg BGN, exported by Charlie",france_italy_1y5y_bbg_2026-10-05.xlsx
2014-04-10,0.564000,1.783000,0.182000,0.899000,"Bloomberg BGN, exported by Charlie",france_italy_1y5y_bbg_2026-10-05.xlsx
2014-04-11,0.613000,1.848000,0.190000,0.897000,"Bloomberg BGN, exported by Charlie",france_italy_1y5y_bbg_2026-10-05.xlsx
2014-04-14,0.608000,1.824000,0.184000,0.899000,"Bloomberg BGN, exported by Charlie",france_italy_1y5y_bbg_2026-10-05.xlsx
2014-04-15,0.592000,1.753000,0.181000,0.846000,"Bloomberg BGN, exported by Charlie",france_italy_1y5y_bbg_2026-10-05.xlsx
2014-04-16,0.590000,1.751000,0.186000,0.855000,"Bloomberg BGN, exported by Charlie",france_italy_1y5y_bbg_2026-10-05.xlsx
2014-04-17,0.600000,1.776000,0.193000,0.901000,"Bloomberg BGN, exported by Charlie",france_italy_1y5y_bbg_2026-10-05.xlsx
2014-04-22,0.594000,1.763000,0.194000,0.919000,"Bloomberg BGN, exported by Charlie",france_italy_1y5y_bbg_2026-10-05.xlsx
2014-04-23,0.597000,1.758000,0.196000,0.922000,"Bloomberg BGN, exported by Charlie",france_italy_1y5y_bbg_2026-10-05.xlsx
2014-04-24,0.603000,1.795000,0.202000,0.934000,"Bloomberg BGN, exported by Charlie",france_italy_1y5y_bbg_2026-10-05.xlsx
2014-04-25,0.624000,1.810000,0.195000,0.905000,"Bloomberg BGN, exported by Charlie",france_italy_1y5y_bbg_2026-10-05.xlsx
2014-04-28,0.644000,1.843000,0.203000,0.914000,"Bloomberg BGN, exported by Charlie",france_italy_1y5y_bbg_2026-10-05.xlsx
2014-04-29,0.613000,1.833000,0.179000,0.897000,"Bloomberg BGN, exported by Charlie",france_italy_1y5y_bbg_2026-10-05.xlsx
2014-04-30,0.607000,1.779000,0.184000,0.863000,"Bloomberg BGN, exported by Charlie",france_italy_1y5y_bbg_2026-10-05.xlsx
2014-05-02,0.596000,1.754000,0.184000,0.823000,"Bloomberg BGN, exported by Charlie",france_italy_1y5y_bbg_2026-10-05.xlsx
2014-05-05,0.597000,1.734000,0.190000,0.835000,"Bloomberg BGN, exported by Charlie",france_italy_1y5y_bbg_2026-10-05.xlsx
2014-05-06,0.590000,1.701000,0.188000,0.839000,"Bloomberg BGN, exported by Charlie",france_italy_1y5y_bbg_2026-10-05.xlsx
2014-05-07,0.601000,1.718000,0.189000,0.862000,"Bloomberg BGN, exported by Charlie",france_italy_1y5y_bbg_2026-10-05.xlsx
2014-05-08,0.570000,1.638000,0.168000,0.807000,"Bloomberg BGN, exported by Charlie",france_italy_1y5y_bbg_2026-10-05.xlsx
2014-05-09,0.604000,1.675000,0.174000,0.799000,"Bloomberg BGN, exported by Charlie",france_italy_1y5y_bbg_2026-10-05.xlsx
2014-05-12,0.606000,1.710000,0.173000,0.814000,"Bloomberg BGN, exported by Charlie",france_italy_1y5y_bbg_2026-10-05.xlsx
2014-05-13,0.636000,1.686000,0.159000,0.774000,"Bloomberg BGN, exported by Charlie",france_italy_1y5y_bbg_2026-10-05.xlsx
2014-05-14,0.585000,1.644000,0.140000,0.709000,"Bloomberg BGN, exported by Charlie",france_italy_1y5y_bbg_2026-10-05.xlsx
2014-05-15,0.622000,1.802000,0.120000,0.686000,"Bloomberg BGN, exported by Charlie",france_italy_1y5y_bbg_2026-10-05.xlsx
2014-05-16,0.618000,1.747000,0.131000,0.699000,"Bloomberg BGN, exported by Charlie",france_italy_1y5y_bbg_2026-10-05.xlsx
2014-05-19,0.669000,1.830000,0.129000,0.716000,"Bloomberg BGN, exported by Charlie",france_italy_1y5y_bbg_2026-10-05.xlsx
2014-05-20,0.707000,1.968000,0.123000,0.731000,"Bloomberg BGN, exported by Charlie",france_italy_1y5y_bbg_2026-10-05.xlsx
2014-05-21,0.684000,1.903000,0.121000,0.737000,"Bloomberg BGN, exported by Charlie",france_italy_1y5y_bbg_2026-10-05.xlsx
2014-05-22,0.671000,1.954000,0.120000,0.709000,"Bloomberg BGN, exported by Charlie",france_italy_1y5y_bbg_2026-10-05.xlsx
2014-05-23,0.626000,1.839000,0.111000,0.705000,"Bloomberg BGN, exported by Charlie",france_italy_1y5y_bbg_2026-10-05.xlsx
2014-05-26,0.583000,1.688000,0.103000,0.702000,"Bloomberg BGN, exported by Charlie",france_italy_1y5y_bbg_2026-10-05.xlsx
2014-05-27,0.578000,1.703000,0.103000,0.677000,"Bloomberg BGN, exported by Charlie",france_italy_1y5y_bbg_2026-10-05.xlsx
2014-05-28,0.552000,1.648000,0.103000,0.638000,"Bloomberg BGN, exported by Charlie",france_italy_1y5y_bbg_2026-10-05.xlsx
2014-05-29,0.548000,1.688000,0.106000,0.650000,"Bloomberg BGN, exported by Charlie",france_italy_1y5y_bbg_2026-10-05.xlsx
2014-05-30,0.553000,1.679000,0.108000,0.674000,"Bloomberg BGN, exported by Charlie",france_italy_1y5y_bbg_2026-10-05.xlsx
2014-06-02,0.542000,1.671000,0.102000,0.674000,"Bloomberg BGN, exported by Charlie",france_italy_1y5y_bbg_2026-10-05.xlsx
2014-06-03,0.539000,1.688000,0.101000,0.704000,"Bloomberg BGN, exported by Charlie",france_italy_1y5y_bbg_2026-10-05.xlsx
2014-06-04,0.536000,1.710000,0.091000,0.722000,"Bloomberg BGN, exported by Charlie",france_italy_1y5y_bbg_2026-10-05.xlsx
2014-06-05,0.444000,1.586000,0.075000,0.641000,"Bloomberg BGN, exported by Charlie",france_italy_1y5y_bbg_2026-10-05.xlsx
2014-06-06,0.412000,1.354000,0.079000,0.544000,"Bloomberg BGN, exported by Charlie",france_italy_1y5y_bbg_2026-10-05.xlsx
2014-06-09,0.428000,1.295000,0.074000,0.567000,"Bloomberg BGN, exported by Charlie",france_italy_1y5y_bbg_2026-10-05.xlsx
2014-06-10,0.475000,1.428000,0.075000,0.617000,"Bloomberg BGN, exported by Charlie",france_italy_1y5y_bbg_2026-10-05.xlsx
2014-06-11,0.465000,1.440000,0.053000,0.607000,"Bloomberg BGN, exported by Charlie",france_italy_1y5y_bbg_2026-10-05.xlsx
2014-06-12,0.442000,1.427000,0.046000,0.598000,"Bloomberg BGN, exported by Charlie",france_italy_1y5y_bbg_2026-10-05.xlsx
2014-06-13,0.404000,1.390000,0.029000,0.592000,"Bloomberg BGN, exported by Charlie",france_italy_1y5y_bbg_2026-10-05.xlsx
2014-06-16,0.415000,1.429000,0.027000,0.589000,"Bloomberg BGN, exported by Charlie",france_italy_1y5y_bbg_2026-10-05.xlsx
2014-06-17,0.426000,1.477000,0.037000,0.632000,"Bloomberg BGN, exported by Charlie",france_italy_1y5y_bbg_2026-10-05.xlsx
2014-06-18,0.442000,1.524000,0.035000,0.614000,"Bloomberg BGN, exported by Charlie",france_italy_1y5y_bbg_2026-10-05.xlsx
2014-06-19,0.445000,1.487000,0.035000,0.559000,"Bloomberg BGN, exported by Charlie",france_italy_1y5y_bbg_2026-10-05.xlsx
2014-06-20,0.446000,1.515000,0.037000,0.581000,"Bloomberg BGN, exported by Charlie",france_italy_1y5y_bbg_2026-10-05.xlsx
2014-06-23,0.437000,1.473000,0.035000,0.577000,"Bloomberg BGN, exported by Charlie",france_italy_1y5y_bbg_2026-10-05.xlsx
2014-06-24,0.410000,1.419000,0.042000,0.567000,"Bloomberg BGN, exported by Charlie",france_italy_1y5y_bbg_2026-10-05.xlsx
2014-06-25,0.414000,1.397000,0.038000,0.638000,"Bloomberg BGN, exported by Charlie",france_italy_1y5y_bbg_2026-10-05.xlsx
2014-06-26,0.413000,1.359000,0.038000,0.632000,"Bloomberg BGN, exported by Charlie",france_italy_1y5y_bbg_2026-10-05.xlsx
2014-06-27,0.390000,1.355000,0.040000,0.660000,"Bloomberg BGN, exported by Charlie",france_italy_1y5y_bbg_2026-10-05.xlsx
2014-06-30,0.376000,1.354000,0.036000,0.642000,"Bloomberg BGN, exported by Charlie",france_italy_1y5y_bbg_2026-10-05.xlsx
2014-07-01,0.352000,1.346000,0.028000,0.636000,"Bloomberg BGN, exported by Charlie",france_italy_1y5y_bbg_2026-10-05.xlsx
2014-07-02,0.369000,1.412000,0.032000,0.663000,"Bloomberg BGN, exported by Charlie",france_italy_1y5y_bbg_2026-10-05.xlsx
2014-07-03,0.347000,1.348000,0.027000,0.641000,"Bloomberg BGN, exported by Charlie",france_italy_1y5y_bbg_2026-10-05.xlsx
2014-07-04,0.329000,1.316000,0.024000,0.627000,"Bloomberg BGN, exported by Charlie",france_italy_1y5y_bbg_2026-10-05.xlsx
2014-07-07,0.332000,1.312000,0.028000,0.616000,"Bloomberg BGN, exported by Charlie",france_italy_1y5y_bbg_2026-10-05.xlsx
2014-07-08,0.343000,1.353000,0.029000,0.583000,"Bloomberg BGN, exported by Charlie",france_italy_1y5y_bbg_2026-10-05.xlsx
2014-07-09,0.363000,1.381000,0.030000,0.590000,"Bloomberg BGN, exported by Charlie",france_italy_1y5y_bbg_2026-10-05.xlsx
2014-07-10,0.378000,1.440000,0.027000,0.578000,"Bloomberg BGN, exported by Charlie",france_italy_1y5y_bbg_2026-10-05.xlsx
2014-07-11,0.395000,1.391000,0.029000,0.581000,"Bloomberg BGN, exported by Charlie",france_italy_1y5y_bbg_2026-10-05.xlsx
2014-07-14,0.388000,1.381000,0.027000,0.587000,"Bloomberg BGN, exported by Charlie",france_italy_1y5y_bbg_2026-10-05.xlsx
2014-07-15,0.380000,1.353000,0.032000,0.582000,"Bloomberg BGN, exported by Charlie",france_italy_1y5y_bbg_2026-10-05.xlsx
2014-07-16,0.361000,1.335000,0.023000,0.569000,"Bloomberg BGN, exported by Charlie",france_italy_1y5y_bbg_2026-10-05.xlsx
2014-07-17,0.355000,1.297000,0.019000,0.553000,"Bloomberg BGN, exported by Charlie",france_italy_1y5y_bbg_2026-10-05.xlsx
2014-07-18,0.348000,1.294000,0.019000,0.566000,"Bloomberg BGN, exported by Charlie",france_italy_1y5y_bbg_2026-10-05.xlsx
2014-07-21,0.351000,1.283000,0.022000,0.557000,"Bloomberg BGN, exported by Charlie",france_italy_1y5y_bbg_2026-10-05.xlsx
2014-07-22,0.353000,1.296000,0.023000,0.553000,"Bloomberg BGN, exported by Charlie",france_italy_1y5y_bbg_2026-10-05.xlsx
2014-07-23,0.357000,1.277000,0.021000,0.531000,"Bloomberg BGN, exported by Charlie",france_italy_1y5y_bbg_2026-10-05.xlsx
2014-07-24,0.346000,1.265000,0.023000,0.550000,"Bloomberg BGN, exported by Charlie",france_italy_1y5y_bbg_2026-10-05.xlsx
2014-07-25,0.344000,1.237000,0.018000,0.533000,"Bloomberg BGN, exported by Charlie",france_italy_1y5y_bbg_2026-10-05.xlsx
2014-07-28,0.321000,1.175000,0.024000,0.537000,"Bloomberg BGN, exported by Charlie",france_italy_1y5y_bbg_2026-10-05.xlsx
2014-07-29,0.290000,1.157000,0.022000,0.519000,"Bloomberg BGN, exported by Charlie",france_italy_1y5y_bbg_2026-10-05.xlsx
2014-07-30,0.312000,1.249000,0.026000,0.543000,"Bloomberg BGN, exported by Charlie",france_italy_1y5y_bbg_2026-10-05.xlsx
2014-07-31,0.310000,1.234000,0.024000,0.525000,"Bloomberg BGN, exported by Charlie",france_italy_1y5y_bbg_2026-10-05.xlsx
2014-08-01,0.314000,1.287000,0.025000,0.520000,"Bloomberg BGN, exported by Charlie",france_italy_1y5y_bbg_2026-10-05.xlsx
2014-08-04,0.269000,1.217000,0.027000,0.520000,"Bloomberg BGN, exported by Charlie",france_italy_1y5y_bbg_2026-10-05.xlsx
2014-08-05,0.256000,1.248000,0.027000,0.550000,"Bloomberg BGN, exported by Charlie",france_italy_1y5y_bbg_2026-10-05.xlsx
2014-08-06,0.256000,1.313000,0.021000,0.522000,"Bloomberg BGN, exported by Charlie",france_italy_1y5y_bbg_2026-10-05.xlsx
2014-08-07,0.254000,1.359000,0.017000,0.502000,"Bloomberg BGN, exported by Charlie",france_italy_1y5y_bbg_2026-10-05.xlsx
2014-08-08,0.255000,1.309000,0.018000,0.492000,"Bloomberg BGN, exported by Charlie",france_italy_1y5y_bbg_2026-10-05.xlsx
2014-08-11,0.259000,1.266000,0.018000,0.498000,"Bloomberg BGN, exported by Charlie",france_italy_1y5y_bbg_2026-10-05.xlsx
2014-08-12,0.251000,1.233000,0.012000,0.488000,"Bloomberg BGN, exported by Charlie",france_italy_1y5y_bbg_2026-10-05.xlsx
2014-08-13,0.269000,1.214000,0.016000,0.452000,"Bloomberg BGN, exported by Charlie",france_italy_1y5y_bbg_2026-10-05.xlsx
2014-08-14,0.243000,1.177000,0.017000,0.444000,"Bloomberg BGN, exported by Charlie",france_italy_1y5y_bbg_2026-10-05.xlsx
2014-08-15,0.257000,1.209000,0.015000,0.410000,"Bloomberg BGN, exported by Charlie",france_italy_1y5y_bbg_2026-10-05.xlsx
2014-08-18,0.258000,1.248000,0.016000,0.458000,"Bloomberg BGN, exported by Charlie",france_italy_1y5y_bbg_2026-10-05.xlsx
2014-08-19,0.258000,1.208000,0.010000,0.448000,"Bloomberg BGN, exported by Charlie",france_italy_1y5y_bbg_2026-10-05.xlsx
2014-08-20,0.255000,1.210000,0.005000,0.438000,"Bloomberg BGN, exported by Charlie",france_italy_1y5y_bbg_2026-10-05.xlsx
2014-08-21,0.262000,1.195000,0.008000,0.449000,"Bloomberg BGN, exported by Charlie",france_italy_1y5y_bbg_2026-10-05.xlsx
2014-08-22,0.248000,1.163000,0.010000,0.438000,"Bloomberg BGN, exported by Charlie",france_italy_1y5y_bbg_2026-10-05.xlsx
2014-08-25,0.209000,1.073000,0.000000,0.383000,"Bloomberg BGN, exported by Charlie",france_italy_1y5y_bbg_2026-10-05.xlsx
2014-08-26,0.217000,1.054000,0.002000,0.373000,"Bloomberg BGN, exported by Charlie",france_italy_1y5y_bbg_2026-10-05.xlsx
2014-08-27,0.261000,1.082000,0.006000,0.353000,"Bloomberg BGN, exported by Charlie",france_italy_1y5y_bbg_2026-10-05.xlsx
2014-08-28,0.269000,1.148000,0.011000,0.357000,"Bloomberg BGN, exported by Charlie",france_italy_1y5y_bbg_2026-10-05.xlsx
2014-08-29,0.254000,1.148000,-0.002000,0.366000,"Bloomberg BGN, exported by Charlie",france_italy_1y5y_bbg_2026-10-05.xlsx
2014-09-01,0.241000,1.125000,-0.004000,0.357000,"Bloomberg BGN, exported by Charlie",france_italy_1y5y_bbg_2026-10-05.xlsx
2014-09-02,0.244000,1.144000,-0.004000,0.387000,"Bloomberg BGN, exported by Charlie",france_italy_1y5y_bbg_2026-10-05.xlsx
2014-09-03,0.246000,1.131000,0.002000,0.403000,"Bloomberg BGN, exported by Charlie",france_italy_1y5y_bbg_2026-10-05.xlsx
2014-09-04,0.189000,1.027000,-0.054000,0.319000,"Bloomberg BGN, exported by Charlie",france_italy_1y5y_bbg_2026-10-05.xlsx
2014-09-05,0.187000,0.954000,-0.059000,0.291000,"Bloomberg BGN, exported by Charlie",france_italy_1y5y_bbg_2026-10-05.xlsx
2014-09-08,0.198000,0.995000,-0.059000,0.305000,"Bloomberg BGN, exported by Charlie",france_italy_1y5y_bbg_2026-10-05.xlsx
2014-09-09,0.231000,1.045000,-0.055000,0.347000,"Bloomberg BGN, exported by Charlie",france_italy_1y5y_bbg_2026-10-05.xlsx
2014-09-10,0.239000,1.077000,-0.052000,0.354000,"Bloomberg BGN, exported by Charlie",france_italy_1y5y_bbg_2026-10-05.xlsx
2014-09-11,0.266000,1.124000,-0.056000,0.386000,"Bloomberg BGN, exported by Charlie",france_italy_1y5y_bbg_2026-10-05.xlsx
2014-09-12,0.269000,1.131000,-0.046000,0.407000,"Bloomberg BGN, exported by Charlie",france_italy_1y5y_bbg_2026-10-05.xlsx
2014-09-15,0.274000,1.136000,-0.045000,0.403000,"Bloomberg BGN, exported by Charlie",france_italy_1y5y_bbg_2026-10-05.xlsx
2014-09-16,0.282000,1.111000,-0.024000,0.423000,"Bloomberg BGN, exported by Charlie",france_italy_1y5y_bbg_2026-10-05.xlsx
2014-09-17,0.260000,1.059000,-0.029000,0.393000,"Bloomberg BGN, exported by Charlie",france_italy_1y5y_bbg_2026-10-05.xlsx
2014-09-18,0.268000,1.073000,-0.023000,0.438000,"Bloomberg BGN, exported by Charlie",france_italy_1y5y_bbg_2026-10-05.xlsx
2014-09-19,0.247000,1.010000,-0.033000,0.393000,"Bloomberg BGN, exported by Charlie",france_italy_1y5y_bbg_2026-10-05.xlsx
2014-09-22,0.258000,1.029000,-0.035000,0.361000,"Bloomberg BGN, exported by Charlie",france_italy_1y5y_bbg_2026-10-05.xlsx
2014-09-23,0.269000,1.054000,-0.028000,0.377000,"Bloomberg BGN, exported by Charlie",france_italy_1y5y_bbg_2026-10-05.xlsx
2014-09-24,0.266000,1.046000,-0.030000,0.370000,"Bloomberg BGN, exported by Charlie",france_italy_1y5y_bbg_2026-10-05.xlsx
2014-09-25,0.274000,1.023000,-0.033000,0.355000,"Bloomberg BGN, exported by Charlie",france_italy_1y5y_bbg_2026-10-05.xlsx
2014-09-26,0.277000,1.049000,-0.032000,0.345000,"Bloomberg BGN, exported by Charlie",france_italy_1y5y_bbg_2026-10-05.xlsx
2014-09-29,0.273000,1.073000,-0.031000,0.345000,"Bloomberg BGN, exported by Charlie",france_italy_1y5y_bbg_2026-10-05.xlsx
2014-09-30,0.253000,1.020000,-0.032000,0.331000,"Bloomberg BGN, exported by Charlie",france_italy_1y5y_bbg_2026-10-05.xlsx
2014-10-01,0.248000,0.980000,-0.040000,0.312000,"Bloomberg BGN, exported by Charlie",france_italy_1y5y_bbg_2026-10-05.xlsx
2014-10-02,0.251000,1.017000,-0.041000,0.331000,"Bloomberg BGN, exported by Charlie",france_italy_1y5y_bbg_2026-10-05.xlsx
2014-10-03,0.247000,1.012000,-0.035000,0.349000,"Bloomberg BGN, exported by Charlie",france_italy_1y5y_bbg_2026-10-05.xlsx
2014-10-06,0.248000,1.049000,-0.033000,0.345000,"Bloomberg BGN, exported by Charlie",france_italy_1y5y_bbg_2026-10-05.xlsx
2014-10-07,0.274000,1.061000,-0.033000,0.356000,"Bloomberg BGN, exported by Charlie",france_italy_1y5y_bbg_2026-10-05.xlsx
2014-10-08,0.297000,1.069000,-0.040000,0.343000,"Bloomberg BGN, exported by Charlie",france_italy_1y5y_bbg_2026-10-05.xlsx
2014-10-09,0.310000,1.053000,-0.034000,0.331000,"Bloomberg BGN, exported by Charlie",france_italy_1y5y_bbg_2026-10-05.xlsx
2014-10-10,0.284000,1.049000,-0.030000,0.337000,"Bloomberg BGN, exported by Charlie",france_italy_1y5y_bbg_2026-10-05.xlsx
2014-10-13,0.309000,1.062000,-0.022000,0.352000,"Bloomberg BGN, exported by Charlie",france_italy_1y5y_bbg_2026-10-05.xlsx
2014-10-14,0.316000,1.044000,-0.026000,0.319000,"Bloomberg BGN, exported by Charlie",france_italy_1y5y_bbg_2026-10-05.xlsx
2014-10-15,0.335000,1.144000,-0.037000,0.294000,"Bloomberg BGN, exported by Charlie",france_italy_1y5y_bbg_2026-10-05.xlsx
2014-10-16,0.460000,1.322000,-0.027000,0.398000,"Bloomberg BGN, exported by Charlie",france_italy_1y5y_bbg_2026-10-05.xlsx
2014-10-17,0.415000,1.228000,-0.030000,0.407000,"Bloomberg BGN, exported by Charlie",france_italy_1y5y_bbg_2026-10-05.xlsx
2014-10-20,0.410000,1.296000,-0.022000,0.403000,"Bloomberg BGN, exported by Charlie",france_italy_1y5y_bbg_2026-10-05.xlsx
2014-10-21,0.402000,1.227000,-0.019000,0.386000,"Bloomberg BGN, exported by Charlie",france_italy_1y5y_bbg_2026-10-05.xlsx
2014-10-22,0.394000,1.219000,-0.011000,0.370000,"Bloomberg BGN, exported by Charlie",france_italy_1y5y_bbg_2026-10-05.xlsx
2014-10-23,0.397000,1.205000,-0.012000,0.377000,"Bloomberg BGN, exported by Charlie",france_italy_1y5y_bbg_2026-10-05.xlsx
2014-10-24,0.424000,1.244000,-0.015000,0.389000,"Bloomberg BGN, exported by Charlie",france_italy_1y5y_bbg_2026-10-05.xlsx
2014-10-27,0.428000,1.280000,-0.009000,0.375000,"Bloomberg BGN, exported by Charlie",france_italy_1y5y_bbg_2026-10-05.xlsx
2014-10-28,0.435000,1.278000,-0.010000,0.370000,"Bloomberg BGN, exported by Charlie",france_italy_1y5y_bbg_2026-10-05.xlsx
2014-10-29,0.431000,1.269000,-0.010000,0.367000,"Bloomberg BGN, exported by Charlie",france_italy_1y5y_bbg_2026-10-05.xlsx
2014-10-30,0.422000,1.242000,-0.015000,0.333000,"Bloomberg BGN, exported by Charlie",france_italy_1y5y_bbg_2026-10-05.xlsx
2014-10-31,0.388000,1.159000,-0.013000,0.291000,"Bloomberg BGN, exported by Charlie",france_italy_1y5y_bbg_2026-10-05.xlsx
2014-11-03,0.373000,1.204000,-0.006000,0.327000,"Bloomberg BGN, exported by Charlie",france_italy_1y5y_bbg_2026-10-05.xlsx
2014-11-04,0.364000,1.225000,-0.011000,0.301000,"Bloomberg BGN, exported by Charlie",france_italy_1y5y_bbg_2026-10-05.xlsx
2014-11-05,0.347000,1.226000,-0.012000,0.301000,"Bloomberg BGN, exported by Charlie",france_italy_1y5y_bbg_2026-10-05.xlsx
2014-11-06,0.311000,1.176000,-0.015000,0.293000,"Bloomberg BGN, exported by Charlie",france_italy_1y5y_bbg_2026-10-05.xlsx
2014-11-07,0.314000,1.172000,-0.014000,0.286000,"Bloomberg BGN, exported by Charlie",france_italy_1y5y_bbg_2026-10-05.xlsx
2014-11-10,0.304000,1.152000,-0.007000,0.292000,"Bloomberg BGN, exported by Charlie",france_italy_1y5y_bbg_2026-10-05.xlsx
2014-11-11,0.304000,1.133000,-0.004000,0.279000,"Bloomberg BGN, exported by Charlie",france_italy_1y5y_bbg_2026-10-05.xlsx
2014-11-12,0.298000,1.149000,-0.009000,0.285000,"Bloomberg BGN, exported by Charlie",france_italy_1y5y_bbg_2026-10-05.xlsx
2014-11-13,0.347000,1.168000,-0.009000,0.286000,"Bloomberg BGN, exported by Charlie",france_italy_1y5y_bbg_2026-10-05.xlsx
2014-11-14,0.327000,1.141000,-0.007000,0.272000,"Bloomberg BGN, exported by Charlie",france_italy_1y5y_bbg_2026-10-05.xlsx
2014-11-17,0.327000,1.105000,-0.007000,0.280000,"Bloomberg BGN, exported by Charlie",france_italy_1y5y_bbg_2026-10-05.xlsx
2014-11-18,0.339000,1.107000,-0.005000,0.284000,"Bloomberg BGN, exported by Charlie",france_italy_1y5y_bbg_2026-10-05.xlsx
2014-11-19,0.348000,1.117000,-0.005000,0.332000,"Bloomberg BGN, exported by Charlie",france_italy_1y5y_bbg_2026-10-05.xlsx
2014-11-20,0.343000,1.102000,-0.004000,0.298000,"Bloomberg BGN, exported by Charlie",france_italy_1y5y_bbg_2026-10-05.xlsx
2014-11-21,0.330000,1.016000,-0.006000,0.282000,"Bloomberg BGN, exported by Charlie",france_italy_1y5y_bbg_2026-10-05.xlsx
2014-11-24,0.314000,0.983000,-0.004000,0.282000,"Bloomberg BGN, exported by Charlie",france_italy_1y5y_bbg_2026-10-05.xlsx
2014-11-25,0.329000,0.952000,-0.007000,0.264000,"Bloomberg BGN, exported by Charlie",france_italy_1y5y_bbg_2026-10-05.xlsx
2014-11-26,0.337000,0.979000,-0.008000,0.270000,"Bloomberg BGN, exported by Charlie",france_italy_1y5y_bbg_2026-10-05.xlsx
2014-11-27,0.318000,0.948000,-0.010000,0.251000,"Bloomberg BGN, exported by Charlie",france_italy_1y5y_bbg_2026-10-05.xlsx
2014-11-28,0.324000,0.953000,-0.010000,0.264000,"Bloomberg BGN, exported by Charlie",france_italy_1y5y_bbg_2026-10-05.xlsx
2014-12-01,0.324000,0.967000,-0.003000,0.272000,"Bloomberg BGN, exported by Charlie",france_italy_1y5y_bbg_2026-10-05.xlsx
2014-12-02,0.324000,0.962000,-0.007000,0.269000,"Bloomberg BGN, exported by Charlie",france_italy_1y5y_bbg_2026-10-05.xlsx
2014-12-03,0.312000,0.936000,-0.006000,0.258000,"Bloomberg BGN, exported by Charlie",france_italy_1y5y_bbg_2026-10-05.xlsx
2014-12-04,0.325000,0.986000,-0.003000,0.270000,"Bloomberg BGN, exported by Charlie",france_italy_1y5y_bbg_2026-10-05.xlsx
2014-12-05,0.332000,0.938000,-0.005000,0.269000,"Bloomberg BGN, exported by Charlie",france_italy_1y5y_bbg_2026-10-05.xlsx
2014-12-08,0.334000,0.944000,-0.009000,0.241000,"Bloomberg BGN, exported by Charlie",france_italy_1y5y_bbg_2026-10-05.xlsx
2014-12-09,0.387000,1.040000,-0.014000,0.255000,"Bloomberg BGN, exported by Charlie",france_italy_1y5y_bbg_2026-10-05.xlsx
2014-12-10,0.381000,1.085000,-0.012000,0.257000,"Bloomberg BGN, exported by Charlie",france_italy_1y5y_bbg_2026-10-05.xlsx
2014-12-11,0.393000,1.091000,-0.011000,0.252000,"Bloomberg BGN, exported by Charlie",france_italy_1y5y_bbg_2026-10-05.xlsx
2014-12-12,0.430000,1.160000,-0.013000,0.238000,"Bloomberg BGN, exported by Charlie",france_italy_1y5y_bbg_2026-10-05.xlsx
2014-12-15,0.435000,1.118000,-0.006000,0.235000,"Bloomberg BGN, exported by Charlie",france_italy_1y5y_bbg_2026-10-05.xlsx
2014-12-16,0.440000,1.135000,-0.012000,0.233000,"Bloomberg BGN, exported by Charlie",france_italy_1y5y_bbg_2026-10-05.xlsx
2014-12-17,0.418000,1.073000,-0.012000,0.226000,"Bloomberg BGN, exported by Charlie",france_italy_1y5y_bbg_2026-10-05.xlsx
2014-12-18,0.395000,1.049000,-0.017000,0.227000,"Bloomberg BGN, exported by Charlie",france_italy_1y5y_bbg_2026-10-05.xlsx
2014-12-19,0.381000,1.009000,-0.028000,0.224000,"Bloomberg BGN, exported by Charlie",france_italy_1y5y_bbg_2026-10-05.xlsx
2014-12-22,0.311000,0.974000,-0.025000,0.215000,"Bloomberg BGN, exported by Charlie",france_italy_1y5y_bbg_2026-10-05.xlsx
2014-12-23,0.304000,0.967000,-0.023000,0.208000,"Bloomberg BGN, exported by Charlie",france_italy_1y5y_bbg_2026-10-05.xlsx
2014-12-24,0.307000,0.956000,-0.026000,0.203000,"Bloomberg BGN, exported by Charlie",france_italy_1y5y_bbg_2026-10-05.xlsx
2014-12-29,0.333000,1.003000,-0.029000,0.170000,"Bloomberg BGN, exported by Charlie",france_italy_1y5y_bbg_2026-10-05.xlsx
2014-12-30,0.317000,0.927000,-0.031000,0.172000,"Bloomberg BGN, exported by Charlie",france_italy_1y5y_bbg_2026-10-05.xlsx
2014-12-31,0.279000,0.926000,-0.030000,0.168000,"Bloomberg BGN, exported by Charlie",france_italy_1y5y_bbg_2026-10-05.xlsx
2015-01-02,0.195000,0.777000,-0.043000,0.138000,"Bloomberg BGN, exported by Charlie",france_italy_1y5y_bbg_2026-10-05.xlsx
2015-01-05,0.193000,0.872000,-0.051000,0.146000,"Bloomberg BGN, exported by Charlie",france_italy_1y5y_bbg_2026-10-05.xlsx
2015-01-06,0.169000,0.920000,-0.060000,0.125000,"Bloomberg BGN, exported by Charlie",france_italy_1y5y_bbg_2026-10-05.xlsx
2015-01-07,0.165000,0.966000,-0.076000,0.160000,"Bloomberg BGN, exported by Charlie",france_italy_1y5y_bbg_2026-10-05.xlsx
2015-01-08,0.173000,0.944000,-0.087000,0.164000,"Bloomberg BGN, exported by Charlie",france_italy_1y5y_bbg_2026-10-05.xlsx
2015-01-09,0.157000,0.977000,-0.090000,0.148000,"Bloomberg BGN, exported by Charlie",france_italy_1y5y_bbg_2026-10-05.xlsx
2015-01-12,0.147000,0.911000,-0.095000,0.145000,"Bloomberg BGN, exported by Charlie",france_italy_1y5y_bbg_2026-10-05.xlsx
2015-01-13,0.237000,0.921000,-0.095000,0.115000,"Bloomberg BGN, exported by Charlie",france_italy_1y5y_bbg_2026-10-05.xlsx
2015-01-14,0.234000,0.858000,-0.098000,0.070000,"Bloomberg BGN, exported by Charlie",france_italy_1y5y_bbg_2026-10-05.xlsx
2015-01-15,0.230000,0.840000,-0.117000,0.075000,"Bloomberg BGN, exported by Charlie",france_italy_1y5y_bbg_2026-10-05.xlsx
2015-01-16,0.222000,0.760000,-0.139000,0.052000,"Bloomberg BGN, exported by Charlie",france_italy_1y5y_bbg_2026-10-05.xlsx
2015-01-19,0.225000,0.763000,-0.140000,0.064000,"Bloomberg BGN, exported by Charlie",france_italy_1y5y_bbg_2026-10-05.xlsx
2015-01-20,0.219000,0.763000,-0.138000,0.097000,"Bloomberg BGN, exported by Charlie",france_italy_1y5y_bbg_2026-10-05.xlsx
2015-01-21,0.224000,0.784000,-0.137000,0.134000,"Bloomberg BGN, exported by Charlie",france_italy_1y5y_bbg_2026-10-05.xlsx
2015-01-22,0.166000,0.687000,-0.151000,0.108000,"Bloomberg BGN, exported by Charlie",france_italy_1y5y_bbg_2026-10-05.xlsx
2015-01-23,0.151000,0.704000,-0.134000,0.068000,"Bloomberg BGN, exported by Charlie",france_italy_1y5y_bbg_2026-10-05.xlsx
2015-01-26,0.170000,0.720000,-0.109000,0.097000,"Bloomberg BGN, exported by Charlie",france_italy_1y5y_bbg_2026-10-05.xlsx
2015-01-27,0.189000,0.746000,-0.101000,0.106000,"Bloomberg BGN, exported by Charlie",france_italy_1y5y_bbg_2026-10-05.xlsx
2015-01-28,0.206000,0.795000,-0.100000,0.090000,"Bloomberg BGN, exported by Charlie",france_italy_1y5y_bbg_2026-10-05.xlsx
2015-01-29,0.186000,0.772000,-0.106000,0.085000,"Bloomberg BGN, exported by Charlie",france_italy_1y5y_bbg_2026-10-05.xlsx
2015-01-30,0.188000,0.777000,-0.106000,0.044000,"Bloomberg BGN, exported by Charlie",france_italy_1y5y_bbg_2026-10-05.xlsx
2015-02-02,0.179000,0.790000,-0.112000,0.041000,"Bloomberg BGN, exported by Charlie",france_italy_1y5y_bbg_2026-10-05.xlsx
2015-02-03,0.171000,0.757000,-0.112000,0.042000,"Bloomberg BGN, exported by Charlie",france_italy_1y5y_bbg_2026-10-05.xlsx
2015-02-04,0.166000,0.732000,-0.124000,0.043000,"Bloomberg BGN, exported by Charlie",france_italy_1y5y_bbg_2026-10-05.xlsx
2015-02-05,0.165000,0.715000,-0.127000,0.052000,"Bloomberg BGN, exported by Charlie",france_italy_1y5y_bbg_2026-10-05.xlsx
2015-02-06,0.166000,0.736000,-0.125000,0.062000,"Bloomberg BGN, exported by Charlie",france_italy_1y5y_bbg_2026-10-05.xlsx
2015-02-09,0.178000,0.810000,-0.117000,0.064000,"Bloomberg BGN, exported by Charlie",france_italy_1y5y_bbg_2026-10-05.xlsx
2015-02-10,0.192000,0.812000,-0.115000,0.075000,"Bloomberg BGN, exported by Charlie",france_italy_1y5y_bbg_2026-10-05.xlsx
2015-02-11,0.184000,0.814000,-0.117000,0.062000,"Bloomberg BGN, exported by Charlie",france_italy_1y5y_bbg_2026-10-05.xlsx
2015-02-12,0.205000,0.777000,-0.123000,0.047000,"Bloomberg BGN, exported by Charlie",france_italy_1y5y_bbg_2026-10-05.xlsx
2015-02-13,0.191000,0.736000,-0.117000,0.047000,"Bloomberg BGN, exported by Charlie",france_italy_1y5y_bbg_2026-10-05.xlsx
2015-02-16,0.200000,0.769000,-0.120000,0.051000,"Bloomberg BGN, exported by Charlie",france_italy_1y5y_bbg_2026-10-05.xlsx
2015-02-17,0.196000,0.751000,-0.121000,0.068000,"Bloomberg BGN, exported by Charlie",france_italy_1y5y_bbg_2026-10-05.xlsx
2015-02-18,0.182000,0.722000,-0.122000,0.060000,"Bloomberg BGN, exported by Charlie",france_italy_1y5y_bbg_2026-10-05.xlsx
2015-02-19,0.183000,0.699000,-0.120000,0.068000,"Bloomberg BGN, exported by Charlie",france_italy_1y5y_bbg_2026-10-05.xlsx
2015-02-20,0.195000,0.670000,-0.122000,0.057000,"Bloomberg BGN, exported by Charlie",france_italy_1y5y_bbg_2026-10-05.xlsx
2015-02-23,0.182000,0.607000,-0.115000,0.090000,"Bloomberg BGN, exported by Charlie",france_italy_1y5y_bbg_2026-10-05.xlsx
2015-02-24,0.172000,0.575000,-0.117000,0.091000,"Bloomberg BGN, exported by Charlie",france_italy_1y5y_bbg_2026-10-05.xlsx
2015-02-25,0.147000,0.584000,-0.123000,0.066000,"Bloomberg BGN, exported by Charlie",france_italy_1y5y_bbg_2026-10-05.xlsx
2015-02-26,0.123000,0.499000,-0.135000,0.041000,"Bloomberg BGN, exported by Charlie",france_italy_1y5y_bbg_2026-10-05.xlsx
2015-02-27,0.108000,0.577000,-0.133000,0.055000,"Bloomberg BGN, exported by Charlie",france_italy_1y5y_bbg_2026-10-05.xlsx
2015-03-02,0.095000,0.572000,-0.134000,0.081000,"Bloomberg BGN, exported by Charlie",france_italy_1y5y_bbg_2026-10-05.xlsx
2015-03-03,0.102000,0.613000,-0.133000,0.096000,"Bloomberg BGN, exported by Charlie",france_italy_1y5y_bbg_2026-10-05.xlsx
2015-03-04,0.110000,0.600000,-0.130000,0.109000,"Bloomberg BGN, exported by Charlie",france_italy_1y5y_bbg_2026-10-05.xlsx
2015-03-05,0.091000,0.522000,-0.131000,0.079000,"Bloomberg BGN, exported by Charlie",france_italy_1y5y_bbg_2026-10-05.xlsx
2015-03-06,0.088000,0.531000,-0.135000,0.084000,"Bloomberg BGN, exported by Charlie",france_italy_1y5y_bbg_2026-10-05.xlsx
2015-03-09,0.092000,0.504000,-0.140000,0.049000,"Bloomberg BGN, exported by Charlie",france_italy_1y5y_bbg_2026-10-05.xlsx
2015-03-10,0.093000,0.464000,-0.147000,0.026000,"Bloomberg BGN, exported by Charlie",france_italy_1y5y_bbg_2026-10-05.xlsx
2015-03-11,0.084000,0.434000,-0.157000,0.017000,"Bloomberg BGN, exported by Charlie",france_italy_1y5y_bbg_2026-10-05.xlsx
2015-03-12,0.086000,0.470000,-0.161000,0.031000,"Bloomberg BGN, exported by Charlie",france_italy_1y5y_bbg_2026-10-05.xlsx
2015-03-13,0.085000,0.481000,-0.157000,0.042000,"Bloomberg BGN, exported by Charlie",france_italy_1y5y_bbg_2026-10-05.xlsx
2015-03-16,0.081000,0.503000,-0.155000,0.064000,"Bloomberg BGN, exported by Charlie",france_italy_1y5y_bbg_2026-10-05.xlsx
2015-03-17,0.084000,0.574000,-0.147000,0.084000,"Bloomberg BGN, exported by Charlie",france_italy_1y5y_bbg_2026-10-05.xlsx
2015-03-18,0.092000,0.618000,-0.148000,0.047000,"Bloomberg BGN, exported by Charlie",france_italy_1y5y_bbg_2026-10-05.xlsx
2015-03-19,0.084000,0.584000,-0.158000,0.038000,"Bloomberg BGN, exported by Charlie",france_italy_1y5y_bbg_2026-10-05.xlsx
2015-03-20,0.081000,0.546000,-0.161000,0.036000,"Bloomberg BGN, exported by Charlie",france_italy_1y5y_bbg_2026-10-05.xlsx
2015-03-23,0.089000,0.598000,-0.158000,0.082000,"Bloomberg BGN, exported by Charlie",france_italy_1y5y_bbg_2026-10-05.xlsx
2015-03-24,0.097000,0.612000,-0.161000,0.090000,"Bloomberg BGN, exported by Charlie",france_italy_1y5y_bbg_2026-10-05.xlsx
2015-03-25,0.088000,0.619000,-0.160000,0.080000,"Bloomberg BGN, exported by Charlie",france_italy_1y5y_bbg_2026-10-05.xlsx
2015-03-26,0.052000,0.598000,-0.168000,0.064000,"Bloomberg BGN, exported by Charlie",france_italy_1y5y_bbg_2026-10-05.xlsx
2015-03-27,0.065000,0.617000,-0.163000,0.059000,"Bloomberg BGN, exported by Charlie",france_italy_1y5y_bbg_2026-10-05.xlsx
2015-03-30,0.027000,0.599000,-0.161000,0.070000,"Bloomberg BGN, exported by Charlie",france_italy_1y5y_bbg_2026-10-05.xlsx
2015-03-31,0.012000,0.543000,-0.170000,0.051000,"Bloomberg BGN, exported by Charlie",france_italy_1y5y_bbg_2026-10-05.xlsx
2015-04-01,0.002000,0.520000,-0.170000,0.051000,"Bloomberg BGN, exported by Charlie",france_italy_1y5y_bbg_2026-10-05.xlsx
2015-04-02,-0.002000,0.538000,-0.172000,0.067000,"Bloomberg BGN, exported by Charlie",france_italy_1y5y_bbg_2026-10-05.xlsx
2015-04-07,-0.012000,0.484000,-0.174000,0.044000,"Bloomberg BGN, exported by Charlie",france_italy_1y5y_bbg_2026-10-05.xlsx
2015-04-08,-0.010000,0.486000,-0.180000,0.011000,"Bloomberg BGN, exported by Charlie",france_italy_1y5y_bbg_2026-10-05.xlsx
2015-04-09,-0.003000,0.516000,-0.186000,0.009000,"Bloomberg BGN, exported by Charlie",france_italy_1y5y_bbg_2026-10-05.xlsx
2015-04-10,0.005000,0.512000,-0.188000,0.001000,"Bloomberg BGN, exported by Charlie",france_italy_1y5y_bbg_2026-10-05.xlsx
2015-04-13,0.022000,0.532000,-0.196000,0.005000,"Bloomberg BGN, exported by Charlie",france_italy_1y5y_bbg_2026-10-05.xlsx
2015-04-14,0.023000,0.557000,-0.197000,-0.001000,"Bloomberg BGN, exported by Charlie",france_italy_1y5y_bbg_2026-10-05.xlsx
2015-04-15,0.020000,0.525000,-0.197000,-0.023000,"Bloomberg BGN, exported by Charlie",france_italy_1y5y_bbg_2026-10-05.xlsx
2015-04-16,0.025000,0.600000,-0.196000,-0.016000,"Bloomberg BGN, exported by Charlie",france_italy_1y5y_bbg_2026-10-05.xlsx
2015-04-17,0.030000,0.664000,-0.196000,-0.003000,"Bloomberg BGN, exported by Charlie",france_italy_1y5y_bbg_2026-10-05.xlsx
2015-04-20,0.028000,0.655000,-0.185000,-0.003000,"Bloomberg BGN, exported by Charlie",france_italy_1y5y_bbg_2026-10-05.xlsx
2015-04-21,0.032000,0.627000,-0.186000,0.002000,"Bloomberg BGN, exported by Charlie",france_italy_1y5y_bbg_2026-10-05.xlsx
2015-04-22,0.026000,0.577000,-0.188000,0.030000,"Bloomberg BGN, exported by Charlie",france_italy_1y5y_bbg_2026-10-05.xlsx
2015-04-23,0.028000,0.585000,-0.187000,0.015000,"Bloomberg BGN, exported by Charlie",france_italy_1y5y_bbg_2026-10-05.xlsx
2015-04-24,0.029000,0.600000,-0.186000,0.016000,"Bloomberg BGN, exported by Charlie",france_italy_1y5y_bbg_2026-10-05.xlsx
2015-04-27,0.025000,0.545000,-0.187000,0.015000,"Bloomberg BGN, exported by Charlie",france_italy_1y5y_bbg_2026-10-05.xlsx
2015-04-28,0.027000,0.556000,-0.191000,0.006000,"Bloomberg BGN, exported by Charlie",france_italy_1y5y_bbg_2026-10-05.xlsx
2015-04-29,0.033000,0.637000,-0.186000,0.095000,"Bloomberg BGN, exported by Charlie",france_italy_1y5y_bbg_2026-10-05.xlsx
2015-04-30,0.029000,0.612000,-0.182000,0.131000,"Bloomberg BGN, exported by Charlie",france_italy_1y5y_bbg_2026-10-05.xlsx
2015-05-04,0.015000,0.624000,-0.181000,0.165000,"Bloomberg BGN, exported by Charlie",france_italy_1y5y_bbg_2026-10-05.xlsx
2015-05-05,0.028000,0.777000,-0.178000,0.195000,"Bloomberg BGN, exported by Charlie",france_italy_1y5y_bbg_2026-10-05.xlsx
2015-05-06,0.037000,0.819000,-0.180000,0.230000,"Bloomberg BGN, exported by Charlie",france_italy_1y5y_bbg_2026-10-05.xlsx
2015-05-07,0.024000,0.742000,-0.176000,0.224000,"Bloomberg BGN, exported by Charlie",france_italy_1y5y_bbg_2026-10-05.xlsx
2015-05-08,0.021000,0.695000,-0.181000,0.192000,"Bloomberg BGN, exported by Charlie",france_italy_1y5y_bbg_2026-10-05.xlsx
2015-05-11,0.020000,0.714000,-0.171000,0.217000,"Bloomberg BGN, exported by Charlie",france_italy_1y5y_bbg_2026-10-05.xlsx
2015-05-12,0.016000,0.741000,-0.167000,0.250000,"Bloomberg BGN, exported by Charlie",france_italy_1y5y_bbg_2026-10-05.xlsx
2015-05-13,0.030000,0.754000,-0.168000,0.254000,"Bloomberg BGN, exported by Charlie",france_italy_1y5y_bbg_2026-10-05.xlsx
2015-05-14,0.023000,0.737000,-0.173000,0.253000,"Bloomberg BGN, exported by Charlie",france_italy_1y5y_bbg_2026-10-05.xlsx
2015-05-15,0.012000,0.682000,-0.173000,0.233000,"Bloomberg BGN, exported by Charlie",france_italy_1y5y_bbg_2026-10-05.xlsx
2015-05-18,0.015000,0.728000,-0.172000,0.239000,"Bloomberg BGN, exported by Charlie",france_italy_1y5y_bbg_2026-10-05.xlsx
2015-05-19,0.010000,0.664000,-0.177000,0.209000,"Bloomberg BGN, exported by Charlie",france_italy_1y5y_bbg_2026-10-05.xlsx
2015-05-20,0.012000,0.710000,-0.175000,0.228000,"Bloomberg BGN, exported by Charlie",france_italy_1y5y_bbg_2026-10-05.xlsx
2015-05-21,0.010000,0.731000,-0.178000,0.227000,"Bloomberg BGN, exported by Charlie",france_italy_1y5y_bbg_2026-10-05.xlsx
2015-05-22,0.010000,0.726000,-0.181000,0.214000,"Bloomberg BGN, exported by Charlie",france_italy_1y5y_bbg_2026-10-05.xlsx
2015-05-25,0.017000,0.670000,-0.181000,0.215000,"Bloomberg BGN, exported by Charlie",france_italy_1y5y_bbg_2026-10-05.xlsx
2015-05-26,0.015000,0.771000,-0.186000,0.176000,"Bloomberg BGN, exported by Charlie",france_italy_1y5y_bbg_2026-10-05.xlsx
2015-05-27,0.013000,0.752000,-0.186000,0.170000,"Bloomberg BGN, exported by Charlie",france_italy_1y5y_bbg_2026-10-05.xlsx
2015-05-28,0.015000,0.785000,-0.183000,0.165000,"Bloomberg BGN, exported by Charlie",france_italy_1y5y_bbg_2026-10-05.xlsx
2015-05-29,0.019000,0.894000,-0.184000,0.147000,"Bloomberg BGN, exported by Charlie",france_italy_1y5y_bbg_2026-10-05.xlsx
2015-06-01,0.017000,0.945000,-0.184000,0.179000,"Bloomberg BGN, exported by Charlie",france_italy_1y5y_bbg_2026-10-05.xlsx
2015-06-02,0.025000,1.021000,-0.183000,0.259000,"Bloomberg BGN, exported by Charlie",france_italy_1y5y_bbg_2026-10-05.xlsx
2015-06-03,0.019000,1.055000,-0.181000,0.324000,"Bloomberg BGN, exported by Charlie",france_italy_1y5y_bbg_2026-10-05.xlsx
2015-06-04,0.021000,1.018000,-0.183000,0.309000,"Bloomberg BGN, exported by Charlie",france_italy_1y5y_bbg_2026-10-05.xlsx
2015-06-05,0.021000,1.098000,-0.181000,0.331000,"Bloomberg BGN, exported by Charlie",france_italy_1y5y_bbg_2026-10-05.xlsx
2015-06-08,0.030000,1.114000,-0.175000,0.347000,"Bloomberg BGN, exported by Charlie",france_italy_1y5y_bbg_2026-10-05.xlsx
2015-06-09,0.033000,1.130000,-0.175000,0.394000,"Bloomberg BGN, exported by Charlie",france_italy_1y5y_bbg_2026-10-05.xlsx
2015-06-10,0.048000,1.126000,-0.171000,0.389000,"Bloomberg BGN, exported by Charlie",france_italy_1y5y_bbg_2026-10-05.xlsx
2015-06-11,0.062000,1.091000,-0.166000,0.355000,"Bloomberg BGN, exported by Charlie",france_italy_1y5y_bbg_2026-10-05.xlsx
2015-06-12,0.082000,1.206000,-0.175000,0.369000,"Bloomberg BGN, exported by Charlie",france_italy_1y5y_bbg_2026-10-05.xlsx
2015-06-15,0.165000,1.354000,-0.166000,0.416000,"Bloomberg BGN, exported by Charlie",france_italy_1y5y_bbg_2026-10-05.xlsx
2015-06-16,0.180000,1.347000,-0.160000,0.409000,"Bloomberg BGN, exported by Charlie",france_italy_1y5y_bbg_2026-10-05.xlsx
2015-06-17,0.165000,1.314000,-0.166000,0.387000,"Bloomberg BGN, exported by Charlie",france_italy_1y5y_bbg_2026-10-05.xlsx
2015-06-18,0.164000,1.273000,-0.165000,0.362000,"Bloomberg BGN, exported by Charlie",france_italy_1y5y_bbg_2026-10-05.xlsx
2015-06-19,0.169000,1.244000,-0.163000,0.343000,"Bloomberg BGN, exported by Charlie",france_italy_1y5y_bbg_2026-10-05.xlsx
2015-06-22,0.104000,1.118000,-0.157000,0.372000,"Bloomberg BGN, exported by Charlie",france_italy_1y5y_bbg_2026-10-05.xlsx
2015-06-23,0.105000,1.056000,-0.156000,0.348000,"Bloomberg BGN, exported by Charlie",france_italy_1y5y_bbg_2026-10-05.xlsx
2015-06-24,0.105000,1.079000,-0.162000,0.352000,"Bloomberg BGN, exported by Charlie",france_italy_1y5y_bbg_2026-10-05.xlsx
2015-06-25,0.104000,1.040000,-0.163000,0.347000,"Bloomberg BGN, exported by Charlie",france_italy_1y5y_bbg_2026-10-05.xlsx
2015-06-26,0.102000,1.057000,-0.166000,0.375000,"Bloomberg BGN, exported by Charlie",france_italy_1y5y_bbg_2026-10-05.xlsx
2015-06-29,0.169000,1.276000,-0.167000,0.356000,"Bloomberg BGN, exported by Charlie",france_italy_1y5y_bbg_2026-10-05.xlsx
2015-06-30,0.138000,1.243000,-0.161000,0.322000,"Bloomberg BGN, exported by Charlie",france_italy_1y5y_bbg_2026-10-05.xlsx
2015-07-01,0.122000,1.219000,-0.168000,0.324000,"Bloomberg BGN, exported by Charlie",france_italy_1y5y_bbg_2026-10-05.xlsx
2015-07-02,0.126000,1.255000,-0.171000,0.356000,"Bloomberg BGN, exported by Charlie",france_italy_1y5y_bbg_2026-10-05.xlsx
2015-07-03,0.112000,1.218000,-0.169000,0.326000,"Bloomberg BGN, exported by Charlie",france_italy_1y5y_bbg_2026-10-05.xlsx
2015-07-06,0.155000,1.338000,-0.175000,0.339000,"Bloomberg BGN, exported by Charlie",france_italy_1y5y_bbg_2026-10-05.xlsx
2015-07-07,0.146000,1.275000,-0.176000,0.314000,"Bloomberg BGN, exported by Charlie",france_italy_1y5y_bbg_2026-10-05.xlsx
2015-07-08,0.136000,1.232000,-0.180000,0.305000,"Bloomberg BGN, exported by Charlie",france_italy_1y5y_bbg_2026-10-05.xlsx
2015-07-09,0.136000,1.192000,-0.177000,0.294000,"Bloomberg BGN, exported by Charlie",france_italy_1y5y_bbg_2026-10-05.xlsx
2015-07-10,0.116000,1.098000,-0.169000,0.372000,"Bloomberg BGN, exported by Charlie",france_italy_1y5y_bbg_2026-10-05.xlsx
2015-07-13,0.117000,1.035000,-0.172000,0.332000,"Bloomberg BGN, exported by Charlie",france_italy_1y5y_bbg_2026-10-05.xlsx
2015-07-14,0.108000,1.009000,-0.179000,0.315000,"Bloomberg BGN, exported by Charlie",france_italy_1y5y_bbg_2026-10-05.xlsx
2015-07-15,0.067000,0.980000,-0.181000,0.272000,"Bloomberg BGN, exported by Charlie",france_italy_1y5y_bbg_2026-10-05.xlsx
2015-07-16,0.053000,0.955000,-0.180000,0.284000,"Bloomberg BGN, exported by Charlie",france_italy_1y5y_bbg_2026-10-05.xlsx
2015-07-17,0.036000,0.892000,-0.178000,0.258000,"Bloomberg BGN, exported by Charlie",france_italy_1y5y_bbg_2026-10-05.xlsx
2015-07-20,0.040000,0.866000,-0.185000,0.237000,"Bloomberg BGN, exported by Charlie",france_italy_1y5y_bbg_2026-10-05.xlsx
2015-07-21,0.041000,0.892000,-0.183000,0.262000,"Bloomberg BGN, exported by Charlie",france_italy_1y5y_bbg_2026-10-05.xlsx
2015-07-22,0.042000,0.880000,-0.186000,0.237000,"Bloomberg BGN, exported by Charlie",france_italy_1y5y_bbg_2026-10-05.xlsx
2015-07-23,0.035000,0.864000,-0.186000,0.216000,"Bloomberg BGN, exported by Charlie",france_italy_1y5y_bbg_2026-10-05.xlsx
2015-07-24,0.024000,0.857000,-0.185000,0.189000,"Bloomberg BGN, exported by Charlie",france_italy_1y5y_bbg_2026-10-05.xlsx
2015-07-27,0.035000,0.885000,-0.192000,0.199000,"Bloomberg BGN, exported by Charlie",france_italy_1y5y_bbg_2026-10-05.xlsx
2015-07-28,0.032000,0.861000,-0.196000,0.186000,"Bloomberg BGN, exported by Charlie",france_italy_1y5y_bbg_2026-10-05.xlsx
2015-07-29,0.027000,0.874000,-0.202000,0.187000,"Bloomberg BGN, exported by Charlie",france_italy_1y5y_bbg_2026-10-05.xlsx
2015-07-30,0.019000,0.800000,-0.206000,0.160000,"Bloomberg BGN, exported by Charlie",france_italy_1y5y_bbg_2026-10-05.xlsx
2015-07-31,0.023000,0.786000,-0.207000,0.170000,"Bloomberg BGN, exported by Charlie",france_italy_1y5y_bbg_2026-10-05.xlsx
2015-08-03,0.018000,0.777000,-0.203000,0.167000,"Bloomberg BGN, exported by Charlie",france_italy_1y5y_bbg_2026-10-05.xlsx
2015-08-04,0.009000,0.759000,-0.201000,0.160000,"Bloomberg BGN, exported by Charlie",france_italy_1y5y_bbg_2026-10-05.xlsx
2015-08-05,0.019000,0.833000,-0.199000,0.205000,"Bloomberg BGN, exported by Charlie",france_italy_1y5y_bbg_2026-10-05.xlsx
2015-08-06,0.019000,0.808000,-0.198000,0.184000,"Bloomberg BGN, exported by Charlie",france_italy_1y5y_bbg_2026-10-05.xlsx
2015-08-07,0.015000,0.788000,-0.205000,0.154000,"Bloomberg BGN, exported by Charlie",france_italy_1y5y_bbg_2026-10-05.xlsx
2015-08-10,0.012000,0.789000,-0.196000,0.164000,"Bloomberg BGN, exported by Charlie",france_italy_1y5y_bbg_2026-10-05.xlsx
2015-08-11,0.019000,0.754000,-0.198000,0.133000,"Bloomberg BGN, exported by Charlie",france_italy_1y5y_bbg_2026-10-05.xlsx
2015-08-12,0.009000,0.776000,-0.201000,0.130000,"Bloomberg BGN, exported by Charlie",france_italy_1y5y_bbg_2026-10-05.xlsx
2015-08-13,0.017000,0.772000,-0.203000,0.145000,"Bloomberg BGN, exported by Charlie",france_italy_1y5y_bbg_2026-10-05.xlsx
2015-08-14,0.022000,0.793000,-0.203000,0.164000,"Bloomberg BGN, exported by Charlie",france_italy_1y5y_bbg_2026-10-05.xlsx
2015-08-17,0.018000,0.766000,-0.195000,0.152000,"Bloomberg BGN, exported by Charlie",france_italy_1y5y_bbg_2026-10-05.xlsx
2015-08-18,0.024000,0.807000,-0.196000,0.182000,"Bloomberg BGN, exported by Charlie",france_italy_1y5y_bbg_2026-10-05.xlsx
2015-08-19,0.026000,0.807000,-0.196000,0.176000,"Bloomberg BGN, exported by Charlie",france_italy_1y5y_bbg_2026-10-05.xlsx
2015-08-20,0.026000,0.829000,-0.195000,0.152000,"Bloomberg BGN, exported by Charlie",france_italy_1y5y_bbg_2026-10-05.xlsx
2015-08-21,0.030000,0.868000,-0.197000,0.159000,"Bloomberg BGN, exported by Charlie",france_italy_1y5y_bbg_2026-10-05.xlsx
2015-08-24,0.038000,0.900000,-0.192000,0.179000,"Bloomberg BGN, exported by Charlie",france_italy_1y5y_bbg_2026-10-05.xlsx
2015-08-25,0.040000,0.961000,-0.193000,0.246000,"Bloomberg BGN, exported by Charlie",france_italy_1y5y_bbg_2026-10-05.xlsx
2015-08-26,0.036000,0.960000,-0.192000,0.230000,"Bloomberg BGN, exported by Charlie",france_italy_1y5y_bbg_2026-10-05.xlsx
2015-08-27,0.040000,0.911000,-0.201000,0.245000,"Bloomberg BGN, exported by Charlie",france_italy_1y5y_bbg_2026-10-05.xlsx
2015-08-28,0.032000,0.906000,-0.197000,0.255000,"Bloomberg BGN, exported by Charlie",france_italy_1y5y_bbg_2026-10-05.xlsx
2015-08-31,0.033000,0.915000,-0.197000,0.279000,"Bloomberg BGN, exported by Charlie",france_italy_1y5y_bbg_2026-10-05.xlsx
2015-09-01,0.033000,0.950000,-0.187000,0.283000,"Bloomberg BGN, exported by Charlie",france_italy_1y5y_bbg_2026-10-05.xlsx
2015-09-02,0.027000,0.949000,-0.189000,0.258000,"Bloomberg BGN, exported by Charlie",france_italy_1y5y_bbg_2026-10-05.xlsx
2015-09-03,0.022000,0.875000,-0.188000,0.196000,"Bloomberg BGN, exported by Charlie",france_italy_1y5y_bbg_2026-10-05.xlsx
2015-09-04,0.014000,0.824000,-0.188000,0.177000,"Bloomberg BGN, exported by Charlie",france_italy_1y5y_bbg_2026-10-05.xlsx
2015-09-07,0.025000,0.830000,-0.187000,0.183000,"Bloomberg BGN, exported by Charlie",france_italy_1y5y_bbg_2026-10-05.xlsx
2015-09-08,0.023000,0.784000,-0.182000,0.183000,"Bloomberg BGN, exported by Charlie",france_italy_1y5y_bbg_2026-10-05.xlsx
2015-09-09,0.028000,0.784000,-0.188000,0.173000,"Bloomberg BGN, exported by Charlie",france_italy_1y5y_bbg_2026-10-05.xlsx
2015-09-10,0.029000,0.797000,-0.189000,0.181000,"Bloomberg BGN, exported by Charlie",france_italy_1y5y_bbg_2026-10-05.xlsx
2015-09-11,0.043000,0.785000,-0.187000,0.165000,"Bloomberg BGN, exported by Charlie",france_italy_1y5y_bbg_2026-10-05.xlsx
2015-09-14,0.040000,0.797000,-0.187000,0.163000,"Bloomberg BGN, exported by Charlie",france_italy_1y5y_bbg_2026-10-05.xlsx
2015-09-15,0.055000,0.819000,-0.189000,0.189000,"Bloomberg BGN, exported by Charlie",france_italy_1y5y_bbg_2026-10-05.xlsx
2015-09-16,0.059000,0.835000,-0.187000,0.217000,"Bloomberg BGN, exported by Charlie",france_italy_1y5y_bbg_2026-10-05.xlsx
2015-09-17,0.064000,0.850000,-0.185000,0.232000,"Bloomberg BGN, exported by Charlie",france_italy_1y5y_bbg_2026-10-05.xlsx
2015-09-18,0.048000,0.758000,-0.191000,0.154000,"Bloomberg BGN, exported by Charlie",france_italy_1y5y_bbg_2026-10-05.xlsx
2015-09-21,0.049000,0.790000,-0.188000,0.160000,"Bloomberg BGN, exported by Charlie",france_italy_1y5y_bbg_2026-10-05.xlsx
2015-09-22,0.049000,0.758000,-0.197000,0.117000,"Bloomberg BGN, exported by Charlie",france_italy_1y5y_bbg_2026-10-05.xlsx
2015-09-23,0.048000,0.758000,-0.198000,0.126000,"Bloomberg BGN, exported by Charlie",france_italy_1y5y_bbg_2026-10-05.xlsx
2015-09-24,0.052000,0.747000,-0.198000,0.223000,"Bloomberg BGN, exported by Charlie",france_italy_1y5y_bbg_2026-10-05.xlsx
2015-09-25,0.055000,0.775000,-0.197000,0.233000,"Bloomberg BGN, exported by Charlie",france_italy_1y5y_bbg_2026-10-05.xlsx
2015-09-28,0.047000,0.748000,-0.194000,0.217000,"Bloomberg BGN, exported by Charlie",france_italy_1y5y_bbg_2026-10-05.xlsx
2015-09-29,0.040000,0.745000,-0.189000,0.228000,"Bloomberg BGN, exported by Charlie",france_italy_1y5y_bbg_2026-10-05.xlsx
2015-09-30,0.037000,0.747000,-0.192000,0.218000,"Bloomberg BGN, exported by Charlie",france_italy_1y5y_bbg_2026-10-05.xlsx
2015-10-01,0.029000,0.712000,-0.198000,0.173000,"Bloomberg BGN, exported by Charlie",france_italy_1y5y_bbg_2026-10-05.xlsx
2015-10-02,0.022000,0.668000,-0.197000,0.153000,"Bloomberg BGN, exported by Charlie",france_italy_1y5y_bbg_2026-10-05.xlsx
2015-10-05,0.020000,0.675000,-0.194000,0.172000,"Bloomberg BGN, exported by Charlie",france_italy_1y5y_bbg_2026-10-05.xlsx
2015-10-06,0.025000,0.700000,-0.195000,0.195000,"Bloomberg BGN, exported by Charlie",france_italy_1y5y_bbg_2026-10-05.xlsx
2015-10-07,0.026000,0.705000,-0.198000,0.197000,"Bloomberg BGN, exported by Charlie",france_italy_1y5y_bbg_2026-10-05.xlsx
2015-10-08,0.023000,0.697000,-0.199000,0.197000,"Bloomberg BGN, exported by Charlie",france_italy_1y5y_bbg_2026-10-05.xlsx
2015-10-09,0.021000,0.684000,-0.196000,0.214000,"Bloomberg BGN, exported by Charlie",france_italy_1y5y_bbg_2026-10-05.xlsx
2015-10-12,0.020000,0.679000,-0.194000,0.191000,"Bloomberg BGN, exported by Charlie",france_italy_1y5y_bbg_2026-10-05.xlsx
2015-10-13,0.026000,0.683000,-0.196000,0.192000,"Bloomberg BGN, exported by Charlie",france_italy_1y5y_bbg_2026-10-05.xlsx
2015-10-14,0.024000,0.679000,-0.201000,0.156000,"Bloomberg BGN, exported by Charlie",france_italy_1y5y_bbg_2026-10-05.xlsx
2015-10-15,0.016000,0.675000,-0.206000,0.166000,"Bloomberg BGN, exported by Charlie",france_italy_1y5y_bbg_2026-10-05.xlsx
2015-10-16,0.015000,0.656000,-0.207000,0.158000,"Bloomberg BGN, exported by Charlie",france_italy_1y5y_bbg_2026-10-05.xlsx
2015-10-19,0.005000,0.644000,-0.209000,0.154000,"Bloomberg BGN, exported by Charlie",france_italy_1y5y_bbg_2026-10-05.xlsx
2015-10-20,0.011000,0.685000,-0.197000,0.201000,"Bloomberg BGN, exported by Charlie",france_italy_1y5y_bbg_2026-10-05.xlsx
2015-10-21,0.007000,0.653000,-0.202000,0.161000,"Bloomberg BGN, exported by Charlie",france_italy_1y5y_bbg_2026-10-05.xlsx
2015-10-22,-0.030000,0.482000,-0.240000,0.082000,"Bloomberg BGN, exported by Charlie",france_italy_1y5y_bbg_2026-10-05.xlsx
2015-10-23,-0.042000,0.511000,-0.254000,0.080000,"Bloomberg BGN, exported by Charlie",france_italy_1y5y_bbg_2026-10-05.xlsx
2015-10-26,-0.028000,0.521000,-0.254000,0.078000,"Bloomberg BGN, exported by Charlie",france_italy_1y5y_bbg_2026-10-05.xlsx
2015-10-27,-0.036000,0.468000,-0.264000,0.047000,"Bloomberg BGN, exported by Charlie",france_italy_1y5y_bbg_2026-10-05.xlsx
2015-10-28,-0.030000,0.447000,-0.271000,0.033000,"Bloomberg BGN, exported by Charlie",france_italy_1y5y_bbg_2026-10-05.xlsx
2015-10-29,-0.023000,0.505000,-0.258000,0.092000,"Bloomberg BGN, exported by Charlie",france_italy_1y5y_bbg_2026-10-05.xlsx
2015-10-30,-0.017000,0.497000,-0.261000,0.090000,"Bloomberg BGN, exported by Charlie",france_italy_1y5y_bbg_2026-10-05.xlsx
2015-11-02,-0.024000,0.558000,-0.257000,0.124000,"Bloomberg BGN, exported by Charlie",france_italy_1y5y_bbg_2026-10-05.xlsx
2015-11-03,-0.029000,0.550000,-0.257000,0.119000,"Bloomberg BGN, exported by Charlie",france_italy_1y5y_bbg_2026-10-05.xlsx
2015-11-04,-0.028000,0.551000,-0.261000,0.116000,"Bloomberg BGN, exported by Charlie",france_italy_1y5y_bbg_2026-10-05.xlsx
2015-11-05,-0.031000,0.568000,-0.266000,0.120000,"Bloomberg BGN, exported by Charlie",france_italy_1y5y_bbg_2026-10-05.xlsx
2015-11-06,-0.018000,0.638000,-0.254000,0.169000,"Bloomberg BGN, exported by Charlie",france_italy_1y5y_bbg_2026-10-05.xlsx
2015-11-09,-0.038000,0.591000,-0.267000,0.116000,"Bloomberg BGN, exported by Charlie",france_italy_1y5y_bbg_2026-10-05.xlsx
2015-11-10,-0.031000,0.529000,-0.276000,0.083000,"Bloomberg BGN, exported by Charlie",france_italy_1y5y_bbg_2026-10-05.xlsx
2015-11-11,-0.031000,0.486000,-0.278000,0.072000,"Bloomberg BGN, exported by Charlie",france_italy_1y5y_bbg_2026-10-05.xlsx
2015-11-12,-0.032000,0.480000,-0.286000,0.080000,"Bloomberg BGN, exported by Charlie",france_italy_1y5y_bbg_2026-10-05.xlsx
2015-11-13,-0.035000,0.442000,-0.293000,0.050000,"Bloomberg BGN, exported by Charlie",france_italy_1y5y_bbg_2026-10-05.xlsx
2015-11-16,-0.042000,0.448000,-0.292000,0.032000,"Bloomberg BGN, exported by Charlie",france_italy_1y5y_bbg_2026-10-05.xlsx
2015-11-17,-0.045000,0.441000,-0.297000,0.026000,"Bloomberg BGN, exported by Charlie",france_italy_1y5y_bbg_2026-10-05.xlsx
2015-11-18,-0.044000,0.434000,-0.304000,0.020000,"Bloomberg BGN, exported by Charlie",france_italy_1y5y_bbg_2026-10-05.xlsx
2015-11-19,-0.051000,0.442000,-0.307000,0.015000,"Bloomberg BGN, exported by Charlie",france_italy_1y5y_bbg_2026-10-05.xlsx
2015-11-20,-0.063000,0.431000,-0.316000,0.014000,"Bloomberg BGN, exported by Charlie",france_italy_1y5y_bbg_2026-10-05.xlsx
2015-11-23,-0.062000,0.436000,-0.318000,0.034000,"Bloomberg BGN, exported by Charlie",france_italy_1y5y_bbg_2026-10-05.xlsx
2015-11-24,-0.059000,0.420000,-0.314000,0.044000,"Bloomberg BGN, exported by Charlie",france_italy_1y5y_bbg_2026-10-05.xlsx
2015-11-25,-0.069000,0.339000,-0.338000,-0.001000,"Bloomberg BGN, exported by Charlie",france_italy_1y5y_bbg_2026-10-05.xlsx
2015-11-26,-0.090000,0.329000,-0.341000,-0.002000,"Bloomberg BGN, exported by Charlie",france_italy_1y5y_bbg_2026-10-05.xlsx
2015-11-27,-0.084000,0.346000,-0.357000,-0.016000,"Bloomberg BGN, exported by Charlie",france_italy_1y5y_bbg_2026-10-05.xlsx
2015-11-30,-0.087000,0.367000,-0.352000,-0.010000,"Bloomberg BGN, exported by Charlie",france_italy_1y5y_bbg_2026-10-05.xlsx
2015-12-01,-0.088000,0.354000,-0.361000,-0.030000,"Bloomberg BGN, exported by Charlie",france_italy_1y5y_bbg_2026-10-05.xlsx
2015-12-02,-0.088000,0.330000,-0.363000,-0.045000,"Bloomberg BGN, exported by Charlie",france_italy_1y5y_bbg_2026-10-05.xlsx
2015-12-03,-0.048000,0.527000,-0.283000,0.132000,"Bloomberg BGN, exported by Charlie",france_italy_1y5y_bbg_2026-10-05.xlsx
2015-12-04,-0.018000,0.536000,-0.269000,0.140000,"Bloomberg BGN, exported by Charlie",france_italy_1y5y_bbg_2026-10-05.xlsx
2015-12-07,-0.027000,0.481000,-0.281000,0.074000,"Bloomberg BGN, exported by Charlie",france_italy_1y5y_bbg_2026-10-05.xlsx
2015-12-08,-0.024000,0.485000,-0.293000,0.068000,"Bloomberg BGN, exported by Charlie",france_italy_1y5y_bbg_2026-10-05.xlsx
2015-12-09,-0.010000,0.495000,-0.297000,0.067000,"Bloomberg BGN, exported by Charlie",france_italy_1y5y_bbg_2026-10-05.xlsx
2015-12-10,0.019000,0.492000,-0.299000,0.046000,"Bloomberg BGN, exported by Charlie",france_italy_1y5y_bbg_2026-10-05.xlsx
2015-12-11,0.008000,0.496000,-0.304000,0.028000,"Bloomberg BGN, exported by Charlie",france_italy_1y5y_bbg_2026-10-05.xlsx
2015-12-14,0.011000,0.560000,-0.307000,0.063000,"Bloomberg BGN, exported by Charlie",france_italy_1y5y_bbg_2026-10-05.xlsx
2015-12-15,0.029000,0.588000,-0.312000,0.108000,"Bloomberg BGN, exported by Charlie",france_italy_1y5y_bbg_2026-10-05.xlsx
2015-12-16,0.016000,0.585000,-0.314000,0.126000,"Bloomberg BGN, exported by Charlie",france_italy_1y5y_bbg_2026-10-05.xlsx
2015-12-17,-0.002000,0.541000,-0.355000,0.073000,"Bloomberg BGN, exported by Charlie",france_italy_1y5y_bbg_2026-10-05.xlsx
2015-12-18,-0.007000,0.513000,-0.369000,0.049000,"Bloomberg BGN, exported by Charlie",france_italy_1y5y_bbg_2026-10-05.xlsx
2015-12-21,-0.006000,0.510000,-0.411000,0.047000,"Bloomberg BGN, exported by Charlie",france_italy_1y5y_bbg_2026-10-05.xlsx
2015-12-22,-0.024000,0.536000,-0.422000,0.075000,"Bloomberg BGN, exported by Charlie",france_italy_1y5y_bbg_2026-10-05.xlsx
2015-12-23,-0.038000,0.540000,-0.398000,0.097000,"Bloomberg BGN, exported by Charlie",france_italy_1y5y_bbg_2026-10-05.xlsx
2015-12-24,0.000000,0.551000,-0.398000,0.104000,"Bloomberg BGN, exported by Charlie",france_italy_1y5y_bbg_2026-10-05.xlsx
2015-12-28,-0.048000,0.498000,-0.401000,0.078000,"Bloomberg BGN, exported by Charlie",france_italy_1y5y_bbg_2026-10-05.xlsx
2015-12-29,-0.042000,0.501000,-0.395000,0.097000,"Bloomberg BGN, exported by Charlie",france_italy_1y5y_bbg_2026-10-05.xlsx
2015-12-30,-0.050000,0.501000,-0.388000,0.080000,"Bloomberg BGN, exported by Charlie",france_italy_1y5y_bbg_2026-10-05.xlsx
2015-12-31,-0.050000,0.501000,-0.388000,0.080000,"Bloomberg BGN, exported by Charlie",france_italy_1y5y_bbg_2026-10-05.xlsx
2016-01-04,-0.083000,0.564000,-0.378000,0.068000,"Bloomberg BGN, exported by Charlie",france_italy_1y5y_bbg_2026-10-05.xlsx
2016-01-05,-0.089000,0.526000,-0.382000,0.038000,"Bloomberg BGN, exported by Charlie",france_italy_1y5y_bbg_2026-10-05.xlsx
2016-01-06,-0.093000,0.511000,-0.382000,0.021000,"Bloomberg BGN, exported by Charlie",france_italy_1y5y_bbg_2026-10-05.xlsx
2016-01-07,-0.084000,0.572000,-0.378000,0.052000,"Bloomberg BGN, exported by Charlie",france_italy_1y5y_bbg_2026-10-05.xlsx
2016-01-08,-0.081000,0.547000,-0.385000,0.032000,"Bloomberg BGN, exported by Charlie",france_italy_1y5y_bbg_2026-10-05.xlsx
2016-01-11,-0.070000,0.578000,-0.379000,0.051000,"Bloomberg BGN, exported by Charlie",france_italy_1y5y_bbg_2026-10-05.xlsx
2016-01-12,-0.075000,0.592000,-0.376000,0.069000,"Bloomberg BGN, exported by Charlie",france_italy_1y5y_bbg_2026-10-05.xlsx
2016-01-13,-0.069000,0.563000,-0.369000,0.054000,"Bloomberg BGN, exported by Charlie",france_italy_1y5y_bbg_2026-10-05.xlsx
2016-01-14,-0.067000,0.584000,-0.368000,0.059000,"Bloomberg BGN, exported by Charlie",france_italy_1y5y_bbg_2026-10-05.xlsx
2016-01-15,-0.066000,0.561000,-0.368000,0.038000,"Bloomberg BGN, exported by Charlie",france_italy_1y5y_bbg_2026-10-05.xlsx
2016-01-18,-0.067000,0.566000,-0.363000,0.029000,"Bloomberg BGN, exported by Charlie",france_italy_1y5y_bbg_2026-10-05.xlsx
2016-01-19,-0.064000,0.553000,-0.355000,0.026000,"Bloomberg BGN, exported by Charlie",france_italy_1y5y_bbg_2026-10-05.xlsx
2016-01-20,-0.054000,0.622000,-0.363000,0.009000,"Bloomberg BGN, exported by Charlie",france_italy_1y5y_bbg_2026-10-05.xlsx
2016-01-21,-0.074000,0.544000,-0.384000,-0.034000,"Bloomberg BGN, exported by Charlie",france_italy_1y5y_bbg_2026-10-05.xlsx
2016-01-22,-0.067000,0.535000,-0.381000,-0.037000,"Bloomberg BGN, exported by Charlie",france_italy_1y5y_bbg_2026-10-05.xlsx
2016-01-25,-0.070000,0.522000,-0.376000,-0.048000,"Bloomberg BGN, exported by Charlie",france_italy_1y5y_bbg_2026-10-05.xlsx
2016-01-26,-0.067000,0.487000,-0.378000,-0.076000,"Bloomberg BGN, exported by Charlie",france_italy_1y5y_bbg_2026-10-05.xlsx
2016-01-27,-0.066000,0.486000,-0.382000,-0.060000,"Bloomberg BGN, exported by Charlie",france_italy_1y5y_bbg_2026-10-05.xlsx
2016-01-28,-0.065000,0.492000,-0.391000,-0.078000,"Bloomberg BGN, exported by Charlie",france_italy_1y5y_bbg_2026-10-05.xlsx
2016-01-29,-0.071000,0.417000,-0.402000,-0.145000,"Bloomberg BGN, exported by Charlie",france_italy_1y5y_bbg_2026-10-05.xlsx
2016-02-01,-0.068000,0.438000,-0.390000,-0.113000,"Bloomberg BGN, exported by Charlie",france_italy_1y5y_bbg_2026-10-05.xlsx
2016-02-02,-0.073000,0.448000,-0.397000,-0.131000,"Bloomberg BGN, exported by Charlie",france_italy_1y5y_bbg_2026-10-05.xlsx
2016-02-03,-0.079000,0.417000,-0.410000,-0.151000,"Bloomberg BGN, exported by Charlie",france_italy_1y5y_bbg_2026-10-05.xlsx
2016-02-04,-0.081000,0.469000,-0.410000,-0.135000,"Bloomberg BGN, exported by Charlie",france_italy_1y5y_bbg_2026-10-05.xlsx
2016-02-05,-0.072000,0.493000,-0.411000,-0.135000,"Bloomberg BGN, exported by Charlie",france_italy_1y5y_bbg_2026-10-05.xlsx
2016-02-08,-0.055000,0.593000,-0.426000,-0.153000,"Bloomberg BGN, exported by Charlie",france_italy_1y5y_bbg_2026-10-05.xlsx
2016-02-09,-0.036000,0.616000,-0.423000,-0.141000,"Bloomberg BGN, exported by Charlie",france_italy_1y5y_bbg_2026-10-05.xlsx
2016-02-10,-0.034000,0.570000,-0.426000,-0.134000,"Bloomberg BGN, exported by Charlie",france_italy_1y5y_bbg_2026-10-05.xlsx
2016-02-11,0.006000,0.659000,-0.434000,-0.141000,"Bloomberg BGN, exported by Charlie",france_italy_1y5y_bbg_2026-10-05.xlsx
2016-02-12,0.000000,0.601000,-0.403000,-0.101000,"Bloomberg BGN, exported by Charlie",france_italy_1y5y_bbg_2026-10-05.xlsx
2016-02-15,-0.007000,0.550000,-0.406000,-0.153000,"Bloomberg BGN, exported by Charlie",france_italy_1y5y_bbg_2026-10-05.xlsx
2016-02-16,-0.007000,0.577000,-0.406000,-0.125000,"Bloomberg BGN, exported by Charlie",france_italy_1y5y_bbg_2026-10-05.xlsx
2016-02-17,-0.012000,0.553000,-0.399000,-0.127000,"Bloomberg BGN, exported by Charlie",france_italy_1y5y_bbg_2026-10-05.xlsx
2016-02-18,-0.010000,0.516000,-0.410000,-0.155000,"Bloomberg BGN, exported by Charlie",france_italy_1y5y_bbg_2026-10-05.xlsx
2016-02-19,-0.008000,0.531000,-0.403000,-0.159000,"Bloomberg BGN, exported by Charlie",france_italy_1y5y_bbg_2026-10-05.xlsx
2016-02-22,-0.015000,0.502000,-0.398000,-0.176000,"Bloomberg BGN, exported by Charlie",france_italy_1y5y_bbg_2026-10-05.xlsx
2016-02-23,-0.010000,0.507000,-0.397000,-0.175000,"Bloomberg BGN, exported by Charlie",france_italy_1y5y_bbg_2026-10-05.xlsx
2016-02-24,-0.012000,0.507000,-0.405000,-0.174000,"Bloomberg BGN, exported by Charlie",france_italy_1y5y_bbg_2026-10-05.xlsx
2016-02-25,-0.022000,0.490000,-0.424000,-0.192000,"Bloomberg BGN, exported by Charlie",france_italy_1y5y_bbg_2026-10-05.xlsx
2016-02-26,-0.023000,0.468000,-0.426000,-0.203000,"Bloomberg BGN, exported by Charlie",france_italy_1y5y_bbg_2026-10-05.xlsx
2016-02-29,-0.044000,0.396000,-0.439000,-0.239000,"Bloomberg BGN, exported by Charlie",france_italy_1y5y_bbg_2026-10-05.xlsx
2016-03-01,-0.072000,0.351000,-0.444000,-0.224000,"Bloomberg BGN, exported by Charlie",france_italy_1y5y_bbg_2026-10-05.xlsx
2016-03-02,-0.075000,0.375000,-0.443000,-0.195000,"Bloomberg BGN, exported by Charlie",france_italy_1y5y_bbg_2026-10-05.xlsx
2016-03-03,-0.087000,0.355000,-0.471000,-0.221000,"Bloomberg BGN, exported by Charlie",france_italy_1y5y_bbg_2026-10-05.xlsx
2016-03-04,-0.081000,0.389000,-0.453000,-0.172000,"Bloomberg BGN, exported by Charlie",france_italy_1y5y_bbg_2026-10-05.xlsx
2016-03-07,-0.076000,0.378000,-0.453000,-0.196000,"Bloomberg BGN, exported by Charlie",france_italy_1y5y_bbg_2026-10-05.xlsx
2016-03-08,-0.076000,0.346000,-0.450000,-0.231000,"Bloomberg BGN, exported by Charlie",france_italy_1y5y_bbg_2026-10-05.xlsx
2016-03-09,-0.074000,0.367000,-0.443000,-0.198000,"Bloomberg BGN, exported by Charlie",france_italy_1y5y_bbg_2026-10-05.xlsx
2016-03-10,-0.081000,0.382000,-0.411000,-0.108000,"Bloomberg BGN, exported by Charlie",france_italy_1y5y_bbg_2026-10-05.xlsx
2016-03-11,-0.076000,0.320000,-0.413000,-0.159000,"Bloomberg BGN, exported by Charlie",france_italy_1y5y_bbg_2026-10-05.xlsx
2016-03-14,-0.079000,0.296000,-0.420000,-0.148000,"Bloomberg BGN, exported by Charlie",france_italy_1y5y_bbg_2026-10-05.xlsx
2016-03-15,-0.069000,0.344000,-0.420000,-0.124000,"Bloomberg BGN, exported by Charlie",france_italy_1y5y_bbg_2026-10-05.xlsx
2016-03-16,-0.069000,0.331000,-0.423000,-0.130000,"Bloomberg BGN, exported by Charlie",france_italy_1y5y_bbg_2026-10-05.xlsx
2016-03-17,-0.071000,0.282000,-0.427000,-0.161000,"Bloomberg BGN, exported by Charlie",france_italy_1y5y_bbg_2026-10-05.xlsx
2016-03-18,-0.076000,0.274000,-0.431000,-0.166000,"Bloomberg BGN, exported by Charlie",france_italy_1y5y_bbg_2026-10-05.xlsx
2016-03-21,-0.073000,0.273000,-0.428000,-0.165000,"Bloomberg BGN, exported by Charlie",france_italy_1y5y_bbg_2026-10-05.xlsx
2016-03-22,-0.072000,0.289000,-0.427000,-0.169000,"Bloomberg BGN, exported by Charlie",france_italy_1y5y_bbg_2026-10-05.xlsx
2016-03-23,-0.062000,0.311000,-0.426000,-0.179000,"Bloomberg BGN, exported by Charlie",france_italy_1y5y_bbg_2026-10-05.xlsx
2016-03-24,-0.045000,0.325000,-0.422000,-0.175000,"Bloomberg BGN, exported by Charlie",france_italy_1y5y_bbg_2026-10-05.xlsx
2016-03-29,-0.063000,0.285000,-0.424000,-0.212000,"Bloomberg BGN, exported by Charlie",france_italy_1y5y_bbg_2026-10-05.xlsx
2016-03-30,-0.068000,0.278000,-0.423000,-0.204000,"Bloomberg BGN, exported by Charlie",france_italy_1y5y_bbg_2026-10-05.xlsx
2016-03-31,-0.082000,0.276000,-0.425000,-0.204000,"Bloomberg BGN, exported by Charlie",france_italy_1y5y_bbg_2026-10-05.xlsx
2016-04-01,-0.094000,0.268000,-0.425000,-0.211000,"Bloomberg BGN, exported by Charlie",france_italy_1y5y_bbg_2026-10-05.xlsx
2016-04-04,-0.090000,0.276000,-0.426000,-0.213000,"Bloomberg BGN, exported by Charlie",france_italy_1y5y_bbg_2026-10-05.xlsx
2016-04-05,-0.088000,0.301000,-0.425000,-0.232000,"Bloomberg BGN, exported by Charlie",france_italy_1y5y_bbg_2026-10-05.xlsx
2016-04-06,-0.092000,0.309000,-0.434000,-0.231000,"Bloomberg BGN, exported by Charlie",france_italy_1y5y_bbg_2026-10-05.xlsx
2016-04-07,-0.080000,0.396000,-0.438000,-0.251000,"Bloomberg BGN, exported by Charlie",france_italy_1y5y_bbg_2026-10-05.xlsx
2016-04-08,-0.085000,0.343000,-0.437000,-0.253000,"Bloomberg BGN, exported by Charlie",france_italy_1y5y_bbg_2026-10-05.xlsx
2016-04-11,-0.085000,0.354000,-0.440000,-0.252000,"Bloomberg BGN, exported by Charlie",france_italy_1y5y_bbg_2026-10-05.xlsx
2016-04-12,-0.081000,0.366000,-0.439000,-0.224000,"Bloomberg BGN, exported by Charlie",france_italy_1y5y_bbg_2026-10-05.xlsx
2016-04-13,-0.076000,0.334000,-0.445000,-0.240000,"Bloomberg BGN, exported by Charlie",france_italy_1y5y_bbg_2026-10-05.xlsx
2016-04-14,-0.074000,0.356000,-0.466000,-0.207000,"Bloomberg BGN, exported by Charlie",france_italy_1y5y_bbg_2026-10-05.xlsx
2016-04-15,-0.084000,0.339000,-0.470000,-0.241000,"Bloomberg BGN, exported by Charlie",france_italy_1y5y_bbg_2026-10-05.xlsx
2016-04-18,-0.097000,0.343000,-0.465000,-0.229000,"Bloomberg BGN, exported by Charlie",france_italy_1y5y_bbg_2026-10-05.xlsx
2016-04-19,-0.107000,0.371000,-0.463000,-0.232000,"Bloomberg BGN, exported by Charlie",france_italy_1y5y_bbg_2026-10-05.xlsx
2016-04-20,-0.108000,0.371000,-0.465000,-0.230000,"Bloomberg BGN, exported by Charlie",france_italy_1y5y_bbg_2026-10-05.xlsx
2016-04-21,-0.103000,0.405000,-0.460000,-0.185000,"Bloomberg BGN, exported by Charlie",france_italy_1y5y_bbg_2026-10-05.xlsx
2016-04-22,-0.111000,0.404000,-0.463000,-0.204000,"Bloomberg BGN, exported by Charlie",france_italy_1y5y_bbg_2026-10-05.xlsx
2016-04-25,-0.108000,0.427000,-0.466000,-0.187000,"Bloomberg BGN, exported by Charlie",france_italy_1y5y_bbg_2026-10-05.xlsx
2016-04-26,-0.105000,0.431000,-0.467000,-0.105000,"Bloomberg BGN, exported by Charlie",france_italy_1y5y_bbg_2026-10-05.xlsx
2016-04-27,-0.114000,0.417000,-0.476000,-0.108000,"Bloomberg BGN, exported by Charlie",france_italy_1y5y_bbg_2026-10-05.xlsx
2016-04-28,-0.116000,0.400000,-0.486000,-0.115000,"Bloomberg BGN, exported by Charlie",france_italy_1y5y_bbg_2026-10-05.xlsx
2016-04-29,-0.112000,0.387000,-0.480000,-0.097000,"Bloomberg BGN, exported by Charlie",france_italy_1y5y_bbg_2026-10-05.xlsx
2016-05-02,-0.126000,0.366000,-0.481000,-0.097000,"Bloomberg BGN, exported by Charlie",france_italy_1y5y_bbg_2026-10-05.xlsx
2016-05-03,-0.135000,0.350000,-0.473000,-0.142000,"Bloomberg BGN, exported by Charlie",france_italy_1y5y_bbg_2026-10-05.xlsx
2016-05-04,-0.135000,0.374000,-0.475000,-0.143000,"Bloomberg BGN, exported by Charlie",france_italy_1y5y_bbg_2026-10-05.xlsx
2016-05-05,-0.147000,0.369000,-0.476000,-0.162000,"Bloomberg BGN, exported by Charlie",france_italy_1y5y_bbg_2026-10-05.xlsx
2016-05-06,-0.147000,0.362000,-0.478000,-0.170000,"Bloomberg BGN, exported by Charlie",france_italy_1y5y_bbg_2026-10-05.xlsx
2016-05-09,-0.139000,0.339000,-0.485000,-0.181000,"Bloomberg BGN, exported by Charlie",france_italy_1y5y_bbg_2026-10-05.xlsx
2016-05-10,-0.139000,0.358000,-0.485000,-0.173000,"Bloomberg BGN, exported by Charlie",france_italy_1y5y_bbg_2026-10-05.xlsx
2016-05-11,-0.141000,0.338000,-0.492000,-0.180000,"Bloomberg BGN, exported by Charlie",france_italy_1y5y_bbg_2026-10-05.xlsx
2016-05-12,-0.132000,0.369000,-0.490000,-0.169000,"Bloomberg BGN, exported by Charlie",france_italy_1y5y_bbg_2026-10-05.xlsx
2016-05-13,-0.134000,0.358000,-0.493000,-0.181000,"Bloomberg BGN, exported by Charlie",france_italy_1y5y_bbg_2026-10-05.xlsx
2016-05-16,-0.138000,0.361000,-0.488000,-0.175000,"Bloomberg BGN, exported by Charlie",france_italy_1y5y_bbg_2026-10-05.xlsx
2016-05-17,-0.141000,0.345000,-0.487000,-0.181000,"Bloomberg BGN, exported by Charlie",france_italy_1y5y_bbg_2026-10-05.xlsx
2016-05-18,-0.137000,0.369000,-0.489000,-0.165000,"Bloomberg BGN, exported by Charlie",france_italy_1y5y_bbg_2026-10-05.xlsx
2016-05-19,-0.139000,0.376000,-0.489000,-0.161000,"Bloomberg BGN, exported by Charlie",france_italy_1y5y_bbg_2026-10-05.xlsx
2016-05-20,-0.140000,0.365000,-0.489000,-0.160000,"Bloomberg BGN, exported by Charlie",france_italy_1y5y_bbg_2026-10-05.xlsx
2016-05-23,-0.142000,0.367000,-0.492000,-0.160000,"Bloomberg BGN, exported by Charlie",france_italy_1y5y_bbg_2026-10-05.xlsx
2016-05-24,-0.144000,0.339000,-0.493000,-0.170000,"Bloomberg BGN, exported by Charlie",france_italy_1y5y_bbg_2026-10-05.xlsx
2016-05-25,-0.149000,0.288000,-0.496000,-0.186000,"Bloomberg BGN, exported by Charlie",france_italy_1y5y_bbg_2026-10-05.xlsx
2016-05-26,-0.150000,0.292000,-0.497000,-0.190000,"Bloomberg BGN, exported by Charlie",france_italy_1y5y_bbg_2026-10-05.xlsx
2016-05-27,-0.149000,0.286000,-0.495000,-0.197000,"Bloomberg BGN, exported by Charlie",france_italy_1y5y_bbg_2026-10-05.xlsx
2016-05-30,-0.154000,0.299000,-0.497000,-0.179000,"Bloomberg BGN, exported by Charlie",france_italy_1y5y_bbg_2026-10-05.xlsx
2016-05-31,-0.168000,0.294000,-0.485000,-0.193000,"Bloomberg BGN, exported by Charlie",france_italy_1y5y_bbg_2026-10-05.xlsx
2016-06-01,-0.180000,0.307000,-0.493000,-0.190000,"Bloomberg BGN, exported by Charlie",france_italy_1y5y_bbg_2026-10-05.xlsx
2016-06-02,-0.174000,0.304000,-0.492000,-0.183000,"Bloomberg BGN, exported by Charlie",france_italy_1y5y_bbg_2026-10-05.xlsx
2016-06-03,-0.181000,0.292000,-0.498000,-0.202000,"Bloomberg BGN, exported by Charlie",france_italy_1y5y_bbg_2026-10-05.xlsx
2016-06-06,-0.163000,0.457000,-0.495000,-0.180000,"Bloomberg BGN, exported by Charlie",france_italy_1y5y_bbg_2026-10-05.xlsx
2016-06-07,-0.164000,0.421000,-0.493000,-0.198000,"Bloomberg BGN, exported by Charlie",france_italy_1y5y_bbg_2026-10-05.xlsx
2016-06-08,-0.150000,0.399000,-0.494000,-0.198000,"Bloomberg BGN, exported by Charlie",france_italy_1y5y_bbg_2026-10-05.xlsx
2016-06-09,-0.152000,0.400000,-0.495000,-0.204000,"Bloomberg BGN, exported by Charlie",france_italy_1y5y_bbg_2026-10-05.xlsx
2016-06-10,-0.131000,0.416000,-0.498000,-0.197000,"Bloomberg BGN, exported by Charlie",france_italy_1y5y_bbg_2026-10-05.xlsx
2016-06-13,-0.092000,0.485000,-0.492000,-0.190000,"Bloomberg BGN, exported by Charlie",france_italy_1y5y_bbg_2026-10-05.xlsx
2016-06-14,-0.037000,0.518000,-0.491000,-0.192000,"Bloomberg BGN, exported by Charlie",france_italy_1y5y_bbg_2026-10-05.xlsx
2016-06-15,-0.044000,0.498000,-0.495000,-0.204000,"Bloomberg BGN, exported by Charlie",france_italy_1y5y_bbg_2026-10-05.xlsx
2016-06-16,-0.032000,0.524000,-0.496000,-0.186000,"Bloomberg BGN, exported by Charlie",france_italy_1y5y_bbg_2026-10-05.xlsx
2016-06-17,-0.061000,0.486000,-0.501000,-0.199000,"Bloomberg BGN, exported by Charlie",france_italy_1y5y_bbg_2026-10-05.xlsx
2016-06-20,-0.090000,0.420000,-0.493000,-0.229000,"Bloomberg BGN, exported by Charlie",france_italy_1y5y_bbg_2026-10-05.xlsx
2016-06-21,-0.079000,0.423000,-0.496000,-0.228000,"Bloomberg BGN, exported by Charlie",france_italy_1y5y_bbg_2026-10-05.xlsx
2016-06-22,-0.088000,0.422000,-0.495000,-0.222000,"Bloomberg BGN, exported by Charlie",france_italy_1y5y_bbg_2026-10-05.xlsx
2016-06-23,-0.100000,0.392000,-0.494000,-0.209000,"Bloomberg BGN, exported by Charlie",france_italy_1y5y_bbg_2026-10-05.xlsx
2016-06-24,-0.053000,0.494000,-0.544000,-0.248000,"Bloomberg BGN, exported by Charlie",france_italy_1y5y_bbg_2026-10-05.xlsx
2016-06-27,-0.113000,0.456000,-0.545000,-0.274000,"Bloomberg BGN, exported by Charlie",france_italy_1y5y_bbg_2026-10-05.xlsx
2016-06-28,-0.157000,0.380000,-0.540000,-0.306000,"Bloomberg BGN, exported by Charlie",france_italy_1y5y_bbg_2026-10-05.xlsx
2016-06-29,-0.184000,0.363000,-0.539000,-0.328000,"Bloomberg BGN, exported by Charlie",france_italy_1y5y_bbg_2026-10-05.xlsx
2016-06-30,-0.205000,0.291000,-0.548000,-0.356000,"Bloomberg BGN, exported by Charlie",france_italy_1y5y_bbg_2026-10-05.xlsx
2016-07-01,-0.246000,0.286000,-0.555000,-0.376000,"Bloomberg BGN, exported by Charlie",france_italy_1y5y_bbg_2026-10-05.xlsx
2016-07-04,-0.263000,0.291000,-0.569000,-0.393000,"Bloomberg BGN, exported by Charlie",france_italy_1y5y_bbg_2026-10-05.xlsx
2016-07-05,-0.257000,0.305000,-0.566000,-0.408000,"Bloomberg BGN, exported by Charlie",france_italy_1y5y_bbg_2026-10-05.xlsx
2016-07-06,-0.234000,0.308000,-0.569000,-0.398000,"Bloomberg BGN, exported by Charlie",france_italy_1y5y_bbg_2026-10-05.xlsx
2016-07-07,-0.227000,0.330000,-0.575000,-0.401000,"Bloomberg BGN, exported by Charlie",france_italy_1y5y_bbg_2026-10-05.xlsx
2016-07-08,-0.204000,0.299000,-0.577000,-0.427000,"Bloomberg BGN, exported by Charlie",france_italy_1y5y_bbg_2026-10-05.xlsx
2016-07-11,-0.196000,0.291000,-0.577000,-0.421000,"Bloomberg BGN, exported by Charlie",france_italy_1y5y_bbg_2026-10-05.xlsx
2016-07-12,-0.194000,0.299000,-0.563000,-0.389000,"Bloomberg BGN, exported by Charlie",france_italy_1y5y_bbg_2026-10-05.xlsx
2016-07-13,-0.175000,0.294000,-0.575000,-0.405000,"Bloomberg BGN, exported by Charlie",france_italy_1y5y_bbg_2026-10-05.xlsx
2016-07-14,-0.164000,0.308000,-0.572000,-0.381000,"Bloomberg BGN, exported by Charlie",france_italy_1y5y_bbg_2026-10-05.xlsx
2016-07-15,-0.163000,0.331000,-0.572000,-0.349000,"Bloomberg BGN, exported by Charlie",france_italy_1y5y_bbg_2026-10-05.xlsx
2016-07-18,-0.171000,0.323000,-0.562000,-0.358000,"Bloomberg BGN, exported by Charlie",france_italy_1y5y_bbg_2026-10-05.xlsx
2016-07-19,-0.172000,0.312000,-0.559000,-0.354000,"Bloomberg BGN, exported by Charlie",france_italy_1y5y_bbg_2026-10-05.xlsx
2016-07-20,-0.173000,0.313000,-0.552000,-0.344000,"Bloomberg BGN, exported by Charlie",france_italy_1y5y_bbg_2026-10-05.xlsx
2016-07-21,-0.173000,0.320000,-0.551000,-0.347000,"Bloomberg BGN, exported by Charlie",france_italy_1y5y_bbg_2026-10-05.xlsx
2016-07-22,-0.177000,0.312000,-0.562000,-0.338000,"Bloomberg BGN, exported by Charlie",france_italy_1y5y_bbg_2026-10-05.xlsx
2016-07-25,-0.172000,0.309000,-0.549000,-0.351000,"Bloomberg BGN, exported by Charlie",france_italy_1y5y_bbg_2026-10-05.xlsx
2016-07-26,-0.169000,0.314000,-0.546000,-0.353000,"Bloomberg BGN, exported by Charlie",france_italy_1y5y_bbg_2026-10-05.xlsx
2016-07-27,-0.176000,0.301000,-0.547000,-0.386000,"Bloomberg BGN, exported by Charlie",france_italy_1y5y_bbg_2026-10-05.xlsx
2016-07-28,-0.180000,0.304000,-0.554000,-0.382000,"Bloomberg BGN, exported by Charlie",france_italy_1y5y_bbg_2026-10-05.xlsx
2016-07-29,-0.187000,0.287000,-0.572000,-0.403000,"Bloomberg BGN, exported by Charlie",france_italy_1y5y_bbg_2026-10-05.xlsx
2016-08-01,-0.190000,0.282000,-0.559000,-0.393000,"Bloomberg BGN, exported by Charlie",france_italy_1y5y_bbg_2026-10-05.xlsx
2016-08-02,-0.196000,0.300000,-0.560000,-0.363000,"Bloomberg BGN, exported by Charlie",france_italy_1y5y_bbg_2026-10-05.xlsx
2016-08-03,-0.199000,0.303000,-0.566000,-0.366000,"Bloomberg BGN, exported by Charlie",france_italy_1y5y_bbg_2026-10-05.xlsx
2016-08-04,-0.217000,0.258000,-0.572000,-0.403000,"Bloomberg BGN, exported by Charlie",france_italy_1y5y_bbg_2026-10-05.xlsx
2016-08-05,-0.205000,0.249000,-0.573000,-0.398000,"Bloomberg BGN, exported by Charlie",france_italy_1y5y_bbg_2026-10-05.xlsx
2016-08-08,-0.198000,0.240000,-0.577000,-0.408000,"Bloomberg BGN, exported by Charlie",france_italy_1y5y_bbg_2026-10-05.xlsx
2016-08-09,-0.196000,0.240000,-0.578000,-0.416000,"Bloomberg BGN, exported by Charlie",france_italy_1y5y_bbg_2026-10-05.xlsx
2016-08-10,-0.211000,0.220000,-0.587000,-0.443000,"Bloomberg BGN, exported by Charlie",france_italy_1y5y_bbg_2026-10-05.xlsx
2016-08-11,-0.193000,0.212000,-0.586000,-0.431000,"Bloomberg BGN, exported by Charlie",france_italy_1y5y_bbg_2026-10-05.xlsx
2016-08-12,-0.193000,0.199000,-0.586000,-0.436000,"Bloomberg BGN, exported by Charlie",france_italy_1y5y_bbg_2026-10-05.xlsx
2016-08-15,-0.194000,0.206000,-0.582000,-0.410000,"Bloomberg BGN, exported by Charlie",france_italy_1y5y_bbg_2026-10-05.xlsx
2016-08-16,-0.200000,0.236000,-0.589000,-0.390000,"Bloomberg BGN, exported by Charlie",france_italy_1y5y_bbg_2026-10-05.xlsx
2016-08-17,-0.200000,0.234000,-0.591000,-0.395000,"Bloomberg BGN, exported by Charlie",france_italy_1y5y_bbg_2026-10-05.xlsx
2016-08-18,-0.204000,0.211000,-0.590000,-0.414000,"Bloomberg BGN, exported by Charlie",france_italy_1y5y_bbg_2026-10-05.xlsx
2016-08-19,-0.204000,0.238000,-0.591000,-0.389000,"Bloomberg BGN, exported by Charlie",france_italy_1y5y_bbg_2026-10-05.xlsx
2016-08-22,-0.208000,0.221000,-0.587000,-0.418000,"Bloomberg BGN, exported by Charlie",france_italy_1y5y_bbg_2026-10-05.xlsx
2016-08-23,-0.208000,0.220000,-0.583000,-0.417000,"Bloomberg BGN, exported by Charlie",france_italy_1y5y_bbg_2026-10-05.xlsx
2016-08-24,-0.208000,0.225000,-0.582000,-0.406000,"Bloomberg BGN, exported by Charlie",france_italy_1y5y_bbg_2026-10-05.xlsx
2016-08-25,-0.218000,0.223000,-0.588000,-0.393000,"Bloomberg BGN, exported by Charlie",france_italy_1y5y_bbg_2026-10-05.xlsx
2016-08-26,-0.216000,0.225000,-0.584000,-0.392000,"Bloomberg BGN, exported by Charlie",france_italy_1y5y_bbg_2026-10-05.xlsx
2016-08-29,-0.217000,0.217000,-0.584000,-0.401000,"Bloomberg BGN, exported by Charlie",france_italy_1y5y_bbg_2026-10-05.xlsx
2016-08-30,-0.218000,0.231000,-0.582000,-0.405000,"Bloomberg BGN, exported by Charlie",france_italy_1y5y_bbg_2026-10-05.xlsx
2016-08-31,-0.225000,0.248000,-0.584000,-0.389000,"Bloomberg BGN, exported by Charlie",france_italy_1y5y_bbg_2026-10-05.xlsx
2016-09-01,-0.224000,0.277000,-0.585000,-0.380000,"Bloomberg BGN, exported by Charlie",france_italy_1y5y_bbg_2026-10-05.xlsx
2016-09-02,-0.236000,0.270000,-0.585000,-0.378000,"Bloomberg BGN, exported by Charlie",france_italy_1y5y_bbg_2026-10-05.xlsx
2016-09-05,-0.246000,0.257000,-0.583000,-0.387000,"Bloomberg BGN, exported by Charlie",france_italy_1y5y_bbg_2026-10-05.xlsx
2016-09-06,-0.250000,0.209000,-0.583000,-0.437000,"Bloomberg BGN, exported by Charlie",france_italy_1y5y_bbg_2026-10-05.xlsx
2016-09-07,-0.252000,0.202000,-0.578000,-0.451000,"Bloomberg BGN, exported by Charlie",france_italy_1y5y_bbg_2026-10-05.xlsx
2016-09-08,-0.237000,0.254000,-0.575000,-0.404000,"Bloomberg BGN, exported by Charlie",france_italy_1y5y_bbg_2026-10-05.xlsx
2016-09-09,-0.203000,0.299000,-0.571000,-0.359000,"Bloomberg BGN, exported by Charlie",france_italy_1y5y_bbg_2026-10-05.xlsx
2016-09-12,-0.187000,0.319000,-0.567000,-0.345000,"Bloomberg BGN, exported by Charlie",france_italy_1y5y_bbg_2026-10-05.xlsx
2016-09-13,-0.168000,0.346000,-0.567000,-0.328000,"Bloomberg BGN, exported by Charlie",france_italy_1y5y_bbg_2026-10-05.xlsx
2016-09-14,-0.169000,0.322000,-0.574000,-0.374000,"Bloomberg BGN, exported by Charlie",france_italy_1y5y_bbg_2026-10-05.xlsx
2016-09-15,-0.174000,0.340000,-0.576000,-0.374000,"Bloomberg BGN, exported by Charlie",france_italy_1y5y_bbg_2026-10-05.xlsx
2016-09-16,-0.184000,0.338000,-0.580000,-0.381000,"Bloomberg BGN, exported by Charlie",france_italy_1y5y_bbg_2026-10-05.xlsx
2016-09-19,-0.194000,0.313000,-0.574000,-0.370000,"Bloomberg BGN, exported by Charlie",france_italy_1y5y_bbg_2026-10-05.xlsx
2016-09-20,-0.207000,0.283000,-0.569000,-0.389000,"Bloomberg BGN, exported by Charlie",france_italy_1y5y_bbg_2026-10-05.xlsx
2016-09-21,-0.204000,0.294000,-0.571000,-0.383000,"Bloomberg BGN, exported by Charlie",france_italy_1y5y_bbg_2026-10-05.xlsx
2016-09-22,-0.228000,0.242000,-0.579000,-0.425000,"Bloomberg BGN, exported by Charlie",france_italy_1y5y_bbg_2026-10-05.xlsx
2016-09-23,-0.218000,0.255000,-0.588000,-0.420000,"Bloomberg BGN, exported by Charlie",france_italy_1y5y_bbg_2026-10-05.xlsx
2016-09-26,-0.220000,0.240000,-0.588000,-0.441000,"Bloomberg BGN, exported by Charlie",france_italy_1y5y_bbg_2026-10-05.xlsx
2016-09-27,-0.217000,0.254000,-0.602000,-0.461000,"Bloomberg BGN, exported by Charlie",france_italy_1y5y_bbg_2026-10-05.xlsx
2016-09-28,-0.243000,0.241000,-0.631000,-0.459000,"Bloomberg BGN, exported by Charlie",france_italy_1y5y_bbg_2026-10-05.xlsx
2016-09-29,-0.251000,0.268000,-0.631000,-0.447000,"Bloomberg BGN, exported by Charlie",france_italy_1y5y_bbg_2026-10-05.xlsx
2016-09-30,-0.249000,0.262000,-0.642000,-0.443000,"Bloomberg BGN, exported by Charlie",france_italy_1y5y_bbg_2026-10-05.xlsx
2016-10-03,-0.250000,0.295000,-0.626000,-0.431000,"Bloomberg BGN, exported by Charlie",france_italy_1y5y_bbg_2026-10-05.xlsx
2016-10-04,-0.252000,0.311000,-0.631000,-0.412000,"Bloomberg BGN, exported by Charlie",france_italy_1y5y_bbg_2026-10-05.xlsx
2016-10-05,-0.246000,0.338000,-0.630000,-0.373000,"Bloomberg BGN, exported by Charlie",france_italy_1y5y_bbg_2026-10-05.xlsx
2016-10-06,-0.246000,0.328000,-0.632000,-0.376000,"Bloomberg BGN, exported by Charlie",france_italy_1y5y_bbg_2026-10-05.xlsx
2016-10-07,-0.243000,0.356000,-0.629000,-0.365000,"Bloomberg BGN, exported by Charlie",france_italy_1y5y_bbg_2026-10-05.xlsx
2016-10-10,-0.232000,0.361000,-0.622000,-0.360000,"Bloomberg BGN, exported by Charlie",france_italy_1y5y_bbg_2026-10-05.xlsx
2016-10-11,-0.248000,0.343000,-0.627000,-0.370000,"Bloomberg BGN, exported by Charlie",france_italy_1y5y_bbg_2026-10-05.xlsx
2016-10-12,-0.249000,0.363000,-0.628000,-0.348000,"Bloomberg BGN, exported by Charlie",france_italy_1y5y_bbg_2026-10-05.xlsx
2016-10-13,-0.231000,0.350000,-0.626000,-0.360000,"Bloomberg BGN, exported by Charlie",france_italy_1y5y_bbg_2026-10-05.xlsx
2016-10-14,-0.231000,0.351000,-0.619000,-0.359000,"Bloomberg BGN, exported by Charlie",france_italy_1y5y_bbg_2026-10-05.xlsx
2016-10-17,-0.231000,0.362000,-0.623000,-0.363000,"Bloomberg BGN, exported by Charlie",france_italy_1y5y_bbg_2026-10-05.xlsx
2016-10-18,-0.233000,0.351000,-0.620000,-0.376000,"Bloomberg BGN, exported by Charlie",france_italy_1y5y_bbg_2026-10-05.xlsx
2016-10-19,-0.238000,0.357000,-0.624000,-0.377000,"Bloomberg BGN, exported by Charlie",france_italy_1y5y_bbg_2026-10-05.xlsx
2016-10-20,-0.241000,0.357000,-0.628000,-0.387000,"Bloomberg BGN, exported by Charlie",france_italy_1y5y_bbg_2026-10-05.xlsx
2016-10-21,-0.244000,0.358000,-0.632000,-0.383000,"Bloomberg BGN, exported by Charlie",france_italy_1y5y_bbg_2026-10-05.xlsx
2016-10-24,-0.246000,0.359000,-0.630000,-0.377000,"Bloomberg BGN, exported by Charlie",france_italy_1y5y_bbg_2026-10-05.xlsx
2016-10-25,-0.251000,0.358000,-0.625000,-0.369000,"Bloomberg BGN, exported by Charlie",france_italy_1y5y_bbg_2026-10-05.xlsx
2016-10-26,-0.248000,0.415000,-0.638000,-0.339000,"Bloomberg BGN, exported by Charlie",france_italy_1y5y_bbg_2026-10-05.xlsx
2016-10-27,-0.246000,0.480000,-0.638000,-0.295000,"Bloomberg BGN, exported by Charlie",france_italy_1y5y_bbg_2026-10-05.xlsx
2016-10-28,-0.198000,0.541000,-0.636000,-0.275000,"Bloomberg BGN, exported by Charlie",france_italy_1y5y_bbg_2026-10-05.xlsx
2016-10-31,-0.193000,0.645000,-0.631000,-0.278000,"Bloomberg BGN, exported by Charlie",france_italy_1y5y_bbg_2026-10-05.xlsx
2016-11-01,-0.193000,0.705000,-0.628000,-0.270000,"Bloomberg BGN, exported by Charlie",france_italy_1y5y_bbg_2026-10-05.xlsx
2016-11-02,-0.213000,0.634000,-0.636000,-0.297000,"Bloomberg BGN, exported by Charlie",france_italy_1y5y_bbg_2026-10-05.xlsx
2016-11-03,-0.231000,0.636000,-0.646000,-0.287000,"Bloomberg BGN, exported by Charlie",france_italy_1y5y_bbg_2026-10-05.xlsx
2016-11-04,-0.242000,0.672000,-0.662000,-0.302000,"Bloomberg BGN, exported by Charlie",france_italy_1y5y_bbg_2026-10-05.xlsx
2016-11-07,-0.255000,0.637000,-0.694000,-0.297000,"Bloomberg BGN, exported by Charlie",france_italy_1y5y_bbg_2026-10-05.xlsx
2016-11-08,-0.245000,0.653000,-0.692000,-0.283000,"Bloomberg BGN, exported by Charlie",france_italy_1y5y_bbg_2026-10-05.xlsx
2016-11-09,-0.233000,0.672000,-0.699000,-0.287000,"Bloomberg BGN, exported by Charlie",france_italy_1y5y_bbg_2026-10-05.xlsx
2016-11-10,-0.210000,0.764000,-0.688000,-0.203000,"Bloomberg BGN, exported by Charlie",france_italy_1y5y_bbg_2026-10-05.xlsx
2016-11-11,-0.176000,0.861000,-0.687000,-0.132000,"Bloomberg BGN, exported by Charlie",france_italy_1y5y_bbg_2026-10-05.xlsx
2016-11-14,-0.166000,0.933000,-0.668000,-0.110000,"Bloomberg BGN, exported by Charlie",france_italy_1y5y_bbg_2026-10-05.xlsx
2016-11-15,-0.202000,0.838000,-0.645000,-0.150000,"Bloomberg BGN, exported by Charlie",france_italy_1y5y_bbg_2026-10-05.xlsx
2016-11-16,-0.196000,0.897000,-0.640000,-0.142000,"Bloomberg BGN, exported by Charlie",france_italy_1y5y_bbg_2026-10-05.xlsx
2016-11-17,-0.193000,0.947000,-0.641000,-0.148000,"Bloomberg BGN, exported by Charlie",france_italy_1y5y_bbg_2026-10-05.xlsx
2016-11-18,-0.196000,0.931000,-0.644000,-0.162000,"Bloomberg BGN, exported by Charlie",france_italy_1y5y_bbg_2026-10-05.xlsx
2016-11-21,-0.196000,0.940000,-0.636000,-0.023000,"Bloomberg BGN, exported by Charlie",france_italy_1y5y_bbg_2026-10-05.xlsx
2016-11-22,-0.204000,0.920000,-0.643000,-0.083000,"Bloomberg BGN, exported by Charlie",france_italy_1y5y_bbg_2026-10-05.xlsx
2016-11-23,-0.186000,0.991000,-0.645000,-0.033000,"Bloomberg BGN, exported by Charlie",france_italy_1y5y_bbg_2026-10-05.xlsx
2016-11-24,-0.194000,1.006000,-0.658000,-0.037000,"Bloomberg BGN, exported by Charlie",france_italy_1y5y_bbg_2026-10-05.xlsx
2016-11-25,-0.180000,0.989000,-0.674000,-0.022000,"Bloomberg BGN, exported by Charlie",france_italy_1y5y_bbg_2026-10-05.xlsx
2016-11-28,-0.174000,0.987000,-0.665000,-0.039000,"Bloomberg BGN, exported by Charlie",france_italy_1y5y_bbg_2026-10-05.xlsx
2016-11-29,-0.173000,0.906000,-0.677000,-0.101000,"Bloomberg BGN, exported by Charlie",france_italy_1y5y_bbg_2026-10-05.xlsx
2016-11-30,-0.176000,0.885000,-0.685000,-0.086000,"Bloomberg BGN, exported by Charlie",france_italy_1y5y_bbg_2026-10-05.xlsx
2016-12-01,-0.154000,0.937000,-0.679000,-0.026000,"Bloomberg BGN, exported by Charlie",france_italy_1y5y_bbg_2026-10-05.xlsx
2016-12-02,-0.158000,0.841000,-0.676000,-0.074000,"Bloomberg BGN, exported by Charlie",france_italy_1y5y_bbg_2026-10-05.xlsx
2016-12-05,-0.138000,0.879000,-0.652000,-0.021000,"Bloomberg BGN, exported by Charlie",france_italy_1y5y_bbg_2026-10-05.xlsx
2016-12-06,-0.174000,0.828000,-0.653000,-0.017000,"Bloomberg BGN, exported by Charlie",france_italy_1y5y_bbg_2026-10-05.xlsx
2016-12-07,-0.172000,0.781000,-0.656000,-0.029000,"Bloomberg BGN, exported by Charlie",france_italy_1y5y_bbg_2026-10-05.xlsx
2016-12-08,-0.215000,0.815000,-0.672000,-0.064000,"Bloomberg BGN, exported by Charlie",france_italy_1y5y_bbg_2026-10-05.xlsx
2016-12-09,-0.217000,0.803000,-0.675000,-0.077000,"Bloomberg BGN, exported by Charlie",france_italy_1y5y_bbg_2026-10-05.xlsx
2016-12-12,-0.206000,0.755000,-0.677000,-0.036000,"Bloomberg BGN, exported by Charlie",france_italy_1y5y_bbg_2026-10-05.xlsx
2016-12-13,-0.195000,0.654000,-0.686000,-0.070000,"Bloomberg BGN, exported by Charlie",france_italy_1y5y_bbg_2026-10-05.xlsx
2016-12-14,-0.205000,0.568000,-0.688000,-0.096000,"Bloomberg BGN, exported by Charlie",france_italy_1y5y_bbg_2026-10-05.xlsx
2016-12-15,-0.213000,0.617000,-0.717000,-0.064000,"Bloomberg BGN, exported by Charlie",france_italy_1y5y_bbg_2026-10-05.xlsx
2016-12-16,-0.215000,0.643000,-0.786000,-0.081000,"Bloomberg BGN, exported by Charlie",france_italy_1y5y_bbg_2026-10-05.xlsx
2016-12-19,-0.225000,0.598000,-0.788000,-0.116000,"Bloomberg BGN, exported by Charlie",france_italy_1y5y_bbg_2026-10-05.xlsx
2016-12-20,-0.241000,0.602000,-0.790000,-0.089000,"Bloomberg BGN, exported by Charlie",france_italy_1y5y_bbg_2026-10-05.xlsx
2016-12-21,-0.251000,0.579000,-0.788000,-0.107000,"Bloomberg BGN, exported by Charlie",france_italy_1y5y_bbg_2026-10-05.xlsx
2016-12-22,-0.252000,0.590000,-0.789000,-0.094000,"Bloomberg BGN, exported by Charlie",france_italy_1y5y_bbg_2026-10-05.xlsx
2016-12-23,-0.251000,0.577000,-0.789000,-0.114000,"Bloomberg BGN, exported by Charlie",france_italy_1y5y_bbg_2026-10-05.xlsx
2016-12-27,-0.280000,0.586000,-0.794000,-0.148000,"Bloomberg BGN, exported by Charlie",france_italy_1y5y_bbg_2026-10-05.xlsx
2016-12-28,-0.318000,0.584000,-0.809000,-0.145000,"Bloomberg BGN, exported by Charlie",france_italy_1y5y_bbg_2026-10-05.xlsx
2016-12-29,-0.302000,0.588000,-0.787000,-0.144000,"Bloomberg BGN, exported by Charlie",france_italy_1y5y_bbg_2026-10-05.xlsx
2016-12-30,-0.304000,0.596000,-0.744000,-0.129000,"Bloomberg BGN, exported by Charlie",france_italy_1y5y_bbg_2026-10-05.xlsx
2017-01-02,-0.315000,0.537000,-0.739000,-0.143000,"Bloomberg BGN, exported by Charlie",france_italy_1y5y_bbg_2026-10-05.xlsx
2017-01-03,-0.319000,0.618000,-0.675000,-0.096000,"Bloomberg BGN, exported by Charlie",france_italy_1y5y_bbg_2026-10-05.xlsx
2017-01-04,-0.322000,0.630000,-0.704000,-0.085000,"Bloomberg BGN, exported by Charlie",france_italy_1y5y_bbg_2026-10-05.xlsx
2017-01-05,-0.280000,0.692000,-0.683000,-0.055000,"Bloomberg BGN, exported by Charlie",france_italy_1y5y_bbg_2026-10-05.xlsx
2017-01-06,-0.286000,0.714000,-0.640000,-0.023000,"Bloomberg BGN, exported by Charlie",france_italy_1y5y_bbg_2026-10-05.xlsx
2017-01-09,-0.299000,0.641000,-0.619000,-0.034000,"Bloomberg BGN, exported by Charlie",france_italy_1y5y_bbg_2026-10-05.xlsx
2017-01-10,-0.268000,0.645000,-0.624000,-0.017000,"Bloomberg BGN, exported by Charlie",france_italy_1y5y_bbg_2026-10-05.xlsx
2017-01-11,-0.295000,0.621000,-0.619000,-0.023000,"Bloomberg BGN, exported by Charlie",france_italy_1y5y_bbg_2026-10-05.xlsx
2017-01-12,-0.256000,0.643000,-0.609000,-0.036000,"Bloomberg BGN, exported by Charlie",france_italy_1y5y_bbg_2026-10-05.xlsx
2017-01-13,-0.256000,0.635000,-0.574000,-0.029000,"Bloomberg BGN, exported by Charlie",france_italy_1y5y_bbg_2026-10-05.xlsx
2017-01-16,-0.255000,0.635000,-0.553000,-0.047000,"Bloomberg BGN, exported by Charlie",france_italy_1y5y_bbg_2026-10-05.xlsx
2017-01-17,-0.266000,0.621000,-0.557000,-0.060000,"Bloomberg BGN, exported by Charlie",france_italy_1y5y_bbg_2026-10-05.xlsx
2017-01-18,-0.274000,0.633000,-0.569000,-0.050000,"Bloomberg BGN, exported by Charlie",france_italy_1y5y_bbg_2026-10-05.xlsx
2017-01-19,-0.267000,0.664000,-0.567000,-0.027000,"Bloomberg BGN, exported by Charlie",france_italy_1y5y_bbg_2026-10-05.xlsx
2017-01-20,-0.273000,0.682000,-0.524000,0.006000,"Bloomberg BGN, exported by Charlie",france_italy_1y5y_bbg_2026-10-05.xlsx
2017-01-23,-0.276000,0.654000,-0.551000,-0.028000,"Bloomberg BGN, exported by Charlie",france_italy_1y5y_bbg_2026-10-05.xlsx
2017-01-24,-0.277000,0.680000,-0.545000,0.004000,"Bloomberg BGN, exported by Charlie",france_italy_1y5y_bbg_2026-10-05.xlsx
2017-01-25,-0.272000,0.714000,-0.544000,0.067000,"Bloomberg BGN, exported by Charlie",france_italy_1y5y_bbg_2026-10-05.xlsx
2017-01-26,-0.262000,0.833000,-0.533000,0.114000,"Bloomberg BGN, exported by Charlie",france_italy_1y5y_bbg_2026-10-05.xlsx
2017-01-27,-0.257000,0.861000,-0.521000,0.122000,"Bloomberg BGN, exported by Charlie",france_italy_1y5y_bbg_2026-10-05.xlsx
2017-01-30,-0.248000,0.970000,-0.530000,0.165000,"Bloomberg BGN, exported by Charlie",france_italy_1y5y_bbg_2026-10-05.xlsx
2017-01-31,-0.263000,0.919000,-0.537000,0.135000,"Bloomberg BGN, exported by Charlie",france_italy_1y5y_bbg_2026-10-05.xlsx
2017-02-01,-0.268000,0.935000,-0.561000,0.163000,"Bloomberg BGN, exported by Charlie",france_italy_1y5y_bbg_2026-10-05.xlsx
2017-02-02,-0.286000,0.859000,-0.569000,0.106000,"Bloomberg BGN, exported by Charlie",france_italy_1y5y_bbg_2026-10-05.xlsx
2017-02-03,-0.283000,0.878000,-0.562000,0.091000,"Bloomberg BGN, exported by Charlie",france_italy_1y5y_bbg_2026-10-05.xlsx
2017-02-06,-0.262000,0.976000,-0.592000,0.141000,"Bloomberg BGN, exported by Charlie",france_italy_1y5y_bbg_2026-10-05.xlsx
2017-02-07,-0.266000,0.951000,-0.630000,0.145000,"Bloomberg BGN, exported by Charlie",france_italy_1y5y_bbg_2026-10-05.xlsx
2017-02-08,-0.268000,0.885000,-0.636000,0.103000,"Bloomberg BGN, exported by Charlie",france_italy_1y5y_bbg_2026-10-05.xlsx
2017-02-09,-0.270000,0.832000,-0.619000,0.074000,"Bloomberg BGN, exported by Charlie",france_italy_1y5y_bbg_2026-10-05.xlsx
2017-02-10,-0.282000,0.912000,-0.598000,0.120000,"Bloomberg BGN, exported by Charlie",france_italy_1y5y_bbg_2026-10-05.xlsx
2017-02-13,-0.250000,0.897000,-0.597000,0.121000,"Bloomberg BGN, exported by Charlie",france_italy_1y5y_bbg_2026-10-05.xlsx
2017-02-14,-0.258000,0.904000,-0.609000,0.116000,"Bloomberg BGN, exported by Charlie",france_italy_1y5y_bbg_2026-10-05.xlsx
2017-02-15,-0.259000,0.910000,-0.611000,0.102000,"Bloomberg BGN, exported by Charlie",france_italy_1y5y_bbg_2026-10-05.xlsx
2017-02-16,-0.264000,0.874000,-0.604000,0.085000,"Bloomberg BGN, exported by Charlie",france_italy_1y5y_bbg_2026-10-05.xlsx
2017-02-17,-0.267000,0.901000,-0.585000,0.092000,"Bloomberg BGN, exported by Charlie",france_italy_1y5y_bbg_2026-10-05.xlsx
2017-02-20,-0.265000,0.906000,-0.575000,0.127000,"Bloomberg BGN, exported by Charlie",france_italy_1y5y_bbg_2026-10-05.xlsx
2017-02-21,-0.255000,0.957000,-0.549000,0.167000,"Bloomberg BGN, exported by Charlie",france_italy_1y5y_bbg_2026-10-05.xlsx
2017-02-22,-0.247000,0.941000,-0.550000,0.124000,"Bloomberg BGN, exported by Charlie",france_italy_1y5y_bbg_2026-10-05.xlsx
2017-02-23,-0.255000,0.963000,-0.531000,0.052000,"Bloomberg BGN, exported by Charlie",france_italy_1y5y_bbg_2026-10-05.xlsx
2017-02-24,-0.252000,0.963000,-0.543000,0.012000,"Bloomberg BGN, exported by Charlie",france_italy_1y5y_bbg_2026-10-05.xlsx
2017-02-27,-0.268000,0.896000,-0.548000,0.001000,"Bloomberg BGN, exported by Charlie",france_italy_1y5y_bbg_2026-10-05.xlsx
2017-02-28,-0.265000,0.820000,-0.555000,0.014000,"Bloomberg BGN, exported by Charlie",france_italy_1y5y_bbg_2026-10-05.xlsx
2017-03-01,-0.262000,0.828000,-0.547000,0.065000,"Bloomberg BGN, exported by Charlie",france_italy_1y5y_bbg_2026-10-05.xlsx
2017-03-02,-0.259000,0.839000,-0.549000,0.061000,"Bloomberg BGN, exported by Charlie",france_italy_1y5y_bbg_2026-10-05.xlsx
2017-03-03,-0.258000,0.788000,-0.551000,0.055000,"Bloomberg BGN, exported by Charlie",france_italy_1y5y_bbg_2026-10-05.xlsx
2017-03-06,-0.262000,0.824000,-0.570000,0.061000,"Bloomberg BGN, exported by Charlie",france_italy_1y5y_bbg_2026-10-05.xlsx
2017-03-07,-0.261000,0.833000,-0.563000,0.067000,"Bloomberg BGN, exported by Charlie",france_italy_1y5y_bbg_2026-10-05.xlsx
2017-03-08,-0.251000,0.902000,-0.577000,0.144000,"Bloomberg BGN, exported by Charlie",france_italy_1y5y_bbg_2026-10-05.xlsx
2017-03-09,-0.236000,0.943000,-0.625000,0.160000,"Bloomberg BGN, exported by Charlie",france_italy_1y5y_bbg_2026-10-05.xlsx
2017-03-10,-0.245000,1.020000,-0.618000,0.221000,"Bloomberg BGN, exported by Charlie",france_italy_1y5y_bbg_2026-10-05.xlsx
2017-03-13,-0.212000,1.036000,-0.617000,0.230000,"Bloomberg BGN, exported by Charlie",france_italy_1y5y_bbg_2026-10-05.xlsx
2017-03-14,-0.211000,1.012000,-0.601000,0.232000,"Bloomberg BGN, exported by Charlie",france_italy_1y5y_bbg_2026-10-05.xlsx
2017-03-15,-0.216000,0.965000,-0.599000,0.194000,"Bloomberg BGN, exported by Charlie",france_italy_1y5y_bbg_2026-10-05.xlsx
2017-03-16,-0.227000,1.007000,-0.583000,0.262000,"Bloomberg BGN, exported by Charlie",france_italy_1y5y_bbg_2026-10-05.xlsx
2017-03-17,-0.221000,1.003000,-0.571000,0.254000,"Bloomberg BGN, exported by Charlie",france_italy_1y5y_bbg_2026-10-05.xlsx
2017-03-20,-0.229000,0.981000,-0.550000,0.248000,"Bloomberg BGN, exported by Charlie",france_italy_1y5y_bbg_2026-10-05.xlsx
2017-03-21,-0.226000,0.947000,-0.537000,0.225000,"Bloomberg BGN, exported by Charlie",france_italy_1y5y_bbg_2026-10-05.xlsx
2017-03-22,-0.225000,0.902000,-0.545000,0.157000,"Bloomberg BGN, exported by Charlie",france_italy_1y5y_bbg_2026-10-05.xlsx
2017-03-23,-0.229000,0.932000,-0.553000,0.169000,"Bloomberg BGN, exported by Charlie",france_italy_1y5y_bbg_2026-10-05.xlsx
2017-03-24,-0.230000,0.863000,-0.559000,0.120000,"Bloomberg BGN, exported by Charlie",france_italy_1y5y_bbg_2026-10-05.xlsx
2017-03-27,-0.229000,0.856000,-0.536000,0.128000,"Bloomberg BGN, exported by Charlie",france_italy_1y5y_bbg_2026-10-05.xlsx
2017-03-28,-0.234000,0.814000,-0.538000,0.107000,"Bloomberg BGN, exported by Charlie",france_italy_1y5y_bbg_2026-10-05.xlsx
2017-03-29,-0.232000,0.821000,-0.549000,0.072000,"Bloomberg BGN, exported by Charlie",france_italy_1y5y_bbg_2026-10-05.xlsx
2017-03-30,-0.236000,0.805000,-0.514000,0.106000,"Bloomberg BGN, exported by Charlie",france_italy_1y5y_bbg_2026-10-05.xlsx
2017-03-31,-0.248000,1.101000,-0.520000,0.115000,"Bloomberg BGN, exported by Charlie",france_italy_1y5y_bbg_2026-10-05.xlsx
2017-04-03,-0.250000,1.081000,-0.550000,0.077000,"Bloomberg BGN, exported by Charlie",france_italy_1y5y_bbg_2026-10-05.xlsx
2017-04-04,-0.259000,1.034000,-0.542000,0.067000,"Bloomberg BGN, exported by Charlie",france_italy_1y5y_bbg_2026-10-05.xlsx
2017-04-05,-0.252000,1.032000,-0.542000,0.039000,"Bloomberg BGN, exported by Charlie",france_italy_1y5y_bbg_2026-10-05.xlsx
2017-04-06,-0.253000,1.028000,-0.541000,0.022000,"Bloomberg BGN, exported by Charlie",france_italy_1y5y_bbg_2026-10-05.xlsx
2017-04-07,-0.273000,0.995000,-0.541000,-0.005000,"Bloomberg BGN, exported by Charlie",france_italy_1y5y_bbg_2026-10-05.xlsx
2017-04-10,-0.276000,1.007000,-0.491000,0.033000,"Bloomberg BGN, exported by Charlie",france_italy_1y5y_bbg_2026-10-05.xlsx
2017-04-11,-0.274000,1.058000,-0.487000,0.069000,"Bloomberg BGN, exported by Charlie",france_italy_1y5y_bbg_2026-10-05.xlsx
2017-04-12,-0.237000,1.085000,-0.495000,0.059000,"Bloomberg BGN, exported by Charlie",france_italy_1y5y_bbg_2026-10-05.xlsx
2017-04-13,-0.239000,1.086000,-0.487000,0.067000,"Bloomberg BGN, exported by Charlie",france_italy_1y5y_bbg_2026-10-05.xlsx
2017-04-18,-0.243000,1.046000,-0.454000,0.076000,"Bloomberg BGN, exported by Charlie",france_italy_1y5y_bbg_2026-10-05.xlsx
2017-04-19,-0.255000,1.047000,-0.459000,0.090000,"Bloomberg BGN, exported by Charlie",france_italy_1y5y_bbg_2026-10-05.xlsx
2017-04-20,-0.253000,1.078000,-0.459000,0.063000,"Bloomberg BGN, exported by Charlie",france_italy_1y5y_bbg_2026-10-05.xlsx
2017-04-21,-0.256000,1.077000,-0.486000,0.100000,"Bloomberg BGN, exported by Charlie",france_italy_1y5y_bbg_2026-10-05.xlsx
2017-04-24,-0.277000,1.021000,-0.548000,-0.087000,"Bloomberg BGN, exported by Charlie",france_italy_1y5y_bbg_2026-10-05.xlsx
2017-04-25,-0.279000,1.046000,-0.545000,-0.022000,"Bloomberg BGN, exported by Charlie",france_italy_1y5y_bbg_2026-10-05.xlsx
2017-04-26,-0.282000,1.081000,-0.553000,-0.024000,"Bloomberg BGN, exported by Charlie",france_italy_1y5y_bbg_2026-10-05.xlsx
2017-04-27,-0.297000,1.023000,-0.556000,-0.088000,"Bloomberg BGN, exported by Charlie",france_italy_1y5y_bbg_2026-10-05.xlsx
2017-04-28,-0.305000,1.041000,-0.543000,-0.107000,"Bloomberg BGN, exported by Charlie",france_italy_1y5y_bbg_2026-10-05.xlsx
2017-05-02,-0.304000,1.033000,-0.557000,-0.093000,"Bloomberg BGN, exported by Charlie",france_italy_1y5y_bbg_2026-10-05.xlsx
2017-05-03,-0.307000,1.007000,-0.536000,-0.086000,"Bloomberg BGN, exported by Charlie",france_italy_1y5y_bbg_2026-10-05.xlsx
2017-05-04,-0.325000,0.989000,-0.562000,-0.065000,"Bloomberg BGN, exported by Charlie",france_italy_1y5y_bbg_2026-10-05.xlsx
2017-05-05,-0.307000,0.944000,-0.557000,-0.056000,"Bloomberg BGN, exported by Charlie",france_italy_1y5y_bbg_2026-10-05.xlsx
2017-05-08,-0.305000,1.002000,-0.567000,-0.058000,"Bloomberg BGN, exported by Charlie",france_italy_1y5y_bbg_2026-10-05.xlsx
2017-05-09,-0.317000,1.016000,-0.550000,-0.038000,"Bloomberg BGN, exported by Charlie",france_italy_1y5y_bbg_2026-10-05.xlsx
2017-05-10,-0.378000,0.975000,-0.552000,-0.047000,"Bloomberg BGN, exported by Charlie",france_italy_1y5y_bbg_2026-10-05.xlsx
2017-05-11,-0.314000,0.980000,-0.555000,-0.037000,"Bloomberg BGN, exported by Charlie",france_italy_1y5y_bbg_2026-10-05.xlsx
2017-05-12,-0.316000,0.949000,-0.550000,-0.073000,"Bloomberg BGN, exported by Charlie",france_italy_1y5y_bbg_2026-10-05.xlsx
2017-05-15,-0.324000,0.966000,-0.544000,-0.062000,"Bloomberg BGN, exported by Charlie",france_italy_1y5y_bbg_2026-10-05.xlsx
2017-05-16,-0.331000,0.916000,-0.545000,-0.051000,"Bloomberg BGN, exported by Charlie",france_italy_1y5y_bbg_2026-10-05.xlsx
2017-05-17,-0.344000,0.844000,-0.549000,-0.102000,"Bloomberg BGN, exported by Charlie",france_italy_1y5y_bbg_2026-10-05.xlsx
2017-05-18,-0.347000,0.845000,-0.548000,-0.124000,"Bloomberg BGN, exported by Charlie",france_italy_1y5y_bbg_2026-10-05.xlsx
2017-05-19,-0.342000,0.842000,-0.545000,-0.119000,"Bloomberg BGN, exported by Charlie",france_italy_1y5y_bbg_2026-10-05.xlsx
2017-05-22,-0.350000,0.846000,-0.539000,-0.095000,"Bloomberg BGN, exported by Charlie",france_italy_1y5y_bbg_2026-10-05.xlsx
2017-05-23,-0.350000,0.845000,-0.541000,-0.097000,"Bloomberg BGN, exported by Charlie",france_italy_1y5y_bbg_2026-10-05.xlsx
2017-05-24,-0.352000,0.849000,-0.552000,-0.114000,"Bloomberg BGN, exported by Charlie",france_italy_1y5y_bbg_2026-10-05.xlsx
2017-05-25,-0.346000,0.840000,-0.553000,-0.144000,"Bloomberg BGN, exported by Charlie",france_italy_1y5y_bbg_2026-10-05.xlsx
2017-05-26,-0.338000,0.838000,-0.557000,-0.165000,"Bloomberg BGN, exported by Charlie",france_italy_1y5y_bbg_2026-10-05.xlsx
2017-05-29,-0.328000,0.889000,-0.558000,-0.190000,"Bloomberg BGN, exported by Charlie",france_italy_1y5y_bbg_2026-10-05.xlsx
2017-05-30,-0.314000,0.918000,-0.550000,-0.191000,"Bloomberg BGN, exported by Charlie",france_italy_1y5y_bbg_2026-10-05.xlsx
2017-05-31,-0.331000,0.913000,-0.558000,-0.203000,"Bloomberg BGN, exported by Charlie",france_italy_1y5y_bbg_2026-10-05.xlsx
2017-06-01,-0.328000,0.936000,-0.561000,-0.193000,"Bloomberg BGN, exported by Charlie",france_italy_1y5y_bbg_2026-10-05.xlsx
2017-06-02,-0.329000,0.915000,-0.562000,-0.209000,"Bloomberg BGN, exported by Charlie",france_italy_1y5y_bbg_2026-10-05.xlsx
2017-06-05,-0.332000,0.924000,-0.550000,-0.192000,"Bloomberg BGN, exported by Charlie",france_italy_1y5y_bbg_2026-10-05.xlsx
2017-06-06,-0.351000,0.920000,-0.572000,-0.232000,"Bloomberg BGN, exported by Charlie",france_italy_1y5y_bbg_2026-10-05.xlsx
2017-06-07,-0.355000,0.946000,-0.591000,-0.209000,"Bloomberg BGN, exported by Charlie",france_italy_1y5y_bbg_2026-10-05.xlsx
2017-06-08,-0.358000,0.843000,-0.599000,-0.244000,"Bloomberg BGN, exported by Charlie",france_italy_1y5y_bbg_2026-10-05.xlsx
2017-06-09,-0.351000,0.786000,-0.603000,-0.253000,"Bloomberg BGN, exported by Charlie",france_italy_1y5y_bbg_2026-10-05.xlsx
2017-06-12,-0.354000,0.721000,-0.599000,-0.268000,"Bloomberg BGN, exported by Charlie",france_italy_1y5y_bbg_2026-10-05.xlsx
2017-06-13,-0.345000,0.687000,-0.605000,-0.244000,"Bloomberg BGN, exported by Charlie",france_italy_1y5y_bbg_2026-10-05.xlsx
2017-06-14,-0.347000,0.671000,-0.612000,-0.257000,"Bloomberg BGN, exported by Charlie",france_italy_1y5y_bbg_2026-10-05.xlsx
2017-06-15,-0.346000,0.702000,-0.603000,-0.212000,"Bloomberg BGN, exported by Charlie",france_italy_1y5y_bbg_2026-10-05.xlsx
2017-06-16,-0.351000,0.715000,-0.594000,-0.218000,"Bloomberg BGN, exported by Charlie",france_italy_1y5y_bbg_2026-10-05.xlsx
2017-06-19,-0.355000,0.698000,-0.597000,-0.208000,"Bloomberg BGN, exported by Charlie",france_italy_1y5y_bbg_2026-10-05.xlsx
2017-06-20,-0.362000,0.661000,-0.599000,-0.222000,"Bloomberg BGN, exported by Charlie",france_italy_1y5y_bbg_2026-10-05.xlsx
2017-06-21,-0.368000,0.644000,-0.602000,-0.215000,"Bloomberg BGN, exported by Charlie",france_italy_1y5y_bbg_2026-10-05.xlsx
2017-06-22,-0.369000,0.658000,-0.607000,-0.220000,"Bloomberg BGN, exported by Charlie",france_italy_1y5y_bbg_2026-10-05.xlsx
2017-06-23,-0.365000,0.681000,-0.614000,-0.211000,"Bloomberg BGN, exported by Charlie",france_italy_1y5y_bbg_2026-10-05.xlsx
2017-06-26,-0.369000,0.673000,-0.615000,-0.206000,"Bloomberg BGN, exported by Charlie",france_italy_1y5y_bbg_2026-10-05.xlsx
2017-06-27,-0.362000,0.817000,-0.591000,-0.086000,"Bloomberg BGN, exported by Charlie",france_italy_1y5y_bbg_2026-10-05.xlsx
2017-06-28,-0.376000,0.770000,-0.589000,-0.118000,"Bloomberg BGN, exported by Charlie",france_italy_1y5y_bbg_2026-10-05.xlsx
2017-06-29,-0.369000,0.853000,-0.572000,-0.058000,"Bloomberg BGN, exported by Charlie",france_italy_1y5y_bbg_2026-10-05.xlsx
2017-06-30,-0.387000,0.857000,-0.565000,-0.045000,"Bloomberg BGN, exported by Charlie",france_italy_1y5y_bbg_2026-10-05.xlsx
2017-07-03,-0.391000,0.828000,-0.567000,-0.058000,"Bloomberg BGN, exported by Charlie",france_italy_1y5y_bbg_2026-10-05.xlsx
2017-07-04,-0.387000,0.798000,-0.567000,-0.063000,"Bloomberg BGN, exported by Charlie",france_italy_1y5y_bbg_2026-10-05.xlsx
2017-07-05,-0.384000,0.828000,-0.576000,-0.060000,"Bloomberg BGN, exported by Charlie",france_italy_1y5y_bbg_2026-10-05.xlsx
2017-07-06,-0.370000,0.916000,-0.565000,0.012000,"Bloomberg BGN, exported by Charlie",france_italy_1y5y_bbg_2026-10-05.xlsx
2017-07-07,-0.367000,0.964000,-0.555000,0.024000,"Bloomberg BGN, exported by Charlie",france_italy_1y5y_bbg_2026-10-05.xlsx
2017-07-10,-0.369000,0.910000,-0.554000,0.000000,"Bloomberg BGN, exported by Charlie",france_italy_1y5y_bbg_2026-10-05.xlsx
2017-07-11,-0.372000,0.945000,-0.554000,0.020000,"Bloomberg BGN, exported by Charlie",france_italy_1y5y_bbg_2026-10-05.xlsx
2017-07-12,-0.372000,0.872000,-0.559000,-0.011000,"Bloomberg BGN, exported by Charlie",france_italy_1y5y_bbg_2026-10-05.xlsx
2017-07-13,-0.339000,0.946000,-0.558000,0.004000,"Bloomberg BGN, exported by Charlie",france_italy_1y5y_bbg_2026-10-05.xlsx
2017-07-14,-0.341000,0.924000,-0.556000,0.009000,"Bloomberg BGN, exported by Charlie",france_italy_1y5y_bbg_2026-10-05.xlsx
2017-07-17,-0.344000,0.891000,-0.539000,-0.010000,"Bloomberg BGN, exported by Charlie",france_italy_1y5y_bbg_2026-10-05.xlsx
2017-07-18,-0.349000,0.856000,-0.539000,-0.028000,"Bloomberg BGN, exported by Charlie",france_italy_1y5y_bbg_2026-10-05.xlsx
2017-07-19,-0.346000,0.862000,-0.537000,-0.034000,"Bloomberg BGN, exported by Charlie",france_italy_1y5y_bbg_2026-10-05.xlsx
2017-07-20,-0.344000,0.800000,-0.531000,-0.061000,"Bloomberg BGN, exported by Charlie",france_italy_1y5y_bbg_2026-10-05.xlsx
2017-07-21,-0.346000,0.773000,-0.531000,-0.075000,"Bloomberg BGN, exported by Charlie",france_italy_1y5y_bbg_2026-10-05.xlsx
2017-07-24,-0.346000,0.771000,-0.537000,-0.084000,"Bloomberg BGN, exported by Charlie",france_italy_1y5y_bbg_2026-10-05.xlsx
2017-07-25,-0.342000,0.805000,-0.535000,-0.049000,"Bloomberg BGN, exported by Charlie",france_italy_1y5y_bbg_2026-10-05.xlsx
2017-07-26,-0.343000,0.789000,-0.547000,-0.063000,"Bloomberg BGN, exported by Charlie",france_italy_1y5y_bbg_2026-10-05.xlsx
2017-07-27,-0.343000,0.750000,-0.552000,-0.081000,"Bloomberg BGN, exported by Charlie",france_italy_1y5y_bbg_2026-10-05.xlsx
2017-07-28,-0.343000,0.780000,-0.555000,-0.086000,"Bloomberg BGN, exported by Charlie",france_italy_1y5y_bbg_2026-10-05.xlsx
2017-07-31,-0.352000,0.772000,-0.551000,-0.084000,"Bloomberg BGN, exported by Charlie",france_italy_1y5y_bbg_2026-10-05.xlsx
2017-08-01,-0.355000,0.725000,-0.550000,-0.125000,"Bloomberg BGN, exported by Charlie",france_italy_1y5y_bbg_2026-10-05.xlsx
2017-08-02,-0.355000,0.718000,-0.556000,-0.126000,"Bloomberg BGN, exported by Charlie",france_italy_1y5y_bbg_2026-10-05.xlsx
2017-08-03,-0.355000,0.702000,-0.559000,-0.130000,"Bloomberg BGN, exported by Charlie",france_italy_1y5y_bbg_2026-10-05.xlsx
2017-08-04,-0.351000,0.724000,-0.563000,-0.114000,"Bloomberg BGN, exported by Charlie",france_italy_1y5y_bbg_2026-10-05.xlsx
2017-08-07,-0.350000,0.711000,-0.555000,-0.120000,"Bloomberg BGN, exported by Charlie",france_italy_1y5y_bbg_2026-10-05.xlsx
2017-08-08,-0.349000,0.714000,-0.552000,-0.101000,"Bloomberg BGN, exported by Charlie",france_italy_1y5y_bbg_2026-10-05.xlsx
2017-08-09,-0.348000,0.712000,-0.556000,-0.137000,"Bloomberg BGN, exported by Charlie",france_italy_1y5y_bbg_2026-10-05.xlsx
2017-08-10,-0.349000,0.724000,-0.554000,-0.132000,"Bloomberg BGN, exported by Charlie",france_italy_1y5y_bbg_2026-10-05.xlsx
2017-08-11,-0.334000,0.717000,-0.553000,-0.162000,"Bloomberg BGN, exported by Charlie",france_italy_1y5y_bbg_2026-10-05.xlsx
2017-08-14,-0.343000,0.696000,-0.568000,-0.150000,"Bloomberg BGN, exported by Charlie",france_italy_1y5y_bbg_2026-10-05.xlsx
2017-08-15,-0.340000,0.726000,-0.569000,-0.130000,"Bloomberg BGN, exported by Charlie",france_italy_1y5y_bbg_2026-10-05.xlsx
2017-08-16,-0.342000,0.718000,-0.570000,-0.126000,"Bloomberg BGN, exported by Charlie",france_italy_1y5y_bbg_2026-10-05.xlsx
2017-08-17,-0.342000,0.707000,-0.566000,-0.137000,"Bloomberg BGN, exported by Charlie",france_italy_1y5y_bbg_2026-10-05.xlsx
2017-08-18,-0.343000,0.701000,-0.571000,-0.141000,"Bloomberg BGN, exported by Charlie",france_italy_1y5y_bbg_2026-10-05.xlsx
2017-08-21,-0.342000,0.694000,-0.573000,-0.155000,"Bloomberg BGN, exported by Charlie",france_italy_1y5y_bbg_2026-10-05.xlsx
2017-08-22,-0.339000,0.752000,-0.568000,-0.162000,"Bloomberg BGN, exported by Charlie",france_italy_1y5y_bbg_2026-10-05.xlsx
2017-08-23,-0.335000,0.764000,-0.568000,-0.176000,"Bloomberg BGN, exported by Charlie",france_italy_1y5y_bbg_2026-10-05.xlsx
2017-08-24,-0.339000,0.759000,-0.569000,-0.185000,"Bloomberg BGN, exported by Charlie",france_italy_1y5y_bbg_2026-10-05.xlsx
2017-08-25,-0.339000,0.759000,-0.562000,-0.175000,"Bloomberg BGN, exported by Charlie",france_italy_1y5y_bbg_2026-10-05.xlsx
2017-08-28,-0.337000,0.757000,-0.562000,-0.193000,"Bloomberg BGN, exported by Charlie",france_italy_1y5y_bbg_2026-10-05.xlsx
2017-08-29,-0.333000,0.740000,-0.573000,-0.211000,"Bloomberg BGN, exported by Charlie",france_italy_1y5y_bbg_2026-10-05.xlsx
2017-08-30,-0.334000,0.748000,-0.573000,-0.203000,"Bloomberg BGN, exported by Charlie",france_italy_1y5y_bbg_2026-10-05.xlsx
2017-08-31,-0.336000,0.710000,-0.573000,-0.217000,"Bloomberg BGN, exported by Charlie",france_italy_1y5y_bbg_2026-10-05.xlsx
2017-09-01,-0.339000,0.715000,-0.576000,-0.213000,"Bloomberg BGN, exported by Charlie",france_italy_1y5y_bbg_2026-10-05.xlsx
2017-09-04,-0.340000,0.692000,-0.580000,-0.225000,"Bloomberg BGN, exported by Charlie",france_italy_1y5y_bbg_2026-10-05.xlsx
2017-09-05,-0.341000,0.663000,-0.584000,-0.247000,"Bloomberg BGN, exported by Charlie",france_italy_1y5y_bbg_2026-10-05.xlsx
2017-09-06,-0.340000,0.702000,-0.579000,-0.229000,"Bloomberg BGN, exported by Charlie",france_italy_1y5y_bbg_2026-10-05.xlsx
2017-09-07,-0.341000,0.613000,-0.583000,-0.262000,"Bloomberg BGN, exported by Charlie",france_italy_1y5y_bbg_2026-10-05.xlsx
2017-09-08,-0.338000,0.637000,-0.583000,-0.258000,"Bloomberg BGN, exported by Charlie",france_italy_1y5y_bbg_2026-10-05.xlsx
2017-09-11,-0.328000,0.648000,-0.581000,-0.244000,"Bloomberg BGN, exported by Charlie",france_italy_1y5y_bbg_2026-10-05.xlsx
2017-09-12,-0.330000,0.689000,-0.580000,-0.195000,"Bloomberg BGN, exported by Charlie",france_italy_1y5y_bbg_2026-10-05.xlsx
2017-09-13,-0.317000,0.709000,-0.584000,-0.193000,"Bloomberg BGN, exported by Charlie",france_italy_1y5y_bbg_2026-10-05.xlsx
2017-09-14,-0.319000,0.715000,-0.584000,-0.182000,"Bloomberg BGN, exported by Charlie",france_italy_1y5y_bbg_2026-10-05.xlsx
2017-09-15,-0.319000,0.718000,-0.579000,-0.168000,"Bloomberg BGN, exported by Charlie",france_italy_1y5y_bbg_2026-10-05.xlsx
2017-09-18,-0.336000,0.712000,-0.584000,-0.161000,"Bloomberg BGN, exported by Charlie",france_italy_1y5y_bbg_2026-10-05.xlsx
2017-09-19,-0.337000,0.689000,-0.585000,-0.166000,"Bloomberg BGN, exported by Charlie",france_italy_1y5y_bbg_2026-10-05.xlsx
2017-09-20,-0.344000,0.694000,-0.586000,-0.168000,"Bloomberg BGN, exported by Charlie",france_italy_1y5y_bbg_2026-10-05.xlsx
2017-09-21,-0.341000,0.713000,-0.581000,-0.156000,"Bloomberg BGN, exported by Charlie",france_italy_1y5y_bbg_2026-10-05.xlsx
2017-09-22,-0.351000,0.719000,-0.581000,-0.160000,"Bloomberg BGN, exported by Charlie",france_italy_1y5y_bbg_2026-10-05.xlsx
2017-09-25,-0.357000,0.711000,-0.577000,-0.055000,"Bloomberg BGN, exported by Charlie",france_italy_1y5y_bbg_2026-10-05.xlsx
2017-09-26,-0.358000,0.710000,-0.577000,-0.056000,"Bloomberg BGN, exported by Charlie",france_italy_1y5y_bbg_2026-10-05.xlsx
2017-09-27,-0.364000,0.724000,-0.576000,-0.016000,"Bloomberg BGN, exported by Charlie",france_italy_1y5y_bbg_2026-10-05.xlsx
2017-09-28,-0.364000,0.705000,-0.579000,-0.009000,"Bloomberg BGN, exported by Charlie",france_italy_1y5y_bbg_2026-10-05.xlsx
2017-09-29,-0.366000,0.695000,-0.584000,-0.012000,"Bloomberg BGN, exported by Charlie",france_italy_1y5y_bbg_2026-10-05.xlsx
2017-10-02,-0.358000,0.726000,-0.579000,-0.018000,"Bloomberg BGN, exported by Charlie",france_italy_1y5y_bbg_2026-10-05.xlsx
2017-10-03,-0.357000,0.734000,-0.584000,-0.012000,"Bloomberg BGN, exported by Charlie",france_italy_1y5y_bbg_2026-10-05.xlsx
2017-10-04,-0.358000,0.752000,-0.589000,-0.002000,"Bloomberg BGN, exported by Charlie",france_italy_1y5y_bbg_2026-10-05.xlsx
2017-10-05,-0.352000,0.724000,-0.588000,0.000000,"Bloomberg BGN, exported by Charlie",france_italy_1y5y_bbg_2026-10-05.xlsx
2017-10-06,-0.346000,0.726000,-0.589000,-0.001000,"Bloomberg BGN, exported by Charlie",france_italy_1y5y_bbg_2026-10-05.xlsx
2017-10-09,-0.346000,0.706000,-0.594000,-0.005000,"Bloomberg BGN, exported by Charlie",france_italy_1y5y_bbg_2026-10-05.xlsx
2017-10-10,-0.334000,0.716000,-0.593000,-0.007000,"Bloomberg BGN, exported by Charlie",france_italy_1y5y_bbg_2026-10-05.xlsx
2017-10-11,-0.343000,0.843000,-0.593000,0.014000,"Bloomberg BGN, exported by Charlie",france_italy_1y5y_bbg_2026-10-05.xlsx
2017-10-12,-0.326000,0.820000,-0.601000,-0.014000,"Bloomberg BGN, exported by Charlie",france_italy_1y5y_bbg_2026-10-05.xlsx
2017-10-13,-0.326000,0.805000,-0.611000,-0.051000,"Bloomberg BGN, exported by Charlie",france_italy_1y5y_bbg_2026-10-05.xlsx
2017-10-16,-0.330000,0.758000,-0.613000,-0.076000,"Bloomberg BGN, exported by Charlie",france_italy_1y5y_bbg_2026-10-05.xlsx
2017-10-17,-0.329000,0.727000,-0.602000,-0.071000,"Bloomberg BGN, exported by Charlie",france_italy_1y5y_bbg_2026-10-05.xlsx
2017-10-18,-0.323000,0.750000,-0.600000,-0.054000,"Bloomberg BGN, exported by Charlie",france_italy_1y5y_bbg_2026-10-05.xlsx
2017-10-19,-0.330000,0.728000,-0.599000,-0.057000,"Bloomberg BGN, exported by Charlie",france_italy_1y5y_bbg_2026-10-05.xlsx
2017-10-20,-0.329000,0.735000,-0.590000,-0.022000,"Bloomberg BGN, exported by Charlie",france_italy_1y5y_bbg_2026-10-05.xlsx
2017-10-23,-0.332000,0.705000,-0.596000,-0.042000,"Bloomberg BGN, exported by Charlie",france_italy_1y5y_bbg_2026-10-05.xlsx
2017-10-24,-0.329000,0.749000,-0.594000,-0.007000,"Bloomberg BGN, exported by Charlie",france_italy_1y5y_bbg_2026-10-05.xlsx
2017-10-25,-0.334000,0.737000,-0.588000,0.002000,"Bloomberg BGN, exported by Charlie",france_italy_1y5y_bbg_2026-10-05.xlsx
2017-10-26,-0.352000,0.659000,-0.596000,-0.064000,"Bloomberg BGN, exported by Charlie",france_italy_1y5y_bbg_2026-10-05.xlsx
2017-10-27,-0.354000,0.666000,-0.599000,-0.104000,"Bloomberg BGN, exported by Charlie",france_italy_1y5y_bbg_2026-10-05.xlsx
2017-10-30,-0.365000,0.612000,-0.611000,-0.107000,"Bloomberg BGN, exported by Charlie",france_italy_1y5y_bbg_2026-10-05.xlsx
2017-10-31,-0.370000,0.609000,-0.615000,-0.108000,"Bloomberg BGN, exported by Charlie",france_italy_1y5y_bbg_2026-10-05.xlsx
2017-11-01,-0.391000,0.562000,-0.619000,-0.104000,"Bloomberg BGN, exported by Charlie",france_italy_1y5y_bbg_2026-10-05.xlsx
2017-11-02,-0.387000,0.557000,-0.619000,-0.104000,"Bloomberg BGN, exported by Charlie",france_italy_1y5y_bbg_2026-10-05.xlsx
2017-11-03,-0.389000,0.549000,-0.619000,-0.107000,"Bloomberg BGN, exported by Charlie",france_italy_1y5y_bbg_2026-10-05.xlsx
2017-11-06,-0.389000,0.547000,-0.635000,-0.131000,"Bloomberg BGN, exported by Charlie",france_italy_1y5y_bbg_2026-10-05.xlsx
2017-11-07,-0.387000,0.495000,-0.648000,-0.154000,"Bloomberg BGN, exported by Charlie",france_italy_1y5y_bbg_2026-10-05.xlsx
2017-11-08,-0.385000,0.529000,-0.656000,-0.142000,"Bloomberg BGN, exported by Charlie",france_italy_1y5y_bbg_2026-10-05.xlsx
2017-11-09,-0.385000,0.584000,-0.647000,-0.109000,"Bloomberg BGN, exported by Charlie",france_italy_1y5y_bbg_2026-10-05.xlsx
2017-11-10,-0.394000,0.586000,-0.647000,-0.087000,"Bloomberg BGN, exported by Charlie",france_italy_1y5y_bbg_2026-10-05.xlsx
2017-11-13,-0.387000,0.583000,-0.645000,-0.090000,"Bloomberg BGN, exported by Charlie",france_italy_1y5y_bbg_2026-10-05.xlsx
2017-11-14,-0.386000,0.582000,-0.641000,-0.100000,"Bloomberg BGN, exported by Charlie",france_italy_1y5y_bbg_2026-10-05.xlsx
2017-11-15,-0.391000,0.589000,-0.639000,-0.126000,"Bloomberg BGN, exported by Charlie",france_italy_1y5y_bbg_2026-10-05.xlsx
2017-11-16,-0.393000,0.598000,-0.642000,-0.128000,"Bloomberg BGN, exported by Charlie",france_italy_1y5y_bbg_2026-10-05.xlsx
2017-11-17,-0.392000,0.579000,-0.641000,-0.133000,"Bloomberg BGN, exported by Charlie",france_italy_1y5y_bbg_2026-10-05.xlsx
2017-11-20,-0.394000,0.566000,-0.642000,-0.132000,"Bloomberg BGN, exported by Charlie",france_italy_1y5y_bbg_2026-10-05.xlsx
2017-11-21,-0.395000,0.546000,-0.645000,-0.139000,"Bloomberg BGN, exported by Charlie",france_italy_1y5y_bbg_2026-10-05.xlsx
2017-11-22,-0.400000,0.543000,-0.639000,-0.124000,"Bloomberg BGN, exported by Charlie",france_italy_1y5y_bbg_2026-10-05.xlsx
2017-11-23,-0.401000,0.556000,-0.636000,-0.101000,"Bloomberg BGN, exported by Charlie",france_italy_1y5y_bbg_2026-10-05.xlsx
2017-11-24,-0.400000,0.566000,-0.629000,-0.094000,"Bloomberg BGN, exported by Charlie",france_italy_1y5y_bbg_2026-10-05.xlsx
2017-11-27,-0.384000,0.538000,-0.624000,-0.125000,"Bloomberg BGN, exported by Charlie",france_italy_1y5y_bbg_2026-10-05.xlsx
2017-11-28,-0.394000,0.524000,-0.639000,-0.126000,"Bloomberg BGN, exported by Charlie",france_italy_1y5y_bbg_2026-10-05.xlsx
2017-11-29,-0.401000,0.523000,-0.637000,-0.084000,"Bloomberg BGN, exported by Charlie",france_italy_1y5y_bbg_2026-10-05.xlsx
2017-11-30,-0.420000,0.483000,-0.636000,-0.100000,"Bloomberg BGN, exported by Charlie",france_italy_1y5y_bbg_2026-10-05.xlsx
2017-12-01,-0.411000,0.464000,-0.647000,-0.150000,"Bloomberg BGN, exported by Charlie",france_italy_1y5y_bbg_2026-10-05.xlsx
2017-12-04,-0.409000,0.467000,-0.633000,-0.124000,"Bloomberg BGN, exported by Charlie",france_italy_1y5y_bbg_2026-10-05.xlsx
2017-12-05,-0.404000,0.447000,-0.633000,-0.147000,"Bloomberg BGN, exported by Charlie",france_italy_1y5y_bbg_2026-10-05.xlsx
2017-12-06,-0.411000,0.448000,-0.640000,-0.170000,"Bloomberg BGN, exported by Charlie",france_italy_1y5y_bbg_2026-10-05.xlsx
2017-12-07,-0.408000,0.425000,-0.645000,-0.179000,"Bloomberg BGN, exported by Charlie",france_italy_1y5y_bbg_2026-10-05.xlsx
2017-12-08,-0.405000,0.398000,-0.647000,-0.153000,"Bloomberg BGN, exported by Charlie",france_italy_1y5y_bbg_2026-10-05.xlsx
2017-12-11,-0.395000,0.403000,-0.655000,-0.151000,"Bloomberg BGN, exported by Charlie",france_italy_1y5y_bbg_2026-10-05.xlsx
2017-12-12,-0.411000,0.445000,-0.649000,-0.141000,"Bloomberg BGN, exported by Charlie",france_italy_1y5y_bbg_2026-10-05.xlsx
2017-12-13,-0.384000,0.518000,-0.656000,-0.129000,"Bloomberg BGN, exported by Charlie",france_italy_1y5y_bbg_2026-10-05.xlsx
2017-12-14,-0.386000,0.515000,-0.659000,-0.129000,"Bloomberg BGN, exported by Charlie",france_italy_1y5y_bbg_2026-10-05.xlsx
2017-12-15,-0.373000,0.520000,-0.666000,-0.126000,"Bloomberg BGN, exported by Charlie",france_italy_1y5y_bbg_2026-10-05.xlsx
2017-12-18,-0.421000,0.509000,-0.662000,-0.127000,"Bloomberg BGN, exported by Charlie",france_italy_1y5y_bbg_2026-10-05.xlsx
2017-12-19,-0.452000,0.605000,-0.657000,-0.078000,"Bloomberg BGN, exported by Charlie",france_italy_1y5y_bbg_2026-10-05.xlsx
2017-12-20,-0.461000,0.624000,-0.646000,-0.051000,"Bloomberg BGN, exported by Charlie",france_italy_1y5y_bbg_2026-10-05.xlsx
2017-12-21,-0.468000,0.605000,-0.666000,-0.039000,"Bloomberg BGN, exported by Charlie",france_italy_1y5y_bbg_2026-10-05.xlsx
2017-12-22,-0.472000,0.602000,-0.667000,-0.027000,"Bloomberg BGN, exported by Charlie",france_italy_1y5y_bbg_2026-10-05.xlsx
2017-12-27,-0.501000,0.632000,-0.663000,-0.040000,"Bloomberg BGN, exported by Charlie",france_italy_1y5y_bbg_2026-10-05.xlsx
2017-12-28,-0.485000,0.696000,-0.652000,-0.008000,"Bloomberg BGN, exported by Charlie",france_italy_1y5y_bbg_2026-10-05.xlsx
2017-12-29,-0.461000,0.731000,-0.640000,-0.010000,"Bloomberg BGN, exported by Charlie",france_italy_1y5y_bbg_2026-10-05.xlsx
2018-01-02,-0.450000,0.777000,-0.590000,0.019000,"Bloomberg BGN, exported by Charlie",france_italy_1y5y_bbg_2026-10-05.xlsx
2018-01-03,-0.465000,0.725000,-0.584000,0.001000,"Bloomberg BGN, exported by Charlie",france_italy_1y5y_bbg_2026-10-05.xlsx
2018-01-04,-0.489000,0.670000,-0.590000,0.005000,"Bloomberg BGN, exported by Charlie",france_italy_1y5y_bbg_2026-10-05.xlsx
2018-01-05,-0.494000,0.652000,-0.589000,0.002000,"Bloomberg BGN, exported by Charlie",france_italy_1y5y_bbg_2026-10-05.xlsx
2018-01-08,-0.486000,0.642000,-0.556000,-0.005000,"Bloomberg BGN, exported by Charlie",france_italy_1y5y_bbg_2026-10-05.xlsx
2018-01-09,-0.464000,0.682000,-0.543000,0.016000,"Bloomberg BGN, exported by Charlie",france_italy_1y5y_bbg_2026-10-05.xlsx
2018-01-10,-0.461000,0.680000,-0.557000,0.017000,"Bloomberg BGN, exported by Charlie",france_italy_1y5y_bbg_2026-10-05.xlsx
2018-01-11,-0.378000,0.707000,-0.540000,0.084000,"Bloomberg BGN, exported by Charlie",france_italy_1y5y_bbg_2026-10-05.xlsx
2018-01-12,-0.374000,0.674000,-0.527000,0.091000,"Bloomberg BGN, exported by Charlie",france_italy_1y5y_bbg_2026-10-05.xlsx
2018-01-15,-0.378000,0.676000,-0.547000,0.093000,"Bloomberg BGN, exported by Charlie",france_italy_1y5y_bbg_2026-10-05.xlsx
2018-01-16,-0.390000,0.645000,-0.548000,0.084000,"Bloomberg BGN, exported by Charlie",france_italy_1y5y_bbg_2026-10-05.xlsx
2018-01-17,-0.392000,0.678000,-0.555000,0.084000,"Bloomberg BGN, exported by Charlie",france_italy_1y5y_bbg_2026-10-05.xlsx
2018-01-18,-0.410000,0.664000,-0.552000,0.084000,"Bloomberg BGN, exported by Charlie",france_italy_1y5y_bbg_2026-10-05.xlsx
2018-01-19,-0.405000,0.656000,-0.553000,0.075000,"Bloomberg BGN, exported by Charlie",france_italy_1y5y_bbg_2026-10-05.xlsx
2018-01-22,-0.409000,0.619000,-0.569000,0.077000,"Bloomberg BGN, exported by Charlie",france_italy_1y5y_bbg_2026-10-05.xlsx
2018-01-23,-0.418000,0.597000,-0.574000,0.079000,"Bloomberg BGN, exported by Charlie",france_italy_1y5y_bbg_2026-10-05.xlsx
2018-01-24,-0.409000,0.606000,-0.578000,0.094000,"Bloomberg BGN, exported by Charlie",france_italy_1y5y_bbg_2026-10-05.xlsx
2018-01-25,-0.403000,0.655000,-0.575000,0.138000,"Bloomberg BGN, exported by Charlie",france_italy_1y5y_bbg_2026-10-05.xlsx
2018-01-26,-0.399000,0.712000,-0.573000,0.179000,"Bloomberg BGN, exported by Charlie",france_italy_1y5y_bbg_2026-10-05.xlsx
2018-01-29,-0.389000,0.739000,-0.556000,0.208000,"Bloomberg BGN, exported by Charlie",france_italy_1y5y_bbg_2026-10-05.xlsx
2018-01-30,-0.411000,0.743000,-0.562000,0.199000,"Bloomberg BGN, exported by Charlie",france_italy_1y5y_bbg_2026-10-05.xlsx
2018-01-31,-0.419000,0.735000,-0.566000,0.214000,"Bloomberg BGN, exported by Charlie",france_italy_1y5y_bbg_2026-10-05.xlsx
2018-02-01,-0.419000,0.677000,-0.568000,0.208000,"Bloomberg BGN, exported by Charlie",france_italy_1y5y_bbg_2026-10-05.xlsx
2018-02-02,-0.414000,0.737000,-0.570000,0.229000,"Bloomberg BGN, exported by Charlie",france_italy_1y5y_bbg_2026-10-05.xlsx
2018-02-05,-0.422000,0.706000,-0.565000,0.195000,"Bloomberg BGN, exported by Charlie",france_italy_1y5y_bbg_2026-10-05.xlsx
2018-02-06,-0.416000,0.681000,-0.566000,0.165000,"Bloomberg BGN, exported by Charlie",france_italy_1y5y_bbg_2026-10-05.xlsx
2018-02-07,-0.415000,0.643000,-0.566000,0.200000,"Bloomberg BGN, exported by Charlie",france_italy_1y5y_bbg_2026-10-05.xlsx
2018-02-08,-0.407000,0.679000,-0.563000,0.210000,"Bloomberg BGN, exported by Charlie",france_italy_1y5y_bbg_2026-10-05.xlsx
2018-02-09,-0.412000,0.717000,-0.565000,0.200000,"Bloomberg BGN, exported by Charlie",france_italy_1y5y_bbg_2026-10-05.xlsx
2018-02-12,-0.409000,0.694000,-0.563000,0.201000,"Bloomberg BGN, exported by Charlie",france_italy_1y5y_bbg_2026-10-05.xlsx
2018-02-13,-0.386000,0.742000,-0.563000,0.200000,"Bloomberg BGN, exported by Charlie",france_italy_1y5y_bbg_2026-10-05.xlsx
2018-02-14,-0.391000,0.736000,-0.567000,0.208000,"Bloomberg BGN, exported by Charlie",france_italy_1y5y_bbg_2026-10-05.xlsx
2018-02-15,-0.390000,0.744000,-0.567000,0.215000,"Bloomberg BGN, exported by Charlie",france_italy_1y5y_bbg_2026-10-05.xlsx
2018-02-16,-0.390000,0.688000,-0.569000,0.181000,"Bloomberg BGN, exported by Charlie",france_italy_1y5y_bbg_2026-10-05.xlsx
2018-02-19,-0.387000,0.719000,-0.563000,0.200000,"Bloomberg BGN, exported by Charlie",france_italy_1y5y_bbg_2026-10-05.xlsx
2018-02-20,-0.387000,0.735000,-0.566000,0.200000,"Bloomberg BGN, exported by Charlie",france_italy_1y5y_bbg_2026-10-05.xlsx
2018-02-21,-0.383000,0.736000,-0.571000,0.196000,"Bloomberg BGN, exported by Charlie",france_italy_1y5y_bbg_2026-10-05.xlsx
2018-02-22,-0.383000,0.769000,-0.567000,0.185000,"Bloomberg BGN, exported by Charlie",france_italy_1y5y_bbg_2026-10-05.xlsx
2018-02-23,-0.383000,0.781000,-0.563000,0.162000,"Bloomberg BGN, exported by Charlie",france_italy_1y5y_bbg_2026-10-05.xlsx
2018-02-26,-0.394000,0.738000,-0.575000,0.159000,"Bloomberg BGN, exported by Charlie",france_italy_1y5y_bbg_2026-10-05.xlsx
2018-02-27,-0.391000,0.730000,-0.575000,0.177000,"Bloomberg BGN, exported by Charlie",france_italy_1y5y_bbg_2026-10-05.xlsx
2018-02-28,-0.403000,0.704000,-0.577000,0.148000,"Bloomberg BGN, exported by Charlie",france_italy_1y5y_bbg_2026-10-05.xlsx
2018-03-01,-0.407000,0.691000,-0.584000,0.144000,"Bloomberg BGN, exported by Charlie",france_italy_1y5y_bbg_2026-10-05.xlsx
2018-03-02,-0.411000,0.699000,-0.585000,0.149000,"Bloomberg BGN, exported by Charlie",france_italy_1y5y_bbg_2026-10-05.xlsx
2018-03-05,-0.413000,0.709000,-0.599000,0.143000,"Bloomberg BGN, exported by Charlie",france_italy_1y5y_bbg_2026-10-05.xlsx
2018-03-06,-0.414000,0.698000,-0.582000,0.162000,"Bloomberg BGN, exported by Charlie",france_italy_1y5y_bbg_2026-10-05.xlsx
2018-03-07,-0.418000,0.679000,-0.578000,0.151000,"Bloomberg BGN, exported by Charlie",france_italy_1y5y_bbg_2026-10-05.xlsx
2018-03-08,-0.420000,0.642000,-0.581000,0.133000,"Bloomberg BGN, exported by Charlie",france_italy_1y5y_bbg_2026-10-05.xlsx
2018-03-09,-0.419000,0.653000,-0.583000,0.153000,"Bloomberg BGN, exported by Charlie",france_italy_1y5y_bbg_2026-10-05.xlsx
2018-03-12,-0.420000,0.646000,-0.580000,0.137000,"Bloomberg BGN, exported by Charlie",france_italy_1y5y_bbg_2026-10-05.xlsx
2018-03-13,-0.400000,0.643000,-0.582000,0.133000,"Bloomberg BGN, exported by Charlie",france_italy_1y5y_bbg_2026-10-05.xlsx
2018-03-14,-0.404000,0.666000,-0.583000,0.113000,"Bloomberg BGN, exported by Charlie",france_italy_1y5y_bbg_2026-10-05.xlsx
2018-03-15,-0.416000,0.664000,-0.583000,0.088000,"Bloomberg BGN, exported by Charlie",france_italy_1y5y_bbg_2026-10-05.xlsx
2018-03-16,-0.421000,0.651000,-0.584000,0.073000,"Bloomberg BGN, exported by Charlie",france_italy_1y5y_bbg_2026-10-05.xlsx
2018-03-19,-0.422000,0.633000,-0.578000,0.076000,"Bloomberg BGN, exported by Charlie",france_italy_1y5y_bbg_2026-10-05.xlsx
2018-03-20,-0.418000,0.582000,-0.578000,0.087000,"Bloomberg BGN, exported by Charlie",france_italy_1y5y_bbg_2026-10-05.xlsx
2018-03-21,-0.415000,0.605000,-0.570000,0.091000,"Bloomberg BGN, exported by Charlie",france_italy_1y5y_bbg_2026-10-05.xlsx
2018-03-22,-0.412000,0.568000,-0.569000,0.049000,"Bloomberg BGN, exported by Charlie",france_italy_1y5y_bbg_2026-10-05.xlsx
2018-03-23,-0.410000,0.562000,-0.572000,0.045000,"Bloomberg BGN, exported by Charlie",france_italy_1y5y_bbg_2026-10-05.xlsx
2018-03-26,-0.410000,0.595000,-0.570000,0.047000,"Bloomberg BGN, exported by Charlie",france_italy_1y5y_bbg_2026-10-05.xlsx
2018-03-27,-0.415000,0.549000,-0.570000,0.029000,"Bloomberg BGN, exported by Charlie",france_italy_1y5y_bbg_2026-10-05.xlsx
2018-03-28,-0.418000,0.512000,-0.568000,0.026000,"Bloomberg BGN, exported by Charlie",france_italy_1y5y_bbg_2026-10-05.xlsx
2018-03-29,-0.419000,0.466000,-0.573000,0.006000,"Bloomberg BGN, exported by Charlie",france_italy_1y5y_bbg_2026-10-05.xlsx
2018-04-03,-0.414000,0.661000,-0.585000,0.009000,"Bloomberg BGN, exported by Charlie",france_italy_1y5y_bbg_2026-10-05.xlsx
2018-04-04,-0.419000,0.610000,-0.583000,0.003000,"Bloomberg BGN, exported by Charlie",france_italy_1y5y_bbg_2026-10-05.xlsx
2018-04-05,-0.417000,0.648000,-0.581000,0.029000,"Bloomberg BGN, exported by Charlie",france_italy_1y5y_bbg_2026-10-05.xlsx
2018-04-06,-0.416000,0.653000,-0.582000,0.012000,"Bloomberg BGN, exported by Charlie",france_italy_1y5y_bbg_2026-10-05.xlsx
2018-04-09,-0.407000,0.666000,-0.578000,0.020000,"Bloomberg BGN, exported by Charlie",france_italy_1y5y_bbg_2026-10-05.xlsx
2018-04-10,-0.404000,0.686000,-0.552000,0.039000,"Bloomberg BGN, exported by Charlie",france_italy_1y5y_bbg_2026-10-05.xlsx
2018-04-11,-0.410000,0.682000,-0.552000,0.034000,"Bloomberg BGN, exported by Charlie",france_italy_1y5y_bbg_2026-10-05.xlsx
2018-04-12,-0.391000,0.685000,-0.556000,0.034000,"Bloomberg BGN, exported by Charlie",france_italy_1y5y_bbg_2026-10-05.xlsx
2018-04-13,-0.392000,0.667000,-0.554000,0.031000,"Bloomberg BGN, exported by Charlie",france_italy_1y5y_bbg_2026-10-05.xlsx
2018-04-16,-0.393000,0.676000,-0.554000,0.038000,"Bloomberg BGN, exported by Charlie",france_italy_1y5y_bbg_2026-10-05.xlsx
2018-04-17,-0.395000,0.639000,-0.562000,0.016000,"Bloomberg BGN, exported by Charlie",france_italy_1y5y_bbg_2026-10-05.xlsx
2018-04-18,-0.395000,0.610000,-0.562000,0.035000,"Bloomberg BGN, exported by Charlie",france_italy_1y5y_bbg_2026-10-05.xlsx
2018-04-19,-0.396000,0.649000,-0.556000,0.082000,"Bloomberg BGN, exported by Charlie",france_italy_1y5y_bbg_2026-10-05.xlsx
2018-04-20,-0.393000,0.643000,-0.550000,0.067000,"Bloomberg BGN, exported by Charlie",france_italy_1y5y_bbg_2026-10-05.xlsx
2018-04-23,-0.394000,0.645000,-0.551000,0.093000,"Bloomberg BGN, exported by Charlie",france_italy_1y5y_bbg_2026-10-05.xlsx
2018-04-24,-0.393000,0.637000,-0.556000,0.092000,"Bloomberg BGN, exported by Charlie",france_italy_1y5y_bbg_2026-10-05.xlsx
2018-04-25,-0.393000,0.643000,-0.555000,0.100000,"Bloomberg BGN, exported by Charlie",france_italy_1y5y_bbg_2026-10-05.xlsx
2018-04-26,-0.395000,0.618000,-0.557000,0.069000,"Bloomberg BGN, exported by Charlie",france_italy_1y5y_bbg_2026-10-05.xlsx
2018-04-27,-0.394000,0.607000,-0.557000,0.052000,"Bloomberg BGN, exported by Charlie",france_italy_1y5y_bbg_2026-10-05.xlsx
2018-04-30,-0.391000,0.641000,-0.559000,0.041000,"Bloomberg BGN, exported by Charlie",france_italy_1y5y_bbg_2026-10-05.xlsx
2018-05-02,-0.395000,0.636000,-0.564000,0.052000,"Bloomberg BGN, exported by Charlie",france_italy_1y5y_bbg_2026-10-05.xlsx
2018-05-03,-0.393000,0.602000,-0.568000,0.013000,"Bloomberg BGN, exported by Charlie",france_italy_1y5y_bbg_2026-10-05.xlsx
2018-05-04,-0.392000,0.643000,-0.562000,0.029000,"Bloomberg BGN, exported by Charlie",france_italy_1y5y_bbg_2026-10-05.xlsx
2018-05-07,-0.388000,0.614000,-0.565000,0.021000,"Bloomberg BGN, exported by Charlie",france_italy_1y5y_bbg_2026-10-05.xlsx
2018-05-08,-0.382000,0.683000,-0.563000,0.042000,"Bloomberg BGN, exported by Charlie",france_italy_1y5y_bbg_2026-10-05.xlsx
2018-05-09,-0.372000,0.690000,-0.564000,0.041000,"Bloomberg BGN, exported by Charlie",france_italy_1y5y_bbg_2026-10-05.xlsx
2018-05-10,-0.352000,0.745000,-0.563000,0.041000,"Bloomberg BGN, exported by Charlie",france_italy_1y5y_bbg_2026-10-05.xlsx
2018-05-11,-0.345000,0.698000,-0.564000,0.042000,"Bloomberg BGN, exported by Charlie",france_italy_1y5y_bbg_2026-10-05.xlsx
2018-05-14,-0.335000,0.751000,-0.556000,0.087000,"Bloomberg BGN, exported by Charlie",france_italy_1y5y_bbg_2026-10-05.xlsx
2018-05-15,-0.315000,0.783000,-0.549000,0.107000,"Bloomberg BGN, exported by Charlie",france_italy_1y5y_bbg_2026-10-05.xlsx
2018-05-16,-0.233000,0.933000,-0.545000,0.079000,"Bloomberg BGN, exported by Charlie",france_italy_1y5y_bbg_2026-10-05.xlsx
2018-05-17,-0.282000,0.909000,-0.545000,0.101000,"Bloomberg BGN, exported by Charlie",france_italy_1y5y_bbg_2026-10-05.xlsx
2018-05-18,-0.248000,1.015000,-0.552000,0.060000,"Bloomberg BGN, exported by Charlie",france_italy_1y5y_bbg_2026-10-05.xlsx
2018-05-21,-0.189000,1.184000,-0.555000,0.030000,"Bloomberg BGN, exported by Charlie",france_italy_1y5y_bbg_2026-10-05.xlsx
2018-05-22,-0.221000,1.115000,-0.560000,0.041000,"Bloomberg BGN, exported by Charlie",france_italy_1y5y_bbg_2026-10-05.xlsx
2018-05-23,-0.182000,1.201000,-0.575000,0.003000,"Bloomberg BGN, exported by Charlie",france_italy_1y5y_bbg_2026-10-05.xlsx
2018-05-24,-0.200000,1.192000,-0.575000,-0.028000,"Bloomberg BGN, exported by Charlie",france_italy_1y5y_bbg_2026-10-05.xlsx
2018-05-25,-0.001000,1.345000,-0.580000,-0.074000,"Bloomberg BGN, exported by Charlie",france_italy_1y5y_bbg_2026-10-05.xlsx
2018-05-28,0.291000,1.726000,-0.598000,-0.103000,"Bloomberg BGN, exported by Charlie",france_italy_1y5y_bbg_2026-10-05.xlsx
2018-05-29,0.877000,3.007000,-0.578000,-0.182000,"Bloomberg BGN, exported by Charlie",france_italy_1y5y_bbg_2026-10-05.xlsx
2018-05-30,0.842000,2.214000,-0.579000,-0.073000,"Bloomberg BGN, exported by Charlie",france_italy_1y5y_bbg_2026-10-05.xlsx
2018-05-31,0.515000,1.944000,-0.575000,-0.096000,"Bloomberg BGN, exported by Charlie",france_italy_1y5y_bbg_2026-10-05.xlsx
2018-06-01,0.274000,1.813000,-0.550000,-0.058000,"Bloomberg BGN, exported by Charlie",france_italy_1y5y_bbg_2026-10-05.xlsx
2018-06-04,0.073000,1.556000,-0.578000,-0.055000,"Bloomberg BGN, exported by Charlie",france_italy_1y5y_bbg_2026-10-05.xlsx
2018-06-05,0.248000,1.830000,-0.579000,-0.092000,"Bloomberg BGN, exported by Charlie",france_italy_1y5y_bbg_2026-10-05.xlsx
2018-06-06,0.547000,2.172000,-0.585000,0.006000,"Bloomberg BGN, exported by Charlie",france_italy_1y5y_bbg_2026-10-05.xlsx
2018-06-07,0.842000,2.378000,-0.586000,0.018000,"Bloomberg BGN, exported by Charlie",france_italy_1y5y_bbg_2026-10-05.xlsx
2018-06-08,0.915000,2.479000,-0.587000,-0.012000,"Bloomberg BGN, exported by Charlie",france_italy_1y5y_bbg_2026-10-05.xlsx
2018-06-11,0.488000,1.988000,-0.577000,0.019000,"Bloomberg BGN, exported by Charlie",france_italy_1y5y_bbg_2026-10-05.xlsx
2018-06-12,0.403000,1.930000,-0.582000,0.015000,"Bloomberg BGN, exported by Charlie",france_italy_1y5y_bbg_2026-10-05.xlsx
2018-06-13,0.374000,1.868000,-0.583000,-0.013000,"Bloomberg BGN, exported by Charlie",france_italy_1y5y_bbg_2026-10-05.xlsx
2018-06-14,0.247000,1.756000,-0.586000,-0.091000,"Bloomberg BGN, exported by Charlie",france_italy_1y5y_bbg_2026-10-05.xlsx
2018-06-15,0.048000,1.546000,-0.597000,-0.101000,"Bloomberg BGN, exported by Charlie",france_italy_1y5y_bbg_2026-10-05.xlsx
2018-06-18,-0.040000,1.427000,-0.591000,-0.116000,"Bloomberg BGN, exported by Charlie",france_italy_1y5y_bbg_2026-10-05.xlsx
2018-06-19,-0.025000,1.463000,-0.589000,-0.142000,"Bloomberg BGN, exported by Charlie",france_italy_1y5y_bbg_2026-10-05.xlsx
2018-06-20,-0.043000,1.451000,-0.607000,-0.146000,"Bloomberg BGN, exported by Charlie",france_italy_1y5y_bbg_2026-10-05.xlsx
2018-06-21,0.134000,1.773000,-0.609000,-0.166000,"Bloomberg BGN, exported by Charlie",france_italy_1y5y_bbg_2026-10-05.xlsx
2018-06-22,0.108000,1.788000,-0.608000,-0.159000,"Bloomberg BGN, exported by Charlie",france_italy_1y5y_bbg_2026-10-05.xlsx
2018-06-25,0.161000,1.950000,-0.600000,0.026000,"Bloomberg BGN, exported by Charlie",france_italy_1y5y_bbg_2026-10-05.xlsx
2018-06-26,0.185000,2.004000,-0.582000,0.051000,"Bloomberg BGN, exported by Charlie",france_italy_1y5y_bbg_2026-10-05.xlsx
2018-06-27,0.141000,1.881000,-0.577000,0.036000,"Bloomberg BGN, exported by Charlie",france_italy_1y5y_bbg_2026-10-05.xlsx
2018-06-28,0.111000,1.848000,-0.579000,0.036000,"Bloomberg BGN, exported by Charlie",france_italy_1y5y_bbg_2026-10-05.xlsx
2018-06-29,0.053000,1.721000,-0.561000,0.014000,"Bloomberg BGN, exported by Charlie",france_italy_1y5y_bbg_2026-10-05.xlsx
2018-07-02,0.057000,1.704000,-0.571000,0.002000,"Bloomberg BGN, exported by Charlie",france_italy_1y5y_bbg_2026-10-05.xlsx
2018-07-03,0.076000,1.686000,-0.574000,-0.004000,"Bloomberg BGN, exported by Charlie",france_italy_1y5y_bbg_2026-10-05.xlsx
2018-07-04,0.093000,1.706000,-0.568000,0.005000,"Bloomberg BGN, exported by Charlie",france_italy_1y5y_bbg_2026-10-05.xlsx
2018-07-05,0.189000,1.857000,-0.568000,0.007000,"Bloomberg BGN, exported by Charlie",france_italy_1y5y_bbg_2026-10-05.xlsx
2018-07-06,0.178000,1.838000,-0.569000,0.000000,"Bloomberg BGN, exported by Charlie",france_italy_1y5y_bbg_2026-10-05.xlsx
2018-07-09,0.168000,1.776000,-0.556000,0.006000,"Bloomberg BGN, exported by Charlie",france_italy_1y5y_bbg_2026-10-05.xlsx
2018-07-10,0.201000,1.789000,-0.558000,0.024000,"Bloomberg BGN, exported by Charlie",france_italy_1y5y_bbg_2026-10-05.xlsx
2018-07-11,0.258000,1.825000,-0.557000,0.022000,"Bloomberg BGN, exported by Charlie",france_italy_1y5y_bbg_2026-10-05.xlsx
2018-07-12,0.284000,1.738000,-0.557000,0.022000,"Bloomberg BGN, exported by Charlie",france_italy_1y5y_bbg_2026-10-05.xlsx
2018-07-13,0.210000,1.694000,-0.556000,0.006000,"Bloomberg BGN, exported by Charlie",france_italy_1y5y_bbg_2026-10-05.xlsx
2018-07-16,0.198000,1.680000,-0.558000,0.028000,"Bloomberg BGN, exported by Charlie",france_italy_1y5y_bbg_2026-10-05.xlsx
2018-07-17,0.143000,1.559000,-0.557000,0.007000,"Bloomberg BGN, exported by Charlie",france_italy_1y5y_bbg_2026-10-05.xlsx
2018-07-18,0.182000,1.599000,-0.559000,0.002000,"Bloomberg BGN, exported by Charlie",france_italy_1y5y_bbg_2026-10-05.xlsx
2018-07-19,0.142000,1.572000,-0.555000,0.001000,"Bloomberg BGN, exported by Charlie",france_italy_1y5y_bbg_2026-10-05.xlsx
2018-07-20,0.164000,1.646000,-0.557000,0.034000,"Bloomberg BGN, exported by Charlie",france_italy_1y5y_bbg_2026-10-05.xlsx
2018-07-23,0.185000,1.689000,-0.550000,0.064000,"Bloomberg BGN, exported by Charlie",france_italy_1y5y_bbg_2026-10-05.xlsx
2018-07-24,0.212000,1.744000,-0.540000,0.054000,"Bloomberg BGN, exported by Charlie",france_italy_1y5y_bbg_2026-10-05.xlsx
2018-07-25,0.202000,1.735000,-0.548000,0.052000,"Bloomberg BGN, exported by Charlie",france_italy_1y5y_bbg_2026-10-05.xlsx
2018-07-26,0.208000,1.766000,-0.548000,0.056000,"Bloomberg BGN, exported by Charlie",france_italy_1y5y_bbg_2026-10-05.xlsx
2018-07-27,0.215000,1.829000,-0.549000,0.060000,"Bloomberg BGN, exported by Charlie",france_italy_1y5y_bbg_2026-10-05.xlsx
2018-07-30,0.245000,1.864000,-0.543000,0.092000,"Bloomberg BGN, exported by Charlie",france_italy_1y5y_bbg_2026-10-05.xlsx
2018-07-31,0.202000,1.802000,-0.550000,0.092000,"Bloomberg BGN, exported by Charlie",france_italy_1y5y_bbg_2026-10-05.xlsx
2018-08-01,0.212000,1.855000,-0.547000,0.124000,"Bloomberg BGN, exported by Charlie",france_italy_1y5y_bbg_2026-10-05.xlsx
2018-08-02,0.333000,2.049000,-0.550000,0.121000,"Bloomberg BGN, exported by Charlie",france_italy_1y5y_bbg_2026-10-05.xlsx
2018-08-03,0.436000,2.078000,-0.547000,0.087000,"Bloomberg BGN, exported by Charlie",france_italy_1y5y_bbg_2026-10-05.xlsx
2018-08-06,0.415000,2.052000,-0.544000,0.068000,"Bloomberg BGN, exported by Charlie",france_italy_1y5y_bbg_2026-10-05.xlsx
2018-08-07,0.425000,2.013000,-0.548000,0.079000,"Bloomberg BGN, exported by Charlie",france_italy_1y5y_bbg_2026-10-05.xlsx
2018-08-08,0.465000,2.060000,-0.547000,0.067000,"Bloomberg BGN, exported by Charlie",france_italy_1y5y_bbg_2026-10-05.xlsx
2018-08-09,0.502000,2.054000,-0.553000,0.047000,"Bloomberg BGN, exported by Charlie",france_italy_1y5y_bbg_2026-10-05.xlsx
2018-08-10,0.542000,2.212000,-0.556000,0.007000,"Bloomberg BGN, exported by Charlie",france_italy_1y5y_bbg_2026-10-05.xlsx
2018-08-13,0.751000,2.395000,-0.560000,0.016000,"Bloomberg BGN, exported by Charlie",france_italy_1y5y_bbg_2026-10-05.xlsx
2018-08-14,0.700000,2.300000,-0.564000,0.020000,"Bloomberg BGN, exported by Charlie",france_italy_1y5y_bbg_2026-10-05.xlsx
2018-08-15,0.787000,2.437000,-0.563000,0.003000,"Bloomberg BGN, exported by Charlie",france_italy_1y5y_bbg_2026-10-05.xlsx
2018-08-16,0.751000,2.370000,-0.560000,0.015000,"Bloomberg BGN, exported by Charlie",france_italy_1y5y_bbg_2026-10-05.xlsx
2018-08-17,0.754000,2.400000,-0.560000,0.000000,"Bloomberg BGN, exported by Charlie",france_italy_1y5y_bbg_2026-10-05.xlsx
2018-08-20,0.707000,2.280000,-0.559000,-0.006000,"Bloomberg BGN, exported by Charlie",france_italy_1y5y_bbg_2026-10-05.xlsx
2018-08-21,0.575000,2.221000,-0.542000,0.016000,"Bloomberg BGN, exported by Charlie",france_italy_1y5y_bbg_2026-10-05.xlsx
2018-08-22,0.563000,2.284000,-0.542000,0.030000,"Bloomberg BGN, exported by Charlie",france_italy_1y5y_bbg_2026-10-05.xlsx
2018-08-23,0.602000,2.315000,-0.539000,0.016000,"Bloomberg BGN, exported by Charlie",france_italy_1y5y_bbg_2026-10-05.xlsx
2018-08-24,0.697000,2.387000,-0.537000,0.024000,"Bloomberg BGN, exported by Charlie",france_italy_1y5y_bbg_2026-10-05.xlsx
2018-08-27,0.713000,2.394000,-0.538000,0.049000,"Bloomberg BGN, exported by Charlie",france_italy_1y5y_bbg_2026-10-05.xlsx
2018-08-28,0.748000,2.447000,-0.537000,0.050000,"Bloomberg BGN, exported by Charlie",france_italy_1y5y_bbg_2026-10-05.xlsx
2018-08-29,0.697000,2.399000,-0.542000,0.072000,"Bloomberg BGN, exported by Charlie",france_italy_1y5y_bbg_2026-10-05.xlsx
2018-08-30,0.788000,2.501000,-0.549000,0.032000,"Bloomberg BGN, exported by Charlie",france_italy_1y5y_bbg_2026-10-05.xlsx
2018-08-31,0.842000,2.564000,-0.550000,0.030000,"Bloomberg BGN, exported by Charlie",france_italy_1y5y_bbg_2026-10-05.xlsx
2018-09-03,0.866000,2.490000,-0.558000,0.040000,"Bloomberg BGN, exported by Charlie",france_italy_1y5y_bbg_2026-10-05.xlsx
2018-09-04,0.689000,2.265000,-0.555000,0.048000,"Bloomberg BGN, exported by Charlie",france_italy_1y5y_bbg_2026-10-05.xlsx
2018-09-05,0.597000,2.144000,-0.550000,0.067000,"Bloomberg BGN, exported by Charlie",france_italy_1y5y_bbg_2026-10-05.xlsx
2018-09-06,0.585000,2.076000,-0.558000,0.045000,"Bloomberg BGN, exported by Charlie",france_italy_1y5y_bbg_2026-10-05.xlsx
2018-09-07,0.525000,2.058000,-0.552000,0.068000,"Bloomberg BGN, exported by Charlie",france_italy_1y5y_bbg_2026-10-05.xlsx
2018-09-10,0.357000,1.898000,-0.560000,0.071000,"Bloomberg BGN, exported by Charlie",france_italy_1y5y_bbg_2026-10-05.xlsx
2018-09-11,0.376000,1.918000,-0.555000,0.088000,"Bloomberg BGN, exported by Charlie",france_italy_1y5y_bbg_2026-10-05.xlsx
2018-09-12,0.423000,1.948000,-0.559000,0.077000,"Bloomberg BGN, exported by Charlie",france_italy_1y5y_bbg_2026-10-05.xlsx
2018-09-13,0.461000,1.972000,-0.558000,0.094000,"Bloomberg BGN, exported by Charlie",france_italy_1y5y_bbg_2026-10-05.xlsx
2018-09-14,0.484000,1.993000,-0.559000,0.117000,"Bloomberg BGN, exported by Charlie",france_italy_1y5y_bbg_2026-10-05.xlsx
2018-09-17,0.349000,1.820000,-0.563000,0.126000,"Bloomberg BGN, exported by Charlie",france_italy_1y5y_bbg_2026-10-05.xlsx
2018-09-18,0.262000,1.729000,-0.544000,0.141000,"Bloomberg BGN, exported by Charlie",france_italy_1y5y_bbg_2026-10-05.xlsx
2018-09-19,0.346000,1.839000,-0.549000,0.148000,"Bloomberg BGN, exported by Charlie",france_italy_1y5y_bbg_2026-10-05.xlsx
2018-09-20,0.402000,1.900000,-0.548000,0.136000,"Bloomberg BGN, exported by Charlie",france_italy_1y5y_bbg_2026-10-05.xlsx
2018-09-21,0.363000,1.829000,-0.545000,0.130000,"Bloomberg BGN, exported by Charlie",france_italy_1y5y_bbg_2026-10-05.xlsx
2018-09-24,0.496000,1.975000,-0.548000,0.185000,"Bloomberg BGN, exported by Charlie",france_italy_1y5y_bbg_2026-10-05.xlsx
2018-09-25,0.452000,1.886000,-0.548000,0.209000,"Bloomberg BGN, exported by Charlie",france_italy_1y5y_bbg_2026-10-05.xlsx
2018-09-26,0.364000,1.840000,-0.546000,0.201000,"Bloomberg BGN, exported by Charlie",france_italy_1y5y_bbg_2026-10-05.xlsx
2018-09-27,0.414000,1.893000,-0.538000,0.215000,"Bloomberg BGN, exported by Charlie",france_italy_1y5y_bbg_2026-10-05.xlsx
2018-09-28,0.677000,2.228000,-0.540000,0.166000,"Bloomberg BGN, exported by Charlie",france_italy_1y5y_bbg_2026-10-05.xlsx
2018-10-01,0.805000,2.526000,-0.552000,0.170000,"Bloomberg BGN, exported by Charlie",france_italy_1y5y_bbg_2026-10-05.xlsx
2018-10-02,0.819000,2.696000,-0.550000,0.135000,"Bloomberg BGN, exported by Charlie",france_italy_1y5y_bbg_2026-10-05.xlsx
2018-10-03,0.619000,2.427000,-0.550000,0.173000,"Bloomberg BGN, exported by Charlie",france_italy_1y5y_bbg_2026-10-05.xlsx
2018-10-04,0.664000,2.446000,-0.547000,0.221000,"Bloomberg BGN, exported by Charlie",france_italy_1y5y_bbg_2026-10-05.xlsx
2018-10-05,0.772000,2.623000,-0.556000,0.243000,"Bloomberg BGN, exported by Charlie",france_italy_1y5y_bbg_2026-10-05.xlsx
2018-10-08,0.929000,2.805000,-0.561000,0.214000,"Bloomberg BGN, exported by Charlie",france_italy_1y5y_bbg_2026-10-05.xlsx
2018-10-09,0.876000,2.666000,-0.566000,0.233000,"Bloomberg BGN, exported by Charlie",france_italy_1y5y_bbg_2026-10-05.xlsx
2018-10-10,0.839000,2.695000,-0.573000,0.236000,"Bloomberg BGN, exported by Charlie",france_italy_1y5y_bbg_2026-10-05.xlsx
2018-10-11,0.954000,2.817000,-0.603000,0.222000,"Bloomberg BGN, exported by Charlie",france_italy_1y5y_bbg_2026-10-05.xlsx
2018-10-12,0.910000,2.833000,-0.617000,0.202000,"Bloomberg BGN, exported by Charlie",france_italy_1y5y_bbg_2026-10-05.xlsx
2018-10-15,0.876000,2.818000,-0.642000,0.201000,"Bloomberg BGN, exported by Charlie",france_italy_1y5y_bbg_2026-10-05.xlsx
2018-10-16,0.699000,2.671000,-0.631000,0.181000,"Bloomberg BGN, exported by Charlie",france_italy_1y5y_bbg_2026-10-05.xlsx
2018-10-17,0.734000,2.746000,-0.637000,0.154000,"Bloomberg BGN, exported by Charlie",france_italy_1y5y_bbg_2026-10-05.xlsx
2018-10-18,0.879000,2.920000,-0.635000,0.124000,"Bloomberg BGN, exported by Charlie",france_italy_1y5y_bbg_2026-10-05.xlsx
2018-10-19,0.701000,2.620000,-0.642000,0.186000,"Bloomberg BGN, exported by Charlie",france_italy_1y5y_bbg_2026-10-05.xlsx
2018-10-22,0.559000,2.581000,-0.616000,0.165000,"Bloomberg BGN, exported by Charlie",france_italy_1y5y_bbg_2026-10-05.xlsx
2018-10-23,0.591000,2.690000,-0.622000,0.134000,"Bloomberg BGN, exported by Charlie",france_italy_1y5y_bbg_2026-10-05.xlsx
2018-10-24,0.625000,2.723000,-0.625000,0.114000,"Bloomberg BGN, exported by Charlie",france_italy_1y5y_bbg_2026-10-05.xlsx
2018-10-25,0.545000,2.610000,-0.621000,0.124000,"Bloomberg BGN, exported by Charlie",france_italy_1y5y_bbg_2026-10-05.xlsx
2018-10-26,0.531000,2.560000,-0.625000,0.092000,"Bloomberg BGN, exported by Charlie",france_italy_1y5y_bbg_2026-10-05.xlsx
2018-10-29,0.419000,2.383000,-0.622000,0.093000,"Bloomberg BGN, exported by Charlie",france_italy_1y5y_bbg_2026-10-05.xlsx
2018-10-30,0.546000,2.529000,-0.622000,0.093000,"Bloomberg BGN, exported by Charlie",france_italy_1y5y_bbg_2026-10-05.xlsx
2018-10-31,0.525000,2.467000,-0.620000,0.094000,"Bloomberg BGN, exported by Charlie",france_italy_1y5y_bbg_2026-10-05.xlsx
2018-11-01,0.503000,2.412000,-0.616000,0.092000,"Bloomberg BGN, exported by Charlie",france_italy_1y5y_bbg_2026-10-05.xlsx
2018-11-02,0.434000,2.296000,-0.621000,0.109000,"Bloomberg BGN, exported by Charlie",france_italy_1y5y_bbg_2026-10-05.xlsx
2018-11-05,0.457000,2.275000,-0.617000,0.117000,"Bloomberg BGN, exported by Charlie",france_italy_1y5y_bbg_2026-10-05.xlsx
2018-11-06,0.500000,2.339000,-0.618000,0.128000,"Bloomberg BGN, exported by Charlie",france_italy_1y5y_bbg_2026-10-05.xlsx
2018-11-07,0.475000,2.292000,-0.617000,0.142000,"Bloomberg BGN, exported by Charlie",france_italy_1y5y_bbg_2026-10-05.xlsx
2018-11-08,0.515000,2.360000,-0.612000,0.150000,"Bloomberg BGN, exported by Charlie",france_italy_1y5y_bbg_2026-10-05.xlsx
2018-11-09,0.514000,2.378000,-0.607000,0.125000,"Bloomberg BGN, exported by Charlie",france_italy_1y5y_bbg_2026-10-05.xlsx
2018-11-12,0.566000,2.438000,-0.589000,0.114000,"Bloomberg BGN, exported by Charlie",france_italy_1y5y_bbg_2026-10-05.xlsx
2018-11-13,0.654000,2.468000,-0.575000,0.116000,"Bloomberg BGN, exported by Charlie",france_italy_1y5y_bbg_2026-10-05.xlsx
2018-11-14,0.645000,2.533000,-0.575000,0.101000,"Bloomberg BGN, exported by Charlie",france_italy_1y5y_bbg_2026-10-05.xlsx
2018-11-15,0.608000,2.573000,-0.573000,0.071000,"Bloomberg BGN, exported by Charlie",france_italy_1y5y_bbg_2026-10-05.xlsx
2018-11-16,0.574000,2.575000,-0.575000,0.082000,"Bloomberg BGN, exported by Charlie",france_italy_1y5y_bbg_2026-10-05.xlsx
2018-11-19,0.601000,2.680000,-0.566000,0.091000,"Bloomberg BGN, exported by Charlie",france_italy_1y5y_bbg_2026-10-05.xlsx
2018-11-20,0.591000,2.877000,-0.567000,0.080000,"Bloomberg BGN, exported by Charlie",france_italy_1y5y_bbg_2026-10-05.xlsx
2018-11-21,0.511000,2.645000,-0.571000,0.081000,"Bloomberg BGN, exported by Charlie",france_italy_1y5y_bbg_2026-10-05.xlsx
2018-11-22,0.434000,2.535000,-0.568000,0.071000,"Bloomberg BGN, exported by Charlie",france_italy_1y5y_bbg_2026-10-05.xlsx
2018-11-23,0.421000,2.487000,-0.569000,0.057000,"Bloomberg BGN, exported by Charlie",france_italy_1y5y_bbg_2026-10-05.xlsx
2018-11-26,0.330000,2.378000,-0.568000,0.068000,"Bloomberg BGN, exported by Charlie",france_italy_1y5y_bbg_2026-10-05.xlsx
2018-11-27,0.377000,2.410000,-0.565000,0.059000,"Bloomberg BGN, exported by Charlie",france_italy_1y5y_bbg_2026-10-05.xlsx
2018-11-28,0.407000,2.387000,-0.568000,0.057000,"Bloomberg BGN, exported by Charlie",france_italy_1y5y_bbg_2026-10-05.xlsx
2018-11-29,0.361000,2.328000,-0.570000,0.026000,"Bloomberg BGN, exported by Charlie",france_italy_1y5y_bbg_2026-10-05.xlsx
2018-11-30,0.369000,2.326000,-0.575000,0.019000,"Bloomberg BGN, exported by Charlie",france_italy_1y5y_bbg_2026-10-05.xlsx
2018-12-03,0.290000,2.154000,-0.574000,0.015000,"Bloomberg BGN, exported by Charlie",france_italy_1y5y_bbg_2026-10-05.xlsx
2018-12-04,0.301000,2.141000,-0.580000,-0.003000,"Bloomberg BGN, exported by Charlie",france_italy_1y5y_bbg_2026-10-05.xlsx
2018-12-05,0.251000,2.067000,-0.578000,0.006000,"Bloomberg BGN, exported by Charlie",france_italy_1y5y_bbg_2026-10-05.xlsx
2018-12-06,0.298000,2.268000,-0.576000,-0.015000,"Bloomberg BGN, exported by Charlie",france_italy_1y5y_bbg_2026-10-05.xlsx
2018-12-07,0.298000,2.213000,-0.587000,0.013000,"Bloomberg BGN, exported by Charlie",france_italy_1y5y_bbg_2026-10-05.xlsx
2018-12-10,0.300000,2.168000,-0.596000,0.039000,"Bloomberg BGN, exported by Charlie",france_italy_1y5y_bbg_2026-10-05.xlsx
2018-12-11,0.323000,2.156000,-0.603000,0.046000,"Bloomberg BGN, exported by Charlie",france_italy_1y5y_bbg_2026-10-05.xlsx
2018-12-12,0.279000,2.057000,-0.606000,0.054000,"Bloomberg BGN, exported by Charlie",france_italy_1y5y_bbg_2026-10-05.xlsx
2018-12-13,0.319000,1.997000,-0.613000,0.037000,"Bloomberg BGN, exported by Charlie",france_italy_1y5y_bbg_2026-10-05.xlsx
2018-12-14,0.340000,2.002000,-0.627000,0.014000,"Bloomberg BGN, exported by Charlie",france_italy_1y5y_bbg_2026-10-05.xlsx
2018-12-17,0.324000,2.008000,-0.637000,0.035000,"Bloomberg BGN, exported by Charlie",france_italy_1y5y_bbg_2026-10-05.xlsx
2018-12-18,0.349000,1.973000,-0.641000,0.031000,"Bloomberg BGN, exported by Charlie",france_italy_1y5y_bbg_2026-10-05.xlsx
2018-12-19,0.246000,1.817000,-0.645000,0.025000,"Bloomberg BGN, exported by Charlie",france_italy_1y5y_bbg_2026-10-05.xlsx
2018-12-20,0.224000,1.762000,-0.650000,0.018000,"Bloomberg BGN, exported by Charlie",france_italy_1y5y_bbg_2026-10-05.xlsx
2018-12-21,0.268000,1.847000,-0.655000,0.029000,"Bloomberg BGN, exported by Charlie",france_italy_1y5y_bbg_2026-10-05.xlsx
2018-12-24,0.269000,1.847000,-0.657000,0.029000,"Bloomberg BGN, exported by Charlie",france_italy_1y5y_bbg_2026-10-05.xlsx
2018-12-27,0.301000,1.815000,-0.653000,0.021000,"Bloomberg BGN, exported by Charlie",france_italy_1y5y_bbg_2026-10-05.xlsx
2018-12-28,0.339000,1.797000,-0.624000,0.031000,"Bloomberg BGN, exported by Charlie",france_italy_1y5y_bbg_2026-10-05.xlsx
2018-12-31,0.340000,1.797000,-0.626000,0.031000,"Bloomberg BGN, exported by Charlie",france_italy_1y5y_bbg_2026-10-05.xlsx
2019-01-02,0.254000,1.751000,-0.573000,-0.008000,"Bloomberg BGN, exported by Charlie",france_italy_1y5y_bbg_2026-10-05.xlsx
2019-01-03,0.273000,1.898000,-0.572000,-0.022000,"Bloomberg BGN, exported by Charlie",france_italy_1y5y_bbg_2026-10-05.xlsx
2019-01-04,0.254000,1.882000,-0.569000,0.009000,"Bloomberg BGN, exported by Charlie",france_italy_1y5y_bbg_2026-10-05.xlsx
2019-01-07,0.263000,1.902000,-0.563000,0.035000,"Bloomberg BGN, exported by Charlie",france_italy_1y5y_bbg_2026-10-05.xlsx
2019-01-08,0.263000,1.938000,-0.562000,0.042000,"Bloomberg BGN, exported by Charlie",france_italy_1y5y_bbg_2026-10-05.xlsx
2019-01-09,0.236000,1.857000,-0.558000,0.027000,"Bloomberg BGN, exported by Charlie",france_italy_1y5y_bbg_2026-10-05.xlsx
2019-01-10,0.205000,1.880000,-0.562000,-0.002000,"Bloomberg BGN, exported by Charlie",france_italy_1y5y_bbg_2026-10-05.xlsx
2019-01-11,0.233000,1.821000,-0.559000,-0.007000,"Bloomberg BGN, exported by Charlie",france_italy_1y5y_bbg_2026-10-05.xlsx
2019-01-14,0.184000,1.784000,-0.555000,-0.029000,"Bloomberg BGN, exported by Charlie",france_italy_1y5y_bbg_2026-10-05.xlsx
2019-01-15,0.157000,1.776000,-0.559000,-0.060000,"Bloomberg BGN, exported by Charlie",france_italy_1y5y_bbg_2026-10-05.xlsx
2019-01-16,0.081000,1.632000,-0.552000,-0.047000,"Bloomberg BGN, exported by Charlie",france_italy_1y5y_bbg_2026-10-05.xlsx
2019-01-17,0.084000,1.624000,-0.550000,-0.035000,"Bloomberg BGN, exported by Charlie",france_italy_1y5y_bbg_2026-10-05.xlsx
2019-01-18,0.078000,1.575000,-0.549000,-0.013000,"Bloomberg BGN, exported by Charlie",france_italy_1y5y_bbg_2026-10-05.xlsx
2019-01-21,0.081000,1.612000,-0.545000,-0.025000,"Bloomberg BGN, exported by Charlie",france_italy_1y5y_bbg_2026-10-05.xlsx
2019-01-22,0.089000,1.604000,-0.545000,-0.041000,"Bloomberg BGN, exported by Charlie",france_italy_1y5y_bbg_2026-10-05.xlsx
2019-01-23,0.092000,1.605000,-0.539000,-0.042000,"Bloomberg BGN, exported by Charlie",france_italy_1y5y_bbg_2026-10-05.xlsx
2019-01-24,0.079000,1.535000,-0.540000,-0.070000,"Bloomberg BGN, exported by Charlie",france_italy_1y5y_bbg_2026-10-05.xlsx
2019-01-25,0.082000,1.540000,-0.536000,-0.063000,"Bloomberg BGN, exported by Charlie",france_italy_1y5y_bbg_2026-10-05.xlsx
2019-01-28,0.092000,1.567000,-0.536000,-0.060000,"Bloomberg BGN, exported by Charlie",france_italy_1y5y_bbg_2026-10-05.xlsx
2019-01-29,0.074000,1.539000,-0.539000,-0.058000,"Bloomberg BGN, exported by Charlie",france_italy_1y5y_bbg_2026-10-05.xlsx
2019-01-30,0.063000,1.519000,-0.530000,-0.062000,"Bloomberg BGN, exported by Charlie",france_italy_1y5y_bbg_2026-10-05.xlsx
2019-01-31,0.055000,1.515000,-0.529000,-0.082000,"Bloomberg BGN, exported by Charlie",france_italy_1y5y_bbg_2026-10-05.xlsx
2019-02-01,0.116000,1.671000,-0.535000,-0.081000,"Bloomberg BGN, exported by Charlie",france_italy_1y5y_bbg_2026-10-05.xlsx
2019-02-04,0.099000,1.671000,-0.531000,-0.067000,"Bloomberg BGN, exported by Charlie",france_italy_1y5y_bbg_2026-10-05.xlsx
2019-02-05,0.103000,1.717000,-0.514000,-0.064000,"Bloomberg BGN, exported by Charlie",france_italy_1y5y_bbg_2026-10-05.xlsx
2019-02-06,0.109000,1.784000,-0.511000,-0.060000,"Bloomberg BGN, exported by Charlie",france_italy_1y5y_bbg_2026-10-05.xlsx
2019-02-07,0.224000,1.927000,-0.507000,-0.089000,"Bloomberg BGN, exported by Charlie",france_italy_1y5y_bbg_2026-10-05.xlsx
2019-02-08,0.270000,2.017000,-0.496000,-0.094000,"Bloomberg BGN, exported by Charlie",france_italy_1y5y_bbg_2026-10-05.xlsx
2019-02-11,0.219000,1.931000,-0.496000,-0.082000,"Bloomberg BGN, exported by Charlie",france_italy_1y5y_bbg_2026-10-05.xlsx
2019-02-12,0.159000,1.857000,-0.499000,-0.074000,"Bloomberg BGN, exported by Charlie",france_italy_1y5y_bbg_2026-10-05.xlsx
2019-02-13,0.189000,1.770000,-0.501000,-0.082000,"Bloomberg BGN, exported by Charlie",france_italy_1y5y_bbg_2026-10-05.xlsx
2019-02-14,0.200000,1.782000,-0.500000,-0.088000,"Bloomberg BGN, exported by Charlie",france_italy_1y5y_bbg_2026-10-05.xlsx
2019-02-15,0.201000,1.751000,-0.500000,-0.087000,"Bloomberg BGN, exported by Charlie",france_italy_1y5y_bbg_2026-10-05.xlsx
2019-02-18,0.160000,1.684000,-0.511000,-0.092000,"Bloomberg BGN, exported by Charlie",france_italy_1y5y_bbg_2026-10-05.xlsx
2019-02-19,0.183000,1.717000,-0.513000,-0.091000,"Bloomberg BGN, exported by Charlie",france_italy_1y5y_bbg_2026-10-05.xlsx
2019-02-20,0.221000,1.806000,-0.514000,-0.097000,"Bloomberg BGN, exported by Charlie",france_italy_1y5y_bbg_2026-10-05.xlsx
2019-02-21,0.211000,1.793000,-0.510000,-0.072000,"Bloomberg BGN, exported by Charlie",france_italy_1y5y_bbg_2026-10-05.xlsx
2019-02-22,0.217000,1.832000,-0.510000,-0.094000,"Bloomberg BGN, exported by Charlie",france_italy_1y5y_bbg_2026-10-05.xlsx
2019-02-25,0.163000,1.715000,-0.515000,-0.084000,"Bloomberg BGN, exported by Charlie",france_italy_1y5y_bbg_2026-10-05.xlsx
2019-02-26,0.115000,1.618000,-0.517000,-0.085000,"Bloomberg BGN, exported by Charlie",france_italy_1y5y_bbg_2026-10-05.xlsx
2019-02-27,0.161000,1.721000,-0.511000,-0.062000,"Bloomberg BGN, exported by Charlie",france_italy_1y5y_bbg_2026-10-05.xlsx
2019-02-28,0.132000,1.687000,-0.512000,-0.050000,"Bloomberg BGN, exported by Charlie",france_italy_1y5y_bbg_2026-10-05.xlsx
2019-03-01,0.123000,1.663000,-0.510000,-0.041000,"Bloomberg BGN, exported by Charlie",france_italy_1y5y_bbg_2026-10-05.xlsx
2019-03-04,0.120000,1.664000,-0.524000,-0.056000,"Bloomberg BGN, exported by Charlie",france_italy_1y5y_bbg_2026-10-05.xlsx
2019-03-05,0.113000,1.642000,-0.511000,-0.051000,"Bloomberg BGN, exported by Charlie",france_italy_1y5y_bbg_2026-10-05.xlsx
2019-03-06,0.077000,1.533000,-0.506000,-0.096000,"Bloomberg BGN, exported by Charlie",france_italy_1y5y_bbg_2026-10-05.xlsx
2019-03-07,-0.001000,1.364000,-0.513000,-0.164000,"Bloomberg BGN, exported by Charlie",france_italy_1y5y_bbg_2026-10-05.xlsx
2019-03-08,0.018000,1.418000,-0.513000,-0.160000,"Bloomberg BGN, exported by Charlie",france_italy_1y5y_bbg_2026-10-05.xlsx
2019-03-11,0.032000,1.511000,-0.516000,-0.166000,"Bloomberg BGN, exported by Charlie",france_italy_1y5y_bbg_2026-10-05.xlsx
2019-03-12,0.025000,1.499000,-0.520000,-0.156000,"Bloomberg BGN, exported by Charlie",france_italy_1y5y_bbg_2026-10-05.xlsx
2019-03-13,0.062000,1.497000,-0.519000,-0.168000,"Bloomberg BGN, exported by Charlie",france_italy_1y5y_bbg_2026-10-05.xlsx
2019-03-14,0.017000,1.436000,-0.519000,-0.155000,"Bloomberg BGN, exported by Charlie",france_italy_1y5y_bbg_2026-10-05.xlsx
2019-03-15,0.014000,1.430000,-0.518000,-0.164000,"Bloomberg BGN, exported by Charlie",france_italy_1y5y_bbg_2026-10-05.xlsx
2019-03-18,-0.014000,1.385000,-0.522000,-0.163000,"Bloomberg BGN, exported by Charlie",france_italy_1y5y_bbg_2026-10-05.xlsx
2019-03-19,-0.016000,1.439000,-0.523000,-0.158000,"Bloomberg BGN, exported by Charlie",france_italy_1y5y_bbg_2026-10-05.xlsx
2019-03-20,-0.008000,1.483000,-0.522000,-0.157000,"Bloomberg BGN, exported by Charlie",france_italy_1y5y_bbg_2026-10-05.xlsx
2019-03-21,-0.018000,1.432000,-0.523000,-0.194000,"Bloomberg BGN, exported by Charlie",france_italy_1y5y_bbg_2026-10-05.xlsx
2019-03-22,0.008000,1.462000,-0.528000,-0.222000,"Bloomberg BGN, exported by Charlie",france_italy_1y5y_bbg_2026-10-05.xlsx
2019-03-25,0.020000,1.512000,-0.532000,-0.213000,"Bloomberg BGN, exported by Charlie",france_italy_1y5y_bbg_2026-10-05.xlsx
2019-03-26,0.012000,1.454000,-0.530000,-0.205000,"Bloomberg BGN, exported by Charlie",france_italy_1y5y_bbg_2026-10-05.xlsx
2019-03-27,-0.006000,1.454000,-0.535000,-0.277000,"Bloomberg BGN, exported by Charlie",france_italy_1y5y_bbg_2026-10-05.xlsx
2019-03-28,0.016000,1.497000,-0.539000,-0.256000,"Bloomberg BGN, exported by Charlie",france_italy_1y5y_bbg_2026-10-05.xlsx
2019-03-29,0.027000,1.502000,-0.538000,-0.267000,"Bloomberg BGN, exported by Charlie",france_italy_1y5y_bbg_2026-10-05.xlsx
2019-04-01,0.031000,1.507000,-0.533000,-0.226000,"Bloomberg BGN, exported by Charlie",france_italy_1y5y_bbg_2026-10-05.xlsx
2019-04-02,0.032000,1.540000,-0.518000,-0.247000,"Bloomberg BGN, exported by Charlie",france_italy_1y5y_bbg_2026-10-05.xlsx
2019-04-03,0.043000,1.559000,-0.520000,-0.214000,"Bloomberg BGN, exported by Charlie",france_italy_1y5y_bbg_2026-10-05.xlsx
2019-04-04,0.063000,1.550000,-0.516000,-0.227000,"Bloomberg BGN, exported by Charlie",france_italy_1y5y_bbg_2026-10-05.xlsx
2019-04-05,0.044000,1.514000,-0.516000,-0.229000,"Bloomberg BGN, exported by Charlie",france_italy_1y5y_bbg_2026-10-05.xlsx
2019-04-08,0.048000,1.520000,-0.515000,-0.227000,"Bloomberg BGN, exported by Charlie",france_italy_1y5y_bbg_2026-10-05.xlsx
2019-04-09,0.040000,1.486000,-0.518000,-0.244000,"Bloomberg BGN, exported by Charlie",france_italy_1y5y_bbg_2026-10-05.xlsx
2019-04-10,0.041000,1.474000,-0.528000,-0.271000,"Bloomberg BGN, exported by Charlie",france_italy_1y5y_bbg_2026-10-05.xlsx
2019-04-11,0.056000,1.425000,-0.528000,-0.256000,"Bloomberg BGN, exported by Charlie",france_italy_1y5y_bbg_2026-10-05.xlsx
2019-04-12,0.060000,1.430000,-0.524000,-0.209000,"Bloomberg BGN, exported by Charlie",france_italy_1y5y_bbg_2026-10-05.xlsx
2019-04-15,0.067000,1.451000,-0.517000,-0.193000,"Bloomberg BGN, exported by Charlie",france_italy_1y5y_bbg_2026-10-05.xlsx
2019-04-16,0.069000,1.476000,-0.519000,-0.195000,"Bloomberg BGN, exported by Charlie",france_italy_1y5y_bbg_2026-10-05.xlsx
2019-04-17,0.075000,1.500000,-0.521000,-0.194000,"Bloomberg BGN, exported by Charlie",france_italy_1y5y_bbg_2026-10-05.xlsx
2019-04-18,0.068000,1.498000,-0.522000,-0.230000,"Bloomberg BGN, exported by Charlie",france_italy_1y5y_bbg_2026-10-05.xlsx
2019-04-23,0.106000,1.577000,-0.524000,-0.215000,"Bloomberg BGN, exported by Charlie",france_italy_1y5y_bbg_2026-10-05.xlsx
2019-04-24,0.087000,1.547000,-0.543000,-0.254000,"Bloomberg BGN, exported by Charlie",france_italy_1y5y_bbg_2026-10-05.xlsx
2019-04-25,0.101000,1.602000,-0.544000,-0.244000,"Bloomberg BGN, exported by Charlie",france_italy_1y5y_bbg_2026-10-05.xlsx
2019-04-26,0.077000,1.514000,-0.538000,-0.262000,"Bloomberg BGN, exported by Charlie",france_italy_1y5y_bbg_2026-10-05.xlsx
2019-04-29,0.057000,1.504000,-0.548000,-0.246000,"Bloomberg BGN, exported by Charlie",france_italy_1y5y_bbg_2026-10-05.xlsx
2019-04-30,0.040000,1.451000,-0.539000,-0.246000,"Bloomberg BGN, exported by Charlie",france_italy_1y5y_bbg_2026-10-05.xlsx
2019-05-02,0.017000,1.438000,-0.541000,-0.244000,"Bloomberg BGN, exported by Charlie",france_italy_1y5y_bbg_2026-10-05.xlsx
2019-05-03,0.014000,1.424000,-0.542000,-0.246000,"Bloomberg BGN, exported by Charlie",france_italy_1y5y_bbg_2026-10-05.xlsx
2019-05-06,0.030000,1.449000,-0.543000,-0.255000,"Bloomberg BGN, exported by Charlie",france_italy_1y5y_bbg_2026-10-05.xlsx
2019-05-07,0.030000,1.506000,-0.549000,-0.276000,"Bloomberg BGN, exported by Charlie",france_italy_1y5y_bbg_2026-10-05.xlsx
2019-05-08,0.048000,1.522000,-0.564000,-0.273000,"Bloomberg BGN, exported by Charlie",france_italy_1y5y_bbg_2026-10-05.xlsx
2019-05-09,0.073000,1.595000,-0.567000,-0.266000,"Bloomberg BGN, exported by Charlie",france_italy_1y5y_bbg_2026-10-05.xlsx
2019-05-10,0.085000,1.593000,-0.571000,-0.266000,"Bloomberg BGN, exported by Charlie",france_italy_1y5y_bbg_2026-10-05.xlsx
2019-05-13,0.139000,1.624000,-0.564000,-0.277000,"Bloomberg BGN, exported by Charlie",france_italy_1y5y_bbg_2026-10-05.xlsx
2019-05-14,0.160000,1.684000,-0.566000,-0.278000,"Bloomberg BGN, exported by Charlie",france_italy_1y5y_bbg_2026-10-05.xlsx
2019-05-15,0.164000,1.737000,-0.569000,-0.295000,"Bloomberg BGN, exported by Charlie",france_italy_1y5y_bbg_2026-10-05.xlsx
2019-05-16,0.139000,1.686000,-0.567000,-0.301000,"Bloomberg BGN, exported by Charlie",france_italy_1y5y_bbg_2026-10-05.xlsx
2019-05-17,0.116000,1.630000,-0.560000,-0.304000,"Bloomberg BGN, exported by Charlie",france_italy_1y5y_bbg_2026-10-05.xlsx
2019-05-20,0.129000,1.679000,-0.556000,-0.294000,"Bloomberg BGN, exported by Charlie",france_italy_1y5y_bbg_2026-10-05.xlsx
2019-05-21,0.112000,1.628000,-0.554000,-0.279000,"Bloomberg BGN, exported by Charlie",france_italy_1y5y_bbg_2026-10-05.xlsx
2019-05-22,0.104000,1.612000,-0.553000,-0.298000,"Bloomberg BGN, exported by Charlie",france_italy_1y5y_bbg_2026-10-05.xlsx
2019-05-23,0.104000,1.614000,-0.559000,-0.319000,"Bloomberg BGN, exported by Charlie",france_italy_1y5y_bbg_2026-10-05.xlsx
2019-05-24,0.072000,1.511000,-0.558000,-0.319000,"Bloomberg BGN, exported by Charlie",france_italy_1y5y_bbg_2026-10-05.xlsx
2019-05-27,0.123000,1.648000,-0.559000,-0.340000,"Bloomberg BGN, exported by Charlie",france_italy_1y5y_bbg_2026-10-05.xlsx
2019-05-28,0.131000,1.687000,-0.544000,-0.345000,"Bloomberg BGN, exported by Charlie",france_italy_1y5y_bbg_2026-10-05.xlsx
2019-05-29,0.116000,1.655000,-0.558000,-0.362000,"Bloomberg BGN, exported by Charlie",france_italy_1y5y_bbg_2026-10-05.xlsx
2019-05-30,0.107000,1.678000,-0.561000,-0.367000,"Bloomberg BGN, exported by Charlie",france_italy_1y5y_bbg_2026-10-05.xlsx
2019-05-31,0.120000,1.714000,-0.573000,-0.391000,"Bloomberg BGN, exported by Charlie",france_italy_1y5y_bbg_2026-10-05.xlsx
2019-06-03,0.102000,1.838000,-0.564000,-0.386000,"Bloomberg BGN, exported by Charlie",france_italy_1y5y_bbg_2026-10-05.xlsx
2019-06-04,0.056000,1.753000,-0.563000,-0.390000,"Bloomberg BGN, exported by Charlie",france_italy_1y5y_bbg_2026-10-05.xlsx
2019-06-05,0.060000,1.731000,-0.566000,-0.421000,"Bloomberg BGN, exported by Charlie",france_italy_1y5y_bbg_2026-10-05.xlsx
2019-06-06,0.046000,1.731000,-0.564000,-0.423000,"Bloomberg BGN, exported by Charlie",france_italy_1y5y_bbg_2026-10-05.xlsx
2019-06-07,-0.019000,1.600000,-0.566000,-0.452000,"Bloomberg BGN, exported by Charlie",france_italy_1y5y_bbg_2026-10-05.xlsx
2019-06-10,0.011000,1.630000,-0.566000,-0.424000,"Bloomberg BGN, exported by Charlie",france_italy_1y5y_bbg_2026-10-05.xlsx
2019-06-11,0.009000,1.669000,-0.562000,-0.422000,"Bloomberg BGN, exported by Charlie",france_italy_1y5y_bbg_2026-10-05.xlsx
2019-06-12,0.044000,1.696000,-0.564000,-0.422000,"Bloomberg BGN, exported by Charlie",france_italy_1y5y_bbg_2026-10-05.xlsx
2019-06-13,0.069000,1.624000,-0.567000,-0.417000,"Bloomberg BGN, exported by Charlie",france_italy_1y5y_bbg_2026-10-05.xlsx
2019-06-14,0.023000,1.603000,-0.574000,-0.432000,"Bloomberg BGN, exported by Charlie",france_italy_1y5y_bbg_2026-10-05.xlsx
2019-06-17,0.016000,1.571000,-0.573000,-0.429000,"Bloomberg BGN, exported by Charlie",france_italy_1y5y_bbg_2026-10-05.xlsx
2019-06-18,-0.034000,1.384000,-0.606000,-0.523000,"Bloomberg BGN, exported by Charlie",france_italy_1y5y_bbg_2026-10-05.xlsx
2019-06-19,-0.043000,1.347000,-0.590000,-0.475000,"Bloomberg BGN, exported by Charlie",france_italy_1y5y_bbg_2026-10-05.xlsx
2019-06-20,-0.077000,1.360000,-0.597000,-0.506000,"Bloomberg BGN, exported by Charlie",france_italy_1y5y_bbg_2026-10-05.xlsx
2019-06-21,-0.058000,1.411000,-0.591000,-0.470000,"Bloomberg BGN, exported by Charlie",france_italy_1y5y_bbg_2026-10-05.xlsx
2019-06-24,-0.038000,1.434000,-0.596000,-0.492000,"Bloomberg BGN, exported by Charlie",france_italy_1y5y_bbg_2026-10-05.xlsx
2019-06-25,-0.022000,1.439000,-0.613000,-0.510000,"Bloomberg BGN, exported by Charlie",france_italy_1y5y_bbg_2026-10-05.xlsx
2019-06-26,-0.010000,1.415000,-0.610000,-0.487000,"Bloomberg BGN, exported by Charlie",france_italy_1y5y_bbg_2026-10-05.xlsx
2019-06-27,-0.027000,1.389000,-0.616000,-0.502000,"Bloomberg BGN, exported by Charlie",france_italy_1y5y_bbg_2026-10-05.xlsx
2019-06-28,-0.044000,1.352000,-0.615000,-0.519000,"Bloomberg BGN, exported by Charlie",france_italy_1y5y_bbg_2026-10-05.xlsx
2019-07-01,-0.109000,1.205000,-0.621000,-0.549000,"Bloomberg BGN, exported by Charlie",france_italy_1y5y_bbg_2026-10-05.xlsx
2019-07-02,-0.162000,1.079000,-0.625000,-0.556000,"Bloomberg BGN, exported by Charlie",france_italy_1y5y_bbg_2026-10-05.xlsx
2019-07-03,-0.184000,0.888000,-0.638000,-0.570000,"Bloomberg BGN, exported by Charlie",france_italy_1y5y_bbg_2026-10-05.xlsx
2019-07-04,-0.153000,0.979000,-0.637000,-0.586000,"Bloomberg BGN, exported by Charlie",france_italy_1y5y_bbg_2026-10-05.xlsx
2019-07-05,-0.105000,1.041000,-0.631000,-0.556000,"Bloomberg BGN, exported by Charlie",france_italy_1y5y_bbg_2026-10-05.xlsx
2019-07-08,-0.102000,1.054000,-0.626000,-0.536000,"Bloomberg BGN, exported by Charlie",france_italy_1y5y_bbg_2026-10-05.xlsx
2019-07-09,-0.093000,1.022000,-0.614000,-0.531000,"Bloomberg BGN, exported by Charlie",france_italy_1y5y_bbg_2026-10-05.xlsx
2019-07-10,-0.080000,1.034000,-0.621000,-0.518000,"Bloomberg BGN, exported by Charlie",france_italy_1y5y_bbg_2026-10-05.xlsx
2019-07-11,-0.085000,0.969000,-0.619000,-0.492000,"Bloomberg BGN, exported by Charlie",france_italy_1y5y_bbg_2026-10-05.xlsx
2019-07-12,-0.090000,1.003000,-0.618000,-0.471000,"Bloomberg BGN, exported by Charlie",france_italy_1y5y_bbg_2026-10-05.xlsx
2019-07-15,-0.118000,0.916000,-0.613000,-0.504000,"Bloomberg BGN, exported by Charlie",france_italy_1y5y_bbg_2026-10-05.xlsx
2019-07-16,-0.136000,0.871000,-0.622000,-0.511000,"Bloomberg BGN, exported by Charlie",france_italy_1y5y_bbg_2026-10-05.xlsx
2019-07-17,-0.140000,0.848000,-0.639000,-0.547000,"Bloomberg BGN, exported by Charlie",france_italy_1y5y_bbg_2026-10-05.xlsx
2019-07-18,-0.154000,0.806000,-0.645000,-0.562000,"Bloomberg BGN, exported by Charlie",france_italy_1y5y_bbg_2026-10-05.xlsx
2019-07-19,-0.150000,0.855000,-0.652000,-0.574000,"Bloomberg BGN, exported by Charlie",france_italy_1y5y_bbg_2026-10-05.xlsx
2019-07-22,-0.141000,0.914000,-0.659000,-0.580000,"Bloomberg BGN, exported by Charlie",france_italy_1y5y_bbg_2026-10-05.xlsx
2019-07-23,-0.154000,0.862000,-0.668000,-0.585000,"Bloomberg BGN, exported by Charlie",france_italy_1y5y_bbg_2026-10-05.xlsx
2019-07-24,-0.208000,0.752000,-0.670000,-0.594000,"Bloomberg BGN, exported by Charlie",france_italy_1y5y_bbg_2026-10-05.xlsx
2019-07-25,-0.210000,0.781000,-0.658000,-0.584000,"Bloomberg BGN, exported by Charlie",france_italy_1y5y_bbg_2026-10-05.xlsx
2019-07-26,-0.213000,0.814000,-0.651000,-0.583000,"Bloomberg BGN, exported by Charlie",france_italy_1y5y_bbg_2026-10-05.xlsx
2019-07-29,-0.203000,0.834000,-0.645000,-0.595000,"Bloomberg BGN, exported by Charlie",france_italy_1y5y_bbg_2026-10-05.xlsx
2019-07-30,-0.190000,0.861000,-0.640000,-0.594000,"Bloomberg BGN, exported by Charlie",france_italy_1y5y_bbg_2026-10-05.xlsx
2019-07-31,-0.199000,0.812000,-0.644000,-0.623000,"Bloomberg BGN, exported by Charlie",france_italy_1y5y_bbg_2026-10-05.xlsx
2019-08-01,-0.177000,0.852000,-0.646000,-0.615000,"Bloomberg BGN, exported by Charlie",france_italy_1y5y_bbg_2026-10-05.xlsx
2019-08-02,-0.176000,0.841000,-0.644000,-0.635000,"Bloomberg BGN, exported by Charlie",france_italy_1y5y_bbg_2026-10-05.xlsx
2019-08-05,-0.174000,0.869000,-0.643000,-0.649000,"Bloomberg BGN, exported by Charlie",france_italy_1y5y_bbg_2026-10-05.xlsx
2019-08-06,-0.172000,0.801000,-0.645000,-0.663000,"Bloomberg BGN, exported by Charlie",france_italy_1y5y_bbg_2026-10-05.xlsx
2019-08-07,-0.169000,0.734000,-0.664000,-0.712000,"Bloomberg BGN, exported by Charlie",france_italy_1y5y_bbg_2026-10-05.xlsx
2019-08-08,-0.143000,0.836000,-0.663000,-0.696000,"Bloomberg BGN, exported by Charlie",france_italy_1y5y_bbg_2026-10-05.xlsx
2019-08-09,0.052000,1.192000,-0.664000,-0.683000,"Bloomberg BGN, exported by Charlie",france_italy_1y5y_bbg_2026-10-05.xlsx
2019-08-12,0.040000,1.078000,-0.678000,-0.696000,"Bloomberg BGN, exported by Charlie",france_italy_1y5y_bbg_2026-10-05.xlsx
2019-08-13,-0.034000,0.963000,-0.682000,-0.711000,"Bloomberg BGN, exported by Charlie",france_italy_1y5y_bbg_2026-10-05.xlsx
2019-08-14,-0.076000,0.878000,-0.708000,-0.736000,"Bloomberg BGN, exported by Charlie",france_italy_1y5y_bbg_2026-10-05.xlsx
2019-08-15,-0.142000,0.754000,-0.745000,-0.798000,"Bloomberg BGN, exported by Charlie",france_italy_1y5y_bbg_2026-10-05.xlsx
2019-08-16,-0.095000,0.830000,-0.739000,-0.778000,"Bloomberg BGN, exported by Charlie",france_italy_1y5y_bbg_2026-10-05.xlsx
2019-08-19,-0.067000,0.891000,-0.739000,-0.748000,"Bloomberg BGN, exported by Charlie",france_italy_1y5y_bbg_2026-10-05.xlsx
2019-08-20,-0.086000,0.803000,-0.725000,-0.773000,"Bloomberg BGN, exported by Charlie",france_italy_1y5y_bbg_2026-10-05.xlsx
2019-08-21,-0.090000,0.747000,-0.723000,-0.745000,"Bloomberg BGN, exported by Charlie",france_italy_1y5y_bbg_2026-10-05.xlsx
2019-08-22,-0.102000,0.713000,-0.700000,-0.721000,"Bloomberg BGN, exported by Charlie",france_italy_1y5y_bbg_2026-10-05.xlsx
2019-08-23,-0.102000,0.726000,-0.719000,-0.745000,"Bloomberg BGN, exported by Charlie",france_italy_1y5y_bbg_2026-10-05.xlsx
2019-08-26,-0.108000,0.735000,-0.723000,-0.737000,"Bloomberg BGN, exported by Charlie",france_italy_1y5y_bbg_2026-10-05.xlsx
2019-08-27,-0.182000,0.543000,-0.736000,-0.757000,"Bloomberg BGN, exported by Charlie",france_italy_1y5y_bbg_2026-10-05.xlsx
2019-08-28,-0.226000,0.431000,-0.740000,-0.756000,"Bloomberg BGN, exported by Charlie",france_italy_1y5y_bbg_2026-10-05.xlsx
2019-08-29,-0.248000,0.381000,-0.744000,-0.764000,"Bloomberg BGN, exported by Charlie",france_italy_1y5y_bbg_2026-10-05.xlsx
2019-08-30,-0.244000,0.377000,-0.743000,-0.771000,"Bloomberg BGN, exported by Charlie",france_italy_1y5y_bbg_2026-10-05.xlsx
2019-09-02,-0.256000,0.371000,-0.751000,-0.773000,"Bloomberg BGN, exported by Charlie",france_italy_1y5y_bbg_2026-10-05.xlsx
2019-09-03,-0.274000,0.310000,-0.751000,-0.759000,"Bloomberg BGN, exported by Charlie",france_italy_1y5y_bbg_2026-10-05.xlsx
2019-09-04,-0.315000,0.240000,-0.747000,-0.753000,"Bloomberg BGN, exported by Charlie",france_italy_1y5y_bbg_2026-10-05.xlsx
2019-09-05,-0.297000,0.336000,-0.730000,-0.708000,"Bloomberg BGN, exported by Charlie",france_italy_1y5y_bbg_2026-10-05.xlsx
2019-09-06,-0.315000,0.250000,-0.725000,-0.731000,"Bloomberg BGN, exported by Charlie",france_italy_1y5y_bbg_2026-10-05.xlsx
2019-09-09,-0.273000,0.300000,-0.717000,-0.702000,"Bloomberg BGN, exported by Charlie",france_italy_1y5y_bbg_2026-10-05.xlsx
2019-09-10,-0.239000,0.354000,-0.697000,-0.681000,"Bloomberg BGN, exported by Charlie",france_italy_1y5y_bbg_2026-10-05.xlsx
2019-09-11,-0.261000,0.326000,-0.699000,-0.693000,"Bloomberg BGN, exported by Charlie",france_italy_1y5y_bbg_2026-10-05.xlsx
2019-09-12,-0.245000,0.289000,-0.650000,-0.606000,"Bloomberg BGN, exported by Charlie",france_italy_1y5y_bbg_2026-10-05.xlsx
2019-09-13,-0.206000,0.321000,-0.635000,-0.582000,"Bloomberg BGN, exported by Charlie",france_italy_1y5y_bbg_2026-10-05.xlsx
2019-09-16,-0.243000,0.272000,-0.617000,-0.601000,"Bloomberg BGN, exported by Charlie",france_italy_1y5y_bbg_2026-10-05.xlsx
2019-09-17,-0.222000,0.345000,-0.606000,-0.587000,"Bloomberg BGN, exported by Charlie",france_italy_1y5y_bbg_2026-10-05.xlsx
2019-09-18,-0.240000,0.311000,-0.610000,-0.602000,"Bloomberg BGN, exported by Charlie",france_italy_1y5y_bbg_2026-10-05.xlsx
2019-09-19,-0.229000,0.323000,-0.600000,-0.587000,"Bloomberg BGN, exported by Charlie",france_italy_1y5y_bbg_2026-10-05.xlsx
2019-09-20,-0.223000,0.355000,-0.599000,-0.583000,"Bloomberg BGN, exported by Charlie",france_italy_1y5y_bbg_2026-10-05.xlsx
2019-09-23,-0.250000,0.296000,-0.606000,-0.625000,"Bloomberg BGN, exported by Charlie",france_italy_1y5y_bbg_2026-10-05.xlsx
2019-09-24,-0.237000,0.279000,-0.610000,-0.626000,"Bloomberg BGN, exported by Charlie",france_italy_1y5y_bbg_2026-10-05.xlsx
2019-09-25,-0.214000,0.287000,-0.606000,-0.616000,"Bloomberg BGN, exported by Charlie",france_italy_1y5y_bbg_2026-10-05.xlsx
2019-09-26,-0.215000,0.258000,-0.623000,-0.627000,"Bloomberg BGN, exported by Charlie",france_italy_1y5y_bbg_2026-10-05.xlsx
2019-09-27,-0.245000,0.213000,-0.622000,-0.639000,"Bloomberg BGN, exported by Charlie",france_italy_1y5y_bbg_2026-10-05.xlsx
2019-09-30,-0.247000,0.208000,-0.633000,-0.642000,"Bloomberg BGN, exported by Charlie",france_italy_1y5y_bbg_2026-10-05.xlsx
2019-10-01,-0.254000,0.221000,-0.635000,-0.644000,"Bloomberg BGN, exported by Charlie",france_italy_1y5y_bbg_2026-10-05.xlsx
2019-10-02,-0.239000,0.263000,-0.643000,-0.626000,"Bloomberg BGN, exported by Charlie",france_italy_1y5y_bbg_2026-10-05.xlsx
2019-10-03,-0.248000,0.213000,-0.638000,-0.645000,"Bloomberg BGN, exported by Charlie",france_italy_1y5y_bbg_2026-10-05.xlsx
2019-10-04,-0.247000,0.224000,-0.633000,-0.648000,"Bloomberg BGN, exported by Charlie",france_italy_1y5y_bbg_2026-10-05.xlsx
2019-10-07,-0.239000,0.254000,-0.627000,-0.633000,"Bloomberg BGN, exported by Charlie",france_italy_1y5y_bbg_2026-10-05.xlsx
2019-10-08,-0.235000,0.247000,-0.627000,-0.653000,"Bloomberg BGN, exported by Charlie",france_italy_1y5y_bbg_2026-10-05.xlsx
2019-10-09,-0.217000,0.253000,-0.621000,-0.620000,"Bloomberg BGN, exported by Charlie",france_italy_1y5y_bbg_2026-10-05.xlsx
2019-10-10,-0.212000,0.324000,-0.606000,-0.559000,"Bloomberg BGN, exported by Charlie",france_italy_1y5y_bbg_2026-10-05.xlsx
2019-10-11,-0.222000,0.302000,-0.608000,-0.569000,"Bloomberg BGN, exported by Charlie",france_italy_1y5y_bbg_2026-10-05.xlsx
2019-10-14,-0.225000,0.281000,-0.587000,-0.562000,"Bloomberg BGN, exported by Charlie",france_italy_1y5y_bbg_2026-10-05.xlsx
2019-10-15,-0.229000,0.290000,-0.593000,-0.455000,"Bloomberg BGN, exported by Charlie",france_italy_1y5y_bbg_2026-10-05.xlsx
2019-10-16,-0.238000,0.276000,-0.587000,-0.440000,"Bloomberg BGN, exported by Charlie",france_italy_1y5y_bbg_2026-10-05.xlsx
2019-10-17,-0.240000,0.244000,-0.597000,-0.439000,"Bloomberg BGN, exported by Charlie",france_italy_1y5y_bbg_2026-10-05.xlsx
2019-10-18,-0.238000,0.268000,-0.593000,-0.419000,"Bloomberg BGN, exported by Charlie",france_italy_1y5y_bbg_2026-10-05.xlsx
2019-10-21,-0.221000,0.322000,-0.604000,-0.398000,"Bloomberg BGN, exported by Charlie",france_italy_1y5y_bbg_2026-10-05.xlsx
2019-10-22,-0.230000,0.288000,-0.617000,-0.408000,"Bloomberg BGN, exported by Charlie",france_italy_1y5y_bbg_2026-10-05.xlsx
2019-10-23,-0.223000,0.312000,-0.619000,-0.424000,"Bloomberg BGN, exported by Charlie",france_italy_1y5y_bbg_2026-10-05.xlsx
2019-10-24,-0.222000,0.298000,-0.631000,-0.439000,"Bloomberg BGN, exported by Charlie",france_italy_1y5y_bbg_2026-10-05.xlsx
2019-10-25,-0.206000,0.327000,-0.629000,-0.406000,"Bloomberg BGN, exported by Charlie",france_italy_1y5y_bbg_2026-10-05.xlsx
2019-10-28,-0.186000,0.380000,-0.634000,-0.388000,"Bloomberg BGN, exported by Charlie",france_italy_1y5y_bbg_2026-10-05.xlsx
2019-10-29,-0.201000,0.361000,-0.627000,-0.392000,"Bloomberg BGN, exported by Charlie",france_italy_1y5y_bbg_2026-10-05.xlsx
2019-10-30,-0.204000,0.364000,-0.619000,-0.399000,"Bloomberg BGN, exported by Charlie",france_italy_1y5y_bbg_2026-10-05.xlsx
2019-10-31,-0.233000,0.305000,-0.625000,-0.439000,"Bloomberg BGN, exported by Charlie",france_italy_1y5y_bbg_2026-10-05.xlsx
2019-11-01,-0.232000,0.357000,-0.619000,-0.422000,"Bloomberg BGN, exported by Charlie",france_italy_1y5y_bbg_2026-10-05.xlsx
2019-11-04,-0.227000,0.343000,-0.615000,-0.406000,"Bloomberg BGN, exported by Charlie",france_italy_1y5y_bbg_2026-10-05.xlsx
2019-11-05,-0.215000,0.362000,-0.601000,-0.386000,"Bloomberg BGN, exported by Charlie",france_italy_1y5y_bbg_2026-10-05.xlsx
2019-11-06,-0.216000,0.347000,-0.604000,-0.399000,"Bloomberg BGN, exported by Charlie",france_italy_1y5y_bbg_2026-10-05.xlsx
2019-11-07,-0.198000,0.477000,-0.590000,-0.322000,"Bloomberg BGN, exported by Charlie",france_italy_1y5y_bbg_2026-10-05.xlsx
2019-11-08,-0.172000,0.511000,-0.594000,-0.350000,"Bloomberg BGN, exported by Charlie",france_italy_1y5y_bbg_2026-10-05.xlsx
2019-11-11,-0.140000,0.593000,-0.592000,-0.331000,"Bloomberg BGN, exported by Charlie",france_italy_1y5y_bbg_2026-10-05.xlsx
2019-11-12,-0.156000,0.552000,-0.591000,-0.340000,"Bloomberg BGN, exported by Charlie",france_italy_1y5y_bbg_2026-10-05.xlsx
2019-11-13,-0.132000,0.591000,-0.584000,-0.363000,"Bloomberg BGN, exported by Charlie",france_italy_1y5y_bbg_2026-10-05.xlsx
2019-11-14,-0.122000,0.669000,-0.586000,-0.393000,"Bloomberg BGN, exported by Charlie",france_italy_1y5y_bbg_2026-10-05.xlsx
2019-11-15,-0.134000,0.585000,-0.588000,-0.384000,"Bloomberg BGN, exported by Charlie",france_italy_1y5y_bbg_2026-10-05.xlsx
2019-11-18,-0.132000,0.563000,-0.576000,-0.385000,"Bloomberg BGN, exported by Charlie",france_italy_1y5y_bbg_2026-10-05.xlsx
2019-11-19,-0.125000,0.589000,-0.576000,-0.387000,"Bloomberg BGN, exported by Charlie",france_italy_1y5y_bbg_2026-10-05.xlsx
2019-11-20,-0.130000,0.564000,-0.577000,-0.392000,"Bloomberg BGN, exported by Charlie",france_italy_1y5y_bbg_2026-10-05.xlsx
2019-11-21,-0.141000,0.538000,-0.573000,-0.368000,"Bloomberg BGN, exported by Charlie",france_italy_1y5y_bbg_2026-10-05.xlsx
2019-11-22,-0.151000,0.540000,-0.570000,-0.390000,"Bloomberg BGN, exported by Charlie",france_italy_1y5y_bbg_2026-10-05.xlsx
2019-11-25,-0.147000,0.511000,-0.577000,-0.385000,"Bloomberg BGN, exported by Charlie",france_italy_1y5y_bbg_2026-10-05.xlsx
2019-11-26,-0.146000,0.513000,-0.582000,-0.398000,"Bloomberg BGN, exported by Charlie",france_italy_1y5y_bbg_2026-10-05.xlsx
2019-11-27,-0.166000,0.537000,-0.581000,-0.398000,"Bloomberg BGN, exported by Charlie",france_italy_1y5y_bbg_2026-10-05.xlsx
2019-11-28,-0.170000,0.555000,-0.581000,-0.391000,"Bloomberg BGN, exported by Charlie",france_italy_1y5y_bbg_2026-10-05.xlsx
2019-11-29,-0.171000,0.558000,-0.573000,-0.398000,"Bloomberg BGN, exported by Charlie",france_italy_1y5y_bbg_2026-10-05.xlsx
2019-12-02,-0.167000,0.655000,-0.585000,-0.346000,"Bloomberg BGN, exported by Charlie",france_italy_1y5y_bbg_2026-10-05.xlsx
2019-12-03,-0.176000,0.602000,-0.595000,-0.401000,"Bloomberg BGN, exported by Charlie",france_italy_1y5y_bbg_2026-10-05.xlsx
2019-12-04,-0.178000,0.594000,-0.604000,-0.380000,"Bloomberg BGN, exported by Charlie",france_italy_1y5y_bbg_2026-10-05.xlsx
2019-12-05,-0.158000,0.672000,-0.604000,-0.359000,"Bloomberg BGN, exported by Charlie",france_italy_1y5y_bbg_2026-10-05.xlsx
2019-12-06,-0.166000,0.635000,-0.599000,-0.350000,"Bloomberg BGN, exported by Charlie",france_italy_1y5y_bbg_2026-10-05.xlsx
2019-12-09,-0.177000,0.574000,-0.589000,-0.373000,"Bloomberg BGN, exported by Charlie",france_italy_1y5y_bbg_2026-10-05.xlsx
2019-12-10,-0.179000,0.533000,-0.591000,-0.372000,"Bloomberg BGN, exported by Charlie",france_italy_1y5y_bbg_2026-10-05.xlsx
2019-12-11,-0.189000,0.493000,-0.579000,-0.391000,"Bloomberg BGN, exported by Charlie",france_italy_1y5y_bbg_2026-10-05.xlsx
2019-12-12,-0.186000,0.505000,-0.585000,-0.354000,"Bloomberg BGN, exported by Charlie",france_italy_1y5y_bbg_2026-10-05.xlsx
2019-12-13,-0.210000,0.597000,-0.590000,-0.369000,"Bloomberg BGN, exported by Charlie",france_italy_1y5y_bbg_2026-10-05.xlsx
2019-12-16,-0.199000,0.628000,-0.609000,-0.368000,"Bloomberg BGN, exported by Charlie",france_italy_1y5y_bbg_2026-10-05.xlsx
2019-12-17,-0.212000,0.608000,-0.625000,-0.380000,"Bloomberg BGN, exported by Charlie",france_italy_1y5y_bbg_2026-10-05.xlsx
2019-12-18,-0.199000,0.640000,-0.628000,-0.343000,"Bloomberg BGN, exported by Charlie",france_italy_1y5y_bbg_2026-10-05.xlsx
2019-12-19,-0.191000,0.670000,-0.629000,-0.340000,"Bloomberg BGN, exported by Charlie",france_italy_1y5y_bbg_2026-10-05.xlsx
2019-12-20,-0.186000,0.698000,-0.613000,-0.355000,"Bloomberg BGN, exported by Charlie",france_italy_1y5y_bbg_2026-10-05.xlsx
2019-12-23,-0.169000,0.717000,-0.612000,-0.351000,"Bloomberg BGN, exported by Charlie",france_italy_1y5y_bbg_2026-10-05.xlsx
2019-12-24,-0.170000,0.718000,-0.618000,-0.351000,"Bloomberg BGN, exported by Charlie",france_italy_1y5y_bbg_2026-10-05.xlsx
2019-12-27,-0.210000,0.644000,-0.602000,-0.362000,"Bloomberg BGN, exported by Charlie",france_italy_1y5y_bbg_2026-10-05.xlsx
2019-12-30,-0.193000,0.676000,-0.607000,-0.307000,"Bloomberg BGN, exported by Charlie",france_italy_1y5y_bbg_2026-10-05.xlsx
2020-01-02,-0.222000,0.687000,-0.610000,-0.338000,"Bloomberg BGN, exported by Charlie",france_italy_1y5y_bbg_2026-10-05.xlsx
2020-01-03,-0.240000,0.626000,-0.612000,-0.380000,"Bloomberg BGN, exported by Charlie",france_italy_1y5y_bbg_2026-10-05.xlsx
2020-01-06,-0.242000,0.637000,-0.600000,-0.372000,"Bloomberg BGN, exported by Charlie",france_italy_1y5y_bbg_2026-10-05.xlsx
2020-01-07,-0.235000,0.668000,-0.588000,-0.374000,"Bloomberg BGN, exported by Charlie",france_italy_1y5y_bbg_2026-10-05.xlsx
2020-01-08,-0.225000,0.709000,-0.586000,-0.343000,"Bloomberg BGN, exported by Charlie",france_italy_1y5y_bbg_2026-10-05.xlsx
2020-01-09,-0.228000,0.686000,-0.582000,-0.329000,"Bloomberg BGN, exported by Charlie",france_italy_1y5y_bbg_2026-10-05.xlsx
2020-01-10,-0.252000,0.638000,-0.584000,-0.343000,"Bloomberg BGN, exported by Charlie",france_italy_1y5y_bbg_2026-10-05.xlsx
2020-01-13,-0.237000,0.685000,-0.583000,-0.310000,"Bloomberg BGN, exported by Charlie",france_italy_1y5y_bbg_2026-10-05.xlsx
2020-01-14,-0.247000,0.696000,-0.582000,-0.310000,"Bloomberg BGN, exported by Charlie",france_italy_1y5y_bbg_2026-10-05.xlsx
2020-01-15,-0.253000,0.697000,-0.578000,-0.328000,"Bloomberg BGN, exported by Charlie",france_italy_1y5y_bbg_2026-10-05.xlsx
2020-01-16,-0.243000,0.749000,-0.578000,-0.339000,"Bloomberg BGN, exported by Charlie",france_italy_1y5y_bbg_2026-10-05.xlsx
2020-01-17,-0.259000,0.711000,-0.577000,-0.334000,"Bloomberg BGN, exported by Charlie",france_italy_1y5y_bbg_2026-10-05.xlsx
2020-01-20,-0.259000,0.686000,-0.570000,-0.334000,"Bloomberg BGN, exported by Charlie",france_italy_1y5y_bbg_2026-10-05.xlsx
2020-01-21,-0.247000,0.716000,-0.564000,-0.353000,"Bloomberg BGN, exported by Charlie",france_italy_1y5y_bbg_2026-10-05.xlsx
2020-01-22,-0.227000,0.695000,-0.564000,-0.362000,"Bloomberg BGN, exported by Charlie",france_italy_1y5y_bbg_2026-10-05.xlsx
2020-01-23,-0.257000,0.609000,-0.566000,-0.399000,"Bloomberg BGN, exported by Charlie",france_italy_1y5y_bbg_2026-10-05.xlsx
2020-01-24,-0.257000,0.597000,-0.568000,-0.415000,"Bloomberg BGN, exported by Charlie",france_italy_1y5y_bbg_2026-10-05.xlsx
2020-01-27,-0.304000,0.425000,-0.576000,-0.452000,"Bloomberg BGN, exported by Charlie",france_italy_1y5y_bbg_2026-10-05.xlsx
2020-01-28,-0.305000,0.407000,-0.580000,-0.427000,"Bloomberg BGN, exported by Charlie",france_italy_1y5y_bbg_2026-10-05.xlsx
2020-01-29,-0.330000,0.345000,-0.583000,-0.452000,"Bloomberg BGN, exported by Charlie",france_italy_1y5y_bbg_2026-10-05.xlsx
2020-01-30,-0.328000,0.332000,-0.587000,-0.474000,"Bloomberg BGN, exported by Charlie",france_italy_1y5y_bbg_2026-10-05.xlsx
2020-01-31,-0.328000,0.321000,-0.589000,-0.506000,"Bloomberg BGN, exported by Charlie",france_italy_1y5y_bbg_2026-10-05.xlsx
2020-02-03,-0.324000,0.340000,-0.591000,-0.507000,"Bloomberg BGN, exported by Charlie",france_italy_1y5y_bbg_2026-10-05.xlsx
2020-02-04,-0.324000,0.324000,-0.582000,-0.480000,"Bloomberg BGN, exported by Charlie",france_italy_1y5y_bbg_2026-10-05.xlsx
2020-02-05,-0.321000,0.335000,-0.579000,-0.454000,"Bloomberg BGN, exported by Charlie",france_italy_1y5y_bbg_2026-10-05.xlsx
2020-02-06,-0.305000,0.345000,-0.583000,-0.455000,"Bloomberg BGN, exported by Charlie",france_italy_1y5y_bbg_2026-10-05.xlsx
2020-02-07,-0.304000,0.324000,-0.583000,-0.471000,"Bloomberg BGN, exported by Charlie",france_italy_1y5y_bbg_2026-10-05.xlsx
2020-02-10,-0.305000,0.317000,-0.585000,-0.478000,"Bloomberg BGN, exported by Charlie",france_italy_1y5y_bbg_2026-10-05.xlsx
2020-02-11,-0.308000,0.319000,-0.588000,-0.469000,"Bloomberg BGN, exported by Charlie",france_italy_1y5y_bbg_2026-10-05.xlsx
2020-02-12,-0.325000,0.278000,-0.585000,-0.464000,"Bloomberg BGN, exported by Charlie",france_italy_1y5y_bbg_2026-10-05.xlsx
2020-02-13,-0.325000,0.264000,-0.589000,-0.470000,"Bloomberg BGN, exported by Charlie",france_italy_1y5y_bbg_2026-10-05.xlsx
2020-02-14,-0.315000,0.291000,-0.591000,-0.483000,"Bloomberg BGN, exported by Charlie",france_italy_1y5y_bbg_2026-10-05.xlsx
2020-02-17,-0.322000,0.283000,-0.580000,-0.480000,"Bloomberg BGN, exported by Charlie",france_italy_1y5y_bbg_2026-10-05.xlsx
2020-02-18,-0.315000,0.295000,-0.581000,-0.477000,"Bloomberg BGN, exported by Charlie",france_italy_1y5y_bbg_2026-10-05.xlsx
2020-02-19,-0.310000,0.323000,-0.575000,-0.492000,"Bloomberg BGN, exported by Charlie",france_italy_1y5y_bbg_2026-10-05.xlsx
2020-02-20,-0.313000,0.288000,-0.581000,-0.506000,"Bloomberg BGN, exported by Charlie",france_italy_1y5y_bbg_2026-10-05.xlsx
2020-02-21,-0.312000,0.294000,-0.579000,-0.494000,"Bloomberg BGN, exported by Charlie",france_italy_1y5y_bbg_2026-10-05.xlsx
2020-02-24,-0.275000,0.353000,-0.587000,-0.522000,"Bloomberg BGN, exported by Charlie",france_italy_1y5y_bbg_2026-10-05.xlsx
2020-02-25,-0.267000,0.361000,-0.590000,-0.535000,"Bloomberg BGN, exported by Charlie",france_italy_1y5y_bbg_2026-10-05.xlsx
2020-02-26,-0.261000,0.369000,-0.598000,-0.529000,"Bloomberg BGN, exported by Charlie",france_italy_1y5y_bbg_2026-10-05.xlsx
2020-02-27,-0.225000,0.463000,-0.616000,-0.542000,"Bloomberg BGN, exported by Charlie",france_italy_1y5y_bbg_2026-10-05.xlsx
2020-02-28,-0.208000,0.513000,-0.618000,-0.568000,"Bloomberg BGN, exported by Charlie",france_italy_1y5y_bbg_2026-10-05.xlsx
2020-03-02,-0.182000,0.534000,-0.664000,-0.602000,"Bloomberg BGN, exported by Charlie",france_italy_1y5y_bbg_2026-10-05.xlsx
2020-03-03,-0.247000,0.402000,-0.672000,-0.623000,"Bloomberg BGN, exported by Charlie",france_italy_1y5y_bbg_2026-10-05.xlsx
2020-03-04,-0.259000,0.445000,-0.693000,-0.634000,"Bloomberg BGN, exported by Charlie",france_italy_1y5y_bbg_2026-10-05.xlsx
2020-03-05,-0.237000,0.499000,-0.687000,-0.646000,"Bloomberg BGN, exported by Charlie",france_italy_1y5y_bbg_2026-10-05.xlsx
2020-03-06,-0.185000,0.545000,-0.675000,-0.621000,"Bloomberg BGN, exported by Charlie",france_italy_1y5y_bbg_2026-10-05.xlsx
2020-03-09,0.053000,0.939000,-0.716000,-0.644000,"Bloomberg BGN, exported by Charlie",france_italy_1y5y_bbg_2026-10-05.xlsx
2020-03-10,0.061000,0.826000,-0.718000,-0.575000,"Bloomberg BGN, exported by Charlie",france_italy_1y5y_bbg_2026-10-05.xlsx
2020-03-11,0.023000,0.669000,-0.747000,-0.586000,"Bloomberg BGN, exported by Charlie",france_italy_1y5y_bbg_2026-10-05.xlsx
2020-03-12,0.228000,1.324000,-0.722000,-0.414000,"Bloomberg BGN, exported by Charlie",france_italy_1y5y_bbg_2026-10-05.xlsx
2020-03-13,0.238000,1.320000,-0.691000,-0.297000,"Bloomberg BGN, exported by Charlie",france_italy_1y5y_bbg_2026-10-05.xlsx
2020-03-16,0.531000,1.650000,-0.656000,-0.209000,"Bloomberg BGN, exported by Charlie",france_italy_1y5y_bbg_2026-10-05.xlsx
2020-03-17,0.949000,1.901000,-0.640000,-0.166000,"Bloomberg BGN, exported by Charlie",france_italy_1y5y_bbg_2026-10-05.xlsx
2020-03-18,0.898000,1.912000,-0.621000,-0.059000,"Bloomberg BGN, exported by Charlie",france_italy_1y5y_bbg_2026-10-05.xlsx
2020-03-19,0.464000,1.121000,-0.555000,-0.084000,"Bloomberg BGN, exported by Charlie",france_italy_1y5y_bbg_2026-10-05.xlsx
2020-03-20,0.334000,1.038000,-0.551000,-0.212000,"Bloomberg BGN, exported by Charlie",france_italy_1y5y_bbg_2026-10-05.xlsx
2020-03-23,0.375000,1.015000,-0.529000,-0.207000,"Bloomberg BGN, exported by Charlie",france_italy_1y5y_bbg_2026-10-05.xlsx
2020-03-24,0.364000,1.007000,-0.506000,-0.163000,"Bloomberg BGN, exported by Charlie",france_italy_1y5y_bbg_2026-10-05.xlsx
2020-03-25,0.353000,0.981000,-0.489000,-0.148000,"Bloomberg BGN, exported by Charlie",france_italy_1y5y_bbg_2026-10-05.xlsx
2020-03-26,0.006000,0.638000,-0.508000,-0.347000,"Bloomberg BGN, exported by Charlie",france_italy_1y5y_bbg_2026-10-05.xlsx
2020-03-27,0.049000,0.732000,-0.509000,-0.404000,"Bloomberg BGN, exported by Charlie",france_italy_1y5y_bbg_2026-10-05.xlsx
2020-03-30,0.091000,0.869000,-0.485000,-0.389000,"Bloomberg BGN, exported by Charlie",france_italy_1y5y_bbg_2026-10-05.xlsx
2020-03-31,0.096000,0.906000,-0.497000,-0.353000,"Bloomberg BGN, exported by Charlie",france_italy_1y5y_bbg_2026-10-05.xlsx
2020-04-01,0.116000,0.880000,-0.534000,-0.324000,"Bloomberg BGN, exported by Charlie",france_italy_1y5y_bbg_2026-10-05.xlsx
2020-04-02,0.129000,0.880000,-0.528000,-0.296000,"Bloomberg BGN, exported by Charlie",france_italy_1y5y_bbg_2026-10-05.xlsx
2020-04-03,0.238000,0.979000,-0.492000,-0.286000,"Bloomberg BGN, exported by Charlie",france_italy_1y5y_bbg_2026-10-05.xlsx
2020-04-06,0.256000,0.939000,-0.480000,-0.292000,"Bloomberg BGN, exported by Charlie",france_italy_1y5y_bbg_2026-10-05.xlsx
2020-04-07,0.298000,1.085000,-0.480000,-0.200000,"Bloomberg BGN, exported by Charlie",france_italy_1y5y_bbg_2026-10-05.xlsx
2020-04-08,0.459000,1.129000,-0.483000,-0.205000,"Bloomberg BGN, exported by Charlie",france_italy_1y5y_bbg_2026-10-05.xlsx
2020-04-09,0.453000,1.055000,-0.469000,-0.271000,"Bloomberg BGN, exported by Charlie",france_italy_1y5y_bbg_2026-10-05.xlsx
2020-04-14,0.531000,1.251000,-0.421000,-0.269000,"Bloomberg BGN, exported by Charlie",france_italy_1y5y_bbg_2026-10-05.xlsx
2020-04-15,0.647000,1.414000,-0.435000,-0.293000,"Bloomberg BGN, exported by Charlie",france_italy_1y5y_bbg_2026-10-05.xlsx
2020-04-16,0.552000,1.366000,-0.424000,-0.286000,"Bloomberg BGN, exported by Charlie",france_italy_1y5y_bbg_2026-10-05.xlsx
2020-04-17,0.489000,1.317000,-0.412000,-0.308000,"Bloomberg BGN, exported by Charlie",france_italy_1y5y_bbg_2026-10-05.xlsx
2020-04-20,0.556000,1.478000,-0.412000,-0.268000,"Bloomberg BGN, exported by Charlie",france_italy_1y5y_bbg_2026-10-05.xlsx
2020-04-21,0.637000,1.734000,-0.425000,-0.266000,"Bloomberg BGN, exported by Charlie",france_italy_1y5y_bbg_2026-10-05.xlsx
2020-04-22,0.571000,1.596000,-0.423000,-0.218000,"Bloomberg BGN, exported by Charlie",france_italy_1y5y_bbg_2026-10-05.xlsx
2020-04-23,0.498000,1.501000,-0.421000,-0.280000,"Bloomberg BGN, exported by Charlie",france_italy_1y5y_bbg_2026-10-05.xlsx
2020-04-24,0.463000,1.355000,-0.423000,-0.339000,"Bloomberg BGN, exported by Charlie",france_italy_1y5y_bbg_2026-10-05.xlsx
2020-04-27,0.392000,1.236000,-0.440000,-0.322000,"Bloomberg BGN, exported by Charlie",france_italy_1y5y_bbg_2026-10-05.xlsx
2020-04-28,0.283000,1.185000,-0.442000,-0.350000,"Bloomberg BGN, exported by Charlie",france_italy_1y5y_bbg_2026-10-05.xlsx
2020-04-29,0.190000,1.188000,-0.472000,-0.392000,"Bloomberg BGN, exported by Charlie",france_italy_1y5y_bbg_2026-10-05.xlsx
2020-04-30,0.132000,1.128000,-0.479000,-0.482000,"Bloomberg BGN, exported by Charlie",france_italy_1y5y_bbg_2026-10-05.xlsx
2020-05-04,0.163000,1.165000,-0.473000,-0.452000,"Bloomberg BGN, exported by Charlie",france_italy_1y5y_bbg_2026-10-05.xlsx
2020-05-05,0.221000,1.271000,-0.479000,-0.467000,"Bloomberg BGN, exported by Charlie",france_italy_1y5y_bbg_2026-10-05.xlsx
2020-05-06,0.237000,1.383000,-0.474000,-0.390000,"Bloomberg BGN, exported by Charlie",france_italy_1y5y_bbg_2026-10-05.xlsx
2020-05-07,0.217000,1.341000,-0.480000,-0.411000,"Bloomberg BGN, exported by Charlie",france_italy_1y5y_bbg_2026-10-05.xlsx
2020-05-08,0.200000,1.247000,-0.478000,-0.444000,"Bloomberg BGN, exported by Charlie",france_italy_1y5y_bbg_2026-10-05.xlsx
2020-05-11,0.213000,1.282000,-0.490000,-0.406000,"Bloomberg BGN, exported by Charlie",france_italy_1y5y_bbg_2026-10-05.xlsx
2020-05-12,0.211000,1.290000,-0.489000,-0.401000,"Bloomberg BGN, exported by Charlie",france_italy_1y5y_bbg_2026-10-05.xlsx
2020-05-13,0.202000,1.204000,-0.489000,-0.425000,"Bloomberg BGN, exported by Charlie",france_italy_1y5y_bbg_2026-10-05.xlsx
2020-05-14,0.193000,1.248000,-0.490000,-0.419000,"Bloomberg BGN, exported by Charlie",france_italy_1y5y_bbg_2026-10-05.xlsx
2020-05-15,0.211000,1.322000,-0.482000,-0.386000,"Bloomberg BGN, exported by Charlie",france_italy_1y5y_bbg_2026-10-05.xlsx
2020-05-18,0.128000,1.137000,-0.491000,-0.352000,"Bloomberg BGN, exported by Charlie",france_italy_1y5y_bbg_2026-10-05.xlsx
2020-05-19,0.089000,1.083000,-0.500000,-0.373000,"Bloomberg BGN, exported by Charlie",france_italy_1y5y_bbg_2026-10-05.xlsx
2020-05-20,0.091000,1.077000,-0.508000,-0.398000,"Bloomberg BGN, exported by Charlie",france_italy_1y5y_bbg_2026-10-05.xlsx
2020-05-21,0.094000,1.068000,-0.517000,-0.419000,"Bloomberg BGN, exported by Charlie",france_italy_1y5y_bbg_2026-10-05.xlsx
2020-05-22,0.102000,1.042000,-0.528000,-0.404000,"Bloomberg BGN, exported by Charlie",france_italy_1y5y_bbg_2026-10-05.xlsx
2020-05-25,0.110000,1.013000,-0.527000,-0.411000,"Bloomberg BGN, exported by Charlie",france_italy_1y5y_bbg_2026-10-05.xlsx
2020-05-26,0.107000,0.967000,-0.526000,-0.367000,"Bloomberg BGN, exported by Charlie",france_italy_1y5y_bbg_2026-10-05.xlsx
2020-05-27,0.087000,0.921000,-0.522000,-0.382000,"Bloomberg BGN, exported by Charlie",france_italy_1y5y_bbg_2026-10-05.xlsx
2020-05-28,0.074000,0.842000,-0.513000,-0.427000,"Bloomberg BGN, exported by Charlie",france_italy_1y5y_bbg_2026-10-05.xlsx
2020-05-29,0.097000,0.878000,-0.505000,-0.447000,"Bloomberg BGN, exported by Charlie",france_italy_1y5y_bbg_2026-10-05.xlsx
2020-06-01,0.081000,0.877000,-0.508000,-0.418000,"Bloomberg BGN, exported by Charlie",france_italy_1y5y_bbg_2026-10-05.xlsx
2020-06-02,0.084000,0.862000,-0.505000,-0.428000,"Bloomberg BGN, exported by Charlie",france_italy_1y5y_bbg_2026-10-05.xlsx
2020-06-03,0.090000,0.905000,-0.502000,-0.387000,"Bloomberg BGN, exported by Charlie",france_italy_1y5y_bbg_2026-10-05.xlsx
2020-06-04,0.046000,0.753000,-0.498000,-0.408000,"Bloomberg BGN, exported by Charlie",france_italy_1y5y_bbg_2026-10-05.xlsx
2020-06-05,0.023000,0.727000,-0.489000,-0.399000,"Bloomberg BGN, exported by Charlie",france_italy_1y5y_bbg_2026-10-05.xlsx
2020-06-08,-0.008000,0.693000,-0.488000,-0.424000,"Bloomberg BGN, exported by Charlie",france_italy_1y5y_bbg_2026-10-05.xlsx
2020-06-09,-0.006000,0.754000,-0.486000,-0.394000,"Bloomberg BGN, exported by Charlie",france_italy_1y5y_bbg_2026-10-05.xlsx
2020-06-10,0.014000,0.814000,-0.487000,-0.379000,"Bloomberg BGN, exported by Charlie",france_italy_1y5y_bbg_2026-10-05.xlsx
2020-06-11,0.017000,0.789000,-0.481000,-0.433000,"Bloomberg BGN, exported by Charlie",france_italy_1y5y_bbg_2026-10-05.xlsx
2020-06-12,0.003000,0.735000,-0.481000,-0.473000,"Bloomberg BGN, exported by Charlie",france_italy_1y5y_bbg_2026-10-05.xlsx
2020-06-15,-0.022000,0.719000,-0.489000,-0.473000,"Bloomberg BGN, exported by Charlie",france_italy_1y5y_bbg_2026-10-05.xlsx
2020-06-16,-0.063000,0.660000,-0.500000,-0.478000,"Bloomberg BGN, exported by Charlie",france_italy_1y5y_bbg_2026-10-05.xlsx
2020-06-17,-0.106000,0.686000,-0.507000,-0.482000,"Bloomberg BGN, exported by Charlie",france_italy_1y5y_bbg_2026-10-05.xlsx
2020-06-18,-0.127000,0.679000,-0.517000,-0.480000,"Bloomberg BGN, exported by Charlie",france_italy_1y5y_bbg_2026-10-05.xlsx
2020-06-19,-0.140000,0.666000,-0.527000,-0.487000,"Bloomberg BGN, exported by Charlie",france_italy_1y5y_bbg_2026-10-05.xlsx
2020-06-22,-0.193000,0.603000,-0.534000,-0.519000,"Bloomberg BGN, exported by Charlie",france_italy_1y5y_bbg_2026-10-05.xlsx
2020-06-23,-0.196000,0.584000,-0.527000,-0.492000,"Bloomberg BGN, exported by Charlie",france_italy_1y5y_bbg_2026-10-05.xlsx
2020-06-24,-0.193000,0.594000,-0.527000,-0.509000,"Bloomberg BGN, exported by Charlie",france_italy_1y5y_bbg_2026-10-05.xlsx
2020-06-25,-0.158000,0.632000,-0.526000,-0.522000,"Bloomberg BGN, exported by Charlie",france_italy_1y5y_bbg_2026-10-05.xlsx
2020-06-26,-0.160000,0.614000,-0.526000,-0.533000,"Bloomberg BGN, exported by Charlie",france_italy_1y5y_bbg_2026-10-05.xlsx
2020-06-29,-0.176000,0.617000,-0.526000,-0.530000,"Bloomberg BGN, exported by Charlie",france_italy_1y5y_bbg_2026-10-05.xlsx
2020-06-30,-0.175000,0.592000,-0.530000,-0.520000,"Bloomberg BGN, exported by Charlie",france_italy_1y5y_bbg_2026-10-05.xlsx
2020-07-01,-0.179000,0.613000,-0.534000,-0.472000,"Bloomberg BGN, exported by Charlie",france_italy_1y5y_bbg_2026-10-05.xlsx
2020-07-02,-0.194000,0.697000,-0.534000,-0.513000,"Bloomberg BGN, exported by Charlie",france_italy_1y5y_bbg_2026-10-05.xlsx
2020-07-03,-0.177000,0.738000,-0.538000,-0.509000,"Bloomberg BGN, exported by Charlie",france_italy_1y5y_bbg_2026-10-05.xlsx
2020-07-06,-0.176000,0.717000,-0.547000,-0.513000,"Bloomberg BGN, exported by Charlie",france_italy_1y5y_bbg_2026-10-05.xlsx
2020-07-07,-0.179000,0.683000,-0.546000,-0.503000,"Bloomberg BGN, exported by Charlie",france_italy_1y5y_bbg_2026-10-05.xlsx
2020-07-08,-0.171000,0.683000,-0.553000,-0.502000,"Bloomberg BGN, exported by Charlie",france_italy_1y5y_bbg_2026-10-05.xlsx
2020-07-09,-0.159000,0.702000,-0.558000,-0.514000,"Bloomberg BGN, exported by Charlie",france_italy_1y5y_bbg_2026-10-05.xlsx
2020-07-10,-0.170000,0.699000,-0.560000,-0.515000,"Bloomberg BGN, exported by Charlie",france_italy_1y5y_bbg_2026-10-05.xlsx
2020-07-13,-0.131000,0.709000,-0.555000,-0.483000,"Bloomberg BGN, exported by Charlie",france_italy_1y5y_bbg_2026-10-05.xlsx
2020-07-14,-0.134000,0.692000,-0.553000,-0.503000,"Bloomberg BGN, exported by Charlie",france_italy_1y5y_bbg_2026-10-05.xlsx
2020-07-15,-0.139000,0.688000,-0.559000,-0.512000,"Bloomberg BGN, exported by Charlie",france_italy_1y5y_bbg_2026-10-05.xlsx
2020-07-16,-0.163000,0.680000,-0.557000,-0.546000,"Bloomberg BGN, exported by Charlie",france_italy_1y5y_bbg_2026-10-05.xlsx
2020-07-17,-0.169000,0.672000,-0.568000,-0.520000,"Bloomberg BGN, exported by Charlie",france_italy_1y5y_bbg_2026-10-05.xlsx
2020-07-20,-0.206000,0.608000,-0.572000,-0.540000,"Bloomberg BGN, exported by Charlie",france_italy_1y5y_bbg_2026-10-05.xlsx
2020-07-21,-0.206000,0.582000,-0.560000,-0.545000,"Bloomberg BGN, exported by Charlie",france_italy_1y5y_bbg_2026-10-05.xlsx
2020-07-22,-0.215000,0.523000,-0.570000,-0.568000,"Bloomberg BGN, exported by Charlie",france_italy_1y5y_bbg_2026-10-05.xlsx
2020-07-23,-0.225000,0.466000,-0.566000,-0.552000,"Bloomberg BGN, exported by Charlie",france_italy_1y5y_bbg_2026-10-05.xlsx
2020-07-24,-0.220000,0.482000,-0.560000,-0.517000,"Bloomberg BGN, exported by Charlie",france_italy_1y5y_bbg_2026-10-05.xlsx
2020-07-27,-0.202000,0.479000,-0.553000,-0.549000,"Bloomberg BGN, exported by Charlie",france_italy_1y5y_bbg_2026-10-05.xlsx
2020-07-28,-0.200000,0.507000,-0.558000,-0.558000,"Bloomberg BGN, exported by Charlie",france_italy_1y5y_bbg_2026-10-05.xlsx
2020-07-29,-0.236000,0.492000,-0.554000,-0.552000,"Bloomberg BGN, exported by Charlie",france_italy_1y5y_bbg_2026-10-05.xlsx
2020-07-30,-0.245000,0.468000,-0.563000,-0.583000,"Bloomberg BGN, exported by Charlie",france_italy_1y5y_bbg_2026-10-05.xlsx
2020-07-31,-0.236000,0.507000,-0.562000,-0.573000,"Bloomberg BGN, exported by Charlie",france_italy_1y5y_bbg_2026-10-05.xlsx
2020-08-03,-0.236000,0.504000,-0.561000,-0.572000,"Bloomberg BGN, exported by Charlie",france_italy_1y5y_bbg_2026-10-05.xlsx
2020-08-04,-0.242000,0.447000,-0.559000,-0.596000,"Bloomberg BGN, exported by Charlie",france_italy_1y5y_bbg_2026-10-05.xlsx
2020-08-05,-0.231000,0.458000,-0.562000,-0.567000,"Bloomberg BGN, exported by Charlie",france_italy_1y5y_bbg_2026-10-05.xlsx
2020-08-06,-0.230000,0.421000,-0.564000,-0.577000,"Bloomberg BGN, exported by Charlie",france_italy_1y5y_bbg_2026-10-05.xlsx
2020-08-07,-0.228000,0.412000,-0.564000,-0.562000,"Bloomberg BGN, exported by Charlie",france_italy_1y5y_bbg_2026-10-05.xlsx
2020-08-10,-0.226000,0.409000,-0.565000,-0.588000,"Bloomberg BGN, exported by Charlie",france_italy_1y5y_bbg_2026-10-05.xlsx
2020-08-11,-0.217000,0.430000,-0.560000,-0.572000,"Bloomberg BGN, exported by Charlie",france_italy_1y5y_bbg_2026-10-05.xlsx
2020-08-12,-0.225000,0.435000,-0.558000,-0.554000,"Bloomberg BGN, exported by Charlie",france_italy_1y5y_bbg_2026-10-05.xlsx
2020-08-13,-0.191000,0.487000,-0.560000,-0.512000,"Bloomberg BGN, exported by Charlie",france_italy_1y5y_bbg_2026-10-05.xlsx
2020-08-14,-0.210000,0.455000,-0.565000,-0.507000,"Bloomberg BGN, exported by Charlie",france_italy_1y5y_bbg_2026-10-05.xlsx
2020-08-17,-0.239000,0.401000,-0.566000,-0.537000,"Bloomberg BGN, exported by Charlie",france_italy_1y5y_bbg_2026-10-05.xlsx
2020-08-18,-0.268000,0.390000,-0.570000,-0.543000,"Bloomberg BGN, exported by Charlie",france_italy_1y5y_bbg_2026-10-05.xlsx
2020-08-19,-0.268000,0.388000,-0.572000,-0.548000,"Bloomberg BGN, exported by Charlie",france_italy_1y5y_bbg_2026-10-05.xlsx
2020-08-20,-0.271000,0.384000,-0.571000,-0.563000,"Bloomberg BGN, exported by Charlie",france_italy_1y5y_bbg_2026-10-05.xlsx
2020-08-21,-0.265000,0.409000,-0.572000,-0.571000,"Bloomberg BGN, exported by Charlie",france_italy_1y5y_bbg_2026-10-05.xlsx
2020-08-24,-0.256000,0.417000,-0.565000,-0.560000,"Bloomberg BGN, exported by Charlie",france_italy_1y5y_bbg_2026-10-05.xlsx
2020-08-25,-0.239000,0.496000,-0.560000,-0.526000,"Bloomberg BGN, exported by Charlie",france_italy_1y5y_bbg_2026-10-05.xlsx
2020-08-26,-0.238000,0.478000,-0.559000,-0.517000,"Bloomberg BGN, exported by Charlie",france_italy_1y5y_bbg_2026-10-05.xlsx
2020-08-27,-0.255000,0.456000,-0.557000,-0.520000,"Bloomberg BGN, exported by Charlie",france_italy_1y5y_bbg_2026-10-05.xlsx
2020-08-28,-0.250000,0.466000,-0.557000,-0.525000,"Bloomberg BGN, exported by Charlie",france_italy_1y5y_bbg_2026-10-05.xlsx
2020-08-31,-0.250000,0.509000,-0.560000,-0.509000,"Bloomberg BGN, exported by Charlie",france_italy_1y5y_bbg_2026-10-05.xlsx
2020-09-01,-0.256000,0.455000,-0.566000,-0.537000,"Bloomberg BGN, exported by Charlie",france_italy_1y5y_bbg_2026-10-05.xlsx
2020-09-02,-0.263000,0.410000,-0.577000,-0.584000,"Bloomberg BGN, exported by Charlie",france_italy_1y5y_bbg_2026-10-05.xlsx
2020-09-03,-0.256000,0.413000,-0.580000,-0.588000,"Bloomberg BGN, exported by Charlie",france_italy_1y5y_bbg_2026-10-05.xlsx
2020-09-04,-0.249000,0.455000,-0.567000,-0.576000,"Bloomberg BGN, exported by Charlie",france_italy_1y5y_bbg_2026-10-05.xlsx
2020-09-07,-0.225000,0.487000,-0.568000,-0.573000,"Bloomberg BGN, exported by Charlie",france_italy_1y5y_bbg_2026-10-05.xlsx
2020-09-08,-0.227000,0.472000,-0.570000,-0.582000,"Bloomberg BGN, exported by Charlie",france_italy_1y5y_bbg_2026-10-05.xlsx
2020-09-09,-0.239000,0.454000,-0.570000,-0.560000,"Bloomberg BGN, exported by Charlie",france_italy_1y5y_bbg_2026-10-05.xlsx
2020-09-10,-0.224000,0.438000,-0.571000,-0.533000,"Bloomberg BGN, exported by Charlie",france_italy_1y5y_bbg_2026-10-05.xlsx
2020-09-11,-0.236000,0.413000,-0.568000,-0.563000,"Bloomberg BGN, exported by Charlie",france_italy_1y5y_bbg_2026-10-05.xlsx
2020-09-14,-0.248000,0.389000,-0.571000,-0.565000,"Bloomberg BGN, exported by Charlie",france_italy_1y5y_bbg_2026-10-05.xlsx
2020-09-15,-0.252000,0.375000,-0.580000,-0.565000,"Bloomberg BGN, exported by Charlie",france_italy_1y5y_bbg_2026-10-05.xlsx
2020-09-16,-0.267000,0.341000,-0.583000,-0.576000,"Bloomberg BGN, exported by Charlie",france_italy_1y5y_bbg_2026-10-05.xlsx
2020-09-17,-0.282000,0.326000,-0.584000,-0.593000,"Bloomberg BGN, exported by Charlie",france_italy_1y5y_bbg_2026-10-05.xlsx
2020-09-18,-0.276000,0.333000,-0.577000,-0.598000,"Bloomberg BGN, exported by Charlie",france_italy_1y5y_bbg_2026-10-05.xlsx
2020-09-21,-0.277000,0.297000,-0.584000,-0.626000,"Bloomberg BGN, exported by Charlie",france_italy_1y5y_bbg_2026-10-05.xlsx
2020-09-22,-0.297000,0.248000,-0.585000,-0.616000,"Bloomberg BGN, exported by Charlie",france_italy_1y5y_bbg_2026-10-05.xlsx
2020-09-23,-0.309000,0.236000,-0.586000,-0.612000,"Bloomberg BGN, exported by Charlie",france_italy_1y5y_bbg_2026-10-05.xlsx
2020-09-24,-0.302000,0.272000,-0.592000,-0.597000,"Bloomberg BGN, exported by Charlie",france_italy_1y5y_bbg_2026-10-05.xlsx
2020-09-25,-0.303000,0.271000,-0.595000,-0.612000,"Bloomberg BGN, exported by Charlie",france_italy_1y5y_bbg_2026-10-05.xlsx
2020-09-28,-0.315000,0.261000,-0.596000,-0.613000,"Bloomberg BGN, exported by Charlie",france_italy_1y5y_bbg_2026-10-05.xlsx
2020-09-29,-0.334000,0.242000,-0.598000,-0.628000,"Bloomberg BGN, exported by Charlie",france_italy_1y5y_bbg_2026-10-05.xlsx
2020-09-30,-0.331000,0.261000,-0.602000,-0.609000,"Bloomberg BGN, exported by Charlie",france_italy_1y5y_bbg_2026-10-05.xlsx
2020-10-01,-0.355000,0.219000,-0.602000,-0.623000,"Bloomberg BGN, exported by Charlie",france_italy_1y5y_bbg_2026-10-05.xlsx
2020-10-02,-0.373000,0.181000,-0.601000,-0.625000,"Bloomberg BGN, exported by Charlie",france_italy_1y5y_bbg_2026-10-05.xlsx
2020-10-05,-0.369000,0.190000,-0.612000,-0.609000,"Bloomberg BGN, exported by Charlie",france_italy_1y5y_bbg_2026-10-05.xlsx
2020-10-06,-0.370000,0.161000,-0.615000,-0.616000,"Bloomberg BGN, exported by Charlie",france_italy_1y5y_bbg_2026-10-05.xlsx
2020-10-07,-0.385000,0.151000,-0.618000,-0.602000,"Bloomberg BGN, exported by Charlie",france_italy_1y5y_bbg_2026-10-05.xlsx
2020-10-08,-0.403000,0.132000,-0.618000,-0.617000,"Bloomberg BGN, exported by Charlie",france_italy_1y5y_bbg_2026-10-05.xlsx
2020-10-09,-0.435000,0.101000,-0.624000,-0.625000,"Bloomberg BGN, exported by Charlie",france_italy_1y5y_bbg_2026-10-05.xlsx
2020-10-12,-0.430000,0.066000,-0.626000,-0.637000,"Bloomberg BGN, exported by Charlie",france_italy_1y5y_bbg_2026-10-05.xlsx
2020-10-13,-0.433000,0.057000,-0.629000,-0.646000,"Bloomberg BGN, exported by Charlie",france_italy_1y5y_bbg_2026-10-05.xlsx
2020-10-14,-0.430000,0.056000,-0.630000,-0.661000,"Bloomberg BGN, exported by Charlie",france_italy_1y5y_bbg_2026-10-05.xlsx
2020-10-15,-0.397000,0.100000,-0.635000,-0.678000,"Bloomberg BGN, exported by Charlie",france_italy_1y5y_bbg_2026-10-05.xlsx
2020-10-16,-0.421000,0.049000,-0.636000,-0.688000,"Bloomberg BGN, exported by Charlie",france_italy_1y5y_bbg_2026-10-05.xlsx
2020-10-19,-0.400000,0.109000,-0.630000,-0.691000,"Bloomberg BGN, exported by Charlie",france_italy_1y5y_bbg_2026-10-05.xlsx
2020-10-20,-0.400000,0.110000,-0.639000,-0.683000,"Bloomberg BGN, exported by Charlie",france_italy_1y5y_bbg_2026-10-05.xlsx
2020-10-21,-0.404000,0.150000,-0.638000,-0.671000,"Bloomberg BGN, exported by Charlie",france_italy_1y5y_bbg_2026-10-05.xlsx
2020-10-22,-0.416000,0.164000,-0.639000,-0.651000,"Bloomberg BGN, exported by Charlie",france_italy_1y5y_bbg_2026-10-05.xlsx
2020-10-23,-0.427000,0.124000,-0.638000,-0.657000,"Bloomberg BGN, exported by Charlie",france_italy_1y5y_bbg_2026-10-05.xlsx
2020-10-26,-0.442000,0.104000,-0.640000,-0.655000,"Bloomberg BGN, exported by Charlie",france_italy_1y5y_bbg_2026-10-05.xlsx
2020-10-27,-0.443000,0.079000,-0.639000,-0.681000,"Bloomberg BGN, exported by Charlie",france_italy_1y5y_bbg_2026-10-05.xlsx
2020-10-28,-0.414000,0.150000,-0.645000,-0.677000,"Bloomberg BGN, exported by Charlie",france_italy_1y5y_bbg_2026-10-05.xlsx
2020-10-29,-0.448000,0.067000,-0.648000,-0.704000,"Bloomberg BGN, exported by Charlie",france_italy_1y5y_bbg_2026-10-05.xlsx
2020-10-30,-0.440000,0.190000,-0.644000,-0.694000,"Bloomberg BGN, exported by Charlie",france_italy_1y5y_bbg_2026-10-05.xlsx
2020-11-02,-0.436000,0.169000,-0.644000,-0.710000,"Bloomberg BGN, exported by Charlie",france_italy_1y5y_bbg_2026-10-05.xlsx
2020-11-03,-0.436000,0.153000,-0.643000,-0.699000,"Bloomberg BGN, exported by Charlie",france_italy_1y5y_bbg_2026-10-05.xlsx
2020-11-04,-0.441000,0.109000,-0.640000,-0.713000,"Bloomberg BGN, exported by Charlie",france_italy_1y5y_bbg_2026-10-05.xlsx
2020-11-05,-0.457000,0.098000,-0.642000,-0.703000,"Bloomberg BGN, exported by Charlie",france_italy_1y5y_bbg_2026-10-05.xlsx
2020-11-06,-0.457000,0.074000,-0.636000,-0.699000,"Bloomberg BGN, exported by Charlie",france_italy_1y5y_bbg_2026-10-05.xlsx
2020-11-09,-0.435000,0.180000,-0.625000,-0.631000,"Bloomberg BGN, exported by Charlie",france_italy_1y5y_bbg_2026-10-05.xlsx
2020-11-10,-0.450000,0.180000,-0.614000,-0.608000,"Bloomberg BGN, exported by Charlie",france_italy_1y5y_bbg_2026-10-05.xlsx
2020-11-11,-0.458000,0.157000,-0.618000,-0.620000,"Bloomberg BGN, exported by Charlie",france_italy_1y5y_bbg_2026-10-05.xlsx
2020-11-12,-0.462000,0.111000,-0.618000,-0.636000,"Bloomberg BGN, exported by Charlie",france_italy_1y5y_bbg_2026-10-05.xlsx
2020-11-13,-0.466000,0.087000,-0.619000,-0.647000,"Bloomberg BGN, exported by Charlie",france_italy_1y5y_bbg_2026-10-05.xlsx
2020-11-16,-0.472000,0.068000,-0.609000,-0.650000,"Bloomberg BGN, exported by Charlie",france_italy_1y5y_bbg_2026-10-05.xlsx
2020-11-17,-0.479000,0.058000,-0.611000,-0.663000,"Bloomberg BGN, exported by Charlie",france_italy_1y5y_bbg_2026-10-05.xlsx
2020-11-18,-0.476000,0.066000,-0.611000,-0.658000,"Bloomberg BGN, exported by Charlie",france_italy_1y5y_bbg_2026-10-05.xlsx
2020-11-19,-0.476000,0.062000,-0.613000,-0.661000,"Bloomberg BGN, exported by Charlie",france_italy_1y5y_bbg_2026-10-05.xlsx
2020-11-20,-0.473000,0.057000,-0.614000,-0.673000,"Bloomberg BGN, exported by Charlie",france_italy_1y5y_bbg_2026-10-05.xlsx
2020-11-23,-0.473000,0.049000,-0.621000,-0.678000,"Bloomberg BGN, exported by Charlie",france_italy_1y5y_bbg_2026-10-05.xlsx
2020-11-24,-0.473000,0.035000,-0.625000,-0.658000,"Bloomberg BGN, exported by Charlie",france_italy_1y5y_bbg_2026-10-05.xlsx
2020-11-25,-0.471000,0.037000,-0.629000,-0.660000,"Bloomberg BGN, exported by Charlie",france_italy_1y5y_bbg_2026-10-05.xlsx
2020-11-26,-0.473000,0.031000,-0.629000,-0.670000,"Bloomberg BGN, exported by Charlie",france_italy_1y5y_bbg_2026-10-05.xlsx
2020-11-27,-0.474000,0.021000,-0.633000,-0.670000,"Bloomberg BGN, exported by Charlie",france_italy_1y5y_bbg_2026-10-05.xlsx
2020-11-30,-0.468000,0.043000,-0.640000,-0.658000,"Bloomberg BGN, exported by Charlie",france_italy_1y5y_bbg_2026-10-05.xlsx
2020-12-01,-0.460000,0.081000,-0.645000,-0.627000,"Bloomberg BGN, exported by Charlie",france_italy_1y5y_bbg_2026-10-05.xlsx
2020-12-02,-0.464000,0.053000,-0.655000,-0.634000,"Bloomberg BGN, exported by Charlie",france_italy_1y5y_bbg_2026-10-05.xlsx
2020-12-03,-0.469000,0.030000,-0.678000,-0.659000,"Bloomberg BGN, exported by Charlie",france_italy_1y5y_bbg_2026-10-05.xlsx
2020-12-04,-0.468000,0.039000,-0.684000,-0.663000,"Bloomberg BGN, exported by Charlie",france_italy_1y5y_bbg_2026-10-05.xlsx
2020-12-07,-0.471000,0.027000,-0.697000,-0.679000,"Bloomberg BGN, exported by Charlie",france_italy_1y5y_bbg_2026-10-05.xlsx
2020-12-08,-0.478000,0.013000,-0.684000,-0.700000,"Bloomberg BGN, exported by Charlie",france_italy_1y5y_bbg_2026-10-05.xlsx
2020-12-09,-0.476000,-0.001000,-0.691000,-0.700000,"Bloomberg BGN, exported by Charlie",france_italy_1y5y_bbg_2026-10-05.xlsx
2020-12-10,-0.472000,-0.015000,-0.683000,-0.697000,"Bloomberg BGN, exported by Charlie",france_italy_1y5y_bbg_2026-10-05.xlsx
2020-12-11,-0.471000,-0.020000,-0.688000,-0.710000,"Bloomberg BGN, exported by Charlie",france_italy_1y5y_bbg_2026-10-05.xlsx
2020-12-14,-0.468000,-0.030000,-0.690000,-0.709000,"Bloomberg BGN, exported by Charlie",france_italy_1y5y_bbg_2026-10-05.xlsx
2020-12-15,-0.472000,-0.052000,-0.684000,-0.699000,"Bloomberg BGN, exported by Charlie",france_italy_1y5y_bbg_2026-10-05.xlsx
2020-12-16,-0.472000,-0.038000,-0.673000,-0.658000,"Bloomberg BGN, exported by Charlie",france_italy_1y5y_bbg_2026-10-05.xlsx
2020-12-17,-0.487000,-0.038000,-0.672000,-0.667000,"Bloomberg BGN, exported by Charlie",france_italy_1y5y_bbg_2026-10-05.xlsx
2020-12-18,-0.469000,-0.014000,-0.668000,-0.669000,"Bloomberg BGN, exported by Charlie",france_italy_1y5y_bbg_2026-10-05.xlsx
2020-12-21,-0.463000,0.003000,-0.669000,-0.670000,"Bloomberg BGN, exported by Charlie",france_italy_1y5y_bbg_2026-10-05.xlsx
2020-12-22,-0.467000,-0.005000,-0.660000,-0.674000,"Bloomberg BGN, exported by Charlie",france_italy_1y5y_bbg_2026-10-05.xlsx
2020-12-23,-0.470000,0.018000,-0.661000,-0.644000,"Bloomberg BGN, exported by Charlie",france_italy_1y5y_bbg_2026-10-05.xlsx
2020-12-24,-0.471000,0.017000,-0.663000,-0.644000,"Bloomberg BGN, exported by Charlie",france_italy_1y5y_bbg_2026-10-05.xlsx
2020-12-28,-0.480000,-0.021000,-0.663000,-0.658000,"Bloomberg BGN, exported by Charlie",france_italy_1y5y_bbg_2026-10-05.xlsx
2020-12-29,-0.483000,-0.005000,-0.663000,-0.676000,"Bloomberg BGN, exported by Charlie",france_italy_1y5y_bbg_2026-10-05.xlsx
2020-12-30,-0.473000,-0.011000,-0.667000,-0.676000,"Bloomberg BGN, exported by Charlie",france_italy_1y5y_bbg_2026-10-05.xlsx
2020-12-31,-0.474000,-0.011000,-0.669000,-0.676000,"Bloomberg BGN, exported by Charlie",france_italy_1y5y_bbg_2026-10-05.xlsx
2021-01-04,-0.485000,-0.015000,-0.616000,-0.677000,"Bloomberg BGN, exported by Charlie",france_italy_1y5y_bbg_2026-10-05.xlsx
2021-01-05,-0.485000,-0.003000,-0.620000,-0.661000,"Bloomberg BGN, exported by Charlie",france_italy_1y5y_bbg_2026-10-05.xlsx
2021-01-06,-0.482000,0.001000,-0.622000,-0.650000,"Bloomberg BGN, exported by Charlie",france_italy_1y5y_bbg_2026-10-05.xlsx
2021-01-07,-0.482000,-0.007000,-0.623000,-0.653000,"Bloomberg BGN, exported by Charlie",france_italy_1y5y_bbg_2026-10-05.xlsx
2021-01-08,-0.486000,-0.025000,-0.620000,-0.650000,"Bloomberg BGN, exported by Charlie",france_italy_1y5y_bbg_2026-10-05.xlsx
2021-01-11,-0.477000,0.001000,-0.620000,-0.631000,"Bloomberg BGN, exported by Charlie",france_italy_1y5y_bbg_2026-10-05.xlsx
2021-01-12,-0.437000,0.076000,-0.617000,-0.606000,"Bloomberg BGN, exported by Charlie",france_italy_1y5y_bbg_2026-10-05.xlsx
2021-01-13,-0.447000,0.036000,-0.619000,-0.634000,"Bloomberg BGN, exported by Charlie",france_italy_1y5y_bbg_2026-10-05.xlsx
2021-01-14,-0.406000,0.099000,-0.623000,-0.657000,"Bloomberg BGN, exported by Charlie",france_italy_1y5y_bbg_2026-10-05.xlsx
2021-01-15,-0.427000,0.052000,-0.620000,-0.654000,"Bloomberg BGN, exported by Charlie",france_italy_1y5y_bbg_2026-10-05.xlsx
2021-01-18,-0.417000,0.063000,-0.608000,-0.636000,"Bloomberg BGN, exported by Charlie",france_italy_1y5y_bbg_2026-10-05.xlsx
2021-01-19,-0.439000,0.021000,-0.613000,-0.630000,"Bloomberg BGN, exported by Charlie",france_italy_1y5y_bbg_2026-10-05.xlsx
2021-01-20,-0.426000,0.049000,-0.615000,-0.636000,"Bloomberg BGN, exported by Charlie",france_italy_1y5y_bbg_2026-10-05.xlsx
2021-01-21,-0.398000,0.107000,-0.614000,-0.619000,"Bloomberg BGN, exported by Charlie",france_italy_1y5y_bbg_2026-10-05.xlsx
2021-01-22,-0.366000,0.167000,-0.610000,-0.626000,"Bloomberg BGN, exported by Charlie",france_italy_1y5y_bbg_2026-10-05.xlsx
2021-01-25,-0.391000,0.111000,-0.618000,-0.654000,"Bloomberg BGN, exported by Charlie",france_italy_1y5y_bbg_2026-10-05.xlsx
2021-01-26,-0.401000,0.079000,-0.619000,-0.649000,"Bloomberg BGN, exported by Charlie",france_italy_1y5y_bbg_2026-10-05.xlsx
2021-01-27,-0.407000,0.075000,-0.632000,-0.660000,"Bloomberg BGN, exported by Charlie",france_italy_1y5y_bbg_2026-10-05.xlsx
2021-01-28,-0.409000,0.059000,-0.637000,-0.665000,"Bloomberg BGN, exported by Charlie",france_italy_1y5y_bbg_2026-10-05.xlsx
2021-01-29,-0.412000,0.064000,-0.628000,-0.651000,"Bloomberg BGN, exported by Charlie",france_italy_1y5y_bbg_2026-10-05.xlsx
2021-02-01,-0.420000,0.045000,-0.630000,-0.644000,"Bloomberg BGN, exported by Charlie",france_italy_1y5y_bbg_2026-10-05.xlsx
2021-02-02,-0.412000,0.068000,-0.639000,-0.627000,"Bloomberg BGN, exported by Charlie",france_italy_1y5y_bbg_2026-10-05.xlsx
2021-02-03,-0.434000,0.010000,-0.644000,-0.622000,"Bloomberg BGN, exported by Charlie",france_italy_1y5y_bbg_2026-10-05.xlsx
2021-02-04,-0.439000,-0.024000,-0.640000,-0.612000,"Bloomberg BGN, exported by Charlie",france_italy_1y5y_bbg_2026-10-05.xlsx
2021-02-05,-0.440000,-0.029000,-0.643000,-0.609000,"Bloomberg BGN, exported by Charlie",france_italy_1y5y_bbg_2026-10-05.xlsx
2021-02-08,-0.444000,-0.061000,-0.639000,-0.604000,"Bloomberg BGN, exported by Charlie",france_italy_1y5y_bbg_2026-10-05.xlsx
2021-02-09,-0.445000,-0.056000,-0.644000,-0.609000,"Bloomberg BGN, exported by Charlie",france_italy_1y5y_bbg_2026-10-05.xlsx
2021-02-10,-0.447000,-0.069000,-0.643000,-0.606000,"Bloomberg BGN, exported by Charlie",france_italy_1y5y_bbg_2026-10-05.xlsx
2021-02-11,-0.445000,-0.095000,-0.642000,-0.619000,"Bloomberg BGN, exported by Charlie",france_italy_1y5y_bbg_2026-10-05.xlsx
2021-02-12,-0.446000,-0.078000,-0.639000,-0.596000,"Bloomberg BGN, exported by Charlie",france_italy_1y5y_bbg_2026-10-05.xlsx
2021-02-15,-0.436000,-0.049000,-0.629000,-0.567000,"Bloomberg BGN, exported by Charlie",france_italy_1y5y_bbg_2026-10-05.xlsx
2021-02-16,-0.428000,-0.011000,-0.629000,-0.552000,"Bloomberg BGN, exported by Charlie",france_italy_1y5y_bbg_2026-10-05.xlsx
2021-02-17,-0.415000,0.002000,-0.624000,-0.560000,"Bloomberg BGN, exported by Charlie",france_italy_1y5y_bbg_2026-10-05.xlsx
2021-02-18,-0.392000,0.062000,-0.620000,-0.534000,"Bloomberg BGN, exported by Charlie",france_italy_1y5y_bbg_2026-10-05.xlsx
2021-02-19,-0.401000,0.039000,-0.614000,-0.525000,"Bloomberg BGN, exported by Charlie",france_italy_1y5y_bbg_2026-10-05.xlsx
2021-02-22,-0.407000,0.017000,-0.611000,-0.549000,"Bloomberg BGN, exported by Charlie",france_italy_1y5y_bbg_2026-10-05.xlsx
2021-02-23,-0.397000,0.050000,-0.609000,-0.536000,"Bloomberg BGN, exported by Charlie",france_italy_1y5y_bbg_2026-10-05.xlsx
2021-02-24,-0.386000,0.072000,-0.609000,-0.527000,"Bloomberg BGN, exported by Charlie",france_italy_1y5y_bbg_2026-10-05.xlsx
2021-02-25,-0.355000,0.160000,-0.601000,-0.473000,"Bloomberg BGN, exported by Charlie",france_italy_1y5y_bbg_2026-10-05.xlsx
2021-02-26,-0.372000,0.146000,-0.594000,-0.514000,"Bloomberg BGN, exported by Charlie",france_italy_1y5y_bbg_2026-10-05.xlsx
2021-03-01,-0.410000,0.043000,-0.603000,-0.572000,"Bloomberg BGN, exported by Charlie",france_italy_1y5y_bbg_2026-10-05.xlsx
2021-03-02,-0.407000,0.050000,-0.605000,-0.578000,"Bloomberg BGN, exported by Charlie",france_italy_1y5y_bbg_2026-10-05.xlsx
2021-03-03,-0.404000,0.109000,-0.608000,-0.555000,"Bloomberg BGN, exported by Charlie",france_italy_1y5y_bbg_2026-10-05.xlsx
2021-03-04,-0.413000,0.091000,-0.604000,-0.561000,"Bloomberg BGN, exported by Charlie",france_italy_1y5y_bbg_2026-10-05.xlsx
2021-03-05,-0.414000,0.096000,-0.603000,-0.551000,"Bloomberg BGN, exported by Charlie",france_italy_1y5y_bbg_2026-10-05.xlsx
2021-03-08,-0.415000,0.091000,-0.599000,-0.539000,"Bloomberg BGN, exported by Charlie",france_italy_1y5y_bbg_2026-10-05.xlsx
2021-03-09,-0.419000,0.048000,-0.597000,-0.551000,"Bloomberg BGN, exported by Charlie",france_italy_1y5y_bbg_2026-10-05.xlsx
2021-03-10,-0.418000,0.038000,-0.601000,-0.559000,"Bloomberg BGN, exported by Charlie",france_italy_1y5y_bbg_2026-10-05.xlsx
2021-03-11,-0.414000,-0.017000,-0.603000,-0.576000,"Bloomberg BGN, exported by Charlie",france_italy_1y5y_bbg_2026-10-05.xlsx
2021-03-12,-0.410000,0.002000,-0.598000,-0.561000,"Bloomberg BGN, exported by Charlie",france_italy_1y5y_bbg_2026-10-05.xlsx
2021-03-15,-0.418000,-0.021000,-0.604000,-0.585000,"Bloomberg BGN, exported by Charlie",france_italy_1y5y_bbg_2026-10-05.xlsx
2021-03-16,-0.428000,-0.008000,-0.607000,-0.587000,"Bloomberg BGN, exported by Charlie",france_italy_1y5y_bbg_2026-10-05.xlsx
2021-03-17,-0.411000,0.052000,-0.619000,-0.561000,"Bloomberg BGN, exported by Charlie",france_italy_1y5y_bbg_2026-10-05.xlsx
2021-03-18,-0.420000,0.033000,-0.614000,-0.567000,"Bloomberg BGN, exported by Charlie",france_italy_1y5y_bbg_2026-10-05.xlsx
2021-03-19,-0.426000,0.011000,-0.614000,-0.586000,"Bloomberg BGN, exported by Charlie",france_italy_1y5y_bbg_2026-10-05.xlsx
2021-03-22,-0.429000,-0.005000,-0.621000,-0.596000,"Bloomberg BGN, exported by Charlie",france_italy_1y5y_bbg_2026-10-05.xlsx
2021-03-23,-0.429000,-0.046000,-0.624000,-0.606000,"Bloomberg BGN, exported by Charlie",france_italy_1y5y_bbg_2026-10-05.xlsx
2021-03-24,-0.436000,-0.053000,-0.626000,-0.610000,"Bloomberg BGN, exported by Charlie",france_italy_1y5y_bbg_2026-10-05.xlsx
2021-03-25,-0.442000,-0.066000,-0.634000,-0.623000,"Bloomberg BGN, exported by Charlie",france_italy_1y5y_bbg_2026-10-05.xlsx
2021-03-26,-0.439000,-0.044000,-0.632000,-0.610000,"Bloomberg BGN, exported by Charlie",france_italy_1y5y_bbg_2026-10-05.xlsx
2021-03-29,-0.440000,-0.016000,-0.638000,-0.593000,"Bloomberg BGN, exported by Charlie",france_italy_1y5y_bbg_2026-10-05.xlsx
2021-03-30,-0.432000,0.019000,-0.629000,-0.565000,"Bloomberg BGN, exported by Charlie",france_italy_1y5y_bbg_2026-10-05.xlsx
2021-03-31,-0.440000,0.005000,-0.635000,-0.568000,"Bloomberg BGN, exported by Charlie",france_italy_1y5y_bbg_2026-10-05.xlsx
2021-04-01,-0.455000,-0.026000,-0.632000,-0.593000,"Bloomberg BGN, exported by Charlie",france_italy_1y5y_bbg_2026-10-05.xlsx
2021-04-06,-0.436000,0.023000,-0.629000,-0.585000,"Bloomberg BGN, exported by Charlie",france_italy_1y5y_bbg_2026-10-05.xlsx
2021-04-07,-0.422000,0.020000,-0.630000,-0.592000,"Bloomberg BGN, exported by Charlie",france_italy_1y5y_bbg_2026-10-05.xlsx
2021-04-08,-0.427000,-0.007000,-0.628000,-0.599000,"Bloomberg BGN, exported by Charlie",france_italy_1y5y_bbg_2026-10-05.xlsx
2021-04-09,-0.415000,0.051000,-0.625000,-0.570000,"Bloomberg BGN, exported by Charlie",france_italy_1y5y_bbg_2026-10-05.xlsx
2021-04-12,-0.419000,0.051000,-0.626000,-0.567000,"Bloomberg BGN, exported by Charlie",france_italy_1y5y_bbg_2026-10-05.xlsx
2021-04-13,-0.419000,0.067000,-0.625000,-0.565000,"Bloomberg BGN, exported by Charlie",france_italy_1y5y_bbg_2026-10-05.xlsx
2021-04-14,-0.416000,0.101000,-0.621000,-0.548000,"Bloomberg BGN, exported by Charlie",france_italy_1y5y_bbg_2026-10-05.xlsx
2021-04-15,-0.422000,0.059000,-0.623000,-0.563000,"Bloomberg BGN, exported by Charlie",france_italy_1y5y_bbg_2026-10-05.xlsx
2021-04-16,-0.420000,0.066000,-0.624000,-0.559000,"Bloomberg BGN, exported by Charlie",france_italy_1y5y_bbg_2026-10-05.xlsx
2021-04-19,-0.418000,0.098000,-0.617000,-0.542000,"Bloomberg BGN, exported by Charlie",france_italy_1y5y_bbg_2026-10-05.xlsx
2021-04-20,-0.422000,0.088000,-0.620000,-0.554000,"Bloomberg BGN, exported by Charlie",france_italy_1y5y_bbg_2026-10-05.xlsx
2021-04-21,-0.427000,0.068000,-0.619000,-0.557000,"Bloomberg BGN, exported by Charlie",france_italy_1y5y_bbg_2026-10-05.xlsx
2021-04-22,-0.428000,0.071000,-0.621000,-0.545000,"Bloomberg BGN, exported by Charlie",france_italy_1y5y_bbg_2026-10-05.xlsx
2021-04-23,-0.424000,0.094000,-0.620000,-0.555000,"Bloomberg BGN, exported by Charlie",france_italy_1y5y_bbg_2026-10-05.xlsx
2021-04-26,-0.429000,0.103000,-0.620000,-0.547000,"Bloomberg BGN, exported by Charlie",france_italy_1y5y_bbg_2026-10-05.xlsx
2021-04-27,-0.429000,0.121000,-0.616000,-0.542000,"Bloomberg BGN, exported by Charlie",france_italy_1y5y_bbg_2026-10-05.xlsx
2021-04-28,-0.443000,0.163000,-0.618000,-0.530000,"Bloomberg BGN, exported by Charlie",france_italy_1y5y_bbg_2026-10-05.xlsx
2021-04-29,-0.457000,0.183000,-0.618000,-0.512000,"Bloomberg BGN, exported by Charlie",france_italy_1y5y_bbg_2026-10-05.xlsx
2021-04-30,-0.465000,0.169000,-0.617000,-0.518000,"Bloomberg BGN, exported by Charlie",france_italy_1y5y_bbg_2026-10-05.xlsx
2021-05-03,-0.468000,0.150000,-0.617000,-0.527000,"Bloomberg BGN, exported by Charlie",france_italy_1y5y_bbg_2026-10-05.xlsx
2021-05-04,-0.466000,0.138000,-0.619000,-0.539000,"Bloomberg BGN, exported by Charlie",france_italy_1y5y_bbg_2026-10-05.xlsx
2021-05-05,-0.459000,0.172000,-0.619000,-0.532000,"Bloomberg BGN, exported by Charlie",france_italy_1y5y_bbg_2026-10-05.xlsx
2021-05-06,-0.459000,0.182000,-0.623000,-0.528000,"Bloomberg BGN, exported by Charlie",france_italy_1y5y_bbg_2026-10-05.xlsx
2021-05-07,-0.455000,0.219000,-0.625000,-0.507000,"Bloomberg BGN, exported by Charlie",france_italy_1y5y_bbg_2026-10-05.xlsx
2021-05-10,-0.454000,0.194000,-0.623000,-0.514000,"Bloomberg BGN, exported by Charlie",france_italy_1y5y_bbg_2026-10-05.xlsx
2021-05-11,-0.445000,0.237000,-0.625000,-0.481000,"Bloomberg BGN, exported by Charlie",france_italy_1y5y_bbg_2026-10-05.xlsx
2021-05-12,-0.452000,0.264000,-0.628000,-0.457000,"Bloomberg BGN, exported by Charlie",france_italy_1y5y_bbg_2026-10-05.xlsx
2021-05-13,-0.421000,0.288000,-0.628000,-0.449000,"Bloomberg BGN, exported by Charlie",france_italy_1y5y_bbg_2026-10-05.xlsx
2021-05-14,-0.422000,0.301000,-0.629000,-0.455000,"Bloomberg BGN, exported by Charlie",france_italy_1y5y_bbg_2026-10-05.xlsx
2021-05-17,-0.417000,0.324000,-0.629000,-0.443000,"Bloomberg BGN, exported by Charlie",france_italy_1y5y_bbg_2026-10-05.xlsx
2021-05-18,-0.422000,0.319000,-0.631000,-0.443000,"Bloomberg BGN, exported by Charlie",france_italy_1y5y_bbg_2026-10-05.xlsx
2021-05-19,-0.422000,0.329000,-0.636000,-0.442000,"Bloomberg BGN, exported by Charlie",france_italy_1y5y_bbg_2026-10-05.xlsx
2021-05-20,-0.437000,0.276000,-0.636000,-0.457000,"Bloomberg BGN, exported by Charlie",france_italy_1y5y_bbg_2026-10-05.xlsx
2021-05-21,-0.446000,0.260000,-0.632000,-0.474000,"Bloomberg BGN, exported by Charlie",france_italy_1y5y_bbg_2026-10-05.xlsx
2021-05-24,-0.450000,0.254000,-0.630000,-0.480000,"Bloomberg BGN, exported by Charlie",france_italy_1y5y_bbg_2026-10-05.xlsx
2021-05-25,-0.453000,0.203000,-0.637000,-0.504000,"Bloomberg BGN, exported by Charlie",france_italy_1y5y_bbg_2026-10-05.xlsx
2021-05-26,-0.453000,0.172000,-0.640000,-0.523000,"Bloomberg BGN, exported by Charlie",france_italy_1y5y_bbg_2026-10-05.xlsx
2021-05-27,-0.459000,0.175000,-0.639000,-0.506000,"Bloomberg BGN, exported by Charlie",france_italy_1y5y_bbg_2026-10-05.xlsx
2021-05-28,-0.464000,0.154000,-0.632000,-0.512000,"Bloomberg BGN, exported by Charlie",france_italy_1y5y_bbg_2026-10-05.xlsx
2021-05-31,-0.463000,0.156000,-0.639000,-0.512000,"Bloomberg BGN, exported by Charlie",france_italy_1y5y_bbg_2026-10-05.xlsx
2021-06-01,-0.472000,0.135000,-0.641000,-0.512000,"Bloomberg BGN, exported by Charlie",france_italy_1y5y_bbg_2026-10-05.xlsx
2021-06-02,-0.480000,0.114000,-0.639000,-0.525000,"Bloomberg BGN, exported by Charlie",france_italy_1y5y_bbg_2026-10-05.xlsx
2021-06-03,-0.478000,0.128000,-0.643000,-0.519000,"Bloomberg BGN, exported by Charlie",france_italy_1y5y_bbg_2026-10-05.xlsx
2021-06-04,-0.488000,0.106000,-0.637000,-0.534000,"Bloomberg BGN, exported by Charlie",france_italy_1y5y_bbg_2026-10-05.xlsx
2021-06-07,-0.487000,0.128000,-0.633000,-0.520000,"Bloomberg BGN, exported by Charlie",france_italy_1y5y_bbg_2026-10-05.xlsx
2021-06-08,-0.501000,0.099000,-0.634000,-0.530000,"Bloomberg BGN, exported by Charlie",france_italy_1y5y_bbg_2026-10-05.xlsx
2021-06-09,-0.496000,0.082000,-0.637000,-0.544000,"Bloomberg BGN, exported by Charlie",france_italy_1y5y_bbg_2026-10-05.xlsx
2021-06-10,-0.476000,0.054000,-0.635000,-0.549000,"Bloomberg BGN, exported by Charlie",france_italy_1y5y_bbg_2026-10-05.xlsx
2021-06-11,-0.490000,0.014000,-0.635000,-0.553000,"Bloomberg BGN, exported by Charlie",france_italy_1y5y_bbg_2026-10-05.xlsx
2021-06-14,-0.489000,0.045000,-0.639000,-0.533000,"Bloomberg BGN, exported by Charlie",france_italy_1y5y_bbg_2026-10-05.xlsx
2021-06-15,-0.491000,0.050000,-0.639000,-0.529000,"Bloomberg BGN, exported by Charlie",france_italy_1y5y_bbg_2026-10-05.xlsx
2021-06-16,-0.495000,0.034000,-0.638000,-0.538000,"Bloomberg BGN, exported by Charlie",france_italy_1y5y_bbg_2026-10-05.xlsx
2021-06-17,-0.487000,0.073000,-0.637000,-0.514000,"Bloomberg BGN, exported by Charlie",france_italy_1y5y_bbg_2026-10-05.xlsx
2021-06-18,-0.470000,0.133000,-0.637000,-0.502000,"Bloomberg BGN, exported by Charlie",france_italy_1y5y_bbg_2026-10-05.xlsx
2021-06-21,-0.462000,0.153000,-0.634000,-0.491000,"Bloomberg BGN, exported by Charlie",france_italy_1y5y_bbg_2026-10-05.xlsx
2021-06-22,-0.460000,0.168000,-0.636000,-0.496000,"Bloomberg BGN, exported by Charlie",france_italy_1y5y_bbg_2026-10-05.xlsx
2021-06-23,-0.463000,0.157000,-0.638000,-0.509000,"Bloomberg BGN, exported by Charlie",france_italy_1y5y_bbg_2026-10-05.xlsx
2021-06-24,-0.469000,0.132000,-0.639000,-0.507000,"Bloomberg BGN, exported by Charlie",france_italy_1y5y_bbg_2026-10-05.xlsx
2021-06-25,-0.469000,0.173000,-0.638000,-0.485000,"Bloomberg BGN, exported by Charlie",france_italy_1y5y_bbg_2026-10-05.xlsx
2021-06-28,-0.483000,0.142000,-0.636000,-0.512000,"Bloomberg BGN, exported by Charlie",france_italy_1y5y_bbg_2026-10-05.xlsx
2021-06-29,-0.494000,0.134000,-0.635000,-0.504000,"Bloomberg BGN, exported by Charlie",france_italy_1y5y_bbg_2026-10-05.xlsx
2021-06-30,-0.504000,0.089000,-0.636000,-0.528000,"Bloomberg BGN, exported by Charlie",france_italy_1y5y_bbg_2026-10-05.xlsx
2021-07-01,-0.504000,0.075000,-0.638000,-0.530000,"Bloomberg BGN, exported by Charlie",france_italy_1y5y_bbg_2026-10-05.xlsx
2021-07-02,-0.501000,0.052000,-0.634000,-0.548000,"Bloomberg BGN, exported by Charlie",france_italy_1y5y_bbg_2026-10-05.xlsx
2021-07-05,-0.503000,0.070000,-0.632000,-0.531000,"Bloomberg BGN, exported by Charlie",france_italy_1y5y_bbg_2026-10-05.xlsx
2021-07-06,-0.504000,0.033000,-0.634000,-0.560000,"Bloomberg BGN, exported by Charlie",france_italy_1y5y_bbg_2026-10-05.xlsx
2021-07-07,-0.499000,0.040000,-0.638000,-0.564000,"Bloomberg BGN, exported by Charlie",france_italy_1y5y_bbg_2026-10-05.xlsx
2021-07-08,-0.485000,0.057000,-0.637000,-0.563000,"Bloomberg BGN, exported by Charlie",france_italy_1y5y_bbg_2026-10-05.xlsx
2021-07-09,-0.478000,0.063000,-0.634000,-0.557000,"Bloomberg BGN, exported by Charlie",france_italy_1y5y_bbg_2026-10-05.xlsx
2021-07-12,-0.467000,0.043000,-0.634000,-0.555000,"Bloomberg BGN, exported by Charlie",france_italy_1y5y_bbg_2026-10-05.xlsx
2021-07-13,-0.470000,0.025000,-0.635000,-0.556000,"Bloomberg BGN, exported by Charlie",france_italy_1y5y_bbg_2026-10-05.xlsx
2021-07-14,-0.471000,0.027000,-0.635000,-0.574000,"Bloomberg BGN, exported by Charlie",france_italy_1y5y_bbg_2026-10-05.xlsx
2021-07-15,-0.470000,0.030000,-0.644000,-0.588000,"Bloomberg BGN, exported by Charlie",france_italy_1y5y_bbg_2026-10-05.xlsx
2021-07-16,-0.483000,0.012000,-0.647000,-0.601000,"Bloomberg BGN, exported by Charlie",france_italy_1y5y_bbg_2026-10-05.xlsx
2021-07-19,-0.483000,0.020000,-0.647000,-0.614000,"Bloomberg BGN, exported by Charlie",france_italy_1y5y_bbg_2026-10-05.xlsx
2021-07-20,-0.493000,0.012000,-0.638000,-0.635000,"Bloomberg BGN, exported by Charlie",france_italy_1y5y_bbg_2026-10-05.xlsx
2021-07-21,-0.498000,0.015000,-0.639000,-0.632000,"Bloomberg BGN, exported by Charlie",france_italy_1y5y_bbg_2026-10-05.xlsx
2021-07-22,-0.507000,-0.021000,-0.641000,-0.649000,"Bloomberg BGN, exported by Charlie",france_italy_1y5y_bbg_2026-10-05.xlsx
2021-07-23,-0.512000,-0.042000,-0.638000,-0.657000,"Bloomberg BGN, exported by Charlie",france_italy_1y5y_bbg_2026-10-05.xlsx
2021-07-26,-0.514000,-0.033000,-0.638000,-0.657000,"Bloomberg BGN, exported by Charlie",france_italy_1y5y_bbg_2026-10-05.xlsx
2021-07-27,-0.507000,-0.043000,-0.638000,-0.510000,"Bloomberg BGN, exported by Charlie",france_italy_1y5y_bbg_2026-10-05.xlsx
2021-07-28,-0.509000,-0.048000,-0.638000,-0.512000,"Bloomberg BGN, exported by Charlie",france_italy_1y5y_bbg_2026-10-05.xlsx
2021-07-29,-0.521000,-0.054000,-0.639000,-0.524000,"Bloomberg BGN, exported by Charlie",france_italy_1y5y_bbg_2026-10-05.xlsx
2021-07-30,-0.523000,-0.050000,-0.640000,-0.528000,"Bloomberg BGN, exported by Charlie",france_italy_1y5y_bbg_2026-10-05.xlsx
2021-08-02,-0.535000,-0.092000,-0.640000,-0.550000,"Bloomberg BGN, exported by Charlie",france_italy_1y5y_bbg_2026-10-05.xlsx
2021-08-03,-0.544000,-0.096000,-0.642000,-0.545000,"Bloomberg BGN, exported by Charlie",france_italy_1y5y_bbg_2026-10-05.xlsx
2021-08-04,-0.557000,-0.114000,-0.645000,-0.562000,"Bloomberg BGN, exported by Charlie",france_italy_1y5y_bbg_2026-10-05.xlsx
2021-08-05,-0.557000,-0.126000,-0.643000,-0.559000,"Bloomberg BGN, exported by Charlie",france_italy_1y5y_bbg_2026-10-05.xlsx
2021-08-06,-0.546000,-0.097000,-0.639000,-0.523000,"Bloomberg BGN, exported by Charlie",france_italy_1y5y_bbg_2026-10-05.xlsx
2021-08-09,-0.552000,-0.109000,-0.644000,-0.519000,"Bloomberg BGN, exported by Charlie",france_italy_1y5y_bbg_2026-10-05.xlsx
2021-08-10,-0.552000,-0.112000,-0.643000,-0.518000,"Bloomberg BGN, exported by Charlie",france_italy_1y5y_bbg_2026-10-05.xlsx
2021-08-11,-0.537000,-0.093000,-0.645000,-0.521000,"Bloomberg BGN, exported by Charlie",france_italy_1y5y_bbg_2026-10-05.xlsx
2021-08-12,-0.517000,-0.112000,-0.648000,-0.518000,"Bloomberg BGN, exported by Charlie",france_italy_1y5y_bbg_2026-10-05.xlsx
2021-08-13,-0.517000,-0.113000,-0.644000,-0.515000,"Bloomberg BGN, exported by Charlie",france_italy_1y5y_bbg_2026-10-05.xlsx
2021-08-16,-0.517000,-0.097000,-0.652000,-0.514000,"Bloomberg BGN, exported by Charlie",france_italy_1y5y_bbg_2026-10-05.xlsx
2021-08-17,-0.516000,-0.094000,-0.646000,-0.513000,"Bloomberg BGN, exported by Charlie",france_italy_1y5y_bbg_2026-10-05.xlsx
2021-08-18,-0.522000,-0.111000,-0.648000,-0.523000,"Bloomberg BGN, exported by Charlie",france_italy_1y5y_bbg_2026-10-05.xlsx
2021-08-19,-0.523000,-0.107000,-0.647000,-0.529000,"Bloomberg BGN, exported by Charlie",france_italy_1y5y_bbg_2026-10-05.xlsx
2021-08-20,-0.524000,-0.113000,-0.648000,-0.536000,"Bloomberg BGN, exported by Charlie",france_italy_1y5y_bbg_2026-10-05.xlsx
2021-08-23,-0.521000,-0.089000,-0.658000,-0.528000,"Bloomberg BGN, exported by Charlie",france_italy_1y5y_bbg_2026-10-05.xlsx
2021-08-24,-0.513000,-0.100000,-0.661000,-0.523000,"Bloomberg BGN, exported by Charlie",france_italy_1y5y_bbg_2026-10-05.xlsx
2021-08-25,-0.506000,-0.022000,-0.659000,-0.482000,"Bloomberg BGN, exported by Charlie",france_italy_1y5y_bbg_2026-10-05.xlsx
2021-08-26,-0.497000,-0.021000,-0.652000,-0.470000,"Bloomberg BGN, exported by Charlie",france_italy_1y5y_bbg_2026-10-05.xlsx
2021-08-27,-0.504000,-0.050000,-0.649000,-0.482000,"Bloomberg BGN, exported by Charlie",france_italy_1y5y_bbg_2026-10-05.xlsx
2021-08-30,-0.505000,-0.074000,-0.652000,-0.493000,"Bloomberg BGN, exported by Charlie",france_italy_1y5y_bbg_2026-10-05.xlsx
2021-08-31,-0.502000,-0.004000,-0.654000,-0.451000,"Bloomberg BGN, exported by Charlie",france_italy_1y5y_bbg_2026-10-05.xlsx
2021-09-01,-0.507000,-0.020000,-0.654000,-0.455000,"Bloomberg BGN, exported by Charlie",france_italy_1y5y_bbg_2026-10-05.xlsx
2021-09-02,-0.511000,-0.043000,-0.652000,-0.469000,"Bloomberg BGN, exported by Charlie",france_italy_1y5y_bbg_2026-10-05.xlsx
2021-09-03,-0.509000,-0.019000,-0.645000,-0.452000,"Bloomberg BGN, exported by Charlie",france_italy_1y5y_bbg_2026-10-05.xlsx
2021-09-06,-0.508000,-0.030000,-0.647000,-0.456000,"Bloomberg BGN, exported by Charlie",france_italy_1y5y_bbg_2026-10-05.xlsx
2021-09-07,-0.492000,0.023000,-0.642000,-0.412000,"Bloomberg BGN, exported by Charlie",france_italy_1y5y_bbg_2026-10-05.xlsx
2021-09-08,-0.478000,0.031000,-0.646000,-0.412000,"Bloomberg BGN, exported by Charlie",france_italy_1y5y_bbg_2026-10-05.xlsx
2021-09-09,-0.501000,-0.027000,-0.648000,-0.454000,"Bloomberg BGN, exported by Charlie",france_italy_1y5y_bbg_2026-10-05.xlsx
2021-09-10,-0.480000,-0.009000,-0.648000,-0.425000,"Bloomberg BGN, exported by Charlie",france_italy_1y5y_bbg_2026-10-05.xlsx
2021-09-13,-0.489000,-0.021000,-0.654000,-0.430000,"Bloomberg BGN, exported by Charlie",france_italy_1y5y_bbg_2026-10-05.xlsx
2021-09-14,-0.497000,-0.057000,-0.652000,-0.436000,"Bloomberg BGN, exported by Charlie",france_italy_1y5y_bbg_2026-10-05.xlsx
2021-09-15,-0.497000,-0.023000,-0.650000,-0.413000,"Bloomberg BGN, exported by Charlie",france_italy_1y5y_bbg_2026-10-05.xlsx
2021-09-16,-0.508000,-0.025000,-0.648000,-0.420000,"Bloomberg BGN, exported by Charlie",france_italy_1y5y_bbg_2026-10-05.xlsx
2021-09-17,-0.506000,-0.005000,-0.645000,-0.406000,"Bloomberg BGN, exported by Charlie",france_italy_1y5y_bbg_2026-10-05.xlsx
2021-09-20,-0.511000,-0.009000,-0.650000,-0.428000,"Bloomberg BGN, exported by Charlie",france_italy_1y5y_bbg_2026-10-05.xlsx
2021-09-21,-0.513000,-0.028000,-0.649000,-0.428000,"Bloomberg BGN, exported by Charlie",france_italy_1y5y_bbg_2026-10-05.xlsx
2021-09-22,-0.521000,-0.059000,-0.649000,-0.430000,"Bloomberg BGN, exported by Charlie",france_italy_1y5y_bbg_2026-10-05.xlsx
2021-09-23,-0.518000,-0.022000,-0.647000,-0.378000,"Bloomberg BGN, exported by Charlie",france_italy_1y5y_bbg_2026-10-05.xlsx
2021-09-24,-0.515000,0.022000,-0.647000,-0.357000,"Bloomberg BGN, exported by Charlie",france_italy_1y5y_bbg_2026-10-05.xlsx
2021-09-27,-0.515000,0.039000,-0.649000,-0.348000,"Bloomberg BGN, exported by Charlie",france_italy_1y5y_bbg_2026-10-05.xlsx
2021-09-28,-0.508000,0.081000,-0.649000,-0.328000,"Bloomberg BGN, exported by Charlie",france_italy_1y5y_bbg_2026-10-05.xlsx
2021-09-29,-0.517000,0.060000,-0.649000,-0.338000,"Bloomberg BGN, exported by Charlie",france_italy_1y5y_bbg_2026-10-05.xlsx
2021-09-30,-0.509000,0.079000,-0.649000,-0.336000,"Bloomberg BGN, exported by Charlie",france_italy_1y5y_bbg_2026-10-05.xlsx
2021-10-01,-0.513000,0.038000,-0.646000,-0.360000,"Bloomberg BGN, exported by Charlie",france_italy_1y5y_bbg_2026-10-05.xlsx
2021-10-04,-0.512000,0.049000,-0.643000,-0.354000,"Bloomberg BGN, exported by Charlie",france_italy_1y5y_bbg_2026-10-05.xlsx
2021-10-05,-0.498000,0.065000,-0.646000,-0.339000,"Bloomberg BGN, exported by Charlie",france_italy_1y5y_bbg_2026-10-05.xlsx
2021-10-06,-0.491000,0.080000,-0.647000,-0.334000,"Bloomberg BGN, exported by Charlie",france_italy_1y5y_bbg_2026-10-05.xlsx
2021-10-07,-0.490000,0.061000,-0.650000,-0.350000,"Bloomberg BGN, exported by Charlie",france_italy_1y5y_bbg_2026-10-05.xlsx
2021-10-08,-0.483000,0.072000,-0.647000,-0.324000,"Bloomberg BGN, exported by Charlie",france_italy_1y5y_bbg_2026-10-05.xlsx
2021-10-11,-0.471000,0.099000,-0.645000,-0.298000,"Bloomberg BGN, exported by Charlie",france_italy_1y5y_bbg_2026-10-05.xlsx
2021-10-12,-0.475000,0.108000,-0.635000,-0.264000,"Bloomberg BGN, exported by Charlie",france_italy_1y5y_bbg_2026-10-05.xlsx
2021-10-13,-0.465000,0.113000,-0.639000,-0.277000,"Bloomberg BGN, exported by Charlie",france_italy_1y5y_bbg_2026-10-05.xlsx
2021-10-14,-0.471000,0.060000,-0.642000,-0.327000,"Bloomberg BGN, exported by Charlie",france_italy_1y5y_bbg_2026-10-05.xlsx
2021-10-15,-0.467000,0.081000,-0.638000,-0.309000,"Bloomberg BGN, exported by Charlie",france_italy_1y5y_bbg_2026-10-05.xlsx
2021-10-18,-0.461000,0.133000,-0.621000,-0.256000,"Bloomberg BGN, exported by Charlie",france_italy_1y5y_bbg_2026-10-05.xlsx
2021-10-19,-0.456000,0.170000,-0.623000,-0.233000,"Bloomberg BGN, exported by Charlie",france_italy_1y5y_bbg_2026-10-05.xlsx
2021-10-20,-0.461000,0.144000,-0.629000,-0.270000,"Bloomberg BGN, exported by Charlie",france_italy_1y5y_bbg_2026-10-05.xlsx
2021-10-21,-0.457000,0.167000,-0.632000,-0.237000,"Bloomberg BGN, exported by Charlie",france_italy_1y5y_bbg_2026-10-05.xlsx
2021-10-22,-0.460000,0.251000,-0.629000,-0.225000,"Bloomberg BGN, exported by Charlie",france_italy_1y5y_bbg_2026-10-05.xlsx
2021-10-25,-0.472000,0.218000,-0.629000,-0.252000,"Bloomberg BGN, exported by Charlie",france_italy_1y5y_bbg_2026-10-05.xlsx
2021-10-26,-0.482000,0.231000,-0.639000,-0.241000,"Bloomberg BGN, exported by Charlie",france_italy_1y5y_bbg_2026-10-05.xlsx
2021-10-27,-0.488000,0.214000,-0.644000,-0.272000,"Bloomberg BGN, exported by Charlie",france_italy_1y5y_bbg_2026-10-05.xlsx
2021-10-28,-0.480000,0.332000,-0.637000,-0.228000,"Bloomberg BGN, exported by Charlie",france_italy_1y5y_bbg_2026-10-05.xlsx
2021-10-29,-0.450000,0.433000,-0.637000,-0.167000,"Bloomberg BGN, exported by Charlie",france_italy_1y5y_bbg_2026-10-05.xlsx
2021-11-01,-0.457000,0.453000,-0.637000,-0.182000,"Bloomberg BGN, exported by Charlie",france_italy_1y5y_bbg_2026-10-05.xlsx
2021-11-02,-0.521000,0.288000,-0.649000,-0.267000,"Bloomberg BGN, exported by Charlie",france_italy_1y5y_bbg_2026-10-05.xlsx
2021-11-03,-0.531000,0.284000,-0.651000,-0.270000,"Bloomberg BGN, exported by Charlie",france_italy_1y5y_bbg_2026-10-05.xlsx
2021-11-04,-0.555000,0.161000,-0.668000,-0.362000,"Bloomberg BGN, exported by Charlie",france_italy_1y5y_bbg_2026-10-05.xlsx
2021-11-05,-0.545000,0.109000,-0.674000,-0.389000,"Bloomberg BGN, exported by Charlie",france_italy_1y5y_bbg_2026-10-05.xlsx
2021-11-08,-0.553000,0.115000,-0.707000,-0.366000,"Bloomberg BGN, exported by Charlie",france_italy_1y5y_bbg_2026-10-05.xlsx
2021-11-09,-0.586000,0.081000,-0.739000,-0.399000,"Bloomberg BGN, exported by Charlie",france_italy_1y5y_bbg_2026-10-05.xlsx
2021-11-10,-0.564000,0.162000,-0.745000,-0.335000,"Bloomberg BGN, exported by Charlie",france_italy_1y5y_bbg_2026-10-05.xlsx
2021-11-11,-0.504000,0.194000,-0.745000,-0.318000,"Bloomberg BGN, exported by Charlie",france_italy_1y5y_bbg_2026-10-05.xlsx
2021-11-12,-0.503000,0.181000,-0.742000,-0.356000,"Bloomberg BGN, exported by Charlie",france_italy_1y5y_bbg_2026-10-05.xlsx
2021-11-15,-0.503000,0.218000,-0.740000,-0.314000,"Bloomberg BGN, exported by Charlie",france_italy_1y5y_bbg_2026-10-05.xlsx
2021-11-16,-0.502000,0.189000,-0.748000,-0.357000,"Bloomberg BGN, exported by Charlie",france_italy_1y5y_bbg_2026-10-05.xlsx
2021-11-17,-0.501000,0.187000,-0.749000,-0.358000,"Bloomberg BGN, exported by Charlie",france_italy_1y5y_bbg_2026-10-05.xlsx
2021-11-18,-0.523000,0.142000,-0.745000,-0.387000,"Bloomberg BGN, exported by Charlie",france_italy_1y5y_bbg_2026-10-05.xlsx
2021-11-19,-0.534000,0.087000,-0.749000,-0.437000,"Bloomberg BGN, exported by Charlie",france_italy_1y5y_bbg_2026-10-05.xlsx
2021-11-22,-0.510000,0.152000,-0.743000,-0.391000,"Bloomberg BGN, exported by Charlie",france_italy_1y5y_bbg_2026-10-05.xlsx
2021-11-23,-0.485000,0.241000,-0.743000,-0.329000,"Bloomberg BGN, exported by Charlie",france_italy_1y5y_bbg_2026-10-05.xlsx
2021-11-24,-0.487000,0.249000,-0.750000,-0.337000,"Bloomberg BGN, exported by Charlie",france_italy_1y5y_bbg_2026-10-05.xlsx
2021-11-25,-0.485000,0.251000,-0.750000,-0.351000,"Bloomberg BGN, exported by Charlie",france_italy_1y5y_bbg_2026-10-05.xlsx
2021-11-26,-0.515000,0.188000,-0.753000,-0.419000,"Bloomberg BGN, exported by Charlie",france_italy_1y5y_bbg_2026-10-05.xlsx
2021-11-29,-0.512000,0.196000,-0.774000,-0.406000,"Bloomberg BGN, exported by Charlie",france_italy_1y5y_bbg_2026-10-05.xlsx
2021-11-30,-0.516000,0.211000,-0.786000,-0.408000,"Bloomberg BGN, exported by Charlie",france_italy_1y5y_bbg_2026-10-05.xlsx
2021-12-01,-0.498000,0.271000,-0.783000,-0.377000,"Bloomberg BGN, exported by Charlie",france_italy_1y5y_bbg_2026-10-05.xlsx
2021-12-02,-0.523000,0.224000,-0.834000,-0.416000,"Bloomberg BGN, exported by Charlie",france_italy_1y5y_bbg_2026-10-05.xlsx
2021-12-03,-0.527000,0.202000,-0.819000,-0.425000,"Bloomberg BGN, exported by Charlie",france_italy_1y5y_bbg_2026-10-05.xlsx
2021-12-06,-0.527000,0.161000,-0.836000,-0.425000,"Bloomberg BGN, exported by Charlie",france_italy_1y5y_bbg_2026-10-05.xlsx
2021-12-07,-0.516000,0.196000,-0.783000,-0.408000,"Bloomberg BGN, exported by Charlie",france_italy_1y5y_bbg_2026-10-05.xlsx
2021-12-08,-0.489000,0.276000,-0.768000,-0.359000,"Bloomberg BGN, exported by Charlie",france_italy_1y5y_bbg_2026-10-05.xlsx
2021-12-09,-0.504000,0.240000,-0.732000,-0.396000,"Bloomberg BGN, exported by Charlie",france_italy_1y5y_bbg_2026-10-05.xlsx
2021-12-10,-0.504000,0.199000,-0.675000,-0.383000,"Bloomberg BGN, exported by Charlie",france_italy_1y5y_bbg_2026-10-05.xlsx
2021-12-13,-0.545000,0.150000,-0.650000,-0.406000,"Bloomberg BGN, exported by Charlie",france_italy_1y5y_bbg_2026-10-05.xlsx
2021-12-14,-0.537000,0.193000,-0.647000,-0.391000,"Bloomberg BGN, exported by Charlie",france_italy_1y5y_bbg_2026-10-05.xlsx
2021-12-15,-0.537000,0.193000,-0.658000,-0.392000,"Bloomberg BGN, exported by Charlie",france_italy_1y5y_bbg_2026-10-05.xlsx
2021-12-16,-0.532000,0.230000,-0.672000,-0.388000,"Bloomberg BGN, exported by Charlie",france_italy_1y5y_bbg_2026-10-05.xlsx
2021-12-17,-0.552000,0.167000,-0.677000,-0.417000,"Bloomberg BGN, exported by Charlie",france_italy_1y5y_bbg_2026-10-05.xlsx
2021-12-20,-0.549000,0.188000,-0.675000,-0.421000,"Bloomberg BGN, exported by Charlie",france_italy_1y5y_bbg_2026-10-05.xlsx
2021-12-21,-0.505000,0.235000,-0.652000,-0.369000,"Bloomberg BGN, exported by Charlie",france_italy_1y5y_bbg_2026-10-05.xlsx
2021-12-22,-0.502000,0.277000,-0.649000,-0.353000,"Bloomberg BGN, exported by Charlie",france_italy_1y5y_bbg_2026-10-05.xlsx
2021-12-23,-0.490000,0.340000,-0.631000,-0.321000,"Bloomberg BGN, exported by Charlie",france_italy_1y5y_bbg_2026-10-05.xlsx
2021-12-24,-0.492000,0.341000,-0.633000,-0.321000,"Bloomberg BGN, exported by Charlie",france_italy_1y5y_bbg_2026-10-05.xlsx
2021-12-27,-0.453000,0.371000,-0.634000,-0.299000,"Bloomberg BGN, exported by Charlie",france_italy_1y5y_bbg_2026-10-05.xlsx
2021-12-28,-0.470000,0.362000,-0.638000,-0.293000,"Bloomberg BGN, exported by Charlie",france_italy_1y5y_bbg_2026-10-05.xlsx
2021-12-29,-0.588000,0.399000,-0.650000,-0.263000,"Bloomberg BGN, exported by Charlie",france_italy_1y5y_bbg_2026-10-05.xlsx
2021-12-30,-0.545000,0.413000,-0.655000,-0.262000,"Bloomberg BGN, exported by Charlie",france_italy_1y5y_bbg_2026-10-05.xlsx
2021-12-31,-0.547000,0.413000,-0.656000,-0.262000,"Bloomberg BGN, exported by Charlie",france_italy_1y5y_bbg_2026-10-05.xlsx
2022-01-03,-0.563000,0.433000,-0.653000,-0.221000,"Bloomberg BGN, exported by Charlie",france_italy_1y5y_bbg_2026-10-05.xlsx
2022-01-04,-0.558000,0.435000,-0.639000,-0.233000,"Bloomberg BGN, exported by Charlie",france_italy_1y5y_bbg_2026-10-05.xlsx
2022-01-05,-0.544000,0.442000,-0.653000,-0.242000,"Bloomberg BGN, exported by Charlie",france_italy_1y5y_bbg_2026-10-05.xlsx
2022-01-06,-0.540000,0.472000,-0.651000,-0.211000,"Bloomberg BGN, exported by Charlie",france_italy_1y5y_bbg_2026-10-05.xlsx
2022-01-07,-0.540000,0.497000,-0.645000,-0.187000,"Bloomberg BGN, exported by Charlie",france_italy_1y5y_bbg_2026-10-05.xlsx
2022-01-10,-0.539000,0.477000,-0.634000,-0.178000,"Bloomberg BGN, exported by Charlie",france_italy_1y5y_bbg_2026-10-05.xlsx
2022-01-11,-0.524000,0.494000,-0.626000,-0.157000,"Bloomberg BGN, exported by Charlie",france_italy_1y5y_bbg_2026-10-05.xlsx
2022-01-12,-0.538000,0.460000,-0.635000,-0.183000,"Bloomberg BGN, exported by Charlie",france_italy_1y5y_bbg_2026-10-05.xlsx
2022-01-13,-0.446000,0.435000,-0.630000,-0.204000,"Bloomberg BGN, exported by Charlie",france_italy_1y5y_bbg_2026-10-05.xlsx
2022-01-14,-0.441000,0.476000,-0.629000,-0.161000,"Bloomberg BGN, exported by Charlie",france_italy_1y5y_bbg_2026-10-05.xlsx
2022-01-17,-0.441000,0.485000,-0.642000,-0.137000,"Bloomberg BGN, exported by Charlie",france_italy_1y5y_bbg_2026-10-05.xlsx
2022-01-18,-0.445000,0.495000,-0.641000,-0.139000,"Bloomberg BGN, exported by Charlie",france_italy_1y5y_bbg_2026-10-05.xlsx
2022-01-19,-0.462000,0.513000,-0.634000,-0.134000,"Bloomberg BGN, exported by Charlie",france_italy_1y5y_bbg_2026-10-05.xlsx
2022-01-20,-0.468000,0.489000,-0.643000,-0.141000,"Bloomberg BGN, exported by Charlie",france_italy_1y5y_bbg_2026-10-05.xlsx
2022-01-21,-0.472000,0.474000,-0.649000,-0.169000,"Bloomberg BGN, exported by Charlie",france_italy_1y5y_bbg_2026-10-05.xlsx
2022-01-24,-0.476000,0.470000,-0.667000,-0.199000,"Bloomberg BGN, exported by Charlie",france_italy_1y5y_bbg_2026-10-05.xlsx
2022-01-25,-0.472000,0.464000,-0.668000,-0.178000,"Bloomberg BGN, exported by Charlie",france_italy_1y5y_bbg_2026-10-05.xlsx
2022-01-26,-0.450000,0.500000,-0.662000,-0.174000,"Bloomberg BGN, exported by Charlie",france_italy_1y5y_bbg_2026-10-05.xlsx
2022-01-27,-0.461000,0.469000,-0.660000,-0.146000,"Bloomberg BGN, exported by Charlie",france_italy_1y5y_bbg_2026-10-05.xlsx
2022-01-28,-0.464000,0.471000,-0.657000,-0.129000,"Bloomberg BGN, exported by Charlie",france_italy_1y5y_bbg_2026-10-05.xlsx
2022-01-31,-0.463000,0.491000,-0.650000,-0.049000,"Bloomberg BGN, exported by Charlie",france_italy_1y5y_bbg_2026-10-05.xlsx
2022-02-01,-0.426000,0.541000,-0.641000,-0.025000,"Bloomberg BGN, exported by Charlie",france_italy_1y5y_bbg_2026-10-05.xlsx
2022-02-02,-0.417000,0.577000,-0.636000,-0.004000,"Bloomberg BGN, exported by Charlie",france_italy_1y5y_bbg_2026-10-05.xlsx
2022-02-03,-0.346000,0.795000,-0.599000,0.147000,"Bloomberg BGN, exported by Charlie",france_italy_1y5y_bbg_2026-10-05.xlsx
2022-02-04,-0.318000,0.959000,-0.523000,0.243000,"Bloomberg BGN, exported by Charlie",france_italy_1y5y_bbg_2026-10-05.xlsx
2022-02-07,-0.315000,0.994000,-0.502000,0.260000,"Bloomberg BGN, exported by Charlie",france_italy_1y5y_bbg_2026-10-05.xlsx
2022-02-08,-0.345000,1.026000,-0.501000,0.294000,"Bloomberg BGN, exported by Charlie",france_italy_1y5y_bbg_2026-10-05.xlsx
2022-02-09,-0.402000,0.926000,-0.538000,0.227000,"Bloomberg BGN, exported by Charlie",france_italy_1y5y_bbg_2026-10-05.xlsx
2022-02-10,-0.395000,1.026000,-0.533000,0.298000,"Bloomberg BGN, exported by Charlie",france_italy_1y5y_bbg_2026-10-05.xlsx
2022-02-11,-0.335000,1.097000,-0.537000,0.301000,"Bloomberg BGN, exported by Charlie",france_italy_1y5y_bbg_2026-10-05.xlsx
2022-02-14,-0.367000,1.096000,-0.559000,0.267000,"Bloomberg BGN, exported by Charlie",france_italy_1y5y_bbg_2026-10-05.xlsx
2022-02-15,-0.386000,1.061000,-0.567000,0.269000,"Bloomberg BGN, exported by Charlie",france_italy_1y5y_bbg_2026-10-05.xlsx
2022-02-16,-0.443000,1.010000,-0.574000,0.247000,"Bloomberg BGN, exported by Charlie",france_italy_1y5y_bbg_2026-10-05.xlsx
2022-02-17,-0.501000,0.922000,-0.590000,0.184000,"Bloomberg BGN, exported by Charlie",france_italy_1y5y_bbg_2026-10-05.xlsx
2022-02-18,-0.496000,0.913000,-0.586000,0.137000,"Bloomberg BGN, exported by Charlie",france_italy_1y5y_bbg_2026-10-05.xlsx
2022-02-21,-0.464000,0.966000,-0.596000,0.179000,"Bloomberg BGN, exported by Charlie",france_italy_1y5y_bbg_2026-10-05.xlsx
2022-02-22,-0.462000,0.978000,-0.598000,0.216000,"Bloomberg BGN, exported by Charlie",france_italy_1y5y_bbg_2026-10-05.xlsx
2022-02-23,-0.430000,1.024000,-0.596000,0.230000,"Bloomberg BGN, exported by Charlie",france_italy_1y5y_bbg_2026-10-05.xlsx
2022-02-24,-0.464000,0.892000,-0.607000,0.161000,"Bloomberg BGN, exported by Charlie",france_italy_1y5y_bbg_2026-10-05.xlsx
2022-02-25,-0.457000,0.910000,-0.603000,0.212000,"Bloomberg BGN, exported by Charlie",france_italy_1y5y_bbg_2026-10-05.xlsx
2022-02-28,-0.514000,0.783000,-0.619000,0.054000,"Bloomberg BGN, exported by Charlie",france_italy_1y5y_bbg_2026-10-05.xlsx
2022-03-01,-0.558000,0.469000,-0.646000,-0.230000,"Bloomberg BGN, exported by Charlie",france_italy_1y5y_bbg_2026-10-05.xlsx
2022-03-02,-0.500000,0.597000,-0.627000,-0.054000,"Bloomberg BGN, exported by Charlie",france_italy_1y5y_bbg_2026-10-05.xlsx
2022-03-03,-0.505000,0.618000,-0.630000,-0.062000,"Bloomberg BGN, exported by Charlie",france_italy_1y5y_bbg_2026-10-05.xlsx
2022-03-04,-0.522000,0.595000,-0.670000,-0.142000,"Bloomberg BGN, exported by Charlie",france_italy_1y5y_bbg_2026-10-05.xlsx
2022-03-07,-0.509000,0.646000,-0.675000,-0.102000,"Bloomberg BGN, exported by Charlie",france_italy_1y5y_bbg_2026-10-05.xlsx
2022-03-08,-0.498000,0.643000,-0.669000,-0.026000,"Bloomberg BGN, exported by Charlie",france_italy_1y5y_bbg_2026-10-05.xlsx
2022-03-09,-0.474000,0.710000,-0.643000,0.070000,"Bloomberg BGN, exported by Charlie",france_italy_1y5y_bbg_2026-10-05.xlsx
2022-03-10,-0.430000,0.934000,-0.580000,0.208000,"Bloomberg BGN, exported by Charlie",france_italy_1y5y_bbg_2026-10-05.xlsx
2022-03-11,-0.408000,0.907000,-0.584000,0.202000,"Bloomberg BGN, exported by Charlie",france_italy_1y5y_bbg_2026-10-05.xlsx
2022-03-14,-0.435000,1.001000,-0.555000,0.295000,"Bloomberg BGN, exported by Charlie",france_italy_1y5y_bbg_2026-10-05.xlsx
2022-03-15,-0.469000,0.920000,-0.585000,0.236000,"Bloomberg BGN, exported by Charlie",france_italy_1y5y_bbg_2026-10-05.xlsx
2022-03-16,-0.472000,0.920000,-0.587000,0.304000,"Bloomberg BGN, exported by Charlie",france_italy_1y5y_bbg_2026-10-05.xlsx
2022-03-17,-0.481000,0.930000,-0.618000,0.300000,"Bloomberg BGN, exported by Charlie",france_italy_1y5y_bbg_2026-10-05.xlsx
2022-03-18,-0.482000,0.916000,-0.615000,0.292000,"Bloomberg BGN, exported by Charlie",france_italy_1y5y_bbg_2026-10-05.xlsx
2022-03-21,-0.461000,0.997000,-0.580000,0.382000,"Bloomberg BGN, exported by Charlie",france_italy_1y5y_bbg_2026-10-05.xlsx
2022-03-22,-0.451000,1.015000,-0.570000,0.433000,"Bloomberg BGN, exported by Charlie",france_italy_1y5y_bbg_2026-10-05.xlsx
2022-03-23,-0.462000,0.988000,-0.582000,0.397000,"Bloomberg BGN, exported by Charlie",france_italy_1y5y_bbg_2026-10-05.xlsx
2022-03-24,-0.450000,1.064000,-0.579000,0.470000,"Bloomberg BGN, exported by Charlie",france_italy_1y5y_bbg_2026-10-05.xlsx
2022-03-25,-0.445000,1.089000,-0.545000,0.544000,"Bloomberg BGN, exported by Charlie",france_italy_1y5y_bbg_2026-10-05.xlsx
2022-03-28,-0.419000,1.146000,-0.534000,0.553000,"Bloomberg BGN, exported by Charlie",france_italy_1y5y_bbg_2026-10-05.xlsx
2022-03-29,-0.407000,1.203000,-0.449000,0.628000,"Bloomberg BGN, exported by Charlie",france_italy_1y5y_bbg_2026-10-05.xlsx
2022-03-30,-0.366000,1.271000,-0.430000,0.675000,"Bloomberg BGN, exported by Charlie",france_italy_1y5y_bbg_2026-10-05.xlsx
2022-03-31,-0.407000,1.177000,-0.444000,0.572000,"Bloomberg BGN, exported by Charlie",france_italy_1y5y_bbg_2026-10-05.xlsx
2022-04-01,-0.381000,1.432000,-0.418000,0.593000,"Bloomberg BGN, exported by Charlie",france_italy_1y5y_bbg_2026-10-05.xlsx
2022-04-04,-0.389000,1.409000,-0.396000,0.588000,"Bloomberg BGN, exported by Charlie",france_italy_1y5y_bbg_2026-10-05.xlsx
2022-04-05,-0.363000,1.575000,-0.373000,0.719000,"Bloomberg BGN, exported by Charlie",france_italy_1y5y_bbg_2026-10-05.xlsx
2022-04-06,-0.372000,1.590000,-0.380000,0.717000,"Bloomberg BGN, exported by Charlie",france_italy_1y5y_bbg_2026-10-05.xlsx
2022-04-07,-0.376000,1.619000,-0.360000,0.745000,"Bloomberg BGN, exported by Charlie",france_italy_1y5y_bbg_2026-10-05.xlsx
2022-04-08,-0.357000,1.689000,-0.329000,0.805000,"Bloomberg BGN, exported by Charlie",france_italy_1y5y_bbg_2026-10-05.xlsx
2022-04-11,-0.325000,1.752000,-0.323000,0.853000,"Bloomberg BGN, exported by Charlie",france_italy_1y5y_bbg_2026-10-05.xlsx
2022-04-12,-0.303000,1.668000,-0.327000,0.802000,"Bloomberg BGN, exported by Charlie",france_italy_1y5y_bbg_2026-10-05.xlsx
2022-04-13,-0.141000,1.641000,-0.319000,0.781000,"Bloomberg BGN, exported by Charlie",france_italy_1y5y_bbg_2026-10-05.xlsx
2022-04-14,-0.155000,1.690000,-0.299000,0.802000,"Bloomberg BGN, exported by Charlie",france_italy_1y5y_bbg_2026-10-05.xlsx
2022-04-19,-0.191000,1.716000,-0.329000,0.822000,"Bloomberg BGN, exported by Charlie",france_italy_1y5y_bbg_2026-10-05.xlsx
2022-04-20,-0.212000,1.686000,-0.324000,0.803000,"Bloomberg BGN, exported by Charlie",france_italy_1y5y_bbg_2026-10-05.xlsx
2022-04-21,-0.180000,1.803000,-0.271000,0.910000,"Bloomberg BGN, exported by Charlie",france_italy_1y5y_bbg_2026-10-05.xlsx
2022-04-22,-0.142000,1.888000,-0.231000,0.952000,"Bloomberg BGN, exported by Charlie",france_italy_1y5y_bbg_2026-10-05.xlsx
2022-04-25,-0.161000,1.781000,-0.248000,0.805000,"Bloomberg BGN, exported by Charlie",france_italy_1y5y_bbg_2026-10-05.xlsx
2022-04-26,-0.138000,1.762000,-0.172000,0.796000,"Bloomberg BGN, exported by Charlie",france_italy_1y5y_bbg_2026-10-05.xlsx
2022-04-27,-0.159000,1.758000,-0.178000,0.762000,"Bloomberg BGN, exported by Charlie",france_italy_1y5y_bbg_2026-10-05.xlsx
2022-04-28,-0.112000,1.891000,-0.164000,0.866000,"Bloomberg BGN, exported by Charlie",france_italy_1y5y_bbg_2026-10-05.xlsx
2022-04-29,-0.065000,1.957000,-0.149000,0.894000,"Bloomberg BGN, exported by Charlie",france_italy_1y5y_bbg_2026-10-05.xlsx
2022-05-02,-0.047000,2.024000,-0.156000,0.913000,"Bloomberg BGN, exported by Charlie",france_italy_1y5y_bbg_2026-10-05.xlsx
2022-05-03,0.003000,2.063000,-0.167000,0.935000,"Bloomberg BGN, exported by Charlie",france_italy_1y5y_bbg_2026-10-05.xlsx
2022-05-04,0.058000,2.171000,-0.161000,0.952000,"Bloomberg BGN, exported by Charlie",france_italy_1y5y_bbg_2026-10-05.xlsx
2022-05-05,0.073000,2.234000,-0.162000,0.999000,"Bloomberg BGN, exported by Charlie",france_italy_1y5y_bbg_2026-10-05.xlsx
2022-05-06,0.100000,2.339000,-0.117000,1.082000,"Bloomberg BGN, exported by Charlie",france_italy_1y5y_bbg_2026-10-05.xlsx
2022-05-09,0.115000,2.311000,-0.122000,1.013000,"Bloomberg BGN, exported by Charlie",france_italy_1y5y_bbg_2026-10-05.xlsx
2022-05-10,0.061000,2.162000,-0.147000,0.930000,"Bloomberg BGN, exported by Charlie",france_italy_1y5y_bbg_2026-10-05.xlsx
2022-05-11,0.052000,2.031000,-0.166000,0.893000,"Bloomberg BGN, exported by Charlie",france_italy_1y5y_bbg_2026-10-05.xlsx
2022-05-12,0.107000,1.851000,-0.184000,0.746000,"Bloomberg BGN, exported by Charlie",france_italy_1y5y_bbg_2026-10-05.xlsx
2022-05-13,0.136000,1.967000,-0.157000,0.831000,"Bloomberg BGN, exported by Charlie",france_italy_1y5y_bbg_2026-10-05.xlsx
2022-05-16,0.138000,1.971000,-0.118000,0.841000,"Bloomberg BGN, exported by Charlie",france_italy_1y5y_bbg_2026-10-05.xlsx
2022-05-17,0.223000,2.102000,-0.069000,0.964000,"Bloomberg BGN, exported by Charlie",france_italy_1y5y_bbg_2026-10-05.xlsx
2022-05-18,0.239000,2.131000,-0.060000,0.967000,"Bloomberg BGN, exported by Charlie",france_italy_1y5y_bbg_2026-10-05.xlsx
2022-05-19,0.238000,2.096000,-0.061000,0.918000,"Bloomberg BGN, exported by Charlie",france_italy_1y5y_bbg_2026-10-05.xlsx
2022-05-20,0.268000,2.176000,-0.046000,0.887000,"Bloomberg BGN, exported by Charlie",france_italy_1y5y_bbg_2026-10-05.xlsx
2022-05-23,0.285000,2.211000,-0.027000,0.976000,"Bloomberg BGN, exported by Charlie",france_italy_1y5y_bbg_2026-10-05.xlsx
2022-05-24,0.278000,2.155000,0.051000,0.931000,"Bloomberg BGN, exported by Charlie",france_italy_1y5y_bbg_2026-10-05.xlsx
2022-05-25,0.262000,2.110000,0.049000,0.896000,"Bloomberg BGN, exported by Charlie",france_italy_1y5y_bbg_2026-10-05.xlsx
2022-05-26,0.218000,2.025000,0.051000,0.916000,"Bloomberg BGN, exported by Charlie",france_italy_1y5y_bbg_2026-10-05.xlsx
2022-05-27,0.221000,2.039000,0.057000,0.893000,"Bloomberg BGN, exported by Charlie",france_italy_1y5y_bbg_2026-10-05.xlsx
2022-05-30,0.247000,2.147000,0.093000,0.994000,"Bloomberg BGN, exported by Charlie",france_italy_1y5y_bbg_2026-10-05.xlsx
2022-05-31,0.280000,2.262000,0.123000,1.064000,"Bloomberg BGN, exported by Charlie",france_italy_1y5y_bbg_2026-10-05.xlsx
2022-06-01,0.308000,2.355000,0.122000,1.129000,"Bloomberg BGN, exported by Charlie",france_italy_1y5y_bbg_2026-10-05.xlsx
2022-06-02,0.377000,2.461000,0.147000,1.198000,"Bloomberg BGN, exported by Charlie",france_italy_1y5y_bbg_2026-10-05.xlsx
2022-06-03,0.402000,2.546000,0.179000,1.238000,"Bloomberg BGN, exported by Charlie",france_italy_1y5y_bbg_2026-10-05.xlsx
2022-06-06,0.432000,2.567000,0.219000,1.276000,"Bloomberg BGN, exported by Charlie",france_italy_1y5y_bbg_2026-10-05.xlsx
2022-06-07,0.404000,2.491000,0.234000,1.256000,"Bloomberg BGN, exported by Charlie",france_italy_1y5y_bbg_2026-10-05.xlsx
2022-06-08,0.441000,2.550000,0.254000,1.307000,"Bloomberg BGN, exported by Charlie",france_italy_1y5y_bbg_2026-10-05.xlsx
2022-06-09,0.533000,2.822000,0.295000,1.444000,"Bloomberg BGN, exported by Charlie",france_italy_1y5y_bbg_2026-10-05.xlsx
2022-06-10,0.683000,3.050000,0.383000,1.606000,"Bloomberg BGN, exported by Charlie",france_italy_1y5y_bbg_2026-10-05.xlsx
2022-06-13,1.125000,3.386000,0.541000,1.803000,"Bloomberg BGN, exported by Charlie",france_italy_1y5y_bbg_2026-10-05.xlsx
2022-06-14,1.138000,3.515000,0.634000,1.884000,"Bloomberg BGN, exported by Charlie",france_italy_1y5y_bbg_2026-10-05.xlsx
2022-06-15,0.919000,3.070000,0.580000,1.720000,"Bloomberg BGN, exported by Charlie",france_italy_1y5y_bbg_2026-10-05.xlsx
2022-06-16,0.923000,3.033000,0.589000,1.806000,"Bloomberg BGN, exported by Charlie",france_italy_1y5y_bbg_2026-10-05.xlsx
2022-06-17,0.848000,2.855000,0.509000,1.724000,"Bloomberg BGN, exported by Charlie",france_italy_1y5y_bbg_2026-10-05.xlsx
2022-06-20,0.882000,2.929000,0.557000,1.815000,"Bloomberg BGN, exported by Charlie",france_italy_1y5y_bbg_2026-10-05.xlsx
2022-06-21,0.832000,2.915000,0.673000,1.826000,"Bloomberg BGN, exported by Charlie",france_italy_1y5y_bbg_2026-10-05.xlsx
2022-06-22,0.733000,2.768000,0.644000,1.830000,"Bloomberg BGN, exported by Charlie",france_italy_1y5y_bbg_2026-10-05.xlsx
2022-06-23,0.597000,2.574000,0.538000,1.597000,"Bloomberg BGN, exported by Charlie",france_italy_1y5y_bbg_2026-10-05.xlsx
2022-06-24,0.658000,2.626000,0.542000,1.571000,"Bloomberg BGN, exported by Charlie",france_italy_1y5y_bbg_2026-10-05.xlsx
2022-06-27,0.685000,2.704000,0.616000,1.693000,"Bloomberg BGN, exported by Charlie",france_italy_1y5y_bbg_2026-10-05.xlsx
2022-06-28,0.686000,2.730000,0.651000,1.775000,"Bloomberg BGN, exported by Charlie",france_italy_1y5y_bbg_2026-10-05.xlsx
2022-06-29,0.626000,2.550000,0.577000,1.647000,"Bloomberg BGN, exported by Charlie",france_italy_1y5y_bbg_2026-10-05.xlsx
2022-06-30,0.535000,2.408000,0.470000,1.471000,"Bloomberg BGN, exported by Charlie",france_italy_1y5y_bbg_2026-10-05.xlsx
2022-07-01,0.435000,2.203000,0.422000,1.333000,"Bloomberg BGN, exported by Charlie",france_italy_1y5y_bbg_2026-10-05.xlsx
2022-07-04,0.496000,2.342000,0.470000,1.468000,"Bloomberg BGN, exported by Charlie",france_italy_1y5y_bbg_2026-10-05.xlsx
2022-07-05,0.457000,2.221000,0.393000,1.315000,"Bloomberg BGN, exported by Charlie",france_italy_1y5y_bbg_2026-10-05.xlsx
2022-07-06,0.434000,2.193000,0.339000,1.279000,"Bloomberg BGN, exported by Charlie",france_italy_1y5y_bbg_2026-10-05.xlsx
2022-07-07,0.523000,2.388000,0.419000,1.416000,"Bloomberg BGN, exported by Charlie",france_italy_1y5y_bbg_2026-10-05.xlsx
2022-07-08,0.489000,2.356000,0.434000,1.415000,"Bloomberg BGN, exported by Charlie",france_italy_1y5y_bbg_2026-10-05.xlsx
2022-07-11,0.472000,2.291000,0.431000,1.301000,"Bloomberg BGN, exported by Charlie",france_italy_1y5y_bbg_2026-10-05.xlsx
2022-07-12,0.516000,2.202000,0.353000,1.193000,"Bloomberg BGN, exported by Charlie",france_italy_1y5y_bbg_2026-10-05.xlsx
2022-07-13,0.792000,2.280000,0.367000,1.239000,"Bloomberg BGN, exported by Charlie",france_italy_1y5y_bbg_2026-10-05.xlsx
2022-07-14,0.892000,2.423000,0.427000,1.295000,"Bloomberg BGN, exported by Charlie",france_italy_1y5y_bbg_2026-10-05.xlsx
2022-07-15,0.853000,2.472000,0.312000,1.256000,"Bloomberg BGN, exported by Charlie",france_italy_1y5y_bbg_2026-10-05.xlsx
2022-07-18,0.865000,2.437000,0.306000,1.334000,"Bloomberg BGN, exported by Charlie",france_italy_1y5y_bbg_2026-10-05.xlsx
2022-07-19,0.944000,2.543000,0.536000,1.408000,"Bloomberg BGN, exported by Charlie",france_italy_1y5y_bbg_2026-10-05.xlsx
2022-07-20,0.963000,2.641000,0.499000,1.400000,"Bloomberg BGN, exported by Charlie",france_italy_1y5y_bbg_2026-10-05.xlsx
2022-07-21,1.049000,2.841000,0.507000,1.399000,"Bloomberg BGN, exported by Charlie",france_italy_1y5y_bbg_2026-10-05.xlsx
2022-07-22,0.851000,2.560000,0.409000,1.152000,"Bloomberg BGN, exported by Charlie",france_italy_1y5y_bbg_2026-10-05.xlsx
2022-07-25,0.884000,2.540000,0.452000,1.127000,"Bloomberg BGN, exported by Charlie",france_italy_1y5y_bbg_2026-10-05.xlsx
2022-07-26,0.838000,2.495000,0.446000,1.025000,"Bloomberg BGN, exported by Charlie",france_italy_1y5y_bbg_2026-10-05.xlsx
2022-07-27,0.862000,2.594000,0.482000,1.065000,"Bloomberg BGN, exported by Charlie",france_italy_1y5y_bbg_2026-10-05.xlsx
2022-07-28,0.752000,2.402000,0.387000,0.897000,"Bloomberg BGN, exported by Charlie",france_italy_1y5y_bbg_2026-10-05.xlsx
2022-07-29,0.698000,2.219000,0.427000,0.889000,"Bloomberg BGN, exported by Charlie",france_italy_1y5y_bbg_2026-10-05.xlsx
2022-08-01,0.677000,2.074000,0.446000,0.870000,"Bloomberg BGN, exported by Charlie",france_italy_1y5y_bbg_2026-10-05.xlsx
2022-08-02,0.721000,2.166000,0.458000,0.931000,"Bloomberg BGN, exported by Charlie",france_italy_1y5y_bbg_2026-10-05.xlsx
2022-08-03,0.740000,2.133000,0.475000,0.978000,"Bloomberg BGN, exported by Charlie",france_italy_1y5y_bbg_2026-10-05.xlsx
2022-08-04,0.718000,2.050000,0.448000,0.897000,"Bloomberg BGN, exported by Charlie",france_italy_1y5y_bbg_2026-10-05.xlsx
2022-08-05,0.755000,2.121000,0.516000,1.047000,"Bloomberg BGN, exported by Charlie",france_italy_1y5y_bbg_2026-10-05.xlsx
2022-08-08,0.761000,2.138000,0.548000,1.014000,"Bloomberg BGN, exported by Charlie",france_italy_1y5y_bbg_2026-10-05.xlsx
2022-08-09,0.853000,2.162000,0.559000,1.029000,"Bloomberg BGN, exported by Charlie",france_italy_1y5y_bbg_2026-10-05.xlsx
2022-08-10,0.840000,2.105000,0.510000,1.005000,"Bloomberg BGN, exported by Charlie",france_italy_1y5y_bbg_2026-10-05.xlsx
2022-08-11,0.955000,2.115000,0.518000,1.071000,"Bloomberg BGN, exported by Charlie",france_italy_1y5y_bbg_2026-10-05.xlsx
2022-08-12,0.949000,2.172000,0.522000,1.102000,"Bloomberg BGN, exported by Charlie",france_italy_1y5y_bbg_2026-10-05.xlsx
2022-08-15,0.912000,2.110000,0.507000,1.026000,"Bloomberg BGN, exported by Charlie",france_italy_1y5y_bbg_2026-10-05.xlsx
2022-08-16,0.953000,2.253000,0.538000,1.095000,"Bloomberg BGN, exported by Charlie",france_italy_1y5y_bbg_2026-10-05.xlsx
2022-08-17,1.017000,2.471000,0.625000,1.243000,"Bloomberg BGN, exported by Charlie",france_italy_1y5y_bbg_2026-10-05.xlsx
2022-08-18,1.024000,2.485000,0.648000,1.262000,"Bloomberg BGN, exported by Charlie",france_italy_1y5y_bbg_2026-10-05.xlsx
2022-08-19,1.094000,2.614000,0.705000,1.381000,"Bloomberg BGN, exported by Charlie",france_italy_1y5y_bbg_2026-10-05.xlsx
2022-08-22,1.131000,2.760000,0.658000,1.469000,"Bloomberg BGN, exported by Charlie",france_italy_1y5y_bbg_2026-10-05.xlsx
2022-08-23,1.114000,2.730000,0.632000,1.465000,"Bloomberg BGN, exported by Charlie",france_italy_1y5y_bbg_2026-10-05.xlsx
2022-08-24,1.131000,2.785000,0.643000,1.535000,"Bloomberg BGN, exported by Charlie",france_italy_1y5y_bbg_2026-10-05.xlsx
2022-08-25,1.091000,2.620000,0.616000,1.471000,"Bloomberg BGN, exported by Charlie",france_italy_1y5y_bbg_2026-10-05.xlsx
2022-08-26,1.201000,2.793000,0.634000,1.568000,"Bloomberg BGN, exported by Charlie",france_italy_1y5y_bbg_2026-10-05.xlsx
2022-08-29,1.306000,2.919000,0.694000,1.687000,"Bloomberg BGN, exported by Charlie",france_italy_1y5y_bbg_2026-10-05.xlsx
2022-08-30,1.316000,2.952000,0.694000,1.704000,"Bloomberg BGN, exported by Charlie",france_italy_1y5y_bbg_2026-10-05.xlsx
2022-08-31,1.398000,3.224000,0.707000,1.737000,"Bloomberg BGN, exported by Charlie",france_italy_1y5y_bbg_2026-10-05.xlsx
2022-09-01,1.496000,3.235000,0.693000,1.737000,"Bloomberg BGN, exported by Charlie",france_italy_1y5y_bbg_2026-10-05.xlsx
2022-09-02,1.545000,3.120000,0.693000,1.683000,"Bloomberg BGN, exported by Charlie",france_italy_1y5y_bbg_2026-10-05.xlsx
2022-09-05,1.600000,3.224000,0.789000,1.735000,"Bloomberg BGN, exported by Charlie",france_italy_1y5y_bbg_2026-10-05.xlsx
2022-09-06,1.601000,3.269000,0.839000,1.784000,"Bloomberg BGN, exported by Charlie",france_italy_1y5y_bbg_2026-10-05.xlsx
2022-09-07,1.597000,3.165000,0.907000,1.730000,"Bloomberg BGN, exported by Charlie",france_italy_1y5y_bbg_2026-10-05.xlsx
2022-09-08,1.748000,3.301000,1.145000,1.892000,"Bloomberg BGN, exported by Charlie",france_italy_1y5y_bbg_2026-10-05.xlsx
2022-09-09,1.908000,3.342000,1.206000,1.892000,"Bloomberg BGN, exported by Charlie",france_italy_1y5y_bbg_2026-10-05.xlsx
2022-09-12,2.051000,3.302000,1.265000,1.839000,"Bloomberg BGN, exported by Charlie",france_italy_1y5y_bbg_2026-10-05.xlsx
2022-09-13,2.049000,3.353000,1.543000,1.921000,"Bloomberg BGN, exported by Charlie",france_italy_1y5y_bbg_2026-10-05.xlsx
2022-09-14,2.086000,3.391000,1.525000,1.934000,"Bloomberg BGN, exported by Charlie",france_italy_1y5y_bbg_2026-10-05.xlsx
2022-09-15,2.123000,3.461000,1.594000,2.001000,"Bloomberg BGN, exported by Charlie",france_italy_1y5y_bbg_2026-10-05.xlsx
2022-09-16,2.151000,3.454000,1.737000,1.994000,"Bloomberg BGN, exported by Charlie",france_italy_1y5y_bbg_2026-10-05.xlsx
2022-09-19,2.192000,3.498000,1.827000,2.053000,"Bloomberg BGN, exported by Charlie",france_italy_1y5y_bbg_2026-10-05.xlsx
2022-09-20,2.237000,3.605000,1.797000,2.170000,"Bloomberg BGN, exported by Charlie",france_italy_1y5y_bbg_2026-10-05.xlsx
2022-09-21,2.251000,3.605000,1.797000,2.176000,"Bloomberg BGN, exported by Charlie",france_italy_1y5y_bbg_2026-10-05.xlsx
2022-09-22,2.294000,3.640000,1.836000,2.266000,"Bloomberg BGN, exported by Charlie",france_italy_1y5y_bbg_2026-10-05.xlsx
2022-09-23,2.388000,3.851000,1.868000,2.349000,"Bloomberg BGN, exported by Charlie",france_italy_1y5y_bbg_2026-10-05.xlsx
2022-09-26,2.425000,4.048000,1.879000,2.440000,"Bloomberg BGN, exported by Charlie",france_italy_1y5y_bbg_2026-10-05.xlsx
2022-09-27,2.485000,4.221000,1.872000,2.526000,"Bloomberg BGN, exported by Charlie",france_italy_1y5y_bbg_2026-10-05.xlsx
2022-09-28,2.303000,3.953000,1.856000,2.392000,"Bloomberg BGN, exported by Charlie",france_italy_1y5y_bbg_2026-10-05.xlsx
2022-09-29,2.302000,4.026000,1.877000,2.415000,"Bloomberg BGN, exported by Charlie",france_italy_1y5y_bbg_2026-10-05.xlsx
2022-09-30,2.242000,3.888000,1.883000,2.348000,"Bloomberg BGN, exported by Charlie",france_italy_1y5y_bbg_2026-10-05.xlsx
2022-10-03,2.104000,3.627000,1.766000,2.156000,"Bloomberg BGN, exported by Charlie",france_italy_1y5y_bbg_2026-10-05.xlsx
2022-10-04,2.079000,3.531000,1.688000,2.079000,"Bloomberg BGN, exported by Charlie",france_italy_1y5y_bbg_2026-10-05.xlsx
2022-10-05,2.122000,3.808000,1.777000,2.243000,"Bloomberg BGN, exported by Charlie",france_italy_1y5y_bbg_2026-10-05.xlsx
2022-10-06,2.282000,3.898000,1.806000,2.311000,"Bloomberg BGN, exported by Charlie",france_italy_1y5y_bbg_2026-10-05.xlsx
2022-10-07,2.358000,4.114000,1.840000,2.413000,"Bloomberg BGN, exported by Charlie",france_italy_1y5y_bbg_2026-10-05.xlsx
2022-10-10,2.291000,3.950000,1.873000,2.483000,"Bloomberg BGN, exported by Charlie",france_italy_1y5y_bbg_2026-10-05.xlsx
2022-10-11,2.348000,3.991000,1.971000,2.442000,"Bloomberg BGN, exported by Charlie",france_italy_1y5y_bbg_2026-10-05.xlsx
2022-10-12,2.386000,4.018000,1.979000,2.452000,"Bloomberg BGN, exported by Charlie",france_italy_1y5y_bbg_2026-10-05.xlsx
2022-10-13,2.526000,4.001000,2.036000,2.476000,"Bloomberg BGN, exported by Charlie",france_italy_1y5y_bbg_2026-10-05.xlsx
2022-10-14,2.536000,4.087000,2.126000,2.522000,"Bloomberg BGN, exported by Charlie",france_italy_1y5y_bbg_2026-10-05.xlsx
2022-10-17,2.516000,4.008000,2.157000,2.479000,"Bloomberg BGN, exported by Charlie",france_italy_1y5y_bbg_2026-10-05.xlsx
2022-10-18,2.526000,4.027000,2.132000,2.485000,"Bloomberg BGN, exported by Charlie",france_italy_1y5y_bbg_2026-10-05.xlsx
2022-10-19,2.575000,4.131000,2.155000,2.610000,"Bloomberg BGN, exported by Charlie",france_italy_1y5y_bbg_2026-10-05.xlsx
2022-10-20,2.595000,4.118000,2.172000,2.614000,"Bloomberg BGN, exported by Charlie",france_italy_1y5y_bbg_2026-10-05.xlsx
2022-10-21,2.551000,4.096000,2.128000,2.580000,"Bloomberg BGN, exported by Charlie",france_italy_1y5y_bbg_2026-10-05.xlsx
2022-10-24,2.499000,3.954000,2.208000,2.505000,"Bloomberg BGN, exported by Charlie",france_italy_1y5y_bbg_2026-10-05.xlsx
2022-10-25,2.428000,3.755000,2.162000,2.377000,"Bloomberg BGN, exported by Charlie",france_italy_1y5y_bbg_2026-10-05.xlsx
2022-10-26,2.443000,3.715000,2.192000,2.335000,"Bloomberg BGN, exported by Charlie",france_italy_1y5y_bbg_2026-10-05.xlsx
2022-10-27,2.276000,3.387000,2.091000,2.142000,"Bloomberg BGN, exported by Charlie",france_italy_1y5y_bbg_2026-10-05.xlsx
2022-10-28,2.425000,3.588000,2.105000,2.310000,"Bloomberg BGN, exported by Charlie",france_italy_1y5y_bbg_2026-10-05.xlsx
2022-10-31,2.529000,3.680000,2.161000,2.333000,"Bloomberg BGN, exported by Charlie",france_italy_1y5y_bbg_2026-10-05.xlsx
2022-11-01,2.489000,3.635000,2.173000,2.321000,"Bloomberg BGN, exported by Charlie",france_italy_1y5y_bbg_2026-10-05.xlsx
2022-11-02,2.499000,3.675000,2.179000,2.348000,"Bloomberg BGN, exported by Charlie",france_italy_1y5y_bbg_2026-10-05.xlsx
2022-11-03,2.538000,3.808000,2.189000,2.451000,"Bloomberg BGN, exported by Charlie",france_italy_1y5y_bbg_2026-10-05.xlsx
2022-11-04,2.538000,3.864000,2.234000,2.502000,"Bloomberg BGN, exported by Charlie",france_italy_1y5y_bbg_2026-10-05.xlsx
2022-11-07,2.572000,3.891000,2.307000,2.552000,"Bloomberg BGN, exported by Charlie",france_italy_1y5y_bbg_2026-10-05.xlsx
2022-11-08,2.578000,3.810000,2.356000,2.507000,"Bloomberg BGN, exported by Charlie",france_italy_1y5y_bbg_2026-10-05.xlsx
2022-11-09,2.545000,3.713000,2.314000,2.408000,"Bloomberg BGN, exported by Charlie",france_italy_1y5y_bbg_2026-10-05.xlsx
2022-11-10,2.446000,3.416000,2.304000,2.233000,"Bloomberg BGN, exported by Charlie",france_italy_1y5y_bbg_2026-10-05.xlsx
2022-11-11,2.637000,3.627000,2.365000,2.406000,"Bloomberg BGN, exported by Charlie",france_italy_1y5y_bbg_2026-10-05.xlsx
2022-11-14,2.630000,3.581000,2.367000,2.401000,"Bloomberg BGN, exported by Charlie",france_italy_1y5y_bbg_2026-10-05.xlsx
2022-11-15,2.578000,3.473000,2.356000,2.376000,"Bloomberg BGN, exported by Charlie",france_italy_1y5y_bbg_2026-10-05.xlsx
2022-11-16,2.560000,3.372000,2.315000,2.260000,"Bloomberg BGN, exported by Charlie",france_italy_1y5y_bbg_2026-10-05.xlsx
2022-11-17,2.553000,3.375000,2.338000,2.280000,"Bloomberg BGN, exported by Charlie",france_italy_1y5y_bbg_2026-10-05.xlsx
2022-11-18,2.541000,3.344000,2.324000,2.260000,"Bloomberg BGN, exported by Charlie",france_italy_1y5y_bbg_2026-10-05.xlsx
2022-11-21,2.603000,3.408000,2.310000,2.242000,"Bloomberg BGN, exported by Charlie",france_italy_1y5y_bbg_2026-10-05.xlsx
2022-11-22,2.572000,3.388000,2.307000,2.229000,"Bloomberg BGN, exported by Charlie",france_italy_1y5y_bbg_2026-10-05.xlsx
2022-11-23,2.560000,3.335000,2.328000,2.215000,"Bloomberg BGN, exported by Charlie",france_italy_1y5y_bbg_2026-10-05.xlsx
2022-11-24,2.528000,3.230000,2.310000,2.151000,"Bloomberg BGN, exported by Charlie",france_italy_1y5y_bbg_2026-10-05.xlsx
2022-11-25,2.557000,3.377000,2.341000,2.283000,"Bloomberg BGN, exported by Charlie",france_italy_1y5y_bbg_2026-10-05.xlsx
2022-11-28,2.572000,3.411000,2.367000,2.299000,"Bloomberg BGN, exported by Charlie",france_italy_1y5y_bbg_2026-10-05.xlsx
2022-11-29,2.526000,3.304000,2.333000,2.215000,"Bloomberg BGN, exported by Charlie",france_italy_1y5y_bbg_2026-10-05.xlsx
2022-11-30,2.518000,3.354000,2.328000,2.213000,"Bloomberg BGN, exported by Charlie",france_italy_1y5y_bbg_2026-10-05.xlsx
2022-12-01,2.484000,3.165000,2.291000,2.066000,"Bloomberg BGN, exported by Charlie",france_italy_1y5y_bbg_2026-10-05.xlsx
2022-12-02,2.518000,3.214000,2.298000,2.126000,"Bloomberg BGN, exported by Charlie",france_italy_1y5y_bbg_2026-10-05.xlsx
2022-12-05,2.533000,3.230000,2.287000,2.141000,"Bloomberg BGN, exported by Charlie",france_italy_1y5y_bbg_2026-10-05.xlsx
2022-12-06,2.483000,3.134000,2.341000,2.085000,"Bloomberg BGN, exported by Charlie",france_italy_1y5y_bbg_2026-10-05.xlsx
2022-12-07,2.508000,3.037000,2.348000,2.059000,"Bloomberg BGN, exported by Charlie",france_italy_1y5y_bbg_2026-10-05.xlsx
2022-12-08,2.538000,3.132000,2.364000,2.113000,"Bloomberg BGN, exported by Charlie",france_italy_1y5y_bbg_2026-10-05.xlsx
2022-12-09,2.584000,3.286000,2.421000,2.220000,"Bloomberg BGN, exported by Charlie",france_italy_1y5y_bbg_2026-10-05.xlsx
2022-12-12,2.674000,3.294000,2.436000,2.250000,"Bloomberg BGN, exported by Charlie",france_italy_1y5y_bbg_2026-10-05.xlsx
2022-12-13,2.683000,3.249000,2.445000,2.211000,"Bloomberg BGN, exported by Charlie",france_italy_1y5y_bbg_2026-10-05.xlsx
2022-12-14,2.658000,3.295000,2.433000,2.206000,"Bloomberg BGN, exported by Charlie",france_italy_1y5y_bbg_2026-10-05.xlsx
2022-12-15,2.800000,3.631000,2.551000,2.419000,"Bloomberg BGN, exported by Charlie",france_italy_1y5y_bbg_2026-10-05.xlsx
2022-12-16,2.913000,3.742000,2.621000,2.503000,"Bloomberg BGN, exported by Charlie",france_italy_1y5y_bbg_2026-10-05.xlsx
2022-12-19,2.923000,3.786000,2.676000,2.527000,"Bloomberg BGN, exported by Charlie",france_italy_1y5y_bbg_2026-10-05.xlsx
2022-12-20,2.961000,3.876000,2.681000,2.629000,"Bloomberg BGN, exported by Charlie",france_italy_1y5y_bbg_2026-10-05.xlsx
2022-12-21,2.934000,3.824000,2.616000,2.641000,"Bloomberg BGN, exported by Charlie",france_italy_1y5y_bbg_2026-10-05.xlsx
2022-12-22,2.919000,3.836000,2.658000,2.682000,"Bloomberg BGN, exported by Charlie",france_italy_1y5y_bbg_2026-10-05.xlsx
2022-12-23,2.966000,3.878000,2.648000,2.729000,"Bloomberg BGN, exported by Charlie",france_italy_1y5y_bbg_2026-10-05.xlsx
2022-12-27,2.984000,3.960000,2.676000,2.847000,"Bloomberg BGN, exported by Charlie",france_italy_1y5y_bbg_2026-10-05.xlsx
2022-12-28,2.904000,3.927000,2.631000,2.826000,"Bloomberg BGN, exported by Charlie",france_italy_1y5y_bbg_2026-10-05.xlsx
2022-12-29,2.947000,3.861000,2.669000,2.759000,"Bloomberg BGN, exported by Charlie",france_italy_1y5y_bbg_2026-10-05.xlsx
2022-12-30,3.067000,3.998000,2.624000,2.873000,"Bloomberg BGN, exported by Charlie",france_italy_1y5y_bbg_2026-10-05.xlsx
2023-01-02,3.030000,3.875000,2.814000,2.773000,"Bloomberg BGN, exported by Charlie",france_italy_1y5y_bbg_2026-10-05.xlsx
2023-01-03,2.971000,3.847000,2.809000,2.719000,"Bloomberg BGN, exported by Charlie",france_italy_1y5y_bbg_2026-10-05.xlsx
2023-01-04,2.924000,3.628000,2.769000,2.586000,"Bloomberg BGN, exported by Charlie",france_italy_1y5y_bbg_2026-10-05.xlsx
2023-01-05,3.009000,3.702000,2.816000,2.633000,"Bloomberg BGN, exported by Charlie",france_italy_1y5y_bbg_2026-10-05.xlsx
2023-01-06,3.015000,3.618000,2.792000,2.543000,"Bloomberg BGN, exported by Charlie",france_italy_1y5y_bbg_2026-10-05.xlsx
2023-01-09,3.053000,3.592000,2.789000,2.557000,"Bloomberg BGN, exported by Charlie",france_italy_1y5y_bbg_2026-10-05.xlsx
2023-01-10,3.064000,3.629000,2.785000,2.631000,"Bloomberg BGN, exported by Charlie",france_italy_1y5y_bbg_2026-10-05.xlsx
2023-01-11,3.012000,3.475000,2.756000,2.509000,"Bloomberg BGN, exported by Charlie",france_italy_1y5y_bbg_2026-10-05.xlsx
2023-01-12,3.026000,3.440000,2.781000,2.473000,"Bloomberg BGN, exported by Charlie",france_italy_1y5y_bbg_2026-10-05.xlsx
2023-01-13,3.003000,3.438000,2.814000,2.500000,"Bloomberg BGN, exported by Charlie",france_italy_1y5y_bbg_2026-10-05.xlsx
2023-01-16,2.999000,3.438000,2.828000,2.489000,"Bloomberg BGN, exported by Charlie",france_italy_1y5y_bbg_2026-10-05.xlsx
2023-01-17,2.886000,3.295000,2.737000,2.370000,"Bloomberg BGN, exported by Charlie",france_italy_1y5y_bbg_2026-10-05.xlsx
2023-01-18,2.908000,3.215000,2.721000,2.318000,"Bloomberg BGN, exported by Charlie",france_italy_1y5y_bbg_2026-10-05.xlsx
2023-01-19,2.954000,3.250000,2.781000,2.372000,"Bloomberg BGN, exported by Charlie",france_italy_1y5y_bbg_2026-10-05.xlsx
2023-01-20,2.994000,3.438000,2.839000,2.479000,"Bloomberg BGN, exported by Charlie",france_italy_1y5y_bbg_2026-10-05.xlsx
2023-01-23,3.004000,3.468000,2.844000,2.523000,"Bloomberg BGN, exported by Charlie",france_italy_1y5y_bbg_2026-10-05.xlsx
2023-01-24,2.978000,3.373000,2.807000,2.465000,"Bloomberg BGN, exported by Charlie",france_italy_1y5y_bbg_2026-10-05.xlsx
2023-01-25,2.987000,3.396000,2.792000,2.458000,"Bloomberg BGN, exported by Charlie",france_italy_1y5y_bbg_2026-10-05.xlsx
2023-01-26,3.002000,3.473000,2.811000,2.522000,"Bloomberg BGN, exported by Charlie",france_italy_1y5y_bbg_2026-10-05.xlsx
2023-01-27,3.005000,3.543000,2.824000,2.547000,"Bloomberg BGN, exported by Charlie",france_italy_1y5y_bbg_2026-10-05.xlsx
2023-01-30,3.057000,3.658000,2.845000,2.649000,"Bloomberg BGN, exported by Charlie",france_italy_1y5y_bbg_2026-10-05.xlsx
2023-01-31,3.040000,3.604000,2.889000,2.603000,"Bloomberg BGN, exported by Charlie",france_italy_1y5y_bbg_2026-10-05.xlsx
2023-02-01,3.062000,3.688000,2.876000,2.604000,"Bloomberg BGN, exported by Charlie",france_italy_1y5y_bbg_2026-10-05.xlsx
2023-02-02,2.926000,3.324000,2.783000,2.362000,"Bloomberg BGN, exported by Charlie",france_italy_1y5y_bbg_2026-10-05.xlsx
2023-02-03,2.997000,3.406000,2.813000,2.472000,"Bloomberg BGN, exported by Charlie",france_italy_1y5y_bbg_2026-10-05.xlsx
2023-02-06,3.019000,3.539000,2.794000,2.580000,"Bloomberg BGN, exported by Charlie",france_italy_1y5y_bbg_2026-10-05.xlsx
2023-02-07,3.017000,3.646000,2.812000,2.638000,"Bloomberg BGN, exported by Charlie",france_italy_1y5y_bbg_2026-10-05.xlsx
2023-02-08,3.071000,3.639000,2.904000,2.641000,"Bloomberg BGN, exported by Charlie",france_italy_1y5y_bbg_2026-10-05.xlsx
2023-02-09,3.070000,3.552000,2.956000,2.606000,"Bloomberg BGN, exported by Charlie",france_italy_1y5y_bbg_2026-10-05.xlsx
2023-02-10,3.110000,3.631000,3.011000,2.684000,"Bloomberg BGN, exported by Charlie",france_italy_1y5y_bbg_2026-10-05.xlsx
2023-02-13,3.199000,3.610000,3.016000,2.702000,"Bloomberg BGN, exported by Charlie",france_italy_1y5y_bbg_2026-10-05.xlsx
2023-02-14,3.212000,3.684000,3.053000,2.777000,"Bloomberg BGN, exported by Charlie",france_italy_1y5y_bbg_2026-10-05.xlsx
2023-02-15,3.242000,3.761000,3.059000,2.814000,"Bloomberg BGN, exported by Charlie",france_italy_1y5y_bbg_2026-10-05.xlsx
2023-02-16,3.261000,3.780000,3.064000,2.824000,"Bloomberg BGN, exported by Charlie",france_italy_1y5y_bbg_2026-10-05.xlsx
2023-02-17,3.269000,3.757000,3.087000,2.792000,"Bloomberg BGN, exported by Charlie",france_italy_1y5y_bbg_2026-10-05.xlsx
2023-02-20,3.275000,3.795000,3.140000,2.825000,"Bloomberg BGN, exported by Charlie",france_italy_1y5y_bbg_2026-10-05.xlsx
2023-02-21,3.354000,3.923000,3.146000,2.902000,"Bloomberg BGN, exported by Charlie",france_italy_1y5y_bbg_2026-10-05.xlsx
2023-02-22,3.346000,3.916000,3.117000,2.890000,"Bloomberg BGN, exported by Charlie",france_italy_1y5y_bbg_2026-10-05.xlsx
2023-02-23,3.330000,3.870000,3.130000,2.846000,"Bloomberg BGN, exported by Charlie",france_italy_1y5y_bbg_2026-10-05.xlsx
2023-02-24,3.411000,3.974000,3.176000,2.928000,"Bloomberg BGN, exported by Charlie",france_italy_1y5y_bbg_2026-10-05.xlsx
2023-02-27,3.414000,3.926000,3.186000,2.967000,"Bloomberg BGN, exported by Charlie",france_italy_1y5y_bbg_2026-10-05.xlsx
2023-02-28,3.451000,3.988000,3.277000,3.043000,"Bloomberg BGN, exported by Charlie",france_italy_1y5y_bbg_2026-10-05.xlsx
2023-03-01,3.522000,4.114000,3.295000,3.125000,"Bloomberg BGN, exported by Charlie",france_italy_1y5y_bbg_2026-10-05.xlsx
2023-03-02,3.541000,4.152000,3.290000,3.158000,"Bloomberg BGN, exported by Charlie",france_italy_1y5y_bbg_2026-10-05.xlsx
2023-03-03,3.541000,4.078000,3.325000,3.148000,"Bloomberg BGN, exported by Charlie",france_italy_1y5y_bbg_2026-10-05.xlsx
2023-03-06,3.586000,4.129000,3.373000,3.200000,"Bloomberg BGN, exported by Charlie",france_italy_1y5y_bbg_2026-10-05.xlsx
2023-03-07,3.607000,4.101000,3.409000,3.149000,"Bloomberg BGN, exported by Charlie",france_italy_1y5y_bbg_2026-10-05.xlsx
2023-03-08,3.625000,4.024000,3.452000,3.135000,"Bloomberg BGN, exported by Charlie",france_italy_1y5y_bbg_2026-10-05.xlsx
2023-03-09,3.581000,3.973000,3.422000,3.107000,"Bloomberg BGN, exported by Charlie",france_italy_1y5y_bbg_2026-10-05.xlsx
2023-03-10,3.504000,3.893000,3.364000,2.956000,"Bloomberg BGN, exported by Charlie",france_italy_1y5y_bbg_2026-10-05.xlsx
2023-03-13,3.248000,3.719000,2.964000,2.685000,"Bloomberg BGN, exported by Charlie",france_italy_1y5y_bbg_2026-10-05.xlsx
2023-03-14,3.320000,3.811000,3.178000,2.858000,"Bloomberg BGN, exported by Charlie",france_italy_1y5y_bbg_2026-10-05.xlsx
2023-03-15,3.013000,3.633000,2.679000,2.507000,"Bloomberg BGN, exported by Charlie",france_italy_1y5y_bbg_2026-10-05.xlsx
2023-03-16,3.075000,3.682000,2.788000,2.679000,"Bloomberg BGN, exported by Charlie",france_italy_1y5y_bbg_2026-10-05.xlsx
2023-03-17,3.048000,3.527000,2.819000,2.488000,"Bloomberg BGN, exported by Charlie",france_italy_1y5y_bbg_2026-10-05.xlsx
2023-03-20,2.983000,3.418000,2.783000,2.471000,"Bloomberg BGN, exported by Charlie",france_italy_1y5y_bbg_2026-10-05.xlsx
2023-03-21,3.095000,3.552000,2.975000,2.668000,"Bloomberg BGN, exported by Charlie",france_italy_1y5y_bbg_2026-10-05.xlsx
2023-03-22,3.182000,3.643000,3.040000,2.736000,"Bloomberg BGN, exported by Charlie",france_italy_1y5y_bbg_2026-10-05.xlsx
2023-03-23,3.077000,3.520000,2.992000,2.563000,"Bloomberg BGN, exported by Charlie",france_italy_1y5y_bbg_2026-10-05.xlsx
2023-03-24,2.984000,3.442000,2.875000,2.469000,"Bloomberg BGN, exported by Charlie",france_italy_1y5y_bbg_2026-10-05.xlsx
2023-03-27,3.116000,3.482000,2.978000,2.570000,"Bloomberg BGN, exported by Charlie",france_italy_1y5y_bbg_2026-10-05.xlsx
2023-03-28,3.124000,3.559000,3.035000,2.636000,"Bloomberg BGN, exported by Charlie",france_italy_1y5y_bbg_2026-10-05.xlsx
2023-03-29,3.151000,3.597000,3.039000,2.666000,"Bloomberg BGN, exported by Charlie",france_italy_1y5y_bbg_2026-10-05.xlsx
2023-03-30,3.222000,3.718000,3.148000,2.737000,"Bloomberg BGN, exported by Charlie",france_italy_1y5y_bbg_2026-10-05.xlsx
2023-03-31,3.203000,3.599000,3.114000,2.645000,"Bloomberg BGN, exported by Charlie",france_italy_1y5y_bbg_2026-10-05.xlsx
2023-04-03,3.278000,3.590000,3.136000,2.612000,"Bloomberg BGN, exported by Charlie",france_italy_1y5y_bbg_2026-10-05.xlsx
2023-04-04,3.242000,3.576000,3.107000,2.576000,"Bloomberg BGN, exported by Charlie",france_italy_1y5y_bbg_2026-10-05.xlsx
2023-04-05,3.189000,3.487000,3.072000,2.498000,"Bloomberg BGN, exported by Charlie",france_italy_1y5y_bbg_2026-10-05.xlsx
2023-04-06,3.189000,3.501000,3.109000,2.515000,"Bloomberg BGN, exported by Charlie",france_italy_1y5y_bbg_2026-10-05.xlsx
2023-04-11,3.296000,3.643000,3.223000,2.657000,"Bloomberg BGN, exported by Charlie",france_italy_1y5y_bbg_2026-10-05.xlsx
2023-04-12,3.342000,3.694000,3.275000,2.731000,"Bloomberg BGN, exported by Charlie",france_italy_1y5y_bbg_2026-10-05.xlsx
2023-04-13,3.400000,3.700000,3.274000,2.728000,"Bloomberg BGN, exported by Charlie",france_italy_1y5y_bbg_2026-10-05.xlsx
2023-04-14,3.445000,3.779000,3.311000,2.814000,"Bloomberg BGN, exported by Charlie",france_italy_1y5y_bbg_2026-10-05.xlsx
2023-04-17,3.442000,3.768000,3.287000,2.836000,"Bloomberg BGN, exported by Charlie",france_italy_1y5y_bbg_2026-10-05.xlsx
2023-04-18,3.448000,3.779000,3.323000,2.840000,"Bloomberg BGN, exported by Charlie",france_italy_1y5y_bbg_2026-10-05.xlsx
2023-04-19,3.492000,3.844000,3.345000,2.892000,"Bloomberg BGN, exported by Charlie",france_italy_1y5y_bbg_2026-10-05.xlsx
2023-04-20,3.477000,3.790000,3.301000,2.824000,"Bloomberg BGN, exported by Charlie",france_italy_1y5y_bbg_2026-10-05.xlsx
2023-04-21,3.480000,3.833000,3.322000,2.854000,"Bloomberg BGN, exported by Charlie",france_italy_1y5y_bbg_2026-10-05.xlsx
2023-04-24,3.491000,3.870000,3.340000,2.894000,"Bloomberg BGN, exported by Charlie",france_italy_1y5y_bbg_2026-10-05.xlsx
2023-04-25,3.463000,3.761000,3.314000,2.746000,"Bloomberg BGN, exported by Charlie",france_italy_1y5y_bbg_2026-10-05.xlsx
2023-04-26,3.450000,3.731000,3.256000,2.737000,"Bloomberg BGN, exported by Charlie",france_italy_1y5y_bbg_2026-10-05.xlsx
2023-04-27,3.488000,3.818000,3.264000,2.799000,"Bloomberg BGN, exported by Charlie",france_italy_1y5y_bbg_2026-10-05.xlsx
2023-04-28,3.428000,3.640000,3.221000,2.643000,"Bloomberg BGN, exported by Charlie",france_italy_1y5y_bbg_2026-10-05.xlsx
2023-05-02,3.428000,3.634000,3.194000,2.604000,"Bloomberg BGN, exported by Charlie",france_italy_1y5y_bbg_2026-10-05.xlsx
2023-05-03,3.430000,3.589000,3.238000,2.596000,"Bloomberg BGN, exported by Charlie",france_italy_1y5y_bbg_2026-10-05.xlsx
2023-05-04,3.350000,3.531000,3.123000,2.494000,"Bloomberg BGN, exported by Charlie",france_italy_1y5y_bbg_2026-10-05.xlsx
2023-05-05,3.371000,3.608000,3.167000,2.588000,"Bloomberg BGN, exported by Charlie",france_italy_1y5y_bbg_2026-10-05.xlsx
2023-05-08,3.394000,3.655000,3.204000,2.629000,"Bloomberg BGN, exported by Charlie",france_italy_1y5y_bbg_2026-10-05.xlsx
2023-05-09,3.404000,3.682000,3.227000,2.658000,"Bloomberg BGN, exported by Charlie",france_italy_1y5y_bbg_2026-10-05.xlsx
2023-05-10,3.377000,3.614000,3.219000,2.589000,"Bloomberg BGN, exported by Charlie",france_italy_1y5y_bbg_2026-10-05.xlsx
2023-05-11,3.423000,3.546000,3.216000,2.533000,"Bloomberg BGN, exported by Charlie",france_italy_1y5y_bbg_2026-10-05.xlsx
2023-05-12,3.460000,3.620000,3.246000,2.586000,"Bloomberg BGN, exported by Charlie",france_italy_1y5y_bbg_2026-10-05.xlsx
2023-05-15,3.443000,3.625000,3.250000,2.611000,"Bloomberg BGN, exported by Charlie",france_italy_1y5y_bbg_2026-10-05.xlsx
2023-05-16,3.450000,3.666000,3.257000,2.673000,"Bloomberg BGN, exported by Charlie",france_italy_1y5y_bbg_2026-10-05.xlsx
2023-05-17,3.460000,3.660000,3.258000,2.690000,"Bloomberg BGN, exported by Charlie",france_italy_1y5y_bbg_2026-10-05.xlsx
2023-05-18,3.517000,3.761000,3.282000,2.799000,"Bloomberg BGN, exported by Charlie",france_italy_1y5y_bbg_2026-10-05.xlsx
2023-05-19,3.514000,3.728000,3.289000,2.765000,"Bloomberg BGN, exported by Charlie",france_italy_1y5y_bbg_2026-10-05.xlsx
2023-05-22,3.527000,3.787000,3.319000,2.806000,"Bloomberg BGN, exported by Charlie",france_italy_1y5y_bbg_2026-10-05.xlsx
2023-05-23,3.553000,3.782000,3.331000,2.811000,"Bloomberg BGN, exported by Charlie",france_italy_1y5y_bbg_2026-10-05.xlsx
2023-05-24,3.568000,3.810000,3.355000,2.834000,"Bloomberg BGN, exported by Charlie",france_italy_1y5y_bbg_2026-10-05.xlsx
2023-05-25,3.597000,3.865000,3.385000,2.887000,"Bloomberg BGN, exported by Charlie",france_italy_1y5y_bbg_2026-10-05.xlsx
2023-05-26,3.590000,3.852000,3.417000,2.911000,"Bloomberg BGN, exported by Charlie",france_italy_1y5y_bbg_2026-10-05.xlsx
2023-05-29,3.567000,3.756000,3.390000,2.812000,"Bloomberg BGN, exported by Charlie",france_italy_1y5y_bbg_2026-10-05.xlsx
2023-05-30,3.536000,3.638000,3.360000,2.700000,"Bloomberg BGN, exported by Charlie",france_italy_1y5y_bbg_2026-10-05.xlsx
2023-05-31,3.501000,3.541000,3.310000,2.627000,"Bloomberg BGN, exported by Charlie",france_italy_1y5y_bbg_2026-10-05.xlsx
2023-06-01,3.494000,3.486000,3.325000,2.594000,"Bloomberg BGN, exported by Charlie",france_italy_1y5y_bbg_2026-10-05.xlsx
2023-06-02,3.534000,3.466000,3.367000,2.671000,"Bloomberg BGN, exported by Charlie",france_italy_1y5y_bbg_2026-10-05.xlsx
2023-06-05,3.567000,3.543000,3.428000,2.732000,"Bloomberg BGN, exported by Charlie",france_italy_1y5y_bbg_2026-10-05.xlsx
2023-06-06,3.547000,3.558000,3.430000,2.715000,"Bloomberg BGN, exported by Charlie",france_italy_1y5y_bbg_2026-10-05.xlsx
2023-06-07,3.585000,3.673000,3.464000,2.804000,"Bloomberg BGN, exported by Charlie",france_italy_1y5y_bbg_2026-10-05.xlsx
2023-06-08,3.601000,3.595000,3.450000,2.757000,"Bloomberg BGN, exported by Charlie",france_italy_1y5y_bbg_2026-10-05.xlsx
2023-06-09,3.576000,3.540000,3.433000,2.760000,"Bloomberg BGN, exported by Charlie",france_italy_1y5y_bbg_2026-10-05.xlsx
2023-06-12,3.592000,3.490000,3.447000,2.751000,"Bloomberg BGN, exported by Charlie",france_italy_1y5y_bbg_2026-10-05.xlsx
2023-06-13,3.621000,3.511000,3.455000,2.810000,"Bloomberg BGN, exported by Charlie",france_italy_1y5y_bbg_2026-10-05.xlsx
2023-06-14,3.634000,3.584000,3.487000,2.843000,"Bloomberg BGN, exported by Charlie",france_italy_1y5y_bbg_2026-10-05.xlsx
2023-06-15,3.694000,3.676000,3.559000,2.939000,"Bloomberg BGN, exported by Charlie",france_italy_1y5y_bbg_2026-10-05.xlsx
2023-06-16,3.705000,3.606000,3.568000,2.901000,"Bloomberg BGN, exported by Charlie",france_italy_1y5y_bbg_2026-10-05.xlsx
2023-06-19,3.731000,3.677000,3.618000,2.945000,"Bloomberg BGN, exported by Charlie",france_italy_1y5y_bbg_2026-10-05.xlsx
2023-06-20,3.725000,3.629000,3.610000,2.850000,"Bloomberg BGN, exported by Charlie",france_italy_1y5y_bbg_2026-10-05.xlsx
2023-06-21,3.732000,3.647000,3.636000,2.895000,"Bloomberg BGN, exported by Charlie",france_italy_1y5y_bbg_2026-10-05.xlsx
2023-06-22,3.793000,3.743000,3.680000,2.987000,"Bloomberg BGN, exported by Charlie",france_italy_1y5y_bbg_2026-10-05.xlsx
2023-06-23,3.754000,3.613000,3.639000,2.844000,"Bloomberg BGN, exported by Charlie",france_italy_1y5y_bbg_2026-10-05.xlsx
2023-06-26,3.784000,3.564000,3.630000,2.798000,"Bloomberg BGN, exported by Charlie",france_italy_1y5y_bbg_2026-10-05.xlsx
2023-06-27,3.813000,3.635000,3.633000,2.863000,"Bloomberg BGN, exported by Charlie",france_italy_1y5y_bbg_2026-10-05.xlsx
2023-06-28,3.782000,3.631000,3.608000,2.810000,"Bloomberg BGN, exported by Charlie",france_italy_1y5y_bbg_2026-10-05.xlsx
2023-06-29,3.835000,3.755000,3.647000,2.924000,"Bloomberg BGN, exported by Charlie",france_italy_1y5y_bbg_2026-10-05.xlsx
2023-06-30,3.841000,3.742000,3.660000,2.913000,"Bloomberg BGN, exported by Charlie",france_italy_1y5y_bbg_2026-10-05.xlsx
2023-07-03,3.867000,3.813000,3.689000,2.975000,"Bloomberg BGN, exported by Charlie",france_italy_1y5y_bbg_2026-10-05.xlsx
2023-07-04,3.877000,3.825000,3.684000,2.969000,"Bloomberg BGN, exported by Charlie",france_italy_1y5y_bbg_2026-10-05.xlsx
2023-07-05,3.841000,3.772000,3.684000,2.972000,"Bloomberg BGN, exported by Charlie",france_italy_1y5y_bbg_2026-10-05.xlsx
2023-07-06,3.909000,3.990000,3.721000,3.122000,"Bloomberg BGN, exported by Charlie",france_italy_1y5y_bbg_2026-10-05.xlsx
2023-07-07,3.881000,3.948000,3.726000,3.093000,"Bloomberg BGN, exported by Charlie",france_italy_1y5y_bbg_2026-10-05.xlsx
2023-07-10,3.911000,3.996000,3.774000,3.107000,"Bloomberg BGN, exported by Charlie",france_italy_1y5y_bbg_2026-10-05.xlsx
2023-07-11,3.902000,4.030000,3.777000,3.122000,"Bloomberg BGN, exported by Charlie",france_italy_1y5y_bbg_2026-10-05.xlsx
2023-07-12,3.875000,3.872000,3.767000,3.015000,"Bloomberg BGN, exported by Charlie",france_italy_1y5y_bbg_2026-10-05.xlsx
2023-07-13,3.853000,3.738000,3.724000,2.926000,"Bloomberg BGN, exported by Charlie",france_italy_1y5y_bbg_2026-10-05.xlsx
2023-07-14,3.863000,3.791000,3.744000,2.977000,"Bloomberg BGN, exported by Charlie",france_italy_1y5y_bbg_2026-10-05.xlsx
2023-07-17,3.855000,3.770000,3.730000,2.951000,"Bloomberg BGN, exported by Charlie",france_italy_1y5y_bbg_2026-10-05.xlsx
2023-07-18,3.789000,3.622000,3.680000,2.848000,"Bloomberg BGN, exported by Charlie",france_italy_1y5y_bbg_2026-10-05.xlsx
2023-07-19,3.805000,3.673000,3.676000,2.883000,"Bloomberg BGN, exported by Charlie",france_italy_1y5y_bbg_2026-10-05.xlsx
2023-07-20,3.814000,3.732000,3.697000,2.938000,"Bloomberg BGN, exported by Charlie",france_italy_1y5y_bbg_2026-10-05.xlsx
2023-07-21,3.807000,3.690000,3.688000,2.918000,"Bloomberg BGN, exported by Charlie",france_italy_1y5y_bbg_2026-10-05.xlsx
2023-07-24,3.798000,3.644000,3.680000,2.861000,"Bloomberg BGN, exported by Charlie",france_italy_1y5y_bbg_2026-10-05.xlsx
2023-07-25,3.803000,3.668000,3.676000,2.869000,"Bloomberg BGN, exported by Charlie",france_italy_1y5y_bbg_2026-10-05.xlsx
2023-07-26,3.836000,3.723000,3.694000,2.936000,"Bloomberg BGN, exported by Charlie",france_italy_1y5y_bbg_2026-10-05.xlsx
2023-07-27,3.804000,3.681000,3.651000,2.899000,"Bloomberg BGN, exported by Charlie",france_italy_1y5y_bbg_2026-10-05.xlsx
2023-07-28,3.787000,3.690000,3.630000,2.900000,"Bloomberg BGN, exported by Charlie",france_italy_1y5y_bbg_2026-10-05.xlsx
2023-07-31,3.796000,3.667000,3.663000,2.890000,"Bloomberg BGN, exported by Charlie",france_italy_1y5y_bbg_2026-10-05.xlsx
2023-08-01,3.796000,3.715000,3.658000,2.934000,"Bloomberg BGN, exported by Charlie",france_italy_1y5y_bbg_2026-10-05.xlsx
2023-08-02,3.778000,3.702000,3.634000,2.897000,"Bloomberg BGN, exported by Charlie",france_italy_1y5y_bbg_2026-10-05.xlsx
2023-08-03,3.777000,3.778000,3.644000,2.940000,"Bloomberg BGN, exported by Charlie",france_italy_1y5y_bbg_2026-10-05.xlsx
2023-08-04,3.797000,3.751000,3.639000,2.921000,"Bloomberg BGN, exported by Charlie",france_italy_1y5y_bbg_2026-10-05.xlsx
2023-08-07,3.794000,3.779000,3.589000,2.920000,"Bloomberg BGN, exported by Charlie",france_italy_1y5y_bbg_2026-10-05.xlsx
2023-08-08,3.779000,3.677000,3.576000,2.825000,"Bloomberg BGN, exported by Charlie",france_italy_1y5y_bbg_2026-10-05.xlsx
2023-08-09,3.800000,3.696000,3.581000,2.855000,"Bloomberg BGN, exported by Charlie",france_italy_1y5y_bbg_2026-10-05.xlsx
2023-08-10,3.803000,3.699000,3.587000,2.892000,"Bloomberg BGN, exported by Charlie",france_italy_1y5y_bbg_2026-10-05.xlsx
2023-08-11,3.822000,3.776000,3.602000,2.975000,"Bloomberg BGN, exported by Charlie",france_italy_1y5y_bbg_2026-10-05.xlsx
2023-08-14,3.817000,3.817000,3.613000,3.000000,"Bloomberg BGN, exported by Charlie",france_italy_1y5y_bbg_2026-10-05.xlsx
2023-08-15,3.855000,3.887000,3.643000,3.043000,"Bloomberg BGN, exported by Charlie",france_italy_1y5y_bbg_2026-10-05.xlsx
2023-08-16,3.848000,3.889000,3.633000,3.015000,"Bloomberg BGN, exported by Charlie",france_italy_1y5y_bbg_2026-10-05.xlsx
2023-08-17,3.871000,3.941000,3.639000,3.056000,"Bloomberg BGN, exported by Charlie",france_italy_1y5y_bbg_2026-10-05.xlsx
2023-08-18,3.832000,3.847000,3.621000,2.977000,"Bloomberg BGN, exported by Charlie",france_italy_1y5y_bbg_2026-10-05.xlsx
2023-08-21,3.848000,3.909000,3.656000,3.056000,"Bloomberg BGN, exported by Charlie",france_italy_1y5y_bbg_2026-10-05.xlsx
2023-08-22,3.834000,3.837000,3.633000,3.001000,"Bloomberg BGN, exported by Charlie",france_italy_1y5y_bbg_2026-10-05.xlsx
2023-08-23,3.772000,3.694000,3.566000,2.865000,"Bloomberg BGN, exported by Charlie",france_italy_1y5y_bbg_2026-10-05.xlsx
2023-08-24,3.762000,3.707000,3.567000,2.859000,"Bloomberg BGN, exported by Charlie",france_italy_1y5y_bbg_2026-10-05.xlsx
2023-08-25,3.782000,3.789000,3.613000,2.935000,"Bloomberg BGN, exported by Charlie",france_italy_1y5y_bbg_2026-10-05.xlsx
2023-08-28,3.799000,3.789000,3.636000,2.942000,"Bloomberg BGN, exported by Charlie",france_italy_1y5y_bbg_2026-10-05.xlsx
2023-08-29,3.803000,3.723000,3.626000,2.896000,"Bloomberg BGN, exported by Charlie",france_italy_1y5y_bbg_2026-10-05.xlsx
2023-08-30,3.825000,3.770000,3.632000,2.929000,"Bloomberg BGN, exported by Charlie",france_italy_1y5y_bbg_2026-10-05.xlsx
2023-08-31,3.780000,3.677000,3.579000,2.834000,"Bloomberg BGN, exported by Charlie",france_italy_1y5y_bbg_2026-10-05.xlsx
2023-09-01,3.792000,3.754000,3.607000,2.884000,"Bloomberg BGN, exported by Charlie",france_italy_1y5y_bbg_2026-10-05.xlsx
2023-09-04,3.831000,3.811000,3.616000,2.922000,"Bloomberg BGN, exported by Charlie",france_italy_1y5y_bbg_2026-10-05.xlsx
2023-09-05,3.833000,3.837000,3.616000,2.939000,"Bloomberg BGN, exported by Charlie",france_italy_1y5y_bbg_2026-10-05.xlsx
2023-09-06,3.861000,3.900000,3.647000,3.006000,"Bloomberg BGN, exported by Charlie",france_italy_1y5y_bbg_2026-10-05.xlsx
2023-09-07,3.851000,3.839000,3.631000,2.965000,"Bloomberg BGN, exported by Charlie",france_italy_1y5y_bbg_2026-10-05.xlsx
2023-09-08,3.855000,3.858000,3.636000,2.965000,"Bloomberg BGN, exported by Charlie",france_italy_1y5y_bbg_2026-10-05.xlsx
2023-09-11,3.866000,3.891000,3.651000,2.994000,"Bloomberg BGN, exported by Charlie",france_italy_1y5y_bbg_2026-10-05.xlsx
2023-09-12,3.885000,3.917000,3.664000,3.014000,"Bloomberg BGN, exported by Charlie",france_italy_1y5y_bbg_2026-10-05.xlsx
2023-09-13,3.920000,3.985000,3.702000,3.048000,"Bloomberg BGN, exported by Charlie",france_italy_1y5y_bbg_2026-10-05.xlsx
2023-09-14,3.907000,3.865000,3.721000,2.986000,"Bloomberg BGN, exported by Charlie",france_italy_1y5y_bbg_2026-10-05.xlsx
2023-09-15,3.935000,3.974000,3.756000,3.066000,"Bloomberg BGN, exported by Charlie",france_italy_1y5y_bbg_2026-10-05.xlsx
2023-09-18,3.938000,4.012000,3.791000,3.107000,"Bloomberg BGN, exported by Charlie",france_italy_1y5y_bbg_2026-10-05.xlsx
2023-09-19,3.936000,4.021000,3.786000,3.134000,"Bloomberg BGN, exported by Charlie",france_italy_1y5y_bbg_2026-10-05.xlsx
2023-09-20,3.918000,3.958000,3.776000,3.098000,"Bloomberg BGN, exported by Charlie",france_italy_1y5y_bbg_2026-10-05.xlsx
2023-09-21,3.929000,4.028000,3.780000,3.123000,"Bloomberg BGN, exported by Charlie",france_italy_1y5y_bbg_2026-10-05.xlsx
2023-09-22,3.930000,4.071000,3.792000,3.118000,"Bloomberg BGN, exported by Charlie",france_italy_1y5y_bbg_2026-10-05.xlsx
2023-09-25,3.940000,4.089000,3.785000,3.130000,"Bloomberg BGN, exported by Charlie",france_italy_1y5y_bbg_2026-10-05.xlsx
2023-09-26,3.945000,4.170000,3.781000,3.136000,"Bloomberg BGN, exported by Charlie",france_italy_1y5y_bbg_2026-10-05.xlsx
2023-09-27,3.970000,4.220000,3.784000,3.188000,"Bloomberg BGN, exported by Charlie",france_italy_1y5y_bbg_2026-10-05.xlsx
2023-09-28,4.015000,4.291000,3.814000,3.267000,"Bloomberg BGN, exported by Charlie",france_italy_1y5y_bbg_2026-10-05.xlsx
2023-09-29,3.968000,4.196000,3.788000,3.155000,"Bloomberg BGN, exported by Charlie",france_italy_1y5y_bbg_2026-10-05.xlsx
2023-10-02,3.973000,4.199000,3.794000,3.200000,"Bloomberg BGN, exported by Charlie",france_italy_1y5y_bbg_2026-10-05.xlsx
2023-10-03,3.970000,4.284000,3.792000,3.215000,"Bloomberg BGN, exported by Charlie",france_italy_1y5y_bbg_2026-10-05.xlsx
2023-10-04,3.958000,4.219000,3.782000,3.193000,"Bloomberg BGN, exported by Charlie",france_italy_1y5y_bbg_2026-10-05.xlsx
2023-10-05,3.957000,4.246000,3.772000,3.161000,"Bloomberg BGN, exported by Charlie",france_italy_1y5y_bbg_2026-10-05.xlsx
2023-10-06,3.963000,4.254000,3.766000,3.166000,"Bloomberg BGN, exported by Charlie",france_italy_1y5y_bbg_2026-10-05.xlsx
2023-10-09,3.949000,4.178000,3.738000,3.099000,"Bloomberg BGN, exported by Charlie",france_italy_1y5y_bbg_2026-10-05.xlsx
2023-10-10,3.945000,4.085000,3.746000,3.095000,"Bloomberg BGN, exported by Charlie",france_italy_1y5y_bbg_2026-10-05.xlsx
2023-10-11,3.919000,4.084000,3.763000,3.073000,"Bloomberg BGN, exported by Charlie",france_italy_1y5y_bbg_2026-10-05.xlsx
2023-10-12,3.957000,4.174000,3.787000,3.136000,"Bloomberg BGN, exported by Charlie",france_italy_1y5y_bbg_2026-10-05.xlsx
2023-10-13,3.951000,4.189000,3.774000,3.118000,"Bloomberg BGN, exported by Charlie",france_italy_1y5y_bbg_2026-10-05.xlsx
2023-10-16,3.946000,4.161000,3.784000,3.146000,"Bloomberg BGN, exported by Charlie",france_italy_1y5y_bbg_2026-10-05.xlsx
2023-10-17,3.967000,4.272000,3.805000,3.248000,"Bloomberg BGN, exported by Charlie",france_italy_1y5y_bbg_2026-10-05.xlsx
2023-10-18,3.990000,4.351000,3.798000,3.279000,"Bloomberg BGN, exported by Charlie",france_italy_1y5y_bbg_2026-10-05.xlsx
2023-10-19,3.989000,4.322000,3.798000,3.278000,"Bloomberg BGN, exported by Charlie",france_italy_1y5y_bbg_2026-10-05.xlsx
2023-10-20,3.968000,4.292000,3.762000,3.214000,"Bloomberg BGN, exported by Charlie",france_italy_1y5y_bbg_2026-10-05.xlsx
2023-10-23,3.965000,4.216000,3.772000,3.207000,"Bloomberg BGN, exported by Charlie",france_italy_1y5y_bbg_2026-10-05.xlsx
2023-10-24,3.925000,4.201000,3.763000,3.158000,"Bloomberg BGN, exported by Charlie",france_italy_1y5y_bbg_2026-10-05.xlsx
2023-10-25,3.956000,4.277000,3.767000,3.217000,"Bloomberg BGN, exported by Charlie",france_italy_1y5y_bbg_2026-10-05.xlsx
2023-10-26,3.919000,4.199000,3.740000,3.168000,"Bloomberg BGN, exported by Charlie",france_italy_1y5y_bbg_2026-10-05.xlsx
2023-10-27,3.911000,4.143000,3.726000,3.119000,"Bloomberg BGN, exported by Charlie",france_italy_1y5y_bbg_2026-10-05.xlsx
2023-10-30,3.873000,4.044000,3.709000,3.088000,"Bloomberg BGN, exported by Charlie",france_italy_1y5y_bbg_2026-10-05.xlsx
2023-10-31,3.858000,4.043000,3.710000,3.079000,"Bloomberg BGN, exported by Charlie",france_italy_1y5y_bbg_2026-10-05.xlsx
2023-11-01,3.838000,4.073000,3.694000,3.043000,"Bloomberg BGN, exported by Charlie",france_italy_1y5y_bbg_2026-10-05.xlsx
2023-11-02,3.831000,4.004000,3.696000,3.013000,"Bloomberg BGN, exported by Charlie",france_italy_1y5y_bbg_2026-10-05.xlsx
2023-11-03,3.813000,3.927000,3.685000,2.949000,"Bloomberg BGN, exported by Charlie",france_italy_1y5y_bbg_2026-10-05.xlsx
2023-11-06,3.857000,4.037000,3.698000,3.030000,"Bloomberg BGN, exported by Charlie",france_italy_1y5y_bbg_2026-10-05.xlsx
2023-11-07,3.850000,3.973000,3.670000,2.983000,"Bloomberg BGN, exported by Charlie",france_italy_1y5y_bbg_2026-10-05.xlsx
2023-11-08,3.847000,3.935000,3.675000,2.968000,"Bloomberg BGN, exported by Charlie",france_italy_1y5y_bbg_2026-10-05.xlsx
2023-11-09,3.854000,3.944000,3.666000,2.975000,"Bloomberg BGN, exported by Charlie",france_italy_1y5y_bbg_2026-10-05.xlsx
2023-11-10,3.858000,4.017000,3.678000,3.054000,"Bloomberg BGN, exported by Charlie",france_italy_1y5y_bbg_2026-10-05.xlsx
2023-11-13,3.853000,3.999000,3.688000,3.048000,"Bloomberg BGN, exported by Charlie",france_italy_1y5y_bbg_2026-10-05.xlsx
2023-11-14,3.785000,3.862000,3.628000,2.927000,"Bloomberg BGN, exported by Charlie",france_italy_1y5y_bbg_2026-10-05.xlsx
2023-11-15,3.804000,3.883000,3.646000,2.953000,"Bloomberg BGN, exported by Charlie",france_italy_1y5y_bbg_2026-10-05.xlsx
2023-11-16,3.759000,3.781000,3.612000,2.886000,"Bloomberg BGN, exported by Charlie",france_italy_1y5y_bbg_2026-10-05.xlsx
2023-11-17,3.768000,3.785000,3.638000,2.906000,"Bloomberg BGN, exported by Charlie",france_italy_1y5y_bbg_2026-10-05.xlsx
2023-11-20,3.731000,3.777000,3.662000,2.939000,"Bloomberg BGN, exported by Charlie",france_italy_1y5y_bbg_2026-10-05.xlsx
2023-11-21,3.729000,3.752000,3.645000,2.886000,"Bloomberg BGN, exported by Charlie",france_italy_1y5y_bbg_2026-10-05.xlsx
2023-11-22,3.747000,3.776000,3.667000,2.908000,"Bloomberg BGN, exported by Charlie",france_italy_1y5y_bbg_2026-10-05.xlsx
2023-11-23,3.758000,3.841000,3.681000,2.962000,"Bloomberg BGN, exported by Charlie",france_italy_1y5y_bbg_2026-10-05.xlsx
2023-11-24,3.763000,3.850000,3.684000,2.971000,"Bloomberg BGN, exported by Charlie",france_italy_1y5y_bbg_2026-10-05.xlsx
2023-11-27,3.726000,3.726000,3.658000,2.866000,"Bloomberg BGN, exported by Charlie",france_italy_1y5y_bbg_2026-10-05.xlsx
2023-11-28,3.704000,3.680000,3.636000,2.814000,"Bloomberg BGN, exported by Charlie",france_italy_1y5y_bbg_2026-10-05.xlsx
2023-11-29,3.651000,3.581000,3.576000,2.732000,"Bloomberg BGN, exported by Charlie",france_italy_1y5y_bbg_2026-10-05.xlsx
2023-11-30,3.623000,3.617000,3.549000,2.752000,"Bloomberg BGN, exported by Charlie",france_italy_1y5y_bbg_2026-10-05.xlsx
2023-12-01,3.525000,3.443000,3.424000,2.641000,"Bloomberg BGN, exported by Charlie",france_italy_1y5y_bbg_2026-10-05.xlsx
2023-12-04,3.485000,3.490000,3.438000,2.647000,"Bloomberg BGN, exported by Charlie",france_italy_1y5y_bbg_2026-10-05.xlsx
2023-12-05,3.431000,3.410000,3.349000,2.550000,"Bloomberg BGN, exported by Charlie",france_italy_1y5y_bbg_2026-10-05.xlsx
2023-12-06,3.466000,3.378000,3.367000,2.507000,"Bloomberg BGN, exported by Charlie",france_italy_1y5y_bbg_2026-10-05.xlsx
2023-12-07,3.484000,3.362000,3.365000,2.476000,"Bloomberg BGN, exported by Charlie",france_italy_1y5y_bbg_2026-10-05.xlsx
2023-12-08,3.537000,3.497000,3.421000,2.584000,"Bloomberg BGN, exported by Charlie",france_italy_1y5y_bbg_2026-10-05.xlsx
2023-12-11,3.546000,3.499000,3.438000,2.592000,"Bloomberg BGN, exported by Charlie",france_italy_1y5y_bbg_2026-10-05.xlsx
2023-12-12,3.547000,3.460000,3.447000,2.563000,"Bloomberg BGN, exported by Charlie",france_italy_1y5y_bbg_2026-10-05.xlsx
2023-12-13,3.518000,3.391000,3.420000,2.512000,"Bloomberg BGN, exported by Charlie",france_italy_1y5y_bbg_2026-10-05.xlsx
2023-12-14,3.417000,3.222000,3.353000,2.412000,"Bloomberg BGN, exported by Charlie",france_italy_1y5y_bbg_2026-10-05.xlsx
2023-12-15,3.387000,3.177000,3.320000,2.325000,"Bloomberg BGN, exported by Charlie",france_italy_1y5y_bbg_2026-10-05.xlsx
2023-12-18,3.430000,3.192000,3.357000,2.372000,"Bloomberg BGN, exported by Charlie",france_italy_1y5y_bbg_2026-10-05.xlsx
2023-12-19,3.406000,3.075000,3.336000,2.306000,"Bloomberg BGN, exported by Charlie",france_italy_1y5y_bbg_2026-10-05.xlsx
2023-12-20,3.372000,3.037000,3.286000,2.253000,"Bloomberg BGN, exported by Charlie",france_italy_1y5y_bbg_2026-10-05.xlsx
2023-12-21,3.357000,3.023000,3.277000,2.229000,"Bloomberg BGN, exported by Charlie",france_italy_1y5y_bbg_2026-10-05.xlsx
2023-12-22,3.309000,2.960000,3.263000,2.208000,"Bloomberg BGN, exported by Charlie",france_italy_1y5y_bbg_2026-10-05.xlsx
2023-12-27,3.311000,2.920000,3.257000,2.149000,"Bloomberg BGN, exported by Charlie",france_italy_1y5y_bbg_2026-10-05.xlsx
2023-12-28,3.304000,2.998000,3.239000,2.186000,"Bloomberg BGN, exported by Charlie",france_italy_1y5y_bbg_2026-10-05.xlsx
2023-12-29,3.325000,3.061000,3.256000,2.255000,"Bloomberg BGN, exported by Charlie",france_italy_1y5y_bbg_2026-10-05.xlsx
2024-01-02,3.364000,3.107000,3.301000,2.314000,"Bloomberg BGN, exported by Charlie",france_italy_1y5y_bbg_2026-10-05.xlsx
2024-01-03,3.353000,3.101000,3.204000,2.273000,"Bloomberg BGN, exported by Charlie",france_italy_1y5y_bbg_2026-10-05.xlsx
2024-01-04,3.420000,3.223000,3.279000,2.399000,"Bloomberg BGN, exported by Charlie",france_italy_1y5y_bbg_2026-10-05.xlsx
2024-01-05,3.459000,3.265000,3.306000,2.445000,"Bloomberg BGN, exported by Charlie",france_italy_1y5y_bbg_2026-10-05.xlsx
2024-01-08,3.460000,3.242000,3.308000,2.416000,"Bloomberg BGN, exported by Charlie",france_italy_1y5y_bbg_2026-10-05.xlsx
2024-01-09,3.490000,3.286000,3.339000,2.475000,"Bloomberg BGN, exported by Charlie",france_italy_1y5y_bbg_2026-10-05.xlsx
2024-01-10,3.499000,3.282000,3.363000,2.505000,"Bloomberg BGN, exported by Charlie",france_italy_1y5y_bbg_2026-10-05.xlsx
2024-01-11,3.448000,3.230000,3.340000,2.484000,"Bloomberg BGN, exported by Charlie",france_italy_1y5y_bbg_2026-10-05.xlsx
2024-01-12,3.342000,3.139000,3.274000,2.417000,"Bloomberg BGN, exported by Charlie",france_italy_1y5y_bbg_2026-10-05.xlsx
2024-01-15,3.380000,3.206000,3.315000,2.476000,"Bloomberg BGN, exported by Charlie",france_italy_1y5y_bbg_2026-10-05.xlsx
2024-01-16,3.398000,3.222000,3.320000,2.486000,"Bloomberg BGN, exported by Charlie",france_italy_1y5y_bbg_2026-10-05.xlsx
2024-01-17,3.467000,3.350000,3.396000,2.581000,"Bloomberg BGN, exported by Charlie",france_italy_1y5y_bbg_2026-10-05.xlsx
2024-01-18,3.464000,3.339000,3.388000,2.592000,"Bloomberg BGN, exported by Charlie",france_italy_1y5y_bbg_2026-10-05.xlsx
2024-01-19,3.497000,3.325000,3.425000,2.603000,"Bloomberg BGN, exported by Charlie",france_italy_1y5y_bbg_2026-10-05.xlsx
2024-01-22,3.478000,3.266000,3.408000,2.551000,"Bloomberg BGN, exported by Charlie",france_italy_1y5y_bbg_2026-10-05.xlsx
2024-01-23,3.487000,3.326000,3.416000,2.602000,"Bloomberg BGN, exported by Charlie",france_italy_1y5y_bbg_2026-10-05.xlsx
2024-01-24,3.485000,3.313000,3.396000,2.590000,"Bloomberg BGN, exported by Charlie",france_italy_1y5y_bbg_2026-10-05.xlsx
2024-01-25,3.416000,3.219000,3.324000,2.516000,"Bloomberg BGN, exported by Charlie",france_italy_1y5y_bbg_2026-10-05.xlsx
2024-01-26,3.416000,3.211000,3.328000,2.521000,"Bloomberg BGN, exported by Charlie",france_italy_1y5y_bbg_2026-10-05.xlsx
2024-01-29,3.366000,3.130000,3.287000,2.443000,"Bloomberg BGN, exported by Charlie",france_italy_1y5y_bbg_2026-10-05.xlsx
2024-01-30,3.401000,3.187000,3.268000,2.490000,"Bloomberg BGN, exported by Charlie",france_italy_1y5y_bbg_2026-10-05.xlsx
2024-01-31,3.325000,3.116000,3.205000,2.379000,"Bloomberg BGN, exported by Charlie",france_italy_1y5y_bbg_2026-10-05.xlsx
2024-02-01,3.371000,3.136000,3.250000,2.401000,"Bloomberg BGN, exported by Charlie",france_italy_1y5y_bbg_2026-10-05.xlsx
2024-02-02,3.468000,3.231000,3.355000,2.506000,"Bloomberg BGN, exported by Charlie",france_italy_1y5y_bbg_2026-10-05.xlsx
2024-02-05,3.489000,3.296000,3.369000,2.569000,"Bloomberg BGN, exported by Charlie",france_italy_1y5y_bbg_2026-10-05.xlsx
2024-02-06,3.474000,3.268000,3.351000,2.560000,"Bloomberg BGN, exported by Charlie",france_italy_1y5y_bbg_2026-10-05.xlsx
2024-02-07,3.500000,3.303000,3.375000,2.598000,"Bloomberg BGN, exported by Charlie",france_italy_1y5y_bbg_2026-10-05.xlsx
2024-02-08,3.527000,3.350000,3.395000,2.633000,"Bloomberg BGN, exported by Charlie",france_italy_1y5y_bbg_2026-10-05.xlsx
2024-02-09,3.562000,3.417000,3.428000,2.685000,"Bloomberg BGN, exported by Charlie",france_italy_1y5y_bbg_2026-10-05.xlsx
2024-02-12,3.509000,3.351000,3.403000,2.649000,"Bloomberg BGN, exported by Charlie",france_italy_1y5y_bbg_2026-10-05.xlsx
2024-02-13,3.562000,3.403000,3.470000,2.707000,"Bloomberg BGN, exported by Charlie",france_italy_1y5y_bbg_2026-10-05.xlsx
2024-02-14,3.513000,3.330000,3.436000,2.639000,"Bloomberg BGN, exported by Charlie",france_italy_1y5y_bbg_2026-10-05.xlsx
2024-02-15,3.515000,3.330000,3.448000,2.661000,"Bloomberg BGN, exported by Charlie",france_italy_1y5y_bbg_2026-10-05.xlsx
2024-02-16,3.549000,3.372000,3.485000,2.710000,"Bloomberg BGN, exported by Charlie",france_italy_1y5y_bbg_2026-10-05.xlsx
2024-02-19,3.547000,3.385000,3.483000,2.707000,"Bloomberg BGN, exported by Charlie",france_italy_1y5y_bbg_2026-10-05.xlsx
2024-02-20,3.527000,3.332000,3.457000,2.661000,"Bloomberg BGN, exported by Charlie",france_italy_1y5y_bbg_2026-10-05.xlsx
2024-02-21,3.571000,3.427000,3.488000,2.744000,"Bloomberg BGN, exported by Charlie",france_italy_1y5y_bbg_2026-10-05.xlsx
2024-02-22,3.607000,3.431000,3.522000,2.761000,"Bloomberg BGN, exported by Charlie",france_italy_1y5y_bbg_2026-10-05.xlsx
2024-02-23,3.581000,3.333000,3.494000,2.685000,"Bloomberg BGN, exported by Charlie",france_italy_1y5y_bbg_2026-10-05.xlsx
2024-02-26,3.625000,3.410000,3.538000,2.764000,"Bloomberg BGN, exported by Charlie",france_italy_1y5y_bbg_2026-10-05.xlsx
2024-02-27,3.619000,3.411000,3.499000,2.789000,"Bloomberg BGN, exported by Charlie",france_italy_1y5y_bbg_2026-10-05.xlsx
2024-02-28,3.606000,3.388000,3.486000,2.775000,"Bloomberg BGN, exported by Charlie",france_italy_1y5y_bbg_2026-10-05.xlsx
2024-02-29,3.611000,3.362000,3.488000,2.733000,"Bloomberg BGN, exported by Charlie",france_italy_1y5y_bbg_2026-10-05.xlsx
2024-03-01,3.637000,3.403000,3.520000,2.743000,"Bloomberg BGN, exported by Charlie",france_italy_1y5y_bbg_2026-10-05.xlsx
2024-03-04,3.634000,3.346000,3.520000,2.719000,"Bloomberg BGN, exported by Charlie",france_italy_1y5y_bbg_2026-10-05.xlsx
2024-03-05,3.612000,3.250000,3.483000,2.656000,"Bloomberg BGN, exported by Charlie",france_italy_1y5y_bbg_2026-10-05.xlsx
2024-03-06,3.610000,3.198000,3.490000,2.648000,"Bloomberg BGN, exported by Charlie",france_italy_1y5y_bbg_2026-10-05.xlsx
2024-03-07,3.595000,3.162000,3.469000,2.626000,"Bloomberg BGN, exported by Charlie",france_italy_1y5y_bbg_2026-10-05.xlsx
2024-03-08,3.565000,3.113000,3.426000,2.560000,"Bloomberg BGN, exported by Charlie",france_italy_1y5y_bbg_2026-10-05.xlsx
2024-03-11,3.589000,3.151000,3.471000,2.611000,"Bloomberg BGN, exported by Charlie",france_italy_1y5y_bbg_2026-10-05.xlsx
2024-03-12,3.592000,3.143000,3.491000,2.643000,"Bloomberg BGN, exported by Charlie",france_italy_1y5y_bbg_2026-10-05.xlsx
2024-03-13,3.568000,3.131000,3.501000,2.662000,"Bloomberg BGN, exported by Charlie",france_italy_1y5y_bbg_2026-10-05.xlsx
2024-03-14,3.567000,3.231000,3.498000,2.714000,"Bloomberg BGN, exported by Charlie",france_italy_1y5y_bbg_2026-10-05.xlsx
2024-03-15,3.580000,3.246000,3.524000,2.727000,"Bloomberg BGN, exported by Charlie",france_italy_1y5y_bbg_2026-10-05.xlsx
2024-03-18,3.595000,3.226000,3.528000,2.740000,"Bloomberg BGN, exported by Charlie",france_italy_1y5y_bbg_2026-10-05.xlsx
2024-03-19,3.592000,3.244000,3.511000,2.714000,"Bloomberg BGN, exported by Charlie",france_italy_1y5y_bbg_2026-10-05.xlsx
2024-03-20,3.596000,3.250000,3.507000,2.711000,"Bloomberg BGN, exported by Charlie",france_italy_1y5y_bbg_2026-10-05.xlsx
2024-03-21,3.553000,3.210000,3.470000,2.670000,"Bloomberg BGN, exported by Charlie",france_italy_1y5y_bbg_2026-10-05.xlsx
2024-03-22,3.537000,3.181000,3.448000,2.628000,"Bloomberg BGN, exported by Charlie",france_italy_1y5y_bbg_2026-10-05.xlsx
2024-03-25,3.560000,3.224000,3.479000,2.694000,"Bloomberg BGN, exported by Charlie",france_italy_1y5y_bbg_2026-10-05.xlsx
2024-03-26,3.536000,3.194000,3.429000,2.680000,"Bloomberg BGN, exported by Charlie",france_italy_1y5y_bbg_2026-10-05.xlsx
2024-03-27,3.526000,3.158000,3.410000,2.630000,"Bloomberg BGN, exported by Charlie",france_italy_1y5y_bbg_2026-10-05.xlsx
2024-03-28,3.562000,3.223000,3.423000,2.651000,"Bloomberg BGN, exported by Charlie",france_italy_1y5y_bbg_2026-10-05.xlsx
2024-04-02,3.554000,3.335000,3.406000,2.709000,"Bloomberg BGN, exported by Charlie",france_italy_1y5y_bbg_2026-10-05.xlsx
2024-04-03,3.575000,3.353000,3.431000,2.712000,"Bloomberg BGN, exported by Charlie",france_italy_1y5y_bbg_2026-10-05.xlsx
2024-04-04,3.575000,3.270000,3.426000,2.688000,"Bloomberg BGN, exported by Charlie",france_italy_1y5y_bbg_2026-10-05.xlsx
2024-04-05,3.588000,3.325000,3.437000,2.716000,"Bloomberg BGN, exported by Charlie",france_italy_1y5y_bbg_2026-10-05.xlsx
2024-04-08,3.605000,3.350000,3.463000,2.760000,"Bloomberg BGN, exported by Charlie",france_italy_1y5y_bbg_2026-10-05.xlsx
2024-04-09,3.576000,3.283000,3.463000,2.699000,"Bloomberg BGN, exported by Charlie",france_italy_1y5y_bbg_2026-10-05.xlsx
2024-04-10,3.582000,3.339000,3.518000,2.781000,"Bloomberg BGN, exported by Charlie",france_italy_1y5y_bbg_2026-10-05.xlsx
2024-04-11,3.580000,3.405000,3.516000,2.803000,"Bloomberg BGN, exported by Charlie",france_italy_1y5y_bbg_2026-10-05.xlsx
2024-04-12,3.500000,3.286000,3.439000,2.691000,"Bloomberg BGN, exported by Charlie",france_italy_1y5y_bbg_2026-10-05.xlsx
2024-04-15,3.531000,3.387000,3.485000,2.771000,"Bloomberg BGN, exported by Charlie",france_italy_1y5y_bbg_2026-10-05.xlsx
2024-04-16,3.563000,3.460000,3.505000,2.823000,"Bloomberg BGN, exported by Charlie",france_italy_1y5y_bbg_2026-10-05.xlsx
2024-04-17,3.561000,3.452000,3.509000,2.807000,"Bloomberg BGN, exported by Charlie",france_italy_1y5y_bbg_2026-10-05.xlsx
2024-04-18,3.568000,3.471000,3.507000,2.838000,"Bloomberg BGN, exported by Charlie",france_italy_1y5y_bbg_2026-10-05.xlsx
2024-04-19,3.573000,3.485000,3.512000,2.856000,"Bloomberg BGN, exported by Charlie",france_italy_1y5y_bbg_2026-10-05.xlsx
2024-04-22,3.551000,3.396000,3.492000,2.818000,"Bloomberg BGN, exported by Charlie",france_italy_1y5y_bbg_2026-10-05.xlsx
2024-04-23,3.558000,3.398000,3.465000,2.832000,"Bloomberg BGN, exported by Charlie",france_italy_1y5y_bbg_2026-10-05.xlsx
2024-04-24,3.588000,3.507000,3.487000,2.914000,"Bloomberg BGN, exported by Charlie",france_italy_1y5y_bbg_2026-10-05.xlsx
2024-04-25,3.618000,3.563000,3.520000,2.958000,"Bloomberg BGN, exported by Charlie",france_italy_1y5y_bbg_2026-10-05.xlsx
2024-04-26,3.592000,3.464000,3.510000,2.903000,"Bloomberg BGN, exported by Charlie",france_italy_1y5y_bbg_2026-10-05.xlsx
2024-04-29,3.574000,3.406000,3.490000,2.846000,"Bloomberg BGN, exported by Charlie",france_italy_1y5y_bbg_2026-10-05.xlsx
2024-04-30,3.618000,3.481000,3.528000,2.919000,"Bloomberg BGN, exported by Charlie",france_italy_1y5y_bbg_2026-10-05.xlsx
2024-05-02,3.593000,3.427000,3.502000,2.876000,"Bloomberg BGN, exported by Charlie",france_italy_1y5y_bbg_2026-10-05.xlsx
2024-05-03,3.543000,3.372000,3.465000,2.823000,"Bloomberg BGN, exported by Charlie",france_italy_1y5y_bbg_2026-10-05.xlsx
2024-05-06,3.534000,3.355000,3.460000,2.801000,"Bloomberg BGN, exported by Charlie",france_italy_1y5y_bbg_2026-10-05.xlsx
2024-05-07,3.535000,3.329000,3.459000,2.768000,"Bloomberg BGN, exported by Charlie",france_italy_1y5y_bbg_2026-10-05.xlsx
2024-05-08,3.550000,3.359000,3.475000,2.810000,"Bloomberg BGN, exported by Charlie",france_italy_1y5y_bbg_2026-10-05.xlsx
2024-05-09,3.544000,3.395000,3.472000,2.835000,"Bloomberg BGN, exported by Charlie",france_italy_1y5y_bbg_2026-10-05.xlsx
2024-05-10,3.543000,3.418000,3.489000,2.864000,"Bloomberg BGN, exported by Charlie",france_italy_1y5y_bbg_2026-10-05.xlsx
2024-05-13,3.534000,3.415000,3.487000,2.857000,"Bloomberg BGN, exported by Charlie",france_italy_1y5y_bbg_2026-10-05.xlsx
2024-05-14,3.540000,3.441000,3.498000,2.895000,"Bloomberg BGN, exported by Charlie",france_italy_1y5y_bbg_2026-10-05.xlsx
2024-05-15,3.488000,3.300000,3.458000,2.770000,"Bloomberg BGN, exported by Charlie",france_italy_1y5y_bbg_2026-10-05.xlsx
2024-05-16,3.506000,3.329000,3.467000,2.813000,"Bloomberg BGN, exported by Charlie",france_italy_1y5y_bbg_2026-10-05.xlsx
2024-05-17,3.529000,3.388000,3.495000,2.869000,"Bloomberg BGN, exported by Charlie",france_italy_1y5y_bbg_2026-10-05.xlsx
2024-05-20,3.529000,3.378000,3.491000,2.877000,"Bloomberg BGN, exported by Charlie",france_italy_1y5y_bbg_2026-10-05.xlsx
2024-05-21,3.522000,3.365000,3.473000,2.845000,"Bloomberg BGN, exported by Charlie",france_italy_1y5y_bbg_2026-10-05.xlsx
2024-05-22,3.550000,3.398000,3.480000,2.890000,"Bloomberg BGN, exported by Charlie",france_italy_1y5y_bbg_2026-10-05.xlsx
2024-05-23,3.586000,3.474000,3.511000,2.957000,"Bloomberg BGN, exported by Charlie",france_italy_1y5y_bbg_2026-10-05.xlsx
2024-05-24,3.607000,3.488000,3.534000,2.953000,"Bloomberg BGN, exported by Charlie",france_italy_1y5y_bbg_2026-10-05.xlsx
2024-05-27,3.565000,3.421000,3.498000,2.912000,"Bloomberg BGN, exported by Charlie",france_italy_1y5y_bbg_2026-10-05.xlsx
2024-05-28,3.573000,3.478000,3.505000,2.947000,"Bloomberg BGN, exported by Charlie",france_italy_1y5y_bbg_2026-10-05.xlsx
2024-05-29,3.585000,3.569000,3.523000,3.019000,"Bloomberg BGN, exported by Charlie",france_italy_1y5y_bbg_2026-10-05.xlsx
2024-05-30,3.559000,3.513000,3.501000,2.993000,"Bloomberg BGN, exported by Charlie",france_italy_1y5y_bbg_2026-10-05.xlsx
2024-05-31,3.590000,3.544000,3.526000,3.011000,"Bloomberg BGN, exported by Charlie",france_italy_1y5y_bbg_2026-10-05.xlsx
2024-06-03,3.544000,3.450000,3.482000,2.924000,"Bloomberg BGN, exported by Charlie",france_italy_1y5y_bbg_2026-10-05.xlsx
2024-06-04,3.528000,3.430000,3.457000,2.881000,"Bloomberg BGN, exported by Charlie",france_italy_1y5y_bbg_2026-10-05.xlsx
2024-06-05,3.512000,3.394000,3.445000,2.872000,"Bloomberg BGN, exported by Charlie",france_italy_1y5y_bbg_2026-10-05.xlsx
2024-06-06,3.547000,3.451000,3.473000,2.912000,"Bloomberg BGN, exported by Charlie",france_italy_1y5y_bbg_2026-10-05.xlsx
2024-06-07,3.568000,3.559000,3.509000,2.988000,"Bloomberg BGN, exported by Charlie",france_italy_1y5y_bbg_2026-10-05.xlsx
2024-06-10,3.587000,3.634000,3.525000,3.074000,"Bloomberg BGN, exported by Charlie",france_italy_1y5y_bbg_2026-10-05.xlsx
2024-06-11,3.569000,3.624000,3.513000,3.068000,"Bloomberg BGN, exported by Charlie",france_italy_1y5y_bbg_2026-10-05.xlsx
2024-06-12,3.517000,3.485000,3.463000,2.979000,"Bloomberg BGN, exported by Charlie",france_italy_1y5y_bbg_2026-10-05.xlsx
2024-06-13,3.543000,3.497000,3.446000,2.978000,"Bloomberg BGN, exported by Charlie",france_italy_1y5y_bbg_2026-10-05.xlsx
2024-06-14,3.523000,3.488000,3.422000,2.940000,"Bloomberg BGN, exported by Charlie",france_italy_1y5y_bbg_2026-10-05.xlsx
2024-06-17,3.549000,3.496000,3.440000,2.973000,"Bloomberg BGN, exported by Charlie",france_italy_1y5y_bbg_2026-10-05.xlsx
2024-06-18,3.528000,3.447000,3.443000,2.934000,"Bloomberg BGN, exported by Charlie",france_italy_1y5y_bbg_2026-10-05.xlsx
2024-06-19,3.542000,3.494000,3.452000,2.968000,"Bloomberg BGN, exported by Charlie",france_italy_1y5y_bbg_2026-10-05.xlsx
2024-06-20,3.537000,3.496000,3.445000,2.964000,"Bloomberg BGN, exported by Charlie",france_italy_1y5y_bbg_2026-10-05.xlsx
2024-06-21,3.513000,3.478000,3.448000,2.958000,"Bloomberg BGN, exported by Charlie",france_italy_1y5y_bbg_2026-10-05.xlsx
2024-06-24,3.513000,3.471000,3.441000,2.948000,"Bloomberg BGN, exported by Charlie",france_italy_1y5y_bbg_2026-10-05.xlsx
2024-06-25,3.497000,3.466000,3.425000,2.934000,"Bloomberg BGN, exported by Charlie",france_italy_1y5y_bbg_2026-10-05.xlsx
2024-06-26,3.513000,3.520000,3.435000,2.988000,"Bloomberg BGN, exported by Charlie",france_italy_1y5y_bbg_2026-10-05.xlsx
2024-06-27,3.500000,3.548000,3.451000,3.014000,"Bloomberg BGN, exported by Charlie",france_italy_1y5y_bbg_2026-10-05.xlsx
2024-06-28,3.512000,3.581000,3.451000,3.035000,"Bloomberg BGN, exported by Charlie",france_italy_1y5y_bbg_2026-10-05.xlsx
2024-07-01,3.519000,3.605000,3.474000,3.084000,"Bloomberg BGN, exported by Charlie",france_italy_1y5y_bbg_2026-10-05.xlsx
2024-07-02,3.535000,3.557000,3.463000,3.056000,"Bloomberg BGN, exported by Charlie",france_italy_1y5y_bbg_2026-10-05.xlsx
2024-07-03,3.521000,3.509000,3.468000,3.010000,"Bloomberg BGN, exported by Charlie",france_italy_1y5y_bbg_2026-10-05.xlsx
2024-07-04,3.521000,3.526000,3.469000,3.047000,"Bloomberg BGN, exported by Charlie",france_italy_1y5y_bbg_2026-10-05.xlsx
2024-07-05,3.485000,3.459000,3.439000,2.967000,"Bloomberg BGN, exported by Charlie",france_italy_1y5y_bbg_2026-10-05.xlsx
2024-07-08,3.480000,3.423000,3.440000,2.940000,"Bloomberg BGN, exported by Charlie",france_italy_1y5y_bbg_2026-10-05.xlsx
2024-07-09,3.492000,3.466000,3.439000,3.010000,"Bloomberg BGN, exported by Charlie",france_italy_1y5y_bbg_2026-10-05.xlsx
2024-07-10,3.460000,3.382000,3.427000,2.957000,"Bloomberg BGN, exported by Charlie",france_italy_1y5y_bbg_2026-10-05.xlsx
2024-07-11,3.420000,3.296000,3.372000,2.870000,"Bloomberg BGN, exported by Charlie",france_italy_1y5y_bbg_2026-10-05.xlsx
2024-07-12,3.410000,3.309000,3.381000,2.909000,"Bloomberg BGN, exported by Charlie",france_italy_1y5y_bbg_2026-10-05.xlsx
2024-07-15,3.378000,3.258000,3.363000,2.869000,"Bloomberg BGN, exported by Charlie",france_italy_1y5y_bbg_2026-10-05.xlsx
2024-07-16,3.348000,3.223000,3.315000,2.836000,"Bloomberg BGN, exported by Charlie",france_italy_1y5y_bbg_2026-10-05.xlsx
2024-07-17,3.358000,3.252000,3.329000,2.843000,"Bloomberg BGN, exported by Charlie",france_italy_1y5y_bbg_2026-10-05.xlsx
2024-07-18,3.368000,3.255000,3.334000,2.831000,"Bloomberg BGN, exported by Charlie",france_italy_1y5y_bbg_2026-10-05.xlsx
2024-07-19,3.365000,3.284000,3.340000,2.864000,"Bloomberg BGN, exported by Charlie",france_italy_1y5y_bbg_2026-10-05.xlsx
2024-07-22,3.385000,3.287000,3.357000,2.896000,"Bloomberg BGN, exported by Charlie",france_italy_1y5y_bbg_2026-10-05.xlsx
2024-07-23,3.369000,3.256000,3.331000,2.864000,"Bloomberg BGN, exported by Charlie",france_italy_1y5y_bbg_2026-10-05.xlsx
2024-07-24,3.336000,3.271000,3.287000,2.847000,"Bloomberg BGN, exported by Charlie",france_italy_1y5y_bbg_2026-10-05.xlsx
2024-07-25,3.318000,3.253000,3.261000,2.821000,"Bloomberg BGN, exported by Charlie",france_italy_1y5y_bbg_2026-10-05.xlsx
2024-07-26,3.309000,3.244000,3.254000,2.804000,"Bloomberg BGN, exported by Charlie",france_italy_1y5y_bbg_2026-10-05.xlsx
2024-07-29,3.283000,3.189000,3.251000,2.775000,"Bloomberg BGN, exported by Charlie",france_italy_1y5y_bbg_2026-10-05.xlsx
2024-07-30,3.259000,3.170000,3.223000,2.744000,"Bloomberg BGN, exported by Charlie",france_italy_1y5y_bbg_2026-10-05.xlsx
2024-07-31,3.234000,3.122000,3.200000,2.700000,"Bloomberg BGN, exported by Charlie",france_italy_1y5y_bbg_2026-10-05.xlsx
2024-08-01,3.214000,3.108000,3.169000,2.664000,"Bloomberg BGN, exported by Charlie",france_italy_1y5y_bbg_2026-10-05.xlsx
2024-08-02,3.103000,3.069000,3.038000,2.619000,"Bloomberg BGN, exported by Charlie",france_italy_1y5y_bbg_2026-10-05.xlsx
2024-08-05,3.097000,3.127000,3.027000,2.643000,"Bloomberg BGN, exported by Charlie",france_italy_1y5y_bbg_2026-10-05.xlsx
2024-08-06,3.122000,3.104000,3.065000,2.640000,"Bloomberg BGN, exported by Charlie",france_italy_1y5y_bbg_2026-10-05.xlsx
2024-08-07,3.138000,3.140000,3.074000,2.663000,"Bloomberg BGN, exported by Charlie",france_italy_1y5y_bbg_2026-10-05.xlsx
2024-08-08,3.125000,3.134000,3.065000,2.658000,"Bloomberg BGN, exported by Charlie",france_italy_1y5y_bbg_2026-10-05.xlsx
2024-08-09,3.127000,3.088000,3.074000,2.632000,"Bloomberg BGN, exported by Charlie",france_italy_1y5y_bbg_2026-10-05.xlsx
2024-08-12,3.104000,3.091000,3.076000,2.637000,"Bloomberg BGN, exported by Charlie",france_italy_1y5y_bbg_2026-10-05.xlsx
2024-08-13,3.060000,3.022000,3.007000,2.590000,"Bloomberg BGN, exported by Charlie",france_italy_1y5y_bbg_2026-10-05.xlsx
2024-08-14,3.060000,3.022000,3.005000,2.585000,"Bloomberg BGN, exported by Charlie",france_italy_1y5y_bbg_2026-10-05.xlsx
2024-08-15,3.125000,3.103000,3.074000,2.673000,"Bloomberg BGN, exported by Charlie",france_italy_1y5y_bbg_2026-10-05.xlsx
2024-08-16,3.098000,3.101000,3.054000,2.658000,"Bloomberg BGN, exported by Charlie",france_italy_1y5y_bbg_2026-10-05.xlsx
2024-08-19,3.102000,3.075000,3.036000,2.654000,"Bloomberg BGN, exported by Charlie",france_italy_1y5y_bbg_2026-10-05.xlsx
2024-08-20,3.083000,3.054000,3.015000,2.625000,"Bloomberg BGN, exported by Charlie",france_italy_1y5y_bbg_2026-10-05.xlsx
2024-08-21,3.057000,3.005000,2.982000,2.579000,"Bloomberg BGN, exported by Charlie",france_italy_1y5y_bbg_2026-10-05.xlsx
2024-08-22,3.075000,3.064000,3.004000,2.625000,"Bloomberg BGN, exported by Charlie",france_italy_1y5y_bbg_2026-10-05.xlsx
2024-08-23,3.060000,3.012000,2.981000,2.598000,"Bloomberg BGN, exported by Charlie",france_italy_1y5y_bbg_2026-10-05.xlsx
2024-08-26,3.065000,3.053000,3.018000,2.627000,"Bloomberg BGN, exported by Charlie",france_italy_1y5y_bbg_2026-10-05.xlsx
2024-08-27,3.078000,3.107000,3.000000,2.667000,"Bloomberg BGN, exported by Charlie",france_italy_1y5y_bbg_2026-10-05.xlsx
2024-08-28,3.068000,3.085000,2.989000,2.643000,"Bloomberg BGN, exported by Charlie",france_italy_1y5y_bbg_2026-10-05.xlsx
2024-08-29,3.021000,3.070000,2.967000,2.626000,"Bloomberg BGN, exported by Charlie",france_italy_1y5y_bbg_2026-10-05.xlsx
2024-08-30,3.045000,3.115000,3.010000,2.656000,"Bloomberg BGN, exported by Charlie",france_italy_1y5y_bbg_2026-10-05.xlsx
2024-09-02,3.067000,3.112000,3.016000,2.681000,"Bloomberg BGN, exported by Charlie",france_italy_1y5y_bbg_2026-10-05.xlsx
2024-09-03,3.069000,3.095000,3.002000,2.636000,"Bloomberg BGN, exported by Charlie",france_italy_1y5y_bbg_2026-10-05.xlsx
2024-09-04,3.036000,2.997000,2.973000,2.572000,"Bloomberg BGN, exported by Charlie",france_italy_1y5y_bbg_2026-10-05.xlsx
2024-09-05,3.014000,2.975000,2.947000,2.555000,"Bloomberg BGN, exported by Charlie",france_italy_1y5y_bbg_2026-10-05.xlsx
2024-09-06,2.969000,2.946000,2.897000,2.499000,"Bloomberg BGN, exported by Charlie",france_italy_1y5y_bbg_2026-10-05.xlsx
2024-09-09,2.961000,2.939000,2.889000,2.492000,"Bloomberg BGN, exported by Charlie",france_italy_1y5y_bbg_2026-10-05.xlsx
2024-09-10,2.955000,2.906000,2.826000,2.455000,"Bloomberg BGN, exported by Charlie",france_italy_1y5y_bbg_2026-10-05.xlsx
2024-09-11,2.934000,2.857000,2.821000,2.430000,"Bloomberg BGN, exported by Charlie",france_italy_1y5y_bbg_2026-10-05.xlsx
2024-09-12,2.927000,2.869000,2.871000,2.474000,"Bloomberg BGN, exported by Charlie",france_italy_1y5y_bbg_2026-10-05.xlsx
2024-09-13,2.903000,2.842000,2.845000,2.458000,"Bloomberg BGN, exported by Charlie",france_italy_1y5y_bbg_2026-10-05.xlsx
2024-09-16,2.883000,2.813000,2.826000,2.452000,"Bloomberg BGN, exported by Charlie",france_italy_1y5y_bbg_2026-10-05.xlsx
2024-09-17,2.893000,2.849000,2.839000,2.490000,"Bloomberg BGN, exported by Charlie",france_italy_1y5y_bbg_2026-10-05.xlsx
2024-09-18,2.920000,2.917000,2.865000,2.542000,"Bloomberg BGN, exported by Charlie",france_italy_1y5y_bbg_2026-10-05.xlsx
2024-09-19,2.893000,2.874000,2.836000,2.531000,"Bloomberg BGN, exported by Charlie",france_italy_1y5y_bbg_2026-10-05.xlsx
2024-09-20,2.912000,2.871000,2.841000,2.552000,"Bloomberg BGN, exported by Charlie",france_italy_1y5y_bbg_2026-10-05.xlsx
2024-09-23,2.835000,2.812000,2.776000,2.503000,"Bloomberg BGN, exported by Charlie",france_italy_1y5y_bbg_2026-10-05.xlsx
2024-09-24,2.777000,2.760000,2.729000,2.462000,"Bloomberg BGN, exported by Charlie",france_italy_1y5y_bbg_2026-10-05.xlsx
2024-09-25,2.790000,2.798000,2.748000,2.513000,"Bloomberg BGN, exported by Charlie",france_italy_1y5y_bbg_2026-10-05.xlsx
2024-09-26,2.764000,2.762000,2.739000,2.522000,"Bloomberg BGN, exported by Charlie",france_italy_1y5y_bbg_2026-10-05.xlsx
2024-09-27,2.743000,2.734000,2.687000,2.456000,"Bloomberg BGN, exported by Charlie",france_italy_1y5y_bbg_2026-10-05.xlsx
2024-09-30,2.736000,2.802000,2.674000,2.447000,"Bloomberg BGN, exported by Charlie",france_italy_1y5y_bbg_2026-10-05.xlsx
2024-10-01,2.706000,2.728000,2.640000,2.370000,"Bloomberg BGN, exported by Charlie",france_italy_1y5y_bbg_2026-10-05.xlsx
2024-10-02,2.710000,2.763000,2.640000,2.398000,"Bloomberg BGN, exported by Charlie",france_italy_1y5y_bbg_2026-10-05.xlsx
2024-10-03,2.721000,2.828000,2.653000,2.472000,"Bloomberg BGN, exported by Charlie",france_italy_1y5y_bbg_2026-10-05.xlsx
2024-10-04,2.793000,2.894000,2.745000,2.557000,"Bloomberg BGN, exported by Charlie",france_italy_1y5y_bbg_2026-10-05.xlsx
2024-10-07,2.843000,2.965000,2.780000,2.601000,"Bloomberg BGN, exported by Charlie",france_italy_1y5y_bbg_2026-10-05.xlsx
2024-10-08,2.848000,2.939000,2.743000,2.583000,"Bloomberg BGN, exported by Charlie",france_italy_1y5y_bbg_2026-10-05.xlsx
2024-10-09,2.859000,2.960000,2.752000,2.610000,"Bloomberg BGN, exported by Charlie",france_italy_1y5y_bbg_2026-10-05.xlsx
2024-10-10,2.859000,2.932000,2.743000,2.590000,"Bloomberg BGN, exported by Charlie",france_italy_1y5y_bbg_2026-10-05.xlsx
2024-10-11,2.859000,2.955000,2.739000,2.599000,"Bloomberg BGN, exported by Charlie",france_italy_1y5y_bbg_2026-10-05.xlsx
2024-10-14,2.842000,2.941000,2.730000,2.610000,"Bloomberg BGN, exported by Charlie",france_italy_1y5y_bbg_2026-10-05.xlsx
2024-10-15,2.799000,2.849000,2.694000,2.537000,"Bloomberg BGN, exported by Charlie",france_italy_1y5y_bbg_2026-10-05.xlsx
2024-10-16,2.761000,2.804000,2.653000,2.498000,"Bloomberg BGN, exported by Charlie",france_italy_1y5y_bbg_2026-10-05.xlsx
2024-10-17,2.710000,2.785000,2.603000,2.494000,"Bloomberg BGN, exported by Charlie",france_italy_1y5y_bbg_2026-10-05.xlsx
2024-10-18,2.663000,2.741000,2.548000,2.454000,"Bloomberg BGN, exported by Charlie",france_italy_1y5y_bbg_2026-10-05.xlsx
2024-10-21,2.712000,2.886000,2.605000,2.554000,"Bloomberg BGN, exported by Charlie",france_italy_1y5y_bbg_2026-10-05.xlsx
2024-10-22,2.732000,2.936000,2.612000,2.591000,"Bloomberg BGN, exported by Charlie",france_italy_1y5y_bbg_2026-10-05.xlsx
2024-10-23,2.684000,2.881000,2.549000,2.544000,"Bloomberg BGN, exported by Charlie",france_italy_1y5y_bbg_2026-10-05.xlsx
2024-10-24,2.633000,2.839000,2.520000,2.513000,"Bloomberg BGN, exported by Charlie",france_italy_1y5y_bbg_2026-10-05.xlsx
2024-10-25,2.664000,2.888000,2.541000,2.568000,"Bloomberg BGN, exported by Charlie",france_italy_1y5y_bbg_2026-10-05.xlsx
2024-10-28,2.646000,2.867000,2.555000,2.542000,"Bloomberg BGN, exported by Charlie",france_italy_1y5y_bbg_2026-10-05.xlsx
2024-10-29,2.662000,2.935000,2.550000,2.603000,"Bloomberg BGN, exported by Charlie",france_italy_1y5y_bbg_2026-10-05.xlsx
2024-10-30,2.735000,3.049000,2.610000,2.702000,"Bloomberg BGN, exported by Charlie",france_italy_1y5y_bbg_2026-10-05.xlsx
2024-10-31,2.794000,3.068000,2.630000,2.711000,"Bloomberg BGN, exported by Charlie",france_italy_1y5y_bbg_2026-10-05.xlsx
2024-11-01,2.790000,3.077000,2.624000,2.706000,"Bloomberg BGN, exported by Charlie",france_italy_1y5y_bbg_2026-10-05.xlsx
2024-11-04,2.805000,3.081000,2.642000,2.706000,"Bloomberg BGN, exported by Charlie",france_italy_1y5y_bbg_2026-10-05.xlsx
2024-11-05,2.795000,3.098000,2.661000,2.736000,"Bloomberg BGN, exported by Charlie",france_italy_1y5y_bbg_2026-10-05.xlsx
2024-11-06,2.743000,3.085000,2.549000,2.670000,"Bloomberg BGN, exported by Charlie",france_italy_1y5y_bbg_2026-10-05.xlsx
2024-11-07,2.706000,3.103000,2.576000,2.710000,"Bloomberg BGN, exported by Charlie",france_italy_1y5y_bbg_2026-10-05.xlsx
2024-11-08,2.738000,3.049000,2.574000,2.663000,"Bloomberg BGN, exported by Charlie",france_italy_1y5y_bbg_2026-10-05.xlsx
2024-11-11,2.715000,2.980000,2.546000,2.614000,"Bloomberg BGN, exported by Charlie",france_italy_1y5y_bbg_2026-10-05.xlsx
2024-11-12,2.653000,3.018000,2.523000,2.638000,"Bloomberg BGN, exported by Charlie",france_italy_1y5y_bbg_2026-10-05.xlsx
2024-11-13,2.630000,3.021000,2.513000,2.673000,"Bloomberg BGN, exported by Charlie",france_italy_1y5y_bbg_2026-10-05.xlsx
2024-11-14,2.573000,2.918000,2.456000,2.603000,"Bloomberg BGN, exported by Charlie",france_italy_1y5y_bbg_2026-10-05.xlsx
2024-11-15,2.577000,2.932000,2.473000,2.615000,"Bloomberg BGN, exported by Charlie",france_italy_1y5y_bbg_2026-10-05.xlsx
2024-11-18,2.638000,2.960000,2.512000,2.653000,"Bloomberg BGN, exported by Charlie",france_italy_1y5y_bbg_2026-10-05.xlsx
2024-11-19,2.601000,2.942000,2.501000,2.626000,"Bloomberg BGN, exported by Charlie",france_italy_1y5y_bbg_2026-10-05.xlsx
2024-11-20,2.575000,2.954000,2.499000,2.644000,"Bloomberg BGN, exported by Charlie",france_italy_1y5y_bbg_2026-10-05.xlsx
2024-11-21,2.542000,2.937000,2.469000,2.633000,"Bloomberg BGN, exported by Charlie",france_italy_1y5y_bbg_2026-10-05.xlsx
2024-11-22,2.417000,2.849000,2.354000,2.548000,"Bloomberg BGN, exported by Charlie",france_italy_1y5y_bbg_2026-10-05.xlsx
2024-11-25,2.455000,2.851000,2.392000,2.663000,"Bloomberg BGN, exported by Charlie",france_italy_1y5y_bbg_2026-10-05.xlsx
2024-11-26,2.468000,2.848000,2.410000,2.686000,"Bloomberg BGN, exported by Charlie",france_italy_1y5y_bbg_2026-10-05.xlsx
2024-11-27,2.495000,2.811000,2.459000,2.667000,"Bloomberg BGN, exported by Charlie",france_italy_1y5y_bbg_2026-10-05.xlsx
2024-11-28,2.462000,2.734000,2.425000,2.587000,"Bloomberg BGN, exported by Charlie",france_italy_1y5y_bbg_2026-10-05.xlsx
2024-11-29,2.425000,2.661000,2.372000,2.517000,"Bloomberg BGN, exported by Charlie",france_italy_1y5y_bbg_2026-10-05.xlsx
2024-12-02,2.379000,2.640000,2.341000,2.530000,"Bloomberg BGN, exported by Charlie",france_italy_1y5y_bbg_2026-10-05.xlsx
2024-12-03,2.399000,2.635000,2.364000,2.532000,"Bloomberg BGN, exported by Charlie",france_italy_1y5y_bbg_2026-10-05.xlsx
2024-12-04,2.393000,2.641000,2.360000,2.530000,"Bloomberg BGN, exported by Charlie",france_italy_1y5y_bbg_2026-10-05.xlsx
2024-12-05,2.409000,2.642000,2.380000,2.533000,"Bloomberg BGN, exported by Charlie",france_italy_1y5y_bbg_2026-10-05.xlsx
2024-12-06,2.404000,2.629000,2.383000,2.510000,"Bloomberg BGN, exported by Charlie",france_italy_1y5y_bbg_2026-10-05.xlsx
2024-12-09,2.378000,2.613000,2.369000,2.499000,"Bloomberg BGN, exported by Charlie",france_italy_1y5y_bbg_2026-10-05.xlsx
2024-12-10,2.375000,2.605000,2.348000,2.474000,"Bloomberg BGN, exported by Charlie",france_italy_1y5y_bbg_2026-10-05.xlsx
2024-12-11,2.354000,2.577000,2.338000,2.483000,"Bloomberg BGN, exported by Charlie",france_italy_1y5y_bbg_2026-10-05.xlsx
2024-12-12,2.437000,2.728000,2.379000,2.570000,"Bloomberg BGN, exported by Charlie",france_italy_1y5y_bbg_2026-10-05.xlsx
2024-12-13,2.456000,2.768000,2.400000,2.620000,"Bloomberg BGN, exported by Charlie",france_italy_1y5y_bbg_2026-10-05.xlsx
2024-12-16,2.423000,2.766000,2.380000,2.626000,"Bloomberg BGN, exported by Charlie",france_italy_1y5y_bbg_2026-10-05.xlsx
2024-12-17,2.417000,2.768000,2.374000,2.629000,"Bloomberg BGN, exported by Charlie",france_italy_1y5y_bbg_2026-10-05.xlsx
2024-12-18,2.395000,2.771000,2.353000,2.625000,"Bloomberg BGN, exported by Charlie",france_italy_1y5y_bbg_2026-10-05.xlsx
2024-12-19,2.401000,2.821000,2.359000,2.667000,"Bloomberg BGN, exported by Charlie",france_italy_1y5y_bbg_2026-10-05.xlsx
2024-12-20,2.399000,2.807000,2.365000,2.644000,"Bloomberg BGN, exported by Charlie",france_italy_1y5y_bbg_2026-10-05.xlsx
2024-12-23,2.405000,2.851000,2.354000,2.691000,"Bloomberg BGN, exported by Charlie",france_italy_1y5y_bbg_2026-10-05.xlsx
2024-12-24,2.426000,2.850000,2.375000,2.691000,"Bloomberg BGN, exported by Charlie",france_italy_1y5y_bbg_2026-10-05.xlsx
2024-12-27,2.378000,2.879000,2.342000,2.750000,"Bloomberg BGN, exported by Charlie",france_italy_1y5y_bbg_2026-10-05.xlsx
2024-12-30,2.373000,2.859000,2.335000,2.718000,"Bloomberg BGN, exported by Charlie",france_italy_1y5y_bbg_2026-10-05.xlsx
2024-12-31,2.380000,2.859000,2.342000,2.718000,"Bloomberg BGN, exported by Charlie",france_italy_1y5y_bbg_2026-10-05.xlsx
2025-01-02,2.366000,2.869000,2.368000,2.768000,"Bloomberg BGN, exported by Charlie",france_italy_1y5y_bbg_2026-10-05.xlsx
2025-01-03,2.422000,2.940000,2.411000,2.839000,"Bloomberg BGN, exported by Charlie",france_italy_1y5y_bbg_2026-10-05.xlsx
2025-01-06,2.468000,2.928000,2.448000,2.831000,"Bloomberg BGN, exported by Charlie",france_italy_1y5y_bbg_2026-10-05.xlsx
2025-01-07,2.480000,2.964000,2.426000,2.856000,"Bloomberg BGN, exported by Charlie",france_italy_1y5y_bbg_2026-10-05.xlsx
2025-01-08,2.485000,3.004000,2.428000,2.889000,"Bloomberg BGN, exported by Charlie",france_italy_1y5y_bbg_2026-10-05.xlsx
2025-01-09,2.497000,3.038000,2.442000,2.943000,"Bloomberg BGN, exported by Charlie",france_italy_1y5y_bbg_2026-10-05.xlsx
2025-01-10,2.525000,3.109000,2.485000,2.985000,"Bloomberg BGN, exported by Charlie",france_italy_1y5y_bbg_2026-10-05.xlsx
2025-01-13,2.539000,3.162000,2.495000,3.007000,"Bloomberg BGN, exported by Charlie",france_italy_1y5y_bbg_2026-10-05.xlsx
2025-01-14,2.535000,3.174000,2.503000,3.019000,"Bloomberg BGN, exported by Charlie",france_italy_1y5y_bbg_2026-10-05.xlsx
2025-01-15,2.481000,3.026000,2.464000,2.902000,"Bloomberg BGN, exported by Charlie",france_italy_1y5y_bbg_2026-10-05.xlsx
2025-01-16,2.468000,2.992000,2.437000,2.876000,"Bloomberg BGN, exported by Charlie",france_italy_1y5y_bbg_2026-10-05.xlsx
2025-01-17,2.446000,2.988000,2.424000,2.863000,"Bloomberg BGN, exported by Charlie",france_italy_1y5y_bbg_2026-10-05.xlsx
2025-01-20,2.441000,2.959000,2.424000,2.854000,"Bloomberg BGN, exported by Charlie",france_italy_1y5y_bbg_2026-10-05.xlsx
2025-01-21,2.433000,2.939000,2.412000,2.833000,"Bloomberg BGN, exported by Charlie",france_italy_1y5y_bbg_2026-10-05.xlsx
2025-01-22,2.435000,2.957000,2.420000,2.823000,"Bloomberg BGN, exported by Charlie",france_italy_1y5y_bbg_2026-10-05.xlsx
2025-01-23,2.438000,2.992000,2.424000,2.849000,"Bloomberg BGN, exported by Charlie",france_italy_1y5y_bbg_2026-10-05.xlsx
2025-01-24,2.476000,3.017000,2.469000,2.863000,"Bloomberg BGN, exported by Charlie",france_italy_1y5y_bbg_2026-10-05.xlsx
2025-01-27,2.460000,2.992000,2.419000,2.828000,"Bloomberg BGN, exported by Charlie",france_italy_1y5y_bbg_2026-10-05.xlsx
2025-01-28,2.473000,3.005000,2.414000,2.847000,"Bloomberg BGN, exported by Charlie",france_italy_1y5y_bbg_2026-10-05.xlsx
2025-01-29,2.460000,3.005000,2.416000,2.877000,"Bloomberg BGN, exported by Charlie",france_italy_1y5y_bbg_2026-10-05.xlsx
2025-01-30,2.397000,2.938000,2.359000,2.813000,"Bloomberg BGN, exported by Charlie",france_italy_1y5y_bbg_2026-10-05.xlsx
2025-01-31,2.335000,2.869000,2.300000,2.728000,"Bloomberg BGN, exported by Charlie",france_italy_1y5y_bbg_2026-10-05.xlsx
2025-02-03,2.282000,2.801000,2.225000,2.632000,"Bloomberg BGN, exported by Charlie",france_italy_1y5y_bbg_2026-10-05.xlsx
2025-02-04,2.295000,2.807000,2.247000,2.635000,"Bloomberg BGN, exported by Charlie",france_italy_1y5y_bbg_2026-10-05.xlsx
2025-02-05,2.293000,2.778000,2.249000,2.624000,"Bloomberg BGN, exported by Charlie",france_italy_1y5y_bbg_2026-10-05.xlsx
2025-02-06,2.288000,2.772000,2.243000,2.631000,"Bloomberg BGN, exported by Charlie",france_italy_1y5y_bbg_2026-10-05.xlsx
2025-02-07,2.290000,2.787000,2.239000,2.634000,"Bloomberg BGN, exported by Charlie",france_italy_1y5y_bbg_2026-10-05.xlsx
2025-02-10,2.271000,2.768000,2.229000,2.623000,"Bloomberg BGN, exported by Charlie",france_italy_1y5y_bbg_2026-10-05.xlsx
2025-02-11,2.296000,2.847000,2.260000,2.696000,"Bloomberg BGN, exported by Charlie",france_italy_1y5y_bbg_2026-10-05.xlsx
2025-02-12,2.324000,2.880000,2.294000,2.734000,"Bloomberg BGN, exported by Charlie",france_italy_1y5y_bbg_2026-10-05.xlsx
2025-02-13,2.305000,2.809000,2.270000,2.650000,"Bloomberg BGN, exported by Charlie",france_italy_1y5y_bbg_2026-10-05.xlsx
2025-02-14,2.314000,2.849000,2.288000,2.677000,"Bloomberg BGN, exported by Charlie",france_italy_1y5y_bbg_2026-10-05.xlsx
2025-02-17,2.320000,2.865000,2.288000,2.704000,"Bloomberg BGN, exported by Charlie",france_italy_1y5y_bbg_2026-10-05.xlsx
2025-02-18,2.313000,2.862000,2.289000,2.692000,"Bloomberg BGN, exported by Charlie",france_italy_1y5y_bbg_2026-10-05.xlsx
2025-02-19,2.344000,2.943000,2.316000,2.770000,"Bloomberg BGN, exported by Charlie",france_italy_1y5y_bbg_2026-10-05.xlsx
2025-02-20,2.333000,2.919000,2.301000,2.742000,"Bloomberg BGN, exported by Charlie",france_italy_1y5y_bbg_2026-10-05.xlsx
2025-02-21,2.296000,2.867000,2.274000,2.694000,"Bloomberg BGN, exported by Charlie",france_italy_1y5y_bbg_2026-10-05.xlsx
2025-02-24,2.284000,2.820000,2.254000,2.682000,"Bloomberg BGN, exported by Charlie",france_italy_1y5y_bbg_2026-10-05.xlsx
2025-02-25,2.262000,2.789000,2.221000,2.654000,"Bloomberg BGN, exported by Charlie",france_italy_1y5y_bbg_2026-10-05.xlsx
2025-02-26,2.273000,2.754000,2.228000,2.614000,"Bloomberg BGN, exported by Charlie",france_italy_1y5y_bbg_2026-10-05.xlsx
2025-02-27,2.243000,2.741000,2.202000,2.589000,"Bloomberg BGN, exported by Charlie",france_italy_1y5y_bbg_2026-10-05.xlsx
2025-02-28,2.229000,2.728000,2.198000,2.577000,"Bloomberg BGN, exported by Charlie",france_italy_1y5y_bbg_2026-10-05.xlsx
2025-03-03,2.259000,2.771000,2.238000,2.626000,"Bloomberg BGN, exported by Charlie",france_italy_1y5y_bbg_2026-10-05.xlsx
2025-03-04,2.234000,2.765000,2.213000,2.610000,"Bloomberg BGN, exported by Charlie",france_italy_1y5y_bbg_2026-10-05.xlsx
2025-03-05,2.336000,3.034000,2.309000,2.877000,"Bloomberg BGN, exported by Charlie",france_italy_1y5y_bbg_2026-10-05.xlsx
2025-03-06,2.331000,3.089000,2.315000,2.912000,"Bloomberg BGN, exported by Charlie",france_italy_1y5y_bbg_2026-10-05.xlsx
2025-03-07,2.324000,3.058000,2.306000,2.919000,"Bloomberg BGN, exported by Charlie",france_italy_1y5y_bbg_2026-10-05.xlsx
2025-03-10,2.319000,3.045000,2.293000,2.891000,"Bloomberg BGN, exported by Charlie",france_italy_1y5y_bbg_2026-10-05.xlsx
2025-03-11,2.308000,3.059000,2.279000,2.904000,"Bloomberg BGN, exported by Charlie",france_italy_1y5y_bbg_2026-10-05.xlsx
2025-03-12,2.331000,3.054000,2.296000,2.894000,"Bloomberg BGN, exported by Charlie",france_italy_1y5y_bbg_2026-10-05.xlsx
2025-03-13,2.319000,3.040000,2.270000,2.876000,"Bloomberg BGN, exported by Charlie",france_italy_1y5y_bbg_2026-10-05.xlsx
2025-03-14,2.313000,3.035000,2.268000,2.886000,"Bloomberg BGN, exported by Charlie",france_italy_1y5y_bbg_2026-10-05.xlsx
2025-03-17,2.310000,2.981000,2.283000,2.841000,"Bloomberg BGN, exported by Charlie",france_italy_1y5y_bbg_2026-10-05.xlsx
2025-03-18,2.303000,2.982000,2.280000,2.839000,"Bloomberg BGN, exported by Charlie",france_italy_1y5y_bbg_2026-10-05.xlsx
2025-03-19,2.296000,2.981000,2.283000,2.840000,"Bloomberg BGN, exported by Charlie",france_italy_1y5y_bbg_2026-10-05.xlsx
2025-03-20,2.285000,2.973000,2.266000,2.830000,"Bloomberg BGN, exported by Charlie",france_italy_1y5y_bbg_2026-10-05.xlsx
2025-03-21,2.268000,2.930000,2.247000,2.797000,"Bloomberg BGN, exported by Charlie",france_italy_1y5y_bbg_2026-10-05.xlsx
2025-03-24,2.259000,2.921000,2.238000,2.789000,"Bloomberg BGN, exported by Charlie",france_italy_1y5y_bbg_2026-10-05.xlsx
2025-03-25,2.255000,2.937000,2.237000,2.807000,"Bloomberg BGN, exported by Charlie",france_italy_1y5y_bbg_2026-10-05.xlsx
2025-03-26,2.246000,2.929000,2.226000,2.801000,"Bloomberg BGN, exported by Charlie",france_italy_1y5y_bbg_2026-10-05.xlsx
2025-03-27,2.207000,2.896000,2.185000,2.758000,"Bloomberg BGN, exported by Charlie",france_italy_1y5y_bbg_2026-10-05.xlsx
2025-03-28,2.177000,2.859000,2.157000,2.718000,"Bloomberg BGN, exported by Charlie",france_italy_1y5y_bbg_2026-10-05.xlsx
2025-03-31,2.168000,2.877000,2.179000,2.745000,"Bloomberg BGN, exported by Charlie",france_italy_1y5y_bbg_2026-10-05.xlsx
2025-04-01,2.169000,3.013000,2.162000,2.704000,"Bloomberg BGN, exported by Charlie",france_italy_1y5y_bbg_2026-10-05.xlsx
2025-04-02,2.172000,3.024000,2.168000,2.720000,"Bloomberg BGN, exported by Charlie",france_italy_1y5y_bbg_2026-10-05.xlsx
2025-04-03,2.139000,2.963000,2.125000,2.642000,"Bloomberg BGN, exported by Charlie",france_italy_1y5y_bbg_2026-10-05.xlsx
2025-04-04,2.077000,2.932000,2.060000,2.563000,"Bloomberg BGN, exported by Charlie",france_italy_1y5y_bbg_2026-10-05.xlsx
2025-04-07,2.046000,2.984000,2.024000,2.574000,"Bloomberg BGN, exported by Charlie",france_italy_1y5y_bbg_2026-10-05.xlsx
2025-04-08,2.093000,3.012000,2.054000,2.620000,"Bloomberg BGN, exported by Charlie",france_italy_1y5y_bbg_2026-10-05.xlsx
2025-04-09,2.059000,3.005000,1.973000,2.588000,"Bloomberg BGN, exported by Charlie",france_italy_1y5y_bbg_2026-10-05.xlsx
2025-04-10,2.093000,2.971000,2.029000,2.585000,"Bloomberg BGN, exported by Charlie",france_italy_1y5y_bbg_2026-10-05.xlsx
2025-04-11,2.113000,2.989000,2.030000,2.615000,"Bloomberg BGN, exported by Charlie",france_italy_1y5y_bbg_2026-10-05.xlsx
2025-04-14,2.064000,2.865000,2.015000,2.539000,"Bloomberg BGN, exported by Charlie",france_italy_1y5y_bbg_2026-10-05.xlsx
2025-04-15,2.069000,2.893000,2.002000,2.560000,"Bloomberg BGN, exported by Charlie",france_italy_1y5y_bbg_2026-10-05.xlsx
2025-04-16,2.036000,2.862000,1.992000,2.530000,"Bloomberg BGN, exported by Charlie",france_italy_1y5y_bbg_2026-10-05.xlsx
2025-04-17,1.980000,2.801000,1.923000,2.484000,"Bloomberg BGN, exported by Charlie",france_italy_1y5y_bbg_2026-10-05.xlsx
2025-04-22,1.959000,2.765000,1.896000,2.455000,"Bloomberg BGN, exported by Charlie",france_italy_1y5y_bbg_2026-10-05.xlsx
2025-04-23,1.993000,2.797000,1.946000,2.487000,"Bloomberg BGN, exported by Charlie",france_italy_1y5y_bbg_2026-10-05.xlsx
2025-04-24,1.945000,2.701000,1.901000,2.402000,"Bloomberg BGN, exported by Charlie",france_italy_1y5y_bbg_2026-10-05.xlsx
2025-04-25,1.967000,2.737000,1.909000,2.428000,"Bloomberg BGN, exported by Charlie",france_italy_1y5y_bbg_2026-10-05.xlsx
2025-04-28,1.948000,2.769000,1.909000,2.465000,"Bloomberg BGN, exported by Charlie",france_italy_1y5y_bbg_2026-10-05.xlsx
2025-04-29,1.952000,2.760000,1.909000,2.454000,"Bloomberg BGN, exported by Charlie",france_italy_1y5y_bbg_2026-10-05.xlsx
2025-04-30,1.935000,2.708000,1.883000,2.391000,"Bloomberg BGN, exported by Charlie",france_italy_1y5y_bbg_2026-10-05.xlsx
2025-05-02,1.959000,2.777000,1.929000,2.478000,"Bloomberg BGN, exported by Charlie",france_italy_1y5y_bbg_2026-10-05.xlsx
2025-05-05,1.947000,2.748000,1.912000,2.458000,"Bloomberg BGN, exported by Charlie",france_italy_1y5y_bbg_2026-10-05.xlsx
2025-05-06,1.942000,2.758000,1.899000,2.464000,"Bloomberg BGN, exported by Charlie",france_italy_1y5y_bbg_2026-10-05.xlsx
2025-05-07,1.918000,2.698000,1.869000,2.416000,"Bloomberg BGN, exported by Charlie",france_italy_1y5y_bbg_2026-10-05.xlsx
2025-05-08,1.938000,2.735000,1.915000,2.470000,"Bloomberg BGN, exported by Charlie",france_italy_1y5y_bbg_2026-10-05.xlsx
2025-05-09,1.955000,2.764000,1.922000,2.486000,"Bloomberg BGN, exported by Charlie",france_italy_1y5y_bbg_2026-10-05.xlsx
2025-05-12,2.029000,2.858000,1.983000,2.589000,"Bloomberg BGN, exported by Charlie",france_italy_1y5y_bbg_2026-10-05.xlsx
2025-05-13,2.039000,2.879000,1.987000,2.607000,"Bloomberg BGN, exported by Charlie",france_italy_1y5y_bbg_2026-10-05.xlsx
2025-05-14,2.032000,2.891000,1.993000,2.639000,"Bloomberg BGN, exported by Charlie",france_italy_1y5y_bbg_2026-10-05.xlsx
2025-05-15,2.000000,2.817000,1.957000,2.559000,"Bloomberg BGN, exported by Charlie",france_italy_1y5y_bbg_2026-10-05.xlsx
2025-05-16,1.982000,2.779000,1.943000,2.523000,"Bloomberg BGN, exported by Charlie",france_italy_1y5y_bbg_2026-10-05.xlsx
2025-05-19,1.988000,2.770000,1.948000,2.514000,"Bloomberg BGN, exported by Charlie",france_italy_1y5y_bbg_2026-10-05.xlsx
2025-05-20,1.976000,2.769000,1.944000,2.506000,"Bloomberg BGN, exported by Charlie",france_italy_1y5y_bbg_2026-10-05.xlsx
2025-05-21,1.985000,2.799000,1.956000,2.553000,"Bloomberg BGN, exported by Charlie",france_italy_1y5y_bbg_2026-10-05.xlsx
2025-05-22,1.960000,2.796000,1.937000,2.544000,"Bloomberg BGN, exported by Charlie",france_italy_1y5y_bbg_2026-10-05.xlsx
2025-05-23,1.911000,2.742000,1.892000,2.486000,"Bloomberg BGN, exported by Charlie",france_italy_1y5y_bbg_2026-10-05.xlsx
2025-05-26,1.930000,2.730000,1.907000,2.474000,"Bloomberg BGN, exported by Charlie",france_italy_1y5y_bbg_2026-10-05.xlsx
2025-05-27,1.934000,2.719000,1.909000,2.465000,"Bloomberg BGN, exported by Charlie",france_italy_1y5y_bbg_2026-10-05.xlsx
2025-05-28,1.941000,2.717000,1.913000,2.476000,"Bloomberg BGN, exported by Charlie",france_italy_1y5y_bbg_2026-10-05.xlsx
2025-05-29,1.919000,2.682000,1.897000,2.600000,"Bloomberg BGN, exported by Charlie",france_italy_1y5y_bbg_2026-10-05.xlsx
2025-05-30,1.933000,2.668000,1.912000,2.586000,"Bloomberg BGN, exported by Charlie",france_italy_1y5y_bbg_2026-10-05.xlsx
2025-06-02,1.942000,2.676000,1.919000,2.607000,"Bloomberg BGN, exported by Charlie",france_italy_1y5y_bbg_2026-10-05.xlsx
2025-06-03,1.929000,2.672000,1.910000,2.608000,"Bloomberg BGN, exported by Charlie",france_italy_1y5y_bbg_2026-10-05.xlsx
2025-06-04,1.927000,2.690000,1.915000,2.626000,"Bloomberg BGN, exported by Charlie",france_italy_1y5y_bbg_2026-10-05.xlsx
2025-06-05,1.974000,2.752000,1.960000,2.690000,"Bloomberg BGN, exported by Charlie",france_italy_1y5y_bbg_2026-10-05.xlsx
2025-06-06,1.979000,2.742000,1.956000,2.695000,"Bloomberg BGN, exported by Charlie",france_italy_1y5y_bbg_2026-10-05.xlsx
2025-06-09,1.975000,2.729000,1.941000,2.679000,"Bloomberg BGN, exported by Charlie",france_italy_1y5y_bbg_2026-10-05.xlsx
2025-06-10,1.965000,2.684000,1.947000,2.651000,"Bloomberg BGN, exported by Charlie",france_italy_1y5y_bbg_2026-10-05.xlsx
2025-06-11,1.972000,2.683000,1.944000,2.665000,"Bloomberg BGN, exported by Charlie",france_italy_1y5y_bbg_2026-10-05.xlsx
2025-06-12,1.970000,2.655000,1.927000,2.630000,"Bloomberg BGN, exported by Charlie",france_italy_1y5y_bbg_2026-10-05.xlsx
2025-06-13,1.992000,2.728000,1.946000,2.700000,"Bloomberg BGN, exported by Charlie",france_italy_1y5y_bbg_2026-10-05.xlsx
2025-06-16,1.979000,2.690000,1.943000,2.672000,"Bloomberg BGN, exported by Charlie",france_italy_1y5y_bbg_2026-10-05.xlsx
2025-06-17,1.994000,2.726000,1.941000,2.699000,"Bloomberg BGN, exported by Charlie",france_italy_1y5y_bbg_2026-10-05.xlsx
2025-06-18,1.987000,2.691000,1.923000,2.665000,"Bloomberg BGN, exported by Charlie",france_italy_1y5y_bbg_2026-10-05.xlsx
2025-06-19,1.982000,2.751000,1.926000,2.712000,"Bloomberg BGN, exported by Charlie",france_italy_1y5y_bbg_2026-10-05.xlsx
2025-06-20,1.986000,2.732000,1.946000,2.688000,"Bloomberg BGN, exported by Charlie",france_italy_1y5y_bbg_2026-10-05.xlsx
2025-06-23,1.985000,2.717000,1.934000,2.675000,"Bloomberg BGN, exported by Charlie",france_italy_1y5y_bbg_2026-10-05.xlsx
2025-06-24,1.972000,2.696000,1.933000,2.681000,"Bloomberg BGN, exported by Charlie",france_italy_1y5y_bbg_2026-10-05.xlsx
2025-06-25,1.960000,2.700000,1.921000,2.680000,"Bloomberg BGN, exported by Charlie",france_italy_1y5y_bbg_2026-10-05.xlsx
2025-06-26,1.943000,2.671000,1.907000,2.656000,"Bloomberg BGN, exported by Charlie",france_italy_1y5y_bbg_2026-10-05.xlsx
2025-06-27,1.967000,2.708000,1.941000,2.681000,"Bloomberg BGN, exported by Charlie",france_italy_1y5y_bbg_2026-10-05.xlsx
2025-06-30,1.956000,2.695000,1.943000,2.692000,"Bloomberg BGN, exported by Charlie",france_italy_1y5y_bbg_2026-10-05.xlsx
2025-07-01,1.954000,2.677000,1.925000,2.668000,"Bloomberg BGN, exported by Charlie",france_italy_1y5y_bbg_2026-10-05.xlsx
2025-07-02,1.958000,2.726000,1.922000,2.726000,"Bloomberg BGN, exported by Charlie",france_italy_1y5y_bbg_2026-10-05.xlsx
2025-07-03,1.947000,2.672000,1.907000,2.681000,"Bloomberg BGN, exported by Charlie",france_italy_1y5y_bbg_2026-10-05.xlsx
2025-07-04,1.935000,2.652000,1.900000,2.677000,"Bloomberg BGN, exported by Charlie",france_italy_1y5y_bbg_2026-10-05.xlsx
2025-07-07,1.938000,2.698000,1.903000,2.715000,"Bloomberg BGN, exported by Charlie",france_italy_1y5y_bbg_2026-10-05.xlsx
2025-07-08,1.953000,2.744000,1.916000,2.749000,"Bloomberg BGN, exported by Charlie",france_italy_1y5y_bbg_2026-10-05.xlsx
2025-07-09,1.951000,2.729000,1.921000,2.746000,"Bloomberg BGN, exported by Charlie",france_italy_1y5y_bbg_2026-10-05.xlsx
2025-07-10,1.964000,2.763000,1.940000,2.784000,"Bloomberg BGN, exported by Charlie",france_italy_1y5y_bbg_2026-10-05.xlsx
2025-07-11,1.987000,2.775000,1.953000,2.796000,"Bloomberg BGN, exported by Charlie",france_italy_1y5y_bbg_2026-10-05.xlsx
2025-07-14,1.963000,2.776000,1.939000,2.802000,"Bloomberg BGN, exported by Charlie",france_italy_1y5y_bbg_2026-10-05.xlsx
2025-07-15,1.954000,2.751000,1.926000,2.778000,"Bloomberg BGN, exported by Charlie",france_italy_1y5y_bbg_2026-10-05.xlsx
2025-07-16,1.941000,2.716000,1.912000,2.742000,"Bloomberg BGN, exported by Charlie",france_italy_1y5y_bbg_2026-10-05.xlsx
2025-07-17,1.947000,2.718000,1.916000,2.749000,"Bloomberg BGN, exported by Charlie",france_italy_1y5y_bbg_2026-10-05.xlsx
2025-07-18,1.949000,2.726000,1.927000,2.760000,"Bloomberg BGN, exported by Charlie",france_italy_1y5y_bbg_2026-10-05.xlsx
2025-07-21,1.922000,2.641000,1.906000,2.667000,"Bloomberg BGN, exported by Charlie",france_italy_1y5y_bbg_2026-10-05.xlsx
2025-07-22,1.912000,2.634000,1.897000,2.643000,"Bloomberg BGN, exported by Charlie",france_italy_1y5y_bbg_2026-10-05.xlsx
2025-07-23,1.915000,2.665000,1.902000,2.677000,"Bloomberg BGN, exported by Charlie",france_italy_1y5y_bbg_2026-10-05.xlsx
2025-07-24,1.975000,2.768000,1.976000,2.775000,"Bloomberg BGN, exported by Charlie",france_italy_1y5y_bbg_2026-10-05.xlsx
2025-07-25,1.996000,2.780000,1.985000,2.781000,"Bloomberg BGN, exported by Charlie",france_italy_1y5y_bbg_2026-10-05.xlsx
2025-07-28,1.979000,2.733000,1.969000,2.743000,"Bloomberg BGN, exported by Charlie",france_italy_1y5y_bbg_2026-10-05.xlsx
2025-07-29,1.984000,2.754000,1.983000,2.763000,"Bloomberg BGN, exported by Charlie",france_italy_1y5y_bbg_2026-10-05.xlsx
2025-07-30,1.994000,2.763000,1.987000,2.765000,"Bloomberg BGN, exported by Charlie",france_italy_1y5y_bbg_2026-10-05.xlsx
2025-07-31,2.000000,2.750000,2.000000,2.763000,"Bloomberg BGN, exported by Charlie",france_italy_1y5y_bbg_2026-10-05.xlsx
2025-08-01,1.967000,2.728000,1.966000,2.744000,"Bloomberg BGN, exported by Charlie",france_italy_1y5y_bbg_2026-10-05.xlsx
2025-08-04,1.960000,2.659000,1.950000,2.688000,"Bloomberg BGN, exported by Charlie",france_italy_1y5y_bbg_2026-10-05.xlsx
2025-08-05,1.972000,2.656000,1.965000,2.689000,"Bloomberg BGN, exported by Charlie",france_italy_1y5y_bbg_2026-10-05.xlsx
2025-08-06,1.969000,2.675000,1.958000,2.709000,"Bloomberg BGN, exported by Charlie",france_italy_1y5y_bbg_2026-10-05.xlsx
2025-08-07,1.967000,2.666000,1.967000,2.703000,"Bloomberg BGN, exported by Charlie",france_italy_1y5y_bbg_2026-10-05.xlsx
2025-08-08,1.982000,2.718000,1.984000,2.755000,"Bloomberg BGN, exported by Charlie",france_italy_1y5y_bbg_2026-10-05.xlsx
2025-08-11,1.989000,2.729000,1.982000,2.762000,"Bloomberg BGN, exported by Charlie",france_italy_1y5y_bbg_2026-10-05.xlsx
2025-08-12,1.987000,2.747000,1.997000,2.796000,"Bloomberg BGN, exported by Charlie",france_italy_1y5y_bbg_2026-10-05.xlsx
2025-08-13,1.998000,2.685000,2.025000,2.729000,"Bloomberg BGN, exported by Charlie",france_italy_1y5y_bbg_2026-10-05.xlsx
2025-08-14,2.004000,2.712000,1.982000,2.757000,"Bloomberg BGN, exported by Charlie",france_italy_1y5y_bbg_2026-10-05.xlsx
2025-08-15,2.016000,2.788000,1.999000,2.832000,"Bloomberg BGN, exported by Charlie",france_italy_1y5y_bbg_2026-10-05.xlsx
2025-08-18,2.004000,2.758000,1.997000,2.813000,"Bloomberg BGN, exported by Charlie",france_italy_1y5y_bbg_2026-10-05.xlsx
2025-08-19,1.999000,2.763000,1.987000,2.802000,"Bloomberg BGN, exported by Charlie",france_italy_1y5y_bbg_2026-10-05.xlsx
2025-08-20,1.980000,2.731000,1.972000,2.780000,"Bloomberg BGN, exported by Charlie",france_italy_1y5y_bbg_2026-10-05.xlsx
2025-08-21,2.010000,2.784000,2.005000,2.827000,"Bloomberg BGN, exported by Charlie",france_italy_1y5y_bbg_2026-10-05.xlsx
2025-08-22,1.992000,2.734000,1.992000,2.781000,"Bloomberg BGN, exported by Charlie",france_italy_1y5y_bbg_2026-10-05.xlsx
2025-08-25,2.015000,2.793000,2.016000,2.866000,"Bloomberg BGN, exported by Charlie",france_italy_1y5y_bbg_2026-10-05.xlsx
2025-08-26,2.006000,2.752000,2.010000,2.832000,"Bloomberg BGN, exported by Charlie",france_italy_1y5y_bbg_2026-10-05.xlsx
2025-08-27,2.001000,2.758000,2.000000,2.828000,"Bloomberg BGN, exported by Charlie",france_italy_1y5y_bbg_2026-10-05.xlsx
2025-08-28,2.007000,2.735000,2.014000,2.802000,"Bloomberg BGN, exported by Charlie",france_italy_1y5y_bbg_2026-10-05.xlsx
2025-08-29,2.013000,2.762000,2.015000,2.824000,"Bloomberg BGN, exported by Charlie",france_italy_1y5y_bbg_2026-10-05.xlsx
2025-09-01,2.018000,2.789000,2.039000,2.842000,"Bloomberg BGN, exported by Charlie",france_italy_1y5y_bbg_2026-10-05.xlsx
2025-09-02,2.030000,2.846000,2.025000,2.880000,"Bloomberg BGN, exported by Charlie",france_italy_1y5y_bbg_2026-10-05.xlsx
2025-09-03,2.015000,2.791000,2.015000,2.847000,"Bloomberg BGN, exported by Charlie",france_italy_1y5y_bbg_2026-10-05.xlsx
2025-09-04,2.016000,2.764000,2.023000,2.813000,"Bloomberg BGN, exported by Charlie",france_italy_1y5y_bbg_2026-10-05.xlsx
2025-09-05,1.995000,2.699000,2.014000,2.775000,"Bloomberg BGN, exported by Charlie",france_italy_1y5y_bbg_2026-10-05.xlsx
2025-09-08,1.997000,2.671000,2.008000,2.749000,"Bloomberg BGN, exported by Charlie",france_italy_1y5y_bbg_2026-10-05.xlsx
2025-09-09,2.008000,2.689000,2.014000,2.747000,"Bloomberg BGN, exported by Charlie",france_italy_1y5y_bbg_2026-10-05.xlsx
2025-09-10,2.022000,2.690000,2.020000,2.747000,"Bloomberg BGN, exported by Charlie",france_italy_1y5y_bbg_2026-10-05.xlsx
2025-09-11,2.045000,2.704000,2.044000,2.755000,"Bloomberg BGN, exported by Charlie",france_italy_1y5y_bbg_2026-10-05.xlsx
2025-09-12,2.061000,2.758000,2.052000,2.817000,"Bloomberg BGN, exported by Charlie",france_italy_1y5y_bbg_2026-10-05.xlsx
2025-09-15,2.058000,2.721000,2.054000,2.801000,"Bloomberg BGN, exported by Charlie",france_italy_1y5y_bbg_2026-10-05.xlsx
2025-09-16,2.050000,2.714000,2.047000,2.795000,"Bloomberg BGN, exported by Charlie",france_italy_1y5y_bbg_2026-10-05.xlsx
2025-09-17,2.047000,2.711000,2.054000,2.799000,"Bloomberg BGN, exported by Charlie",france_italy_1y5y_bbg_2026-10-05.xlsx
2025-09-18,2.054000,2.744000,2.058000,2.832000,"Bloomberg BGN, exported by Charlie",france_italy_1y5y_bbg_2026-10-05.xlsx
2025-09-19,2.057000,2.758000,2.056000,2.843000,"Bloomberg BGN, exported by Charlie",france_italy_1y5y_bbg_2026-10-05.xlsx
2025-09-22,2.052000,2.758000,2.061000,2.841000,"Bloomberg BGN, exported by Charlie",france_italy_1y5y_bbg_2026-10-05.xlsx
2025-09-23,2.054000,2.763000,2.064000,2.850000,"Bloomberg BGN, exported by Charlie",france_italy_1y5y_bbg_2026-10-05.xlsx
2025-09-24,2.054000,2.780000,2.068000,2.849000,"Bloomberg BGN, exported by Charlie",france_italy_1y5y_bbg_2026-10-05.xlsx
2025-09-25,2.057000,2.823000,2.071000,2.884000,"Bloomberg BGN, exported by Charlie",france_italy_1y5y_bbg_2026-10-05.xlsx
2025-09-26,2.055000,2.799000,2.071000,2.853000,"Bloomberg BGN, exported by Charlie",france_italy_1y5y_bbg_2026-10-05.xlsx
2025-09-29,2.045000,2.767000,2.067000,2.830000,"Bloomberg BGN, exported by Charlie",france_italy_1y5y_bbg_2026-10-05.xlsx
2025-09-30,2.037000,2.759000,2.059000,2.826000,"Bloomberg BGN, exported by Charlie",france_italy_1y5y_bbg_2026-10-05.xlsx
2025-10-01,2.030000,2.741000,2.054000,2.814000,"Bloomberg BGN, exported by Charlie",france_italy_1y5y_bbg_2026-10-05.xlsx
2025-10-02,2.031000,2.745000,2.060000,2.812000,"Bloomberg BGN, exported by Charlie",france_italy_1y5y_bbg_2026-10-05.xlsx
2025-10-03,2.039000,2.741000,2.059000,2.808000,"Bloomberg BGN, exported by Charlie",france_italy_1y5y_bbg_2026-10-05.xlsx
2025-10-06,2.037000,2.749000,2.048000,2.843000,"Bloomberg BGN, exported by Charlie",france_italy_1y5y_bbg_2026-10-05.xlsx
2025-10-07,2.041000,2.752000,2.046000,2.844000,"Bloomberg BGN, exported by Charlie",france_italy_1y5y_bbg_2026-10-05.xlsx
2025-10-08,2.026000,2.704000,2.035000,2.798000,"Bloomberg BGN, exported by Charlie",france_italy_1y5y_bbg_2026-10-05.xlsx
2025-10-09,2.037000,2.728000,2.035000,2.816000,"Bloomberg BGN, exported by Charlie",france_italy_1y5y_bbg_2026-10-05.xlsx
2025-10-10,2.029000,2.684000,2.025000,2.771000,"Bloomberg BGN, exported by Charlie",france_italy_1y5y_bbg_2026-10-05.xlsx
2025-10-13,2.027000,2.652000,2.021000,2.754000,"Bloomberg BGN, exported by Charlie",france_italy_1y5y_bbg_2026-10-05.xlsx
2025-10-14,2.016000,2.625000,2.022000,2.699000,"Bloomberg BGN, exported by Charlie",france_italy_1y5y_bbg_2026-10-05.xlsx
2025-10-15,2.021000,2.645000,2.025000,2.650000,"Bloomberg BGN, exported by Charlie",france_italy_1y5y_bbg_2026-10-05.xlsx
2025-10-16,2.010000,2.620000,2.025000,2.639000,"Bloomberg BGN, exported by Charlie",france_italy_1y5y_bbg_2026-10-05.xlsx
2025-10-17,2.020000,2.638000,2.015000,2.658000,"Bloomberg BGN, exported by Charlie",france_italy_1y5y_bbg_2026-10-05.xlsx
2025-10-20,2.017000,2.626000,2.024000,2.664000,"Bloomberg BGN, exported by Charlie",france_italy_1y5y_bbg_2026-10-05.xlsx
2025-10-21,2.015000,2.615000,2.023000,2.652000,"Bloomberg BGN, exported by Charlie",france_italy_1y5y_bbg_2026-10-05.xlsx
2025-10-22,2.012000,2.613000,2.024000,2.656000,"Bloomberg BGN, exported by Charlie",france_italy_1y5y_bbg_2026-10-05.xlsx
2025-10-23,2.020000,2.636000,2.031000,2.685000,"Bloomberg BGN, exported by Charlie",france_italy_1y5y_bbg_2026-10-05.xlsx
2025-10-24,2.036000,2.688000,2.060000,2.739000,"Bloomberg BGN, exported by Charlie",france_italy_1y5y_bbg_2026-10-05.xlsx
2025-10-27,2.039000,2.670000,2.057000,2.726000,"Bloomberg BGN, exported by Charlie",france_italy_1y5y_bbg_2026-10-05.xlsx
2025-10-28,2.037000,2.674000,2.060000,2.726000,"Bloomberg BGN, exported by Charlie",france_italy_1y5y_bbg_2026-10-05.xlsx
2025-10-29,2.032000,2.659000,2.056000,2.711000,"Bloomberg BGN, exported by Charlie",france_italy_1y5y_bbg_2026-10-05.xlsx
2025-10-30,2.040000,2.680000,2.063000,2.725000,"Bloomberg BGN, exported by Charlie",france_italy_1y5y_bbg_2026-10-05.xlsx
2025-10-31,2.039000,2.660000,2.055000,2.719000,"Bloomberg BGN, exported by Charlie",france_italy_1y5y_bbg_2026-10-05.xlsx
2025-11-03,2.038000,2.688000,2.063000,2.744000,"Bloomberg BGN, exported by Charlie",france_italy_1y5y_bbg_2026-10-05.xlsx
2025-11-04,2.036000,2.679000,2.057000,2.740000,"Bloomberg BGN, exported by Charlie",france_italy_1y5y_bbg_2026-10-05.xlsx
2025-11-05,2.044000,2.699000,2.060000,2.758000,"Bloomberg BGN, exported by Charlie",france_italy_1y5y_bbg_2026-10-05.xlsx
2025-11-06,2.034000,2.688000,2.054000,2.745000,"Bloomberg BGN, exported by Charlie",france_italy_1y5y_bbg_2026-10-05.xlsx
2025-11-07,2.036000,2.699000,2.054000,2.757000,"Bloomberg BGN, exported by Charlie",france_italy_1y5y_bbg_2026-10-05.xlsx
2025-11-10,2.042000,2.692000,2.070000,2.748000,"Bloomberg BGN, exported by Charlie",france_italy_1y5y_bbg_2026-10-05.xlsx
2025-11-11,2.047000,2.684000,2.066000,2.734000,"Bloomberg BGN, exported by Charlie",france_italy_1y5y_bbg_2026-10-05.xlsx
2025-11-12,2.052000,2.660000,2.069000,2.702000,"Bloomberg BGN, exported by Charlie",france_italy_1y5y_bbg_2026-10-05.xlsx
2025-11-13,2.075000,2.714000,2.079000,2.744000,"Bloomberg BGN, exported by Charlie",france_italy_1y5y_bbg_2026-10-05.xlsx
2025-11-14,2.080000,2.748000,2.083000,2.775000,"Bloomberg BGN, exported by Charlie",france_italy_1y5y_bbg_2026-10-05.xlsx
2025-11-17,2.084000,2.732000,2.096000,2.775000,"Bloomberg BGN, exported by Charlie",france_italy_1y5y_bbg_2026-10-05.xlsx
2025-11-18,2.072000,2.726000,2.084000,2.767000,"Bloomberg BGN, exported by Charlie",france_italy_1y5y_bbg_2026-10-05.xlsx
2025-11-19,2.068000,2.713000,2.082000,2.767000,"Bloomberg BGN, exported by Charlie",france_italy_1y5y_bbg_2026-10-05.xlsx
2025-11-20,2.068000,2.732000,2.084000,2.785000,"Bloomberg BGN, exported by Charlie",france_italy_1y5y_bbg_2026-10-05.xlsx
2025-11-21,2.061000,2.723000,2.078000,2.772000,"Bloomberg BGN, exported by Charlie",france_italy_1y5y_bbg_2026-10-05.xlsx
2025-11-24,2.062000,2.711000,2.082000,2.751000,"Bloomberg BGN, exported by Charlie",france_italy_1y5y_bbg_2026-10-05.xlsx
2025-11-25,2.065000,2.688000,2.075000,2.724000,"Bloomberg BGN, exported by Charlie",france_italy_1y5y_bbg_2026-10-05.xlsx
2025-11-26,2.062000,2.676000,2.078000,2.714000,"Bloomberg BGN, exported by Charlie",france_italy_1y5y_bbg_2026-10-05.xlsx
2025-11-27,2.061000,2.687000,2.082000,2.732000,"Bloomberg BGN, exported by Charlie",france_italy_1y5y_bbg_2026-10-05.xlsx
2025-11-28,2.064000,2.683000,2.090000,2.733000,"Bloomberg BGN, exported by Charlie",france_italy_1y5y_bbg_2026-10-05.xlsx
2025-12-01,2.076000,2.740000,2.102000,2.799000,"Bloomberg BGN, exported by Charlie",france_italy_1y5y_bbg_2026-10-05.xlsx
2025-12-02,2.070000,2.737000,2.107000,2.807000,"Bloomberg BGN, exported by Charlie",france_italy_1y5y_bbg_2026-10-05.xlsx
2025-12-03,2.075000,2.720000,2.107000,2.803000,"Bloomberg BGN, exported by Charlie",france_italy_1y5y_bbg_2026-10-05.xlsx
2025-12-04,2.087000,2.756000,2.106000,2.831000,"Bloomberg BGN, exported by Charlie",france_italy_1y5y_bbg_2026-10-05.xlsx
2025-12-05,2.099000,2.768000,2.132000,2.830000,"Bloomberg BGN, exported by Charlie",france_italy_1y5y_bbg_2026-10-05.xlsx
2025-12-08,2.126000,2.863000,2.151000,2.897000,"Bloomberg BGN, exported by Charlie",france_italy_1y5y_bbg_2026-10-05.xlsx
2025-12-09,2.127000,2.845000,2.146000,2.877000,"Bloomberg BGN, exported by Charlie",france_italy_1y5y_bbg_2026-10-05.xlsx
2025-12-10,2.150000,2.858000,2.153000,2.897000,"Bloomberg BGN, exported by Charlie",france_italy_1y5y_bbg_2026-10-05.xlsx
2025-12-11,2.167000,2.835000,2.144000,2.878000,"Bloomberg BGN, exported by Charlie",france_italy_1y5y_bbg_2026-10-05.xlsx
2025-12-12,2.166000,2.842000,2.152000,2.892000,"Bloomberg BGN, exported by Charlie",france_italy_1y5y_bbg_2026-10-05.xlsx
2025-12-15,2.154000,2.835000,2.149000,2.887000,"Bloomberg BGN, exported by Charlie",france_italy_1y5y_bbg_2026-10-05.xlsx
2025-12-16,2.126000,2.865000,2.128000,2.864000,"Bloomberg BGN, exported by Charlie",france_italy_1y5y_bbg_2026-10-05.xlsx
2025-12-17,2.131000,2.883000,2.130000,2.878000,"Bloomberg BGN, exported by Charlie",france_italy_1y5y_bbg_2026-10-05.xlsx
2025-12-18,2.137000,2.857000,2.138000,2.857000,"Bloomberg BGN, exported by Charlie",france_italy_1y5y_bbg_2026-10-05.xlsx
2025-12-19,2.149000,2.891000,2.126000,2.896000,"Bloomberg BGN, exported by Charlie",france_italy_1y5y_bbg_2026-10-05.xlsx
2025-12-22,2.151000,2.892000,2.123000,2.893000,"Bloomberg BGN, exported by Charlie",france_italy_1y5y_bbg_2026-10-05.xlsx
2025-12-23,2.134000,2.869000,2.094000,2.859000,"Bloomberg BGN, exported by Charlie",france_italy_1y5y_bbg_2026-10-05.xlsx
2025-12-24,2.140000,2.869000,2.100000,2.859000,"Bloomberg BGN, exported by Charlie",france_italy_1y5y_bbg_2026-10-05.xlsx
2025-12-29,2.116000,2.814000,2.108000,2.821000,"Bloomberg BGN, exported by Charlie",france_italy_1y5y_bbg_2026-10-05.xlsx
2025-12-30,2.065000,2.845000,2.086000,2.852000,"Bloomberg BGN, exported by Charlie",france_italy_1y5y_bbg_2026-10-05.xlsx
2025-12-31,2.084000,2.845000,2.105000,2.853000,"Bloomberg BGN, exported by Charlie",france_italy_1y5y_bbg_2026-10-05.xlsx
2026-01-02,2.123000,2.889000,2.123000,2.887000,"Bloomberg BGN, exported by Charlie",france_italy_1y5y_bbg_2026-10-05.xlsx
2026-01-05,2.118000,2.857000,2.105000,2.857000,"Bloomberg BGN, exported by Charlie",france_italy_1y5y_bbg_2026-10-05.xlsx
2026-01-06,2.102000,2.827000,2.093000,2.840000,"Bloomberg BGN, exported by Charlie",france_italy_1y5y_bbg_2026-10-05.xlsx
2026-01-07,2.100000,2.805000,2.087000,2.813000,"Bloomberg BGN, exported by Charlie",france_italy_1y5y_bbg_2026-10-05.xlsx
2026-01-08,2.099000,2.807000,2.096000,2.818000,"Bloomberg BGN, exported by Charlie",france_italy_1y5y_bbg_2026-10-05.xlsx
2026-01-09,2.093000,2.803000,2.105000,2.817000,"Bloomberg BGN, exported by Charlie",france_italy_1y5y_bbg_2026-10-05.xlsx
2026-01-12,2.100000,2.784000,2.100000,2.802000,"Bloomberg BGN, exported by Charlie",france_italy_1y5y_bbg_2026-10-05.xlsx
2026-01-13,2.097000,2.790000,2.095000,2.807000,"Bloomberg BGN, exported by Charlie",france_italy_1y5y_bbg_2026-10-05.xlsx
2026-01-14,2.085000,2.762000,2.084000,2.778000,"Bloomberg BGN, exported by Charlie",france_italy_1y5y_bbg_2026-10-05.xlsx
2026-01-15,2.093000,2.771000,2.095000,2.794000,"Bloomberg BGN, exported by Charlie",france_italy_1y5y_bbg_2026-10-05.xlsx
2026-01-16,2.097000,2.780000,2.108000,2.821000,"Bloomberg BGN, exported by Charlie",france_italy_1y5y_bbg_2026-10-05.xlsx
2026-01-19,2.087000,2.771000,2.085000,2.785000,"Bloomberg BGN, exported by Charlie",france_italy_1y5y_bbg_2026-10-05.xlsx
2026-01-20,2.078000,2.785000,2.075000,2.793000,"Bloomberg BGN, exported by Charlie",france_italy_1y5y_bbg_2026-10-05.xlsx
2026-01-21,2.084000,2.814000,2.082000,2.806000,"Bloomberg BGN, exported by Charlie",france_italy_1y5y_bbg_2026-10-05.xlsx
2026-01-22,2.088000,2.812000,2.082000,2.800000,"Bloomberg BGN, exported by Charlie",france_italy_1y5y_bbg_2026-10-05.xlsx
2026-01-23,2.094000,2.812000,2.088000,2.789000,"Bloomberg BGN, exported by Charlie",france_italy_1y5y_bbg_2026-10-05.xlsx
2026-01-26,2.079000,2.773000,2.081000,2.747000,"Bloomberg BGN, exported by Charlie",france_italy_1y5y_bbg_2026-10-05.xlsx
2026-01-27,2.074000,2.769000,2.068000,2.749000,"Bloomberg BGN, exported by Charlie",france_italy_1y5y_bbg_2026-10-05.xlsx
2026-01-28,2.068000,2.757000,2.067000,2.731000,"Bloomberg BGN, exported by Charlie",france_italy_1y5y_bbg_2026-10-05.xlsx
2026-01-29,2.063000,2.736000,2.060000,2.714000,"Bloomberg BGN, exported by Charlie",france_italy_1y5y_bbg_2026-10-05.xlsx
2026-01-30,2.060000,2.738000,2.069000,2.716000,"Bloomberg BGN, exported by Charlie",france_italy_1y5y_bbg_2026-10-05.xlsx
2026-02-02,2.075000,2.770000,2.071000,2.745000,"Bloomberg BGN, exported by Charlie",france_italy_1y5y_bbg_2026-10-05.xlsx
2026-02-03,2.082000,2.780000,2.069000,2.755000,"Bloomberg BGN, exported by Charlie",france_italy_1y5y_bbg_2026-10-05.xlsx
2026-02-04,2.072000,2.752000,2.047000,2.733000,"Bloomberg BGN, exported by Charlie",france_italy_1y5y_bbg_2026-10-05.xlsx
2026-02-05,2.070000,2.760000,2.065000,2.735000,"Bloomberg BGN, exported by Charlie",france_italy_1y5y_bbg_2026-10-05.xlsx
2026-02-06,2.073000,2.748000,2.064000,2.729000,"Bloomberg BGN, exported by Charlie",france_italy_1y5y_bbg_2026-10-05.xlsx
2026-02-09,2.071000,2.724000,2.056000,2.717000,"Bloomberg BGN, exported by Charlie",france_italy_1y5y_bbg_2026-10-05.xlsx
2026-02-10,2.064000,2.698000,2.054000,2.689000,"Bloomberg BGN, exported by Charlie",france_italy_1y5y_bbg_2026-10-05.xlsx
2026-02-11,2.054000,2.692000,2.055000,2.678000,"Bloomberg BGN, exported by Charlie",france_italy_1y5y_bbg_2026-10-05.xlsx
2026-02-12,2.061000,2.680000,2.053000,2.667000,"Bloomberg BGN, exported by Charlie",france_italy_1y5y_bbg_2026-10-05.xlsx
2026-02-13,2.050000,2.658000,2.044000,2.639000,"Bloomberg BGN, exported by Charlie",france_italy_1y5y_bbg_2026-10-05.xlsx
2026-02-16,2.050000,2.663000,2.046000,2.646000,"Bloomberg BGN, exported by Charlie",france_italy_1y5y_bbg_2026-10-05.xlsx
2026-02-17,2.059000,2.655000,2.044000,2.628000,"Bloomberg BGN, exported by Charlie",france_italy_1y5y_bbg_2026-10-05.xlsx
2026-02-18,2.063000,2.655000,2.051000,2.628000,"Bloomberg BGN, exported by Charlie",france_italy_1y5y_bbg_2026-10-05.xlsx
2026-02-19,2.073000,2.663000,2.054000,2.627000,"Bloomberg BGN, exported by Charlie",france_italy_1y5y_bbg_2026-10-05.xlsx
2026-02-20,2.074000,2.660000,2.057000,2.625000,"Bloomberg BGN, exported by Charlie",france_italy_1y5y_bbg_2026-10-05.xlsx
2026-02-23,2.067000,2.632000,2.048000,2.599000,"Bloomberg BGN, exported by Charlie",france_italy_1y5y_bbg_2026-10-05.xlsx
2026-02-24,2.081000,2.633000,2.056000,2.595000,"Bloomberg BGN, exported by Charlie",france_italy_1y5y_bbg_2026-10-05.xlsx
2026-02-25,2.069000,2.625000,2.053000,2.586000,"Bloomberg BGN, exported by Charlie",france_italy_1y5y_bbg_2026-10-05.xlsx
2026-02-26,2.061000,2.619000,2.049000,2.579000,"Bloomberg BGN, exported by Charlie",france_italy_1y5y_bbg_2026-10-05.xlsx
2026-02-27,2.056000,2.581000,2.046000,2.532000,"Bloomberg BGN, exported by Charlie",france_italy_1y5y_bbg_2026-10-05.xlsx
2026-03-02,2.102000,2.682000,2.102000,2.624000,"Bloomberg BGN, exported by Charlie",france_italy_1y5y_bbg_2026-10-05.xlsx
2026-03-03,2.166000,2.784000,2.155000,2.708000,"Bloomberg BGN, exported by Charlie",france_italy_1y5y_bbg_2026-10-05.xlsx
2026-03-04,2.157000,2.742000,2.146000,2.683000,"Bloomberg BGN, exported by Charlie",france_italy_1y5y_bbg_2026-10-05.xlsx
2026-03-05,2.222000,2.895000,2.217000,2.818000,"Bloomberg BGN, exported by Charlie",france_italy_1y5y_bbg_2026-10-05.xlsx
2026-03-06,2.298000,2.981000,2.285000,2.880000,"Bloomberg BGN, exported by Charlie",france_italy_1y5y_bbg_2026-10-05.xlsx
2026-03-09,2.321000,2.968000,2.307000,2.889000,"Bloomberg BGN, exported by Charlie",france_italy_1y5y_bbg_2026-10-05.xlsx
2026-03-10,2.246000,2.869000,2.243000,2.798000,"Bloomberg BGN, exported by Charlie",france_italy_1y5y_bbg_2026-10-05.xlsx
2026-03-11,2.350000,3.029000,2.352000,2.937000,"Bloomberg BGN, exported by Charlie",france_italy_1y5y_bbg_2026-10-05.xlsx
2026-03-12,2.420000,3.093000,2.377000,2.989000,"Bloomberg BGN, exported by Charlie",france_italy_1y5y_bbg_2026-10-05.xlsx
2026-03-13,2.444000,3.129000,2.408000,3.034000,"Bloomberg BGN, exported by Charlie",france_italy_1y5y_bbg_2026-10-05.xlsx
2026-03-16,2.404000,3.069000,2.367000,2.972000,"Bloomberg BGN, exported by Charlie",france_italy_1y5y_bbg_2026-10-05.xlsx
2026-03-17,2.379000,3.013000,2.350000,2.921000,"Bloomberg BGN, exported by Charlie",france_italy_1y5y_bbg_2026-10-05.xlsx
2026-03-18,2.440000,3.085000,2.398000,2.979000,"Bloomberg BGN, exported by Charlie",france_italy_1y5y_bbg_2026-10-05.xlsx
2026-03-19,2.606000,3.185000,2.549000,3.072000,"Bloomberg BGN, exported by Charlie",france_italy_1y5y_bbg_2026-10-05.xlsx
2026-03-20,2.687000,3.344000,2.637000,3.181000,"Bloomberg BGN, exported by Charlie",france_italy_1y5y_bbg_2026-10-05.xlsx
2026-03-23,2.622000,3.240000,2.570000,3.111000,"Bloomberg BGN, exported by Charlie",france_italy_1y5y_bbg_2026-10-05.xlsx
2026-03-24,2.716000,3.350000,2.695000,3.177000,"Bloomberg BGN, exported by Charlie",france_italy_1y5y_bbg_2026-10-05.xlsx
2026-03-25,2.642000,3.245000,2.630000,3.084000,"Bloomberg BGN, exported by Charlie",france_italy_1y5y_bbg_2026-10-05.xlsx
2026-03-26,2.725000,3.412000,2.716000,3.231000,"Bloomberg BGN, exported by Charlie",france_italy_1y5y_bbg_2026-10-05.xlsx
2026-03-27,2.675000,3.423000,2.665000,3.239000,"Bloomberg BGN, exported by Charlie",france_italy_1y5y_bbg_2026-10-05.xlsx
2026-03-30,2.650000,3.361000,2.648000,3.174000,"Bloomberg BGN, exported by Charlie",france_italy_1y5y_bbg_2026-10-05.xlsx
2026-03-31,2.640000,3.283000,2.653000,3.141000,"Bloomberg BGN, exported by Charlie",france_italy_1y5y_bbg_2026-10-05.xlsx
2026-04-01,2.609000,3.219000,2.619000,3.098000,"Bloomberg BGN, exported by Charlie",france_italy_1y5y_bbg_2026-10-05.xlsx
2026-04-02,2.637000,3.230000,2.646000,3.101000,"Bloomberg BGN, exported by Charlie",france_italy_1y5y_bbg_2026-10-05.xlsx
2026-04-07,2.725000,3.355000,2.720000,3.215000,"Bloomberg BGN, exported by Charlie",france_italy_1y5y_bbg_2026-10-05.xlsx
2026-04-08,2.517000,3.081000,2.529000,2.984000,"Bloomberg BGN, exported by Charlie",france_italy_1y5y_bbg_2026-10-05.xlsx
2026-04-09,2.533000,3.104000,2.535000,3.012000,"Bloomberg BGN, exported by Charlie",france_italy_1y5y_bbg_2026-10-05.xlsx
2026-04-10,2.582000,3.204000,2.605000,3.099000,"Bloomberg BGN, exported by Charlie",france_italy_1y5y_bbg_2026-10-05.xlsx
2026-04-13,2.656000,3.251000,2.646000,3.146000,"Bloomberg BGN, exported by Charlie",france_italy_1y5y_bbg_2026-10-05.xlsx
2026-04-14,2.547000,3.133000,2.544000,3.042000,"Bloomberg BGN, exported by Charlie",france_italy_1y5y_bbg_2026-10-05.xlsx
2026-04-15,2.547000,3.153000,2.544000,3.060000,"Bloomberg BGN, exported by Charlie",france_italy_1y5y_bbg_2026-10-05.xlsx
2026-04-16,2.516000,3.138000,2.511000,3.043000,"Bloomberg BGN, exported by Charlie",france_italy_1y5y_bbg_2026-10-05.xlsx
2026-04-17,2.444000,3.009000,2.415000,2.939000,"Bloomberg BGN, exported by Charlie",france_italy_1y5y_bbg_2026-10-05.xlsx
2026-04-20,2.487000,3.059000,2.456000,2.973000,"Bloomberg BGN, exported by Charlie",france_italy_1y5y_bbg_2026-10-05.xlsx
2026-04-21,2.540000,3.128000,2.526000,3.031000,"Bloomberg BGN, exported by Charlie",france_italy_1y5y_bbg_2026-10-05.xlsx
2026-04-22,2.557000,3.151000,2.550000,3.047000,"Bloomberg BGN, exported by Charlie",france_italy_1y5y_bbg_2026-10-05.xlsx
2026-04-23,2.553000,3.161000,2.552000,3.057000,"Bloomberg BGN, exported by Charlie",france_italy_1y5y_bbg_2026-10-05.xlsx
2026-04-24,2.550000,3.139000,2.540000,3.030000,"Bloomberg BGN, exported by Charlie",france_italy_1y5y_bbg_2026-10-05.xlsx
2026-04-27,2.556000,3.184000,2.570000,3.071000,"Bloomberg BGN, exported by Charlie",france_italy_1y5y_bbg_2026-10-05.xlsx
2026-04-28,2.629000,3.247000,2.639000,3.124000,"Bloomberg BGN, exported by Charlie",france_italy_1y5y_bbg_2026-10-05.xlsx
2026-04-29,2.727000,3.334000,2.728000,3.197000,"Bloomberg BGN, exported by Charlie",france_italy_1y5y_bbg_2026-10-05.xlsx
2026-04-30,2.643000,3.222000,2.652000,3.099000,"Bloomberg BGN, exported by Charlie",france_italy_1y5y_bbg_2026-10-05.xlsx
2026-05-04,2.710000,3.310000,2.709000,3.174000,"Bloomberg BGN, exported by Charlie",france_italy_1y5y_bbg_2026-10-05.xlsx
2026-05-05,2.658000,3.232000,2.656000,3.115000,"Bloomberg BGN, exported by Charlie",france_italy_1y5y_bbg_2026-10-05.xlsx
2026-05-06,2.552000,3.111000,2.562000,3.017000,"Bloomberg BGN, exported by Charlie",france_italy_1y5y_bbg_2026-10-05.xlsx
2026-05-07,2.557000,3.123000,2.577000,3.029000,"Bloomberg BGN, exported by Charlie",france_italy_1y5y_bbg_2026-10-05.xlsx
2026-05-08,2.577000,3.111000,2.588000,3.027000,"Bloomberg BGN, exported by Charlie",france_italy_1y5y_bbg_2026-10-05.xlsx
2026-05-11,2.614000,3.154000,2.623000,3.070000,"Bloomberg BGN, exported by Charlie",france_italy_1y5y_bbg_2026-10-05.xlsx
2026-05-12,2.651000,3.251000,2.659000,3.153000,"Bloomberg BGN, exported by Charlie",france_italy_1y5y_bbg_2026-10-05.xlsx
2026-05-13,2.691000,3.229000,2.648000,3.147000,"Bloomberg BGN, exported by Charlie",france_italy_1y5y_bbg_2026-10-05.xlsx
2026-05-14,2.641000,3.159000,2.609000,3.082000,"Bloomberg BGN, exported by Charlie",france_italy_1y5y_bbg_2026-10-05.xlsx
2026-05-15,2.695000,3.318000,2.662000,3.219000,"Bloomberg BGN, exported by Charlie",france_italy_1y5y_bbg_2026-10-05.xlsx
2026-05-18,2.668000,3.272000,2.635000,3.177000,"Bloomberg BGN, exported by Charlie",france_italy_1y5y_bbg_2026-10-05.xlsx
2026-05-19,2.690000,3.331000,2.685000,3.233000,"Bloomberg BGN, exported by Charlie",france_italy_1y5y_bbg_2026-10-05.xlsx
2026-05-20,2.618000,3.199000,2.613000,3.118000,"Bloomberg BGN, exported by Charlie",france_italy_1y5y_bbg_2026-10-05.xlsx
2026-05-21,2.638000,3.225000,2.639000,3.134000,"Bloomberg BGN, exported by Charlie",france_italy_1y5y_bbg_2026-10-05.xlsx
2026-05-22,2.608000,3.159000,2.617000,3.077000,"Bloomberg BGN, exported by Charlie",france_italy_1y5y_bbg_2026-10-05.xlsx
2026-05-25,2.520000,3.038000,2.536000,2.967000,"Bloomberg BGN, exported by Charlie",france_italy_1y5y_bbg_2026-10-05.xlsx
2026-05-26,2.580000,3.095000,2.589000,3.010000,"Bloomberg BGN, exported by Charlie",france_italy_1y5y_bbg_2026-10-05.xlsx
2026-05-27,2.571000,3.088000,2.582000,3.009000,"Bloomberg BGN, exported by Charlie",france_italy_1y5y_bbg_2026-10-05.xlsx
2026-05-28,2.553000,3.060000,2.568000,2.979000,"Bloomberg BGN, exported by Charlie",france_italy_1y5y_bbg_2026-10-05.xlsx
2026-05-29,2.530000,3.030000,2.550000,2.955000,"Bloomberg BGN, exported by Charlie",france_italy_1y5y_bbg_2026-10-05.xlsx
2026-06-01,2.610000,3.123000,2.627000,3.045000,"Bloomberg BGN, exported by Charlie",france_italy_1y5y_bbg_2026-10-05.xlsx
2026-06-02,2.612000,3.088000,2.629000,3.017000,"Bloomberg BGN, exported by Charlie",france_italy_1y5y_bbg_2026-10-05.xlsx
2026-06-03,2.650000,3.168000,2.660000,3.092000,"Bloomberg BGN, exported by Charlie",france_italy_1y5y_bbg_2026-10-05.xlsx
2026-06-04,2.637000,3.159000,2.642000,3.083000,"Bloomberg BGN, exported by Charlie",france_italy_1y5y_bbg_2026-10-05.xlsx
2026-06-05,2.663000,3.200000,2.668000,3.121000,"Bloomberg BGN, exported by Charlie",france_italy_1y5y_bbg_2026-10-05.xlsx
2026-06-08,2.672000,3.223000,2.681000,3.275000,"Bloomberg BGN, exported by Charlie",france_italy_1y5y_bbg_2026-10-05.xlsx
2026-06-09,2.645000,3.188000,2.652000,3.235000,"Bloomberg BGN, exported by Charlie",france_italy_1y5y_bbg_2026-10-05.xlsx
2026-06-10,2.674000,3.242000,2.690000,3.284000,"Bloomberg BGN, exported by Charlie",france_italy_1y5y_bbg_2026-10-05.xlsx
2026-06-11,2.687000,3.197000,2.669000,3.240000,"Bloomberg BGN, exported by Charlie",france_italy_1y5y_bbg_2026-10-05.xlsx
2026-06-12,2.632000,3.114000,2.619000,3.177000,"Bloomberg BGN, exported by Charlie",france_italy_1y5y_bbg_2026-10-05.xlsx
2026-06-15,2.601000,3.055000,2.591000,3.122000,"Bloomberg BGN, exported by Charlie",france_italy_1y5y_bbg_2026-10-05.xlsx
2026-06-16,2.596000,3.029000,2.590000,3.094000,"Bloomberg BGN, exported by Charlie",france_italy_1y5y_bbg_2026-10-05.xlsx
2026-06-17,2.609000,3.039000,2.600000,3.108000,"Bloomberg BGN, exported by Charlie",france_italy_1y5y_bbg_2026-10-05.xlsx
2026-06-18,2.622000,3.059000,2.611000,3.126000,"Bloomberg BGN, exported by Charlie",france_italy_1y5y_bbg_2026-10-05.xlsx
2026-06-19,2.649000,3.119000,2.634000,3.179000,"Bloomberg BGN, exported by Charlie",france_italy_1y5y_bbg_2026-10-05.xlsx
2026-06-22,2.617000,3.072000,2.599000,3.141000,"Bloomberg BGN, exported by Charlie",france_italy_1y5y_bbg_2026-10-05.xlsx
2026-06-23,2.601000,3.059000,2.612000,3.113000,"Bloomberg BGN, exported by Charlie",france_italy_1y5y_bbg_2026-10-05.xlsx
2026-06-24,2.583000,3.010000,2.593000,3.069000,"Bloomberg BGN, exported by Charlie",france_italy_1y5y_bbg_2026-10-05.xlsx
2026-06-25,2.572000,3.004000,2.571000,3.069000,"Bloomberg BGN, exported by Charlie",france_italy_1y5y_bbg_2026-10-05.xlsx
2026-06-26,2.558000,2.996000,2.560000,3.068000,"Bloomberg BGN, exported by Charlie",france_italy_1y5y_bbg_2026-10-05.xlsx
2026-06-29,2.586000,2.995000,2.587000,3.074000,"Bloomberg BGN, exported by Charlie",france_italy_1y5y_bbg_2026-10-05.xlsx
2026-06-30,2.569000,3.033000,2.572000,3.077000,"Bloomberg BGN, exported by Charlie",france_italy_1y5y_bbg_2026-10-05.xlsx
2026-07-01,2.547000,3.052000,2.537000,3.090000,"Bloomberg BGN, exported by Charlie",france_italy_1y5y_bbg_2026-10-05.xlsx
2026-07-02,2.530000,3.059000,2.518000,3.097000,"Bloomberg BGN, exported by Charlie",france_italy_1y5y_bbg_2026-10-05.xlsx
2026-07-03,2.546000,3.099000,2.537000,3.129000,"Bloomberg BGN, exported by Charlie",france_italy_1y5y_bbg_2026-10-05.xlsx
2026-07-06,2.557000,3.103000,2.554000,3.138000,"Bloomberg BGN, exported by Charlie",france_italy_1y5y_bbg_2026-10-05.xlsx
2026-07-07,2.591000,3.157000,2.587000,3.195000,"Bloomberg BGN, exported by Charlie",france_italy_1y5y_bbg_2026-10-05.xlsx
2026-07-08,2.696000,3.298000,2.697000,3.336000,"Bloomberg BGN, exported by Charlie",france_italy_1y5y_bbg_2026-10-05.xlsx
2026-07-09,2.648000,3.217000,2.644000,3.256000,"Bloomberg BGN, exported by Charlie",france_italy_1y5y_bbg_2026-10-05.xlsx
2026-07-10,2.676000,3.202000,2.646000,3.241000,"Bloomberg BGN, exported by Charlie",france_italy_1y5y_bbg_2026-10-05.xlsx
2026-07-13,2.740000,3.278000,2.702000,3.309000,"Bloomberg BGN, exported by Charlie",france_italy_1y5y_bbg_2026-10-05.xlsx
2026-07-14,2.748000,3.293000,2.710000,3.322000,"Bloomberg BGN, exported by Charlie",france_italy_1y5y_bbg_2026-10-05.xlsx
2026-07-15,2.732000,3.305000,2.696000,3.335000,"Bloomberg BGN, exported by Charlie",france_italy_1y5y_bbg_2026-10-05.xlsx
2026-07-16,2.754000,3.336000,2.747000,3.347000,"Bloomberg BGN, exported by Charlie",france_italy_1y5y_bbg_2026-10-05.xlsx
2026-07-17,2.769000,3.356000,2.763000,3.356000,"Bloomberg BGN, exported by Charlie",france_italy_1y5y_bbg_2026-10-05.xlsx
2026-07-20,2.766000,3.368000,2.760000,3.369000,"Bloomberg BGN, exported by Charlie",france_italy_1y5y_bbg_2026-10-05.xlsx
2026-07-21,2.771000,3.385000,2.761000,3.389000,"Bloomberg BGN, exported by Charlie",france_italy_1y5y_bbg_2026-10-05.xlsx
2026-07-22,2.803000,3.414000,2.790000,3.408000,"Bloomberg BGN, exported by Charlie",france_italy_1y5y_bbg_2026-10-05.xlsx
2026-07-23,2.827000,3.472000,2.816000,3.465000,"Bloomberg BGN, exported by Charlie",france_italy_1y5y_bbg_2026-10-05.xlsx
2026-07-24,2.783000,3.410000,2.781000,3.408000,"Bloomberg BGN, exported by Charlie",france_italy_1y5y_bbg_2026-10-05.xlsx
2026-07-27,2.762000,3.358000,2.758000,3.366000,"Bloomberg BGN, exported by Charlie",france_italy_1y5y_bbg_2026-10-05.xlsx
2026-07-28,2.734000,3.311000,2.729000,3.318000,"Bloomberg BGN, exported by Charlie",france_italy_1y5y_bbg_2026-10-05.xlsx
2026-07-29,2.779000,3.398000,2.783000,3.404000,"Bloomberg BGN, exported by Charlie",france_italy_1y5y_bbg_2026-10-05.xlsx
2026-07-30,2.728000,3.349000,2.734000,3.359000,"Bloomberg BGN, exported by Charlie",france_italy_1y5y_bbg_2026-10-05.xlsx
2026-07-31,2.763000,3.405000,2.769000,3.419000,"Bloomberg BGN, exported by Charlie",france_italy_1y5y_bbg_2026-10-05.xlsx
2026-08-03,2.732000,3.330000,2.743000,3.357000,"Bloomberg BGN, exported by Charlie",france_italy_1y5y_bbg_2026-10-05.xlsx
2026-08-04,2.685000,3.253000,2.701000,3.293000,"Bloomberg BGN, exported by Charlie",france_italy_1y5y_bbg_2026-10-05.xlsx
2026-08-05,2.693000,3.276000,2.705000,3.316000,"Bloomberg BGN, exported by Charlie",france_italy_1y5y_bbg_2026-10-05.xlsx
2026-08-06,2.708000,3.313000,2.719000,3.352000,"Bloomberg BGN, exported by Charlie",france_italy_1y5y_bbg_2026-10-05.xlsx
2026-08-07,2.702000,3.292000,2.714000,3.332000,"Bloomberg BGN, exported by Charlie",france_italy_1y5y_bbg_2026-10-05.xlsx
2026-08-10,2.737000,3.359000,2.744000,3.400000,"Bloomberg BGN, exported by Charlie",france_italy_1y5y_bbg_2026-10-05.xlsx
2026-08-11,2.729000,3.343000,2.733000,3.395000,"Bloomberg BGN, exported by Charlie",france_italy_1y5y_bbg_2026-10-05.xlsx
2026-08-12,2.734000,3.341000,2.735000,3.397000,"Bloomberg BGN, exported by Charlie",france_italy_1y5y_bbg_2026-10-05.xlsx
2026-08-13,2.721000,3.297000,2.724000,3.362000,"Bloomberg BGN, exported by Charlie",france_italy_1y5y_bbg_2026-10-05.xlsx
2026-08-14,2.739000,3.366000,2.743000,3.446000,"Bloomberg BGN, exported by Charlie",france_italy_1y5y_bbg_2026-10-05.xlsx
2026-08-17,2.747000,3.380000,2.749000,3.460000,"Bloomberg BGN, exported by Charlie",france_italy_1y5y_bbg_2026-10-05.xlsx
2026-08-18,2.776000,3.452000,2.818000,3.510000,"Bloomberg BGN, exported by Charlie",france_italy_1y5y_bbg_2026-10-05.xlsx
2026-08-19,2.783000,3.450000,2.827000,3.514000,"Bloomberg BGN, exported by Charlie",france_italy_1y5y_bbg_2026-10-05.xlsx
2026-08-20,2.783000,3.454000,2.819000,3.518000,"Bloomberg BGN, exported by Charlie",france_italy_1y5y_bbg_2026-10-05.xlsx
2026-08-21,2.780000,3.459000,2.816000,3.522000,"Bloomberg BGN, exported by Charlie",france_italy_1y5y_bbg_2026-10-05.xlsx
2026-08-24,2.797000,3.467000,2.834000,3.522000,"Bloomberg BGN, exported by Charlie",france_italy_1y5y_bbg_2026-10-05.xlsx
2026-08-25,2.754000,3.384000,2.794000,3.444000,"Bloomberg BGN, exported by Charlie",france_italy_1y5y_bbg_2026-10-05.xlsx
2026-08-26,2.776000,3.436000,2.812000,3.485000,"Bloomberg BGN, exported by Charlie",france_italy_1y5y_bbg_2026-10-05.xlsx
2026-08-27,2.788000,3.459000,2.827000,3.502000,"Bloomberg BGN, exported by Charlie",france_italy_1y5y_bbg_2026-10-05.xlsx
2026-08-28,2.844000,3.495000,2.851000,3.535000,"Bloomberg BGN, exported by Charlie",france_italy_1y5y_bbg_2026-10-05.xlsx
2026-08-31,2.862000,3.541000,2.866000,3.577000,"Bloomberg BGN, exported by Charlie",france_italy_1y5y_bbg_2026-10-05.xlsx
2026-09-01,2.881000,3.563000,2.882000,3.610000,"Bloomberg BGN, exported by Charlie",france_italy_1y5y_bbg_2026-10-05.xlsx
2026-09-02,2.911000,3.603000,2.910000,3.656000,"Bloomberg BGN, exported by Charlie",france_italy_1y5y_bbg_2026-10-05.xlsx
2026-09-03,2.888000,3.553000,2.888000,3.605000,"Bloomberg BGN, exported by Charlie",france_italy_1y5y_bbg_2026-10-05.xlsx
2026-09-04,2.879000,3.541000,2.883000,3.597000,"Bloomberg BGN, exported by Charlie",france_italy_1y5y_bbg_2026-10-05.xlsx
2026-09-07,2.911000,3.599000,2.919000,3.652000,"Bloomberg BGN, exported by Charlie",france_italy_1y5y_bbg_2026-10-05.xlsx
2026-09-08,2.910000,3.589000,2.908000,3.640000,"Bloomberg BGN, exported by Charlie",france_italy_1y5y_bbg_2026-10-05.xlsx
2026-09-09,2.948000,3.697000,2.980000,3.752000,"Bloomberg BGN, exported by Charlie",france_italy_1y5y_bbg_2026-10-05.xlsx
2026-09-10,3.105000,3.847000,3.158000,3.898000,"Bloomberg BGN, exported by Charlie",france_italy_1y5y_bbg_2026-10-05.xlsx
2026-09-11,3.074000,3.790000,3.124000,3.883000,"Bloomberg BGN, exported by Charlie",france_italy_1y5y_bbg_2026-10-05.xlsx
2026-09-14,3.130000,3.855000,3.186000,3.930000,"Bloomberg BGN, exported by Charlie",france_italy_1y5y_bbg_2026-10-05.xlsx
2026-09-15,3.099000,3.875000,3.158000,3.955000,"Bloomberg BGN, exported by Charlie",france_italy_1y5y_bbg_2026-10-05.xlsx
2026-09-16,3.078000,3.828000,3.135000,3.905000,"Bloomberg BGN, exported by Charlie",france_italy_1y5y_bbg_2026-10-05.xlsx
2026-09-17,3.096000,3.819000,3.158000,3.889000,"Bloomberg BGN, exported by Charlie",france_italy_1y5y_bbg_2026-10-05.xlsx
2026-09-18,3.141000,3.922000,3.200000,4.022000,"Bloomberg BGN, exported by Charlie",france_italy_1y5y_bbg_2026-10-05.xlsx
2026-09-21,3.094000,3.827000,3.164000,3.926000,"Bloomberg BGN, exported by Charlie",france_italy_1y5y_bbg_2026-10-05.xlsx
2026-09-22,3.101000,3.838000,3.170000,3.951000,"Bloomberg BGN, exported by Charlie",france_italy_1y5y_bbg_2026-10-05.xlsx
2026-09-23,3.150000,3.995000,3.225000,4.115000,"Bloomberg BGN, exported by Charlie",france_italy_1y5y_bbg_2026-10-05.xlsx
2026-09-24,3.156000,4.020000,3.231000,4.127000,"Bloomberg BGN, exported by Charlie",france_italy_1y5y_bbg_2026-10-05.xlsx
2026-09-25,3.113000,3.965000,3.192000,4.101000,"Bloomberg BGN, exported by Charlie",france_italy_1y5y_bbg_2026-10-05.xlsx
2026-09-28,3.165000,4.026000,3.246000,4.165000,"Bloomberg BGN, exported by Charlie",france_italy_1y5y_bbg_2026-10-05.xlsx
2026-09-29,3.141000,4.037000,3.256000,4.198000,"Bloomberg BGN, exported by Charlie",france_italy_1y5y_bbg_2026-10-05.xlsx
2026-09-30,3.106000,4.006000,3.219000,4.215000,"Bloomberg BGN, exported by Charlie",france_italy_1y5y_bbg_2026-10-05.xlsx
2026-10-01,3.124000,4.137000,3.196000,4.294000,"Bloomberg BGN, exported by Charlie",france_italy_1y5y_bbg_2026-10-05.xlsx
2026-10-02,3.127000,4.043000,3.311000,4.332000,"Bloomberg BGN, exported by Charlie",france_italy_1y5y_bbg_2026-10-05.xlsx
