date,citi_fra_1y,citi_fra_5y,citi_ita_1y,citi_ita_5y,citi_eur3m_1y,citi_eur6m_5y,source,raw_file
2011-07-06,,,,,1.863290,2.739060,"Citi Velocity, exported by Charlie",france_italy_cmt_euribor_1y5y_citi_2026-10-05.xlsx
2011-07-07,,,,,1.884060,2.789860,"Citi Velocity, exported by Charlie",france_italy_cmt_euribor_1y5y_citi_2026-10-05.xlsx
2011-07-08,,,,,1.825540,2.662850,"Citi Velocity, exported by Charlie",france_italy_cmt_euribor_1y5y_citi_2026-10-05.xlsx
2011-07-11,,,,,1.739200,2.527750,"Citi Velocity, exported by Charlie",france_italy_cmt_euribor_1y5y_citi_2026-10-05.xlsx
2011-07-12,,,,,1.721520,2.546860,"Citi Velocity, exported by Charlie",france_italy_cmt_euribor_1y5y_citi_2026-10-05.xlsx
2011-07-13,,,,,1.721190,2.576080,"Citi Velocity, exported by Charlie",france_italy_cmt_euribor_1y5y_citi_2026-10-05.xlsx
2011-07-14,,,,,1.712760,2.581060,"Citi Velocity, exported by Charlie",france_italy_cmt_euribor_1y5y_citi_2026-10-05.xlsx
2011-07-15,,,,,1.696280,2.547460,"Citi Velocity, exported by Charlie",france_italy_cmt_euribor_1y5y_citi_2026-10-05.xlsx
2011-07-18,,,,,1.686740,2.521780,"Citi Velocity, exported by Charlie",france_italy_cmt_euribor_1y5y_citi_2026-10-05.xlsx
2011-07-19,,,,,1.705130,2.548380,"Citi Velocity, exported by Charlie",france_italy_cmt_euribor_1y5y_citi_2026-10-05.xlsx
2011-07-20,,,,,1.734810,2.613110,"Citi Velocity, exported by Charlie",france_italy_cmt_euribor_1y5y_citi_2026-10-05.xlsx
2011-07-21,,,,,1.779310,2.694800,"Citi Velocity, exported by Charlie",france_italy_cmt_euribor_1y5y_citi_2026-10-05.xlsx
2011-07-22,,,,,1.770230,2.629920,"Citi Velocity, exported by Charlie",france_italy_cmt_euribor_1y5y_citi_2026-10-05.xlsx
2011-07-25,,,,,1.746980,2.600290,"Citi Velocity, exported by Charlie",france_italy_cmt_euribor_1y5y_citi_2026-10-05.xlsx
2011-07-26,,,,,1.765960,2.601210,"Citi Velocity, exported by Charlie",france_italy_cmt_euribor_1y5y_citi_2026-10-05.xlsx
2011-07-27,,,,,1.724830,2.522070,"Citi Velocity, exported by Charlie",france_italy_cmt_euribor_1y5y_citi_2026-10-05.xlsx
2011-07-28,,,,,1.719490,2.526790,"Citi Velocity, exported by Charlie",france_italy_cmt_euribor_1y5y_citi_2026-10-05.xlsx
2011-07-29,,,,,1.692610,2.474990,"Citi Velocity, exported by Charlie",france_italy_cmt_euribor_1y5y_citi_2026-10-05.xlsx
2011-08-01,,,,,1.684500,2.441960,"Citi Velocity, exported by Charlie",france_italy_cmt_euribor_1y5y_citi_2026-10-05.xlsx
2011-08-02,,,,,1.637150,2.396780,"Citi Velocity, exported by Charlie",france_italy_cmt_euribor_1y5y_citi_2026-10-05.xlsx
2011-08-03,,,,,1.618160,2.414670,"Citi Velocity, exported by Charlie",france_italy_cmt_euribor_1y5y_citi_2026-10-05.xlsx
2011-08-04,,,,,1.489850,2.295420,"Citi Velocity, exported by Charlie",france_italy_cmt_euribor_1y5y_citi_2026-10-05.xlsx
2011-08-05,,,,,1.377420,2.301240,"Citi Velocity, exported by Charlie",france_italy_cmt_euribor_1y5y_citi_2026-10-05.xlsx
2011-08-08,,,,,1.326100,2.235310,"Citi Velocity, exported by Charlie",france_italy_cmt_euribor_1y5y_citi_2026-10-05.xlsx
2011-08-09,,,,,1.323900,2.272880,"Citi Velocity, exported by Charlie",france_italy_cmt_euribor_1y5y_citi_2026-10-05.xlsx
2011-08-10,,,,,1.216590,2.096860,"Citi Velocity, exported by Charlie",france_italy_cmt_euribor_1y5y_citi_2026-10-05.xlsx
2011-08-11,,,,,1.244290,2.140060,"Citi Velocity, exported by Charlie",france_italy_cmt_euribor_1y5y_citi_2026-10-05.xlsx
2011-08-12,,,,,1.300210,2.174690,"Citi Velocity, exported by Charlie",france_italy_cmt_euribor_1y5y_citi_2026-10-05.xlsx
2011-08-15,,,,,1.348210,2.192360,"Citi Velocity, exported by Charlie",france_italy_cmt_euribor_1y5y_citi_2026-10-05.xlsx
2011-08-16,,,,,1.347810,2.194680,"Citi Velocity, exported by Charlie",france_italy_cmt_euribor_1y5y_citi_2026-10-05.xlsx
2011-08-17,,,,,1.321680,2.120850,"Citi Velocity, exported by Charlie",france_italy_cmt_euribor_1y5y_citi_2026-10-05.xlsx
2011-08-18,,,,,1.230250,1.988990,"Citi Velocity, exported by Charlie",france_italy_cmt_euribor_1y5y_citi_2026-10-05.xlsx
2011-08-19,,,,,1.270970,2.042100,"Citi Velocity, exported by Charlie",france_italy_cmt_euribor_1y5y_citi_2026-10-05.xlsx
2011-08-22,,,,,1.293320,2.077010,"Citi Velocity, exported by Charlie",france_italy_cmt_euribor_1y5y_citi_2026-10-05.xlsx
2011-08-23,,,,,1.325710,2.079420,"Citi Velocity, exported by Charlie",france_italy_cmt_euribor_1y5y_citi_2026-10-05.xlsx
2011-08-24,,,,,1.361850,2.142690,"Citi Velocity, exported by Charlie",france_italy_cmt_euribor_1y5y_citi_2026-10-05.xlsx
2011-08-25,,,,,1.334380,2.135240,"Citi Velocity, exported by Charlie",france_italy_cmt_euribor_1y5y_citi_2026-10-05.xlsx
2011-08-26,,,,,1.333720,2.119300,"Citi Velocity, exported by Charlie",france_italy_cmt_euribor_1y5y_citi_2026-10-05.xlsx
2011-08-30,,,,,1.340350,2.117280,"Citi Velocity, exported by Charlie",france_italy_cmt_euribor_1y5y_citi_2026-10-05.xlsx
2011-08-31,,,,,1.365940,2.169960,"Citi Velocity, exported by Charlie",france_italy_cmt_euribor_1y5y_citi_2026-10-05.xlsx
2011-09-01,,,,,1.330190,2.100150,"Citi Velocity, exported by Charlie",france_italy_cmt_euribor_1y5y_citi_2026-10-05.xlsx
2011-09-02,,,,,1.274890,2.020610,"Citi Velocity, exported by Charlie",france_italy_cmt_euribor_1y5y_citi_2026-10-05.xlsx
2011-09-05,,,,,1.235030,1.958680,"Citi Velocity, exported by Charlie",france_italy_cmt_euribor_1y5y_citi_2026-10-05.xlsx
2011-09-06,,,,,1.225970,1.944530,"Citi Velocity, exported by Charlie",france_italy_cmt_euribor_1y5y_citi_2026-10-05.xlsx
2011-09-07,,,,,1.268250,2.018010,"Citi Velocity, exported by Charlie",france_italy_cmt_euribor_1y5y_citi_2026-10-05.xlsx
2011-09-08,,,,,1.227840,1.970330,"Citi Velocity, exported by Charlie",france_italy_cmt_euribor_1y5y_citi_2026-10-05.xlsx
2011-09-09,,,,,1.168300,1.857230,"Citi Velocity, exported by Charlie",france_italy_cmt_euribor_1y5y_citi_2026-10-05.xlsx
2011-09-12,,,,,1.203820,1.849100,"Citi Velocity, exported by Charlie",france_italy_cmt_euribor_1y5y_citi_2026-10-05.xlsx
2011-09-13,,,,,1.265640,1.922300,"Citi Velocity, exported by Charlie",france_italy_cmt_euribor_1y5y_citi_2026-10-05.xlsx
2011-09-14,,,,,1.313580,1.981370,"Citi Velocity, exported by Charlie",france_italy_cmt_euribor_1y5y_citi_2026-10-05.xlsx
2011-09-15,,,,,1.327640,2.035110,"Citi Velocity, exported by Charlie",france_italy_cmt_euribor_1y5y_citi_2026-10-05.xlsx
2011-09-16,,,,,1.274420,1.955150,"Citi Velocity, exported by Charlie",france_italy_cmt_euribor_1y5y_citi_2026-10-05.xlsx
2011-09-19,,,,,1.242700,1.914860,"Citi Velocity, exported by Charlie",france_italy_cmt_euribor_1y5y_citi_2026-10-05.xlsx
2011-09-20,,,,,1.237110,1.922050,"Citi Velocity, exported by Charlie",france_italy_cmt_euribor_1y5y_citi_2026-10-05.xlsx
2011-09-21,,,,,1.212590,1.906760,"Citi Velocity, exported by Charlie",france_italy_cmt_euribor_1y5y_citi_2026-10-05.xlsx
2011-09-22,0.640455,1.760910,3.748920,5.099750,1.200200,1.870660,"Citi Velocity, exported by Charlie",france_italy_cmt_euribor_1y5y_citi_2026-10-05.xlsx
2011-09-23,0.609191,1.752820,3.715480,5.067840,1.168150,1.886720,"Citi Velocity, exported by Charlie",france_italy_cmt_euribor_1y5y_citi_2026-10-05.xlsx
2011-09-26,0.617049,1.739410,3.732520,5.099280,1.168490,1.898600,"Citi Velocity, exported by Charlie",france_italy_cmt_euribor_1y5y_citi_2026-10-05.xlsx
2011-09-27,0.700290,1.807960,3.712660,5.053640,1.243440,1.971120,"Citi Velocity, exported by Charlie",france_italy_cmt_euribor_1y5y_citi_2026-10-05.xlsx
2011-09-28,0.729376,1.823550,3.774440,5.112080,1.306750,2.020560,"Citi Velocity, exported by Charlie",france_italy_cmt_euribor_1y5y_citi_2026-10-05.xlsx
2011-09-29,0.713803,1.822030,3.720720,5.091800,1.316510,2.051320,"Citi Velocity, exported by Charlie",france_italy_cmt_euribor_1y5y_citi_2026-10-05.xlsx
2011-09-30,0.699649,1.781140,3.636140,5.066660,1.290430,1.976080,"Citi Velocity, exported by Charlie",france_italy_cmt_euribor_1y5y_citi_2026-10-05.xlsx
2011-10-03,0.675400,1.726490,3.564520,5.029840,1.273430,1.922270,"Citi Velocity, exported by Charlie",france_italy_cmt_euribor_1y5y_citi_2026-10-05.xlsx
2011-10-04,0.662412,1.739280,3.593360,5.007860,1.259850,1.893530,"Citi Velocity, exported by Charlie",france_italy_cmt_euribor_1y5y_citi_2026-10-05.xlsx
2011-10-05,0.662997,1.822600,3.580990,5.016910,1.259280,1.959190,"Citi Velocity, exported by Charlie",france_italy_cmt_euribor_1y5y_citi_2026-10-05.xlsx
2011-10-06,0.771209,1.936760,3.490850,4.909930,1.356430,2.050620,"Citi Velocity, exported by Charlie",france_italy_cmt_euribor_1y5y_citi_2026-10-05.xlsx
2011-10-07,0.746904,1.910780,3.453380,4.909980,1.352330,2.050940,"Citi Velocity, exported by Charlie",france_italy_cmt_euribor_1y5y_citi_2026-10-05.xlsx
2011-10-10,0.771242,1.994580,3.469090,4.938620,1.368450,2.069140,"Citi Velocity, exported by Charlie",france_italy_cmt_euribor_1y5y_citi_2026-10-05.xlsx
2011-10-11,0.759559,1.999530,3.488440,5.011750,1.352200,2.054950,"Citi Velocity, exported by Charlie",france_italy_cmt_euribor_1y5y_citi_2026-10-05.xlsx
2011-10-12,0.772763,2.099300,3.505890,5.135330,1.379050,2.152580,"Citi Velocity, exported by Charlie",france_italy_cmt_euribor_1y5y_citi_2026-10-05.xlsx
2011-10-13,0.737596,2.099040,3.595350,5.258850,1.355040,2.091810,"Citi Velocity, exported by Charlie",france_italy_cmt_euribor_1y5y_citi_2026-10-05.xlsx
2011-10-14,0.787012,2.241090,3.607750,5.243700,1.379120,2.156130,"Citi Velocity, exported by Charlie",france_italy_cmt_euribor_1y5y_citi_2026-10-05.xlsx
2011-10-17,0.745449,2.165130,3.634780,5.277680,1.325180,2.046360,"Citi Velocity, exported by Charlie",france_italy_cmt_euribor_1y5y_citi_2026-10-05.xlsx
2011-10-18,0.807549,2.249780,3.750610,5.424940,1.325270,2.003600,"Citi Velocity, exported by Charlie",france_italy_cmt_euribor_1y5y_citi_2026-10-05.xlsx
2011-10-19,0.845520,2.336820,3.787100,5.450700,1.347640,2.042880,"Citi Velocity, exported by Charlie",france_italy_cmt_euribor_1y5y_citi_2026-10-05.xlsx
2011-10-20,0.870372,2.338560,3.886610,5.584330,1.350850,2.030390,"Citi Velocity, exported by Charlie",france_italy_cmt_euribor_1y5y_citi_2026-10-05.xlsx
2011-10-21,0.882978,2.362930,3.910670,5.447360,1.369110,2.081340,"Citi Velocity, exported by Charlie",france_italy_cmt_euribor_1y5y_citi_2026-10-05.xlsx
2011-10-24,0.901584,2.371470,3.937350,5.476480,1.357210,2.068750,"Citi Velocity, exported by Charlie",france_italy_cmt_euribor_1y5y_citi_2026-10-05.xlsx
2011-10-25,0.834798,2.210850,3.945870,5.455270,1.332770,1.998990,"Citi Velocity, exported by Charlie",france_italy_cmt_euribor_1y5y_citi_2026-10-05.xlsx
2011-10-26,0.796984,2.060640,4.090640,5.482130,1.303800,1.937730,"Citi Velocity, exported by Charlie",france_italy_cmt_euribor_1y5y_citi_2026-10-05.xlsx
2011-10-27,0.858053,2.151080,3.960960,5.441100,1.366360,2.079680,"Citi Velocity, exported by Charlie",france_italy_cmt_euribor_1y5y_citi_2026-10-05.xlsx
2011-10-28,0.858265,2.206650,4.260750,5.655960,1.337110,2.085960,"Citi Velocity, exported by Charlie",france_italy_cmt_euribor_1y5y_citi_2026-10-05.xlsx
2011-10-31,0.864399,2.129160,4.523990,5.816970,1.307190,1.975950,"Citi Velocity, exported by Charlie",france_italy_cmt_euribor_1y5y_citi_2026-10-05.xlsx
2011-11-01,0.784040,2.005500,4.857650,5.914800,1.244520,1.872840,"Citi Velocity, exported by Charlie",france_italy_cmt_euribor_1y5y_citi_2026-10-05.xlsx
2011-11-02,0.793754,2.100170,4.781440,5.909150,1.248070,1.888510,"Citi Velocity, exported by Charlie",france_italy_cmt_euribor_1y5y_citi_2026-10-05.xlsx
2011-11-03,0.744503,2.092710,4.727830,5.826520,1.206140,1.899590,"Citi Velocity, exported by Charlie",france_italy_cmt_euribor_1y5y_citi_2026-10-05.xlsx
2011-11-04,0.764234,2.061610,5.068190,6.115090,1.228710,1.891910,"Citi Velocity, exported by Charlie",france_italy_cmt_euribor_1y5y_citi_2026-10-05.xlsx
2011-11-07,0.790162,2.089320,5.719130,6.560510,1.221940,1.882510,"Citi Velocity, exported by Charlie",france_italy_cmt_euribor_1y5y_citi_2026-10-05.xlsx
2011-11-08,0.785425,2.092400,5.765160,6.701900,1.239090,1.877780,"Citi Velocity, exported by Charlie",france_italy_cmt_euribor_1y5y_citi_2026-10-05.xlsx
2011-11-09,0.891357,2.259660,7.079390,7.453410,1.228380,1.839510,"Citi Velocity, exported by Charlie",france_italy_cmt_euribor_1y5y_citi_2026-10-05.xlsx
2011-11-10,1.116670,2.507760,6.311580,6.852050,1.209330,1.844310,"Citi Velocity, exported by Charlie",france_italy_cmt_euribor_1y5y_citi_2026-10-05.xlsx
2011-11-11,1.084380,2.429410,5.724250,6.346690,1.225350,1.920980,"Citi Velocity, exported by Charlie",france_italy_cmt_euribor_1y5y_citi_2026-10-05.xlsx
2011-11-14,1.079640,2.495490,5.866550,6.517430,1.188510,1.869750,"Citi Velocity, exported by Charlie",france_italy_cmt_euribor_1y5y_citi_2026-10-05.xlsx
2011-11-15,1.182780,2.767760,6.158820,6.961640,1.173380,1.867060,"Citi Velocity, exported by Charlie",france_italy_cmt_euribor_1y5y_citi_2026-10-05.xlsx
2011-11-16,1.240020,2.830460,6.069830,6.837460,1.222590,1.930320,"Citi Velocity, exported by Charlie",france_italy_cmt_euribor_1y5y_citi_2026-10-05.xlsx
2011-11-17,1.281320,2.807540,5.987780,6.628740,1.323800,2.049400,"Citi Velocity, exported by Charlie",france_italy_cmt_euribor_1y5y_citi_2026-10-05.xlsx
2011-11-18,1.241280,2.647350,5.853590,6.450950,1.321010,2.083050,"Citi Velocity, exported by Charlie",france_italy_cmt_euribor_1y5y_citi_2026-10-05.xlsx
2011-11-21,1.235790,2.648060,5.989980,6.524500,1.308440,2.039420,"Citi Velocity, exported by Charlie",france_italy_cmt_euribor_1y5y_citi_2026-10-05.xlsx
2011-11-22,1.251130,2.690670,6.389760,6.864610,1.292780,2.005320,"Citi Velocity, exported by Charlie",france_italy_cmt_euribor_1y5y_citi_2026-10-05.xlsx
2011-11-23,1.303670,2.866930,6.692640,7.192840,1.314810,2.034840,"Citi Velocity, exported by Charlie",france_italy_cmt_euribor_1y5y_citi_2026-10-05.xlsx
2011-11-24,1.308920,2.933380,6.681000,7.458850,1.306290,2.084030,"Citi Velocity, exported by Charlie",france_italy_cmt_euribor_1y5y_citi_2026-10-05.xlsx
2011-11-25,1.310410,2.935550,7.155090,7.660690,1.295650,2.107530,"Citi Velocity, exported by Charlie",france_italy_cmt_euribor_1y5y_citi_2026-10-05.xlsx
2011-11-28,1.116100,2.765310,6.530430,7.513590,1.289900,2.144920,"Citi Velocity, exported by Charlie",france_italy_cmt_euribor_1y5y_citi_2026-10-05.xlsx
2011-11-29,1.029280,2.636480,6.607580,7.612580,1.245570,2.157010,"Citi Velocity, exported by Charlie",france_italy_cmt_euribor_1y5y_citi_2026-10-05.xlsx
2011-11-30,0.842183,2.353920,6.482010,7.457610,1.143590,2.030930,"Citi Velocity, exported by Charlie",france_italy_cmt_euribor_1y5y_citi_2026-10-05.xlsx
2011-12-01,0.704751,2.155420,5.949530,6.877350,1.136750,1.975850,"Citi Velocity, exported by Charlie",france_italy_cmt_euribor_1y5y_citi_2026-10-05.xlsx
2011-12-02,0.786635,2.320400,6.013390,6.783740,1.168490,1.989870,"Citi Velocity, exported by Charlie",france_italy_cmt_euribor_1y5y_citi_2026-10-05.xlsx
2011-12-05,0.661638,2.171570,5.295230,5.992400,1.186410,2.018730,"Citi Velocity, exported by Charlie",france_italy_cmt_euribor_1y5y_citi_2026-10-05.xlsx
2011-12-06,0.682021,2.287510,5.315630,6.026850,1.180180,2.023340,"Citi Velocity, exported by Charlie",france_italy_cmt_euribor_1y5y_citi_2026-10-05.xlsx
2011-12-07,0.662080,2.316440,5.339320,6.068080,1.153910,1.979920,"Citi Velocity, exported by Charlie",france_italy_cmt_euribor_1y5y_citi_2026-10-05.xlsx
2011-12-08,0.687347,2.441780,5.690960,6.681710,1.155640,1.876740,"Citi Velocity, exported by Charlie",france_italy_cmt_euribor_1y5y_citi_2026-10-05.xlsx
2011-12-09,0.696544,2.344920,5.656390,6.535040,1.207160,1.951610,"Citi Velocity, exported by Charlie",france_italy_cmt_euribor_1y5y_citi_2026-10-05.xlsx
2011-12-12,0.626335,2.356270,5.607570,6.533280,1.190650,1.871830,"Citi Velocity, exported by Charlie",france_italy_cmt_euribor_1y5y_citi_2026-10-05.xlsx
2011-12-13,0.615323,2.342230,5.221670,6.571380,1.200930,1.882830,"Citi Velocity, exported by Charlie",france_italy_cmt_euribor_1y5y_citi_2026-10-05.xlsx
2011-12-14,0.554216,2.291200,5.307450,6.651590,1.222070,1.847970,"Citi Velocity, exported by Charlie",france_italy_cmt_euribor_1y5y_citi_2026-10-05.xlsx
2011-12-15,0.469690,2.135950,4.712900,6.243780,1.181410,1.847360,"Citi Velocity, exported by Charlie",france_italy_cmt_euribor_1y5y_citi_2026-10-05.xlsx
2011-12-16,0.467574,2.112440,4.434930,6.185890,1.149340,1.779260,"Citi Velocity, exported by Charlie",france_italy_cmt_euribor_1y5y_citi_2026-10-05.xlsx
2011-12-19,0.478721,2.182130,4.332860,6.061040,1.158970,1.794350,"Citi Velocity, exported by Charlie",france_italy_cmt_euribor_1y5y_citi_2026-10-05.xlsx
2011-12-20,0.444155,2.181920,4.151190,5.812510,1.148240,1.843580,"Citi Velocity, exported by Charlie",france_italy_cmt_euribor_1y5y_citi_2026-10-05.xlsx
2011-12-21,0.441814,2.180410,4.197320,5.968840,1.174760,1.835490,"Citi Velocity, exported by Charlie",france_italy_cmt_euribor_1y5y_citi_2026-10-05.xlsx
2011-12-22,0.414798,2.157400,4.212190,6.070140,1.182010,1.824870,"Citi Velocity, exported by Charlie",france_italy_cmt_euribor_1y5y_citi_2026-10-05.xlsx
2011-12-23,0.385156,2.058330,4.142400,6.154950,1.170020,1.834560,"Citi Velocity, exported by Charlie",france_italy_cmt_euribor_1y5y_citi_2026-10-05.xlsx
2011-12-28,0.344599,2.030950,3.943500,6.144210,1.121530,1.760690,"Citi Velocity, exported by Charlie",france_italy_cmt_euribor_1y5y_citi_2026-10-05.xlsx
2011-12-29,0.312328,2.057070,3.903060,6.067700,1.093110,1.740150,"Citi Velocity, exported by Charlie",france_italy_cmt_euribor_1y5y_citi_2026-10-05.xlsx
2011-12-30,0.304367,2.099740,3.909530,6.030790,1.085890,1.737900,"Citi Velocity, exported by Charlie",france_italy_cmt_euribor_1y5y_citi_2026-10-05.xlsx
2012-01-03,0.336586,2.247550,3.582340,5.794320,1.083490,1.723830,"Citi Velocity, exported by Charlie",france_italy_cmt_euribor_1y5y_citi_2026-10-05.xlsx
2012-01-04,0.359313,2.312500,3.516190,5.839400,1.074210,1.724690,"Citi Velocity, exported by Charlie",france_italy_cmt_euribor_1y5y_citi_2026-10-05.xlsx
2012-01-05,0.451903,2.389000,3.598670,6.025500,1.048810,1.710780,"Citi Velocity, exported by Charlie",france_italy_cmt_euribor_1y5y_citi_2026-10-05.xlsx
2012-01-06,0.473851,2.461800,3.844030,6.201810,1.048610,1.722550,"Citi Velocity, exported by Charlie",france_italy_cmt_euribor_1y5y_citi_2026-10-05.xlsx
2012-01-09,0.491483,2.397110,3.770970,6.285930,1.035340,1.692990,"Citi Velocity, exported by Charlie",france_italy_cmt_euribor_1y5y_citi_2026-10-05.xlsx
2012-01-10,0.450983,2.344930,3.756770,6.263320,1.046460,1.708030,"Citi Velocity, exported by Charlie",france_italy_cmt_euribor_1y5y_citi_2026-10-05.xlsx
2012-01-11,0.418374,2.228880,3.542560,6.117620,1.019130,1.636960,"Citi Velocity, exported by Charlie",france_italy_cmt_euribor_1y5y_citi_2026-10-05.xlsx
2012-01-12,0.347775,2.052210,3.082590,5.680710,0.989342,1.615980,"Citi Velocity, exported by Charlie",france_italy_cmt_euribor_1y5y_citi_2026-10-05.xlsx
2012-01-13,0.391677,2.094910,3.209430,5.699900,0.952396,1.568810,"Citi Velocity, exported by Charlie",france_italy_cmt_euribor_1y5y_citi_2026-10-05.xlsx
2012-01-16,0.392097,2.028360,3.224030,5.635800,0.933781,1.578680,"Citi Velocity, exported by Charlie",france_italy_cmt_euribor_1y5y_citi_2026-10-05.xlsx
2012-01-17,0.420425,2.115630,3.105080,5.486950,0.966605,1.625060,"Citi Velocity, exported by Charlie",france_italy_cmt_euribor_1y5y_citi_2026-10-05.xlsx
2012-01-18,0.444264,2.131860,3.083920,5.384290,0.964771,1.607500,"Citi Velocity, exported by Charlie",france_italy_cmt_euribor_1y5y_citi_2026-10-05.xlsx
2012-01-19,0.475232,2.100790,3.122510,5.300150,0.966764,1.654150,"Citi Velocity, exported by Charlie",france_italy_cmt_euribor_1y5y_citi_2026-10-05.xlsx
2012-01-20,0.462647,2.066780,2.981210,5.166730,0.934046,1.661830,"Citi Velocity, exported by Charlie",france_italy_cmt_euribor_1y5y_citi_2026-10-05.xlsx
2012-01-23,0.464837,2.101080,2.746020,4.927400,0.902072,1.679370,"Citi Velocity, exported by Charlie",france_italy_cmt_euribor_1y5y_citi_2026-10-05.xlsx
2012-01-24,0.478883,2.104220,2.753540,4.965130,0.931539,1.714590,"Citi Velocity, exported by Charlie",france_italy_cmt_euribor_1y5y_citi_2026-10-05.xlsx
2012-01-25,0.493352,2.075940,2.852110,5.020350,0.933593,1.705610,"Citi Velocity, exported by Charlie",france_italy_cmt_euribor_1y5y_citi_2026-10-05.xlsx
2012-01-26,0.477355,2.021610,2.735040,4.889580,0.925385,1.642430,"Citi Velocity, exported by Charlie",france_italy_cmt_euribor_1y5y_citi_2026-10-05.xlsx
2012-01-27,0.496154,1.983950,2.705690,4.769490,0.947330,1.636550,"Citi Velocity, exported by Charlie",france_italy_cmt_euribor_1y5y_citi_2026-10-05.xlsx
2012-01-30,0.493511,1.975570,2.863310,4.978540,0.934357,1.592590,"Citi Velocity, exported by Charlie",france_italy_cmt_euribor_1y5y_citi_2026-10-05.xlsx
2012-01-31,0.495798,1.991710,2.713360,4.757300,0.878166,1.549390,"Citi Velocity, exported by Charlie",france_italy_cmt_euribor_1y5y_citi_2026-10-05.xlsx
2012-02-01,0.472550,1.969780,2.448790,4.461670,0.861824,1.535770,"Citi Velocity, exported by Charlie",france_italy_cmt_euribor_1y5y_citi_2026-10-05.xlsx
2012-02-02,0.409899,1.838170,2.353070,4.323750,0.866812,1.547240,"Citi Velocity, exported by Charlie",france_italy_cmt_euribor_1y5y_citi_2026-10-05.xlsx
2012-02-03,0.378303,1.811800,2.347120,4.442970,0.880440,1.605060,"Citi Velocity, exported by Charlie",france_italy_cmt_euribor_1y5y_citi_2026-10-05.xlsx
2012-02-06,0.368741,1.789710,2.307480,4.363770,0.861441,1.573620,"Citi Velocity, exported by Charlie",france_italy_cmt_euribor_1y5y_citi_2026-10-05.xlsx
2012-02-07,0.372689,1.806630,2.340100,4.361530,0.866661,1.602460,"Citi Velocity, exported by Charlie",france_italy_cmt_euribor_1y5y_citi_2026-10-05.xlsx
2012-02-08,0.366450,1.809420,2.337850,4.279190,0.878326,1.631460,"Citi Velocity, exported by Charlie",france_italy_cmt_euribor_1y5y_citi_2026-10-05.xlsx
2012-02-09,0.366895,1.803090,2.303070,4.193190,0.886381,1.667380,"Citi Velocity, exported by Charlie",france_italy_cmt_euribor_1y5y_citi_2026-10-05.xlsx
2012-02-10,0.385637,1.817500,2.414830,4.370020,0.903752,1.609390,"Citi Velocity, exported by Charlie",france_italy_cmt_euribor_1y5y_citi_2026-10-05.xlsx
2012-02-13,0.379855,1.804470,2.389000,4.371250,0.903854,1.600770,"Citi Velocity, exported by Charlie",france_italy_cmt_euribor_1y5y_citi_2026-10-05.xlsx
2012-02-14,0.392937,1.842230,2.392620,4.387140,0.887538,1.574750,"Citi Velocity, exported by Charlie",france_italy_cmt_euribor_1y5y_citi_2026-10-05.xlsx
2012-02-15,0.403983,1.881390,2.428280,4.550670,0.887088,1.548390,"Citi Velocity, exported by Charlie",france_italy_cmt_euribor_1y5y_citi_2026-10-05.xlsx
2012-02-16,0.416177,1.934530,2.460440,4.578590,0.902714,1.578530,"Citi Velocity, exported by Charlie",france_italy_cmt_euribor_1y5y_citi_2026-10-05.xlsx
2012-02-17,0.427094,1.955930,2.421910,4.482980,0.900087,1.616980,"Citi Velocity, exported by Charlie",france_italy_cmt_euribor_1y5y_citi_2026-10-05.xlsx
2012-02-20,0.428056,1.916500,2.359010,4.379540,0.887218,1.630990,"Citi Velocity, exported by Charlie",france_italy_cmt_euribor_1y5y_citi_2026-10-05.xlsx
2012-02-21,0.423988,1.927760,2.230330,4.287430,0.879845,1.627180,"Citi Velocity, exported by Charlie",france_italy_cmt_euribor_1y5y_citi_2026-10-05.xlsx
2012-02-22,0.428889,1.907750,2.233560,4.330240,0.892964,1.611890,"Citi Velocity, exported by Charlie",france_italy_cmt_euribor_1y5y_citi_2026-10-05.xlsx
2012-02-23,0.418242,1.878520,2.231220,4.386870,0.889837,1.592820,"Citi Velocity, exported by Charlie",france_italy_cmt_euribor_1y5y_citi_2026-10-05.xlsx
2012-02-24,,,2.152360,4.350020,0.863973,1.580010,"Citi Velocity, exported by Charlie",france_italy_cmt_euribor_1y5y_citi_2026-10-05.xlsx
2012-02-27,0.404872,1.838870,1.892360,4.227490,0.823721,1.528540,"Citi Velocity, exported by Charlie",france_italy_cmt_euribor_1y5y_citi_2026-10-05.xlsx
2012-02-28,0.390806,1.819240,1.759650,4.105230,0.820137,1.536160,"Citi Velocity, exported by Charlie",france_italy_cmt_euribor_1y5y_citi_2026-10-05.xlsx
2012-02-29,0.347984,1.781900,1.530920,3.897150,0.792250,1.545290,"Citi Velocity, exported by Charlie",france_italy_cmt_euribor_1y5y_citi_2026-10-05.xlsx
2012-03-01,0.309513,1.658520,1.241420,3.549000,0.775477,1.566230,"Citi Velocity, exported by Charlie",france_italy_cmt_euribor_1y5y_citi_2026-10-05.xlsx
2012-03-02,0.292405,1.693390,1.305270,3.542120,0.731174,1.497770,"Citi Velocity, exported by Charlie",france_italy_cmt_euribor_1y5y_citi_2026-10-05.xlsx
2012-03-05,0.305232,1.728080,1.360320,3.579430,0.753905,1.528480,"Citi Velocity, exported by Charlie",france_italy_cmt_euribor_1y5y_citi_2026-10-05.xlsx
2012-03-06,0.325310,1.784080,1.417890,3.758500,0.750928,1.523900,"Citi Velocity, exported by Charlie",france_italy_cmt_euribor_1y5y_citi_2026-10-05.xlsx
2012-03-07,0.305536,1.752240,1.369640,3.720090,0.753405,1.523320,"Citi Velocity, exported by Charlie",france_italy_cmt_euribor_1y5y_citi_2026-10-05.xlsx
2012-03-08,0.282311,1.698990,1.375290,3.660620,0.753535,1.532520,"Citi Velocity, exported by Charlie",france_italy_cmt_euribor_1y5y_citi_2026-10-05.xlsx
2012-03-09,0.284212,1.726010,1.395350,3.691540,0.746137,1.514920,"Citi Velocity, exported by Charlie",france_italy_cmt_euribor_1y5y_citi_2026-10-05.xlsx
2012-03-12,0.280307,1.742490,1.457420,3.766510,0.744654,1.500740,"Citi Velocity, exported by Charlie",france_italy_cmt_euribor_1y5y_citi_2026-10-05.xlsx
2012-03-13,0.288905,1.734590,1.518760,3.779460,0.749786,1.532540,"Citi Velocity, exported by Charlie",france_italy_cmt_euribor_1y5y_citi_2026-10-05.xlsx
2012-03-14,0.311671,1.761630,1.512080,3.717630,0.774376,1.633200,"Citi Velocity, exported by Charlie",france_italy_cmt_euribor_1y5y_citi_2026-10-05.xlsx
2012-03-15,0.327341,1.822960,1.500640,3.744570,0.771086,1.662910,"Citi Velocity, exported by Charlie",france_italy_cmt_euribor_1y5y_citi_2026-10-05.xlsx
2012-03-16,0.362383,1.871570,1.502930,3.772280,0.771973,1.741740,"Citi Velocity, exported by Charlie",france_italy_cmt_euribor_1y5y_citi_2026-10-05.xlsx
2012-03-19,0.348398,1.865040,1.482210,3.763830,0.739355,1.721250,"Citi Velocity, exported by Charlie",france_italy_cmt_euribor_1y5y_citi_2026-10-05.xlsx
2012-03-20,0.339551,1.875210,1.499910,3.830950,0.727603,1.707090,"Citi Velocity, exported by Charlie",france_italy_cmt_euribor_1y5y_citi_2026-10-05.xlsx
2012-03-21,0.325751,1.855330,1.554660,3.952240,0.712102,1.655390,"Citi Velocity, exported by Charlie",france_italy_cmt_euribor_1y5y_citi_2026-10-05.xlsx
2012-03-22,0.310783,1.845420,1.642940,4.036530,0.712048,1.625410,"Citi Velocity, exported by Charlie",france_italy_cmt_euribor_1y5y_citi_2026-10-05.xlsx
2012-03-23,0.293486,1.799300,1.623530,3.976110,0.707767,1.612050,"Citi Velocity, exported by Charlie",france_italy_cmt_euribor_1y5y_citi_2026-10-05.xlsx
2012-03-26,0.283188,1.764440,1.609150,3.949630,0.700285,1.645580,"Citi Velocity, exported by Charlie",france_italy_cmt_euribor_1y5y_citi_2026-10-05.xlsx
2012-03-27,0.287927,1.781670,1.707070,4.082150,0.698230,1.612090,"Citi Velocity, exported by Charlie",france_italy_cmt_euribor_1y5y_citi_2026-10-05.xlsx
2012-03-28,0.287304,1.784690,1.759660,4.058070,0.700479,1.584840,"Citi Velocity, exported by Charlie",france_italy_cmt_euribor_1y5y_citi_2026-10-05.xlsx
2012-03-29,0.288153,1.773650,2.008580,4.303420,0.717329,1.562320,"Citi Velocity, exported by Charlie",france_italy_cmt_euribor_1y5y_citi_2026-10-05.xlsx
2012-03-30,0.276642,1.705160,1.923300,4.161470,0.717475,1.561010,"Citi Velocity, exported by Charlie",france_italy_cmt_euribor_1y5y_citi_2026-10-05.xlsx
2012-04-02,0.264493,1.702690,1.849450,4.145010,0.715144,1.564160,"Citi Velocity, exported by Charlie",france_italy_cmt_euribor_1y5y_citi_2026-10-05.xlsx
2012-04-03,0.275618,1.719580,1.885800,4.185620,0.731472,1.576440,"Citi Velocity, exported by Charlie",france_italy_cmt_euribor_1y5y_citi_2026-10-05.xlsx
2012-04-04,0.278294,1.770200,2.040350,4.402080,0.735286,1.566750,"Citi Velocity, exported by Charlie",france_italy_cmt_euribor_1y5y_citi_2026-10-05.xlsx
2012-04-05,0.272211,1.798990,2.186410,4.459500,0.725520,1.524880,"Citi Velocity, exported by Charlie",france_italy_cmt_euribor_1y5y_citi_2026-10-05.xlsx
2012-04-10,0.274944,1.835660,2.499330,4.775500,0.723720,1.469650,"Citi Velocity, exported by Charlie",france_italy_cmt_euribor_1y5y_citi_2026-10-05.xlsx
2012-04-11,0.264041,1.787840,2.549740,4.618800,0.731563,1.510110,"Citi Velocity, exported by Charlie",france_italy_cmt_euribor_1y5y_citi_2026-10-05.xlsx
2012-04-12,0.261067,1.754110,2.396230,4.516020,0.718605,1.509830,"Citi Velocity, exported by Charlie",france_italy_cmt_euribor_1y5y_citi_2026-10-05.xlsx
2012-04-13,0.255207,1.820720,2.474530,4.626750,0.704944,1.474670,"Citi Velocity, exported by Charlie",france_italy_cmt_euribor_1y5y_citi_2026-10-05.xlsx
2012-04-16,0.281507,1.901230,2.486910,4.656250,0.733890,1.491540,"Citi Velocity, exported by Charlie",france_italy_cmt_euribor_1y5y_citi_2026-10-05.xlsx
2012-04-17,0.285514,1.908320,2.394520,4.531190,0.720225,1.511340,"Citi Velocity, exported by Charlie",france_italy_cmt_euribor_1y5y_citi_2026-10-05.xlsx
2012-04-18,0.289461,1.899040,2.365470,4.533500,0.701897,1.474290,"Citi Velocity, exported by Charlie",france_italy_cmt_euribor_1y5y_citi_2026-10-05.xlsx
2012-04-19,0.321341,1.961030,2.429970,4.643180,0.712989,1.489660,"Citi Velocity, exported by Charlie",france_italy_cmt_euribor_1y5y_citi_2026-10-05.xlsx
2012-04-20,0.327447,1.939740,2.447740,4.660620,0.722471,1.531110,"Citi Velocity, exported by Charlie",france_italy_cmt_euribor_1y5y_citi_2026-10-05.xlsx
2012-04-23,0.328171,1.952410,2.548850,4.714950,0.715610,1.492220,"Citi Velocity, exported by Charlie",france_italy_cmt_euribor_1y5y_citi_2026-10-05.xlsx
2012-04-24,0.312659,1.885300,2.513720,4.636510,0.710800,1.531430,"Citi Velocity, exported by Charlie",france_italy_cmt_euribor_1y5y_citi_2026-10-05.xlsx
2012-04-25,0.262444,1.826160,2.450760,4.592460,0.683374,1.533640,"Citi Velocity, exported by Charlie",france_italy_cmt_euribor_1y5y_citi_2026-10-05.xlsx
2012-04-26,0.244612,1.798450,2.424990,4.624180,0.648102,1.488160,"Citi Velocity, exported by Charlie",france_italy_cmt_euribor_1y5y_citi_2026-10-05.xlsx
2012-04-27,0.251477,1.802940,2.420120,4.680600,0.647244,1.471720,"Citi Velocity, exported by Charlie",france_italy_cmt_euribor_1y5y_citi_2026-10-05.xlsx
2012-04-30,0.259805,1.770110,2.296130,4.547580,0.614143,1.419460,"Citi Velocity, exported by Charlie",france_italy_cmt_euribor_1y5y_citi_2026-10-05.xlsx
2012-05-01,,,,,0.614143,1.419460,"Citi Velocity, exported by Charlie",france_italy_cmt_euribor_1y5y_citi_2026-10-05.xlsx
2012-05-02,0.247287,1.762650,2.300960,4.565630,0.602033,1.356510,"Citi Velocity, exported by Charlie",france_italy_cmt_euribor_1y5y_citi_2026-10-05.xlsx
2012-05-03,0.216100,1.707050,2.171430,4.498940,0.605696,1.360250,"Citi Velocity, exported by Charlie",france_italy_cmt_euribor_1y5y_citi_2026-10-05.xlsx
2012-05-04,0.200095,1.649660,2.083570,4.451600,0.601340,1.328560,"Citi Velocity, exported by Charlie",france_italy_cmt_euribor_1y5y_citi_2026-10-05.xlsx
2012-05-08,0.207762,1.638940,2.060050,4.385410,0.640376,1.331540,"Citi Velocity, exported by Charlie",france_italy_cmt_euribor_1y5y_citi_2026-10-05.xlsx
2012-05-09,0.236527,1.703620,2.283760,4.570510,0.674582,1.364190,"Citi Velocity, exported by Charlie",france_italy_cmt_euribor_1y5y_citi_2026-10-05.xlsx
2012-05-10,0.237843,1.656930,2.241390,4.424730,0.649136,1.357810,"Citi Velocity, exported by Charlie",france_italy_cmt_euribor_1y5y_citi_2026-10-05.xlsx
2012-05-11,0.236789,1.663630,2.250860,4.434450,0.668895,1.363220,"Citi Velocity, exported by Charlie",france_italy_cmt_euribor_1y5y_citi_2026-10-05.xlsx
2012-05-14,0.238166,1.717760,2.487170,4.685800,0.702599,1.348970,"Citi Velocity, exported by Charlie",france_italy_cmt_euribor_1y5y_citi_2026-10-05.xlsx
2012-05-15,0.255458,1.800770,2.581700,4.881380,0.688604,1.344260,"Citi Velocity, exported by Charlie",france_italy_cmt_euribor_1y5y_citi_2026-10-05.xlsx
2012-05-16,0.225064,1.780250,2.611380,4.880710,0.662145,1.371630,"Citi Velocity, exported by Charlie",france_italy_cmt_euribor_1y5y_citi_2026-10-05.xlsx
2012-05-17,0.229930,1.742480,2.795940,4.936310,0.684762,1.356560,"Citi Velocity, exported by Charlie",france_italy_cmt_euribor_1y5y_citi_2026-10-05.xlsx
2012-05-18,0.214227,1.707670,2.824750,4.937730,0.688406,1.353460,"Citi Velocity, exported by Charlie",france_italy_cmt_euribor_1y5y_citi_2026-10-05.xlsx
2012-05-21,0.210461,1.686390,2.812840,4.936420,0.675176,1.363860,"Citi Velocity, exported by Charlie",france_italy_cmt_euribor_1y5y_citi_2026-10-05.xlsx
2012-05-22,0.210204,1.619790,2.704980,4.758860,0.650287,1.353230,"Citi Velocity, exported by Charlie",france_italy_cmt_euribor_1y5y_citi_2026-10-05.xlsx
2012-05-23,0.198726,1.580990,2.782150,4.876590,0.637727,1.285850,"Citi Velocity, exported by Charlie",france_italy_cmt_euribor_1y5y_citi_2026-10-05.xlsx
2012-05-24,0.156901,1.425170,2.746600,4.836900,0.603617,1.270270,"Citi Velocity, exported by Charlie",france_italy_cmt_euribor_1y5y_citi_2026-10-05.xlsx
2012-05-25,0.150159,1.397610,2.841190,4.925240,0.602686,1.265660,"Citi Velocity, exported by Charlie",france_italy_cmt_euribor_1y5y_citi_2026-10-05.xlsx
2012-05-28,0.145952,1.408060,3.016680,5.099160,0.596023,1.244100,"Citi Velocity, exported by Charlie",france_italy_cmt_euribor_1y5y_citi_2026-10-05.xlsx
2012-05-29,0.162369,1.392420,3.155220,5.150300,0.613005,1.259160,"Citi Velocity, exported by Charlie",france_italy_cmt_euribor_1y5y_citi_2026-10-05.xlsx
2012-05-30,0.161042,1.405850,3.504720,5.439570,0.579819,1.183610,"Citi Velocity, exported by Charlie",france_italy_cmt_euribor_1y5y_citi_2026-10-05.xlsx
2012-05-31,0.159746,1.273740,3.501770,5.456440,0.588424,1.158770,"Citi Velocity, exported by Charlie",france_italy_cmt_euribor_1y5y_citi_2026-10-05.xlsx
2012-06-01,0.141802,1.176430,3.484060,5.348690,0.588406,1.160040,"Citi Velocity, exported by Charlie",france_italy_cmt_euribor_1y5y_citi_2026-10-05.xlsx
2012-06-06,0.185255,1.350680,3.125370,5.071350,0.602643,1.264380,"Citi Velocity, exported by Charlie",france_italy_cmt_euribor_1y5y_citi_2026-10-05.xlsx
2012-06-07,0.202656,1.481280,2.967260,5.012000,0.626168,1.305510,"Citi Velocity, exported by Charlie",france_italy_cmt_euribor_1y5y_citi_2026-10-05.xlsx
2012-06-08,0.180602,1.440420,3.087110,5.104290,0.599109,1.273220,"Citi Velocity, exported by Charlie",france_italy_cmt_euribor_1y5y_citi_2026-10-05.xlsx
2012-06-11,0.196985,1.483300,3.311560,5.395550,0.606469,1.257150,"Citi Velocity, exported by Charlie",france_italy_cmt_euribor_1y5y_citi_2026-10-05.xlsx
2012-06-12,0.216628,1.590300,3.722320,5.620480,0.619346,1.335990,"Citi Velocity, exported by Charlie",france_italy_cmt_euribor_1y5y_citi_2026-10-05.xlsx
2012-06-13,0.217958,1.605360,3.795680,5.755600,0.649408,1.382280,"Citi Velocity, exported by Charlie",france_italy_cmt_euribor_1y5y_citi_2026-10-05.xlsx
2012-06-14,0.207530,1.551990,3.844350,5.737110,0.622497,1.375880,"Citi Velocity, exported by Charlie",france_italy_cmt_euribor_1y5y_citi_2026-10-05.xlsx
2012-06-15,0.179351,1.457460,3.721770,5.506600,0.573310,1.294600,"Citi Velocity, exported by Charlie",france_italy_cmt_euribor_1y5y_citi_2026-10-05.xlsx
2012-06-18,0.168354,1.491850,3.913850,5.652180,0.554035,1.261910,"Citi Velocity, exported by Charlie",france_italy_cmt_euribor_1y5y_citi_2026-10-05.xlsx
2012-06-19,0.196962,1.547320,3.733370,5.453500,0.575075,1.347210,"Citi Velocity, exported by Charlie",france_italy_cmt_euribor_1y5y_citi_2026-10-05.xlsx
2012-06-20,0.205247,1.564790,3.480000,5.264120,0.580593,1.371730,"Citi Velocity, exported by Charlie",france_italy_cmt_euribor_1y5y_citi_2026-10-05.xlsx
2012-06-21,0.197760,1.516820,3.198840,5.163460,0.549774,1.297370,"Citi Velocity, exported by Charlie",france_italy_cmt_euribor_1y5y_citi_2026-10-05.xlsx
2012-06-22,0.191215,1.465070,3.168580,5.173910,0.540839,1.323540,"Citi Velocity, exported by Charlie",france_italy_cmt_euribor_1y5y_citi_2026-10-05.xlsx
2012-06-25,0.187965,1.451890,3.586540,5.539540,0.527524,1.249800,"Citi Velocity, exported by Charlie",france_italy_cmt_euribor_1y5y_citi_2026-10-05.xlsx
2012-06-26,0.197316,1.474970,3.927960,5.828790,0.549441,1.283250,"Citi Velocity, exported by Charlie",france_italy_cmt_euribor_1y5y_citi_2026-10-05.xlsx
2012-06-27,0.191664,1.493470,3.884380,5.787050,0.542306,1.315500,"Citi Velocity, exported by Charlie",france_italy_cmt_euribor_1y5y_citi_2026-10-05.xlsx
2012-06-28,0.206108,1.517930,3.688600,5.728480,0.547700,1.283160,"Citi Velocity, exported by Charlie",france_italy_cmt_euribor_1y5y_citi_2026-10-05.xlsx
2012-06-29,0.190159,1.520630,3.119840,5.051120,0.544264,1.299810,"Citi Velocity, exported by Charlie",france_italy_cmt_euribor_1y5y_citi_2026-10-05.xlsx
2012-07-02,0.174885,1.440280,2.874860,4.970980,0.534629,1.255360,"Citi Velocity, exported by Charlie",france_italy_cmt_euribor_1y5y_citi_2026-10-05.xlsx
2012-07-03,0.162837,1.375900,2.728950,4.801820,0.525043,1.244770,"Citi Velocity, exported by Charlie",france_italy_cmt_euribor_1y5y_citi_2026-10-05.xlsx
2012-07-04,0.144533,1.378390,2.818500,4.911150,0.515698,1.203900,"Citi Velocity, exported by Charlie",france_italy_cmt_euribor_1y5y_citi_2026-10-05.xlsx
2012-07-05,0.072648,1.319080,3.050110,5.158470,0.484624,1.156390,"Citi Velocity, exported by Charlie",france_italy_cmt_euribor_1y5y_citi_2026-10-05.xlsx
2012-07-06,0.001794,1.151900,3.126040,5.266880,0.456665,1.106860,"Citi Velocity, exported by Charlie",france_italy_cmt_euribor_1y5y_citi_2026-10-05.xlsx
2012-07-09,0.019279,1.188950,3.323300,5.465670,0.475694,1.129890,"Citi Velocity, exported by Charlie",france_italy_cmt_euribor_1y5y_citi_2026-10-05.xlsx
2012-07-10,-0.002492,1.155490,3.100880,5.316990,0.461727,1.129510,"Citi Velocity, exported by Charlie",france_italy_cmt_euribor_1y5y_citi_2026-10-05.xlsx
2012-07-11,-0.026067,1.093860,2.901070,5.141630,0.444033,1.111840,"Citi Velocity, exported by Charlie",france_italy_cmt_euribor_1y5y_citi_2026-10-05.xlsx
2012-07-12,-0.027452,1.045810,2.908790,5.249140,0.411389,1.084950,"Citi Velocity, exported by Charlie",france_italy_cmt_euribor_1y5y_citi_2026-10-05.xlsx
2012-07-13,-0.033485,1.042520,2.711140,5.254920,0.401696,1.079390,"Citi Velocity, exported by Charlie",france_italy_cmt_euribor_1y5y_citi_2026-10-05.xlsx
2012-07-16,-0.042041,0.955640,2.784810,5.374460,0.399135,1.069610,"Citi Velocity, exported by Charlie",france_italy_cmt_euribor_1y5y_citi_2026-10-05.xlsx
2012-07-17,-0.041680,0.908350,2.703150,5.254520,0.398185,1.063760,"Citi Velocity, exported by Charlie",france_italy_cmt_euribor_1y5y_citi_2026-10-05.xlsx
2012-07-18,-0.035470,0.939063,2.723650,5.272850,0.384234,1.040290,"Citi Velocity, exported by Charlie",france_italy_cmt_euribor_1y5y_citi_2026-10-05.xlsx
2012-07-19,-0.023906,0.887609,2.683880,5.229720,0.382714,1.049590,"Citi Velocity, exported by Charlie",france_italy_cmt_euribor_1y5y_citi_2026-10-05.xlsx
2012-07-20,-0.026588,0.908904,3.024020,5.471580,0.360149,1.005830,"Citi Velocity, exported by Charlie",france_italy_cmt_euribor_1y5y_citi_2026-10-05.xlsx
2012-07-23,0.005734,1.021610,3.414780,5.796570,0.370556,1.026320,"Citi Velocity, exported by Charlie",france_italy_cmt_euribor_1y5y_citi_2026-10-05.xlsx
2012-07-24,0.045805,1.123500,3.820490,6.188060,0.372189,1.046090,"Citi Velocity, exported by Charlie",france_italy_cmt_euribor_1y5y_citi_2026-10-05.xlsx
2012-07-25,0.078685,1.155020,3.763840,6.019890,0.377312,1.066980,"Citi Velocity, exported by Charlie",france_italy_cmt_euribor_1y5y_citi_2026-10-05.xlsx
2012-07-26,0.029454,1.082180,3.098680,5.437090,0.377203,1.092280,"Citi Velocity, exported by Charlie",france_italy_cmt_euribor_1y5y_citi_2026-10-05.xlsx
2012-07-27,0.015930,1.056840,2.843540,5.257750,0.366103,1.133000,"Citi Velocity, exported by Charlie",france_italy_cmt_euribor_1y5y_citi_2026-10-05.xlsx
2012-07-30,-0.014781,0.979915,2.760000,5.260870,0.302926,1.074150,"Citi Velocity, exported by Charlie",france_italy_cmt_euribor_1y5y_citi_2026-10-05.xlsx
2012-07-31,-0.004993,0.903294,2.994830,5.431430,0.305294,1.018200,"Citi Velocity, exported by Charlie",france_italy_cmt_euribor_1y5y_citi_2026-10-05.xlsx
2012-08-01,-0.013122,0.931281,2.730360,5.189110,0.317449,1.062810,"Citi Velocity, exported by Charlie",france_italy_cmt_euribor_1y5y_citi_2026-10-05.xlsx
2012-08-02,0.021436,0.894989,2.653880,5.334440,0.318034,1.008610,"Citi Velocity, exported by Charlie",france_italy_cmt_euribor_1y5y_citi_2026-10-05.xlsx
2012-08-03,0.028911,0.923620,2.267080,4.942430,0.339437,1.115870,"Citi Velocity, exported by Charlie",france_italy_cmt_euribor_1y5y_citi_2026-10-05.xlsx
2012-08-06,0.004992,0.934918,2.246730,4.804400,0.313967,1.085340,"Citi Velocity, exported by Charlie",france_italy_cmt_euribor_1y5y_citi_2026-10-05.xlsx
2012-08-07,0.027778,0.959631,2.377280,4.844470,0.319600,1.120090,"Citi Velocity, exported by Charlie",france_italy_cmt_euribor_1y5y_citi_2026-10-05.xlsx
2012-08-08,0.004013,0.935814,2.444690,4.807810,0.307114,1.083350,"Citi Velocity, exported by Charlie",france_italy_cmt_euribor_1y5y_citi_2026-10-05.xlsx
2012-08-09,-0.010008,0.929787,2.474600,4.788260,0.288776,1.072560,"Citi Velocity, exported by Charlie",france_italy_cmt_euribor_1y5y_citi_2026-10-05.xlsx
2012-08-10,-0.013197,0.899596,2.585630,4.918540,0.276031,1.023580,"Citi Velocity, exported by Charlie",france_italy_cmt_euribor_1y5y_citi_2026-10-05.xlsx
2012-08-13,-0.005230,0.921660,2.662510,4.965870,0.290196,1.033790,"Citi Velocity, exported by Charlie",france_italy_cmt_euribor_1y5y_citi_2026-10-05.xlsx
2012-08-14,-0.005873,0.934941,2.613410,4.901170,0.291547,1.068910,"Citi Velocity, exported by Charlie",france_italy_cmt_euribor_1y5y_citi_2026-10-05.xlsx
2012-08-15,-0.005028,0.995888,2.528850,4.817010,0.293264,1.131250,"Citi Velocity, exported by Charlie",france_italy_cmt_euribor_1y5y_citi_2026-10-05.xlsx
2012-08-16,-0.003440,0.995628,2.462270,4.802350,0.287392,1.093580,"Citi Velocity, exported by Charlie",france_italy_cmt_euribor_1y5y_citi_2026-10-05.xlsx
2012-08-17,-0.007381,0.996039,2.328270,4.717930,0.267551,1.062880,"Citi Velocity, exported by Charlie",france_italy_cmt_euribor_1y5y_citi_2026-10-05.xlsx
2012-08-20,-0.003900,0.994624,2.280050,4.667560,0.252979,1.047750,"Citi Velocity, exported by Charlie",france_italy_cmt_euribor_1y5y_citi_2026-10-05.xlsx
2012-08-21,0.005365,1.019640,2.234440,4.583020,0.268471,1.080500,"Citi Velocity, exported by Charlie",france_italy_cmt_euribor_1y5y_citi_2026-10-05.xlsx
2012-08-22,0.009232,1.011930,2.309660,4.609080,0.258492,1.031930,"Citi Velocity, exported by Charlie",france_italy_cmt_euribor_1y5y_citi_2026-10-05.xlsx
2012-08-23,0.001497,0.942719,2.421860,4.721910,0.242556,0.978831,"Citi Velocity, exported by Charlie",france_italy_cmt_euribor_1y5y_citi_2026-10-05.xlsx
2012-08-24,-0.000466,0.921814,2.412350,4.747890,0.241282,0.961857,"Citi Velocity, exported by Charlie",france_italy_cmt_euribor_1y5y_citi_2026-10-05.xlsx
2012-08-28,-0.003764,0.922249,2.279330,4.774450,0.257218,0.944501,"Citi Velocity, exported by Charlie",france_italy_cmt_euribor_1y5y_citi_2026-10-05.xlsx
2012-08-29,-0.005269,0.970860,2.127740,4.715750,0.254928,0.969585,"Citi Velocity, exported by Charlie",france_italy_cmt_euribor_1y5y_citi_2026-10-05.xlsx
2012-08-30,-0.019627,0.969147,2.131810,4.769170,0.237254,0.922620,"Citi Velocity, exported by Charlie",france_italy_cmt_euribor_1y5y_citi_2026-10-05.xlsx
2012-08-31,-0.022196,0.972745,2.058670,4.777520,0.241860,0.941185,"Citi Velocity, exported by Charlie",france_italy_cmt_euribor_1y5y_citi_2026-10-05.xlsx
2012-09-03,-0.024099,1.010470,1.973520,4.659750,0.245372,0.968322,"Citi Velocity, exported by Charlie",france_italy_cmt_euribor_1y5y_citi_2026-10-05.xlsx
2012-09-04,-0.033727,1.016750,1.794440,4.382830,0.239101,0.956749,"Citi Velocity, exported by Charlie",france_italy_cmt_euribor_1y5y_citi_2026-10-05.xlsx
2012-09-05,-0.041938,1.029800,1.861100,4.235530,0.233495,0.960345,"Citi Velocity, exported by Charlie",france_italy_cmt_euribor_1y5y_citi_2026-10-05.xlsx
2012-09-06,-0.019632,1.060300,1.758550,3.968890,0.247794,1.042990,"Citi Velocity, exported by Charlie",france_italy_cmt_euribor_1y5y_citi_2026-10-05.xlsx
2012-09-07,0.021763,1.020140,1.696440,3.834990,0.247321,1.018000,"Citi Velocity, exported by Charlie",france_italy_cmt_euribor_1y5y_citi_2026-10-05.xlsx
2012-09-10,0.028220,1.056220,1.820460,3.972530,0.238068,1.005160,"Citi Velocity, exported by Charlie",france_italy_cmt_euribor_1y5y_citi_2026-10-05.xlsx
2012-09-11,0.035928,0.981977,1.792020,3.952530,0.236615,1.004010,"Citi Velocity, exported by Charlie",france_italy_cmt_euribor_1y5y_citi_2026-10-05.xlsx
2012-09-12,0.052629,1.005470,1.658720,3.831290,0.256681,1.056740,"Citi Velocity, exported by Charlie",france_italy_cmt_euribor_1y5y_citi_2026-10-05.xlsx
2012-09-13,0.049397,0.980811,1.712570,3.872430,0.246115,1.018020,"Citi Velocity, exported by Charlie",france_italy_cmt_euribor_1y5y_citi_2026-10-05.xlsx
2012-09-14,0.061754,1.063400,1.706290,3.876460,0.259314,1.094490,"Citi Velocity, exported by Charlie",france_italy_cmt_euribor_1y5y_citi_2026-10-05.xlsx
2012-09-17,0.060965,1.072150,1.747420,3.977040,0.249753,1.073310,"Citi Velocity, exported by Charlie",france_italy_cmt_euribor_1y5y_citi_2026-10-05.xlsx
2012-09-18,0.056124,1.054950,1.713570,3.930050,0.240286,1.041820,"Citi Velocity, exported by Charlie",france_italy_cmt_euribor_1y5y_citi_2026-10-05.xlsx
2012-09-19,0.046595,1.057720,1.576920,3.799650,0.221571,1.002290,"Citi Velocity, exported by Charlie",france_italy_cmt_euribor_1y5y_citi_2026-10-05.xlsx
2012-09-20,0.041475,1.065730,1.588460,3.841510,0.197750,0.941680,"Citi Velocity, exported by Charlie",france_italy_cmt_euribor_1y5y_citi_2026-10-05.xlsx
2012-09-21,0.032951,1.053100,1.604530,3.902560,0.186170,0.940511,"Citi Velocity, exported by Charlie",france_italy_cmt_euribor_1y5y_citi_2026-10-05.xlsx
2012-09-24,0.041037,1.039400,1.622110,3.927120,0.194564,0.921514,"Citi Velocity, exported by Charlie",france_italy_cmt_euribor_1y5y_citi_2026-10-05.xlsx
2012-09-25,0.050735,1.060670,1.691020,4.001420,0.220611,0.983338,"Citi Velocity, exported by Charlie",france_italy_cmt_euribor_1y5y_citi_2026-10-05.xlsx
2012-09-26,0.040745,1.018250,1.841510,4.111880,0.226185,0.947114,"Citi Velocity, exported by Charlie",france_italy_cmt_euribor_1y5y_citi_2026-10-05.xlsx
2012-09-27,0.036999,1.013920,1.835540,4.054180,0.212897,0.946074,"Citi Velocity, exported by Charlie",france_italy_cmt_euribor_1y5y_citi_2026-10-05.xlsx
2012-09-28,0.048522,0.981756,1.834270,4.000960,0.206878,0.923975,"Citi Velocity, exported by Charlie",france_italy_cmt_euribor_1y5y_citi_2026-10-05.xlsx
2012-10-01,0.045198,1.003340,1.703380,3.929640,0.229719,0.959343,"Citi Velocity, exported by Charlie",france_italy_cmt_euribor_1y5y_citi_2026-10-05.xlsx
2012-10-02,0.043348,1.004520,1.682930,3.866490,0.221442,0.953747,"Citi Velocity, exported by Charlie",france_italy_cmt_euribor_1y5y_citi_2026-10-05.xlsx
2012-10-03,0.037937,1.014490,1.726040,3.872590,0.208684,0.934487,"Citi Velocity, exported by Charlie",france_italy_cmt_euribor_1y5y_citi_2026-10-05.xlsx
2012-10-04,0.040263,1.015140,1.786910,3.896030,0.215019,0.938871,"Citi Velocity, exported by Charlie",france_italy_cmt_euribor_1y5y_citi_2026-10-05.xlsx
2012-10-05,0.037853,1.012180,1.738340,3.800460,0.221008,0.966668,"Citi Velocity, exported by Charlie",france_italy_cmt_euribor_1y5y_citi_2026-10-05.xlsx
2012-10-08,0.032734,1.005120,1.802660,3.827340,0.208193,0.925984,"Citi Velocity, exported by Charlie",france_italy_cmt_euribor_1y5y_citi_2026-10-05.xlsx
2012-10-09,0.027629,0.964311,1.883150,3.901580,0.207262,0.925127,"Citi Velocity, exported by Charlie",france_italy_cmt_euribor_1y5y_citi_2026-10-05.xlsx
2012-10-10,0.013879,0.948671,1.877070,3.939470,0.208453,0.926824,"Citi Velocity, exported by Charlie",france_italy_cmt_euribor_1y5y_citi_2026-10-05.xlsx
2012-10-11,0.014009,0.952586,1.805890,3.872030,0.211353,0.935317,"Citi Velocity, exported by Charlie",france_italy_cmt_euribor_1y5y_citi_2026-10-05.xlsx
2012-10-12,0.024200,0.924738,1.672550,3.819380,0.218383,0.922818,"Citi Velocity, exported by Charlie",france_italy_cmt_euribor_1y5y_citi_2026-10-05.xlsx
2012-10-15,0.024828,0.918362,1.647930,3.827870,0.225545,0.936213,"Citi Velocity, exported by Charlie",france_italy_cmt_euribor_1y5y_citi_2026-10-05.xlsx
2012-10-16,0.031375,0.966695,1.620200,3.782370,0.234117,0.988151,"Citi Velocity, exported by Charlie",france_italy_cmt_euribor_1y5y_citi_2026-10-05.xlsx
2012-10-17,0.044928,1.008760,1.542390,3.628820,0.239546,1.034550,"Citi Velocity, exported by Charlie",france_italy_cmt_euribor_1y5y_citi_2026-10-05.xlsx
2012-10-18,0.051916,1.011880,1.601490,3.652100,0.234743,1.031600,"Citi Velocity, exported by Charlie",france_italy_cmt_euribor_1y5y_citi_2026-10-05.xlsx
2012-10-19,0.054190,0.995316,1.610940,3.662210,0.236055,1.022920,"Citi Velocity, exported by Charlie",france_italy_cmt_euribor_1y5y_citi_2026-10-05.xlsx
2012-10-22,0.062554,1.007460,1.601480,3.651360,0.247650,1.047960,"Citi Velocity, exported by Charlie",france_italy_cmt_euribor_1y5y_citi_2026-10-05.xlsx
2012-10-23,0.058749,1.012470,1.690670,3.756340,0.240369,1.027750,"Citi Velocity, exported by Charlie",france_italy_cmt_euribor_1y5y_citi_2026-10-05.xlsx
2012-10-24,0.049332,1.010140,1.715740,3.754650,0.231226,1.002380,"Citi Velocity, exported by Charlie",france_italy_cmt_euribor_1y5y_citi_2026-10-05.xlsx
2012-10-25,0.048294,1.012230,1.757460,3.795260,0.231487,1.011000,"Citi Velocity, exported by Charlie",france_italy_cmt_euribor_1y5y_citi_2026-10-05.xlsx
2012-10-26,0.040928,1.009550,1.751210,3.818590,0.220478,0.990528,"Citi Velocity, exported by Charlie",france_italy_cmt_euribor_1y5y_citi_2026-10-05.xlsx
2012-10-29,0.039997,1.007360,1.837160,3.918060,0.212622,0.956388,"Citi Velocity, exported by Charlie",france_italy_cmt_euribor_1y5y_citi_2026-10-05.xlsx
2012-10-30,0.040168,1.002970,1.817860,3.860640,0.219296,0.959233,"Citi Velocity, exported by Charlie",france_italy_cmt_euribor_1y5y_citi_2026-10-05.xlsx
2012-10-31,0.043112,1.018620,1.759260,3.796320,0.222646,0.961108,"Citi Velocity, exported by Charlie",france_italy_cmt_euribor_1y5y_citi_2026-10-05.xlsx
2012-11-01,0.031844,1.003520,1.712550,3.750830,0.221001,0.955212,"Citi Velocity, exported by Charlie",france_italy_cmt_euribor_1y5y_citi_2026-10-05.xlsx
2012-11-02,0.022247,0.994655,1.708070,3.776700,0.209403,0.937598,"Citi Velocity, exported by Charlie",france_italy_cmt_euribor_1y5y_citi_2026-10-05.xlsx
2012-11-05,0.018035,0.986333,1.744320,3.817270,0.198390,0.922524,"Citi Velocity, exported by Charlie",france_italy_cmt_euribor_1y5y_citi_2026-10-05.xlsx
2012-11-06,0.017178,0.968268,1.675110,3.708230,0.196879,0.921926,"Citi Velocity, exported by Charlie",france_italy_cmt_euribor_1y5y_citi_2026-10-05.xlsx
2012-11-07,-0.001385,0.945382,1.668790,3.733740,0.179849,0.872546,"Citi Velocity, exported by Charlie",france_italy_cmt_euribor_1y5y_citi_2026-10-05.xlsx
2012-11-08,0.000062,0.920800,1.693900,3.810510,0.182640,0.875594,"Citi Velocity, exported by Charlie",france_italy_cmt_euribor_1y5y_citi_2026-10-05.xlsx
2012-11-09,-0.001390,0.892042,1.704530,3.780520,0.175670,0.849091,"Citi Velocity, exported by Charlie",france_italy_cmt_euribor_1y5y_citi_2026-10-05.xlsx
2012-11-12,-0.002212,0.879193,1.726720,3.823620,0.174334,0.849762,"Citi Velocity, exported by Charlie",france_italy_cmt_euribor_1y5y_citi_2026-10-05.xlsx
2012-11-13,-0.003022,0.863467,1.677950,3.771230,0.172392,0.845014,"Citi Velocity, exported by Charlie",france_italy_cmt_euribor_1y5y_citi_2026-10-05.xlsx
2012-11-14,0.005658,0.884245,1.674570,3.761260,0.171914,0.843317,"Citi Velocity, exported by Charlie",france_italy_cmt_euribor_1y5y_citi_2026-10-05.xlsx
2012-11-15,0.015705,0.866781,1.646760,3.709570,0.173629,0.843754,"Citi Velocity, exported by Charlie",france_italy_cmt_euribor_1y5y_citi_2026-10-05.xlsx
2012-11-16,0.011899,0.852881,1.605770,3.690070,0.179582,0.845690,"Citi Velocity, exported by Charlie",france_italy_cmt_euribor_1y5y_citi_2026-10-05.xlsx
2012-11-19,0.016092,0.857235,1.606780,3.722530,0.177970,0.860615,"Citi Velocity, exported by Charlie",france_italy_cmt_euribor_1y5y_citi_2026-10-05.xlsx
2012-11-20,0.028126,0.931536,1.578470,3.700040,0.185684,0.897058,"Citi Velocity, exported by Charlie",france_italy_cmt_euribor_1y5y_citi_2026-10-05.xlsx
2012-11-21,0.028466,0.960891,1.517960,3.667900,0.189853,0.913474,"Citi Velocity, exported by Charlie",france_italy_cmt_euribor_1y5y_citi_2026-10-05.xlsx
2012-11-22,0.023671,0.957274,1.434670,3.604390,0.192059,0.912553,"Citi Velocity, exported by Charlie",france_italy_cmt_euribor_1y5y_citi_2026-10-05.xlsx
2012-11-23,0.021133,0.931327,1.405480,3.562340,0.195430,0.913024,"Citi Velocity, exported by Charlie",france_italy_cmt_euribor_1y5y_citi_2026-10-05.xlsx
2012-11-26,0.018934,0.907346,1.412500,3.553590,0.195705,0.897076,"Citi Velocity, exported by Charlie",france_italy_cmt_euribor_1y5y_citi_2026-10-05.xlsx
2012-11-27,0.022134,0.898163,1.373710,3.506560,0.196710,0.906783,"Citi Velocity, exported by Charlie",france_italy_cmt_euribor_1y5y_citi_2026-10-05.xlsx
2012-11-28,0.014726,0.849422,1.289140,3.377360,0.181685,0.854148,"Citi Velocity, exported by Charlie",france_italy_cmt_euribor_1y5y_citi_2026-10-05.xlsx
2012-11-29,0.016399,0.844893,1.356280,3.411560,0.193296,0.873988,"Citi Velocity, exported by Charlie",france_italy_cmt_euribor_1y5y_citi_2026-10-05.xlsx
2012-11-30,0.030015,0.832440,1.396520,3.381670,0.198989,0.865351,"Citi Velocity, exported by Charlie",france_italy_cmt_euribor_1y5y_citi_2026-10-05.xlsx
2012-12-03,0.019078,0.848661,1.412310,3.354150,0.201459,0.885347,"Citi Velocity, exported by Charlie",france_italy_cmt_euribor_1y5y_citi_2026-10-05.xlsx
2012-12-04,0.020760,0.837564,1.421910,3.295020,0.188446,0.863301,"Citi Velocity, exported by Charlie",france_italy_cmt_euribor_1y5y_citi_2026-10-05.xlsx
2012-12-05,0.017519,0.810448,1.439460,3.330400,0.176136,0.828197,"Citi Velocity, exported by Charlie",france_italy_cmt_euribor_1y5y_citi_2026-10-05.xlsx
2012-12-06,-0.000512,0.797842,1.506870,3.440740,0.151722,0.773535,"Citi Velocity, exported by Charlie",france_italy_cmt_euribor_1y5y_citi_2026-10-05.xlsx
2012-12-07,-0.028862,0.735487,1.526110,3.411300,0.131197,0.750170,"Citi Velocity, exported by Charlie",france_italy_cmt_euribor_1y5y_citi_2026-10-05.xlsx
2012-12-10,-0.022752,0.727982,1.809730,3.723320,0.135545,0.759153,"Citi Velocity, exported by Charlie",france_italy_cmt_euribor_1y5y_citi_2026-10-05.xlsx
2012-12-11,-0.017833,0.726652,1.730730,3.612910,0.142499,0.762471,"Citi Velocity, exported by Charlie",france_italy_cmt_euribor_1y5y_citi_2026-10-05.xlsx
2012-12-12,-0.018834,0.727022,1.534210,3.510240,0.152780,0.787679,"Citi Velocity, exported by Charlie",france_italy_cmt_euribor_1y5y_citi_2026-10-05.xlsx
2012-12-13,-0.008769,0.717064,1.498980,3.482550,0.156061,0.789306,"Citi Velocity, exported by Charlie",france_italy_cmt_euribor_1y5y_citi_2026-10-05.xlsx
2012-12-14,-0.008871,0.720415,1.466760,3.446980,0.159418,0.798876,"Citi Velocity, exported by Charlie",france_italy_cmt_euribor_1y5y_citi_2026-10-05.xlsx
2012-12-17,0.001975,0.747905,1.435270,3.399610,0.169852,0.806555,"Citi Velocity, exported by Charlie",france_italy_cmt_euribor_1y5y_citi_2026-10-05.xlsx
2012-12-18,0.008359,0.782503,1.366650,3.259330,0.170760,0.826166,"Citi Velocity, exported by Charlie",france_italy_cmt_euribor_1y5y_citi_2026-10-05.xlsx
2012-12-19,0.010484,0.780153,1.315000,3.175330,0.176861,0.832108,"Citi Velocity, exported by Charlie",france_italy_cmt_euribor_1y5y_citi_2026-10-05.xlsx
2012-12-20,0.001692,0.760217,1.293400,3.155100,0.178642,0.825509,"Citi Velocity, exported by Charlie",france_italy_cmt_euribor_1y5y_citi_2026-10-05.xlsx
2012-12-21,0.002395,0.754017,1.344200,3.218280,0.178463,0.800852,"Citi Velocity, exported by Charlie",france_italy_cmt_euribor_1y5y_citi_2026-10-05.xlsx
2012-12-24,-0.001674,0.746173,1.328330,3.214030,0.180555,0.800708,"Citi Velocity, exported by Charlie",france_italy_cmt_euribor_1y5y_citi_2026-10-05.xlsx
2012-12-27,-0.004216,0.758822,1.442510,3.291770,0.195785,0.782465,"Citi Velocity, exported by Charlie",france_italy_cmt_euribor_1y5y_citi_2026-10-05.xlsx
2012-12-28,-0.011858,0.772605,1.494470,3.336710,0.183404,0.759207,"Citi Velocity, exported by Charlie",france_italy_cmt_euribor_1y5y_citi_2026-10-05.xlsx
2012-12-31,,,,,0.183763,0.759231,"Citi Velocity, exported by Charlie",france_italy_cmt_euribor_1y5y_citi_2026-10-05.xlsx
2013-01-02,0.025785,0.817687,1.272540,3.127060,0.193763,0.837569,"Citi Velocity, exported by Charlie",france_italy_cmt_euribor_1y5y_citi_2026-10-05.xlsx
2013-01-03,0.039888,0.881151,1.187380,3.073730,0.201523,0.871248,"Citi Velocity, exported by Charlie",france_italy_cmt_euribor_1y5y_citi_2026-10-05.xlsx
2013-01-04,0.064231,0.932685,1.145230,3.098350,0.229436,0.920895,"Citi Velocity, exported by Charlie",france_italy_cmt_euribor_1y5y_citi_2026-10-05.xlsx
2013-01-07,0.053600,0.916398,1.189880,3.193880,0.221650,0.897823,"Citi Velocity, exported by Charlie",france_italy_cmt_euribor_1y5y_citi_2026-10-05.xlsx
2013-01-08,0.035756,0.908253,1.148140,3.121330,0.209602,0.866023,"Citi Velocity, exported by Charlie",france_italy_cmt_euribor_1y5y_citi_2026-10-05.xlsx
2013-01-09,0.030410,0.897177,1.073650,3.063640,0.204285,0.853795,"Citi Velocity, exported by Charlie",france_italy_cmt_euribor_1y5y_citi_2026-10-05.xlsx
2013-01-10,0.058127,0.933391,0.908782,2.919640,0.238405,0.924869,"Citi Velocity, exported by Charlie",france_italy_cmt_euribor_1y5y_citi_2026-10-05.xlsx
2013-01-11,0.069931,0.960162,0.918733,2.834520,0.273051,0.982436,"Citi Velocity, exported by Charlie",france_italy_cmt_euribor_1y5y_citi_2026-10-05.xlsx
2013-01-14,0.078384,0.956795,0.995636,2.911070,0.285034,0.971510,"Citi Velocity, exported by Charlie",france_italy_cmt_euribor_1y5y_citi_2026-10-05.xlsx
2013-01-15,0.078954,0.955408,0.987269,2.943650,0.280758,0.959970,"Citi Velocity, exported by Charlie",france_italy_cmt_euribor_1y5y_citi_2026-10-05.xlsx
2013-01-16,0.080205,0.954444,0.965620,2.926970,0.269969,0.948227,"Citi Velocity, exported by Charlie",france_italy_cmt_euribor_1y5y_citi_2026-10-05.xlsx
2013-01-17,0.121217,1.020080,0.965782,2.942930,0.329056,1.027620,"Citi Velocity, exported by Charlie",france_italy_cmt_euribor_1y5y_citi_2026-10-05.xlsx
2013-01-18,0.111143,0.992347,0.973198,2.924130,0.321211,1.014660,"Citi Velocity, exported by Charlie",france_italy_cmt_euribor_1y5y_citi_2026-10-05.xlsx
2013-01-21,0.115096,1.014320,1.002590,2.992010,0.319468,1.034340,"Citi Velocity, exported by Charlie",france_italy_cmt_euribor_1y5y_citi_2026-10-05.xlsx
2013-01-22,0.108592,0.983957,1.015690,2.996130,0.304512,1.022040,"Citi Velocity, exported by Charlie",france_italy_cmt_euribor_1y5y_citi_2026-10-05.xlsx
2013-01-23,0.107893,0.960408,1.020660,3.008680,0.302554,0.980940,"Citi Velocity, exported by Charlie",france_italy_cmt_euribor_1y5y_citi_2026-10-05.xlsx
2013-01-24,0.120127,0.995919,1.029670,2.987790,0.320954,1.018280,"Citi Velocity, exported by Charlie",france_italy_cmt_euribor_1y5y_citi_2026-10-05.xlsx
2013-01-25,0.173273,1.122200,1.043380,2.977020,0.391426,1.129240,"Citi Velocity, exported by Charlie",france_italy_cmt_euribor_1y5y_citi_2026-10-05.xlsx
2013-01-28,0.206783,1.176760,1.096690,3.055220,0.401850,1.210650,"Citi Velocity, exported by Charlie",france_italy_cmt_euribor_1y5y_citi_2026-10-05.xlsx
2013-01-29,0.204521,1.154470,1.074270,3.035940,0.376929,1.178780,"Citi Velocity, exported by Charlie",france_italy_cmt_euribor_1y5y_citi_2026-10-05.xlsx
2013-01-30,0.225548,1.184950,1.123970,3.155670,0.393186,1.221380,"Citi Velocity, exported by Charlie",france_italy_cmt_euribor_1y5y_citi_2026-10-05.xlsx
2013-01-31,0.209319,1.125720,1.146950,3.153380,0.386981,1.179320,"Citi Velocity, exported by Charlie",france_italy_cmt_euribor_1y5y_citi_2026-10-05.xlsx
2013-02-01,0.199978,1.100030,1.111490,3.190490,0.376134,1.159970,"Citi Velocity, exported by Charlie",france_italy_cmt_euribor_1y5y_citi_2026-10-05.xlsx
2013-02-04,0.176856,1.085050,1.175050,3.336790,0.347625,1.118560,"Citi Velocity, exported by Charlie",france_italy_cmt_euribor_1y5y_citi_2026-10-05.xlsx
2013-02-05,0.194839,1.116090,1.128560,3.290810,0.359456,1.150070,"Citi Velocity, exported by Charlie",france_italy_cmt_euribor_1y5y_citi_2026-10-05.xlsx
2013-02-06,0.186047,1.117140,1.161880,3.358230,0.352130,1.138650,"Citi Velocity, exported by Charlie",france_italy_cmt_euribor_1y5y_citi_2026-10-05.xlsx
2013-02-07,0.158331,1.057050,1.158290,3.346740,0.323877,1.084300,"Citi Velocity, exported by Charlie",france_italy_cmt_euribor_1y5y_citi_2026-10-05.xlsx
2013-02-08,0.150181,1.044300,1.147640,3.367330,0.318022,1.076600,"Citi Velocity, exported by Charlie",france_italy_cmt_euribor_1y5y_citi_2026-10-05.xlsx
2013-02-11,0.157506,1.066170,1.178970,3.432660,0.321948,1.084960,"Citi Velocity, exported by Charlie",france_italy_cmt_euribor_1y5y_citi_2026-10-05.xlsx
2013-02-12,0.163324,1.086500,1.144230,3.345040,0.322642,1.107100,"Citi Velocity, exported by Charlie",france_italy_cmt_euribor_1y5y_citi_2026-10-05.xlsx
2013-02-13,0.169074,1.112230,1.132980,3.254390,0.324326,1.142530,"Citi Velocity, exported by Charlie",france_italy_cmt_euribor_1y5y_citi_2026-10-05.xlsx
2013-02-14,0.147966,1.075790,1.118880,3.250600,0.297797,1.087360,"Citi Velocity, exported by Charlie",france_italy_cmt_euribor_1y5y_citi_2026-10-05.xlsx
2013-02-15,0.143272,1.099540,1.121580,3.247230,0.299503,1.105110,"Citi Velocity, exported by Charlie",france_italy_cmt_euribor_1y5y_citi_2026-10-05.xlsx
2013-02-18,0.136134,1.085240,1.137520,3.270730,0.295587,1.081340,"Citi Velocity, exported by Charlie",france_italy_cmt_euribor_1y5y_citi_2026-10-05.xlsx
2013-02-19,0.138819,1.077090,1.138790,3.267990,0.299544,1.076000,"Citi Velocity, exported by Charlie",france_italy_cmt_euribor_1y5y_citi_2026-10-05.xlsx
2013-02-20,0.156302,1.096460,1.161610,3.288010,0.311075,1.112190,"Citi Velocity, exported by Charlie",france_italy_cmt_euribor_1y5y_citi_2026-10-05.xlsx
2013-02-21,0.142296,1.056930,1.249310,3.343070,0.298168,1.062440,"Citi Velocity, exported by Charlie",france_italy_cmt_euribor_1y5y_citi_2026-10-05.xlsx
2013-02-22,0.115898,1.038680,1.245640,3.291720,0.258622,1.015980,"Citi Velocity, exported by Charlie",france_italy_cmt_euribor_1y5y_citi_2026-10-05.xlsx
2013-02-25,0.120836,1.033440,1.239770,3.215750,0.258420,1.019700,"Citi Velocity, exported by Charlie",france_italy_cmt_euribor_1y5y_citi_2026-10-05.xlsx
2013-02-26,0.101489,0.976473,1.690000,3.714630,0.250295,0.956969,"Citi Velocity, exported by Charlie",france_italy_cmt_euribor_1y5y_citi_2026-10-05.xlsx
2013-02-27,0.095025,0.971560,1.551370,3.684950,0.241635,0.949262,"Citi Velocity, exported by Charlie",france_italy_cmt_euribor_1y5y_citi_2026-10-05.xlsx
2013-02-28,0.080204,0.960483,1.428200,3.576860,0.217479,0.932469,"Citi Velocity, exported by Charlie",france_italy_cmt_euribor_1y5y_citi_2026-10-05.xlsx
2013-03-01,0.072091,0.912892,1.417130,3.603130,0.214580,0.887436,"Citi Velocity, exported by Charlie",france_italy_cmt_euribor_1y5y_citi_2026-10-05.xlsx
2013-03-04,0.074158,0.897149,1.421800,3.694740,0.214497,0.898948,"Citi Velocity, exported by Charlie",france_italy_cmt_euribor_1y5y_citi_2026-10-05.xlsx
2013-03-05,0.095456,0.929792,1.368960,3.571460,0.225087,0.921620,"Citi Velocity, exported by Charlie",france_italy_cmt_euribor_1y5y_citi_2026-10-05.xlsx
2013-03-06,0.084705,0.923024,1.273940,3.500930,0.211215,0.902742,"Citi Velocity, exported by Charlie",france_italy_cmt_euribor_1y5y_citi_2026-10-05.xlsx
2013-03-07,0.104768,0.937668,1.270650,3.456880,0.242409,0.947950,"Citi Velocity, exported by Charlie",france_italy_cmt_euribor_1y5y_citi_2026-10-05.xlsx
2013-03-08,0.109727,0.942290,1.284250,3.450050,0.239224,0.968795,"Citi Velocity, exported by Charlie",france_italy_cmt_euribor_1y5y_citi_2026-10-05.xlsx
2013-03-11,0.107389,0.931257,1.337730,3.465140,0.232248,0.953049,"Citi Velocity, exported by Charlie",france_italy_cmt_euribor_1y5y_citi_2026-10-05.xlsx
2013-03-12,0.110283,0.921427,1.307710,3.425570,0.229989,0.931242,"Citi Velocity, exported by Charlie",france_italy_cmt_euribor_1y5y_citi_2026-10-05.xlsx
2013-03-13,0.105837,0.909370,1.370360,3.524400,0.232258,0.924381,"Citi Velocity, exported by Charlie",france_italy_cmt_euribor_1y5y_citi_2026-10-05.xlsx
2013-03-14,0.100971,0.901611,1.317300,3.487000,0.236561,0.930254,"Citi Velocity, exported by Charlie",france_italy_cmt_euribor_1y5y_citi_2026-10-05.xlsx
2013-03-15,0.093595,0.881252,1.277900,3.452300,0.227258,0.913086,"Citi Velocity, exported by Charlie",france_italy_cmt_euribor_1y5y_citi_2026-10-05.xlsx
2013-03-18,0.082562,0.846090,1.293450,3.471150,0.236603,0.883226,"Citi Velocity, exported by Charlie",france_italy_cmt_euribor_1y5y_citi_2026-10-05.xlsx
2013-03-19,0.085571,0.836970,1.357330,3.559720,0.291522,0.884692,"Citi Velocity, exported by Charlie",france_italy_cmt_euribor_1y5y_citi_2026-10-05.xlsx
2013-03-20,0.084521,0.870906,1.312940,3.506210,0.295309,0.924867,"Citi Velocity, exported by Charlie",france_italy_cmt_euribor_1y5y_citi_2026-10-05.xlsx
2013-03-21,0.080039,0.857982,1.293910,3.461860,0.288879,0.910244,"Citi Velocity, exported by Charlie",france_italy_cmt_euribor_1y5y_citi_2026-10-05.xlsx
2013-03-22,0.084620,0.871804,1.272810,3.414880,0.303002,0.926227,"Citi Velocity, exported by Charlie",france_italy_cmt_euribor_1y5y_citi_2026-10-05.xlsx
2013-03-25,0.075115,0.866596,1.303130,3.460190,0.282655,0.894988,"Citi Velocity, exported by Charlie",france_italy_cmt_euribor_1y5y_citi_2026-10-05.xlsx
2013-03-26,0.064822,0.889824,1.305830,3.484850,0.271430,0.898612,"Citi Velocity, exported by Charlie",france_italy_cmt_euribor_1y5y_citi_2026-10-05.xlsx
2013-03-27,0.064832,0.850381,1.402330,3.691800,0.285066,0.894224,"Citi Velocity, exported by Charlie",france_italy_cmt_euribor_1y5y_citi_2026-10-05.xlsx
2013-03-28,0.056693,0.856289,1.381090,3.653740,0.280729,0.913329,"Citi Velocity, exported by Charlie",france_italy_cmt_euribor_1y5y_citi_2026-10-05.xlsx
2013-04-02,0.064103,0.870846,1.277050,3.545270,0.249282,0.889675,"Citi Velocity, exported by Charlie",france_italy_cmt_euribor_1y5y_citi_2026-10-05.xlsx
2013-04-03,0.065983,0.844670,1.185260,3.486740,0.247978,0.874469,"Citi Velocity, exported by Charlie",france_italy_cmt_euribor_1y5y_citi_2026-10-05.xlsx
2013-04-04,0.057910,0.762172,1.127550,3.445920,0.226385,0.829742,"Citi Velocity, exported by Charlie",france_italy_cmt_euribor_1y5y_citi_2026-10-05.xlsx
2013-04-05,0.068163,0.685009,1.079520,3.308120,0.234599,0.823710,"Citi Velocity, exported by Charlie",france_italy_cmt_euribor_1y5y_citi_2026-10-05.xlsx
2013-04-08,0.058921,0.687484,1.047470,3.262190,0.242072,0.842493,"Citi Velocity, exported by Charlie",france_italy_cmt_euribor_1y5y_citi_2026-10-05.xlsx
2013-04-09,0.064770,0.742891,1.075440,3.304460,0.252896,0.864120,"Citi Velocity, exported by Charlie",france_italy_cmt_euribor_1y5y_citi_2026-10-05.xlsx
2013-04-10,0.058421,0.804250,1.021120,3.248140,0.251736,0.876720,"Citi Velocity, exported by Charlie",france_italy_cmt_euribor_1y5y_citi_2026-10-05.xlsx
2013-04-11,0.055541,0.794790,1.030440,3.271600,0.249654,0.871202,"Citi Velocity, exported by Charlie",france_italy_cmt_euribor_1y5y_citi_2026-10-05.xlsx
2013-04-12,0.053478,0.759572,1.042770,3.259930,0.239489,0.835192,"Citi Velocity, exported by Charlie",france_italy_cmt_euribor_1y5y_citi_2026-10-05.xlsx
2013-04-15,0.054095,0.744712,1.052110,3.248820,0.227789,0.815391,"Citi Velocity, exported by Charlie",france_italy_cmt_euribor_1y5y_citi_2026-10-05.xlsx
2013-04-16,0.056223,0.753958,1.029120,3.224390,0.230439,0.827203,"Citi Velocity, exported by Charlie",france_italy_cmt_euribor_1y5y_citi_2026-10-05.xlsx
2013-04-17,0.049900,0.718098,0.968577,3.149550,0.217512,0.799370,"Citi Velocity, exported by Charlie",france_italy_cmt_euribor_1y5y_citi_2026-10-05.xlsx
2013-04-18,0.053465,0.731135,0.939189,3.120170,0.214998,0.786987,"Citi Velocity, exported by Charlie",france_italy_cmt_euribor_1y5y_citi_2026-10-05.xlsx
2013-04-19,0.057691,0.739804,0.934876,3.085340,0.222528,0.804194,"Citi Velocity, exported by Charlie",france_italy_cmt_euribor_1y5y_citi_2026-10-05.xlsx
2013-04-22,0.052825,0.697037,0.861589,2.978540,0.210780,0.772591,"Citi Velocity, exported by Charlie",france_italy_cmt_euribor_1y5y_citi_2026-10-05.xlsx
2013-04-23,0.047269,0.684082,0.794942,2.891440,0.208462,0.763484,"Citi Velocity, exported by Charlie",france_italy_cmt_euribor_1y5y_citi_2026-10-05.xlsx
2013-04-24,0.044278,0.685361,0.843145,2.943670,0.203607,0.767865,"Citi Velocity, exported by Charlie",france_italy_cmt_euribor_1y5y_citi_2026-10-05.xlsx
2013-04-25,0.043520,0.707370,0.912264,3.023450,0.205384,0.767391,"Citi Velocity, exported by Charlie",france_italy_cmt_euribor_1y5y_citi_2026-10-05.xlsx
2013-04-26,0.040238,0.704319,0.894736,2.995930,0.203549,0.751721,"Citi Velocity, exported by Charlie",france_italy_cmt_euribor_1y5y_citi_2026-10-05.xlsx
2013-04-29,0.034977,0.697014,0.808052,2.852960,0.197996,0.736263,"Citi Velocity, exported by Charlie",france_italy_cmt_euribor_1y5y_citi_2026-10-05.xlsx
2013-04-30,0.033137,0.682107,0.769559,2.820980,0.204386,0.742802,"Citi Velocity, exported by Charlie",france_italy_cmt_euribor_1y5y_citi_2026-10-05.xlsx
2013-05-01,,,,,0.204386,0.742802,"Citi Velocity, exported by Charlie",france_italy_cmt_euribor_1y5y_citi_2026-10-05.xlsx
2013-05-02,0.011147,0.643833,0.728744,2.718410,0.177215,0.700142,"Citi Velocity, exported by Charlie",france_italy_cmt_euribor_1y5y_citi_2026-10-05.xlsx
2013-05-03,0.010451,0.668957,0.723173,2.730270,0.194904,0.762680,"Citi Velocity, exported by Charlie",france_italy_cmt_euribor_1y5y_citi_2026-10-05.xlsx
2013-05-06,,,,,0.195328,0.762703,"Citi Velocity, exported by Charlie",france_italy_cmt_euribor_1y5y_citi_2026-10-05.xlsx
2013-05-07,0.022361,0.706610,0.728460,2.754410,0.207483,0.815505,"Citi Velocity, exported by Charlie",france_italy_cmt_euribor_1y5y_citi_2026-10-05.xlsx
2013-05-08,0.021267,0.688476,0.728172,2.749320,0.204111,0.791743,"Citi Velocity, exported by Charlie",france_italy_cmt_euribor_1y5y_citi_2026-10-05.xlsx
2013-05-09,0.016627,0.710620,0.750660,2.799430,0.196072,0.783105,"Citi Velocity, exported by Charlie",france_italy_cmt_euribor_1y5y_citi_2026-10-05.xlsx
2013-05-10,0.028071,0.793214,0.761006,2.824950,0.220117,0.845156,"Citi Velocity, exported by Charlie",france_italy_cmt_euribor_1y5y_citi_2026-10-05.xlsx
2013-05-13,0.019600,0.768347,0.818524,2.906590,0.211468,0.815118,"Citi Velocity, exported by Charlie",france_italy_cmt_euribor_1y5y_citi_2026-10-05.xlsx
2013-05-14,0.031530,0.758689,0.854604,2.936170,0.217622,0.818447,"Citi Velocity, exported by Charlie",france_italy_cmt_euribor_1y5y_citi_2026-10-05.xlsx
2013-05-15,0.030495,0.769317,0.861510,2.965290,0.204362,0.820069,"Citi Velocity, exported by Charlie",france_italy_cmt_euribor_1y5y_citi_2026-10-05.xlsx
2013-05-16,0.023330,0.721683,0.801743,2.876690,0.188557,0.778927,"Citi Velocity, exported by Charlie",france_italy_cmt_euribor_1y5y_citi_2026-10-05.xlsx
2013-05-17,0.018495,0.698810,0.747379,2.777080,0.181467,0.760691,"Citi Velocity, exported by Charlie",france_italy_cmt_euribor_1y5y_citi_2026-10-05.xlsx
2013-05-20,0.034433,0.717848,0.719165,2.779310,0.197984,0.797693,"Citi Velocity, exported by Charlie",france_italy_cmt_euribor_1y5y_citi_2026-10-05.xlsx
2013-05-21,0.037262,0.761565,0.771149,2.836460,0.201526,0.846524,"Citi Velocity, exported by Charlie",france_italy_cmt_euribor_1y5y_citi_2026-10-05.xlsx
2013-05-22,0.032435,0.745755,0.768333,2.826660,0.197651,0.820957,"Citi Velocity, exported by Charlie",france_italy_cmt_euribor_1y5y_citi_2026-10-05.xlsx
2013-05-23,0.042318,0.774010,0.869111,2.943990,0.208425,0.869891,"Citi Velocity, exported by Charlie",france_italy_cmt_euribor_1y5y_citi_2026-10-05.xlsx
2013-05-24,0.033304,0.796420,0.932559,3.078900,0.212665,0.882629,"Citi Velocity, exported by Charlie",france_italy_cmt_euribor_1y5y_citi_2026-10-05.xlsx
2013-05-27,,,,,0.213019,0.882726,"Citi Velocity, exported by Charlie",france_italy_cmt_euribor_1y5y_citi_2026-10-05.xlsx
2013-05-28,0.044402,0.836893,0.852879,2.960000,0.216146,0.908969,"Citi Velocity, exported by Charlie",france_italy_cmt_euribor_1y5y_citi_2026-10-05.xlsx
2013-05-29,0.063147,0.895816,0.921197,3.075240,0.239999,0.968464,"Citi Velocity, exported by Charlie",france_italy_cmt_euribor_1y5y_citi_2026-10-05.xlsx
2013-05-30,0.067597,0.925243,0.848984,3.014280,0.240476,0.969475,"Citi Velocity, exported by Charlie",france_italy_cmt_euribor_1y5y_citi_2026-10-05.xlsx
2013-05-31,0.069533,0.904167,0.875037,3.066450,0.226052,0.937754,"Citi Velocity, exported by Charlie",france_italy_cmt_euribor_1y5y_citi_2026-10-05.xlsx
2013-06-03,0.083197,0.928778,0.880833,3.066750,0.241724,0.967747,"Citi Velocity, exported by Charlie",france_italy_cmt_euribor_1y5y_citi_2026-10-05.xlsx
2013-06-04,0.085962,0.942799,0.841776,3.018950,0.239195,0.984862,"Citi Velocity, exported by Charlie",france_italy_cmt_euribor_1y5y_citi_2026-10-05.xlsx
2013-06-05,0.083332,0.927811,0.842503,3.037740,0.232375,0.973565,"Citi Velocity, exported by Charlie",france_italy_cmt_euribor_1y5y_citi_2026-10-05.xlsx
2013-06-06,0.113196,0.997709,0.995609,3.235320,0.269506,1.033290,"Citi Velocity, exported by Charlie",france_italy_cmt_euribor_1y5y_citi_2026-10-05.xlsx
2013-06-07,0.130281,1.024760,0.946547,3.141180,0.288250,1.058660,"Citi Velocity, exported by Charlie",france_italy_cmt_euribor_1y5y_citi_2026-10-05.xlsx
2013-06-10,0.144983,1.061240,0.973486,3.209600,0.296267,1.097780,"Citi Velocity, exported by Charlie",france_italy_cmt_euribor_1y5y_citi_2026-10-05.xlsx
2013-06-11,0.158241,1.118390,1.043210,3.289590,0.297887,1.145840,"Citi Velocity, exported by Charlie",france_italy_cmt_euribor_1y5y_citi_2026-10-05.xlsx
2013-06-12,0.150016,1.108590,1.062710,3.310450,0.287401,1.115830,"Citi Velocity, exported by Charlie",france_italy_cmt_euribor_1y5y_citi_2026-10-05.xlsx
2013-06-13,0.139032,1.064400,1.112810,3.339350,0.279957,1.081810,"Citi Velocity, exported by Charlie",france_italy_cmt_euribor_1y5y_citi_2026-10-05.xlsx
2013-06-14,0.124316,0.994187,1.073280,3.265700,0.258945,1.023360,"Citi Velocity, exported by Charlie",france_italy_cmt_euribor_1y5y_citi_2026-10-05.xlsx
2013-06-17,0.130193,0.986608,1.095920,3.258860,0.259735,1.025210,"Citi Velocity, exported by Charlie",france_italy_cmt_euribor_1y5y_citi_2026-10-05.xlsx
2013-06-18,0.145000,1.034680,1.173050,3.279820,0.279976,1.076030,"Citi Velocity, exported by Charlie",france_italy_cmt_euribor_1y5y_citi_2026-10-05.xlsx
2013-06-19,0.138145,1.022100,1.148560,3.212970,0.279601,1.066610,"Citi Velocity, exported by Charlie",france_italy_cmt_euribor_1y5y_citi_2026-10-05.xlsx
2013-06-20,0.174681,1.201110,1.323700,3.537370,0.325499,1.239210,"Citi Velocity, exported by Charlie",france_italy_cmt_euribor_1y5y_citi_2026-10-05.xlsx
2013-06-21,0.186073,1.255210,1.366680,3.575670,0.360197,1.293250,"Citi Velocity, exported by Charlie",france_italy_cmt_euribor_1y5y_citi_2026-10-05.xlsx
2013-06-24,0.229373,1.399810,1.635790,3.786190,0.419367,1.403420,"Citi Velocity, exported by Charlie",france_italy_cmt_euribor_1y5y_citi_2026-10-05.xlsx
2013-06-25,0.201508,1.367370,1.697490,3.886430,0.369482,1.331570,"Citi Velocity, exported by Charlie",france_italy_cmt_euribor_1y5y_citi_2026-10-05.xlsx
2013-06-26,0.172245,1.272150,1.566090,3.699670,0.328267,1.267210,"Citi Velocity, exported by Charlie",france_italy_cmt_euribor_1y5y_citi_2026-10-05.xlsx
2013-06-27,0.156303,1.220450,1.361630,3.541240,0.315958,1.230010,"Citi Velocity, exported by Charlie",france_italy_cmt_euribor_1y5y_citi_2026-10-05.xlsx
2013-06-28,0.145182,1.213620,1.366460,3.518640,0.325164,1.219550,"Citi Velocity, exported by Charlie",france_italy_cmt_euribor_1y5y_citi_2026-10-05.xlsx
2013-07-01,0.154914,1.183210,1.264450,3.437530,0.335857,1.228300,"Citi Velocity, exported by Charlie",france_italy_cmt_euribor_1y5y_citi_2026-10-05.xlsx
2013-07-02,0.144524,1.160690,1.222960,3.360470,0.315517,1.207780,"Citi Velocity, exported by Charlie",france_italy_cmt_euribor_1y5y_citi_2026-10-05.xlsx
2013-07-03,0.144917,1.163130,1.291530,3.460550,0.329795,1.190510,"Citi Velocity, exported by Charlie",france_italy_cmt_euribor_1y5y_citi_2026-10-05.xlsx
2013-07-04,0.104105,1.098450,1.133980,3.311840,0.286109,1.139360,"Citi Velocity, exported by Charlie",france_italy_cmt_euribor_1y5y_citi_2026-10-05.xlsx
2013-07-05,0.092809,1.094570,1.102260,3.286370,0.272562,1.159950,"Citi Velocity, exported by Charlie",france_italy_cmt_euribor_1y5y_citi_2026-10-05.xlsx
2013-07-08,0.092013,1.042750,1.054570,3.239750,0.256685,1.133280,"Citi Velocity, exported by Charlie",france_italy_cmt_euribor_1y5y_citi_2026-10-05.xlsx
2013-07-09,0.086205,1.015690,1.075100,3.275400,0.258253,1.080750,"Citi Velocity, exported by Charlie",france_italy_cmt_euribor_1y5y_citi_2026-10-05.xlsx
2013-07-10,0.080306,1.048080,1.133430,3.332460,0.278286,1.119070,"Citi Velocity, exported by Charlie",france_italy_cmt_euribor_1y5y_citi_2026-10-05.xlsx
2013-07-11,0.094599,1.059510,1.223340,3.401390,0.292452,1.114000,"Citi Velocity, exported by Charlie",france_italy_cmt_euribor_1y5y_citi_2026-10-05.xlsx
2013-07-12,0.097154,1.032710,1.235800,3.414450,0.298764,1.089410,"Citi Velocity, exported by Charlie",france_italy_cmt_euribor_1y5y_citi_2026-10-05.xlsx
2013-07-15,0.107315,1.053470,1.221310,3.399110,0.308968,1.117990,"Citi Velocity, exported by Charlie",france_italy_cmt_euribor_1y5y_citi_2026-10-05.xlsx
2013-07-16,0.099946,1.036710,1.216780,3.415300,0.293772,1.089220,"Citi Velocity, exported by Charlie",france_italy_cmt_euribor_1y5y_citi_2026-10-05.xlsx
2013-07-17,0.100226,1.029970,1.222380,3.440940,0.286121,1.061290,"Citi Velocity, exported by Charlie",france_italy_cmt_euribor_1y5y_citi_2026-10-05.xlsx
2013-07-18,0.094642,0.992166,1.173410,3.364270,0.276405,1.033300,"Citi Velocity, exported by Charlie",france_italy_cmt_euribor_1y5y_citi_2026-10-05.xlsx
2013-07-19,0.101635,0.994994,1.144550,3.315370,0.289354,1.050440,"Citi Velocity, exported by Charlie",france_italy_cmt_euribor_1y5y_citi_2026-10-05.xlsx
2013-07-22,0.125121,1.007840,1.089020,3.243450,0.305681,1.066410,"Citi Velocity, exported by Charlie",france_italy_cmt_euribor_1y5y_citi_2026-10-05.xlsx
2013-07-23,0.144818,1.029700,1.123680,3.275390,0.321824,1.108420,"Citi Velocity, exported by Charlie",france_italy_cmt_euribor_1y5y_citi_2026-10-05.xlsx
2013-07-24,0.150557,1.084090,1.123220,3.248610,0.325573,1.186980,"Citi Velocity, exported by Charlie",france_italy_cmt_euribor_1y5y_citi_2026-10-05.xlsx
2013-07-25,0.140312,1.088920,1.124770,3.266940,0.313504,1.190350,"Citi Velocity, exported by Charlie",france_italy_cmt_euribor_1y5y_citi_2026-10-05.xlsx
2013-07-26,0.136039,1.089520,1.133690,3.296000,0.310591,1.179900,"Citi Velocity, exported by Charlie",france_italy_cmt_euribor_1y5y_citi_2026-10-05.xlsx
2013-07-29,0.138401,1.092770,1.174900,3.357320,0.314658,1.179560,"Citi Velocity, exported by Charlie",france_italy_cmt_euribor_1y5y_citi_2026-10-05.xlsx
2013-07-30,0.140174,1.092760,1.157990,3.331870,0.309666,1.189240,"Citi Velocity, exported by Charlie",france_italy_cmt_euribor_1y5y_citi_2026-10-05.xlsx
2013-07-31,0.141283,1.069370,1.162590,3.344520,0.308341,1.182680,"Citi Velocity, exported by Charlie",france_italy_cmt_euribor_1y5y_citi_2026-10-05.xlsx
2013-08-01,0.137250,1.073500,1.132820,3.297670,0.308641,1.205220,"Citi Velocity, exported by Charlie",france_italy_cmt_euribor_1y5y_citi_2026-10-05.xlsx
2013-08-02,0.136996,1.063050,1.093170,3.197290,0.309572,1.192200,"Citi Velocity, exported by Charlie",france_italy_cmt_euribor_1y5y_citi_2026-10-05.xlsx
2013-08-05,0.151167,1.112690,1.093710,3.197530,0.310709,1.215580,"Citi Velocity, exported by Charlie",france_italy_cmt_euribor_1y5y_citi_2026-10-05.xlsx
2013-08-06,0.151926,1.121340,1.063580,3.157480,0.315877,1.226240,"Citi Velocity, exported by Charlie",france_italy_cmt_euribor_1y5y_citi_2026-10-05.xlsx
2013-08-07,0.146983,1.113250,1.062110,3.175930,0.309951,1.211510,"Citi Velocity, exported by Charlie",france_italy_cmt_euribor_1y5y_citi_2026-10-05.xlsx
2013-08-08,0.142512,1.102650,1.038680,3.134370,0.312458,1.204660,"Citi Velocity, exported by Charlie",france_italy_cmt_euribor_1y5y_citi_2026-10-05.xlsx
2013-08-09,0.139171,1.099990,1.045790,3.127250,0.309426,1.201210,"Citi Velocity, exported by Charlie",france_italy_cmt_euribor_1y5y_citi_2026-10-05.xlsx
2013-08-12,0.138667,1.098430,1.033730,3.097210,0.307271,1.197810,"Citi Velocity, exported by Charlie",france_italy_cmt_euribor_1y5y_citi_2026-10-05.xlsx
2013-08-13,0.172346,1.190210,1.040840,3.140930,0.339837,1.302400,"Citi Velocity, exported by Charlie",france_italy_cmt_euribor_1y5y_citi_2026-10-05.xlsx
2013-08-14,0.165853,1.174120,1.037020,3.114800,0.328102,1.287280,"Citi Velocity, exported by Charlie",france_italy_cmt_euribor_1y5y_citi_2026-10-05.xlsx
2013-08-15,0.171294,1.228220,1.059930,3.184120,0.346820,1.342630,"Citi Velocity, exported by Charlie",france_italy_cmt_euribor_1y5y_citi_2026-10-05.xlsx
2013-08-16,0.164898,1.212400,1.053270,3.137570,0.333566,1.327600,"Citi Velocity, exported by Charlie",france_italy_cmt_euribor_1y5y_citi_2026-10-05.xlsx
2013-08-19,0.168469,1.263210,1.074660,3.222020,0.339684,1.345560,"Citi Velocity, exported by Charlie",france_italy_cmt_euribor_1y5y_citi_2026-10-05.xlsx
2013-08-20,0.167841,1.245200,1.106160,3.265370,0.329946,1.304290,"Citi Velocity, exported by Charlie",france_italy_cmt_euribor_1y5y_citi_2026-10-05.xlsx
2013-08-21,0.172293,1.275190,1.137320,3.313500,0.336302,1.338610,"Citi Velocity, exported by Charlie",france_italy_cmt_euribor_1y5y_citi_2026-10-05.xlsx
2013-08-22,0.177576,1.307310,1.116170,3.268170,0.340172,1.378220,"Citi Velocity, exported by Charlie",france_italy_cmt_euribor_1y5y_citi_2026-10-05.xlsx
2013-08-23,0.187758,1.340210,1.123930,3.279260,0.350636,1.425420,"Citi Velocity, exported by Charlie",france_italy_cmt_euribor_1y5y_citi_2026-10-05.xlsx
2013-08-26,,,,,0.351615,1.425440,"Citi Velocity, exported by Charlie",france_italy_cmt_euribor_1y5y_citi_2026-10-05.xlsx
2013-08-27,0.171697,1.297780,1.275640,3.423470,0.332383,1.349040,"Citi Velocity, exported by Charlie",france_italy_cmt_euribor_1y5y_citi_2026-10-05.xlsx
2013-08-28,0.176974,1.300610,1.254060,3.369890,0.334778,1.367880,"Citi Velocity, exported by Charlie",france_italy_cmt_euribor_1y5y_citi_2026-10-05.xlsx
2013-08-29,0.168506,1.274170,1.239200,3.358370,0.329321,1.356870,"Citi Velocity, exported by Charlie",france_italy_cmt_euribor_1y5y_citi_2026-10-05.xlsx
2013-08-30,0.168729,1.277600,1.235510,3.363280,0.327138,1.354140,"Citi Velocity, exported by Charlie",france_italy_cmt_euribor_1y5y_citi_2026-10-05.xlsx
2013-09-02,0.171200,1.315150,1.213420,3.321380,0.333922,1.400770,"Citi Velocity, exported by Charlie",france_italy_cmt_euribor_1y5y_citi_2026-10-05.xlsx
2013-09-03,0.177951,1.340160,1.211010,3.311240,0.340076,1.435850,"Citi Velocity, exported by Charlie",france_italy_cmt_euribor_1y5y_citi_2026-10-05.xlsx
2013-09-04,0.170826,1.341820,1.258820,3.393910,0.331524,1.416450,"Citi Velocity, exported by Charlie",france_italy_cmt_euribor_1y5y_citi_2026-10-05.xlsx
2013-09-05,0.191348,1.432220,1.315300,3.503550,0.348737,1.526980,"Citi Velocity, exported by Charlie",france_italy_cmt_euribor_1y5y_citi_2026-10-05.xlsx
2013-09-06,0.171017,1.363450,1.323340,3.467970,0.322653,1.436740,"Citi Velocity, exported by Charlie",france_italy_cmt_euribor_1y5y_citi_2026-10-05.xlsx
2013-09-09,0.171833,1.373090,1.339130,3.491230,0.317635,1.440760,"Citi Velocity, exported by Charlie",france_italy_cmt_euribor_1y5y_citi_2026-10-05.xlsx
2013-09-10,0.181601,1.425000,1.335980,3.507040,0.328603,1.497170,"Citi Velocity, exported by Charlie",france_italy_cmt_euribor_1y5y_citi_2026-10-05.xlsx
2013-09-11,0.172318,1.393640,1.313810,3.484280,0.319721,1.464390,"Citi Velocity, exported by Charlie",france_italy_cmt_euribor_1y5y_citi_2026-10-05.xlsx
2013-09-12,0.176603,1.347150,1.321460,3.494620,0.313099,1.411850,"Citi Velocity, exported by Charlie",france_italy_cmt_euribor_1y5y_citi_2026-10-05.xlsx
2013-09-13,0.177637,1.342270,1.335100,3.527280,0.311350,1.395790,"Citi Velocity, exported by Charlie",france_italy_cmt_euribor_1y5y_citi_2026-10-05.xlsx
2013-09-16,0.177390,1.294130,1.293210,3.431140,0.308960,1.355000,"Citi Velocity, exported by Charlie",france_italy_cmt_euribor_1y5y_citi_2026-10-05.xlsx
2013-09-17,0.187339,1.292480,1.258360,3.349920,0.312530,1.382030,"Citi Velocity, exported by Charlie",france_italy_cmt_euribor_1y5y_citi_2026-10-05.xlsx
2013-09-18,0.192089,1.321850,1.241920,3.326500,0.319492,1.415650,"Citi Velocity, exported by Charlie",france_italy_cmt_euribor_1y5y_citi_2026-10-05.xlsx
2013-09-19,0.176177,1.240680,1.189950,3.235950,0.301139,1.338710,"Citi Velocity, exported by Charlie",france_italy_cmt_euribor_1y5y_citi_2026-10-05.xlsx
2013-09-20,0.174913,1.262210,1.128320,3.211730,0.306345,1.359810,"Citi Velocity, exported by Charlie",france_italy_cmt_euribor_1y5y_citi_2026-10-05.xlsx
2013-09-23,0.172145,1.226500,1.126080,3.190100,0.301353,1.311630,"Citi Velocity, exported by Charlie",france_italy_cmt_euribor_1y5y_citi_2026-10-05.xlsx
2013-09-24,0.170153,1.183630,1.114370,3.171880,0.297036,1.258620,"Citi Velocity, exported by Charlie",france_italy_cmt_euribor_1y5y_citi_2026-10-05.xlsx
2013-09-25,0.175014,1.185130,1.119250,3.185060,0.311276,1.254760,"Citi Velocity, exported by Charlie",france_italy_cmt_euribor_1y5y_citi_2026-10-05.xlsx
2013-09-26,0.174579,1.195810,1.180970,3.309380,0.313101,1.261630,"Citi Velocity, exported by Charlie",france_italy_cmt_euribor_1y5y_citi_2026-10-05.xlsx
2013-09-27,0.168303,1.166630,1.231720,3.395830,0.307233,1.228520,"Citi Velocity, exported by Charlie",france_italy_cmt_euribor_1y5y_citi_2026-10-05.xlsx
2013-09-30,0.161319,1.150310,1.238170,3.393120,0.308777,1.225950,"Citi Velocity, exported by Charlie",france_italy_cmt_euribor_1y5y_citi_2026-10-05.xlsx
2013-10-01,0.164383,1.156260,1.164510,3.294980,0.306377,1.252540,"Citi Velocity, exported by Charlie",france_italy_cmt_euribor_1y5y_citi_2026-10-05.xlsx
2013-10-02,0.156263,1.159260,1.098930,3.204370,0.302699,1.250010,"Citi Velocity, exported by Charlie",france_italy_cmt_euribor_1y5y_citi_2026-10-05.xlsx
2013-10-03,0.159139,1.177500,1.085060,3.222590,0.303737,1.262090,"Citi Velocity, exported by Charlie",france_italy_cmt_euribor_1y5y_citi_2026-10-05.xlsx
2013-10-04,0.162993,1.190000,1.031760,3.161150,0.310661,1.294790,"Citi Velocity, exported by Charlie",france_italy_cmt_euribor_1y5y_citi_2026-10-05.xlsx
2013-10-07,0.159734,1.166870,1.020100,3.123680,0.308615,1.269960,"Citi Velocity, exported by Charlie",france_italy_cmt_euribor_1y5y_citi_2026-10-05.xlsx
2013-10-08,0.163060,1.187550,1.068380,3.186490,0.327108,1.294100,"Citi Velocity, exported by Charlie",france_italy_cmt_euribor_1y5y_citi_2026-10-05.xlsx
2013-10-09,0.166791,1.195090,1.077840,3.197060,0.340835,1.289420,"Citi Velocity, exported by Charlie",france_italy_cmt_euribor_1y5y_citi_2026-10-05.xlsx
2013-10-10,0.160464,1.215860,1.055330,3.150880,0.326737,1.316750,"Citi Velocity, exported by Charlie",france_italy_cmt_euribor_1y5y_citi_2026-10-05.xlsx
2013-10-11,0.159319,1.195340,1.028210,3.092980,0.322903,1.294220,"Citi Velocity, exported by Charlie",france_italy_cmt_euribor_1y5y_citi_2026-10-05.xlsx
2013-10-14,0.166710,1.186190,0.998649,3.072870,0.325949,1.290440,"Citi Velocity, exported by Charlie",france_italy_cmt_euribor_1y5y_citi_2026-10-05.xlsx
2013-10-15,0.172634,1.220710,0.961053,3.056730,0.323515,1.316990,"Citi Velocity, exported by Charlie",france_italy_cmt_euribor_1y5y_citi_2026-10-05.xlsx
2013-10-16,0.172364,1.244140,0.947561,3.020770,0.328179,1.341570,"Citi Velocity, exported by Charlie",france_italy_cmt_euribor_1y5y_citi_2026-10-05.xlsx
2013-10-17,0.163219,1.195030,0.930529,2.987900,0.314561,1.277590,"Citi Velocity, exported by Charlie",france_italy_cmt_euribor_1y5y_citi_2026-10-05.xlsx
2013-10-18,0.155214,1.162890,0.913214,2.946340,0.308617,1.248170,"Citi Velocity, exported by Charlie",france_italy_cmt_euribor_1y5y_citi_2026-10-05.xlsx
2013-10-21,0.161206,1.178800,0.883019,2.953290,0.309300,1.253480,"Citi Velocity, exported by Charlie",france_italy_cmt_euribor_1y5y_citi_2026-10-05.xlsx
2013-10-22,0.155158,1.110900,0.868890,2.881620,0.294918,1.193380,"Citi Velocity, exported by Charlie",france_italy_cmt_euribor_1y5y_citi_2026-10-05.xlsx
2013-10-23,0.161400,1.100180,0.870821,2.876470,0.301834,1.183060,"Citi Velocity, exported by Charlie",france_italy_cmt_euribor_1y5y_citi_2026-10-05.xlsx
2013-10-24,0.168174,1.109850,0.909592,2.907110,0.318426,1.199350,"Citi Velocity, exported by Charlie",france_italy_cmt_euribor_1y5y_citi_2026-10-05.xlsx
2013-10-25,0.170922,1.113410,0.964837,2.982470,0.328389,1.202180,"Citi Velocity, exported by Charlie",france_italy_cmt_euribor_1y5y_citi_2026-10-05.xlsx
2013-10-28,0.171414,1.108480,0.969865,2.964810,0.331067,1.203430,"Citi Velocity, exported by Charlie",france_italy_cmt_euribor_1y5y_citi_2026-10-05.xlsx
2013-10-29,0.169735,1.088660,0.942264,2.911050,0.326357,1.185640,"Citi Velocity, exported by Charlie",france_italy_cmt_euribor_1y5y_citi_2026-10-05.xlsx
2013-10-30,0.160996,1.059300,0.949946,2.962520,0.314659,1.139010,"Citi Velocity, exported by Charlie",france_italy_cmt_euribor_1y5y_citi_2026-10-05.xlsx
2013-10-31,0.139829,0.995377,0.888152,2.890560,0.278224,1.097710,"Citi Velocity, exported by Charlie",france_italy_cmt_euribor_1y5y_citi_2026-10-05.xlsx
2013-11-01,0.136210,0.976748,0.832959,2.857740,0.271895,1.094370,"Citi Velocity, exported by Charlie",france_italy_cmt_euribor_1y5y_citi_2026-10-05.xlsx
2013-11-04,0.137606,0.987176,0.812398,2.834370,0.270634,1.095340,"Citi Velocity, exported by Charlie",france_italy_cmt_euribor_1y5y_citi_2026-10-05.xlsx
2013-11-05,0.152088,1.062760,0.830609,2.883970,0.286960,1.157190,"Citi Velocity, exported by Charlie",france_italy_cmt_euribor_1y5y_citi_2026-10-05.xlsx
2013-11-06,0.149110,1.063640,0.834650,2.898790,0.282018,1.142980,"Citi Velocity, exported by Charlie",france_italy_cmt_euribor_1y5y_citi_2026-10-05.xlsx
2013-11-07,0.111355,0.977106,0.753172,2.769610,0.240315,1.059550,"Citi Velocity, exported by Charlie",france_italy_cmt_euribor_1y5y_citi_2026-10-05.xlsx
2013-11-08,0.122292,1.027840,0.739087,2.772050,0.246688,1.116040,"Citi Velocity, exported by Charlie",france_italy_cmt_euribor_1y5y_citi_2026-10-05.xlsx
2013-11-11,0.122329,1.023910,0.731775,2.777130,0.247419,1.115400,"Citi Velocity, exported by Charlie",france_italy_cmt_euribor_1y5y_citi_2026-10-05.xlsx
2013-11-12,0.123193,1.048750,0.755319,2.781180,0.251454,1.117370,"Citi Velocity, exported by Charlie",france_italy_cmt_euribor_1y5y_citi_2026-10-05.xlsx
2013-11-13,0.113407,1.014330,0.750883,2.724640,0.241973,1.075250,"Citi Velocity, exported by Charlie",france_italy_cmt_euribor_1y5y_citi_2026-10-05.xlsx
2013-11-14,0.111790,0.989917,0.740602,2.668680,0.242415,1.061380,"Citi Velocity, exported by Charlie",france_italy_cmt_euribor_1y5y_citi_2026-10-05.xlsx
2013-11-15,0.118895,1.003180,0.760241,2.699430,0.247047,1.070160,"Citi Velocity, exported by Charlie",france_italy_cmt_euribor_1y5y_citi_2026-10-05.xlsx
2013-11-18,0.117677,0.992966,0.779079,2.668800,0.247011,1.055280,"Citi Velocity, exported by Charlie",france_italy_cmt_euribor_1y5y_citi_2026-10-05.xlsx
2013-11-19,0.119321,1.017550,0.807120,2.688240,0.250539,1.086490,"Citi Velocity, exported by Charlie",france_italy_cmt_euribor_1y5y_citi_2026-10-05.xlsx
2013-11-20,0.107042,1.003330,0.807710,2.700240,0.232491,1.050320,"Citi Velocity, exported by Charlie",france_italy_cmt_euribor_1y5y_citi_2026-10-05.xlsx
2013-11-21,0.106322,1.003690,0.793655,2.683800,0.234602,1.056810,"Citi Velocity, exported by Charlie",france_italy_cmt_euribor_1y5y_citi_2026-10-05.xlsx
2013-11-22,0.132241,1.012790,0.797193,2.657150,0.253140,1.080630,"Citi Velocity, exported by Charlie",france_italy_cmt_euribor_1y5y_citi_2026-10-05.xlsx
2013-11-25,0.124126,1.000690,0.791061,2.632810,0.254484,1.065310,"Citi Velocity, exported by Charlie",france_italy_cmt_euribor_1y5y_citi_2026-10-05.xlsx
2013-11-26,0.111577,0.983707,0.755134,2.570190,0.246773,1.045070,"Citi Velocity, exported by Charlie",france_italy_cmt_euribor_1y5y_citi_2026-10-05.xlsx
2013-11-27,0.109087,0.992019,0.771153,2.611900,0.246130,1.047780,"Citi Velocity, exported by Charlie",france_italy_cmt_euribor_1y5y_citi_2026-10-05.xlsx
2013-11-28,0.114435,0.995203,0.783394,2.629590,0.249793,1.058420,"Citi Velocity, exported by Charlie",france_italy_cmt_euribor_1y5y_citi_2026-10-05.xlsx
2013-11-29,0.113396,0.988654,0.800913,2.658060,0.248430,1.049940,"Citi Velocity, exported by Charlie",france_italy_cmt_euribor_1y5y_citi_2026-10-05.xlsx
2013-12-02,0.114949,1.007830,0.812004,2.689150,0.253003,1.077260,"Citi Velocity, exported by Charlie",france_italy_cmt_euribor_1y5y_citi_2026-10-05.xlsx
2013-12-03,0.117355,0.995196,0.796241,2.682040,0.252260,1.061270,"Citi Velocity, exported by Charlie",france_italy_cmt_euribor_1y5y_citi_2026-10-05.xlsx
2013-12-04,0.131102,1.063470,0.837517,2.765180,0.261068,1.123050,"Citi Velocity, exported by Charlie",france_italy_cmt_euribor_1y5y_citi_2026-10-05.xlsx
2013-12-05,0.141083,1.101500,0.914634,2.896190,0.282391,1.158200,"Citi Velocity, exported by Charlie",france_italy_cmt_euribor_1y5y_citi_2026-10-05.xlsx
2013-12-06,0.158439,1.101820,0.875911,2.822240,0.291496,1.154640,"Citi Velocity, exported by Charlie",france_italy_cmt_euribor_1y5y_citi_2026-10-05.xlsx
2013-12-09,0.174334,1.101360,0.818985,2.744600,0.301454,1.162480,"Citi Velocity, exported by Charlie",france_italy_cmt_euribor_1y5y_citi_2026-10-05.xlsx
2013-12-10,0.178645,1.099490,0.777725,2.644360,0.301035,1.156460,"Citi Velocity, exported by Charlie",france_italy_cmt_euribor_1y5y_citi_2026-10-05.xlsx
2013-12-11,0.186369,1.098690,0.796207,2.664710,0.314664,1.150880,"Citi Velocity, exported by Charlie",france_italy_cmt_euribor_1y5y_citi_2026-10-05.xlsx
2013-12-12,0.214169,1.121790,0.832116,2.727530,0.331884,1.165140,"Citi Velocity, exported by Charlie",france_italy_cmt_euribor_1y5y_citi_2026-10-05.xlsx
2013-12-13,0.221301,1.123130,0.840010,2.713850,0.329257,1.150750,"Citi Velocity, exported by Charlie",france_italy_cmt_euribor_1y5y_citi_2026-10-05.xlsx
2013-12-16,0.232884,1.131880,0.825440,2.691590,0.335570,1.152540,"Citi Velocity, exported by Charlie",france_italy_cmt_euribor_1y5y_citi_2026-10-05.xlsx
2013-12-17,0.224211,1.124110,0.849897,2.685390,0.320864,1.144410,"Citi Velocity, exported by Charlie",france_italy_cmt_euribor_1y5y_citi_2026-10-05.xlsx
2013-12-18,0.211298,1.146630,0.872310,2.729930,0.309046,1.168390,"Citi Velocity, exported by Charlie",france_italy_cmt_euribor_1y5y_citi_2026-10-05.xlsx
2013-12-19,0.185474,1.144120,0.872704,2.725730,0.291531,1.186310,"Citi Velocity, exported by Charlie",france_italy_cmt_euribor_1y5y_citi_2026-10-05.xlsx
2013-12-20,0.187512,1.155010,0.893842,2.753400,0.304049,1.195490,"Citi Velocity, exported by Charlie",france_italy_cmt_euribor_1y5y_citi_2026-10-05.xlsx
2013-12-23,0.181315,1.176440,0.947880,2.831690,0.308656,1.219240,"Citi Velocity, exported by Charlie",france_italy_cmt_euribor_1y5y_citi_2026-10-05.xlsx
2013-12-24,0.159838,1.177010,0.948591,2.832680,0.309029,1.219110,"Citi Velocity, exported by Charlie",france_italy_cmt_euribor_1y5y_citi_2026-10-05.xlsx
2013-12-25,,,,,0.309029,1.219110,"Citi Velocity, exported by Charlie",france_italy_cmt_euribor_1y5y_citi_2026-10-05.xlsx
2013-12-26,,,,,0.309029,1.219110,"Citi Velocity, exported by Charlie",france_italy_cmt_euribor_1y5y_citi_2026-10-05.xlsx
2013-12-27,0.175975,1.240590,1.006350,2.859990,0.293261,1.276280,"Citi Velocity, exported by Charlie",france_italy_cmt_euribor_1y5y_citi_2026-10-05.xlsx
2013-12-30,0.171759,1.223120,0.926740,2.760450,0.285586,1.254030,"Citi Velocity, exported by Charlie",france_italy_cmt_euribor_1y5y_citi_2026-10-05.xlsx
2013-12-31,0.156672,1.225910,0.918193,2.762390,0.285664,1.254140,"Citi Velocity, exported by Charlie",france_italy_cmt_euribor_1y5y_citi_2026-10-05.xlsx
2014-01-01,,,,,0.285664,1.254140,"Citi Velocity, exported by Charlie",france_italy_cmt_euribor_1y5y_citi_2026-10-05.xlsx
2014-01-02,0.171287,1.222390,0.766199,2.627330,0.293308,1.269060,"Citi Velocity, exported by Charlie",france_italy_cmt_euribor_1y5y_citi_2026-10-05.xlsx
2014-01-03,0.165479,1.201270,0.745403,2.576810,0.290583,1.258620,"Citi Velocity, exported by Charlie",france_italy_cmt_euribor_1y5y_citi_2026-10-05.xlsx
2014-01-06,0.172560,1.189930,0.754986,2.586820,0.293355,1.237820,"Citi Velocity, exported by Charlie",france_italy_cmt_euribor_1y5y_citi_2026-10-05.xlsx
2014-01-07,0.177776,1.181010,0.726405,2.520080,0.306650,1.227640,"Citi Velocity, exported by Charlie",france_italy_cmt_euribor_1y5y_citi_2026-10-05.xlsx
2014-01-08,0.169176,1.201790,0.746914,2.533630,0.321788,1.261180,"Citi Velocity, exported by Charlie",france_italy_cmt_euribor_1y5y_citi_2026-10-05.xlsx
2014-01-09,0.159365,1.228370,0.739997,2.533920,0.307403,1.259560,"Citi Velocity, exported by Charlie",france_italy_cmt_euribor_1y5y_citi_2026-10-05.xlsx
2014-01-10,0.152880,1.179470,0.759857,2.538300,0.301675,1.207210,"Citi Velocity, exported by Charlie",france_italy_cmt_euribor_1y5y_citi_2026-10-05.xlsx
2014-01-13,0.156107,1.161660,0.753395,2.522060,0.300041,1.177310,"Citi Velocity, exported by Charlie",france_italy_cmt_euribor_1y5y_citi_2026-10-05.xlsx
2014-01-14,0.174870,1.159710,0.756521,2.524740,0.317521,1.188720,"Citi Velocity, exported by Charlie",france_italy_cmt_euribor_1y5y_citi_2026-10-05.xlsx
2014-01-15,0.183229,1.183900,0.747953,2.513390,0.329121,1.211820,"Citi Velocity, exported by Charlie",france_italy_cmt_euribor_1y5y_citi_2026-10-05.xlsx
2014-01-16,0.180980,1.149310,0.762057,2.501210,0.320742,1.172400,"Citi Velocity, exported by Charlie",france_italy_cmt_euribor_1y5y_citi_2026-10-05.xlsx
2014-01-17,0.176560,1.113560,0.762934,2.492340,0.302571,1.139450,"Citi Velocity, exported by Charlie",france_italy_cmt_euribor_1y5y_citi_2026-10-05.xlsx
2014-01-20,0.176837,1.087530,0.757404,2.476730,0.300860,1.125540,"Citi Velocity, exported by Charlie",france_italy_cmt_euribor_1y5y_citi_2026-10-05.xlsx
2014-01-21,0.182246,1.104130,0.750672,2.506060,0.302695,1.122730,"Citi Velocity, exported by Charlie",france_italy_cmt_euribor_1y5y_citi_2026-10-05.xlsx
2014-01-22,0.181548,1.122260,0.742165,2.511660,0.301030,1.139020,"Citi Velocity, exported by Charlie",france_italy_cmt_euribor_1y5y_citi_2026-10-05.xlsx
2014-01-23,0.174867,1.118790,0.755115,2.539270,0.292375,1.127310,"Citi Velocity, exported by Charlie",france_italy_cmt_euribor_1y5y_citi_2026-10-05.xlsx
2014-01-24,0.163917,1.074800,0.787086,2.585890,0.295649,1.096470,"Citi Velocity, exported by Charlie",france_italy_cmt_euribor_1y5y_citi_2026-10-05.xlsx
2014-01-27,0.167626,1.066670,0.805274,2.609650,0.309767,1.108420,"Citi Velocity, exported by Charlie",france_italy_cmt_euribor_1y5y_citi_2026-10-05.xlsx
2014-01-28,0.171468,1.068600,0.766612,2.564290,0.303020,1.108410,"Citi Velocity, exported by Charlie",france_italy_cmt_euribor_1y5y_citi_2026-10-05.xlsx
2014-01-29,0.161716,1.051150,0.780582,2.552040,0.296425,1.080910,"Citi Velocity, exported by Charlie",france_italy_cmt_euribor_1y5y_citi_2026-10-05.xlsx
2014-01-30,0.141779,1.008960,0.758157,2.508670,0.276007,1.063990,"Citi Velocity, exported by Charlie",france_italy_cmt_euribor_1y5y_citi_2026-10-05.xlsx
2014-01-31,0.126674,0.934270,0.705031,2.425020,0.248779,1.015810,"Citi Velocity, exported by Charlie",france_italy_cmt_euribor_1y5y_citi_2026-10-05.xlsx
2014-02-03,0.133061,0.932968,0.685382,2.388200,0.255755,1.015040,"Citi Velocity, exported by Charlie",france_italy_cmt_euribor_1y5y_citi_2026-10-05.xlsx
2014-02-04,0.127337,0.947258,0.669079,2.388220,0.251458,1.010500,"Citi Velocity, exported by Charlie",france_italy_cmt_euribor_1y5y_citi_2026-10-05.xlsx
2014-02-05,0.124708,0.954361,0.642169,2.361390,0.252013,1.003650,"Citi Velocity, exported by Charlie",france_italy_cmt_euribor_1y5y_citi_2026-10-05.xlsx
2014-02-06,0.158985,1.020000,0.651198,2.381220,0.276054,1.062740,"Citi Velocity, exported by Charlie",france_italy_cmt_euribor_1y5y_citi_2026-10-05.xlsx
2014-02-07,0.136954,0.976970,0.630086,2.323410,0.260461,1.022940,"Citi Velocity, exported by Charlie",france_italy_cmt_euribor_1y5y_citi_2026-10-05.xlsx
2014-02-10,0.148903,0.998815,0.650527,2.331340,0.272028,1.034050,"Citi Velocity, exported by Charlie",france_italy_cmt_euribor_1y5y_citi_2026-10-05.xlsx
2014-02-11,0.147504,1.004210,0.680446,2.344540,0.267110,1.027210,"Citi Velocity, exported by Charlie",france_italy_cmt_euribor_1y5y_citi_2026-10-05.xlsx
2014-02-12,0.146134,1.038800,0.696060,2.380870,0.266209,1.046980,"Citi Velocity, exported by Charlie",france_italy_cmt_euribor_1y5y_citi_2026-10-05.xlsx
2014-02-13,0.130695,0.998861,0.694438,2.361530,0.255596,1.005350,"Citi Velocity, exported by Charlie",france_italy_cmt_euribor_1y5y_citi_2026-10-05.xlsx
2014-02-14,0.132712,1.018040,0.659459,2.328540,0.259515,1.017580,"Citi Velocity, exported by Charlie",france_italy_cmt_euribor_1y5y_citi_2026-10-05.xlsx
2014-02-17,0.132484,1.019980,0.647835,2.280030,0.259998,1.018790,"Citi Velocity, exported by Charlie",france_italy_cmt_euribor_1y5y_citi_2026-10-05.xlsx
2014-02-18,0.136151,0.982861,0.621239,2.226090,0.263231,1.003470,"Citi Velocity, exported by Charlie",france_italy_cmt_euribor_1y5y_citi_2026-10-05.xlsx
2014-02-19,0.131776,0.981925,0.627355,2.252050,0.254303,0.992244,"Citi Velocity, exported by Charlie",france_italy_cmt_euribor_1y5y_citi_2026-10-05.xlsx
2014-02-20,0.135660,1.013300,0.636714,2.321100,0.259312,1.031370,"Citi Velocity, exported by Charlie",france_italy_cmt_euribor_1y5y_citi_2026-10-05.xlsx
2014-02-21,0.137382,0.979012,0.613127,2.267730,0.261874,1.012680,"Citi Velocity, exported by Charlie",france_italy_cmt_euribor_1y5y_citi_2026-10-05.xlsx
2014-02-24,0.141840,0.997532,0.615967,2.285220,0.265916,1.028330,"Citi Velocity, exported by Charlie",france_italy_cmt_euribor_1y5y_citi_2026-10-05.xlsx
2014-02-25,0.144688,0.977571,0.605048,2.275520,0.269615,1.017970,"Citi Velocity, exported by Charlie",france_italy_cmt_euribor_1y5y_citi_2026-10-05.xlsx
2014-02-26,0.130183,0.934250,0.601354,2.239320,0.262669,0.987520,"Citi Velocity, exported by Charlie",france_italy_cmt_euribor_1y5y_citi_2026-10-05.xlsx
2014-02-27,0.123427,0.888041,0.592444,2.195960,0.258505,0.957259,"Citi Velocity, exported by Charlie",france_italy_cmt_euribor_1y5y_citi_2026-10-05.xlsx
2014-02-28,0.142503,0.969452,0.607893,2.202020,0.279406,1.018820,"Citi Velocity, exported by Charlie",france_italy_cmt_euribor_1y5y_citi_2026-10-05.xlsx
2014-03-03,0.142578,0.927899,0.599722,2.194250,0.273339,0.978235,"Citi Velocity, exported by Charlie",france_italy_cmt_euribor_1y5y_citi_2026-10-05.xlsx
2014-03-04,0.142526,0.938767,0.560392,2.129700,0.262873,0.984046,"Citi Velocity, exported by Charlie",france_italy_cmt_euribor_1y5y_citi_2026-10-05.xlsx
2014-03-05,0.140531,0.932665,0.525325,2.060130,0.266353,0.979059,"Citi Velocity, exported by Charlie",france_italy_cmt_euribor_1y5y_citi_2026-10-05.xlsx
2014-03-06,0.171783,0.989898,0.573914,2.153490,0.294144,1.036150,"Citi Velocity, exported by Charlie",france_italy_cmt_euribor_1y5y_citi_2026-10-05.xlsx
2014-03-07,0.183770,0.985180,0.571199,2.127900,0.318231,1.041830,"Citi Velocity, exported by Charlie",france_italy_cmt_euribor_1y5y_citi_2026-10-05.xlsx
2014-03-10,0.177804,0.973054,0.551398,2.087230,0.311354,1.023080,"Citi Velocity, exported by Charlie",france_italy_cmt_euribor_1y5y_citi_2026-10-05.xlsx
2014-03-11,0.181578,0.985936,0.573987,2.112620,0.304282,1.022500,"Citi Velocity, exported by Charlie",france_italy_cmt_euribor_1y5y_citi_2026-10-05.xlsx
2014-03-12,0.175720,0.958194,0.584341,2.127590,0.303761,0.987454,"Citi Velocity, exported by Charlie",france_italy_cmt_euribor_1y5y_citi_2026-10-05.xlsx
2014-03-13,0.165091,0.914085,0.586088,2.124890,0.292760,0.946528,"Citi Velocity, exported by Charlie",france_italy_cmt_euribor_1y5y_citi_2026-10-05.xlsx
2014-03-14,0.171227,0.921030,0.592960,2.127380,0.304492,0.960933,"Citi Velocity, exported by Charlie",france_italy_cmt_euribor_1y5y_citi_2026-10-05.xlsx
2014-03-17,0.178374,0.934246,0.586181,2.100900,0.309837,0.974337,"Citi Velocity, exported by Charlie",france_italy_cmt_euribor_1y5y_citi_2026-10-05.xlsx
2014-03-18,0.176847,0.924815,0.587426,2.086890,0.311887,0.975481,"Citi Velocity, exported by Charlie",france_italy_cmt_euribor_1y5y_citi_2026-10-05.xlsx
2014-03-19,0.180446,0.952377,0.594353,2.100460,0.316653,0.997310,"Citi Velocity, exported by Charlie",france_italy_cmt_euribor_1y5y_citi_2026-10-05.xlsx
2014-03-20,0.194431,1.007410,0.617027,2.147970,0.331323,1.054430,"Citi Velocity, exported by Charlie",france_italy_cmt_euribor_1y5y_citi_2026-10-05.xlsx
2014-03-21,0.200004,0.987656,0.614464,2.119240,0.336381,1.051280,"Citi Velocity, exported by Charlie",france_italy_cmt_euribor_1y5y_citi_2026-10-05.xlsx
2014-03-24,0.190777,0.957238,0.632939,2.143910,0.327212,1.013480,"Citi Velocity, exported by Charlie",france_italy_cmt_euribor_1y5y_citi_2026-10-05.xlsx
2014-03-25,0.182279,0.945469,0.634013,2.105110,0.309502,0.991146,"Citi Velocity, exported by Charlie",france_italy_cmt_euribor_1y5y_citi_2026-10-05.xlsx
2014-03-26,0.168563,0.914353,0.616955,2.027730,0.298085,0.972770,"Citi Velocity, exported by Charlie",france_italy_cmt_euribor_1y5y_citi_2026-10-05.xlsx
2014-03-27,0.153432,0.874785,0.606195,1.971560,0.284653,0.944603,"Citi Velocity, exported by Charlie",france_italy_cmt_euribor_1y5y_citi_2026-10-05.xlsx
2014-03-28,0.165085,0.891590,0.625470,1.984310,0.293370,0.965295,"Citi Velocity, exported by Charlie",france_italy_cmt_euribor_1y5y_citi_2026-10-05.xlsx
2014-03-31,0.175828,0.906896,0.635021,1.971150,0.299028,0.980016,"Citi Velocity, exported by Charlie",france_italy_cmt_euribor_1y5y_citi_2026-10-05.xlsx
2014-04-01,0.182170,0.935955,0.608118,1.956880,0.305422,0.992796,"Citi Velocity, exported by Charlie",france_italy_cmt_euribor_1y5y_citi_2026-10-05.xlsx
2014-04-02,0.184474,0.962105,0.615532,1.972280,0.307902,1.020760,"Citi Velocity, exported by Charlie",france_italy_cmt_euribor_1y5y_citi_2026-10-05.xlsx
2014-04-03,0.180056,0.925498,0.575801,1.901440,0.309756,0.997084,"Citi Velocity, exported by Charlie",france_italy_cmt_euribor_1y5y_citi_2026-10-05.xlsx
2014-04-04,0.174046,0.847866,0.551838,1.795680,0.298628,0.939048,"Citi Velocity, exported by Charlie",france_italy_cmt_euribor_1y5y_citi_2026-10-05.xlsx
2014-04-07,0.176897,0.860417,0.557234,1.805920,0.296703,0.931193,"Citi Velocity, exported by Charlie",france_italy_cmt_euribor_1y5y_citi_2026-10-05.xlsx
2014-04-08,0.178485,0.888586,0.575298,1.850660,0.297234,0.956545,"Citi Velocity, exported by Charlie",france_italy_cmt_euribor_1y5y_citi_2026-10-05.xlsx
2014-04-09,0.177313,0.919855,0.581087,1.836690,0.298509,0.982047,"Citi Velocity, exported by Charlie",france_italy_cmt_euribor_1y5y_citi_2026-10-05.xlsx
2014-04-10,0.163040,0.862370,0.582779,1.806850,0.287836,0.933607,"Citi Velocity, exported by Charlie",france_italy_cmt_euribor_1y5y_citi_2026-10-05.xlsx
2014-04-11,0.169815,0.863447,0.621460,1.877560,0.297620,0.928046,"Citi Velocity, exported by Charlie",france_italy_cmt_euribor_1y5y_citi_2026-10-05.xlsx
2014-04-14,0.170353,0.863587,0.618173,1.853850,0.287300,0.934750,"Citi Velocity, exported by Charlie",france_italy_cmt_euribor_1y5y_citi_2026-10-05.xlsx
2014-04-15,0.161767,0.812511,0.599515,1.794850,0.278528,0.888296,"Citi Velocity, exported by Charlie",france_italy_cmt_euribor_1y5y_citi_2026-10-05.xlsx
2014-04-16,0.162166,0.826352,0.598017,1.784230,0.284516,0.906548,"Citi Velocity, exported by Charlie",france_italy_cmt_euribor_1y5y_citi_2026-10-05.xlsx
2014-04-17,0.179759,0.869340,0.621106,1.809640,0.294937,0.938523,"Citi Velocity, exported by Charlie",france_italy_cmt_euribor_1y5y_citi_2026-10-05.xlsx
2014-04-18,,,,,0.294937,0.938523,"Citi Velocity, exported by Charlie",france_italy_cmt_euribor_1y5y_citi_2026-10-05.xlsx
2014-04-21,,,,,0.294937,0.938523,"Citi Velocity, exported by Charlie",france_italy_cmt_euribor_1y5y_citi_2026-10-05.xlsx
2014-04-22,0.185888,0.894806,0.619842,1.799420,0.299665,0.957627,"Citi Velocity, exported by Charlie",france_italy_cmt_euribor_1y5y_citi_2026-10-05.xlsx
2014-04-23,0.184268,0.886156,0.622971,1.795820,0.303340,0.953540,"Citi Velocity, exported by Charlie",france_italy_cmt_euribor_1y5y_citi_2026-10-05.xlsx
2014-04-24,0.185315,0.898639,0.644255,1.834480,0.310967,0.976264,"Citi Velocity, exported by Charlie",france_italy_cmt_euribor_1y5y_citi_2026-10-05.xlsx
2014-04-25,0.180706,0.867122,0.663390,1.858680,0.310298,0.949253,"Citi Velocity, exported by Charlie",france_italy_cmt_euribor_1y5y_citi_2026-10-05.xlsx
2014-04-28,0.186664,0.883867,0.682228,1.889020,0.310998,0.956057,"Citi Velocity, exported by Charlie",france_italy_cmt_euribor_1y5y_citi_2026-10-05.xlsx
2014-04-29,0.164531,0.872875,0.665683,1.882900,0.295600,0.938076,"Citi Velocity, exported by Charlie",france_italy_cmt_euribor_1y5y_citi_2026-10-05.xlsx
2014-04-30,0.163196,0.833641,0.659497,1.832420,0.285988,0.918317,"Citi Velocity, exported by Charlie",france_italy_cmt_euribor_1y5y_citi_2026-10-05.xlsx
2014-05-01,,,,,0.285988,0.918317,"Citi Velocity, exported by Charlie",france_italy_cmt_euribor_1y5y_citi_2026-10-05.xlsx
2014-05-02,0.154074,0.795586,0.653707,1.804310,0.285211,0.897412,"Citi Velocity, exported by Charlie",france_italy_cmt_euribor_1y5y_citi_2026-10-05.xlsx
2014-05-05,,,,,0.285206,0.897407,"Citi Velocity, exported by Charlie",france_italy_cmt_euribor_1y5y_citi_2026-10-05.xlsx
2014-05-06,0.170219,0.813633,0.625615,1.751410,0.292977,0.923138,"Citi Velocity, exported by Charlie",france_italy_cmt_euribor_1y5y_citi_2026-10-05.xlsx
2014-05-07,0.173785,0.838779,0.638310,1.777400,0.296832,0.938687,"Citi Velocity, exported by Charlie",france_italy_cmt_euribor_1y5y_citi_2026-10-05.xlsx
2014-05-08,0.149493,0.783059,0.618026,1.707190,0.270000,0.892151,"Citi Velocity, exported by Charlie",france_italy_cmt_euribor_1y5y_citi_2026-10-05.xlsx
2014-05-09,0.161692,0.774592,0.637249,1.739320,0.276830,0.889333,"Citi Velocity, exported by Charlie",france_italy_cmt_euribor_1y5y_citi_2026-10-05.xlsx
2014-05-12,0.160968,0.790003,0.659168,1.772920,0.277525,0.884004,"Citi Velocity, exported by Charlie",france_italy_cmt_euribor_1y5y_citi_2026-10-05.xlsx
2014-05-13,0.144000,0.753404,0.646790,1.746100,0.261694,0.836584,"Citi Velocity, exported by Charlie",france_italy_cmt_euribor_1y5y_citi_2026-10-05.xlsx
2014-05-14,0.132213,0.699160,0.627794,1.728380,0.249426,0.788768,"Citi Velocity, exported by Charlie",france_italy_cmt_euribor_1y5y_citi_2026-10-05.xlsx
2014-05-15,0.112047,0.669761,0.687329,1.854050,0.235357,0.751338,"Citi Velocity, exported by Charlie",france_italy_cmt_euribor_1y5y_citi_2026-10-05.xlsx
2014-05-16,0.124197,0.693750,0.677401,1.829160,0.243239,0.781108,"Citi Velocity, exported by Charlie",france_italy_cmt_euribor_1y5y_citi_2026-10-05.xlsx
2014-05-19,0.118093,0.707463,0.747631,1.898730,0.247549,0.792565,"Citi Velocity, exported by Charlie",france_italy_cmt_euribor_1y5y_citi_2026-10-05.xlsx
2014-05-20,0.116898,0.727977,0.792788,2.019720,0.240338,0.799983,"Citi Velocity, exported by Charlie",france_italy_cmt_euribor_1y5y_citi_2026-10-05.xlsx
2014-05-21,0.120270,0.736439,0.749949,1.978300,0.245905,0.814920,"Citi Velocity, exported by Charlie",france_italy_cmt_euribor_1y5y_citi_2026-10-05.xlsx
2014-05-22,0.109578,0.700300,0.752190,2.017510,0.236846,0.797490,"Citi Velocity, exported by Charlie",france_italy_cmt_euribor_1y5y_citi_2026-10-05.xlsx
2014-05-23,0.101329,0.697299,0.699668,1.912990,0.232280,0.798468,"Citi Velocity, exported by Charlie",france_italy_cmt_euribor_1y5y_citi_2026-10-05.xlsx
2014-05-26,,,,,0.232168,0.798305,"Citi Velocity, exported by Charlie",france_italy_cmt_euribor_1y5y_citi_2026-10-05.xlsx
2014-05-27,0.092004,0.671800,0.638164,1.773710,0.223967,0.761304,"Citi Velocity, exported by Charlie",france_italy_cmt_euribor_1y5y_citi_2026-10-05.xlsx
2014-05-28,0.092568,0.636543,0.600610,1.724140,0.223731,0.737709,"Citi Velocity, exported by Charlie",france_italy_cmt_euribor_1y5y_citi_2026-10-05.xlsx
2014-05-29,0.089697,0.645556,0.592665,1.765210,0.223992,0.751485,"Citi Velocity, exported by Charlie",france_italy_cmt_euribor_1y5y_citi_2026-10-05.xlsx
2014-05-30,0.093123,0.668468,0.584574,1.759870,0.228959,0.760070,"Citi Velocity, exported by Charlie",france_italy_cmt_euribor_1y5y_citi_2026-10-05.xlsx
2014-06-02,0.087655,0.666378,0.574504,1.752560,0.222662,0.755083,"Citi Velocity, exported by Charlie",france_italy_cmt_euribor_1y5y_citi_2026-10-05.xlsx
2014-06-03,0.088238,0.703848,0.587375,1.770870,0.220075,0.783860,"Citi Velocity, exported by Charlie",france_italy_cmt_euribor_1y5y_citi_2026-10-05.xlsx
2014-06-04,0.078235,0.724679,0.565468,1.795890,0.213073,0.791928,"Citi Velocity, exported by Charlie",france_italy_cmt_euribor_1y5y_citi_2026-10-05.xlsx
2014-06-05,0.059771,0.659960,0.472980,1.685490,0.214338,0.744451,"Citi Velocity, exported by Charlie",france_italy_cmt_euribor_1y5y_citi_2026-10-05.xlsx
2014-06-06,0.068020,0.580820,0.423965,1.460790,0.214887,0.690872,"Citi Velocity, exported by Charlie",france_italy_cmt_euribor_1y5y_citi_2026-10-05.xlsx
2014-06-09,0.068521,0.584460,0.448516,1.419980,0.223601,0.709965,"Citi Velocity, exported by Charlie",france_italy_cmt_euribor_1y5y_citi_2026-10-05.xlsx
2014-06-10,0.079391,0.634325,0.504657,1.518000,0.222918,0.730185,"Citi Velocity, exported by Charlie",france_italy_cmt_euribor_1y5y_citi_2026-10-05.xlsx
2014-06-11,0.058829,0.628114,0.481428,1.543390,0.205173,0.716613,"Citi Velocity, exported by Charlie",france_italy_cmt_euribor_1y5y_citi_2026-10-05.xlsx
2014-06-12,0.030816,0.616722,0.451947,1.544820,0.195963,0.710174,"Citi Velocity, exported by Charlie",france_italy_cmt_euribor_1y5y_citi_2026-10-05.xlsx
2014-06-13,0.012314,0.614723,0.409863,1.512230,0.186771,0.710282,"Citi Velocity, exported by Charlie",france_italy_cmt_euribor_1y5y_citi_2026-10-05.xlsx
2014-06-16,0.005459,0.601792,0.419353,1.525040,0.178840,0.689931,"Citi Velocity, exported by Charlie",france_italy_cmt_euribor_1y5y_citi_2026-10-05.xlsx
2014-06-17,0.018190,0.651443,0.459415,1.581070,0.186009,0.729236,"Citi Velocity, exported by Charlie",france_italy_cmt_euribor_1y5y_citi_2026-10-05.xlsx
2014-06-18,0.015053,0.632235,0.469732,1.599330,0.189758,0.706144,"Citi Velocity, exported by Charlie",france_italy_cmt_euribor_1y5y_citi_2026-10-05.xlsx
2014-06-19,0.010077,0.578725,0.456759,1.569030,0.185319,0.674212,"Citi Velocity, exported by Charlie",france_italy_cmt_euribor_1y5y_citi_2026-10-05.xlsx
2014-06-20,0.013346,0.601674,0.477185,1.597660,0.193735,0.699423,"Citi Velocity, exported by Charlie",france_italy_cmt_euribor_1y5y_citi_2026-10-05.xlsx
2014-06-23,0.015316,0.596192,0.452449,1.557260,0.192170,0.678864,"Citi Velocity, exported by Charlie",france_italy_cmt_euribor_1y5y_citi_2026-10-05.xlsx
2014-06-24,0.013774,0.591392,0.438546,1.506690,0.189680,0.688415,"Citi Velocity, exported by Charlie",france_italy_cmt_euribor_1y5y_citi_2026-10-05.xlsx
2014-06-25,0.007126,0.559944,0.442915,1.484340,0.184012,0.657087,"Citi Velocity, exported by Charlie",france_italy_cmt_euribor_1y5y_citi_2026-10-05.xlsx
2014-06-26,0.007642,0.548260,0.445486,1.454400,0.179686,0.645496,"Citi Velocity, exported by Charlie",france_italy_cmt_euribor_1y5y_citi_2026-10-05.xlsx
2014-06-27,0.010613,0.577469,0.437816,1.453620,0.184843,0.667635,"Citi Velocity, exported by Charlie",france_italy_cmt_euribor_1y5y_citi_2026-10-05.xlsx
2014-06-30,0.029285,0.557116,0.440264,1.458840,0.181025,0.657194,"Citi Velocity, exported by Charlie",france_italy_cmt_euribor_1y5y_citi_2026-10-05.xlsx
2014-07-01,0.024463,0.545476,0.415350,1.430250,0.177821,0.647785,"Citi Velocity, exported by Charlie",france_italy_cmt_euribor_1y5y_citi_2026-10-05.xlsx
2014-07-02,0.028020,0.571444,0.414950,1.489030,0.181019,0.673987,"Citi Velocity, exported by Charlie",france_italy_cmt_euribor_1y5y_citi_2026-10-05.xlsx
2014-07-03,0.017542,0.556186,0.393551,1.441820,0.178183,0.683499,"Citi Velocity, exported by Charlie",france_italy_cmt_euribor_1y5y_citi_2026-10-05.xlsx
2014-07-04,0.019919,0.544733,0.363365,1.400170,0.176250,0.672171,"Citi Velocity, exported by Charlie",france_italy_cmt_euribor_1y5y_citi_2026-10-05.xlsx
2014-07-07,0.020436,0.530266,0.359730,1.401980,0.177501,0.661394,"Citi Velocity, exported by Charlie",france_italy_cmt_euribor_1y5y_citi_2026-10-05.xlsx
2014-07-08,0.021280,0.498754,0.379326,1.438260,0.177348,0.636874,"Citi Velocity, exported by Charlie",france_italy_cmt_euribor_1y5y_citi_2026-10-05.xlsx
2014-07-09,0.019548,0.505792,0.399338,1.471170,0.183129,0.645154,"Citi Velocity, exported by Charlie",france_italy_cmt_euribor_1y5y_citi_2026-10-05.xlsx
2014-07-10,0.017787,0.498296,0.426392,1.527140,0.184486,0.634735,"Citi Velocity, exported by Charlie",france_italy_cmt_euribor_1y5y_citi_2026-10-05.xlsx
2014-07-11,0.016480,0.500378,0.411706,1.492310,0.187318,0.632118,"Citi Velocity, exported by Charlie",france_italy_cmt_euribor_1y5y_citi_2026-10-05.xlsx
2014-07-14,0.019829,0.508280,0.408839,1.487470,0.192660,0.638010,"Citi Velocity, exported by Charlie",france_italy_cmt_euribor_1y5y_citi_2026-10-05.xlsx
2014-07-15,0.016589,0.511465,0.397138,1.466210,0.190952,0.642707,"Citi Velocity, exported by Charlie",france_italy_cmt_euribor_1y5y_citi_2026-10-05.xlsx
2014-07-16,0.015529,0.494254,0.385113,1.440660,0.189371,0.632375,"Citi Velocity, exported by Charlie",france_italy_cmt_euribor_1y5y_citi_2026-10-05.xlsx
2014-07-17,0.014542,0.483150,0.364274,1.406110,0.187364,0.621924,"Citi Velocity, exported by Charlie",france_italy_cmt_euribor_1y5y_citi_2026-10-05.xlsx
2014-07-18,0.020009,0.493621,0.367092,1.422150,0.192126,0.626502,"Citi Velocity, exported by Charlie",france_italy_cmt_euribor_1y5y_citi_2026-10-05.xlsx
2014-07-21,0.022941,0.482515,0.358651,1.387250,0.196441,0.622826,"Citi Velocity, exported by Charlie",france_italy_cmt_euribor_1y5y_citi_2026-10-05.xlsx
2014-07-22,0.029858,0.490390,0.362503,1.400700,0.203091,0.648805,"Citi Velocity, exported by Charlie",france_italy_cmt_euribor_1y5y_citi_2026-10-05.xlsx
2014-07-23,0.026833,0.466839,0.366514,1.377080,0.202179,0.631050,"Citi Velocity, exported by Charlie",france_italy_cmt_euribor_1y5y_citi_2026-10-05.xlsx
2014-07-24,0.025133,0.490455,0.362008,1.370560,0.205243,0.658767,"Citi Velocity, exported by Charlie",france_italy_cmt_euribor_1y5y_citi_2026-10-05.xlsx
2014-07-25,0.017626,0.472355,0.354112,1.347730,0.199345,0.630729,"Citi Velocity, exported by Charlie",france_italy_cmt_euribor_1y5y_citi_2026-10-05.xlsx
2014-07-28,0.018829,0.474824,0.334528,1.281550,0.201133,0.637965,"Citi Velocity, exported by Charlie",france_italy_cmt_euribor_1y5y_citi_2026-10-05.xlsx
2014-07-29,0.015353,0.459767,0.320618,1.269110,0.199698,0.624379,"Citi Velocity, exported by Charlie",france_italy_cmt_euribor_1y5y_citi_2026-10-05.xlsx
2014-07-30,0.017664,0.484027,0.344653,1.332390,0.201416,0.657766,"Citi Velocity, exported by Charlie",france_italy_cmt_euribor_1y5y_citi_2026-10-05.xlsx
2014-07-31,0.020579,0.482332,0.347130,1.340030,0.202619,0.652668,"Citi Velocity, exported by Charlie",france_italy_cmt_euribor_1y5y_citi_2026-10-05.xlsx
2014-08-01,0.014812,0.469896,0.354221,1.395670,0.201393,0.638491,"Citi Velocity, exported by Charlie",france_italy_cmt_euribor_1y5y_citi_2026-10-05.xlsx
2014-08-04,0.014842,0.466528,0.315851,1.337920,0.200996,0.645223,"Citi Velocity, exported by Charlie",france_italy_cmt_euribor_1y5y_citi_2026-10-05.xlsx
2014-08-05,0.015289,0.498377,0.310288,1.376180,0.202321,0.662522,"Citi Velocity, exported by Charlie",france_italy_cmt_euribor_1y5y_citi_2026-10-05.xlsx
2014-08-06,0.017638,0.473918,0.313784,1.429720,0.194990,0.626952,"Citi Velocity, exported by Charlie",france_italy_cmt_euribor_1y5y_citi_2026-10-05.xlsx
2014-08-07,0.010536,0.452483,0.314140,1.468810,0.192505,0.617158,"Citi Velocity, exported by Charlie",france_italy_cmt_euribor_1y5y_citi_2026-10-05.xlsx
2014-08-08,0.011524,0.437045,0.307406,1.444390,0.196798,0.618293,"Citi Velocity, exported by Charlie",france_italy_cmt_euribor_1y5y_citi_2026-10-05.xlsx
2014-08-11,0.004310,0.450200,0.282179,1.386920,0.192572,0.623702,"Citi Velocity, exported by Charlie",france_italy_cmt_euribor_1y5y_citi_2026-10-05.xlsx
2014-08-12,0.005895,0.439181,0.269172,1.341080,0.189153,0.613105,"Citi Velocity, exported by Charlie",france_italy_cmt_euribor_1y5y_citi_2026-10-05.xlsx
2014-08-13,0.006029,0.417367,0.267748,1.349490,0.187061,0.588161,"Citi Velocity, exported by Charlie",france_italy_cmt_euribor_1y5y_citi_2026-10-05.xlsx
2014-08-14,-0.001018,0.399425,0.245107,1.295840,0.182856,0.583555,"Citi Velocity, exported by Charlie",france_italy_cmt_euribor_1y5y_citi_2026-10-05.xlsx
2014-08-15,-0.003545,0.378960,0.261713,1.254680,0.180416,0.562769,"Citi Velocity, exported by Charlie",france_italy_cmt_euribor_1y5y_citi_2026-10-05.xlsx
2014-08-18,-0.004834,0.418437,0.274056,1.294890,0.179981,0.587004,"Citi Velocity, exported by Charlie",france_italy_cmt_euribor_1y5y_citi_2026-10-05.xlsx
2014-08-19,-0.011538,0.403620,0.268022,1.255860,0.171235,0.571076,"Citi Velocity, exported by Charlie",france_italy_cmt_euribor_1y5y_citi_2026-10-05.xlsx
2014-08-20,-0.010581,0.397011,0.268730,1.256100,0.167338,0.555557,"Citi Velocity, exported by Charlie",france_italy_cmt_euribor_1y5y_citi_2026-10-05.xlsx
2014-08-21,-0.010390,0.406927,0.264740,1.231900,0.166336,0.564461,"Citi Velocity, exported by Charlie",france_italy_cmt_euribor_1y5y_citi_2026-10-05.xlsx
2014-08-22,-0.007268,0.401688,0.254678,1.219520,0.167536,0.560447,"Citi Velocity, exported by Charlie",france_italy_cmt_euribor_1y5y_citi_2026-10-05.xlsx
2014-08-25,,,,,0.165371,0.559014,"Citi Velocity, exported by Charlie",france_italy_cmt_euribor_1y5y_citi_2026-10-05.xlsx
2014-08-26,-0.011134,0.349104,0.229222,1.118100,0.134838,0.521302,"Citi Velocity, exported by Charlie",france_italy_cmt_euribor_1y5y_citi_2026-10-05.xlsx
2014-08-27,-0.014044,0.318022,0.266725,1.123550,0.143190,0.499373,"Citi Velocity, exported by Charlie",france_italy_cmt_euribor_1y5y_citi_2026-10-05.xlsx
2014-08-28,-0.013774,0.320125,0.292906,1.203230,0.147342,0.500643,"Citi Velocity, exported by Charlie",france_italy_cmt_euribor_1y5y_citi_2026-10-05.xlsx
2014-08-29,-0.024481,0.330787,0.284258,1.208740,0.133670,0.501421,"Citi Velocity, exported by Charlie",france_italy_cmt_euribor_1y5y_citi_2026-10-05.xlsx
2014-09-01,-0.028171,0.326323,0.267920,1.192110,0.125957,0.486431,"Citi Velocity, exported by Charlie",france_italy_cmt_euribor_1y5y_citi_2026-10-05.xlsx
2014-09-02,-0.028450,0.351418,0.273734,1.218900,0.125164,0.500101,"Citi Velocity, exported by Charlie",france_italy_cmt_euribor_1y5y_citi_2026-10-05.xlsx
2014-09-03,-0.022489,0.376929,0.272109,1.216990,0.129929,0.511259,"Citi Velocity, exported by Charlie",france_italy_cmt_euribor_1y5y_citi_2026-10-05.xlsx
2014-09-04,-0.078323,0.305511,0.201935,1.113260,0.095899,0.472817,"Citi Velocity, exported by Charlie",france_italy_cmt_euribor_1y5y_citi_2026-10-05.xlsx
2014-09-05,-0.072273,0.277842,0.194017,1.040250,0.079920,0.457428,"Citi Velocity, exported by Charlie",france_italy_cmt_euribor_1y5y_citi_2026-10-05.xlsx
2014-09-08,-0.076562,0.290039,0.212856,1.077450,0.076978,0.461990,"Citi Velocity, exported by Charlie",france_italy_cmt_euribor_1y5y_citi_2026-10-05.xlsx
2014-09-09,-0.073931,0.335777,0.246787,1.129290,0.077120,0.485487,"Citi Velocity, exported by Charlie",france_italy_cmt_euribor_1y5y_citi_2026-10-05.xlsx
2014-09-10,-0.074841,0.356193,0.258322,1.173290,0.077705,0.490487,"Citi Velocity, exported by Charlie",france_italy_cmt_euribor_1y5y_citi_2026-10-05.xlsx
2014-09-11,-0.082016,0.381718,0.259907,1.217230,0.075045,0.487429,"Citi Velocity, exported by Charlie",france_italy_cmt_euribor_1y5y_citi_2026-10-05.xlsx
2014-09-12,-0.047652,0.383532,0.279870,1.245260,0.081448,0.515141,"Citi Velocity, exported by Charlie",france_italy_cmt_euribor_1y5y_citi_2026-10-05.xlsx
2014-09-15,-0.050263,0.372688,0.278792,1.244930,0.074240,0.494306,"Citi Velocity, exported by Charlie",france_italy_cmt_euribor_1y5y_citi_2026-10-05.xlsx
2014-09-16,-0.027864,0.389287,0.288412,1.235530,0.082038,0.505306,"Citi Velocity, exported by Charlie",france_italy_cmt_euribor_1y5y_citi_2026-10-05.xlsx
2014-09-17,-0.032688,0.365335,0.277565,1.159610,0.076718,0.490894,"Citi Velocity, exported by Charlie",france_italy_cmt_euribor_1y5y_citi_2026-10-05.xlsx
2014-09-18,-0.023864,0.418514,0.293551,1.174330,0.084490,0.535329,"Citi Velocity, exported by Charlie",france_italy_cmt_euribor_1y5y_citi_2026-10-05.xlsx
2014-09-19,-0.033266,0.363296,0.274554,1.108640,0.074605,0.497348,"Citi Velocity, exported by Charlie",france_italy_cmt_euribor_1y5y_citi_2026-10-05.xlsx
2014-09-22,-0.036566,0.340029,0.274085,1.123430,0.074718,0.487041,"Citi Velocity, exported by Charlie",france_italy_cmt_euribor_1y5y_citi_2026-10-05.xlsx
2014-09-23,-0.038343,0.350168,0.291954,1.148750,0.083744,0.493363,"Citi Velocity, exported by Charlie",france_italy_cmt_euribor_1y5y_citi_2026-10-05.xlsx
2014-09-24,-0.044991,0.343627,0.307289,1.138820,0.079676,0.489364,"Citi Velocity, exported by Charlie",france_italy_cmt_euribor_1y5y_citi_2026-10-05.xlsx
2014-09-25,-0.048299,0.324161,0.304487,1.113420,0.077419,0.466187,"Citi Velocity, exported by Charlie",france_italy_cmt_euribor_1y5y_citi_2026-10-05.xlsx
2014-09-26,-0.046861,0.318811,0.304586,1.140880,0.076740,0.462494,"Citi Velocity, exported by Charlie",france_italy_cmt_euribor_1y5y_citi_2026-10-05.xlsx
2014-09-29,-0.039922,0.319157,0.312014,1.169650,0.075494,0.463873,"Citi Velocity, exported by Charlie",france_italy_cmt_euribor_1y5y_citi_2026-10-05.xlsx
2014-09-30,-0.045938,0.307533,0.294406,1.129090,0.072898,0.446590,"Citi Velocity, exported by Charlie",france_italy_cmt_euribor_1y5y_citi_2026-10-05.xlsx
2014-10-01,-0.045854,0.290075,0.283521,1.073080,0.068019,0.426048,"Citi Velocity, exported by Charlie",france_italy_cmt_euribor_1y5y_citi_2026-10-05.xlsx
2014-10-02,-0.046043,0.306776,0.303555,1.117300,0.068557,0.440795,"Citi Velocity, exported by Charlie",france_italy_cmt_euribor_1y5y_citi_2026-10-05.xlsx
2014-10-03,-0.041212,0.327590,0.306157,1.120170,0.075334,0.465104,"Citi Velocity, exported by Charlie",france_italy_cmt_euribor_1y5y_citi_2026-10-05.xlsx
2014-10-06,-0.042698,0.317150,0.298908,1.143790,0.071917,0.451685,"Citi Velocity, exported by Charlie",france_italy_cmt_euribor_1y5y_citi_2026-10-05.xlsx
2014-10-07,-0.029376,0.330277,0.324953,1.161400,0.073194,0.450948,"Citi Velocity, exported by Charlie",france_italy_cmt_euribor_1y5y_citi_2026-10-05.xlsx
2014-10-08,-0.037164,0.319591,0.347757,1.167190,0.075646,0.453236,"Citi Velocity, exported by Charlie",france_italy_cmt_euribor_1y5y_citi_2026-10-05.xlsx
2014-10-09,-0.036457,0.309425,0.350768,1.143890,0.077751,0.454744,"Citi Velocity, exported by Charlie",france_italy_cmt_euribor_1y5y_citi_2026-10-05.xlsx
2014-10-10,-0.038213,0.314828,0.339661,1.146950,0.085860,0.458819,"Citi Velocity, exported by Charlie",france_italy_cmt_euribor_1y5y_citi_2026-10-05.xlsx
2014-10-13,-0.026105,0.325991,0.347537,1.161910,0.092803,0.464268,"Citi Velocity, exported by Charlie",france_italy_cmt_euribor_1y5y_citi_2026-10-05.xlsx
2014-10-14,-0.036439,0.295683,0.355905,1.150480,0.087061,0.440426,"Citi Velocity, exported by Charlie",france_italy_cmt_euribor_1y5y_citi_2026-10-05.xlsx
2014-10-15,-0.035896,0.268220,0.407212,1.224930,0.089772,0.407960,"Citi Velocity, exported by Charlie",france_italy_cmt_euribor_1y5y_citi_2026-10-05.xlsx
2014-10-16,-0.023925,0.361141,0.572403,1.435770,0.107490,0.476094,"Citi Velocity, exported by Charlie",france_italy_cmt_euribor_1y5y_citi_2026-10-05.xlsx
2014-10-17,-0.025752,0.383340,0.492937,1.333230,0.099499,0.474083,"Citi Velocity, exported by Charlie",france_italy_cmt_euribor_1y5y_citi_2026-10-05.xlsx
2014-10-20,-0.029356,0.380126,0.507729,1.395850,0.094521,0.458926,"Citi Velocity, exported by Charlie",france_italy_cmt_euribor_1y5y_citi_2026-10-05.xlsx
2014-10-21,-0.020172,0.365167,0.481038,1.349800,0.100939,0.476968,"Citi Velocity, exported by Charlie",france_italy_cmt_euribor_1y5y_citi_2026-10-05.xlsx
2014-10-22,-0.017646,0.349002,0.471240,1.337600,0.103526,0.469683,"Citi Velocity, exported by Charlie",france_italy_cmt_euribor_1y5y_citi_2026-10-05.xlsx
2014-10-23,-0.018463,0.360417,0.492216,1.330280,0.099133,0.487112,"Citi Velocity, exported by Charlie",france_italy_cmt_euribor_1y5y_citi_2026-10-05.xlsx
2014-10-24,-0.017127,0.367802,0.512434,1.356150,0.104880,0.485046,"Citi Velocity, exported by Charlie",france_italy_cmt_euribor_1y5y_citi_2026-10-05.xlsx
2014-10-27,-0.018243,0.360161,0.522792,1.383950,0.104354,0.481036,"Citi Velocity, exported by Charlie",france_italy_cmt_euribor_1y5y_citi_2026-10-05.xlsx
2014-10-28,-0.016896,0.354055,0.535413,1.389380,0.100863,0.485443,"Citi Velocity, exported by Charlie",france_italy_cmt_euribor_1y5y_citi_2026-10-05.xlsx
2014-10-29,-0.022597,0.346711,0.532546,1.372650,0.099810,0.490084,"Citi Velocity, exported by Charlie",france_italy_cmt_euribor_1y5y_citi_2026-10-05.xlsx
2014-10-30,-0.021691,0.320368,0.525640,1.359270,0.095620,0.465060,"Citi Velocity, exported by Charlie",france_italy_cmt_euribor_1y5y_citi_2026-10-05.xlsx
2014-10-31,-0.015745,0.283471,0.486706,1.288200,0.091943,0.448880,"Citi Velocity, exported by Charlie",france_italy_cmt_euribor_1y5y_citi_2026-10-05.xlsx
2014-11-03,-0.014054,0.317180,0.483928,1.301620,0.089692,0.458328,"Citi Velocity, exported by Charlie",france_italy_cmt_euribor_1y5y_citi_2026-10-05.xlsx
2014-11-04,-0.015024,0.287405,0.461615,1.306040,0.085753,0.421393,"Citi Velocity, exported by Charlie",france_italy_cmt_euribor_1y5y_citi_2026-10-05.xlsx
2014-11-05,-0.011744,0.292662,0.462574,1.323820,0.082682,0.427308,"Citi Velocity, exported by Charlie",france_italy_cmt_euribor_1y5y_citi_2026-10-05.xlsx
2014-11-06,-0.011188,0.287980,0.431036,1.263270,0.080827,0.430679,"Citi Velocity, exported by Charlie",france_italy_cmt_euribor_1y5y_citi_2026-10-05.xlsx
2014-11-07,-0.009439,0.281602,0.435848,1.283980,0.079465,0.424107,"Citi Velocity, exported by Charlie",france_italy_cmt_euribor_1y5y_citi_2026-10-05.xlsx
2014-11-10,-0.011207,0.282967,0.416878,1.264000,0.082375,0.426730,"Citi Velocity, exported by Charlie",france_italy_cmt_euribor_1y5y_citi_2026-10-05.xlsx
2014-11-11,-0.008869,0.274848,0.406204,1.241210,0.082488,0.431989,"Citi Velocity, exported by Charlie",france_italy_cmt_euribor_1y5y_citi_2026-10-05.xlsx
2014-11-12,-0.014547,0.277756,0.406214,1.260490,0.079848,0.418108,"Citi Velocity, exported by Charlie",france_italy_cmt_euribor_1y5y_citi_2026-10-05.xlsx
2014-11-13,-0.011456,0.280819,0.420478,1.275760,0.080049,0.406496,"Citi Velocity, exported by Charlie",france_italy_cmt_euribor_1y5y_citi_2026-10-05.xlsx
2014-11-14,-0.010706,0.267570,0.414981,1.258300,0.083702,0.407584,"Citi Velocity, exported by Charlie",france_italy_cmt_euribor_1y5y_citi_2026-10-05.xlsx
2014-11-17,-0.007888,0.270712,0.402824,1.199350,0.084619,0.418213,"Citi Velocity, exported by Charlie",france_italy_cmt_euribor_1y5y_citi_2026-10-05.xlsx
2014-11-18,-0.005172,0.281174,0.419680,1.213240,0.089133,0.431354,"Citi Velocity, exported by Charlie",france_italy_cmt_euribor_1y5y_citi_2026-10-05.xlsx
2014-11-19,-0.006591,0.323131,0.429567,1.220840,0.093473,0.461703,"Citi Velocity, exported by Charlie",france_italy_cmt_euribor_1y5y_citi_2026-10-05.xlsx
2014-11-20,-0.010561,0.297650,0.426610,1.210130,0.086767,0.425579,"Citi Velocity, exported by Charlie",france_italy_cmt_euribor_1y5y_citi_2026-10-05.xlsx
2014-11-21,-0.011222,0.279174,0.381934,1.126630,0.077703,0.410230,"Citi Velocity, exported by Charlie",france_italy_cmt_euribor_1y5y_citi_2026-10-05.xlsx
2014-11-24,-0.013030,0.275590,0.368230,1.094440,0.078614,0.411586,"Citi Velocity, exported by Charlie",france_italy_cmt_euribor_1y5y_citi_2026-10-05.xlsx
2014-11-25,-0.014198,0.255422,0.369272,1.063080,0.079649,0.401158,"Citi Velocity, exported by Charlie",france_italy_cmt_euribor_1y5y_citi_2026-10-05.xlsx
2014-11-26,-0.015584,0.259767,0.385832,1.091390,0.080832,0.397957,"Citi Velocity, exported by Charlie",france_italy_cmt_euribor_1y5y_citi_2026-10-05.xlsx
2014-11-27,-0.016797,0.245408,0.379512,1.060160,0.080444,0.396271,"Citi Velocity, exported by Charlie",france_italy_cmt_euribor_1y5y_citi_2026-10-05.xlsx
2014-11-28,-0.008766,0.253842,0.390665,1.066360,0.079628,0.399919,"Citi Velocity, exported by Charlie",france_italy_cmt_euribor_1y5y_citi_2026-10-05.xlsx
2014-12-01,-0.013218,0.268357,0.396625,1.059320,0.085355,0.421477,"Citi Velocity, exported by Charlie",france_italy_cmt_euribor_1y5y_citi_2026-10-05.xlsx
2014-12-02,-0.015354,0.268737,0.386159,1.052760,0.081400,0.421485,"Citi Velocity, exported by Charlie",france_italy_cmt_euribor_1y5y_citi_2026-10-05.xlsx
2014-12-03,-0.017210,0.252716,0.373354,1.019470,0.075233,0.404147,"Citi Velocity, exported by Charlie",france_italy_cmt_euribor_1y5y_citi_2026-10-05.xlsx
2014-12-04,-0.012353,0.267685,0.389812,1.060830,0.085154,0.428605,"Citi Velocity, exported by Charlie",france_italy_cmt_euribor_1y5y_citi_2026-10-05.xlsx
2014-12-05,-0.014014,0.264895,0.378793,1.009570,0.086298,0.431910,"Citi Velocity, exported by Charlie",france_italy_cmt_euribor_1y5y_citi_2026-10-05.xlsx
2014-12-08,-0.013045,0.238664,0.381031,1.025730,0.082957,0.410063,"Citi Velocity, exported by Charlie",france_italy_cmt_euribor_1y5y_citi_2026-10-05.xlsx
2014-12-09,-0.012824,0.249590,0.437661,1.113910,0.082149,0.409965,"Citi Velocity, exported by Charlie",france_italy_cmt_euribor_1y5y_citi_2026-10-05.xlsx
2014-12-10,-0.018039,0.252253,0.453028,1.158520,0.090466,0.406779,"Citi Velocity, exported by Charlie",france_italy_cmt_euribor_1y5y_citi_2026-10-05.xlsx
2014-12-11,-0.018676,0.251826,0.447893,1.169320,0.090120,0.400354,"Citi Velocity, exported by Charlie",france_italy_cmt_euribor_1y5y_citi_2026-10-05.xlsx
2014-12-12,-0.019494,0.231640,0.482385,1.226830,0.087621,0.386934,"Citi Velocity, exported by Charlie",france_italy_cmt_euribor_1y5y_citi_2026-10-05.xlsx
2014-12-15,-0.020188,0.232757,0.501282,1.194380,0.084291,0.390350,"Citi Velocity, exported by Charlie",france_italy_cmt_euribor_1y5y_citi_2026-10-05.xlsx
2014-12-16,-0.019634,0.228287,0.509918,1.207100,0.092070,0.395617,"Citi Velocity, exported by Charlie",france_italy_cmt_euribor_1y5y_citi_2026-10-05.xlsx
2014-12-17,-0.029415,0.223058,0.495606,1.167940,0.088801,0.390356,"Citi Velocity, exported by Charlie",france_italy_cmt_euribor_1y5y_citi_2026-10-05.xlsx
2014-12-18,-0.026555,0.223839,0.463712,1.133100,0.082714,0.396967,"Citi Velocity, exported by Charlie",france_italy_cmt_euribor_1y5y_citi_2026-10-05.xlsx
2014-12-19,-0.035366,0.221152,0.452917,1.098860,0.077921,0.389068,"Citi Velocity, exported by Charlie",france_italy_cmt_euribor_1y5y_citi_2026-10-05.xlsx
2014-12-22,-0.046472,0.212344,0.425750,1.066220,0.073889,0.390071,"Citi Velocity, exported by Charlie",france_italy_cmt_euribor_1y5y_citi_2026-10-05.xlsx
2014-12-23,-0.045788,0.211884,0.398439,1.055910,0.074401,0.392745,"Citi Velocity, exported by Charlie",france_italy_cmt_euribor_1y5y_citi_2026-10-05.xlsx
2014-12-24,,,,,0.074652,0.392644,"Citi Velocity, exported by Charlie",france_italy_cmt_euribor_1y5y_citi_2026-10-05.xlsx
2014-12-25,,,,,0.074653,0.392644,"Citi Velocity, exported by Charlie",france_italy_cmt_euribor_1y5y_citi_2026-10-05.xlsx
2014-12-26,,,,,0.074654,0.392643,"Citi Velocity, exported by Charlie",france_italy_cmt_euribor_1y5y_citi_2026-10-05.xlsx
2014-12-29,-0.050201,0.175532,0.425142,1.094700,0.069214,0.365444,"Citi Velocity, exported by Charlie",france_italy_cmt_euribor_1y5y_citi_2026-10-05.xlsx
2014-12-30,-0.057866,0.177239,0.384142,1.018510,0.068258,0.362052,"Citi Velocity, exported by Charlie",france_italy_cmt_euribor_1y5y_citi_2026-10-05.xlsx
2014-12-31,,,,,0.068097,0.362103,"Citi Velocity, exported by Charlie",france_italy_cmt_euribor_1y5y_citi_2026-10-05.xlsx
2015-01-01,,,,,0.068097,0.362103,"Citi Velocity, exported by Charlie",france_italy_cmt_euribor_1y5y_citi_2026-10-05.xlsx
2015-01-02,-0.054666,0.138137,0.292384,0.894055,0.056374,0.338168,"Citi Velocity, exported by Charlie",france_italy_cmt_euribor_1y5y_citi_2026-10-05.xlsx
2015-01-05,-0.050137,0.146107,0.310233,0.967742,0.056551,0.349270,"Citi Velocity, exported by Charlie",france_italy_cmt_euribor_1y5y_citi_2026-10-05.xlsx
2015-01-06,-0.053839,0.132382,0.325069,1.001250,0.055354,0.337506,"Citi Velocity, exported by Charlie",france_italy_cmt_euribor_1y5y_citi_2026-10-05.xlsx
2015-01-07,-0.072455,0.157801,0.348845,1.096610,0.054558,0.338188,"Citi Velocity, exported by Charlie",france_italy_cmt_euribor_1y5y_citi_2026-10-05.xlsx
2015-01-08,-0.086474,0.167586,0.320110,1.047560,0.057786,0.347344,"Citi Velocity, exported by Charlie",france_italy_cmt_euribor_1y5y_citi_2026-10-05.xlsx
2015-01-09,-0.096131,0.151830,0.319615,1.097110,0.052045,0.335357,"Citi Velocity, exported by Charlie",france_italy_cmt_euribor_1y5y_citi_2026-10-05.xlsx
2015-01-12,-0.096574,0.148510,0.303157,1.012320,0.053860,0.336679,"Citi Velocity, exported by Charlie",france_italy_cmt_euribor_1y5y_citi_2026-10-05.xlsx
2015-01-13,-0.094523,0.124783,0.302171,1.010750,0.052414,0.334970,"Citi Velocity, exported by Charlie",france_italy_cmt_euribor_1y5y_citi_2026-10-05.xlsx
2015-01-14,-0.097897,0.081194,0.294027,0.979801,0.047083,0.318883,"Citi Velocity, exported by Charlie",france_italy_cmt_euribor_1y5y_citi_2026-10-05.xlsx
2015-01-15,-0.120098,0.085676,0.289207,0.956007,0.022735,0.295323,"Citi Velocity, exported by Charlie",france_italy_cmt_euribor_1y5y_citi_2026-10-05.xlsx
2015-01-16,-0.132394,0.069116,0.279628,0.898038,0.017782,0.287642,"Citi Velocity, exported by Charlie",france_italy_cmt_euribor_1y5y_citi_2026-10-05.xlsx
2015-01-19,-0.136261,0.071575,0.274393,0.884954,0.016851,0.276371,"Citi Velocity, exported by Charlie",france_italy_cmt_euribor_1y5y_citi_2026-10-05.xlsx
2015-01-20,-0.127281,0.106221,0.273009,0.891908,0.023404,0.292554,"Citi Velocity, exported by Charlie",france_italy_cmt_euribor_1y5y_citi_2026-10-05.xlsx
2015-01-21,-0.129127,0.156141,0.267174,0.916603,0.027203,0.337977,"Citi Velocity, exported by Charlie",france_italy_cmt_euribor_1y5y_citi_2026-10-05.xlsx
2015-01-22,-0.134350,0.118869,0.211677,0.823793,0.019422,0.308509,"Citi Velocity, exported by Charlie",france_italy_cmt_euribor_1y5y_citi_2026-10-05.xlsx
2015-01-23,-0.130025,0.080211,0.201758,0.816710,0.021573,0.275233,"Citi Velocity, exported by Charlie",france_italy_cmt_euribor_1y5y_citi_2026-10-05.xlsx
2015-01-26,-0.112342,0.110588,0.222445,0.822728,0.035543,0.316309,"Citi Velocity, exported by Charlie",france_italy_cmt_euribor_1y5y_citi_2026-10-05.xlsx
2015-01-27,-0.103861,0.114160,0.237645,0.864226,0.022300,0.294472,"Citi Velocity, exported by Charlie",france_italy_cmt_euribor_1y5y_citi_2026-10-05.xlsx
2015-01-28,-0.099702,0.102919,0.259795,0.919511,0.025598,0.287812,"Citi Velocity, exported by Charlie",france_italy_cmt_euribor_1y5y_citi_2026-10-05.xlsx
2015-01-29,-0.101792,0.098235,0.253823,0.894046,0.039412,0.314544,"Citi Velocity, exported by Charlie",france_italy_cmt_euribor_1y5y_citi_2026-10-05.xlsx
2015-01-30,-0.099644,0.058451,0.246297,0.902847,0.053906,0.294338,"Citi Velocity, exported by Charlie",france_italy_cmt_euribor_1y5y_citi_2026-10-05.xlsx
2015-02-02,-0.097560,0.052259,0.232864,0.904456,0.049901,0.304916,"Citi Velocity, exported by Charlie",france_italy_cmt_euribor_1y5y_citi_2026-10-05.xlsx
2015-02-03,-0.107461,0.063035,0.218085,0.887533,0.041063,0.307382,"Citi Velocity, exported by Charlie",france_italy_cmt_euribor_1y5y_citi_2026-10-05.xlsx
2015-02-04,-0.106980,0.067359,0.204101,0.848442,0.045299,0.318293,"Citi Velocity, exported by Charlie",france_italy_cmt_euribor_1y5y_citi_2026-10-05.xlsx
2015-02-05,-0.115398,0.072983,0.202128,0.842710,0.048100,0.313555,"Citi Velocity, exported by Charlie",france_italy_cmt_euribor_1y5y_citi_2026-10-05.xlsx
2015-02-06,-0.116232,0.091149,0.202551,0.863620,0.049667,0.317217,"Citi Velocity, exported by Charlie",france_italy_cmt_euribor_1y5y_citi_2026-10-05.xlsx
2015-02-09,-0.119165,0.087253,0.224620,0.937330,0.056799,0.315146,"Citi Velocity, exported by Charlie",france_italy_cmt_euribor_1y5y_citi_2026-10-05.xlsx
2015-02-10,-0.123686,0.102974,0.229361,0.956402,0.049571,0.318621,"Citi Velocity, exported by Charlie",france_italy_cmt_euribor_1y5y_citi_2026-10-05.xlsx
2015-02-11,-0.125118,0.091264,0.226069,0.931243,0.050333,0.313931,"Citi Velocity, exported by Charlie",france_italy_cmt_euribor_1y5y_citi_2026-10-05.xlsx
2015-02-12,-0.122722,0.076258,0.220176,0.907745,0.041572,0.297579,"Citi Velocity, exported by Charlie",france_italy_cmt_euribor_1y5y_citi_2026-10-05.xlsx
2015-02-13,-0.119124,0.072653,0.211300,0.877881,0.040993,0.299856,"Citi Velocity, exported by Charlie",france_italy_cmt_euribor_1y5y_citi_2026-10-05.xlsx
2015-02-16,-0.121044,0.079061,0.214457,0.875238,0.042147,0.294762,"Citi Velocity, exported by Charlie",france_italy_cmt_euribor_1y5y_citi_2026-10-05.xlsx
2015-02-17,-0.118291,0.092081,0.216114,0.875498,0.044905,0.309529,"Citi Velocity, exported by Charlie",france_italy_cmt_euribor_1y5y_citi_2026-10-05.xlsx
2015-02-18,-0.121893,0.083598,0.212568,0.865314,0.040832,0.310565,"Citi Velocity, exported by Charlie",france_italy_cmt_euribor_1y5y_citi_2026-10-05.xlsx
2015-02-19,-0.116653,0.085050,0.208955,0.832404,0.043441,0.305459,"Citi Velocity, exported by Charlie",france_italy_cmt_euribor_1y5y_citi_2026-10-05.xlsx
2015-02-20,-0.113501,0.074048,0.209293,0.797597,0.052949,0.306127,"Citi Velocity, exported by Charlie",france_italy_cmt_euribor_1y5y_citi_2026-10-05.xlsx
2015-02-23,-0.117362,0.058225,0.190428,0.739275,0.035199,0.296603,"Citi Velocity, exported by Charlie",france_italy_cmt_euribor_1y5y_citi_2026-10-05.xlsx
2015-02-24,-0.119922,0.054798,0.179509,0.700564,0.030462,0.291834,"Citi Velocity, exported by Charlie",france_italy_cmt_euribor_1y5y_citi_2026-10-05.xlsx
2015-02-25,-0.128189,0.031836,0.166346,0.714618,0.022208,0.267242,"Citi Velocity, exported by Charlie",france_italy_cmt_euribor_1y5y_citi_2026-10-05.xlsx
2015-02-26,-0.137889,0.011468,0.146186,0.627039,0.012895,0.260207,"Citi Velocity, exported by Charlie",france_italy_cmt_euribor_1y5y_citi_2026-10-05.xlsx
2015-02-27,-0.132538,0.027454,0.140527,0.633405,0.013070,0.270499,"Citi Velocity, exported by Charlie",france_italy_cmt_euribor_1y5y_citi_2026-10-05.xlsx
2015-03-02,-0.128759,0.053581,0.130623,0.634063,0.015459,0.280285,"Citi Velocity, exported by Charlie",france_italy_cmt_euribor_1y5y_citi_2026-10-05.xlsx
2015-03-03,-0.135739,0.067575,0.143583,0.675307,0.018062,0.281572,"Citi Velocity, exported by Charlie",france_italy_cmt_euribor_1y5y_citi_2026-10-05.xlsx
2015-03-04,-0.132823,0.075034,0.147709,0.674519,0.020425,0.296150,"Citi Velocity, exported by Charlie",france_italy_cmt_euribor_1y5y_citi_2026-10-05.xlsx
2015-03-05,-0.128739,0.063371,0.113737,0.610245,0.016470,0.306607,"Citi Velocity, exported by Charlie",france_italy_cmt_euribor_1y5y_citi_2026-10-05.xlsx
2015-03-06,-0.138783,0.065599,0.110060,0.594059,0.017636,0.334924,"Citi Velocity, exported by Charlie",france_italy_cmt_euribor_1y5y_citi_2026-10-05.xlsx
2015-03-09,-0.138738,0.025597,0.114247,0.581646,0.012969,0.301548,"Citi Velocity, exported by Charlie",france_italy_cmt_euribor_1y5y_citi_2026-10-05.xlsx
2015-03-10,-0.147496,-0.003809,0.114729,0.537289,0.006286,0.271341,"Citi Velocity, exported by Charlie",france_italy_cmt_euribor_1y5y_citi_2026-10-05.xlsx
2015-03-11,-0.153961,-0.021153,0.105305,0.493679,0.004933,0.247746,"Citi Velocity, exported by Charlie",france_italy_cmt_euribor_1y5y_citi_2026-10-05.xlsx
2015-03-12,-0.161907,-0.005351,0.107601,0.530492,0.003337,0.271915,"Citi Velocity, exported by Charlie",france_italy_cmt_euribor_1y5y_citi_2026-10-05.xlsx
2015-03-13,-0.159654,0.012382,0.108214,0.552005,0.002257,0.272305,"Citi Velocity, exported by Charlie",france_italy_cmt_euribor_1y5y_citi_2026-10-05.xlsx
2015-03-16,-0.151086,0.027763,0.106315,0.545196,0.002291,0.282372,"Citi Velocity, exported by Charlie",france_italy_cmt_euribor_1y5y_citi_2026-10-05.xlsx
2015-03-17,-0.146082,0.054769,0.123625,0.630678,0.015763,0.288139,"Citi Velocity, exported by Charlie",france_italy_cmt_euribor_1y5y_citi_2026-10-05.xlsx
2015-03-18,-0.154710,0.018272,0.133501,0.699269,0.013120,0.254271,"Citi Velocity, exported by Charlie",france_italy_cmt_euribor_1y5y_citi_2026-10-05.xlsx
2015-03-19,-0.161226,0.010254,0.115470,0.640216,0.011280,0.251391,"Citi Velocity, exported by Charlie",france_italy_cmt_euribor_1y5y_citi_2026-10-05.xlsx
2015-03-20,-0.164548,0.007599,0.108977,0.616006,0.008107,0.251977,"Citi Velocity, exported by Charlie",france_italy_cmt_euribor_1y5y_citi_2026-10-05.xlsx
2015-03-23,-0.163510,0.049137,0.139788,0.669063,0.014885,0.274108,"Citi Velocity, exported by Charlie",france_italy_cmt_euribor_1y5y_citi_2026-10-05.xlsx
2015-03-24,-0.164206,0.062108,0.145404,0.687975,0.012172,0.283829,"Citi Velocity, exported by Charlie",france_italy_cmt_euribor_1y5y_citi_2026-10-05.xlsx
2015-03-25,-0.164366,0.058133,0.145696,0.689722,0.009627,0.266833,"Citi Velocity, exported by Charlie",france_italy_cmt_euribor_1y5y_citi_2026-10-05.xlsx
2015-03-26,-0.175536,0.039167,0.115724,0.689704,0.008845,0.257843,"Citi Velocity, exported by Charlie",france_italy_cmt_euribor_1y5y_citi_2026-10-05.xlsx
2015-03-27,-0.173057,0.035630,0.106232,0.692264,0.009345,0.255144,"Citi Velocity, exported by Charlie",france_italy_cmt_euribor_1y5y_citi_2026-10-05.xlsx
2015-03-30,-0.175515,0.044173,0.095137,0.681430,0.006531,0.265233,"Citi Velocity, exported by Charlie",france_italy_cmt_euribor_1y5y_citi_2026-10-05.xlsx
2015-03-31,-0.176047,0.025762,0.074889,0.619860,0.005664,0.248821,"Citi Velocity, exported by Charlie",france_italy_cmt_euribor_1y5y_citi_2026-10-05.xlsx
2015-04-01,-0.177809,0.029166,0.067208,0.608827,0.008031,0.251526,"Citi Velocity, exported by Charlie",france_italy_cmt_euribor_1y5y_citi_2026-10-05.xlsx
2015-04-02,-0.180761,0.036802,0.062813,0.626667,0.011953,0.266114,"Citi Velocity, exported by Charlie",france_italy_cmt_euribor_1y5y_citi_2026-10-05.xlsx
2015-04-03,,,,,0.011954,0.266114,"Citi Velocity, exported by Charlie",france_italy_cmt_euribor_1y5y_citi_2026-10-05.xlsx
2015-04-06,,,,,0.011954,0.266114,"Citi Velocity, exported by Charlie",france_italy_cmt_euribor_1y5y_citi_2026-10-05.xlsx
2015-04-07,-0.185214,0.026578,0.045402,0.562297,0.008394,0.251814,"Citi Velocity, exported by Charlie",france_italy_cmt_euribor_1y5y_citi_2026-10-05.xlsx
2015-04-08,-0.189152,-0.001222,0.046494,0.574593,0.001284,0.222553,"Citi Velocity, exported by Charlie",france_italy_cmt_euribor_1y5y_citi_2026-10-05.xlsx
2015-04-09,-0.193218,-0.007847,0.047561,0.600620,-0.000900,0.219052,"Citi Velocity, exported by Charlie",france_italy_cmt_euribor_1y5y_citi_2026-10-05.xlsx
2015-04-10,-0.194563,-0.014952,0.045104,0.595938,-0.000985,0.217852,"Citi Velocity, exported by Charlie",france_italy_cmt_euribor_1y5y_citi_2026-10-05.xlsx
2015-04-13,-0.192423,-0.011925,0.045716,0.615229,-0.001727,0.212219,"Citi Velocity, exported by Charlie",france_italy_cmt_euribor_1y5y_citi_2026-10-05.xlsx
2015-04-14,-0.203499,-0.022829,0.054066,0.639349,-0.009459,0.199946,"Citi Velocity, exported by Charlie",france_italy_cmt_euribor_1y5y_citi_2026-10-05.xlsx
2015-04-15,-0.199633,-0.044730,0.045782,0.612986,-0.012146,0.191389,"Citi Velocity, exported by Charlie",france_italy_cmt_euribor_1y5y_citi_2026-10-05.xlsx
2015-04-16,-0.197323,-0.033859,0.053059,0.686350,-0.009814,0.192432,"Citi Velocity, exported by Charlie",france_italy_cmt_euribor_1y5y_citi_2026-10-05.xlsx
2015-04-17,-0.195926,-0.026221,0.068161,0.746858,-0.002585,0.187284,"Citi Velocity, exported by Charlie",france_italy_cmt_euribor_1y5y_citi_2026-10-05.xlsx
2015-04-20,-0.190396,-0.025594,0.062874,0.757194,0.000212,0.191792,"Citi Velocity, exported by Charlie",france_italy_cmt_euribor_1y5y_citi_2026-10-05.xlsx
2015-04-21,-0.189780,-0.021373,0.062794,0.742123,-0.004273,0.200616,"Citi Velocity, exported by Charlie",france_italy_cmt_euribor_1y5y_citi_2026-10-05.xlsx
2015-04-22,-0.187374,0.010101,0.052402,0.682304,-0.002595,0.236499,"Citi Velocity, exported by Charlie",france_italy_cmt_euribor_1y5y_citi_2026-10-05.xlsx
2015-04-23,-0.198443,-0.006631,0.055093,0.681527,-0.005328,0.217713,"Citi Velocity, exported by Charlie",france_italy_cmt_euribor_1y5y_citi_2026-10-05.xlsx
2015-04-24,-0.195953,-0.006617,0.056606,0.695366,-0.002476,0.213172,"Citi Velocity, exported by Charlie",france_italy_cmt_euribor_1y5y_citi_2026-10-05.xlsx
2015-04-27,-0.198729,-0.002815,0.054469,0.656140,-0.008488,0.212171,"Citi Velocity, exported by Charlie",france_italy_cmt_euribor_1y5y_citi_2026-10-05.xlsx
2015-04-28,-0.205157,-0.015485,0.049758,0.652252,-0.016527,0.204434,"Citi Velocity, exported by Charlie",france_italy_cmt_euribor_1y5y_citi_2026-10-05.xlsx
2015-04-29,-0.189023,0.074969,0.059545,0.738034,-0.009498,0.261312,"Citi Velocity, exported by Charlie",france_italy_cmt_euribor_1y5y_citi_2026-10-05.xlsx
2015-04-30,-0.183446,0.116725,0.057939,0.715049,-0.001777,0.307149,"Citi Velocity, exported by Charlie",france_italy_cmt_euribor_1y5y_citi_2026-10-05.xlsx
2015-05-01,,,,,-0.001776,0.307150,"Citi Velocity, exported by Charlie",france_italy_cmt_euribor_1y5y_citi_2026-10-05.xlsx
2015-05-04,,,,,-0.002215,0.307148,"Citi Velocity, exported by Charlie",france_italy_cmt_euribor_1y5y_citi_2026-10-05.xlsx
2015-05-05,-0.189596,0.193500,0.069657,0.923289,-0.003569,0.370701,"Citi Velocity, exported by Charlie",france_italy_cmt_euribor_1y5y_citi_2026-10-05.xlsx
2015-05-06,-0.189880,0.231704,0.071601,0.965091,-0.003364,0.403479,"Citi Velocity, exported by Charlie",france_italy_cmt_euribor_1y5y_citi_2026-10-05.xlsx
2015-05-07,-0.180883,0.229388,0.068370,0.874699,-0.004698,0.403779,"Citi Velocity, exported by Charlie",france_italy_cmt_euribor_1y5y_citi_2026-10-05.xlsx
2015-05-08,-0.187444,0.182078,0.052527,0.836840,-0.006186,0.362432,"Citi Velocity, exported by Charlie",france_italy_cmt_euribor_1y5y_citi_2026-10-05.xlsx
2015-05-11,-0.183531,0.207427,0.052105,0.856548,-0.005882,0.383091,"Citi Velocity, exported by Charlie",france_italy_cmt_euribor_1y5y_citi_2026-10-05.xlsx
2015-05-12,-0.177855,0.247062,0.053147,0.902182,-0.000853,0.415939,"Citi Velocity, exported by Charlie",france_italy_cmt_euribor_1y5y_citi_2026-10-05.xlsx
2015-05-13,-0.174814,0.252135,0.050261,0.911537,0.001460,0.423096,"Citi Velocity, exported by Charlie",france_italy_cmt_euribor_1y5y_citi_2026-10-05.xlsx
2015-05-14,-0.171971,0.262811,0.046739,0.898242,0.003878,0.435352,"Citi Velocity, exported by Charlie",france_italy_cmt_euribor_1y5y_citi_2026-10-05.xlsx
2015-05-15,-0.179673,0.232384,0.028338,0.840057,0.002229,0.403229,"Citi Velocity, exported by Charlie",france_italy_cmt_euribor_1y5y_citi_2026-10-05.xlsx
2015-05-18,-0.179692,0.232437,0.030234,0.900363,0.003589,0.407297,"Citi Velocity, exported by Charlie",france_italy_cmt_euribor_1y5y_citi_2026-10-05.xlsx
2015-05-19,-0.184593,0.210561,0.018725,0.833388,-0.001100,0.393344,"Citi Velocity, exported by Charlie",france_italy_cmt_euribor_1y5y_citi_2026-10-05.xlsx
2015-05-20,-0.189397,0.218378,0.011984,0.866359,-0.003256,0.397572,"Citi Velocity, exported by Charlie",france_italy_cmt_euribor_1y5y_citi_2026-10-05.xlsx
2015-05-21,-0.187765,0.220360,0.018364,0.889521,-0.002356,0.401380,"Citi Velocity, exported by Charlie",france_italy_cmt_euribor_1y5y_citi_2026-10-05.xlsx
2015-05-22,-0.191565,0.207814,0.022676,0.874917,0.002735,0.396800,"Citi Velocity, exported by Charlie",france_italy_cmt_euribor_1y5y_citi_2026-10-05.xlsx
2015-05-25,,,,,0.002868,0.396812,"Citi Velocity, exported by Charlie",france_italy_cmt_euribor_1y5y_citi_2026-10-05.xlsx
2015-05-26,-0.189334,0.175332,0.033457,0.941773,0.001025,0.374026,"Citi Velocity, exported by Charlie",france_italy_cmt_euribor_1y5y_citi_2026-10-05.xlsx
2015-05-27,-0.209438,0.167976,0.028293,0.901302,-0.002435,0.371204,"Citi Velocity, exported by Charlie",france_italy_cmt_euribor_1y5y_citi_2026-10-05.xlsx
2015-05-28,-0.195138,0.164648,0.031603,0.944165,0.000619,0.371240,"Citi Velocity, exported by Charlie",france_italy_cmt_euribor_1y5y_citi_2026-10-05.xlsx
2015-05-29,-0.195929,0.144287,0.027638,0.949883,0.004086,0.355046,"Citi Velocity, exported by Charlie",france_italy_cmt_euribor_1y5y_citi_2026-10-05.xlsx
2015-06-01,-0.198577,0.159882,0.028751,0.982688,0.003148,0.358506,"Citi Velocity, exported by Charlie",france_italy_cmt_euribor_1y5y_citi_2026-10-05.xlsx
2015-06-02,-0.192044,0.250462,0.047966,1.070190,0.007217,0.418783,"Citi Velocity, exported by Charlie",france_italy_cmt_euribor_1y5y_citi_2026-10-05.xlsx
2015-06-03,-0.187283,0.326255,0.043277,1.102720,0.007194,0.515978,"Citi Velocity, exported by Charlie",france_italy_cmt_euribor_1y5y_citi_2026-10-05.xlsx
2015-06-04,-0.189060,0.317009,0.044740,1.098800,0.005100,0.508882,"Citi Velocity, exported by Charlie",france_italy_cmt_euribor_1y5y_citi_2026-10-05.xlsx
2015-06-05,-0.192148,0.331056,0.048163,1.178760,0.007533,0.512703,"Citi Velocity, exported by Charlie",france_italy_cmt_euribor_1y5y_citi_2026-10-05.xlsx
2015-06-08,-0.187980,0.357033,0.041511,1.191380,0.012761,0.543287,"Citi Velocity, exported by Charlie",france_italy_cmt_euribor_1y5y_citi_2026-10-05.xlsx
2015-06-09,-0.179977,0.404161,0.045479,1.204840,0.018912,0.588387,"Citi Velocity, exported by Charlie",france_italy_cmt_euribor_1y5y_citi_2026-10-05.xlsx
2015-06-10,-0.175355,0.412628,0.061985,1.240860,0.017772,0.596624,"Citi Velocity, exported by Charlie",france_italy_cmt_euribor_1y5y_citi_2026-10-05.xlsx
2015-06-11,-0.185856,0.366515,0.067029,1.161790,0.025049,0.555366,"Citi Velocity, exported by Charlie",france_italy_cmt_euribor_1y5y_citi_2026-10-05.xlsx
2015-06-12,-0.183738,0.382105,0.131813,1.273630,0.034903,0.552703,"Citi Velocity, exported by Charlie",france_italy_cmt_euribor_1y5y_citi_2026-10-05.xlsx
2015-06-15,-0.182820,0.417480,0.234107,1.410860,0.042906,0.559630,"Citi Velocity, exported by Charlie",france_italy_cmt_euribor_1y5y_citi_2026-10-05.xlsx
2015-06-16,-0.185840,0.410304,0.224546,1.395540,0.039534,0.551016,"Citi Velocity, exported by Charlie",france_italy_cmt_euribor_1y5y_citi_2026-10-05.xlsx
2015-06-17,-0.189260,0.385565,0.197914,1.370660,0.037542,0.538325,"Citi Velocity, exported by Charlie",france_italy_cmt_euribor_1y5y_citi_2026-10-05.xlsx
2015-06-18,-0.190728,0.366043,0.203029,1.343150,0.028675,0.531598,"Citi Velocity, exported by Charlie",france_italy_cmt_euribor_1y5y_citi_2026-10-05.xlsx
2015-06-19,-0.181908,0.346247,0.205864,1.328020,0.027175,0.511354,"Citi Velocity, exported by Charlie",france_italy_cmt_euribor_1y5y_citi_2026-10-05.xlsx
2015-06-22,-0.185423,0.385738,0.146039,1.166920,0.006011,0.563103,"Citi Velocity, exported by Charlie",france_italy_cmt_euribor_1y5y_citi_2026-10-05.xlsx
2015-06-23,-0.187092,0.359650,0.138688,1.122050,0.005363,0.548875,"Citi Velocity, exported by Charlie",france_italy_cmt_euribor_1y5y_citi_2026-10-05.xlsx
2015-06-24,-0.194158,0.355619,0.167172,1.150220,0.007936,0.532927,"Citi Velocity, exported by Charlie",france_italy_cmt_euribor_1y5y_citi_2026-10-05.xlsx
2015-06-25,-0.199246,0.357284,0.149819,1.127640,0.007285,0.534190,"Citi Velocity, exported by Charlie",france_italy_cmt_euribor_1y5y_citi_2026-10-05.xlsx
2015-06-26,-0.198381,0.380595,0.157681,1.115780,0.009265,0.563382,"Citi Velocity, exported by Charlie",france_italy_cmt_euribor_1y5y_citi_2026-10-05.xlsx
2015-06-29,-0.199352,0.350561,0.259824,1.318070,0.013530,0.509733,"Citi Velocity, exported by Charlie",france_italy_cmt_euribor_1y5y_citi_2026-10-05.xlsx
2015-06-30,-0.191862,0.327125,0.226857,1.273550,0.013159,0.506325,"Citi Velocity, exported by Charlie",france_italy_cmt_euribor_1y5y_citi_2026-10-05.xlsx
2015-07-01,-0.200078,0.330292,0.184976,1.266120,0.008106,0.503189,"Citi Velocity, exported by Charlie",france_italy_cmt_euribor_1y5y_citi_2026-10-05.xlsx
2015-07-02,-0.205756,0.370192,0.188582,1.313800,0.005226,0.519801,"Citi Velocity, exported by Charlie",france_italy_cmt_euribor_1y5y_citi_2026-10-05.xlsx
2015-07-03,-0.204080,0.335299,0.174760,1.290300,0.010057,0.489707,"Citi Velocity, exported by Charlie",france_italy_cmt_euribor_1y5y_citi_2026-10-05.xlsx
2015-07-06,-0.202874,0.348305,0.196808,1.384310,0.009303,0.486231,"Citi Velocity, exported by Charlie",france_italy_cmt_euribor_1y5y_citi_2026-10-05.xlsx
2015-07-07,-0.204525,0.312548,0.179357,1.344170,0.007961,0.444690,"Citi Velocity, exported by Charlie",france_italy_cmt_euribor_1y5y_citi_2026-10-05.xlsx
2015-07-08,-0.205784,0.313461,0.155820,1.309880,0.002870,0.460008,"Citi Velocity, exported by Charlie",france_italy_cmt_euribor_1y5y_citi_2026-10-05.xlsx
2015-07-09,-0.205432,0.310574,0.143617,1.257070,-0.001020,0.469533,"Citi Velocity, exported by Charlie",france_italy_cmt_euribor_1y5y_citi_2026-10-05.xlsx
2015-07-10,-0.195647,0.381917,0.120641,1.169910,0.000684,0.549680,"Citi Velocity, exported by Charlie",france_italy_cmt_euribor_1y5y_citi_2026-10-05.xlsx
2015-07-13,-0.195594,0.347879,0.099384,1.123720,-0.014237,0.516549,"Citi Velocity, exported by Charlie",france_italy_cmt_euribor_1y5y_citi_2026-10-05.xlsx
2015-07-14,-0.195655,0.330813,0.083927,1.108810,-0.017259,0.495366,"Citi Velocity, exported by Charlie",france_italy_cmt_euribor_1y5y_citi_2026-10-05.xlsx
2015-07-15,-0.198846,0.288590,0.051247,1.091530,-0.017456,0.470153,"Citi Velocity, exported by Charlie",france_italy_cmt_euribor_1y5y_citi_2026-10-05.xlsx
2015-07-16,-0.201312,0.295580,0.051029,1.054300,-0.016807,0.480793,"Citi Velocity, exported by Charlie",france_italy_cmt_euribor_1y5y_citi_2026-10-05.xlsx
2015-07-17,-0.195929,0.269173,0.034773,0.994431,-0.016077,0.454099,"Citi Velocity, exported by Charlie",france_italy_cmt_euribor_1y5y_citi_2026-10-05.xlsx
2015-07-20,-0.201127,0.249084,0.028718,0.949317,-0.014032,0.445816,"Citi Velocity, exported by Charlie",france_italy_cmt_euribor_1y5y_citi_2026-10-05.xlsx
2015-07-21,-0.206824,0.268585,0.043381,0.985559,-0.014339,0.444652,"Citi Velocity, exported by Charlie",france_italy_cmt_euribor_1y5y_citi_2026-10-05.xlsx
2015-07-22,-0.207885,0.243737,0.040579,0.956279,-0.012972,0.426121,"Citi Velocity, exported by Charlie",france_italy_cmt_euribor_1y5y_citi_2026-10-05.xlsx
2015-07-23,-0.204253,0.233072,0.039325,0.947293,-0.010806,0.429364,"Citi Velocity, exported by Charlie",france_italy_cmt_euribor_1y5y_citi_2026-10-05.xlsx
2015-07-24,-0.201326,0.197848,0.041469,0.937860,-0.010425,0.405341,"Citi Velocity, exported by Charlie",france_italy_cmt_euribor_1y5y_citi_2026-10-05.xlsx
2015-07-27,-0.198287,0.203701,0.042136,0.960435,-0.009873,0.411780,"Citi Velocity, exported by Charlie",france_italy_cmt_euribor_1y5y_citi_2026-10-05.xlsx
2015-07-28,-0.203604,0.199411,0.035566,0.939726,-0.016425,0.410723,"Citi Velocity, exported by Charlie",france_italy_cmt_euribor_1y5y_citi_2026-10-05.xlsx
2015-07-29,-0.209366,0.202912,0.033855,0.946306,-0.019397,0.415476,"Citi Velocity, exported by Charlie",france_italy_cmt_euribor_1y5y_citi_2026-10-05.xlsx
2015-07-30,-0.212293,0.174344,0.027083,0.889025,-0.020799,0.399198,"Citi Velocity, exported by Charlie",france_italy_cmt_euribor_1y5y_citi_2026-10-05.xlsx
2015-07-31,-0.207385,0.184654,0.026642,0.865209,-0.021478,0.399640,"Citi Velocity, exported by Charlie",france_italy_cmt_euribor_1y5y_citi_2026-10-05.xlsx
2015-08-03,-0.208116,0.181921,0.025873,0.875392,-0.023759,0.390652,"Citi Velocity, exported by Charlie",france_italy_cmt_euribor_1y5y_citi_2026-10-05.xlsx
2015-08-04,-0.211402,0.177255,0.016093,0.856273,-0.024204,0.390565,"Citi Velocity, exported by Charlie",france_italy_cmt_euribor_1y5y_citi_2026-10-05.xlsx
2015-08-05,-0.209829,0.220885,0.024315,0.916858,-0.022923,0.427844,"Citi Velocity, exported by Charlie",france_italy_cmt_euribor_1y5y_citi_2026-10-05.xlsx
2015-08-06,-0.207937,0.206620,0.008578,0.908869,-0.022837,0.419605,"Citi Velocity, exported by Charlie",france_italy_cmt_euribor_1y5y_citi_2026-10-05.xlsx
2015-08-07,-0.212470,0.171178,0.006438,0.890860,-0.025843,0.391754,"Citi Velocity, exported by Charlie",france_italy_cmt_euribor_1y5y_citi_2026-10-05.xlsx
2015-08-10,-0.213368,0.190685,0.005334,0.896366,-0.026342,0.408801,"Citi Velocity, exported by Charlie",france_italy_cmt_euribor_1y5y_citi_2026-10-05.xlsx
2015-08-11,-0.215578,0.143213,0.012896,0.841775,-0.027607,0.375968,"Citi Velocity, exported by Charlie",france_italy_cmt_euribor_1y5y_citi_2026-10-05.xlsx
2015-08-12,-0.216582,0.144414,0.011570,0.862042,-0.030072,0.365960,"Citi Velocity, exported by Charlie",france_italy_cmt_euribor_1y5y_citi_2026-10-05.xlsx
2015-08-13,-0.212919,0.163266,0.020438,0.875939,-0.030152,0.381099,"Citi Velocity, exported by Charlie",france_italy_cmt_euribor_1y5y_citi_2026-10-05.xlsx
2015-08-14,-0.216064,0.177751,0.018390,0.888311,-0.029469,0.399379,"Citi Velocity, exported by Charlie",france_italy_cmt_euribor_1y5y_citi_2026-10-05.xlsx
2015-08-17,-0.210274,0.170272,0.020253,0.865198,-0.029300,0.387571,"Citi Velocity, exported by Charlie",france_italy_cmt_euribor_1y5y_citi_2026-10-05.xlsx
2015-08-18,-0.207730,0.197187,0.029839,0.900810,-0.029676,0.392513,"Citi Velocity, exported by Charlie",france_italy_cmt_euribor_1y5y_citi_2026-10-05.xlsx
2015-08-19,-0.205575,0.198072,0.032524,0.911585,-0.030185,0.384016,"Citi Velocity, exported by Charlie",france_italy_cmt_euribor_1y5y_citi_2026-10-05.xlsx
2015-08-20,-0.206998,0.173759,0.042392,0.939186,-0.033463,0.357644,"Citi Velocity, exported by Charlie",france_italy_cmt_euribor_1y5y_citi_2026-10-05.xlsx
2015-08-21,-0.206210,0.188339,0.041631,0.968965,-0.033232,0.360163,"Citi Velocity, exported by Charlie",france_italy_cmt_euribor_1y5y_citi_2026-10-05.xlsx
2015-08-24,-0.204826,0.203302,0.061517,1.006210,-0.026952,0.374815,"Citi Velocity, exported by Charlie",france_italy_cmt_euribor_1y5y_citi_2026-10-05.xlsx
2015-08-25,-0.201086,0.291742,0.061680,1.061340,-0.028462,0.448461,"Citi Velocity, exported by Charlie",france_italy_cmt_euribor_1y5y_citi_2026-10-05.xlsx
2015-08-26,-0.202362,0.263379,0.064032,1.062170,-0.030325,0.415351,"Citi Velocity, exported by Charlie",france_italy_cmt_euribor_1y5y_citi_2026-10-05.xlsx
2015-08-27,-0.200339,0.280305,0.070966,1.023010,-0.031445,0.417708,"Citi Velocity, exported by Charlie",france_italy_cmt_euribor_1y5y_citi_2026-10-05.xlsx
2015-08-28,-0.196285,0.285144,0.068886,1.004880,-0.030160,0.421088,"Citi Velocity, exported by Charlie",france_italy_cmt_euribor_1y5y_citi_2026-10-05.xlsx
2015-08-31,,,,,-0.030118,0.420986,"Citi Velocity, exported by Charlie",france_italy_cmt_euribor_1y5y_citi_2026-10-05.xlsx
2015-09-01,-0.202284,0.325525,0.069088,1.064990,-0.030861,0.456969,"Citi Velocity, exported by Charlie",france_italy_cmt_euribor_1y5y_citi_2026-10-05.xlsx
2015-09-02,-0.201091,0.310950,0.065468,1.073330,-0.032748,0.443622,"Citi Velocity, exported by Charlie",france_italy_cmt_euribor_1y5y_citi_2026-10-05.xlsx
2015-09-03,-0.210411,0.248162,0.038053,0.997847,-0.039579,0.403302,"Citi Velocity, exported by Charlie",france_italy_cmt_euribor_1y5y_citi_2026-10-05.xlsx
2015-09-04,-0.212074,0.216489,0.020760,0.946967,-0.039817,0.381566,"Citi Velocity, exported by Charlie",france_italy_cmt_euribor_1y5y_citi_2026-10-05.xlsx
2015-09-07,-0.205427,0.216801,0.030196,0.947776,-0.036040,0.371859,"Citi Velocity, exported by Charlie",france_italy_cmt_euribor_1y5y_citi_2026-10-05.xlsx
2015-09-08,-0.201404,0.221111,0.027986,0.907890,-0.036340,0.383308,"Citi Velocity, exported by Charlie",france_italy_cmt_euribor_1y5y_citi_2026-10-05.xlsx
2015-09-09,-0.201189,0.218236,0.033704,0.907640,-0.036272,0.394757,"Citi Velocity, exported by Charlie",france_italy_cmt_euribor_1y5y_citi_2026-10-05.xlsx
2015-09-10,-0.201304,0.218613,0.041121,0.916608,-0.036494,0.383683,"Citi Velocity, exported by Charlie",france_italy_cmt_euribor_1y5y_citi_2026-10-05.xlsx
2015-09-11,-0.204501,0.200843,0.046718,0.909558,-0.037740,0.365779,"Citi Velocity, exported by Charlie",france_italy_cmt_euribor_1y5y_citi_2026-10-05.xlsx
2015-09-14,-0.202531,0.200280,0.048629,0.931941,-0.038832,0.362682,"Citi Velocity, exported by Charlie",france_italy_cmt_euribor_1y5y_citi_2026-10-05.xlsx
2015-09-15,-0.205230,0.241304,0.058667,0.950680,-0.037748,0.412141,"Citi Velocity, exported by Charlie",france_italy_cmt_euribor_1y5y_citi_2026-10-05.xlsx
2015-09-16,-0.206398,0.267918,0.067272,0.970772,-0.035998,0.427749,"Citi Velocity, exported by Charlie",france_italy_cmt_euribor_1y5y_citi_2026-10-05.xlsx
2015-09-17,-0.200733,0.281117,0.075874,0.979723,-0.032502,0.446055,"Citi Velocity, exported by Charlie",france_italy_cmt_euribor_1y5y_citi_2026-10-05.xlsx
2015-09-18,-0.210610,0.204967,0.062148,0.886605,-0.040482,0.390629,"Citi Velocity, exported by Charlie",france_italy_cmt_euribor_1y5y_citi_2026-10-05.xlsx
2015-09-21,-0.205757,0.217850,0.069581,0.915917,-0.041451,0.396074,"Citi Velocity, exported by Charlie",france_italy_cmt_euribor_1y5y_citi_2026-10-05.xlsx
2015-09-22,-0.211659,0.166591,0.063425,0.884922,-0.056811,0.348975,"Citi Velocity, exported by Charlie",france_italy_cmt_euribor_1y5y_citi_2026-10-05.xlsx
2015-09-23,-0.206569,0.179826,0.062944,0.879628,-0.050835,0.359958,"Citi Velocity, exported by Charlie",france_italy_cmt_euribor_1y5y_citi_2026-10-05.xlsx
2015-09-24,-0.207661,0.177830,0.064598,0.874499,-0.050619,0.354928,"Citi Velocity, exported by Charlie",france_italy_cmt_euribor_1y5y_citi_2026-10-05.xlsx
2015-09-25,-0.206196,0.204094,0.071150,0.903755,-0.048223,0.379816,"Citi Velocity, exported by Charlie",france_italy_cmt_euribor_1y5y_citi_2026-10-05.xlsx
2015-09-28,-0.210480,0.189437,0.068388,0.893510,-0.050916,0.360635,"Citi Velocity, exported by Charlie",france_italy_cmt_euribor_1y5y_citi_2026-10-05.xlsx
2015-09-29,-0.214654,0.192407,0.064076,0.879109,-0.056048,0.355704,"Citi Velocity, exported by Charlie",france_italy_cmt_euribor_1y5y_citi_2026-10-05.xlsx
2015-09-30,-0.217075,0.183811,0.056641,0.870010,-0.055212,0.352449,"Citi Velocity, exported by Charlie",france_italy_cmt_euribor_1y5y_citi_2026-10-05.xlsx
2015-10-01,-0.222325,0.147512,0.043504,0.840309,-0.060785,0.326013,"Citi Velocity, exported by Charlie",france_italy_cmt_euribor_1y5y_citi_2026-10-05.xlsx
2015-10-02,-0.221204,0.122319,0.024052,0.797875,-0.066857,0.311343,"Citi Velocity, exported by Charlie",france_italy_cmt_euribor_1y5y_citi_2026-10-05.xlsx
2015-10-05,-0.223460,0.144400,0.023839,0.804725,-0.066070,0.335448,"Citi Velocity, exported by Charlie",france_italy_cmt_euribor_1y5y_citi_2026-10-05.xlsx
2015-10-06,-0.223165,0.165468,0.024461,0.830253,-0.059134,0.355031,"Citi Velocity, exported by Charlie",france_italy_cmt_euribor_1y5y_citi_2026-10-05.xlsx
2015-10-07,-0.222106,0.169868,0.022960,0.840171,-0.055581,0.361321,"Citi Velocity, exported by Charlie",france_italy_cmt_euribor_1y5y_citi_2026-10-05.xlsx
2015-10-08,-0.221038,0.168409,0.024380,0.830441,-0.059096,0.354248,"Citi Velocity, exported by Charlie",france_italy_cmt_euribor_1y5y_citi_2026-10-05.xlsx
2015-10-09,-0.223084,0.189254,0.024968,0.830111,-0.059052,0.364473,"Citi Velocity, exported by Charlie",france_italy_cmt_euribor_1y5y_citi_2026-10-05.xlsx
2015-10-12,-0.219564,0.164914,0.029211,0.826022,-0.058665,0.343857,"Citi Velocity, exported by Charlie",france_italy_cmt_euribor_1y5y_citi_2026-10-05.xlsx
2015-10-13,-0.223201,0.171275,0.027932,0.831394,-0.060842,0.352785,"Citi Velocity, exported by Charlie",france_italy_cmt_euribor_1y5y_citi_2026-10-05.xlsx
2015-10-14,-0.225391,0.133444,0.026363,0.818720,-0.065114,0.322647,"Citi Velocity, exported by Charlie",france_italy_cmt_euribor_1y5y_citi_2026-10-05.xlsx
2015-10-15,-0.223113,0.143548,0.023865,0.818704,-0.072856,0.337153,"Citi Velocity, exported by Charlie",france_italy_cmt_euribor_1y5y_citi_2026-10-05.xlsx
2015-10-16,-0.228350,0.135426,0.019052,0.795075,-0.079342,0.326819,"Citi Velocity, exported by Charlie",france_italy_cmt_euribor_1y5y_citi_2026-10-05.xlsx
2015-10-19,-0.227536,0.137924,0.017008,0.783174,-0.078519,0.324902,"Citi Velocity, exported by Charlie",france_italy_cmt_euribor_1y5y_citi_2026-10-05.xlsx
2015-10-20,-0.215602,0.182969,0.024813,0.829656,-0.069791,0.358711,"Citi Velocity, exported by Charlie",france_italy_cmt_euribor_1y5y_citi_2026-10-05.xlsx
2015-10-21,-0.226554,0.142725,0.021133,0.795439,-0.071718,0.327529,"Citi Velocity, exported by Charlie",france_italy_cmt_euribor_1y5y_citi_2026-10-05.xlsx
2015-10-22,-0.270157,0.074815,-0.024814,0.658355,-0.112884,0.283678,"Citi Velocity, exported by Charlie",france_italy_cmt_euribor_1y5y_citi_2026-10-05.xlsx
2015-10-23,-0.274794,0.069232,-0.022223,0.670675,-0.123508,0.273716,"Citi Velocity, exported by Charlie",france_italy_cmt_euribor_1y5y_citi_2026-10-05.xlsx
2015-10-26,-0.273715,0.062589,-0.017676,0.670731,-0.127701,0.258317,"Citi Velocity, exported by Charlie",france_italy_cmt_euribor_1y5y_citi_2026-10-05.xlsx
2015-10-27,-0.282571,0.032370,-0.022142,0.619036,-0.138887,0.224011,"Citi Velocity, exported by Charlie",france_italy_cmt_euribor_1y5y_citi_2026-10-05.xlsx
2015-10-28,-0.289334,0.023840,-0.016644,0.596163,-0.143617,0.216441,"Citi Velocity, exported by Charlie",france_italy_cmt_euribor_1y5y_citi_2026-10-05.xlsx
2015-10-29,-0.278647,0.087171,-0.009700,0.661177,-0.127598,0.277256,"Citi Velocity, exported by Charlie",france_italy_cmt_euribor_1y5y_citi_2026-10-05.xlsx
2015-10-30,-0.274980,0.086196,-0.009637,0.651843,-0.127040,0.280552,"Citi Velocity, exported by Charlie",france_italy_cmt_euribor_1y5y_citi_2026-10-05.xlsx
2015-11-02,-0.268959,0.121602,-0.006625,0.700273,-0.122468,0.300384,"Citi Velocity, exported by Charlie",france_italy_cmt_euribor_1y5y_citi_2026-10-05.xlsx
2015-11-03,-0.270717,0.113061,-0.011319,0.688966,-0.131124,0.289201,"Citi Velocity, exported by Charlie",france_italy_cmt_euribor_1y5y_citi_2026-10-05.xlsx
2015-11-04,-0.270018,0.111174,-0.012947,0.694877,-0.131847,0.286972,"Citi Velocity, exported by Charlie",france_italy_cmt_euribor_1y5y_citi_2026-10-05.xlsx
2015-11-05,-0.270384,0.112485,-0.014882,0.713427,-0.138185,0.281803,"Citi Velocity, exported by Charlie",france_italy_cmt_euribor_1y5y_citi_2026-10-05.xlsx
2015-11-06,-0.254474,0.166162,-0.005689,0.777593,-0.122361,0.324677,"Citi Velocity, exported by Charlie",france_italy_cmt_euribor_1y5y_citi_2026-10-05.xlsx
2015-11-09,-0.275495,0.133646,-0.013134,0.765311,-0.141234,0.290140,"Citi Velocity, exported by Charlie",france_italy_cmt_euribor_1y5y_citi_2026-10-05.xlsx
2015-11-10,-0.286958,0.090314,-0.027928,0.690951,-0.160716,0.256278,"Citi Velocity, exported by Charlie",france_italy_cmt_euribor_1y5y_citi_2026-10-05.xlsx
2015-11-11,-0.291907,0.073027,-0.032138,0.642431,-0.166943,0.246612,"Citi Velocity, exported by Charlie",france_italy_cmt_euribor_1y5y_citi_2026-10-05.xlsx
2015-11-12,-0.298769,0.070395,-0.033086,0.632295,-0.169317,0.256045,"Citi Velocity, exported by Charlie",france_italy_cmt_euribor_1y5y_citi_2026-10-05.xlsx
2015-11-13,-0.309066,0.042783,-0.036461,0.613245,-0.172923,0.238470,"Citi Velocity, exported by Charlie",france_italy_cmt_euribor_1y5y_citi_2026-10-05.xlsx
2015-11-16,-0.310962,0.028760,-0.039910,0.618229,-0.169616,0.232814,"Citi Velocity, exported by Charlie",france_italy_cmt_euribor_1y5y_citi_2026-10-05.xlsx
2015-11-17,-0.317132,0.024237,-0.041505,0.611078,-0.176846,0.222674,"Citi Velocity, exported by Charlie",france_italy_cmt_euribor_1y5y_citi_2026-10-05.xlsx
2015-11-18,-0.313245,0.014313,-0.039500,0.580888,-0.175447,0.217676,"Citi Velocity, exported by Charlie",france_italy_cmt_euribor_1y5y_citi_2026-10-05.xlsx
2015-11-19,-0.317411,0.010070,-0.040635,0.588764,-0.177589,0.201399,"Citi Velocity, exported by Charlie",france_italy_cmt_euribor_1y5y_citi_2026-10-05.xlsx
2015-11-20,-0.324449,0.012195,-0.043035,0.579183,-0.197360,0.177195,"Citi Velocity, exported by Charlie",france_italy_cmt_euribor_1y5y_citi_2026-10-05.xlsx
2015-11-23,-0.329653,0.034869,-0.042983,0.598488,-0.200732,0.180379,"Citi Velocity, exported by Charlie",france_italy_cmt_euribor_1y5y_citi_2026-10-05.xlsx
2015-11-24,-0.330021,0.025754,-0.042632,0.566349,-0.189351,0.184782,"Citi Velocity, exported by Charlie",france_italy_cmt_euribor_1y5y_citi_2026-10-05.xlsx
2015-11-25,-0.346258,-0.002795,-0.060038,0.492815,-0.209902,0.168267,"Citi Velocity, exported by Charlie",france_italy_cmt_euribor_1y5y_citi_2026-10-05.xlsx
2015-11-26,-0.355600,-0.004348,-0.063402,0.489758,-0.214154,0.168085,"Citi Velocity, exported by Charlie",france_italy_cmt_euribor_1y5y_citi_2026-10-05.xlsx
2015-11-27,-0.359953,-0.026504,-0.057354,0.492028,-0.220663,0.157857,"Citi Velocity, exported by Charlie",france_italy_cmt_euribor_1y5y_citi_2026-10-05.xlsx
2015-11-30,-0.364842,-0.011151,-0.053651,0.529080,-0.218195,0.172595,"Citi Velocity, exported by Charlie",france_italy_cmt_euribor_1y5y_citi_2026-10-05.xlsx
2015-12-01,-0.379874,-0.031772,-0.056004,0.507897,-0.228910,0.149690,"Citi Velocity, exported by Charlie",france_italy_cmt_euribor_1y5y_citi_2026-10-05.xlsx
2015-12-02,-0.383491,-0.043152,-0.060735,0.478300,-0.229871,0.141941,"Citi Velocity, exported by Charlie",france_italy_cmt_euribor_1y5y_citi_2026-10-05.xlsx
2015-12-03,-0.272122,0.130056,-0.017428,0.686047,-0.126702,0.291417,"Citi Velocity, exported by Charlie",france_italy_cmt_euribor_1y5y_citi_2026-10-05.xlsx
2015-12-04,-0.274654,0.150347,-0.001712,0.687295,-0.134550,0.312272,"Citi Velocity, exported by Charlie",france_italy_cmt_euribor_1y5y_citi_2026-10-05.xlsx
2015-12-07,-0.294633,0.084918,-0.018969,0.635015,-0.149728,0.258192,"Citi Velocity, exported by Charlie",france_italy_cmt_euribor_1y5y_citi_2026-10-05.xlsx
2015-12-08,-0.307863,0.074239,-0.019049,0.632973,-0.158716,0.249766,"Citi Velocity, exported by Charlie",france_italy_cmt_euribor_1y5y_citi_2026-10-05.xlsx
2015-12-09,-0.311730,0.077698,-0.010789,0.648272,-0.156046,0.260107,"Citi Velocity, exported by Charlie",france_italy_cmt_euribor_1y5y_citi_2026-10-05.xlsx
2015-12-10,-0.316549,0.054046,0.009792,0.641172,-0.159929,0.246255,"Citi Velocity, exported by Charlie",france_italy_cmt_euribor_1y5y_citi_2026-10-05.xlsx
2015-12-11,-0.323024,0.037305,0.019158,0.642598,-0.167719,0.230138,"Citi Velocity, exported by Charlie",france_italy_cmt_euribor_1y5y_citi_2026-10-05.xlsx
2015-12-14,-0.322040,0.068928,0.024758,0.700804,-0.169244,0.246557,"Citi Velocity, exported by Charlie",france_italy_cmt_euribor_1y5y_citi_2026-10-05.xlsx
2015-12-15,-0.322939,0.130108,0.029810,0.759395,-0.168013,0.299459,"Citi Velocity, exported by Charlie",france_italy_cmt_euribor_1y5y_citi_2026-10-05.xlsx
2015-12-16,-0.320057,0.137448,0.022370,0.747756,-0.167325,0.322373,"Citi Velocity, exported by Charlie",france_italy_cmt_euribor_1y5y_citi_2026-10-05.xlsx
2015-12-17,-0.329167,0.094888,0.010906,0.706484,-0.171010,0.290855,"Citi Velocity, exported by Charlie",france_italy_cmt_euribor_1y5y_citi_2026-10-05.xlsx
2015-12-18,-0.336043,0.067510,0.004687,0.661504,-0.173373,0.264423,"Citi Velocity, exported by Charlie",france_italy_cmt_euribor_1y5y_citi_2026-10-05.xlsx
2015-12-21,-0.344982,0.065358,0.003911,0.667714,-0.169166,0.277665,"Citi Velocity, exported by Charlie",france_italy_cmt_euribor_1y5y_citi_2026-10-05.xlsx
2015-12-22,-0.345506,0.101243,-0.009223,0.697736,-0.163280,0.322887,"Citi Velocity, exported by Charlie",france_italy_cmt_euribor_1y5y_citi_2026-10-05.xlsx
2015-12-23,-0.344688,0.128916,-0.030324,0.709738,-0.164650,0.341163,"Citi Velocity, exported by Charlie",france_italy_cmt_euribor_1y5y_citi_2026-10-05.xlsx
2015-12-24,-0.351265,0.128779,-0.034617,0.709803,-0.164749,0.341287,"Citi Velocity, exported by Charlie",france_italy_cmt_euribor_1y5y_citi_2026-10-05.xlsx
2015-12-25,,,,,-0.164751,0.341288,"Citi Velocity, exported by Charlie",france_italy_cmt_euribor_1y5y_citi_2026-10-05.xlsx
2015-12-28,,,,,-0.164837,0.341303,"Citi Velocity, exported by Charlie",france_italy_cmt_euribor_1y5y_citi_2026-10-05.xlsx
2015-12-29,-0.360257,0.129889,-0.053528,0.675588,-0.169465,0.335140,"Citi Velocity, exported by Charlie",france_italy_cmt_euribor_1y5y_citi_2026-10-05.xlsx
2015-12-30,-0.362970,0.115371,-0.046662,0.667128,-0.172984,0.335632,"Citi Velocity, exported by Charlie",france_italy_cmt_euribor_1y5y_citi_2026-10-05.xlsx
2015-12-31,-0.369981,0.115217,-0.051120,0.667151,-0.172820,0.335749,"Citi Velocity, exported by Charlie",france_italy_cmt_euribor_1y5y_citi_2026-10-05.xlsx
2016-01-01,,,,,-0.172824,0.335750,"Citi Velocity, exported by Charlie",france_italy_cmt_euribor_1y5y_citi_2026-10-05.xlsx
2016-01-04,-0.369020,0.093752,-0.068581,0.624434,-0.179195,0.303938,"Citi Velocity, exported by Charlie",france_italy_cmt_euribor_1y5y_citi_2026-10-05.xlsx
2016-01-05,-0.380399,0.070971,-0.073049,0.589663,-0.188964,0.264171,"Citi Velocity, exported by Charlie",france_italy_cmt_euribor_1y5y_citi_2026-10-05.xlsx
2016-01-06,-0.382944,0.050802,-0.076718,0.570320,-0.198729,0.240139,"Citi Velocity, exported by Charlie",france_italy_cmt_euribor_1y5y_citi_2026-10-05.xlsx
2016-01-07,-0.382518,0.083049,-0.060740,0.640289,-0.199034,0.260986,"Citi Velocity, exported by Charlie",france_italy_cmt_euribor_1y5y_citi_2026-10-05.xlsx
2016-01-08,-0.386360,0.062022,-0.066061,0.614828,-0.203082,0.241161,"Citi Velocity, exported by Charlie",france_italy_cmt_euribor_1y5y_citi_2026-10-05.xlsx
2016-01-11,-0.385251,0.079928,-0.062075,0.644047,-0.203169,0.244916,"Citi Velocity, exported by Charlie",france_italy_cmt_euribor_1y5y_citi_2026-10-05.xlsx
2016-01-12,-0.387724,0.095212,-0.060748,0.653326,-0.203978,0.242306,"Citi Velocity, exported by Charlie",france_italy_cmt_euribor_1y5y_citi_2026-10-05.xlsx
2016-01-13,-0.385555,0.081581,-0.061193,0.632664,-0.201617,0.231603,"Citi Velocity, exported by Charlie",france_italy_cmt_euribor_1y5y_citi_2026-10-05.xlsx
2016-01-14,-0.377572,0.092873,-0.056926,0.654430,-0.199385,0.237070,"Citi Velocity, exported by Charlie",france_italy_cmt_euribor_1y5y_citi_2026-10-05.xlsx
2016-01-15,-0.382288,0.060042,-0.060031,0.624004,-0.204329,0.213898,"Citi Velocity, exported by Charlie",france_italy_cmt_euribor_1y5y_citi_2026-10-05.xlsx
2016-01-18,-0.379667,0.059808,-0.058384,0.636328,-0.205206,0.211513,"Citi Velocity, exported by Charlie",france_italy_cmt_euribor_1y5y_citi_2026-10-05.xlsx
2016-01-19,-0.378030,0.058638,-0.050480,0.627479,-0.202914,0.212295,"Citi Velocity, exported by Charlie",france_italy_cmt_euribor_1y5y_citi_2026-10-05.xlsx
2016-01-20,-0.378768,0.038324,-0.022858,0.697959,-0.214234,0.183191,"Citi Velocity, exported by Charlie",france_italy_cmt_euribor_1y5y_citi_2026-10-05.xlsx
2016-01-21,-0.395478,0.001107,-0.052923,0.613042,-0.241171,0.145390,"Citi Velocity, exported by Charlie",france_italy_cmt_euribor_1y5y_citi_2026-10-05.xlsx
2016-01-22,-0.403372,-0.008050,-0.058341,0.610167,-0.246095,0.143008,"Citi Velocity, exported by Charlie",france_italy_cmt_euribor_1y5y_citi_2026-10-05.xlsx
2016-01-25,-0.400055,-0.011670,-0.056626,0.612774,-0.251529,0.143299,"Citi Velocity, exported by Charlie",france_italy_cmt_euribor_1y5y_citi_2026-10-05.xlsx
2016-01-26,-0.404294,-0.040333,-0.055661,0.568561,-0.258696,0.131871,"Citi Velocity, exported by Charlie",france_italy_cmt_euribor_1y5y_citi_2026-10-05.xlsx
2016-01-27,-0.396411,-0.031493,-0.054425,0.555907,-0.250590,0.138895,"Citi Velocity, exported by Charlie",france_italy_cmt_euribor_1y5y_citi_2026-10-05.xlsx
2016-01-28,-0.394711,-0.043076,-0.047556,0.557391,-0.254407,0.122784,"Citi Velocity, exported by Charlie",france_italy_cmt_euribor_1y5y_citi_2026-10-05.xlsx
2016-01-29,-0.410652,-0.105960,-0.052452,0.490344,-0.283955,0.074131,"Citi Velocity, exported by Charlie",france_italy_cmt_euribor_1y5y_citi_2026-10-05.xlsx
2016-02-01,-0.400532,-0.076121,-0.056273,0.513059,-0.274181,0.082172,"Citi Velocity, exported by Charlie",france_italy_cmt_euribor_1y5y_citi_2026-10-05.xlsx
2016-02-02,-0.405217,-0.092479,-0.058706,0.525777,-0.286713,0.064912,"Citi Velocity, exported by Charlie",france_italy_cmt_euribor_1y5y_citi_2026-10-05.xlsx
2016-02-03,-0.399452,-0.118503,-0.064358,0.510073,-0.295696,0.037637,"Citi Velocity, exported by Charlie",france_italy_cmt_euribor_1y5y_citi_2026-10-05.xlsx
2016-02-04,-0.399575,-0.093229,-0.068229,0.539591,-0.287089,0.062659,"Citi Velocity, exported by Charlie",france_italy_cmt_euribor_1y5y_citi_2026-10-05.xlsx
2016-02-05,-0.413218,-0.092838,-0.062970,0.573800,-0.288468,0.062747,"Citi Velocity, exported by Charlie",france_italy_cmt_euribor_1y5y_citi_2026-10-05.xlsx
2016-02-08,-0.419721,-0.117703,-0.032817,0.696933,-0.254308,0.042175,"Citi Velocity, exported by Charlie",france_italy_cmt_euribor_1y5y_citi_2026-10-05.xlsx
2016-02-09,-0.436884,-0.105554,-0.009505,0.715649,-0.264012,0.052541,"Citi Velocity, exported by Charlie",france_italy_cmt_euribor_1y5y_citi_2026-10-05.xlsx
2016-02-10,-0.430327,-0.100130,-0.016388,0.664993,-0.272657,0.057330,"Citi Velocity, exported by Charlie",france_italy_cmt_euribor_1y5y_citi_2026-10-05.xlsx
2016-02-11,-0.454592,-0.119506,0.017441,0.745109,-0.281042,0.030588,"Citi Velocity, exported by Charlie",france_italy_cmt_euribor_1y5y_citi_2026-10-05.xlsx
2016-02-12,-0.422628,-0.074902,0.005368,0.698365,-0.266271,0.086836,"Citi Velocity, exported by Charlie",france_italy_cmt_euribor_1y5y_citi_2026-10-05.xlsx
2016-02-15,-0.425369,-0.115402,-0.010041,0.655737,-0.274372,0.063459,"Citi Velocity, exported by Charlie",france_italy_cmt_euribor_1y5y_citi_2026-10-05.xlsx
2016-02-16,-0.419254,-0.091215,-0.007586,0.680989,-0.278452,0.068230,"Citi Velocity, exported by Charlie",france_italy_cmt_euribor_1y5y_citi_2026-10-05.xlsx
2016-02-17,-0.415629,-0.098416,-0.010528,0.658260,-0.274977,0.069328,"Citi Velocity, exported by Charlie",france_italy_cmt_euribor_1y5y_citi_2026-10-05.xlsx
2016-02-18,-0.420742,-0.137036,-0.018363,0.618451,-0.288118,0.044390,"Citi Velocity, exported by Charlie",france_italy_cmt_euribor_1y5y_citi_2026-10-05.xlsx
2016-02-19,-0.426410,-0.138077,-0.011196,0.626793,-0.293731,0.047943,"Citi Velocity, exported by Charlie",france_italy_cmt_euribor_1y5y_citi_2026-10-05.xlsx
2016-02-22,-0.426023,-0.159386,-0.015620,0.593983,-0.289590,0.023661,"Citi Velocity, exported by Charlie",france_italy_cmt_euribor_1y5y_citi_2026-10-05.xlsx
2016-02-23,-0.417838,-0.155010,-0.010870,0.605909,-0.284526,0.033115,"Citi Velocity, exported by Charlie",france_italy_cmt_euribor_1y5y_citi_2026-10-05.xlsx
2016-02-24,-0.418719,-0.161471,-0.009082,0.601747,-0.277403,0.027813,"Citi Velocity, exported by Charlie",france_italy_cmt_euribor_1y5y_citi_2026-10-05.xlsx
2016-02-25,-0.430829,-0.173737,-0.017570,0.588034,-0.288639,0.014473,"Citi Velocity, exported by Charlie",france_italy_cmt_euribor_1y5y_citi_2026-10-05.xlsx
2016-02-26,-0.433650,-0.179271,-0.023255,0.570409,-0.297936,0.009782,"Citi Velocity, exported by Charlie",france_italy_cmt_euribor_1y5y_citi_2026-10-05.xlsx
2016-02-29,-0.449023,-0.212028,-0.054103,0.486084,-0.317271,-0.028187,"Citi Velocity, exported by Charlie",france_italy_cmt_euribor_1y5y_citi_2026-10-05.xlsx
2016-03-01,-0.442234,-0.191025,-0.074378,0.457770,-0.304924,-0.021161,"Citi Velocity, exported by Charlie",france_italy_cmt_euribor_1y5y_citi_2026-10-05.xlsx
2016-03-02,-0.437147,-0.160049,-0.070098,0.476398,-0.299711,0.003510,"Citi Velocity, exported by Charlie",france_italy_cmt_euribor_1y5y_citi_2026-10-05.xlsx
2016-03-03,-0.449888,-0.179509,-0.083775,0.463397,-0.312838,-0.027724,"Citi Velocity, exported by Charlie",france_italy_cmt_euribor_1y5y_citi_2026-10-05.xlsx
2016-03-04,-0.436171,-0.139736,-0.082475,0.501470,-0.296985,0.013958,"Citi Velocity, exported by Charlie",france_italy_cmt_euribor_1y5y_citi_2026-10-05.xlsx
2016-03-07,-0.445264,-0.168737,-0.084153,0.490089,-0.292341,-0.003390,"Citi Velocity, exported by Charlie",france_italy_cmt_euribor_1y5y_citi_2026-10-05.xlsx
2016-03-08,-0.453061,-0.209019,-0.088193,0.456848,-0.306809,-0.014421,"Citi Velocity, exported by Charlie",france_italy_cmt_euribor_1y5y_citi_2026-10-05.xlsx
2016-03-09,-0.441592,-0.165860,-0.083098,0.484255,-0.296207,0.030594,"Citi Velocity, exported by Charlie",france_italy_cmt_euribor_1y5y_citi_2026-10-05.xlsx
2016-03-10,-0.397214,-0.076947,-0.083773,0.484903,-0.253939,0.105423,"Citi Velocity, exported by Charlie",france_italy_cmt_euribor_1y5y_citi_2026-10-05.xlsx
2016-03-11,-0.409015,-0.126497,-0.081266,0.427793,-0.254885,0.070291,"Citi Velocity, exported by Charlie",france_italy_cmt_euribor_1y5y_citi_2026-10-05.xlsx
2016-03-14,-0.417224,-0.122354,-0.080967,0.406454,-0.257709,0.078202,"Citi Velocity, exported by Charlie",france_italy_cmt_euribor_1y5y_citi_2026-10-05.xlsx
2016-03-15,-0.416485,-0.096140,-0.064661,0.456263,-0.251327,0.090206,"Citi Velocity, exported by Charlie",france_italy_cmt_euribor_1y5y_citi_2026-10-05.xlsx
2016-03-16,-0.422795,-0.113042,-0.063739,0.429614,-0.255349,0.075436,"Citi Velocity, exported by Charlie",france_italy_cmt_euribor_1y5y_citi_2026-10-05.xlsx
2016-03-17,-0.422377,-0.134500,-0.066759,0.395178,-0.260891,0.046434,"Citi Velocity, exported by Charlie",france_italy_cmt_euribor_1y5y_citi_2026-10-05.xlsx
2016-03-18,-0.429527,-0.134525,-0.067868,0.392699,-0.267147,0.043757,"Citi Velocity, exported by Charlie",france_italy_cmt_euribor_1y5y_citi_2026-10-05.xlsx
2016-03-21,-0.434426,-0.141777,-0.068046,0.376804,-0.268777,0.040829,"Citi Velocity, exported by Charlie",france_italy_cmt_euribor_1y5y_citi_2026-10-05.xlsx
2016-03-22,-0.437481,-0.139747,-0.063633,0.395046,-0.269137,0.046994,"Citi Velocity, exported by Charlie",france_italy_cmt_euribor_1y5y_citi_2026-10-05.xlsx
2016-03-23,-0.440699,-0.146193,-0.057023,0.415584,-0.270794,0.045580,"Citi Velocity, exported by Charlie",france_italy_cmt_euribor_1y5y_citi_2026-10-05.xlsx
2016-03-24,-0.441542,-0.148914,-0.035602,0.428825,-0.270617,0.045640,"Citi Velocity, exported by Charlie",france_italy_cmt_euribor_1y5y_citi_2026-10-05.xlsx
2016-03-25,,,,,-0.270616,0.045640,"Citi Velocity, exported by Charlie",france_italy_cmt_euribor_1y5y_citi_2026-10-05.xlsx
2016-03-28,,,,,-0.270618,0.045640,"Citi Velocity, exported by Charlie",france_italy_cmt_euribor_1y5y_citi_2026-10-05.xlsx
2016-03-29,-0.447483,-0.183428,-0.049332,0.390540,-0.272931,0.016573,"Citi Velocity, exported by Charlie",france_italy_cmt_euribor_1y5y_citi_2026-10-05.xlsx
2016-03-30,-0.447113,-0.174026,-0.055100,0.383795,-0.271301,0.029204,"Citi Velocity, exported by Charlie",france_italy_cmt_euribor_1y5y_citi_2026-10-05.xlsx
2016-03-31,-0.448581,-0.176117,-0.074624,0.385427,-0.271810,0.033580,"Citi Velocity, exported by Charlie",france_italy_cmt_euribor_1y5y_citi_2026-10-05.xlsx
2016-04-01,-0.447009,-0.181011,-0.094385,0.377195,-0.271232,0.032746,"Citi Velocity, exported by Charlie",france_italy_cmt_euribor_1y5y_citi_2026-10-05.xlsx
2016-04-04,-0.447974,-0.188587,-0.076813,0.385553,-0.267417,0.024091,"Citi Velocity, exported by Charlie",france_italy_cmt_euribor_1y5y_citi_2026-10-05.xlsx
2016-04-05,-0.450562,-0.207978,-0.066679,0.406943,-0.271612,0.006854,"Citi Velocity, exported by Charlie",france_italy_cmt_euribor_1y5y_citi_2026-10-05.xlsx
2016-04-06,-0.453836,-0.201001,-0.063849,0.421272,-0.275446,0.009268,"Citi Velocity, exported by Charlie",france_italy_cmt_euribor_1y5y_citi_2026-10-05.xlsx
2016-04-07,-0.461046,-0.220954,-0.047858,0.512666,-0.277323,-0.006872,"Citi Velocity, exported by Charlie",france_italy_cmt_euribor_1y5y_citi_2026-10-05.xlsx
2016-04-08,-0.463256,-0.221098,-0.062364,0.451185,-0.275085,-0.006910,"Citi Velocity, exported by Charlie",france_italy_cmt_euribor_1y5y_citi_2026-10-05.xlsx
2016-04-11,-0.465925,-0.213610,-0.066610,0.466667,-0.278539,-0.008264,"Citi Velocity, exported by Charlie",france_italy_cmt_euribor_1y5y_citi_2026-10-05.xlsx
2016-04-12,-0.467152,-0.193006,-0.067680,0.476520,-0.279056,0.011451,"Citi Velocity, exported by Charlie",france_italy_cmt_euribor_1y5y_citi_2026-10-05.xlsx
2016-04-13,-0.468111,-0.205681,-0.075481,0.451588,-0.280757,0.006484,"Citi Velocity, exported by Charlie",france_italy_cmt_euribor_1y5y_citi_2026-10-05.xlsx
2016-04-14,-0.462782,-0.183010,-0.080983,0.479544,-0.276628,0.019247,"Citi Velocity, exported by Charlie",france_italy_cmt_euribor_1y5y_citi_2026-10-05.xlsx
2016-04-15,-0.474978,-0.210488,-0.085792,0.467746,-0.276231,0.005188,"Citi Velocity, exported by Charlie",france_italy_cmt_euribor_1y5y_citi_2026-10-05.xlsx
2016-04-18,-0.479167,-0.198763,-0.082756,0.452543,-0.271801,0.018948,"Citi Velocity, exported by Charlie",france_italy_cmt_euribor_1y5y_citi_2026-10-05.xlsx
2016-04-19,-0.483344,-0.198096,-0.087306,0.479671,-0.272359,0.020479,"Citi Velocity, exported by Charlie",france_italy_cmt_euribor_1y5y_citi_2026-10-05.xlsx
2016-04-20,-0.482782,-0.206244,-0.086098,0.480546,-0.272416,0.006396,"Citi Velocity, exported by Charlie",france_italy_cmt_euribor_1y5y_citi_2026-10-05.xlsx
2016-04-21,-0.476204,-0.156600,-0.086268,0.519298,-0.269766,0.054005,"Citi Velocity, exported by Charlie",france_italy_cmt_euribor_1y5y_citi_2026-10-05.xlsx
2016-04-22,-0.478732,-0.168965,-0.087358,0.524507,-0.271914,0.043456,"Citi Velocity, exported by Charlie",france_italy_cmt_euribor_1y5y_citi_2026-10-05.xlsx
2016-04-25,-0.482749,-0.150807,-0.088087,0.551102,-0.273566,0.056272,"Citi Velocity, exported by Charlie",france_italy_cmt_euribor_1y5y_citi_2026-10-05.xlsx
2016-04-26,-0.477696,-0.121983,-0.090541,0.551203,-0.275243,0.083151,"Citi Velocity, exported by Charlie",france_italy_cmt_euribor_1y5y_citi_2026-10-05.xlsx
2016-04-27,-0.487515,-0.127143,-0.101144,0.541688,-0.274251,0.064123,"Citi Velocity, exported by Charlie",france_italy_cmt_euribor_1y5y_citi_2026-10-05.xlsx
2016-04-28,-0.484333,-0.135914,-0.107652,0.520587,-0.274795,0.050305,"Citi Velocity, exported by Charlie",france_italy_cmt_euribor_1y5y_citi_2026-10-05.xlsx
2016-04-29,-0.473513,-0.102943,-0.109381,0.530870,-0.267987,0.079428,"Citi Velocity, exported by Charlie",france_italy_cmt_euribor_1y5y_citi_2026-10-05.xlsx
2016-05-02,,,,,-0.267790,0.079458,"Citi Velocity, exported by Charlie",france_italy_cmt_euribor_1y5y_citi_2026-10-05.xlsx
2016-05-03,-0.481650,-0.163020,-0.113323,0.486916,-0.271604,0.030549,"Citi Velocity, exported by Charlie",france_italy_cmt_euribor_1y5y_citi_2026-10-05.xlsx
2016-05-04,-0.484089,-0.160452,-0.116320,0.502800,-0.273885,0.032376,"Citi Velocity, exported by Charlie",france_italy_cmt_euribor_1y5y_citi_2026-10-05.xlsx
2016-05-05,-0.487558,-0.175407,-0.121217,0.512489,-0.276149,0.015583,"Citi Velocity, exported by Charlie",france_italy_cmt_euribor_1y5y_citi_2026-10-05.xlsx
2016-05-06,-0.489401,-0.189761,-0.128998,0.498847,-0.279873,0.006737,"Citi Velocity, exported by Charlie",france_italy_cmt_euribor_1y5y_citi_2026-10-05.xlsx
2016-05-09,-0.492014,-0.197694,-0.127021,0.487616,-0.280436,-0.004586,"Citi Velocity, exported by Charlie",france_italy_cmt_euribor_1y5y_citi_2026-10-05.xlsx
2016-05-10,-0.487978,-0.199371,-0.131480,0.464537,-0.284428,-0.008281,"Citi Velocity, exported by Charlie",france_italy_cmt_euribor_1y5y_citi_2026-10-05.xlsx
2016-05-11,-0.490664,-0.204789,-0.132986,0.465778,-0.282440,-0.005999,"Citi Velocity, exported by Charlie",france_italy_cmt_euribor_1y5y_citi_2026-10-05.xlsx
2016-05-12,-0.482536,-0.190046,-0.135452,0.502402,-0.282519,0.006759,"Citi Velocity, exported by Charlie",france_italy_cmt_euribor_1y5y_citi_2026-10-05.xlsx
2016-05-13,-0.481886,-0.201241,-0.138727,0.488836,-0.279158,0.002966,"Citi Velocity, exported by Charlie",france_italy_cmt_euribor_1y5y_citi_2026-10-05.xlsx
2016-05-16,-0.480665,-0.193232,-0.147154,0.497235,-0.277615,0.010025,"Citi Velocity, exported by Charlie",france_italy_cmt_euribor_1y5y_citi_2026-10-05.xlsx
2016-05-17,-0.480528,-0.203641,-0.149293,0.473958,-0.273914,0.007796,"Citi Velocity, exported by Charlie",france_italy_cmt_euribor_1y5y_citi_2026-10-05.xlsx
2016-05-18,-0.482881,-0.186122,-0.139042,0.495674,-0.272886,0.025841,"Citi Velocity, exported by Charlie",france_italy_cmt_euribor_1y5y_citi_2026-10-05.xlsx
2016-05-19,-0.475217,-0.180950,-0.140778,0.517268,-0.272810,0.028081,"Citi Velocity, exported by Charlie",france_italy_cmt_euribor_1y5y_citi_2026-10-05.xlsx
2016-05-20,-0.476147,-0.175679,-0.143678,0.506486,-0.273129,0.031678,"Citi Velocity, exported by Charlie",france_italy_cmt_euribor_1y5y_citi_2026-10-05.xlsx
2016-05-23,-0.475955,-0.175686,-0.143997,0.510205,-0.275270,0.036603,"Citi Velocity, exported by Charlie",france_italy_cmt_euribor_1y5y_citi_2026-10-05.xlsx
2016-05-24,-0.478071,-0.187004,-0.146485,0.477646,-0.277252,0.027883,"Citi Velocity, exported by Charlie",france_italy_cmt_euribor_1y5y_citi_2026-10-05.xlsx
2016-05-25,-0.483188,-0.205178,-0.149178,0.422585,-0.278731,0.012168,"Citi Velocity, exported by Charlie",france_italy_cmt_euribor_1y5y_citi_2026-10-05.xlsx
2016-05-26,-0.485356,-0.207531,-0.148591,0.419438,-0.282915,0.000440,"Citi Velocity, exported by Charlie",france_italy_cmt_euribor_1y5y_citi_2026-10-05.xlsx
2016-05-27,-0.484839,-0.206079,-0.147936,0.426234,-0.283791,0.003618,"Citi Velocity, exported by Charlie",france_italy_cmt_euribor_1y5y_citi_2026-10-05.xlsx
2016-05-30,,,,,-0.284140,0.003425,"Citi Velocity, exported by Charlie",france_italy_cmt_euribor_1y5y_citi_2026-10-05.xlsx
2016-05-31,-0.480635,-0.196038,-0.154962,0.443341,-0.283936,0.011348,"Citi Velocity, exported by Charlie",france_italy_cmt_euribor_1y5y_citi_2026-10-05.xlsx
2016-06-01,-0.486432,-0.201322,-0.154512,0.452683,-0.284213,0.001627,"Citi Velocity, exported by Charlie",france_italy_cmt_euribor_1y5y_citi_2026-10-05.xlsx
2016-06-02,-0.488987,-0.195432,-0.153220,0.449012,-0.279121,0.003931,"Citi Velocity, exported by Charlie",france_italy_cmt_euribor_1y5y_citi_2026-10-05.xlsx
2016-06-03,-0.498815,-0.212504,-0.154289,0.432939,-0.281624,-0.015820,"Citi Velocity, exported by Charlie",france_italy_cmt_euribor_1y5y_citi_2026-10-05.xlsx
2016-06-06,-0.502363,-0.191475,-0.146616,0.465319,-0.280965,-0.008749,"Citi Velocity, exported by Charlie",france_italy_cmt_euribor_1y5y_citi_2026-10-05.xlsx
2016-06-07,-0.499948,-0.211031,-0.145716,0.434731,-0.279373,-0.017082,"Citi Velocity, exported by Charlie",france_italy_cmt_euribor_1y5y_citi_2026-10-05.xlsx
2016-06-08,-0.502440,-0.210369,-0.135141,0.417099,-0.277490,-0.014993,"Citi Velocity, exported by Charlie",france_italy_cmt_euribor_1y5y_citi_2026-10-05.xlsx
2016-06-09,-0.503567,-0.211874,-0.134058,0.413468,-0.276605,-0.017914,"Citi Velocity, exported by Charlie",france_italy_cmt_euribor_1y5y_citi_2026-10-05.xlsx
2016-06-10,-0.503813,-0.206536,-0.109788,0.432616,-0.277809,-0.022312,"Citi Velocity, exported by Charlie",france_italy_cmt_euribor_1y5y_citi_2026-10-05.xlsx
2016-06-13,-0.502868,-0.194816,-0.077941,0.496955,-0.277153,-0.021428,"Citi Velocity, exported by Charlie",france_italy_cmt_euribor_1y5y_citi_2026-10-05.xlsx
2016-06-14,-0.513380,-0.198383,-0.011103,0.538198,-0.277925,-0.034951,"Citi Velocity, exported by Charlie",france_italy_cmt_euribor_1y5y_citi_2026-10-05.xlsx
2016-06-15,-0.516792,-0.206174,-0.026952,0.514391,-0.281677,-0.044884,"Citi Velocity, exported by Charlie",france_italy_cmt_euribor_1y5y_citi_2026-10-05.xlsx
2016-06-16,-0.506837,-0.185730,-0.009122,0.564196,-0.286734,-0.056015,"Citi Velocity, exported by Charlie",france_italy_cmt_euribor_1y5y_citi_2026-10-05.xlsx
2016-06-17,-0.507760,-0.195130,-0.048182,0.520465,-0.292662,-0.066623,"Citi Velocity, exported by Charlie",france_italy_cmt_euribor_1y5y_citi_2026-10-05.xlsx
2016-06-20,-0.502350,-0.222546,-0.087544,0.451677,-0.290783,-0.047374,"Citi Velocity, exported by Charlie",france_italy_cmt_euribor_1y5y_citi_2026-10-05.xlsx
2016-06-21,-0.505449,-0.222526,-0.076170,0.457294,-0.291165,-0.039879,"Citi Velocity, exported by Charlie",france_italy_cmt_euribor_1y5y_citi_2026-10-05.xlsx
2016-06-22,-0.506440,-0.215381,-0.079189,0.460035,-0.293001,-0.030713,"Citi Velocity, exported by Charlie",france_italy_cmt_euribor_1y5y_citi_2026-10-05.xlsx
2016-06-23,-0.503504,-0.205474,-0.087452,0.438312,-0.289506,-0.014820,"Citi Velocity, exported by Charlie",france_italy_cmt_euribor_1y5y_citi_2026-10-05.xlsx
2016-06-24,-0.548175,-0.257198,-0.039535,0.533918,-0.326848,-0.079243,"Citi Velocity, exported by Charlie",france_italy_cmt_euribor_1y5y_citi_2026-10-05.xlsx
2016-06-27,-0.541920,-0.266426,-0.077639,0.486658,-0.320039,-0.085728,"Citi Velocity, exported by Charlie",france_italy_cmt_euribor_1y5y_citi_2026-10-05.xlsx
2016-06-28,-0.544192,-0.307437,-0.129868,0.411916,-0.326737,-0.100715,"Citi Velocity, exported by Charlie",france_italy_cmt_euribor_1y5y_citi_2026-10-05.xlsx
2016-06-29,-0.555271,-0.325652,-0.152193,0.398570,-0.328186,-0.097972,"Citi Velocity, exported by Charlie",france_italy_cmt_euribor_1y5y_citi_2026-10-05.xlsx
2016-06-30,-0.564408,-0.348446,-0.166014,0.378500,-0.331329,-0.100003,"Citi Velocity, exported by Charlie",france_italy_cmt_euribor_1y5y_citi_2026-10-05.xlsx
2016-07-01,-0.569747,-0.370448,-0.203979,0.315146,-0.338092,-0.118788,"Citi Velocity, exported by Charlie",france_italy_cmt_euribor_1y5y_citi_2026-10-05.xlsx
2016-07-04,-0.582008,-0.382289,-0.216481,0.326232,-0.349212,-0.146697,"Citi Velocity, exported by Charlie",france_italy_cmt_euribor_1y5y_citi_2026-10-05.xlsx
2016-07-05,-0.594429,-0.407499,-0.200653,0.335041,-0.351879,-0.160265,"Citi Velocity, exported by Charlie",france_italy_cmt_euribor_1y5y_citi_2026-10-05.xlsx
2016-07-06,-0.605173,-0.405753,-0.181302,0.340634,-0.354144,-0.165735,"Citi Velocity, exported by Charlie",france_italy_cmt_euribor_1y5y_citi_2026-10-05.xlsx
2016-07-07,-0.598595,-0.399007,-0.164568,0.368504,-0.353658,-0.165151,"Citi Velocity, exported by Charlie",france_italy_cmt_euribor_1y5y_citi_2026-10-05.xlsx
2016-07-08,-0.600034,-0.421720,-0.167110,0.331378,-0.355670,-0.174151,"Citi Velocity, exported by Charlie",france_italy_cmt_euribor_1y5y_citi_2026-10-05.xlsx
2016-07-11,-0.601907,-0.416153,-0.160171,0.334333,-0.355175,-0.172875,"Citi Velocity, exported by Charlie",france_italy_cmt_euribor_1y5y_citi_2026-10-05.xlsx
2016-07-12,-0.570517,-0.394772,-0.151496,0.340184,-0.346639,-0.142805,"Citi Velocity, exported by Charlie",france_italy_cmt_euribor_1y5y_citi_2026-10-05.xlsx
2016-07-13,-0.578129,-0.407888,-0.152860,0.331637,-0.350702,-0.160974,"Citi Velocity, exported by Charlie",france_italy_cmt_euribor_1y5y_citi_2026-10-05.xlsx
2016-07-14,-0.570766,-0.379740,-0.153298,0.350160,-0.341814,-0.141364,"Citi Velocity, exported by Charlie",france_italy_cmt_euribor_1y5y_citi_2026-10-05.xlsx
2016-07-15,-0.563920,-0.350547,-0.146366,0.371624,-0.335627,-0.122045,"Citi Velocity, exported by Charlie",france_italy_cmt_euribor_1y5y_citi_2026-10-05.xlsx
2016-07-18,-0.570133,-0.360793,-0.152293,0.364860,-0.339059,-0.135641,"Citi Velocity, exported by Charlie",france_italy_cmt_euribor_1y5y_citi_2026-10-05.xlsx
2016-07-19,-0.565006,-0.350126,-0.154866,0.351521,-0.337610,-0.135498,"Citi Velocity, exported by Charlie",france_italy_cmt_euribor_1y5y_citi_2026-10-05.xlsx
2016-07-20,-0.559496,-0.343283,-0.159253,0.348941,-0.331907,-0.130886,"Citi Velocity, exported by Charlie",france_italy_cmt_euribor_1y5y_citi_2026-10-05.xlsx
2016-07-21,-0.558442,-0.337513,-0.153402,0.356983,-0.329437,-0.115552,"Citi Velocity, exported by Charlie",france_italy_cmt_euribor_1y5y_citi_2026-10-05.xlsx
2016-07-22,-0.555233,-0.333934,-0.151367,0.357339,-0.327782,-0.107279,"Citi Velocity, exported by Charlie",france_italy_cmt_euribor_1y5y_citi_2026-10-05.xlsx
2016-07-25,-0.560497,-0.348681,-0.151838,0.348004,-0.326784,-0.118848,"Citi Velocity, exported by Charlie",france_italy_cmt_euribor_1y5y_citi_2026-10-05.xlsx
2016-07-26,-0.562398,-0.346493,-0.143455,0.360411,-0.325912,-0.113762,"Citi Velocity, exported by Charlie",france_italy_cmt_euribor_1y5y_citi_2026-10-05.xlsx
2016-07-27,-0.573292,-0.385969,-0.146641,0.342539,-0.327690,-0.142908,"Citi Velocity, exported by Charlie",france_italy_cmt_euribor_1y5y_citi_2026-10-05.xlsx
2016-07-28,-0.562512,-0.377021,-0.144770,0.347148,-0.325009,-0.136395,"Citi Velocity, exported by Charlie",france_italy_cmt_euribor_1y5y_citi_2026-10-05.xlsx
2016-07-29,-0.565467,-0.402509,-0.150001,0.327898,-0.327806,-0.147254,"Citi Velocity, exported by Charlie",france_italy_cmt_euribor_1y5y_citi_2026-10-05.xlsx
2016-08-01,-0.563363,-0.389167,-0.156633,0.325276,-0.327734,-0.139516,"Citi Velocity, exported by Charlie",france_italy_cmt_euribor_1y5y_citi_2026-10-05.xlsx
2016-08-02,-0.561663,-0.356985,-0.148636,0.348021,-0.321666,-0.109310,"Citi Velocity, exported by Charlie",france_italy_cmt_euribor_1y5y_citi_2026-10-05.xlsx
2016-08-03,-0.563166,-0.359621,-0.154536,0.348755,-0.322936,-0.113582,"Citi Velocity, exported by Charlie",france_italy_cmt_euribor_1y5y_citi_2026-10-05.xlsx
2016-08-04,-0.571606,-0.401533,-0.175016,0.304263,-0.331037,-0.143661,"Citi Velocity, exported by Charlie",france_italy_cmt_euribor_1y5y_citi_2026-10-05.xlsx
2016-08-05,-0.572335,-0.389047,-0.172786,0.293366,-0.329545,-0.132801,"Citi Velocity, exported by Charlie",france_italy_cmt_euribor_1y5y_citi_2026-10-05.xlsx
2016-08-08,-0.581806,-0.400315,-0.170083,0.288612,-0.331653,-0.136800,"Citi Velocity, exported by Charlie",france_italy_cmt_euribor_1y5y_citi_2026-10-05.xlsx
2016-08-09,-0.588209,-0.415350,-0.170429,0.276376,-0.334010,-0.143288,"Citi Velocity, exported by Charlie",france_italy_cmt_euribor_1y5y_citi_2026-10-05.xlsx
2016-08-10,-0.598149,-0.438999,-0.179116,0.263791,-0.337712,-0.162451,"Citi Velocity, exported by Charlie",france_italy_cmt_euribor_1y5y_citi_2026-10-05.xlsx
2016-08-11,-0.590513,-0.431885,-0.184057,0.257726,-0.338036,-0.154025,"Citi Velocity, exported by Charlie",france_italy_cmt_euribor_1y5y_citi_2026-10-05.xlsx
2016-08-12,-0.593776,-0.429482,-0.187155,0.258625,-0.338718,-0.157511,"Citi Velocity, exported by Charlie",france_italy_cmt_euribor_1y5y_citi_2026-10-05.xlsx
2016-08-15,-0.587972,-0.404908,-0.189080,0.265572,-0.336099,-0.133634,"Citi Velocity, exported by Charlie",france_italy_cmt_euribor_1y5y_citi_2026-10-05.xlsx
2016-08-16,-0.589787,-0.382050,-0.189499,0.304570,-0.330906,-0.118155,"Citi Velocity, exported by Charlie",france_italy_cmt_euribor_1y5y_citi_2026-10-05.xlsx
2016-08-17,-0.593701,-0.391173,-0.183307,0.279252,-0.331935,-0.123431,"Citi Velocity, exported by Charlie",france_italy_cmt_euribor_1y5y_citi_2026-10-05.xlsx
2016-08-18,-0.588157,-0.408536,-0.187063,0.261256,-0.331671,-0.134689,"Citi Velocity, exported by Charlie",france_italy_cmt_euribor_1y5y_citi_2026-10-05.xlsx
2016-08-19,-0.586299,-0.387927,-0.183239,0.287695,-0.327710,-0.118312,"Citi Velocity, exported by Charlie",france_italy_cmt_euribor_1y5y_citi_2026-10-05.xlsx
2016-08-22,-0.589295,-0.407608,-0.189323,0.274191,-0.329326,-0.129630,"Citi Velocity, exported by Charlie",france_italy_cmt_euribor_1y5y_citi_2026-10-05.xlsx
2016-08-23,-0.588774,-0.410549,-0.182241,0.279318,-0.327347,-0.130582,"Citi Velocity, exported by Charlie",france_italy_cmt_euribor_1y5y_citi_2026-10-05.xlsx
2016-08-24,-0.590893,-0.401231,-0.183156,0.282297,-0.321847,-0.126746,"Citi Velocity, exported by Charlie",france_italy_cmt_euribor_1y5y_citi_2026-10-05.xlsx
2016-08-25,-0.584990,-0.393822,-0.181892,0.279012,-0.320705,-0.119160,"Citi Velocity, exported by Charlie",france_italy_cmt_euribor_1y5y_citi_2026-10-05.xlsx
2016-08-26,-0.589385,-0.403974,-0.184240,0.267955,-0.320478,-0.125350,"Citi Velocity, exported by Charlie",france_italy_cmt_euribor_1y5y_citi_2026-10-05.xlsx
2016-08-29,,,,,-0.320319,-0.125533,"Citi Velocity, exported by Charlie",france_italy_cmt_euribor_1y5y_citi_2026-10-05.xlsx
2016-08-30,-0.597993,-0.403588,-0.187881,0.287115,-0.324954,-0.129365,"Citi Velocity, exported by Charlie",france_italy_cmt_euribor_1y5y_citi_2026-10-05.xlsx
2016-08-31,-0.599266,-0.386780,-0.187276,0.300063,-0.330340,-0.122972,"Citi Velocity, exported by Charlie",france_italy_cmt_euribor_1y5y_citi_2026-10-05.xlsx
2016-09-01,-0.599233,-0.376576,-0.176783,0.348246,-0.330759,-0.124830,"Citi Velocity, exported by Charlie",france_italy_cmt_euribor_1y5y_citi_2026-10-05.xlsx
2016-09-02,-0.605589,-0.367778,-0.182840,0.332411,-0.329153,-0.115211,"Citi Velocity, exported by Charlie",france_italy_cmt_euribor_1y5y_citi_2026-10-05.xlsx
2016-09-05,-0.613445,-0.385607,-0.189579,0.311923,-0.334528,-0.126087,"Citi Velocity, exported by Charlie",france_italy_cmt_euribor_1y5y_citi_2026-10-05.xlsx
2016-09-06,-0.627232,-0.431880,-0.205533,0.267096,-0.344699,-0.163029,"Citi Velocity, exported by Charlie",france_italy_cmt_euribor_1y5y_citi_2026-10-05.xlsx
2016-09-07,-0.628169,-0.443473,-0.210371,0.253403,-0.348460,-0.172015,"Citi Velocity, exported by Charlie",france_italy_cmt_euribor_1y5y_citi_2026-10-05.xlsx
2016-09-08,-0.610332,-0.399467,-0.194691,0.314314,-0.334923,-0.139465,"Citi Velocity, exported by Charlie",france_italy_cmt_euribor_1y5y_citi_2026-10-05.xlsx
2016-09-09,-0.600621,-0.351758,-0.166515,0.367182,-0.330768,-0.110894,"Citi Velocity, exported by Charlie",france_italy_cmt_euribor_1y5y_citi_2026-10-05.xlsx
2016-09-12,-0.598080,-0.338839,-0.153228,0.384096,-0.329402,-0.100507,"Citi Velocity, exported by Charlie",france_italy_cmt_euribor_1y5y_citi_2026-10-05.xlsx
2016-09-13,-0.589754,-0.330486,-0.150628,0.388573,-0.327231,-0.094621,"Citi Velocity, exported by Charlie",france_italy_cmt_euribor_1y5y_citi_2026-10-05.xlsx
2016-09-14,-0.610086,-0.355567,-0.152598,0.388647,-0.334760,-0.108088,"Citi Velocity, exported by Charlie",france_italy_cmt_euribor_1y5y_citi_2026-10-05.xlsx
2016-09-15,-0.605047,-0.358672,-0.155474,0.405801,-0.330990,-0.101575,"Citi Velocity, exported by Charlie",france_italy_cmt_euribor_1y5y_citi_2026-10-05.xlsx
2016-09-16,-0.606147,-0.371650,-0.159517,0.399254,-0.331591,-0.117231,"Citi Velocity, exported by Charlie",france_italy_cmt_euribor_1y5y_citi_2026-10-05.xlsx
2016-09-19,-0.605750,-0.357232,-0.168438,0.380592,-0.328913,-0.103914,"Citi Velocity, exported by Charlie",france_italy_cmt_euribor_1y5y_citi_2026-10-05.xlsx
2016-09-20,-0.617362,-0.373702,-0.179384,0.349631,-0.332418,-0.120079,"Citi Velocity, exported by Charlie",france_italy_cmt_euribor_1y5y_citi_2026-10-05.xlsx
2016-09-21,-0.616060,-0.360987,-0.180319,0.364343,-0.330859,-0.104677,"Citi Velocity, exported by Charlie",france_italy_cmt_euribor_1y5y_citi_2026-10-05.xlsx
2016-09-22,-0.624146,-0.410962,-0.197637,0.304070,-0.333535,-0.150891,"Citi Velocity, exported by Charlie",france_italy_cmt_euribor_1y5y_citi_2026-10-05.xlsx
2016-09-23,-0.629896,-0.403415,-0.191271,0.320031,-0.334192,-0.144128,"Citi Velocity, exported by Charlie",france_italy_cmt_euribor_1y5y_citi_2026-10-05.xlsx
2016-09-26,-0.632006,-0.421215,-0.186320,0.304878,-0.337002,-0.152403,"Citi Velocity, exported by Charlie",france_italy_cmt_euribor_1y5y_citi_2026-10-05.xlsx
2016-09-27,-0.653686,-0.447784,-0.185689,0.321312,-0.326907,-0.159737,"Citi Velocity, exported by Charlie",france_italy_cmt_euribor_1y5y_citi_2026-10-05.xlsx
2016-09-28,-0.658630,-0.449485,-0.200826,0.302155,-0.329681,-0.166812,"Citi Velocity, exported by Charlie",france_italy_cmt_euribor_1y5y_citi_2026-10-05.xlsx
2016-09-29,-0.653023,-0.432008,-0.197159,0.334979,-0.327513,-0.156359,"Citi Velocity, exported by Charlie",france_italy_cmt_euribor_1y5y_citi_2026-10-05.xlsx
2016-09-30,-0.656456,-0.423090,-0.203551,0.322429,-0.320033,-0.144402,"Citi Velocity, exported by Charlie",france_italy_cmt_euribor_1y5y_citi_2026-10-05.xlsx
2016-10-03,-0.659274,-0.414476,-0.205437,0.343172,-0.316698,-0.134333,"Citi Velocity, exported by Charlie",france_italy_cmt_euribor_1y5y_citi_2026-10-05.xlsx
2016-10-04,-0.662420,-0.413233,-0.208745,0.356872,-0.316837,-0.137057,"Citi Velocity, exported by Charlie",france_italy_cmt_euribor_1y5y_citi_2026-10-05.xlsx
2016-10-05,-0.653179,-0.355043,-0.195297,0.414830,-0.316143,-0.101820,"Citi Velocity, exported by Charlie",france_italy_cmt_euribor_1y5y_citi_2026-10-05.xlsx
2016-10-06,-0.650888,-0.351102,-0.196655,0.419561,-0.317473,-0.101007,"Citi Velocity, exported by Charlie",france_italy_cmt_euribor_1y5y_citi_2026-10-05.xlsx
2016-10-07,-0.656692,-0.346805,-0.196929,0.434461,-0.314135,-0.085987,"Citi Velocity, exported by Charlie",france_italy_cmt_euribor_1y5y_citi_2026-10-05.xlsx
2016-10-10,-0.656817,-0.334293,-0.193910,0.442268,-0.309284,-0.062733,"Citi Velocity, exported by Charlie",france_italy_cmt_euribor_1y5y_citi_2026-10-05.xlsx
2016-10-11,-0.666461,-0.340719,-0.199066,0.434607,-0.314478,-0.071826,"Citi Velocity, exported by Charlie",france_italy_cmt_euribor_1y5y_citi_2026-10-05.xlsx
2016-10-12,-0.665760,-0.324895,-0.195195,0.454236,-0.316116,-0.056802,"Citi Velocity, exported by Charlie",france_italy_cmt_euribor_1y5y_citi_2026-10-05.xlsx
2016-10-13,-0.661334,-0.336964,-0.193111,0.444811,-0.316084,-0.067865,"Citi Velocity, exported by Charlie",france_italy_cmt_euribor_1y5y_citi_2026-10-05.xlsx
2016-10-14,-0.662745,-0.332517,-0.190964,0.442666,-0.316116,-0.056165,"Citi Velocity, exported by Charlie",france_italy_cmt_euribor_1y5y_citi_2026-10-05.xlsx
2016-10-17,-0.668309,-0.336311,-0.186887,0.457539,-0.314052,-0.059953,"Citi Velocity, exported by Charlie",france_italy_cmt_euribor_1y5y_citi_2026-10-05.xlsx
2016-10-18,-0.674887,-0.349089,-0.187325,0.449716,-0.317435,-0.068816,"Citi Velocity, exported by Charlie",france_italy_cmt_euribor_1y5y_citi_2026-10-05.xlsx
2016-10-19,-0.681259,-0.353609,-0.185512,0.450577,-0.317325,-0.070150,"Citi Velocity, exported by Charlie",france_italy_cmt_euribor_1y5y_citi_2026-10-05.xlsx
2016-10-20,-0.681015,-0.365148,-0.183769,0.455480,-0.319250,-0.075821,"Citi Velocity, exported by Charlie",france_italy_cmt_euribor_1y5y_citi_2026-10-05.xlsx
2016-10-21,-0.678779,-0.357252,-0.189116,0.455421,-0.313395,-0.064644,"Citi Velocity, exported by Charlie",france_italy_cmt_euribor_1y5y_citi_2026-10-05.xlsx
2016-10-24,-0.675760,-0.349999,-0.204408,0.461207,-0.310174,-0.056626,"Citi Velocity, exported by Charlie",france_italy_cmt_euribor_1y5y_citi_2026-10-05.xlsx
2016-10-25,-0.671141,-0.347990,-0.211818,0.461707,-0.308614,-0.053353,"Citi Velocity, exported by Charlie",france_italy_cmt_euribor_1y5y_citi_2026-10-05.xlsx
2016-10-26,-0.662464,-0.302387,-0.202174,0.529120,-0.304432,-0.018955,"Citi Velocity, exported by Charlie",france_italy_cmt_euribor_1y5y_citi_2026-10-05.xlsx
2016-10-27,-0.648706,-0.253842,-0.189054,0.598413,-0.301802,0.008869,"Citi Velocity, exported by Charlie",france_italy_cmt_euribor_1y5y_citi_2026-10-05.xlsx
2016-10-28,-0.650366,-0.237711,-0.137726,0.658866,-0.298588,0.016505,"Citi Velocity, exported by Charlie",france_italy_cmt_euribor_1y5y_citi_2026-10-05.xlsx
2016-10-31,-0.650079,-0.240181,-0.134121,0.669690,-0.298510,0.008795,"Citi Velocity, exported by Charlie",france_italy_cmt_euribor_1y5y_citi_2026-10-05.xlsx
2016-11-01,-0.654493,-0.220260,-0.116937,0.716000,-0.292014,0.024269,"Citi Velocity, exported by Charlie",france_italy_cmt_euribor_1y5y_citi_2026-10-05.xlsx
2016-11-02,-0.659159,-0.255591,-0.136926,0.640437,-0.293796,0.005385,"Citi Velocity, exported by Charlie",france_italy_cmt_euribor_1y5y_citi_2026-10-05.xlsx
2016-11-03,-0.646289,-0.238291,-0.150302,0.650062,-0.289596,0.026729,"Citi Velocity, exported by Charlie",france_italy_cmt_euribor_1y5y_citi_2026-10-05.xlsx
2016-11-04,-0.655699,-0.254693,-0.156502,0.678673,-0.289878,0.015166,"Citi Velocity, exported by Charlie",france_italy_cmt_euribor_1y5y_citi_2026-10-05.xlsx
2016-11-07,-0.650661,-0.250642,-0.169118,0.651537,-0.289420,0.023247,"Citi Velocity, exported by Charlie",france_italy_cmt_euribor_1y5y_citi_2026-10-05.xlsx
2016-11-08,-0.652293,-0.234799,-0.164873,0.662234,-0.286012,0.042212,"Citi Velocity, exported by Charlie",france_italy_cmt_euribor_1y5y_citi_2026-10-05.xlsx
2016-11-09,-0.669424,-0.242868,-0.159019,0.677165,-0.289221,0.040729,"Citi Velocity, exported by Charlie",france_italy_cmt_euribor_1y5y_citi_2026-10-05.xlsx
2016-11-10,-0.645670,-0.126017,-0.120926,0.790809,-0.279946,0.105727,"Citi Velocity, exported by Charlie",france_italy_cmt_euribor_1y5y_citi_2026-10-05.xlsx
2016-11-11,-0.634589,-0.058784,-0.083331,0.900508,-0.282360,0.132681,"Citi Velocity, exported by Charlie",france_italy_cmt_euribor_1y5y_citi_2026-10-05.xlsx
2016-11-14,-0.655468,-0.041304,-0.059948,0.973314,-0.283195,0.154147,"Citi Velocity, exported by Charlie",france_italy_cmt_euribor_1y5y_citi_2026-10-05.xlsx
2016-11-15,-0.661876,-0.094558,-0.111612,0.870274,-0.287480,0.143473,"Citi Velocity, exported by Charlie",france_italy_cmt_euribor_1y5y_citi_2026-10-05.xlsx
2016-11-16,-0.662790,-0.080975,-0.101961,0.929628,-0.288096,0.147119,"Citi Velocity, exported by Charlie",france_italy_cmt_euribor_1y5y_citi_2026-10-05.xlsx
2016-11-17,-0.657226,-0.092278,-0.081933,0.985485,-0.292666,0.130886,"Citi Velocity, exported by Charlie",france_italy_cmt_euribor_1y5y_citi_2026-10-05.xlsx
2016-11-18,-0.675031,-0.096265,-0.092978,0.965964,-0.296189,0.128137,"Citi Velocity, exported by Charlie",france_italy_cmt_euribor_1y5y_citi_2026-10-05.xlsx
2016-11-21,-0.681949,-0.111152,-0.088715,0.972006,-0.296772,0.120147,"Citi Velocity, exported by Charlie",france_italy_cmt_euribor_1y5y_citi_2026-10-05.xlsx
2016-11-22,-0.715884,-0.157615,-0.102115,0.962441,-0.296621,0.094405,"Citi Velocity, exported by Charlie",france_italy_cmt_euribor_1y5y_citi_2026-10-05.xlsx
2016-11-23,-0.698515,-0.107906,-0.075785,1.036970,-0.291770,0.102358,"Citi Velocity, exported by Charlie",france_italy_cmt_euribor_1y5y_citi_2026-10-05.xlsx
2016-11-24,-0.715485,-0.120606,-0.057425,1.031780,-0.296772,0.081997,"Citi Velocity, exported by Charlie",france_italy_cmt_euribor_1y5y_citi_2026-10-05.xlsx
2016-11-25,-0.717142,-0.114981,-0.044416,1.027410,-0.291636,0.089078,"Citi Velocity, exported by Charlie",france_italy_cmt_euribor_1y5y_citi_2026-10-05.xlsx
2016-11-28,-0.738672,-0.134772,-0.040763,1.023320,-0.297278,0.065804,"Citi Velocity, exported by Charlie",france_italy_cmt_euribor_1y5y_citi_2026-10-05.xlsx
2016-11-29,-0.740830,-0.177424,-0.056231,0.970666,-0.297905,0.069387,"Citi Velocity, exported by Charlie",france_italy_cmt_euribor_1y5y_citi_2026-10-05.xlsx
2016-11-30,-0.740363,-0.178763,-0.061428,0.937957,-0.295368,0.081275,"Citi Velocity, exported by Charlie",france_italy_cmt_euribor_1y5y_citi_2026-10-05.xlsx
2016-12-01,-0.750473,-0.143878,-0.038769,0.980571,-0.290039,0.110918,"Citi Velocity, exported by Charlie",france_italy_cmt_euribor_1y5y_citi_2026-10-05.xlsx
2016-12-02,-0.727960,-0.162302,-0.050120,0.900435,-0.292543,0.100545,"Citi Velocity, exported by Charlie",france_italy_cmt_euribor_1y5y_citi_2026-10-05.xlsx
2016-12-05,-0.708616,-0.112319,-0.041086,0.946756,-0.294058,0.117106,"Citi Velocity, exported by Charlie",france_italy_cmt_euribor_1y5y_citi_2026-10-05.xlsx
2016-12-06,-0.709953,-0.110102,-0.089876,0.893808,-0.293399,0.147334,"Citi Velocity, exported by Charlie",france_italy_cmt_euribor_1y5y_citi_2026-10-05.xlsx
2016-12-07,-0.690945,-0.122126,-0.098045,0.843559,-0.293054,0.139503,"Citi Velocity, exported by Charlie",france_italy_cmt_euribor_1y5y_citi_2026-10-05.xlsx
2016-12-08,-0.714632,-0.149567,-0.134892,0.902981,-0.299684,0.129860,"Citi Velocity, exported by Charlie",france_italy_cmt_euribor_1y5y_citi_2026-10-05.xlsx
2016-12-09,-0.698683,-0.167052,-0.161913,0.858451,-0.303533,0.116181,"Citi Velocity, exported by Charlie",france_italy_cmt_euribor_1y5y_citi_2026-10-05.xlsx
2016-12-12,-0.696527,-0.122905,-0.165175,0.821889,-0.300253,0.153680,"Citi Velocity, exported by Charlie",france_italy_cmt_euribor_1y5y_citi_2026-10-05.xlsx
2016-12-13,-0.696468,-0.159632,-0.179192,0.711164,-0.301332,0.131396,"Citi Velocity, exported by Charlie",france_italy_cmt_euribor_1y5y_citi_2026-10-05.xlsx
2016-12-14,-0.704418,-0.184275,-0.197243,0.624844,-0.301055,0.107086,"Citi Velocity, exported by Charlie",france_italy_cmt_euribor_1y5y_citi_2026-10-05.xlsx
2016-12-15,-0.712170,-0.149431,-0.190416,0.689541,-0.299118,0.145388,"Citi Velocity, exported by Charlie",france_italy_cmt_euribor_1y5y_citi_2026-10-05.xlsx
2016-12-16,-0.729347,-0.164685,-0.187549,0.722859,-0.294425,0.125032,"Citi Velocity, exported by Charlie",france_italy_cmt_euribor_1y5y_citi_2026-10-05.xlsx
2016-12-19,-0.761034,-0.200015,-0.187706,0.669208,-0.296379,0.099721,"Citi Velocity, exported by Charlie",france_italy_cmt_euribor_1y5y_citi_2026-10-05.xlsx
2016-12-20,-0.754643,-0.184995,-0.194597,0.671198,-0.296010,0.110959,"Citi Velocity, exported by Charlie",france_italy_cmt_euribor_1y5y_citi_2026-10-05.xlsx
2016-12-21,-0.767442,-0.199304,-0.208165,0.645944,-0.294384,0.103305,"Citi Velocity, exported by Charlie",france_italy_cmt_euribor_1y5y_citi_2026-10-05.xlsx
2016-12-22,-0.774260,-0.186440,-0.210837,0.667102,-0.292849,0.117995,"Citi Velocity, exported by Charlie",france_italy_cmt_euribor_1y5y_citi_2026-10-05.xlsx
2016-12-23,-0.776480,-0.198721,-0.216693,0.645985,-0.291829,0.109966,"Citi Velocity, exported by Charlie",france_italy_cmt_euribor_1y5y_citi_2026-10-05.xlsx
2016-12-26,,,,,-0.291824,0.109965,"Citi Velocity, exported by Charlie",france_italy_cmt_euribor_1y5y_citi_2026-10-05.xlsx
2016-12-27,,,,,-0.291907,0.109647,"Citi Velocity, exported by Charlie",france_italy_cmt_euribor_1y5y_citi_2026-10-05.xlsx
2016-12-28,-0.809338,-0.231886,-0.251215,0.657857,-0.298187,0.090055,"Citi Velocity, exported by Charlie",france_italy_cmt_euribor_1y5y_citi_2026-10-05.xlsx
2016-12-29,-0.777837,-0.232640,-0.247437,0.655504,-0.301590,0.071671,"Citi Velocity, exported by Charlie",france_italy_cmt_euribor_1y5y_citi_2026-10-05.xlsx
2016-12-30,-0.775048,-0.215283,-0.243244,0.673551,-0.302240,0.084196,"Citi Velocity, exported by Charlie",france_italy_cmt_euribor_1y5y_citi_2026-10-05.xlsx
2017-01-02,,,,,-0.301850,0.084287,"Citi Velocity, exported by Charlie",france_italy_cmt_euribor_1y5y_citi_2026-10-05.xlsx
2017-01-03,-0.733228,-0.179321,-0.234745,0.706331,-0.303773,0.097932,"Citi Velocity, exported by Charlie",france_italy_cmt_euribor_1y5y_citi_2026-10-05.xlsx
2017-01-04,-0.747167,-0.172746,-0.230516,0.712296,-0.304567,0.099214,"Citi Velocity, exported by Charlie",france_italy_cmt_euribor_1y5y_citi_2026-10-05.xlsx
2017-01-05,-0.699311,-0.138537,-0.204613,0.770453,-0.305799,0.099506,"Citi Velocity, exported by Charlie",france_italy_cmt_euribor_1y5y_citi_2026-10-05.xlsx
2017-01-06,-0.685978,-0.117168,-0.191081,0.782486,-0.306888,0.120775,"Citi Velocity, exported by Charlie",france_italy_cmt_euribor_1y5y_citi_2026-10-05.xlsx
2017-01-09,-0.668932,-0.121507,-0.204507,0.733768,-0.309919,0.111448,"Citi Velocity, exported by Charlie",france_italy_cmt_euribor_1y5y_citi_2026-10-05.xlsx
2017-01-10,-0.669348,-0.117325,-0.214836,0.726691,-0.313872,0.107931,"Citi Velocity, exported by Charlie",france_italy_cmt_euribor_1y5y_citi_2026-10-05.xlsx
2017-01-11,-0.656109,-0.117838,-0.217108,0.703418,-0.321853,0.088714,"Citi Velocity, exported by Charlie",france_italy_cmt_euribor_1y5y_citi_2026-10-05.xlsx
2017-01-12,-0.644255,-0.129129,-0.213748,0.717152,-0.321521,0.074742,"Citi Velocity, exported by Charlie",france_italy_cmt_euribor_1y5y_citi_2026-10-05.xlsx
2017-01-13,-0.632803,-0.117977,-0.218226,0.718111,-0.319753,0.085893,"Citi Velocity, exported by Charlie",france_italy_cmt_euribor_1y5y_citi_2026-10-05.xlsx
2017-01-16,-0.602128,-0.128683,-0.215133,0.719964,-0.322929,0.078604,"Citi Velocity, exported by Charlie",france_italy_cmt_euribor_1y5y_citi_2026-10-05.xlsx
2017-01-17,-0.612591,-0.155326,-0.224211,0.695816,-0.323472,0.075101,"Citi Velocity, exported by Charlie",france_italy_cmt_euribor_1y5y_citi_2026-10-05.xlsx
2017-01-18,-0.616933,-0.141707,-0.226196,0.713475,-0.320266,0.102581,"Citi Velocity, exported by Charlie",france_italy_cmt_euribor_1y5y_citi_2026-10-05.xlsx
2017-01-19,-0.596500,-0.104841,-0.222531,0.747447,-0.318699,0.124106,"Citi Velocity, exported by Charlie",france_italy_cmt_euribor_1y5y_citi_2026-10-05.xlsx
2017-01-20,-0.550656,-0.062743,-0.224493,0.772280,-0.311881,0.156824,"Citi Velocity, exported by Charlie",france_italy_cmt_euribor_1y5y_citi_2026-10-05.xlsx
2017-01-23,-0.568141,-0.090551,-0.226093,0.759844,-0.314356,0.124875,"Citi Velocity, exported by Charlie",france_italy_cmt_euribor_1y5y_citi_2026-10-05.xlsx
2017-01-24,-0.570241,-0.072764,-0.227362,0.760585,-0.314801,0.140376,"Citi Velocity, exported by Charlie",france_italy_cmt_euribor_1y5y_citi_2026-10-05.xlsx
2017-01-25,-0.560312,-0.004555,-0.216360,0.805996,-0.308567,0.182940,"Citi Velocity, exported by Charlie",france_italy_cmt_euribor_1y5y_citi_2026-10-05.xlsx
2017-01-26,-0.558425,0.041931,-0.185630,0.933244,-0.305631,0.201364,"Citi Velocity, exported by Charlie",france_italy_cmt_euribor_1y5y_citi_2026-10-05.xlsx
2017-01-27,-0.559964,0.047726,-0.178585,0.960731,-0.304623,0.196380,"Citi Velocity, exported by Charlie",france_italy_cmt_euribor_1y5y_citi_2026-10-05.xlsx
2017-01-30,-0.528182,0.089971,-0.136784,1.054560,-0.303407,0.191940,"Citi Velocity, exported by Charlie",france_italy_cmt_euribor_1y5y_citi_2026-10-05.xlsx
2017-01-31,-0.572127,0.064348,-0.152981,1.026590,-0.305190,0.185132,"Citi Velocity, exported by Charlie",france_italy_cmt_euribor_1y5y_citi_2026-10-05.xlsx
2017-02-01,-0.582700,0.094174,-0.142860,1.046550,-0.302713,0.205108,"Citi Velocity, exported by Charlie",france_italy_cmt_euribor_1y5y_citi_2026-10-05.xlsx
2017-02-02,-0.607475,0.031571,-0.166281,0.970185,-0.305205,0.174084,"Citi Velocity, exported by Charlie",france_italy_cmt_euribor_1y5y_citi_2026-10-05.xlsx
2017-02-03,-0.609250,0.019476,-0.169437,0.986776,-0.302027,0.170992,"Citi Velocity, exported by Charlie",france_italy_cmt_euribor_1y5y_citi_2026-10-05.xlsx
2017-02-06,-0.608400,0.063899,-0.147431,1.083450,-0.295001,0.153582,"Citi Velocity, exported by Charlie",france_italy_cmt_euribor_1y5y_citi_2026-10-05.xlsx
2017-02-07,-0.639662,0.061250,-0.165114,1.050200,-0.290740,0.157619,"Citi Velocity, exported by Charlie",france_italy_cmt_euribor_1y5y_citi_2026-10-05.xlsx
2017-02-08,-0.648291,0.025949,-0.184094,0.997254,-0.293946,0.123606,"Citi Velocity, exported by Charlie",france_italy_cmt_euribor_1y5y_citi_2026-10-05.xlsx
2017-02-09,-0.641399,-0.000317,-0.194679,0.958483,-0.290718,0.131050,"Citi Velocity, exported by Charlie",france_italy_cmt_euribor_1y5y_citi_2026-10-05.xlsx
2017-02-10,-0.611770,0.043384,-0.185136,1.031850,-0.293924,0.144339,"Citi Velocity, exported by Charlie",france_italy_cmt_euribor_1y5y_citi_2026-10-05.xlsx
2017-02-13,-0.633298,0.048938,-0.187450,1.025030,-0.289314,0.161108,"Citi Velocity, exported by Charlie",france_italy_cmt_euribor_1y5y_citi_2026-10-05.xlsx
2017-02-14,-0.633365,0.048298,-0.202080,1.013680,-0.292195,0.170671,"Citi Velocity, exported by Charlie",france_italy_cmt_euribor_1y5y_citi_2026-10-05.xlsx
2017-02-15,-0.630581,0.044458,-0.202335,1.037290,-0.289587,0.171544,"Citi Velocity, exported by Charlie",france_italy_cmt_euribor_1y5y_citi_2026-10-05.xlsx
2017-02-16,-0.622944,0.019089,-0.209085,0.993392,-0.292388,0.146067,"Citi Velocity, exported by Charlie",france_italy_cmt_euribor_1y5y_citi_2026-10-05.xlsx
2017-02-17,-0.610471,0.031891,-0.199822,1.020480,-0.295709,0.132611,"Citi Velocity, exported by Charlie",france_italy_cmt_euribor_1y5y_citi_2026-10-05.xlsx
2017-02-20,-0.578232,0.069307,-0.195043,1.026250,-0.292560,0.135649,"Citi Velocity, exported by Charlie",france_italy_cmt_euribor_1y5y_citi_2026-10-05.xlsx
2017-02-21,-0.547963,0.112870,-0.165792,1.082980,-0.293948,0.142428,"Citi Velocity, exported by Charlie",france_italy_cmt_euribor_1y5y_citi_2026-10-05.xlsx
2017-02-22,-0.561376,0.073361,-0.153377,1.089110,-0.292703,0.126698,"Citi Velocity, exported by Charlie",france_italy_cmt_euribor_1y5y_citi_2026-10-05.xlsx
2017-02-23,-0.567545,0.003845,-0.150979,1.114140,-0.299381,0.104822,"Citi Velocity, exported by Charlie",france_italy_cmt_euribor_1y5y_citi_2026-10-05.xlsx
2017-02-24,-0.587202,-0.033859,-0.157337,1.095530,-0.296186,0.095837,"Citi Velocity, exported by Charlie",france_italy_cmt_euribor_1y5y_citi_2026-10-05.xlsx
2017-02-27,-0.589270,-0.040671,-0.167193,1.057520,-0.296326,0.087363,"Citi Velocity, exported by Charlie",france_italy_cmt_euribor_1y5y_citi_2026-10-05.xlsx
2017-02-28,-0.585023,-0.038433,-0.175611,0.987772,-0.300708,0.077946,"Citi Velocity, exported by Charlie",france_italy_cmt_euribor_1y5y_citi_2026-10-05.xlsx
2017-03-01,-0.553847,0.014456,-0.167904,1.009060,-0.299703,0.111305,"Citi Velocity, exported by Charlie",france_italy_cmt_euribor_1y5y_citi_2026-10-05.xlsx
2017-03-02,-0.561946,0.002944,-0.174299,1.011410,-0.299083,0.139526,"Citi Velocity, exported by Charlie",france_italy_cmt_euribor_1y5y_citi_2026-10-05.xlsx
2017-03-03,-0.564539,0.006516,-0.186021,0.990803,-0.282961,0.192375,"Citi Velocity, exported by Charlie",france_italy_cmt_euribor_1y5y_citi_2026-10-05.xlsx
2017-03-06,-0.606063,0.012036,-0.187413,1.007830,-0.278849,0.194379,"Citi Velocity, exported by Charlie",france_italy_cmt_euribor_1y5y_citi_2026-10-05.xlsx
2017-03-07,-0.634720,0.011681,-0.188845,1.033790,-0.282700,0.172061,"Citi Velocity, exported by Charlie",france_italy_cmt_euribor_1y5y_citi_2026-10-05.xlsx
2017-03-08,-0.609174,0.094406,-0.175921,1.105570,-0.281644,0.198700,"Citi Velocity, exported by Charlie",france_italy_cmt_euribor_1y5y_citi_2026-10-05.xlsx
2017-03-09,-0.661169,0.092767,-0.158580,1.136340,-0.282830,0.252179,"Citi Velocity, exported by Charlie",france_italy_cmt_euribor_1y5y_citi_2026-10-05.xlsx
2017-03-10,-0.638926,0.176327,-0.154716,1.199500,-0.273649,0.320062,"Citi Velocity, exported by Charlie",france_italy_cmt_euribor_1y5y_citi_2026-10-05.xlsx
2017-03-13,-0.636355,0.175174,-0.151484,1.240230,-0.282214,0.300133,"Citi Velocity, exported by Charlie",france_italy_cmt_euribor_1y5y_citi_2026-10-05.xlsx
2017-03-14,-0.619498,0.180641,-0.147172,1.235660,-0.285901,0.279755,"Citi Velocity, exported by Charlie",france_italy_cmt_euribor_1y5y_citi_2026-10-05.xlsx
2017-03-15,-0.627582,0.141067,-0.168271,1.164960,-0.287991,0.251897,"Citi Velocity, exported by Charlie",france_italy_cmt_euribor_1y5y_citi_2026-10-05.xlsx
2017-03-16,-0.616487,0.199475,-0.176187,1.212040,-0.285756,0.262088,"Citi Velocity, exported by Charlie",france_italy_cmt_euribor_1y5y_citi_2026-10-05.xlsx
2017-03-17,-0.601873,0.198229,-0.166797,1.229880,-0.276367,0.262057,"Citi Velocity, exported by Charlie",france_italy_cmt_euribor_1y5y_citi_2026-10-05.xlsx
2017-03-20,-0.578990,0.198352,-0.165616,1.209390,-0.275249,0.267850,"Citi Velocity, exported by Charlie",france_italy_cmt_euribor_1y5y_citi_2026-10-05.xlsx
2017-03-21,-0.569502,0.188061,-0.170857,1.167660,-0.271800,0.289736,"Citi Velocity, exported by Charlie",france_italy_cmt_euribor_1y5y_citi_2026-10-05.xlsx
2017-03-22,-0.588315,0.120792,-0.173617,1.125700,-0.278013,0.260624,"Citi Velocity, exported by Charlie",france_italy_cmt_euribor_1y5y_citi_2026-10-05.xlsx
2017-03-23,-0.579471,0.122789,-0.177050,1.131450,-0.278163,0.276924,"Citi Velocity, exported by Charlie",france_italy_cmt_euribor_1y5y_citi_2026-10-05.xlsx
2017-03-24,-0.600658,0.085864,-0.180272,1.087670,-0.277805,0.270633,"Citi Velocity, exported by Charlie",france_italy_cmt_euribor_1y5y_citi_2026-10-05.xlsx
2017-03-27,-0.579700,0.095391,-0.180475,1.070230,-0.283138,0.261312,"Citi Velocity, exported by Charlie",france_italy_cmt_euribor_1y5y_citi_2026-10-05.xlsx
2017-03-28,-0.590428,0.063200,-0.181526,1.012210,-0.290020,0.234970,"Citi Velocity, exported by Charlie",france_italy_cmt_euribor_1y5y_citi_2026-10-05.xlsx
2017-03-29,-0.590617,0.032164,-0.184933,1.026810,-0.295925,0.198101,"Citi Velocity, exported by Charlie",france_italy_cmt_euribor_1y5y_citi_2026-10-05.xlsx
2017-03-30,-0.537353,0.065265,-0.178998,1.026940,-0.298729,0.182406,"Citi Velocity, exported by Charlie",france_italy_cmt_euribor_1y5y_citi_2026-10-05.xlsx
2017-03-31,-0.534609,0.080486,-0.174960,1.039810,-0.300850,0.188730,"Citi Velocity, exported by Charlie",france_italy_cmt_euribor_1y5y_citi_2026-10-05.xlsx
2017-04-03,-0.566864,0.049692,-0.186107,1.039170,-0.306781,0.156338,"Citi Velocity, exported by Charlie",france_italy_cmt_euribor_1y5y_citi_2026-10-05.xlsx
2017-04-04,-0.547967,0.034681,-0.193389,0.987156,-0.308377,0.148409,"Citi Velocity, exported by Charlie",france_italy_cmt_euribor_1y5y_citi_2026-10-05.xlsx
2017-04-05,-0.570621,0.017575,-0.194274,0.983044,-0.306673,0.148670,"Citi Velocity, exported by Charlie",france_italy_cmt_euribor_1y5y_citi_2026-10-05.xlsx
2017-04-06,-0.565351,0.004754,-0.194392,0.986437,-0.304881,0.156483,"Citi Velocity, exported by Charlie",france_italy_cmt_euribor_1y5y_citi_2026-10-05.xlsx
2017-04-07,-0.561367,-0.028520,-0.201669,0.950116,-0.306528,0.137505,"Citi Velocity, exported by Charlie",france_italy_cmt_euribor_1y5y_citi_2026-10-05.xlsx
2017-04-10,-0.509475,0.022366,-0.187618,0.969714,-0.309796,0.133475,"Citi Velocity, exported by Charlie",france_italy_cmt_euribor_1y5y_citi_2026-10-05.xlsx
2017-04-11,-0.521876,0.047899,-0.172385,1.010010,-0.307759,0.123744,"Citi Velocity, exported by Charlie",france_italy_cmt_euribor_1y5y_citi_2026-10-05.xlsx
2017-04-12,-0.521419,0.033243,-0.155744,1.045770,-0.302138,0.129981,"Citi Velocity, exported by Charlie",france_italy_cmt_euribor_1y5y_citi_2026-10-05.xlsx
2017-04-13,-0.510875,0.035197,-0.166874,1.042020,-0.304426,0.119859,"Citi Velocity, exported by Charlie",france_italy_cmt_euribor_1y5y_citi_2026-10-05.xlsx
2017-04-14,,,,,-0.304420,0.119858,"Citi Velocity, exported by Charlie",france_italy_cmt_euribor_1y5y_citi_2026-10-05.xlsx
2017-04-17,,,,,-0.304411,0.119857,"Citi Velocity, exported by Charlie",france_italy_cmt_euribor_1y5y_citi_2026-10-05.xlsx
2017-04-18,-0.488345,0.052196,-0.179421,1.007750,-0.304786,0.112227,"Citi Velocity, exported by Charlie",france_italy_cmt_euribor_1y5y_citi_2026-10-05.xlsx
2017-04-19,-0.475941,0.057580,-0.179859,1.013930,-0.305087,0.130057,"Citi Velocity, exported by Charlie",france_italy_cmt_euribor_1y5y_citi_2026-10-05.xlsx
2017-04-20,-0.497387,0.026213,-0.173985,1.036800,-0.301942,0.153087,"Citi Velocity, exported by Charlie",france_italy_cmt_euribor_1y5y_citi_2026-10-05.xlsx
2017-04-21,-0.495725,0.067070,-0.143854,1.049610,-0.295255,0.167290,"Citi Velocity, exported by Charlie",france_italy_cmt_euribor_1y5y_citi_2026-10-05.xlsx
2017-04-24,-0.551398,-0.100850,-0.176883,0.984517,-0.299443,0.211500,"Citi Velocity, exported by Charlie",france_italy_cmt_euribor_1y5y_citi_2026-10-05.xlsx
2017-04-25,-0.551734,-0.057476,-0.177630,1.021600,-0.297101,0.230931,"Citi Velocity, exported by Charlie",france_italy_cmt_euribor_1y5y_citi_2026-10-05.xlsx
2017-04-26,-0.566302,-0.052627,-0.186059,1.055430,-0.300012,0.212973,"Citi Velocity, exported by Charlie",france_italy_cmt_euribor_1y5y_citi_2026-10-05.xlsx
2017-04-27,-0.597317,-0.119261,-0.208275,1.018310,-0.310251,0.185376,"Citi Velocity, exported by Charlie",france_italy_cmt_euribor_1y5y_citi_2026-10-05.xlsx
2017-04-28,-0.563094,-0.123038,-0.203752,1.028110,-0.310432,0.199397,"Citi Velocity, exported by Charlie",france_italy_cmt_euribor_1y5y_citi_2026-10-05.xlsx
2017-05-01,,,,,-0.310429,0.199397,"Citi Velocity, exported by Charlie",france_italy_cmt_euribor_1y5y_citi_2026-10-05.xlsx
2017-05-02,-0.569986,-0.114203,-0.206273,1.024060,-0.320104,0.200400,"Citi Velocity, exported by Charlie",france_italy_cmt_euribor_1y5y_citi_2026-10-05.xlsx
2017-05-03,-0.576586,-0.105885,-0.218305,1.004370,-0.325234,0.195353,"Citi Velocity, exported by Charlie",france_italy_cmt_euribor_1y5y_citi_2026-10-05.xlsx
2017-05-04,-0.586684,-0.094092,-0.230903,0.983920,-0.323481,0.224084,"Citi Velocity, exported by Charlie",france_italy_cmt_euribor_1y5y_citi_2026-10-05.xlsx
2017-05-05,-0.576329,-0.073346,-0.237352,0.949628,-0.305419,0.246695,"Citi Velocity, exported by Charlie",france_italy_cmt_euribor_1y5y_citi_2026-10-05.xlsx
2017-05-08,-0.572108,-0.073630,-0.232551,1.006790,-0.302839,0.241750,"Citi Velocity, exported by Charlie",france_italy_cmt_euribor_1y5y_citi_2026-10-05.xlsx
2017-05-09,-0.571671,-0.057819,-0.235236,1.014850,-0.303477,0.239722,"Citi Velocity, exported by Charlie",france_italy_cmt_euribor_1y5y_citi_2026-10-05.xlsx
2017-05-10,-0.575883,-0.075225,-0.250569,0.980987,-0.306116,0.229716,"Citi Velocity, exported by Charlie",france_italy_cmt_euribor_1y5y_citi_2026-10-05.xlsx
2017-05-11,-0.580915,-0.055467,-0.249203,0.994294,-0.307990,0.227683,"Citi Velocity, exported by Charlie",france_italy_cmt_euribor_1y5y_citi_2026-10-05.xlsx
2017-05-12,-0.585914,-0.090761,-0.250345,0.959430,-0.310578,0.203683,"Citi Velocity, exported by Charlie",france_italy_cmt_euribor_1y5y_citi_2026-10-05.xlsx
2017-05-15,-0.584926,-0.067021,-0.261433,0.972217,-0.311564,0.215357,"Citi Velocity, exported by Charlie",france_italy_cmt_euribor_1y5y_citi_2026-10-05.xlsx
2017-05-16,-0.577122,-0.070648,-0.280259,0.922021,-0.311922,0.216324,"Citi Velocity, exported by Charlie",france_italy_cmt_euribor_1y5y_citi_2026-10-05.xlsx
2017-05-17,-0.583866,-0.104645,-0.296933,0.874411,-0.313594,0.196739,"Citi Velocity, exported by Charlie",france_italy_cmt_euribor_1y5y_citi_2026-10-05.xlsx
2017-05-18,-0.586278,-0.130367,-0.294485,0.865281,-0.310507,0.182997,"Citi Velocity, exported by Charlie",france_italy_cmt_euribor_1y5y_citi_2026-10-05.xlsx
2017-05-19,-0.577962,-0.128482,-0.299818,0.844729,-0.306552,0.196696,"Citi Velocity, exported by Charlie",france_italy_cmt_euribor_1y5y_citi_2026-10-05.xlsx
2017-05-22,-0.567566,-0.107161,-0.292784,0.851961,-0.304519,0.213600,"Citi Velocity, exported by Charlie",france_italy_cmt_euribor_1y5y_citi_2026-10-05.xlsx
2017-05-23,-0.585049,-0.115219,-0.295805,0.847360,-0.304509,0.219024,"Citi Velocity, exported by Charlie",france_italy_cmt_euribor_1y5y_citi_2026-10-05.xlsx
2017-05-24,-0.592846,-0.117270,-0.284535,0.866257,-0.307722,0.221840,"Citi Velocity, exported by Charlie",france_italy_cmt_euribor_1y5y_citi_2026-10-05.xlsx
2017-05-25,-0.596305,-0.147715,-0.272413,0.861654,-0.308935,0.205358,"Citi Velocity, exported by Charlie",france_italy_cmt_euribor_1y5y_citi_2026-10-05.xlsx
2017-05-26,-0.604430,-0.171976,-0.269658,0.859429,-0.312907,0.186590,"Citi Velocity, exported by Charlie",france_italy_cmt_euribor_1y5y_citi_2026-10-05.xlsx
2017-05-29,,,,,-0.312773,0.186596,"Citi Velocity, exported by Charlie",france_italy_cmt_euribor_1y5y_citi_2026-10-05.xlsx
2017-05-30,-0.589066,-0.197060,-0.242351,0.938400,-0.315237,0.163619,"Citi Velocity, exported by Charlie",france_italy_cmt_euribor_1y5y_citi_2026-10-05.xlsx
2017-05-31,-0.601403,-0.213718,-0.262689,0.922906,-0.316800,0.156167,"Citi Velocity, exported by Charlie",france_italy_cmt_euribor_1y5y_citi_2026-10-05.xlsx
2017-06-01,-0.599931,-0.198163,-0.257663,0.961980,-0.316662,0.169626,"Citi Velocity, exported by Charlie",france_italy_cmt_euribor_1y5y_citi_2026-10-05.xlsx
2017-06-02,-0.603877,-0.213925,-0.261105,0.961170,-0.313749,0.160850,"Citi Velocity, exported by Charlie",france_italy_cmt_euribor_1y5y_citi_2026-10-05.xlsx
2017-06-05,-0.595434,-0.201273,-0.265987,0.967161,-0.312213,0.162416,"Citi Velocity, exported by Charlie",france_italy_cmt_euribor_1y5y_citi_2026-10-05.xlsx
2017-06-06,-0.614694,-0.236318,-0.283081,0.961053,-0.309282,0.152517,"Citi Velocity, exported by Charlie",france_italy_cmt_euribor_1y5y_citi_2026-10-05.xlsx
2017-06-07,-0.614035,-0.224520,-0.290038,0.982569,-0.313974,0.145407,"Citi Velocity, exported by Charlie",france_italy_cmt_euribor_1y5y_citi_2026-10-05.xlsx
2017-06-08,-0.618821,-0.240136,-0.301850,0.885218,-0.317186,0.143437,"Citi Velocity, exported by Charlie",france_italy_cmt_euribor_1y5y_citi_2026-10-05.xlsx
2017-06-09,-0.620935,-0.243755,-0.303231,0.842474,-0.317541,0.140436,"Citi Velocity, exported by Charlie",france_italy_cmt_euribor_1y5y_citi_2026-10-05.xlsx
2017-06-12,-0.606912,-0.263079,-0.308846,0.771314,-0.320332,0.133880,"Citi Velocity, exported by Charlie",france_italy_cmt_euribor_1y5y_citi_2026-10-05.xlsx
2017-06-13,-0.600719,-0.242594,-0.310767,0.741077,-0.319482,0.141346,"Citi Velocity, exported by Charlie",france_italy_cmt_euribor_1y5y_citi_2026-10-05.xlsx
2017-06-14,-0.608314,-0.251770,-0.313389,0.730672,-0.322593,0.115422,"Citi Velocity, exported by Charlie",france_italy_cmt_euribor_1y5y_citi_2026-10-05.xlsx
2017-06-15,-0.592896,-0.198565,-0.308338,0.777505,-0.315724,0.143556,"Citi Velocity, exported by Charlie",france_italy_cmt_euribor_1y5y_citi_2026-10-05.xlsx
2017-06-16,-0.598933,-0.208490,-0.316665,0.779821,-0.316342,0.134307,"Citi Velocity, exported by Charlie",france_italy_cmt_euribor_1y5y_citi_2026-10-05.xlsx
2017-06-19,-0.597554,-0.201265,-0.321331,0.762715,-0.316723,0.140542,"Citi Velocity, exported by Charlie",france_italy_cmt_euribor_1y5y_citi_2026-10-05.xlsx
2017-06-20,-0.603630,-0.211231,-0.324032,0.729142,-0.317607,0.132027,"Citi Velocity, exported by Charlie",france_italy_cmt_euribor_1y5y_citi_2026-10-05.xlsx
2017-06-21,-0.613701,-0.214041,-0.327361,0.713487,-0.316205,0.133494,"Citi Velocity, exported by Charlie",france_italy_cmt_euribor_1y5y_citi_2026-10-05.xlsx
2017-06-22,-0.612475,-0.214823,-0.333415,0.717586,-0.317325,0.128915,"Citi Velocity, exported by Charlie",france_italy_cmt_euribor_1y5y_citi_2026-10-05.xlsx
2017-06-23,-0.613163,-0.205468,-0.330880,0.738237,-0.316460,0.135478,"Citi Velocity, exported by Charlie",france_italy_cmt_euribor_1y5y_citi_2026-10-05.xlsx
2017-06-26,-0.617500,-0.199816,-0.332500,0.737865,-0.314935,0.140488,"Citi Velocity, exported by Charlie",france_italy_cmt_euribor_1y5y_citi_2026-10-05.xlsx
2017-06-27,-0.593495,-0.106775,-0.311705,0.839386,-0.308990,0.202182,"Citi Velocity, exported by Charlie",france_italy_cmt_euribor_1y5y_citi_2026-10-05.xlsx
2017-06-28,-0.607332,-0.116717,-0.311311,0.834437,-0.307960,0.205822,"Citi Velocity, exported by Charlie",france_italy_cmt_euribor_1y5y_citi_2026-10-05.xlsx
2017-06-29,-0.581180,-0.043212,-0.290605,0.933473,-0.300236,0.264246,"Citi Velocity, exported by Charlie",france_italy_cmt_euribor_1y5y_citi_2026-10-05.xlsx
2017-06-30,-0.573828,-0.027775,-0.294762,0.930160,-0.297181,0.275864,"Citi Velocity, exported by Charlie",france_italy_cmt_euribor_1y5y_citi_2026-10-05.xlsx
2017-07-03,-0.576370,-0.027398,-0.302834,0.908682,-0.299138,0.279927,"Citi Velocity, exported by Charlie",france_italy_cmt_euribor_1y5y_citi_2026-10-05.xlsx
2017-07-04,-0.585325,-0.045407,-0.309059,0.881919,-0.302659,0.273387,"Citi Velocity, exported by Charlie",france_italy_cmt_euribor_1y5y_citi_2026-10-05.xlsx
2017-07-05,-0.581457,-0.045420,-0.301699,0.898066,-0.301700,0.275512,"Citi Velocity, exported by Charlie",france_italy_cmt_euribor_1y5y_citi_2026-10-05.xlsx
2017-07-06,-0.565558,0.039281,-0.293606,0.998628,-0.298716,0.330219,"Citi Velocity, exported by Charlie",france_italy_cmt_euribor_1y5y_citi_2026-10-05.xlsx
2017-07-07,-0.571754,0.046597,-0.290366,1.046230,-0.298662,0.332065,"Citi Velocity, exported by Charlie",france_italy_cmt_euribor_1y5y_citi_2026-10-05.xlsx
2017-07-10,-0.575948,0.026897,-0.296419,0.996295,-0.299129,0.311986,"Citi Velocity, exported by Charlie",france_italy_cmt_euribor_1y5y_citi_2026-10-05.xlsx
2017-07-11,-0.576915,0.050712,-0.288845,1.034970,-0.296112,0.328304,"Citi Velocity, exported by Charlie",france_italy_cmt_euribor_1y5y_citi_2026-10-05.xlsx
2017-07-12,-0.583349,0.001437,-0.303320,0.971477,-0.300175,0.297237,"Citi Velocity, exported by Charlie",france_italy_cmt_euribor_1y5y_citi_2026-10-05.xlsx
2017-07-13,-0.573469,0.014300,-0.280874,1.033570,-0.301091,0.309036,"Citi Velocity, exported by Charlie",france_italy_cmt_euribor_1y5y_citi_2026-10-05.xlsx
2017-07-14,-0.572927,0.020410,-0.284376,1.029860,-0.301079,0.317903,"Citi Velocity, exported by Charlie",france_italy_cmt_euribor_1y5y_citi_2026-10-05.xlsx
2017-07-17,-0.568470,0.003732,-0.289342,0.989249,-0.303361,0.309806,"Citi Velocity, exported by Charlie",france_italy_cmt_euribor_1y5y_citi_2026-10-05.xlsx
2017-07-18,-0.566966,-0.010166,-0.291629,0.956512,-0.307317,0.297834,"Citi Velocity, exported by Charlie",france_italy_cmt_euribor_1y5y_citi_2026-10-05.xlsx
2017-07-19,-0.566010,-0.026714,-0.293644,0.957388,-0.309657,0.278876,"Citi Velocity, exported by Charlie",france_italy_cmt_euribor_1y5y_citi_2026-10-05.xlsx
2017-07-20,-0.547440,-0.034528,-0.299495,0.914546,-0.311326,0.273999,"Citi Velocity, exported by Charlie",france_italy_cmt_euribor_1y5y_citi_2026-10-05.xlsx
2017-07-21,-0.545022,-0.062774,-0.306728,0.885402,-0.315556,0.248821,"Citi Velocity, exported by Charlie",france_italy_cmt_euribor_1y5y_citi_2026-10-05.xlsx
2017-07-24,-0.549402,-0.073679,-0.311785,0.870901,-0.314624,0.243548,"Citi Velocity, exported by Charlie",france_italy_cmt_euribor_1y5y_citi_2026-10-05.xlsx
2017-07-25,-0.548353,-0.028699,-0.302381,0.916419,-0.312450,0.279585,"Citi Velocity, exported by Charlie",france_italy_cmt_euribor_1y5y_citi_2026-10-05.xlsx
2017-07-26,-0.560029,-0.043020,-0.302579,0.907160,-0.314429,0.274321,"Citi Velocity, exported by Charlie",france_italy_cmt_euribor_1y5y_citi_2026-10-05.xlsx
2017-07-27,-0.568095,-0.061362,-0.310503,0.878021,-0.311175,0.259983,"Citi Velocity, exported by Charlie",france_italy_cmt_euribor_1y5y_citi_2026-10-05.xlsx
2017-07-28,-0.576020,-0.058989,-0.305696,0.901936,-0.312162,0.268751,"Citi Velocity, exported by Charlie",france_italy_cmt_euribor_1y5y_citi_2026-10-05.xlsx
2017-07-31,-0.587731,-0.054205,-0.307445,0.892378,-0.310543,0.280456,"Citi Velocity, exported by Charlie",france_italy_cmt_euribor_1y5y_citi_2026-10-05.xlsx
2017-08-01,-0.597497,-0.102968,-0.316398,0.851361,-0.312618,0.244622,"Citi Velocity, exported by Charlie",france_italy_cmt_euribor_1y5y_citi_2026-10-05.xlsx
2017-08-02,-0.605930,-0.104471,-0.317116,0.838129,-0.312363,0.245562,"Citi Velocity, exported by Charlie",france_italy_cmt_euribor_1y5y_citi_2026-10-05.xlsx
2017-08-03,-0.605246,-0.109889,-0.314299,0.822391,-0.311479,0.235588,"Citi Velocity, exported by Charlie",france_italy_cmt_euribor_1y5y_citi_2026-10-05.xlsx
2017-08-04,-0.598035,-0.093416,-0.310810,0.844452,-0.311089,0.240514,"Citi Velocity, exported by Charlie",france_italy_cmt_euribor_1y5y_citi_2026-10-05.xlsx
2017-08-07,-0.608352,-0.100446,-0.311590,0.833364,-0.310817,0.229565,"Citi Velocity, exported by Charlie",france_italy_cmt_euribor_1y5y_citi_2026-10-05.xlsx
2017-08-08,-0.597863,-0.083300,-0.310795,0.846438,-0.309230,0.241747,"Citi Velocity, exported by Charlie",france_italy_cmt_euribor_1y5y_citi_2026-10-05.xlsx
2017-08-09,-0.610685,-0.116403,-0.303294,0.843892,-0.314144,0.212152,"Citi Velocity, exported by Charlie",france_italy_cmt_euribor_1y5y_citi_2026-10-05.xlsx
2017-08-10,-0.611229,-0.116045,-0.304606,0.851655,-0.315821,0.206190,"Citi Velocity, exported by Charlie",france_italy_cmt_euribor_1y5y_citi_2026-10-05.xlsx
2017-08-11,-0.629262,-0.142784,-0.299302,0.855777,-0.319590,0.188017,"Citi Velocity, exported by Charlie",france_italy_cmt_euribor_1y5y_citi_2026-10-05.xlsx
2017-08-14,-0.629191,-0.129099,-0.305611,0.834445,-0.319573,0.201213,"Citi Velocity, exported by Charlie",france_italy_cmt_euribor_1y5y_citi_2026-10-05.xlsx
2017-08-15,-0.624543,-0.106361,-0.302535,0.860162,-0.318795,0.213010,"Citi Velocity, exported by Charlie",france_italy_cmt_euribor_1y5y_citi_2026-10-05.xlsx
2017-08-16,-0.620584,-0.102003,-0.304059,0.852913,-0.318453,0.218661,"Citi Velocity, exported by Charlie",france_italy_cmt_euribor_1y5y_citi_2026-10-05.xlsx
2017-08-17,-0.605023,-0.103812,-0.307288,0.841504,-0.318466,0.209651,"Citi Velocity, exported by Charlie",france_italy_cmt_euribor_1y5y_citi_2026-10-05.xlsx
2017-08-18,-0.601061,-0.121525,-0.309403,0.825189,-0.318277,0.191579,"Citi Velocity, exported by Charlie",france_italy_cmt_euribor_1y5y_citi_2026-10-05.xlsx
2017-08-21,-0.601888,-0.126780,-0.301821,0.827753,-0.318529,0.188484,"Citi Velocity, exported by Charlie",france_italy_cmt_euribor_1y5y_citi_2026-10-05.xlsx
2017-08-22,-0.609425,-0.129619,-0.288051,0.888735,-0.319635,0.184961,"Citi Velocity, exported by Charlie",france_italy_cmt_euribor_1y5y_citi_2026-10-05.xlsx
2017-08-23,-0.617123,-0.146280,-0.275903,0.900167,-0.319782,0.173885,"Citi Velocity, exported by Charlie",france_italy_cmt_euribor_1y5y_citi_2026-10-05.xlsx
2017-08-24,-0.614964,-0.145254,-0.282704,0.897373,-0.318057,0.178628,"Citi Velocity, exported by Charlie",france_italy_cmt_euribor_1y5y_citi_2026-10-05.xlsx
2017-08-25,-0.614645,-0.139127,-0.282246,0.895367,-0.318050,0.179878,"Citi Velocity, exported by Charlie",france_italy_cmt_euribor_1y5y_citi_2026-10-05.xlsx
2017-08-28,,,,,-0.317930,0.179776,"Citi Velocity, exported by Charlie",france_italy_cmt_euribor_1y5y_citi_2026-10-05.xlsx
2017-08-29,-0.620123,-0.176153,-0.283163,0.881006,-0.320577,0.148799,"Citi Velocity, exported by Charlie",france_italy_cmt_euribor_1y5y_citi_2026-10-05.xlsx
2017-08-30,-0.622427,-0.163379,-0.281551,0.888709,-0.320252,0.161416,"Citi Velocity, exported by Charlie",france_italy_cmt_euribor_1y5y_citi_2026-10-05.xlsx
2017-08-31,-0.616923,-0.175387,-0.294024,0.860681,-0.320630,0.163209,"Citi Velocity, exported by Charlie",france_italy_cmt_euribor_1y5y_citi_2026-10-05.xlsx
2017-09-01,-0.617338,-0.170313,-0.298211,0.862607,-0.320747,0.163776,"Citi Velocity, exported by Charlie",france_italy_cmt_euribor_1y5y_citi_2026-10-05.xlsx
2017-09-04,-0.625336,-0.183748,-0.304816,0.839193,-0.320985,0.151727,"Citi Velocity, exported by Charlie",france_italy_cmt_euribor_1y5y_citi_2026-10-05.xlsx
2017-09-05,-0.633920,-0.208110,-0.315535,0.811717,-0.325419,0.130985,"Citi Velocity, exported by Charlie",france_italy_cmt_euribor_1y5y_citi_2026-10-05.xlsx
2017-09-06,-0.624747,-0.195228,-0.307707,0.845563,-0.322586,0.145691,"Citi Velocity, exported by Charlie",france_italy_cmt_euribor_1y5y_citi_2026-10-05.xlsx
2017-09-07,-0.636120,-0.228026,-0.325056,0.766427,-0.325921,0.131725,"Citi Velocity, exported by Charlie",france_italy_cmt_euribor_1y5y_citi_2026-10-05.xlsx
2017-09-08,-0.631180,-0.218597,-0.318347,0.792647,-0.324940,0.141273,"Citi Velocity, exported by Charlie",france_italy_cmt_euribor_1y5y_citi_2026-10-05.xlsx
2017-09-11,-0.631812,-0.209242,-0.316261,0.805420,-0.324620,0.149362,"Citi Velocity, exported by Charlie",france_italy_cmt_euribor_1y5y_citi_2026-10-05.xlsx
2017-09-12,-0.621506,-0.156905,-0.294538,0.844246,-0.323074,0.187832,"Citi Velocity, exported by Charlie",france_italy_cmt_euribor_1y5y_citi_2026-10-05.xlsx
2017-09-13,-0.621889,-0.150086,-0.287148,0.873958,-0.321234,0.187036,"Citi Velocity, exported by Charlie",france_italy_cmt_euribor_1y5y_citi_2026-10-05.xlsx
2017-09-14,-0.620105,-0.135862,-0.288452,0.882440,-0.319786,0.198716,"Citi Velocity, exported by Charlie",france_italy_cmt_euribor_1y5y_citi_2026-10-05.xlsx
2017-09-15,-0.612454,-0.115377,-0.291743,0.880888,-0.315640,0.223932,"Citi Velocity, exported by Charlie",france_italy_cmt_euribor_1y5y_citi_2026-10-05.xlsx
2017-09-18,-0.604980,-0.110137,-0.297882,0.875304,-0.315482,0.235305,"Citi Velocity, exported by Charlie",france_italy_cmt_euribor_1y5y_citi_2026-10-05.xlsx
2017-09-19,-0.610209,-0.115273,-0.307189,0.861667,-0.315577,0.226739,"Citi Velocity, exported by Charlie",france_italy_cmt_euribor_1y5y_citi_2026-10-05.xlsx
2017-09-20,-0.618524,-0.121534,-0.304145,0.866550,-0.314938,0.215816,"Citi Velocity, exported by Charlie",france_italy_cmt_euribor_1y5y_citi_2026-10-05.xlsx
2017-09-21,-0.614086,-0.105894,-0.300111,0.883818,-0.314920,0.234891,"Citi Velocity, exported by Charlie",france_italy_cmt_euribor_1y5y_citi_2026-10-05.xlsx
2017-09-22,-0.612779,-0.103674,-0.305913,0.893590,-0.313491,0.241480,"Citi Velocity, exported by Charlie",france_italy_cmt_euribor_1y5y_citi_2026-10-05.xlsx
2017-09-25,-0.632758,-0.151595,-0.305594,0.887379,-0.315792,0.205826,"Citi Velocity, exported by Charlie",france_italy_cmt_euribor_1y5y_citi_2026-10-05.xlsx
2017-09-26,-0.634067,-0.146400,-0.300761,0.891467,-0.314280,0.214021,"Citi Velocity, exported by Charlie",france_italy_cmt_euribor_1y5y_citi_2026-10-05.xlsx
2017-09-27,-0.630118,-0.118810,-0.301062,0.905567,-0.314186,0.239288,"Citi Velocity, exported by Charlie",france_italy_cmt_euribor_1y5y_citi_2026-10-05.xlsx
2017-09-28,-0.625708,-0.103167,-0.309548,0.883566,-0.313552,0.254167,"Citi Velocity, exported by Charlie",france_italy_cmt_euribor_1y5y_citi_2026-10-05.xlsx
2017-09-29,-0.614650,-0.104530,-0.318203,0.885751,-0.313410,0.245527,"Citi Velocity, exported by Charlie",france_italy_cmt_euribor_1y5y_citi_2026-10-05.xlsx
2017-10-02,-0.625900,-0.113039,-0.309911,0.903778,-0.313337,0.240116,"Citi Velocity, exported by Charlie",france_italy_cmt_euribor_1y5y_citi_2026-10-05.xlsx
2017-10-03,-0.627321,-0.108468,-0.314372,0.921156,-0.313324,0.246429,"Citi Velocity, exported by Charlie",france_italy_cmt_euribor_1y5y_citi_2026-10-05.xlsx
2017-10-04,-0.625733,-0.099531,-0.309515,0.937240,-0.313028,0.238488,"Citi Velocity, exported by Charlie",france_italy_cmt_euribor_1y5y_citi_2026-10-05.xlsx
2017-10-05,-0.615050,-0.092747,-0.306867,0.909695,-0.312497,0.243906,"Citi Velocity, exported by Charlie",france_italy_cmt_euribor_1y5y_citi_2026-10-05.xlsx
2017-10-06,-0.621104,-0.092443,-0.302166,0.922574,-0.312257,0.253140,"Citi Velocity, exported by Charlie",france_italy_cmt_euribor_1y5y_citi_2026-10-05.xlsx
2017-10-09,-0.623900,-0.102009,-0.301966,0.902334,-0.313803,0.236350,"Citi Velocity, exported by Charlie",france_italy_cmt_euribor_1y5y_citi_2026-10-05.xlsx
2017-10-10,-0.624241,-0.102534,-0.291768,0.917591,-0.313642,0.238036,"Citi Velocity, exported by Charlie",france_italy_cmt_euribor_1y5y_citi_2026-10-05.xlsx
2017-10-11,-0.627807,-0.085063,-0.294681,0.899936,-0.313255,0.250192,"Citi Velocity, exported by Charlie",france_italy_cmt_euribor_1y5y_citi_2026-10-05.xlsx
2017-10-12,-0.638313,-0.109016,-0.299143,0.875326,-0.313297,0.239410,"Citi Velocity, exported by Charlie",france_italy_cmt_euribor_1y5y_citi_2026-10-05.xlsx
2017-10-13,-0.646221,-0.146755,-0.300772,0.845121,-0.316920,0.217999,"Citi Velocity, exported by Charlie",france_italy_cmt_euribor_1y5y_citi_2026-10-05.xlsx
2017-10-16,-0.651329,-0.169188,-0.302104,0.822310,-0.318444,0.195287,"Citi Velocity, exported by Charlie",france_italy_cmt_euribor_1y5y_citi_2026-10-05.xlsx
2017-10-17,-0.644306,-0.167689,-0.305719,0.791567,-0.319949,0.191122,"Citi Velocity, exported by Charlie",france_italy_cmt_euribor_1y5y_citi_2026-10-05.xlsx
2017-10-18,-0.641055,-0.147854,-0.301401,0.816484,-0.320261,0.208969,"Citi Velocity, exported by Charlie",france_italy_cmt_euribor_1y5y_citi_2026-10-05.xlsx
2017-10-19,-0.646652,-0.153611,-0.303438,0.791878,-0.320542,0.212836,"Citi Velocity, exported by Charlie",france_italy_cmt_euribor_1y5y_citi_2026-10-05.xlsx
2017-10-20,-0.640215,-0.118313,-0.301799,0.803074,-0.320021,0.245117,"Citi Velocity, exported by Charlie",france_italy_cmt_euribor_1y5y_citi_2026-10-05.xlsx
2017-10-23,-0.649686,-0.133016,-0.312241,0.775197,-0.320165,0.228799,"Citi Velocity, exported by Charlie",france_italy_cmt_euribor_1y5y_citi_2026-10-05.xlsx
2017-10-24,-0.652792,-0.100160,-0.302821,0.811485,-0.318676,0.252047,"Citi Velocity, exported by Charlie",france_italy_cmt_euribor_1y5y_citi_2026-10-05.xlsx
2017-10-25,-0.656965,-0.092471,-0.300455,0.802661,-0.318549,0.260079,"Citi Velocity, exported by Charlie",france_italy_cmt_euribor_1y5y_citi_2026-10-05.xlsx
2017-10-26,-0.673589,-0.130813,-0.317976,0.758670,-0.323073,0.231575,"Citi Velocity, exported by Charlie",france_italy_cmt_euribor_1y5y_citi_2026-10-05.xlsx
2017-10-27,-0.686635,-0.187259,-0.324627,0.737703,-0.324582,0.205839,"Citi Velocity, exported by Charlie",france_italy_cmt_euribor_1y5y_citi_2026-10-05.xlsx
2017-10-30,-0.680029,-0.196167,-0.337775,0.683583,-0.324474,0.195400,"Citi Velocity, exported by Charlie",france_italy_cmt_euribor_1y5y_citi_2026-10-05.xlsx
2017-10-31,-0.672187,-0.197209,-0.336344,0.684078,-0.324334,0.193481,"Citi Velocity, exported by Charlie",france_italy_cmt_euribor_1y5y_citi_2026-10-05.xlsx
2017-11-01,-0.680035,-0.195891,-0.340162,0.646555,-0.323910,0.198674,"Citi Velocity, exported by Charlie",france_italy_cmt_euribor_1y5y_citi_2026-10-05.xlsx
2017-11-02,-0.676840,-0.196525,-0.344077,0.646629,-0.324031,0.193649,"Citi Velocity, exported by Charlie",france_italy_cmt_euribor_1y5y_citi_2026-10-05.xlsx
2017-11-03,-0.676804,-0.195499,-0.347184,0.629745,-0.323960,0.195371,"Citi Velocity, exported by Charlie",france_italy_cmt_euribor_1y5y_citi_2026-10-05.xlsx
2017-11-06,-0.688265,-0.216017,-0.353644,0.625392,-0.326244,0.180668,"Citi Velocity, exported by Charlie",france_italy_cmt_euribor_1y5y_citi_2026-10-05.xlsx
2017-11-07,-0.696936,-0.237909,-0.364390,0.571645,-0.326190,0.178153,"Citi Velocity, exported by Charlie",france_italy_cmt_euribor_1y5y_citi_2026-10-05.xlsx
2017-11-08,-0.708107,-0.230557,-0.356613,0.593881,-0.325936,0.172337,"Citi Velocity, exported by Charlie",france_italy_cmt_euribor_1y5y_citi_2026-10-05.xlsx
2017-11-09,-0.697336,-0.189140,-0.347370,0.667414,-0.323484,0.203684,"Citi Velocity, exported by Charlie",france_italy_cmt_euribor_1y5y_citi_2026-10-05.xlsx
2017-11-10,-0.694436,-0.170199,-0.354303,0.669348,-0.323428,0.215276,"Citi Velocity, exported by Charlie",france_italy_cmt_euribor_1y5y_citi_2026-10-05.xlsx
2017-11-13,-0.692458,-0.170163,-0.347453,0.668515,-0.323367,0.218854,"Citi Velocity, exported by Charlie",france_italy_cmt_euribor_1y5y_citi_2026-10-05.xlsx
2017-11-14,-0.690206,-0.183069,-0.351072,0.662803,-0.323500,0.209396,"Citi Velocity, exported by Charlie",france_italy_cmt_euribor_1y5y_citi_2026-10-05.xlsx
2017-11-15,-0.697784,-0.204364,-0.361544,0.666831,-0.323061,0.201338,"Citi Velocity, exported by Charlie",france_italy_cmt_euribor_1y5y_citi_2026-10-05.xlsx
2017-11-16,-0.706647,-0.206368,-0.373298,0.684305,-0.323017,0.203990,"Citi Velocity, exported by Charlie",france_italy_cmt_euribor_1y5y_citi_2026-10-05.xlsx
2017-11-17,-0.709055,-0.209419,-0.380457,0.667629,-0.322860,0.199049,"Citi Velocity, exported by Charlie",france_italy_cmt_euribor_1y5y_citi_2026-10-05.xlsx
2017-11-20,-0.711641,-0.212267,-0.383581,0.659673,-0.322873,0.197964,"Citi Velocity, exported by Charlie",france_italy_cmt_euribor_1y5y_citi_2026-10-05.xlsx
2017-11-21,-0.712684,-0.220039,-0.407434,0.638804,-0.322795,0.193066,"Citi Velocity, exported by Charlie",france_italy_cmt_euribor_1y5y_citi_2026-10-05.xlsx
2017-11-22,-0.706982,-0.196169,-0.412297,0.632335,-0.320739,0.207148,"Citi Velocity, exported by Charlie",france_italy_cmt_euribor_1y5y_citi_2026-10-05.xlsx
2017-11-23,-0.697102,-0.178563,-0.415033,0.648430,-0.320641,0.206105,"Citi Velocity, exported by Charlie",france_italy_cmt_euribor_1y5y_citi_2026-10-05.xlsx
2017-11-24,-0.699057,-0.170757,-0.404422,0.673462,-0.320628,0.213358,"Citi Velocity, exported by Charlie",france_italy_cmt_euribor_1y5y_citi_2026-10-05.xlsx
2017-11-27,-0.704315,-0.195821,-0.395640,0.648413,-0.320427,0.202542,"Citi Velocity, exported by Charlie",france_italy_cmt_euribor_1y5y_citi_2026-10-05.xlsx
2017-11-28,-0.706902,-0.202628,-0.402870,0.637551,-0.319839,0.206286,"Citi Velocity, exported by Charlie",france_italy_cmt_euribor_1y5y_citi_2026-10-05.xlsx
2017-11-29,-0.696334,-0.157497,-0.404769,0.638025,-0.319159,0.230891,"Citi Velocity, exported by Charlie",france_italy_cmt_euribor_1y5y_citi_2026-10-05.xlsx
2017-11-30,-0.690075,-0.170674,-0.418766,0.607876,-0.318703,0.226294,"Citi Velocity, exported by Charlie",france_italy_cmt_euribor_1y5y_citi_2026-10-05.xlsx
2017-12-01,-0.700774,-0.228150,-0.414892,0.574366,-0.319675,0.187705,"Citi Velocity, exported by Charlie",france_italy_cmt_euribor_1y5y_citi_2026-10-05.xlsx
2017-12-04,-0.702893,-0.205284,-0.411450,0.586314,-0.318146,0.203310,"Citi Velocity, exported by Charlie",france_italy_cmt_euribor_1y5y_citi_2026-10-05.xlsx
2017-12-05,-0.701697,-0.216278,-0.412949,0.572246,-0.319682,0.192995,"Citi Velocity, exported by Charlie",france_italy_cmt_euribor_1y5y_citi_2026-10-05.xlsx
2017-12-06,-0.716553,-0.241787,-0.416302,0.574099,-0.323387,0.184340,"Citi Velocity, exported by Charlie",france_italy_cmt_euribor_1y5y_citi_2026-10-05.xlsx
2017-12-07,-0.729417,-0.255402,-0.421923,0.547890,-0.323056,0.189928,"Citi Velocity, exported by Charlie",france_italy_cmt_euribor_1y5y_citi_2026-10-05.xlsx
2017-12-08,-0.718298,-0.233988,-0.421066,0.509029,-0.323243,0.201959,"Citi Velocity, exported by Charlie",france_italy_cmt_euribor_1y5y_citi_2026-10-05.xlsx
2017-12-11,-0.707935,-0.226652,-0.415873,0.526610,-0.323422,0.199338,"Citi Velocity, exported by Charlie",france_italy_cmt_euribor_1y5y_citi_2026-10-05.xlsx
2017-12-12,-0.697288,-0.213666,-0.412174,0.569813,-0.320440,0.214301,"Citi Velocity, exported by Charlie",france_italy_cmt_euribor_1y5y_citi_2026-10-05.xlsx
2017-12-13,-0.720197,-0.203097,-0.383564,0.642586,-0.322146,0.206053,"Citi Velocity, exported by Charlie",france_italy_cmt_euribor_1y5y_citi_2026-10-05.xlsx
2017-12-14,-0.717216,-0.193842,-0.403876,0.645656,-0.324073,0.209843,"Citi Velocity, exported by Charlie",france_italy_cmt_euribor_1y5y_citi_2026-10-05.xlsx
2017-12-15,-0.713976,-0.192581,-0.405745,0.659252,-0.323461,0.207865,"Citi Velocity, exported by Charlie",france_italy_cmt_euribor_1y5y_citi_2026-10-05.xlsx
2017-12-18,-0.705707,-0.190112,-0.444327,0.644498,-0.323346,0.212351,"Citi Velocity, exported by Charlie",france_italy_cmt_euribor_1y5y_citi_2026-10-05.xlsx
2017-12-19,-0.697133,-0.148004,-0.401514,0.725921,-0.317633,0.248403,"Citi Velocity, exported by Charlie",france_italy_cmt_euribor_1y5y_citi_2026-10-05.xlsx
2017-12-20,-0.682230,-0.107552,-0.395859,0.769638,-0.318455,0.285206,"Citi Velocity, exported by Charlie",france_italy_cmt_euribor_1y5y_citi_2026-10-05.xlsx
2017-12-21,-0.676708,-0.098985,-0.401752,0.747002,-0.318228,0.295281,"Citi Velocity, exported by Charlie",france_italy_cmt_euribor_1y5y_citi_2026-10-05.xlsx
2017-12-22,,,,,-0.318064,0.295303,"Citi Velocity, exported by Charlie",france_italy_cmt_euribor_1y5y_citi_2026-10-05.xlsx
2017-12-27,-0.666137,-0.105658,-0.406437,0.752074,-0.316279,0.295865,"Citi Velocity, exported by Charlie",france_italy_cmt_euribor_1y5y_citi_2026-10-05.xlsx
2017-12-28,-0.628544,-0.070901,-0.364086,0.812226,-0.314376,0.312005,"Citi Velocity, exported by Charlie",france_italy_cmt_euribor_1y5y_citi_2026-10-05.xlsx
2017-12-29,-0.639156,-0.068533,-0.346111,0.866157,-0.312714,0.314411,"Citi Velocity, exported by Charlie",france_italy_cmt_euribor_1y5y_citi_2026-10-05.xlsx
2018-01-02,-0.629957,-0.044312,-0.334044,0.917711,-0.312706,0.314131,"Citi Velocity, exported by Charlie",france_italy_cmt_euribor_1y5y_citi_2026-10-05.xlsx
2018-01-03,-0.612521,-0.058077,-0.355285,0.869624,-0.312237,0.300042,"Citi Velocity, exported by Charlie",france_italy_cmt_euribor_1y5y_citi_2026-10-05.xlsx
2018-01-04,-0.604572,-0.046455,-0.375120,0.823381,-0.311990,0.306274,"Citi Velocity, exported by Charlie",france_italy_cmt_euribor_1y5y_citi_2026-10-05.xlsx
2018-01-05,-0.575572,-0.053193,-0.374886,0.802182,-0.311827,0.302893,"Citi Velocity, exported by Charlie",france_italy_cmt_euribor_1y5y_citi_2026-10-05.xlsx
2018-01-08,-0.579888,-0.063002,-0.372636,0.790307,-0.313133,0.292316,"Citi Velocity, exported by Charlie",france_italy_cmt_euribor_1y5y_citi_2026-10-05.xlsx
2018-01-09,-0.574659,-0.041939,-0.358480,0.834175,-0.312996,0.309114,"Citi Velocity, exported by Charlie",france_italy_cmt_euribor_1y5y_citi_2026-10-05.xlsx
2018-01-10,-0.579632,-0.036189,-0.344451,0.841425,-0.312593,0.323018,"Citi Velocity, exported by Charlie",france_italy_cmt_euribor_1y5y_citi_2026-10-05.xlsx
2018-01-11,-0.535524,0.038067,-0.331266,0.873120,-0.307823,0.376112,"Citi Velocity, exported by Charlie",france_italy_cmt_euribor_1y5y_citi_2026-10-05.xlsx
2018-01-12,-0.537329,0.045204,-0.333858,0.832100,-0.307410,0.392829,"Citi Velocity, exported by Charlie",france_italy_cmt_euribor_1y5y_citi_2026-10-05.xlsx
2018-01-15,-0.540761,0.042121,-0.338642,0.837028,-0.307730,0.392373,"Citi Velocity, exported by Charlie",france_italy_cmt_euribor_1y5y_citi_2026-10-05.xlsx
2018-01-16,-0.549603,0.025492,-0.354041,0.810293,-0.307205,0.374791,"Citi Velocity, exported by Charlie",france_italy_cmt_euribor_1y5y_citi_2026-10-05.xlsx
2018-01-17,-0.552125,0.024676,-0.351262,0.829568,-0.310602,0.370016,"Citi Velocity, exported by Charlie",france_italy_cmt_euribor_1y5y_citi_2026-10-05.xlsx
2018-01-18,-0.553128,0.033433,-0.348157,0.828605,-0.311809,0.380371,"Citi Velocity, exported by Charlie",france_italy_cmt_euribor_1y5y_citi_2026-10-05.xlsx
2018-01-19,-0.560948,0.024853,-0.355292,0.812530,-0.313849,0.377204,"Citi Velocity, exported by Charlie",france_italy_cmt_euribor_1y5y_citi_2026-10-05.xlsx
2018-01-22,-0.568004,0.020266,-0.358981,0.784461,-0.313673,0.372004,"Citi Velocity, exported by Charlie",france_italy_cmt_euribor_1y5y_citi_2026-10-05.xlsx
2018-01-23,-0.571196,0.032866,-0.362697,0.756695,-0.313499,0.375562,"Citi Velocity, exported by Charlie",france_italy_cmt_euribor_1y5y_citi_2026-10-05.xlsx
2018-01-24,-0.567911,0.050985,-0.357107,0.773403,-0.313046,0.391827,"Citi Velocity, exported by Charlie",france_italy_cmt_euribor_1y5y_citi_2026-10-05.xlsx
2018-01-25,-0.564456,0.095090,-0.355546,0.817633,-0.313198,0.424625,"Citi Velocity, exported by Charlie",france_italy_cmt_euribor_1y5y_citi_2026-10-05.xlsx
2018-01-26,-0.552835,0.132197,-0.350873,0.863603,-0.312742,0.451617,"Citi Velocity, exported by Charlie",france_italy_cmt_euribor_1y5y_citi_2026-10-05.xlsx
2018-01-29,-0.540543,0.173243,-0.340063,0.912326,-0.311472,0.489156,"Citi Velocity, exported by Charlie",france_italy_cmt_euribor_1y5y_citi_2026-10-05.xlsx
2018-01-30,-0.547864,0.156736,-0.347031,0.912738,-0.313924,0.473832,"Citi Velocity, exported by Charlie",france_italy_cmt_euribor_1y5y_citi_2026-10-05.xlsx
2018-01-31,-0.549999,0.163973,-0.350474,0.899073,-0.315020,0.469373,"Citi Velocity, exported by Charlie",france_italy_cmt_euribor_1y5y_citi_2026-10-05.xlsx
2018-02-01,-0.558280,0.158302,-0.368032,0.847142,-0.315334,0.466534,"Citi Velocity, exported by Charlie",france_italy_cmt_euribor_1y5y_citi_2026-10-05.xlsx
2018-02-02,-0.551705,0.181391,-0.356189,0.893639,-0.315490,0.495732,"Citi Velocity, exported by Charlie",france_italy_cmt_euribor_1y5y_citi_2026-10-05.xlsx
2018-02-05,-0.551853,0.159487,-0.364021,0.877941,-0.317668,0.480352,"Citi Velocity, exported by Charlie",france_italy_cmt_euribor_1y5y_citi_2026-10-05.xlsx
2018-02-06,-0.555463,0.126253,-0.359383,0.847970,-0.317322,0.444196,"Citi Velocity, exported by Charlie",france_italy_cmt_euribor_1y5y_citi_2026-10-05.xlsx
2018-02-07,-0.560485,0.154146,-0.361327,0.815017,-0.315401,0.471064,"Citi Velocity, exported by Charlie",france_italy_cmt_euribor_1y5y_citi_2026-10-05.xlsx
2018-02-08,-0.552193,0.180471,-0.350863,0.861333,-0.311973,0.495228,"Citi Velocity, exported by Charlie",france_italy_cmt_euribor_1y5y_citi_2026-10-05.xlsx
2018-02-09,-0.559514,0.168359,-0.349955,0.894218,-0.311933,0.489938,"Citi Velocity, exported by Charlie",france_italy_cmt_euribor_1y5y_citi_2026-10-05.xlsx
2018-02-12,-0.583355,0.162454,-0.361046,0.878182,-0.311130,0.494899,"Citi Velocity, exported by Charlie",france_italy_cmt_euribor_1y5y_citi_2026-10-05.xlsx
2018-02-13,-0.582985,0.160988,-0.349873,0.918908,-0.311951,0.487486,"Citi Velocity, exported by Charlie",france_italy_cmt_euribor_1y5y_citi_2026-10-05.xlsx
2018-02-14,-0.582649,0.171645,-0.350208,0.913852,-0.311319,0.492042,"Citi Velocity, exported by Charlie",france_italy_cmt_euribor_1y5y_citi_2026-10-05.xlsx
2018-02-15,-0.577091,0.183064,-0.347862,0.928097,-0.309245,0.501627,"Citi Velocity, exported by Charlie",france_italy_cmt_euribor_1y5y_citi_2026-10-05.xlsx
2018-02-16,-0.586864,0.149952,-0.354168,0.881343,-0.307706,0.475940,"Citi Velocity, exported by Charlie",france_italy_cmt_euribor_1y5y_citi_2026-10-05.xlsx
2018-02-19,-0.586304,0.168487,-0.350216,0.918168,-0.307959,0.490730,"Citi Velocity, exported by Charlie",france_italy_cmt_euribor_1y5y_citi_2026-10-05.xlsx
2018-02-20,-0.591528,0.161534,-0.346296,0.925534,-0.307721,0.487488,"Citi Velocity, exported by Charlie",france_italy_cmt_euribor_1y5y_citi_2026-10-05.xlsx
2018-02-21,-0.587327,0.162398,-0.344128,0.929181,-0.307112,0.482495,"Citi Velocity, exported by Charlie",france_italy_cmt_euribor_1y5y_citi_2026-10-05.xlsx
2018-02-22,-0.591207,0.152396,-0.336427,0.960004,-0.305099,0.480276,"Citi Velocity, exported by Charlie",france_italy_cmt_euribor_1y5y_citi_2026-10-05.xlsx
2018-02-23,-0.591231,0.127149,-0.331392,0.965560,-0.302418,0.459943,"Citi Velocity, exported by Charlie",france_italy_cmt_euribor_1y5y_citi_2026-10-05.xlsx
2018-02-26,-0.598709,0.122402,-0.332734,0.937524,-0.299319,0.460064,"Citi Velocity, exported by Charlie",france_italy_cmt_euribor_1y5y_citi_2026-10-05.xlsx
2018-02-27,-0.591302,0.136747,-0.337526,0.928056,-0.304677,0.461937,"Citi Velocity, exported by Charlie",france_italy_cmt_euribor_1y5y_citi_2026-10-05.xlsx
2018-02-28,-0.594553,0.112006,-0.344137,0.914104,-0.304789,0.455084,"Citi Velocity, exported by Charlie",france_italy_cmt_euribor_1y5y_citi_2026-10-05.xlsx
2018-03-01,-0.606470,0.108368,-0.347413,0.893475,-0.307459,0.450654,"Citi Velocity, exported by Charlie",france_italy_cmt_euribor_1y5y_citi_2026-10-05.xlsx
2018-03-02,-0.602496,0.106125,-0.341286,0.885011,-0.309050,0.444486,"Citi Velocity, exported by Charlie",france_italy_cmt_euribor_1y5y_citi_2026-10-05.xlsx
2018-03-05,-0.600708,0.103222,-0.343573,0.920038,-0.308052,0.444143,"Citi Velocity, exported by Charlie",france_italy_cmt_euribor_1y5y_citi_2026-10-05.xlsx
2018-03-06,-0.603774,0.132276,-0.353548,0.905512,-0.308569,0.466416,"Citi Velocity, exported by Charlie",france_italy_cmt_euribor_1y5y_citi_2026-10-05.xlsx
2018-03-07,-0.608855,0.123671,-0.355471,0.888542,-0.309009,0.458895,"Citi Velocity, exported by Charlie",france_italy_cmt_euribor_1y5y_citi_2026-10-05.xlsx
2018-03-08,-0.604823,0.109854,-0.360840,0.850075,-0.313432,0.454546,"Citi Velocity, exported by Charlie",france_italy_cmt_euribor_1y5y_citi_2026-10-05.xlsx
2018-03-09,-0.607069,0.129200,-0.356788,0.858160,-0.313241,0.466758,"Citi Velocity, exported by Charlie",france_italy_cmt_euribor_1y5y_citi_2026-10-05.xlsx
2018-03-12,-0.615644,0.108550,-0.363508,0.856793,-0.313937,0.445586,"Citi Velocity, exported by Charlie",france_italy_cmt_euribor_1y5y_citi_2026-10-05.xlsx
2018-03-13,-0.616474,0.102206,-0.365956,0.857960,-0.314523,0.436071,"Citi Velocity, exported by Charlie",france_italy_cmt_euribor_1y5y_citi_2026-10-05.xlsx
2018-03-14,-0.605786,0.082908,-0.362461,0.875690,-0.315476,0.418050,"Citi Velocity, exported by Charlie",france_italy_cmt_euribor_1y5y_citi_2026-10-05.xlsx
2018-03-15,-0.605107,0.063377,-0.373839,0.871651,-0.316762,0.407260,"Citi Velocity, exported by Charlie",france_italy_cmt_euribor_1y5y_citi_2026-10-05.xlsx
2018-03-16,-0.607090,0.055121,-0.382066,0.859836,-0.318122,0.405033,"Citi Velocity, exported by Charlie",france_italy_cmt_euribor_1y5y_citi_2026-10-05.xlsx
2018-03-19,-0.599914,0.054350,-0.381125,0.846661,-0.319244,0.408543,"Citi Velocity, exported by Charlie",france_italy_cmt_euribor_1y5y_citi_2026-10-05.xlsx
2018-03-20,-0.585287,0.064741,-0.383156,0.797706,-0.317950,0.417727,"Citi Velocity, exported by Charlie",france_italy_cmt_euribor_1y5y_citi_2026-10-05.xlsx
2018-03-21,-0.589843,0.070714,-0.374640,0.816774,-0.317780,0.427122,"Citi Velocity, exported by Charlie",france_italy_cmt_euribor_1y5y_citi_2026-10-05.xlsx
2018-03-22,-0.597415,0.018812,-0.380787,0.782706,-0.317658,0.387523,"Citi Velocity, exported by Charlie",france_italy_cmt_euribor_1y5y_citi_2026-10-05.xlsx
2018-03-23,-0.599998,0.021205,-0.381105,0.770693,-0.317533,0.394705,"Citi Velocity, exported by Charlie",france_italy_cmt_euribor_1y5y_citi_2026-10-05.xlsx
2018-03-26,-0.597435,0.027567,-0.369900,0.812359,-0.317360,0.396292,"Citi Velocity, exported by Charlie",france_italy_cmt_euribor_1y5y_citi_2026-10-05.xlsx
2018-03-27,-0.599684,0.007399,-0.378302,0.758922,-0.317352,0.376974,"Citi Velocity, exported by Charlie",france_italy_cmt_euribor_1y5y_citi_2026-10-05.xlsx
2018-03-28,-0.592102,0.003354,-0.386564,0.725475,-0.317552,0.362676,"Citi Velocity, exported by Charlie",france_italy_cmt_euribor_1y5y_citi_2026-10-05.xlsx
2018-03-29,-0.594059,-0.014869,-0.390289,0.675272,-0.316404,0.362135,"Citi Velocity, exported by Charlie",france_italy_cmt_euribor_1y5y_citi_2026-10-05.xlsx
2018-03-30,,,,,-0.316394,0.362135,"Citi Velocity, exported by Charlie",france_italy_cmt_euribor_1y5y_citi_2026-10-05.xlsx
2018-04-02,,,,,-0.316391,0.362134,"Citi Velocity, exported by Charlie",france_italy_cmt_euribor_1y5y_citi_2026-10-05.xlsx
2018-04-03,-0.585055,-0.004410,-0.387283,0.691090,-0.317072,0.364812,"Citi Velocity, exported by Charlie",france_italy_cmt_euribor_1y5y_citi_2026-10-05.xlsx
2018-04-04,-0.589711,-0.017042,-0.399213,0.647631,-0.316833,0.355490,"Citi Velocity, exported by Charlie",france_italy_cmt_euribor_1y5y_citi_2026-10-05.xlsx
2018-04-05,-0.577483,0.011213,-0.391153,0.678764,-0.316475,0.371894,"Citi Velocity, exported by Charlie",france_italy_cmt_euribor_1y5y_citi_2026-10-05.xlsx
2018-04-06,-0.589676,-0.006424,-0.387756,0.691744,-0.317047,0.360156,"Citi Velocity, exported by Charlie",france_italy_cmt_euribor_1y5y_citi_2026-10-05.xlsx
2018-04-09,-0.583973,0.005983,-0.388100,0.684257,-0.316643,0.367202,"Citi Velocity, exported by Charlie",france_italy_cmt_euribor_1y5y_citi_2026-10-05.xlsx
2018-04-10,-0.571353,0.036428,-0.380375,0.708034,-0.314796,0.378637,"Citi Velocity, exported by Charlie",france_italy_cmt_euribor_1y5y_citi_2026-10-05.xlsx
2018-04-11,-0.580459,0.012051,-0.380828,0.703155,-0.315911,0.362128,"Citi Velocity, exported by Charlie",france_italy_cmt_euribor_1y5y_citi_2026-10-05.xlsx
2018-04-12,-0.580370,0.016441,-0.372261,0.720670,-0.315734,0.367518,"Citi Velocity, exported by Charlie",france_italy_cmt_euribor_1y5y_citi_2026-10-05.xlsx
2018-04-13,-0.583893,0.012815,-0.376273,0.704751,-0.318212,0.367756,"Citi Velocity, exported by Charlie",france_italy_cmt_euribor_1y5y_citi_2026-10-05.xlsx
2018-04-16,-0.580588,0.019578,-0.372653,0.716050,-0.318307,0.375326,"Citi Velocity, exported by Charlie",france_italy_cmt_euribor_1y5y_citi_2026-10-05.xlsx
2018-04-17,-0.578109,0.006152,-0.385087,0.678812,-0.317534,0.365034,"Citi Velocity, exported by Charlie",france_italy_cmt_euribor_1y5y_citi_2026-10-05.xlsx
2018-04-18,-0.568395,0.024251,-0.383265,0.660363,-0.317500,0.373682,"Citi Velocity, exported by Charlie",france_italy_cmt_euribor_1y5y_citi_2026-10-05.xlsx
2018-04-19,-0.561802,0.063180,-0.372877,0.694804,-0.317533,0.406746,"Citi Velocity, exported by Charlie",france_italy_cmt_euribor_1y5y_citi_2026-10-05.xlsx
2018-04-20,-0.563364,0.058700,-0.370924,0.692876,-0.317396,0.406245,"Citi Velocity, exported by Charlie",france_italy_cmt_euribor_1y5y_citi_2026-10-05.xlsx
2018-04-23,-0.558749,0.078761,-0.370018,0.694070,-0.315761,0.422879,"Citi Velocity, exported by Charlie",france_italy_cmt_euribor_1y5y_citi_2026-10-05.xlsx
2018-04-24,-0.558437,0.080666,-0.370616,0.685156,-0.315010,0.425514,"Citi Velocity, exported by Charlie",france_italy_cmt_euribor_1y5y_citi_2026-10-05.xlsx
2018-04-25,-0.564063,0.085275,-0.368122,0.687178,-0.314685,0.431503,"Citi Velocity, exported by Charlie",france_italy_cmt_euribor_1y5y_citi_2026-10-05.xlsx
2018-04-26,-0.561720,0.063733,-0.377437,0.665489,-0.314912,0.412417,"Citi Velocity, exported by Charlie",france_italy_cmt_euribor_1y5y_citi_2026-10-05.xlsx
2018-04-27,-0.563947,0.045642,-0.376990,0.658592,-0.316910,0.399268,"Citi Velocity, exported by Charlie",france_italy_cmt_euribor_1y5y_citi_2026-10-05.xlsx
2018-04-30,-0.566618,0.040734,-0.367888,0.689344,-0.317609,0.393123,"Citi Velocity, exported by Charlie",france_italy_cmt_euribor_1y5y_citi_2026-10-05.xlsx
2018-05-01,,,,,-0.317463,0.393090,"Citi Velocity, exported by Charlie",france_italy_cmt_euribor_1y5y_citi_2026-10-05.xlsx
2018-05-02,-0.568421,0.046684,-0.368186,0.682948,-0.317316,0.399288,"Citi Velocity, exported by Charlie",france_italy_cmt_euribor_1y5y_citi_2026-10-05.xlsx
2018-05-03,-0.563528,0.013416,-0.375508,0.660435,-0.318880,0.363664,"Citi Velocity, exported by Charlie",france_italy_cmt_euribor_1y5y_citi_2026-10-05.xlsx
2018-05-04,-0.554453,0.030254,-0.366408,0.695827,-0.318712,0.369976,"Citi Velocity, exported by Charlie",france_italy_cmt_euribor_1y5y_citi_2026-10-05.xlsx
2018-05-07,,,,,-0.318104,0.369945,"Citi Velocity, exported by Charlie",france_italy_cmt_euribor_1y5y_citi_2026-10-05.xlsx
2018-05-08,-0.561682,0.041617,-0.354320,0.747547,-0.318254,0.382987,"Citi Velocity, exported by Charlie",france_italy_cmt_euribor_1y5y_citi_2026-10-05.xlsx
2018-05-09,-0.578314,0.045146,-0.353098,0.751472,-0.315636,0.387327,"Citi Velocity, exported by Charlie",france_italy_cmt_euribor_1y5y_citi_2026-10-05.xlsx
2018-05-10,-0.576959,0.037273,-0.315626,0.813045,-0.309332,0.384514,"Citi Velocity, exported by Charlie",france_italy_cmt_euribor_1y5y_citi_2026-10-05.xlsx
2018-05-11,-0.575148,0.048439,-0.336069,0.773703,-0.311023,0.400893,"Citi Velocity, exported by Charlie",france_italy_cmt_euribor_1y5y_citi_2026-10-05.xlsx
2018-05-14,-0.552167,0.091978,-0.322012,0.808245,-0.305937,0.434747,"Citi Velocity, exported by Charlie",france_italy_cmt_euribor_1y5y_citi_2026-10-05.xlsx
2018-05-15,-0.549046,0.108217,-0.304668,0.840767,-0.305731,0.447640,"Citi Velocity, exported by Charlie",france_italy_cmt_euribor_1y5y_citi_2026-10-05.xlsx
2018-05-16,-0.551416,0.094418,-0.199155,0.990598,-0.302441,0.434827,"Citi Velocity, exported by Charlie",france_italy_cmt_euribor_1y5y_citi_2026-10-05.xlsx
2018-05-17,-0.558061,0.106676,-0.239492,1.002410,-0.302157,0.447653,"Citi Velocity, exported by Charlie",france_italy_cmt_euribor_1y5y_citi_2026-10-05.xlsx
2018-05-18,-0.566930,0.067006,-0.215986,1.094270,-0.301958,0.417483,"Citi Velocity, exported by Charlie",france_italy_cmt_euribor_1y5y_citi_2026-10-05.xlsx
2018-05-21,-0.563892,0.054834,-0.137674,1.264030,-0.302071,0.399914,"Citi Velocity, exported by Charlie",france_italy_cmt_euribor_1y5y_citi_2026-10-05.xlsx
2018-05-22,-0.564496,0.059717,-0.165134,1.198040,-0.300792,0.414025,"Citi Velocity, exported by Charlie",france_italy_cmt_euribor_1y5y_citi_2026-10-05.xlsx
2018-05-23,-0.583823,0.020162,-0.094012,1.278560,-0.296648,0.370769,"Citi Velocity, exported by Charlie",france_italy_cmt_euribor_1y5y_citi_2026-10-05.xlsx
2018-05-24,-0.587039,-0.012890,-0.093514,1.265950,-0.300566,0.352242,"Citi Velocity, exported by Charlie",france_italy_cmt_euribor_1y5y_citi_2026-10-05.xlsx
2018-05-25,-0.584933,-0.049117,0.129778,1.422310,-0.289372,0.315620,"Citi Velocity, exported by Charlie",france_italy_cmt_euribor_1y5y_citi_2026-10-05.xlsx
2018-05-28,,,,,-0.289278,0.315803,"Citi Velocity, exported by Charlie",france_italy_cmt_euribor_1y5y_citi_2026-10-05.xlsx
2018-05-29,-0.605129,-0.135580,1.491080,2.719940,-0.272273,0.248808,"Citi Velocity, exported by Charlie",france_italy_cmt_euribor_1y5y_citi_2026-10-05.xlsx
2018-05-30,-0.565631,-0.074840,1.128590,2.530190,-0.266421,0.293492,"Citi Velocity, exported by Charlie",france_italy_cmt_euribor_1y5y_citi_2026-10-05.xlsx
2018-05-31,-0.567197,-0.088700,0.738741,2.135320,-0.274133,0.295372,"Citi Velocity, exported by Charlie",france_italy_cmt_euribor_1y5y_citi_2026-10-05.xlsx
2018-06-01,-0.571478,-0.038305,0.573314,1.921760,-0.293176,0.318438,"Citi Velocity, exported by Charlie",france_italy_cmt_euribor_1y5y_citi_2026-10-05.xlsx
2018-06-04,-0.569591,-0.032825,0.302055,1.676350,-0.298560,0.334990,"Citi Velocity, exported by Charlie",france_italy_cmt_euribor_1y5y_citi_2026-10-05.xlsx
2018-06-05,-0.585621,-0.061358,0.470151,1.874450,-0.296598,0.315712,"Citi Velocity, exported by Charlie",france_italy_cmt_euribor_1y5y_citi_2026-10-05.xlsx
2018-06-06,-0.570744,0.029664,0.766978,2.220680,-0.286104,0.381636,"Citi Velocity, exported by Charlie",france_italy_cmt_euribor_1y5y_citi_2026-10-05.xlsx
2018-06-07,-0.569211,0.050886,0.876342,2.286950,-0.286995,0.406200,"Citi Velocity, exported by Charlie",france_italy_cmt_euribor_1y5y_citi_2026-10-05.xlsx
2018-06-08,-0.579316,0.018209,1.062100,2.496500,-0.277890,0.381279,"Citi Velocity, exported by Charlie",france_italy_cmt_euribor_1y5y_citi_2026-10-05.xlsx
2018-06-11,-0.568152,0.046337,0.677336,2.035610,-0.286196,0.395186,"Citi Velocity, exported by Charlie",france_italy_cmt_euribor_1y5y_citi_2026-10-05.xlsx
2018-06-12,-0.566793,0.036728,0.562710,2.023260,-0.289740,0.388865,"Citi Velocity, exported by Charlie",france_italy_cmt_euribor_1y5y_citi_2026-10-05.xlsx
2018-06-13,-0.570363,0.009219,0.470516,1.961890,-0.291802,0.379473,"Citi Velocity, exported by Charlie",france_italy_cmt_euribor_1y5y_citi_2026-10-05.xlsx
2018-06-14,-0.585975,-0.055070,0.359592,1.841090,-0.305254,0.335097,"Citi Velocity, exported by Charlie",france_italy_cmt_euribor_1y5y_citi_2026-10-05.xlsx
2018-06-15,-0.585209,-0.075485,0.217160,1.632980,-0.307645,0.293819,"Citi Velocity, exported by Charlie",france_italy_cmt_euribor_1y5y_citi_2026-10-05.xlsx
2018-06-18,-0.585030,-0.089437,0.115822,1.538440,-0.305255,0.277405,"Citi Velocity, exported by Charlie",france_italy_cmt_euribor_1y5y_citi_2026-10-05.xlsx
2018-06-19,-0.594772,-0.114004,0.132455,1.566920,-0.303878,0.257732,"Citi Velocity, exported by Charlie",france_italy_cmt_euribor_1y5y_citi_2026-10-05.xlsx
2018-06-20,-0.602791,-0.117169,0.100303,1.561430,-0.301090,0.262300,"Citi Velocity, exported by Charlie",france_italy_cmt_euribor_1y5y_citi_2026-10-05.xlsx
2018-06-21,-0.606371,-0.134495,0.346843,1.871760,-0.297658,0.248165,"Citi Velocity, exported by Charlie",france_italy_cmt_euribor_1y5y_citi_2026-10-05.xlsx
2018-06-22,-0.597808,-0.126445,0.328666,1.870620,-0.296435,0.257990,"Citi Velocity, exported by Charlie",france_italy_cmt_euribor_1y5y_citi_2026-10-05.xlsx
2018-06-25,-0.603010,-0.116668,0.393871,1.999620,-0.298620,0.256755,"Citi Velocity, exported by Charlie",france_italy_cmt_euribor_1y5y_citi_2026-10-05.xlsx
2018-06-26,-0.601245,-0.093815,0.465480,2.091790,-0.301926,0.269012,"Citi Velocity, exported by Charlie",france_italy_cmt_euribor_1y5y_citi_2026-10-05.xlsx
2018-06-27,-0.608459,-0.104836,0.374781,1.971290,-0.302139,0.263038,"Citi Velocity, exported by Charlie",france_italy_cmt_euribor_1y5y_citi_2026-10-05.xlsx
2018-06-28,-0.607854,-0.114822,0.383639,1.954550,-0.302626,0.263142,"Citi Velocity, exported by Charlie",france_italy_cmt_euribor_1y5y_citi_2026-10-05.xlsx
2018-06-29,-0.605780,-0.133048,0.276760,1.819640,-0.300987,0.261861,"Citi Velocity, exported by Charlie",france_italy_cmt_euribor_1y5y_citi_2026-10-05.xlsx
2018-07-02,-0.614939,-0.142715,0.245102,1.776860,-0.302204,0.254859,"Citi Velocity, exported by Charlie",france_italy_cmt_euribor_1y5y_citi_2026-10-05.xlsx
2018-07-03,-0.615168,-0.144137,0.255736,1.794020,-0.301973,0.258140,"Citi Velocity, exported by Charlie",france_italy_cmt_euribor_1y5y_citi_2026-10-05.xlsx
2018-07-04,-0.606562,-0.136668,0.250702,1.789750,-0.301762,0.257627,"Citi Velocity, exported by Charlie",france_italy_cmt_euribor_1y5y_citi_2026-10-05.xlsx
2018-07-05,-0.597852,-0.136199,0.344704,1.913660,-0.305122,0.263671,"Citi Velocity, exported by Charlie",france_italy_cmt_euribor_1y5y_citi_2026-10-05.xlsx
2018-07-06,-0.602146,-0.142034,0.351063,1.940830,-0.305024,0.261804,"Citi Velocity, exported by Charlie",france_italy_cmt_euribor_1y5y_citi_2026-10-05.xlsx
2018-07-09,-0.595071,-0.131467,0.312421,1.877690,-0.306456,0.261325,"Citi Velocity, exported by Charlie",france_italy_cmt_euribor_1y5y_citi_2026-10-05.xlsx
2018-07-10,-0.594497,-0.120521,0.314218,1.886490,-0.306358,0.272220,"Citi Velocity, exported by Charlie",france_italy_cmt_euribor_1y5y_citi_2026-10-05.xlsx
2018-07-11,-0.587615,-0.116310,0.345958,1.910470,-0.306211,0.273524,"Citi Velocity, exported by Charlie",france_italy_cmt_euribor_1y5y_citi_2026-10-05.xlsx
2018-07-12,-0.587183,-0.116286,0.296988,1.869610,-0.307391,0.268725,"Citi Velocity, exported by Charlie",france_italy_cmt_euribor_1y5y_citi_2026-10-05.xlsx
2018-07-13,-0.586078,-0.129791,0.242869,1.793290,-0.307297,0.259322,"Citi Velocity, exported by Charlie",france_italy_cmt_euribor_1y5y_citi_2026-10-05.xlsx
2018-07-16,-0.578354,-0.102068,0.216281,1.787510,-0.305873,0.280710,"Citi Velocity, exported by Charlie",france_italy_cmt_euribor_1y5y_citi_2026-10-05.xlsx
2018-07-17,-0.573751,-0.123993,0.156074,1.667850,-0.305708,0.265436,"Citi Velocity, exported by Charlie",france_italy_cmt_euribor_1y5y_citi_2026-10-05.xlsx
2018-07-18,-0.576497,-0.126438,0.184846,1.707050,-0.305508,0.261732,"Citi Velocity, exported by Charlie",france_italy_cmt_euribor_1y5y_citi_2026-10-05.xlsx
2018-07-19,-0.574327,-0.125042,0.154995,1.675930,-0.305357,0.261513,"Citi Velocity, exported by Charlie",france_italy_cmt_euribor_1y5y_citi_2026-10-05.xlsx
2018-07-20,-0.564293,-0.093173,0.184050,1.750280,-0.304875,0.282500,"Citi Velocity, exported by Charlie",france_italy_cmt_euribor_1y5y_citi_2026-10-05.xlsx
2018-07-23,-0.560353,-0.066149,0.191062,1.792460,-0.304755,0.300024,"Citi Velocity, exported by Charlie",france_italy_cmt_euribor_1y5y_citi_2026-10-05.xlsx
2018-07-24,-0.563923,-0.078955,0.238065,1.818750,-0.305642,0.292808,"Citi Velocity, exported by Charlie",france_italy_cmt_euribor_1y5y_citi_2026-10-05.xlsx
2018-07-25,-0.563870,-0.079231,0.248037,1.828900,-0.304837,0.287738,"Citi Velocity, exported by Charlie",france_italy_cmt_euribor_1y5y_citi_2026-10-05.xlsx
2018-07-26,-0.567000,-0.073959,0.264376,1.868740,-0.304064,0.300797,"Citi Velocity, exported by Charlie",france_italy_cmt_euribor_1y5y_citi_2026-10-05.xlsx
2018-07-27,-0.568508,-0.063506,0.289998,1.915450,-0.304014,0.305289,"Citi Velocity, exported by Charlie",france_italy_cmt_euribor_1y5y_citi_2026-10-05.xlsx
2018-07-30,-0.552874,-0.027130,0.335332,1.969910,-0.301173,0.335541,"Citi Velocity, exported by Charlie",france_italy_cmt_euribor_1y5y_citi_2026-10-05.xlsx
2018-07-31,-0.546496,-0.029235,0.307695,1.921140,-0.300479,0.335622,"Citi Velocity, exported by Charlie",france_italy_cmt_euribor_1y5y_citi_2026-10-05.xlsx
2018-08-01,-0.542006,0.010400,0.308946,1.956390,-0.297504,0.355674,"Citi Velocity, exported by Charlie",france_italy_cmt_euribor_1y5y_citi_2026-10-05.xlsx
2018-08-02,-0.553802,0.003089,0.433995,2.121620,-0.297794,0.340074,"Citi Velocity, exported by Charlie",france_italy_cmt_euribor_1y5y_citi_2026-10-05.xlsx
2018-08-03,-0.574038,-0.032173,0.536556,2.191330,-0.291317,0.315831,"Citi Velocity, exported by Charlie",france_italy_cmt_euribor_1y5y_citi_2026-10-05.xlsx
2018-08-06,-0.570056,-0.049564,0.477292,2.132750,-0.290006,0.307530,"Citi Velocity, exported by Charlie",france_italy_cmt_euribor_1y5y_citi_2026-10-05.xlsx
2018-08-07,-0.570366,-0.034285,0.466012,2.122300,-0.288398,0.321824,"Citi Velocity, exported by Charlie",france_italy_cmt_euribor_1y5y_citi_2026-10-05.xlsx
2018-08-08,-0.576530,-0.045061,0.478481,2.107810,-0.290255,0.316436,"Citi Velocity, exported by Charlie",france_italy_cmt_euribor_1y5y_citi_2026-10-05.xlsx
2018-08-09,-0.585926,-0.069996,0.568354,2.136640,-0.286556,0.300918,"Citi Velocity, exported by Charlie",france_italy_cmt_euribor_1y5y_citi_2026-10-05.xlsx
2018-08-10,-0.594236,-0.105279,0.671448,2.272610,-0.281543,0.268855,"Citi Velocity, exported by Charlie",france_italy_cmt_euribor_1y5y_citi_2026-10-05.xlsx
2018-08-13,-0.596177,-0.095055,0.759586,2.422280,-0.283137,0.267718,"Citi Velocity, exported by Charlie",france_italy_cmt_euribor_1y5y_citi_2026-10-05.xlsx
2018-08-14,-0.590882,-0.094616,0.723969,2.392150,-0.288200,0.271735,"Citi Velocity, exported by Charlie",france_italy_cmt_euribor_1y5y_citi_2026-10-05.xlsx
2018-08-15,-0.600635,-0.118545,0.828845,2.523030,-0.290091,0.254098,"Citi Velocity, exported by Charlie",france_italy_cmt_euribor_1y5y_citi_2026-10-05.xlsx
2018-08-16,-0.587298,-0.098498,0.759959,2.458380,-0.289858,0.261946,"Citi Velocity, exported by Charlie",france_italy_cmt_euribor_1y5y_citi_2026-10-05.xlsx
2018-08-17,-0.600447,-0.113472,0.772101,2.498480,-0.292082,0.258137,"Citi Velocity, exported by Charlie",france_italy_cmt_euribor_1y5y_citi_2026-10-05.xlsx
2018-08-20,-0.596684,-0.118786,0.708298,2.415030,-0.294326,0.254929,"Citi Velocity, exported by Charlie",france_italy_cmt_euribor_1y5y_citi_2026-10-05.xlsx
2018-08-21,-0.586151,-0.093424,0.568841,2.282740,-0.291659,0.269851,"Citi Velocity, exported by Charlie",france_italy_cmt_euribor_1y5y_citi_2026-10-05.xlsx
2018-08-22,-0.577456,-0.075563,0.598655,2.361830,-0.291389,0.275636,"Citi Velocity, exported by Charlie",france_italy_cmt_euribor_1y5y_citi_2026-10-05.xlsx
2018-08-23,-0.572198,-0.084287,0.630579,2.423890,-0.292122,0.274829,"Citi Velocity, exported by Charlie",france_italy_cmt_euribor_1y5y_citi_2026-10-05.xlsx
2018-08-24,-0.573666,-0.082574,0.685670,2.482050,-0.292642,0.275704,"Citi Velocity, exported by Charlie",france_italy_cmt_euribor_1y5y_citi_2026-10-05.xlsx
2018-08-27,,,,,-0.292615,0.275835,"Citi Velocity, exported by Charlie",france_italy_cmt_euribor_1y5y_citi_2026-10-05.xlsx
2018-08-28,-0.565750,-0.056708,0.764048,2.555980,-0.290592,0.289943,"Citi Velocity, exported by Charlie",france_italy_cmt_euribor_1y5y_citi_2026-10-05.xlsx
2018-08-29,-0.573502,-0.038170,0.711055,2.527850,-0.292813,0.305775,"Citi Velocity, exported by Charlie",france_italy_cmt_euribor_1y5y_citi_2026-10-05.xlsx
2018-08-30,-0.593841,-0.075486,0.799609,2.611390,-0.286411,0.283947,"Citi Velocity, exported by Charlie",france_italy_cmt_euribor_1y5y_citi_2026-10-05.xlsx
2018-08-31,-0.593293,-0.078566,0.888882,2.690300,-0.289667,0.275485,"Citi Velocity, exported by Charlie",france_italy_cmt_euribor_1y5y_citi_2026-10-05.xlsx
2018-09-03,-0.588455,-0.069418,0.884986,2.639580,-0.290006,0.275594,"Citi Velocity, exported by Charlie",france_italy_cmt_euribor_1y5y_citi_2026-10-05.xlsx
2018-09-04,-0.572519,-0.057289,0.711236,2.425150,-0.293877,0.286865,"Citi Velocity, exported by Charlie",france_italy_cmt_euribor_1y5y_citi_2026-10-05.xlsx
2018-09-05,-0.566614,-0.034813,0.595527,2.287690,-0.292512,0.297591,"Citi Velocity, exported by Charlie",france_italy_cmt_euribor_1y5y_citi_2026-10-05.xlsx
2018-09-06,-0.571143,-0.062975,0.561021,2.236930,-0.296689,0.286903,"Citi Velocity, exported by Charlie",france_italy_cmt_euribor_1y5y_citi_2026-10-05.xlsx
2018-09-07,-0.565947,-0.038514,0.506451,2.208610,-0.295348,0.299094,"Citi Velocity, exported by Charlie",france_italy_cmt_euribor_1y5y_citi_2026-10-05.xlsx
2018-09-10,-0.559990,-0.031344,0.376597,2.064870,-0.297595,0.308735,"Citi Velocity, exported by Charlie",france_italy_cmt_euribor_1y5y_citi_2026-10-05.xlsx
2018-09-11,-0.556278,-0.014013,0.390367,2.071790,-0.298411,0.322794,"Citi Velocity, exported by Charlie",france_italy_cmt_euribor_1y5y_citi_2026-10-05.xlsx
2018-09-12,-0.559741,-0.024715,0.443130,2.122090,-0.297849,0.313827,"Citi Velocity, exported by Charlie",france_italy_cmt_euribor_1y5y_citi_2026-10-05.xlsx
2018-09-13,-0.556953,-0.009737,0.434621,2.112480,-0.297601,0.321019,"Citi Velocity, exported by Charlie",france_italy_cmt_euribor_1y5y_citi_2026-10-05.xlsx
2018-09-14,-0.551819,0.010366,0.455731,2.143510,-0.297429,0.331461,"Citi Velocity, exported by Charlie",france_italy_cmt_euribor_1y5y_citi_2026-10-05.xlsx
2018-09-17,-0.547301,0.019822,0.342611,1.988530,-0.297223,0.336908,"Citi Velocity, exported by Charlie",france_italy_cmt_euribor_1y5y_citi_2026-10-05.xlsx
2018-09-18,-0.544883,0.034310,0.267760,1.889340,-0.295739,0.347587,"Citi Velocity, exported by Charlie",france_italy_cmt_euribor_1y5y_citi_2026-10-05.xlsx
2018-09-19,-0.555948,0.041274,0.367669,1.997660,-0.294871,0.355738,"Citi Velocity, exported by Charlie",france_italy_cmt_euribor_1y5y_citi_2026-10-05.xlsx
2018-09-20,-0.554113,0.038632,0.434149,2.054010,-0.294800,0.359823,"Citi Velocity, exported by Charlie",france_italy_cmt_euribor_1y5y_citi_2026-10-05.xlsx
2018-09-21,-0.556198,0.025106,0.399986,1.986630,-0.294634,0.350140,"Citi Velocity, exported by Charlie",france_italy_cmt_euribor_1y5y_citi_2026-10-05.xlsx
2018-09-24,-0.540079,0.081414,0.515523,2.119210,-0.291619,0.391637,"Citi Velocity, exported by Charlie",france_italy_cmt_euribor_1y5y_citi_2026-10-05.xlsx
2018-09-25,-0.531500,0.106690,0.465209,2.049420,-0.291351,0.414010,"Citi Velocity, exported by Charlie",france_italy_cmt_euribor_1y5y_citi_2026-10-05.xlsx
2018-09-26,-0.540815,0.099895,0.389669,1.968810,-0.290647,0.411797,"Citi Velocity, exported by Charlie",france_italy_cmt_euribor_1y5y_citi_2026-10-05.xlsx
2018-09-27,-0.543006,0.113295,0.423217,2.039260,-0.287256,0.421869,"Citi Velocity, exported by Charlie",france_italy_cmt_euribor_1y5y_citi_2026-10-05.xlsx
2018-09-28,-0.553433,0.067981,0.644875,2.408820,-0.287190,0.392824,"Citi Velocity, exported by Charlie",france_italy_cmt_euribor_1y5y_citi_2026-10-05.xlsx
2018-10-01,-0.562255,0.066371,0.814156,2.651440,-0.284902,0.396749,"Citi Velocity, exported by Charlie",france_italy_cmt_euribor_1y5y_citi_2026-10-05.xlsx
2018-10-02,-0.566273,0.039660,0.881079,2.788280,-0.284526,0.375055,"Citi Velocity, exported by Charlie",france_italy_cmt_euribor_1y5y_citi_2026-10-05.xlsx
2018-10-03,-0.557492,0.070251,0.705584,2.601480,-0.286530,0.397273,"Citi Velocity, exported by Charlie",france_italy_cmt_euribor_1y5y_citi_2026-10-05.xlsx
2018-10-04,-0.548427,0.126303,0.717127,2.591470,-0.285661,0.441302,"Citi Velocity, exported by Charlie",france_italy_cmt_euribor_1y5y_citi_2026-10-05.xlsx
2018-10-05,-0.558092,0.136820,0.853112,2.762490,-0.285265,0.459803,"Citi Velocity, exported by Charlie",france_italy_cmt_euribor_1y5y_citi_2026-10-05.xlsx
2018-10-08,-0.566268,0.122128,1.025790,2.933950,-0.284921,0.447431,"Citi Velocity, exported by Charlie",france_italy_cmt_euribor_1y5y_citi_2026-10-05.xlsx
2018-10-09,-0.572505,0.122307,0.963710,2.884260,-0.283804,0.440212,"Citi Velocity, exported by Charlie",france_italy_cmt_euribor_1y5y_citi_2026-10-05.xlsx
2018-10-10,-0.574425,0.134892,0.927620,2.850360,-0.281515,0.452419,"Citi Velocity, exported by Charlie",france_italy_cmt_euribor_1y5y_citi_2026-10-05.xlsx
2018-10-11,-0.589578,0.119301,0.989620,2.982480,-0.279656,0.436131,"Citi Velocity, exported by Charlie",france_italy_cmt_euribor_1y5y_citi_2026-10-05.xlsx
2018-10-12,-0.612517,0.102566,0.945321,2.979990,-0.282818,0.423450,"Citi Velocity, exported by Charlie",france_italy_cmt_euribor_1y5y_citi_2026-10-05.xlsx
2018-10-15,-0.615719,0.101449,0.924195,2.986670,-0.284872,0.417894,"Citi Velocity, exported by Charlie",france_italy_cmt_euribor_1y5y_citi_2026-10-05.xlsx
2018-10-16,-0.610388,0.082754,0.768212,2.828860,-0.290602,0.403798,"Citi Velocity, exported by Charlie",france_italy_cmt_euribor_1y5y_citi_2026-10-05.xlsx
2018-10-17,-0.622994,0.057684,0.801240,2.898160,-0.291063,0.378983,"Citi Velocity, exported by Charlie",france_italy_cmt_euribor_1y5y_citi_2026-10-05.xlsx
2018-10-18,-0.635562,0.042356,0.957443,3.067380,-0.292853,0.370394,"Citi Velocity, exported by Charlie",france_italy_cmt_euribor_1y5y_citi_2026-10-05.xlsx
2018-10-19,-0.621239,0.071554,0.799824,2.898570,-0.289410,0.386283,"Citi Velocity, exported by Charlie",france_italy_cmt_euribor_1y5y_citi_2026-10-05.xlsx
2018-10-22,-0.607328,0.070896,0.684399,2.755360,-0.289172,0.390126,"Citi Velocity, exported by Charlie",france_italy_cmt_euribor_1y5y_citi_2026-10-05.xlsx
2018-10-23,-0.615276,0.046192,0.721713,2.837760,-0.287080,0.374379,"Citi Velocity, exported by Charlie",france_italy_cmt_euribor_1y5y_citi_2026-10-05.xlsx
2018-10-24,-0.630699,0.016090,0.786256,2.920120,-0.287319,0.354630,"Citi Velocity, exported by Charlie",france_italy_cmt_euribor_1y5y_citi_2026-10-05.xlsx
2018-10-25,-0.625159,0.025236,0.715408,2.789050,-0.289764,0.356482,"Citi Velocity, exported by Charlie",france_italy_cmt_euribor_1y5y_citi_2026-10-05.xlsx
2018-10-26,-0.636060,-0.012158,0.696115,2.756410,-0.292703,0.327064,"Citi Velocity, exported by Charlie",france_italy_cmt_euribor_1y5y_citi_2026-10-05.xlsx
2018-10-29,-0.624549,0.003127,0.552693,2.549040,-0.293479,0.345569,"Citi Velocity, exported by Charlie",france_italy_cmt_euribor_1y5y_citi_2026-10-05.xlsx
2018-10-30,-0.621952,0.005209,0.689732,2.703100,-0.295026,0.342646,"Citi Velocity, exported by Charlie",france_italy_cmt_euribor_1y5y_citi_2026-10-05.xlsx
2018-10-31,-0.615802,0.005158,0.658482,2.649280,-0.296084,0.353316,"Citi Velocity, exported by Charlie",france_italy_cmt_euribor_1y5y_citi_2026-10-05.xlsx
2018-11-01,-0.609800,0.010191,0.603177,2.607060,-0.294510,0.361548,"Citi Velocity, exported by Charlie",france_italy_cmt_euribor_1y5y_citi_2026-10-05.xlsx
2018-11-02,-0.611517,0.025736,0.531035,2.509570,-0.298749,0.364156,"Citi Velocity, exported by Charlie",france_italy_cmt_euribor_1y5y_citi_2026-10-05.xlsx
2018-11-05,-0.600492,0.031722,0.532220,2.463640,-0.299128,0.359590,"Citi Velocity, exported by Charlie",france_italy_cmt_euribor_1y5y_citi_2026-10-05.xlsx
2018-11-06,-0.602099,0.039381,0.590837,2.570020,-0.298297,0.361681,"Citi Velocity, exported by Charlie",france_italy_cmt_euribor_1y5y_citi_2026-10-05.xlsx
2018-11-07,-0.592239,0.055548,0.556924,2.502080,-0.297515,0.370661,"Citi Velocity, exported by Charlie",france_italy_cmt_euribor_1y5y_citi_2026-10-05.xlsx
2018-11-08,-0.587375,0.065032,0.599934,2.575810,-0.293647,0.380187,"Citi Velocity, exported by Charlie",france_italy_cmt_euribor_1y5y_citi_2026-10-05.xlsx
2018-11-09,-0.597081,0.041307,0.609235,2.587660,-0.294924,0.358936,"Citi Velocity, exported by Charlie",france_italy_cmt_euribor_1y5y_citi_2026-10-05.xlsx
2018-11-12,-0.604074,0.025554,0.664320,2.657550,-0.293641,0.346419,"Citi Velocity, exported by Charlie",france_italy_cmt_euribor_1y5y_citi_2026-10-05.xlsx
2018-11-13,-0.602296,0.029153,0.656967,2.663620,-0.291613,0.353509,"Citi Velocity, exported by Charlie",france_italy_cmt_euribor_1y5y_citi_2026-10-05.xlsx
2018-11-14,-0.607918,0.024823,0.685245,2.733120,-0.291575,0.346932,"Citi Velocity, exported by Charlie",france_italy_cmt_euribor_1y5y_citi_2026-10-05.xlsx
2018-11-15,-0.620836,-0.010605,0.679242,2.753410,-0.292156,0.318163,"Citi Velocity, exported by Charlie",france_italy_cmt_euribor_1y5y_citi_2026-10-05.xlsx
2018-11-16,-0.624750,0.003370,0.653690,2.767110,-0.290903,0.324020,"Citi Velocity, exported by Charlie",france_italy_cmt_euribor_1y5y_citi_2026-10-05.xlsx
2018-11-19,-0.622217,0.011152,0.672023,2.861470,-0.290810,0.325621,"Citi Velocity, exported by Charlie",france_italy_cmt_euribor_1y5y_citi_2026-10-05.xlsx
2018-11-20,-0.624150,-0.001661,0.664528,2.870110,-0.294933,0.311486,"Citi Velocity, exported by Charlie",france_italy_cmt_euribor_1y5y_citi_2026-10-05.xlsx
2018-11-21,-0.618521,0.004790,0.562327,2.677310,-0.295686,0.318535,"Citi Velocity, exported by Charlie",france_italy_cmt_euribor_1y5y_citi_2026-10-05.xlsx
2018-11-22,-0.616034,-0.001777,0.488627,2.548090,-0.295961,0.314989,"Citi Velocity, exported by Charlie",france_italy_cmt_euribor_1y5y_citi_2026-10-05.xlsx
2018-11-23,-0.612729,-0.017355,0.463258,2.524300,-0.296776,0.299546,"Citi Velocity, exported by Charlie",france_italy_cmt_euribor_1y5y_citi_2026-10-05.xlsx
2018-11-26,-0.608225,-0.003790,0.374796,2.399210,-0.297535,0.311395,"Citi Velocity, exported by Charlie",france_italy_cmt_euribor_1y5y_citi_2026-10-05.xlsx
2018-11-27,-0.609920,-0.015498,0.413450,2.438590,-0.298143,0.298563,"Citi Velocity, exported by Charlie",france_italy_cmt_euribor_1y5y_citi_2026-10-05.xlsx
2018-11-28,-0.611487,-0.011305,0.455845,2.432490,-0.298899,0.302975,"Citi Velocity, exported by Charlie",france_italy_cmt_euribor_1y5y_citi_2026-10-05.xlsx
2018-11-29,-0.616127,-0.047669,0.404867,2.358780,-0.300354,0.277639,"Citi Velocity, exported by Charlie",france_italy_cmt_euribor_1y5y_citi_2026-10-05.xlsx
2018-11-30,-0.609624,-0.051068,0.419108,2.371290,-0.300112,0.273590,"Citi Velocity, exported by Charlie",france_italy_cmt_euribor_1y5y_citi_2026-10-05.xlsx
2018-12-03,-0.603636,-0.046291,0.317311,2.205190,-0.300150,0.275904,"Citi Velocity, exported by Charlie",france_italy_cmt_euribor_1y5y_citi_2026-10-05.xlsx
2018-12-04,-0.602757,-0.066502,0.330727,2.192170,-0.298691,0.255632,"Citi Velocity, exported by Charlie",france_italy_cmt_euribor_1y5y_citi_2026-10-05.xlsx
2018-12-05,-0.597199,-0.056854,0.282749,2.110530,-0.294961,0.272908,"Citi Velocity, exported by Charlie",france_italy_cmt_euribor_1y5y_citi_2026-10-05.xlsx
2018-12-06,-0.607479,-0.086198,0.379929,2.297370,-0.291543,0.251033,"Citi Velocity, exported by Charlie",france_italy_cmt_euribor_1y5y_citi_2026-10-05.xlsx
2018-12-07,-0.601100,-0.050707,0.373701,2.257510,-0.289037,0.265264,"Citi Velocity, exported by Charlie",france_italy_cmt_euribor_1y5y_citi_2026-10-05.xlsx
2018-12-10,-0.601117,-0.024960,0.357085,2.218750,-0.288303,0.257463,"Citi Velocity, exported by Charlie",france_italy_cmt_euribor_1y5y_citi_2026-10-05.xlsx
2018-12-11,-0.601739,-0.020360,0.354874,2.202130,-0.283720,0.261622,"Citi Velocity, exported by Charlie",france_italy_cmt_euribor_1y5y_citi_2026-10-05.xlsx
2018-12-12,-0.604217,-0.018329,0.315892,2.092050,-0.285951,0.279323,"Citi Velocity, exported by Charlie",france_italy_cmt_euribor_1y5y_citi_2026-10-05.xlsx
2018-12-13,-0.606130,-0.024939,0.292877,2.032950,-0.284928,0.274837,"Citi Velocity, exported by Charlie",france_italy_cmt_euribor_1y5y_citi_2026-10-05.xlsx
2018-12-14,-0.611334,-0.037564,0.317051,2.030060,-0.285460,0.261449,"Citi Velocity, exported by Charlie",france_italy_cmt_euribor_1y5y_citi_2026-10-05.xlsx
2018-12-17,-0.612916,-0.019763,0.334183,2.050300,-0.287277,0.260728,"Citi Velocity, exported by Charlie",france_italy_cmt_euribor_1y5y_citi_2026-10-05.xlsx
2018-12-18,-0.625058,-0.023592,0.334573,2.036540,-0.290909,0.252825,"Citi Velocity, exported by Charlie",france_italy_cmt_euribor_1y5y_citi_2026-10-05.xlsx
2018-12-19,-0.626392,-0.026792,0.248491,1.886370,-0.291282,0.240097,"Citi Velocity, exported by Charlie",france_italy_cmt_euribor_1y5y_citi_2026-10-05.xlsx
2018-12-20,-0.631232,-0.035191,0.222479,1.809060,-0.295627,0.229028,"Citi Velocity, exported by Charlie",france_italy_cmt_euribor_1y5y_citi_2026-10-05.xlsx
2018-12-21,-0.630077,-0.019685,0.267493,1.877120,-0.296471,0.231036,"Citi Velocity, exported by Charlie",france_italy_cmt_euribor_1y5y_citi_2026-10-05.xlsx
2018-12-24,-0.637652,-0.019453,0.269791,1.877750,-0.295498,0.231107,"Citi Velocity, exported by Charlie",france_italy_cmt_euribor_1y5y_citi_2026-10-05.xlsx
2018-12-25,,,,,-0.295497,0.231107,"Citi Velocity, exported by Charlie",france_italy_cmt_euribor_1y5y_citi_2026-10-05.xlsx
2018-12-26,,,,,-0.295497,0.231107,"Citi Velocity, exported by Charlie",france_italy_cmt_euribor_1y5y_citi_2026-10-05.xlsx
2018-12-27,-0.628331,-0.036036,0.267713,1.841840,-0.298528,0.206075,"Citi Velocity, exported by Charlie",france_italy_cmt_euribor_1y5y_citi_2026-10-05.xlsx
2018-12-28,-0.607495,-0.019498,0.275898,1.827100,-0.297308,0.199582,"Citi Velocity, exported by Charlie",france_italy_cmt_euribor_1y5y_citi_2026-10-05.xlsx
2018-12-31,-0.612341,-0.019258,0.276213,1.827680,-0.296662,0.199454,"Citi Velocity, exported by Charlie",france_italy_cmt_euribor_1y5y_citi_2026-10-05.xlsx
2019-01-01,,,,,-0.296661,0.199454,"Citi Velocity, exported by Charlie",france_italy_cmt_euribor_1y5y_citi_2026-10-05.xlsx
2019-01-02,-0.570662,-0.054657,0.227931,1.790590,-0.296869,0.152752,"Citi Velocity, exported by Charlie",france_italy_cmt_euribor_1y5y_citi_2026-10-05.xlsx
2019-01-03,-0.570790,-0.068999,0.304118,1.960170,-0.293472,0.150523,"Citi Velocity, exported by Charlie",france_italy_cmt_euribor_1y5y_citi_2026-10-05.xlsx
2019-01-04,-0.560705,-0.038419,0.252855,1.923250,-0.291902,0.185368,"Citi Velocity, exported by Charlie",france_italy_cmt_euribor_1y5y_citi_2026-10-05.xlsx
2019-01-07,-0.545370,-0.013208,0.251206,1.951950,-0.291842,0.192935,"Citi Velocity, exported by Charlie",france_italy_cmt_euribor_1y5y_citi_2026-10-05.xlsx
2019-01-08,-0.543602,-0.002424,0.282444,2.001360,-0.285148,0.216871,"Citi Velocity, exported by Charlie",france_italy_cmt_euribor_1y5y_citi_2026-10-05.xlsx
2019-01-09,-0.553725,-0.023347,0.245627,1.935310,-0.284707,0.213108,"Citi Velocity, exported by Charlie",france_italy_cmt_euribor_1y5y_citi_2026-10-05.xlsx
2019-01-10,-0.554160,-0.046666,0.243518,1.946550,-0.285663,0.211073,"Citi Velocity, exported by Charlie",france_italy_cmt_euribor_1y5y_citi_2026-10-05.xlsx
2019-01-11,-0.546114,-0.051893,0.208778,1.892610,-0.288226,0.201457,"Citi Velocity, exported by Charlie",france_italy_cmt_euribor_1y5y_citi_2026-10-05.xlsx
2019-01-14,-0.547781,-0.077754,0.162377,1.842960,-0.290714,0.183013,"Citi Velocity, exported by Charlie",france_italy_cmt_euribor_1y5y_citi_2026-10-05.xlsx
2019-01-15,-0.562593,-0.106151,0.143962,1.837100,-0.294480,0.163011,"Citi Velocity, exported by Charlie",france_italy_cmt_euribor_1y5y_citi_2026-10-05.xlsx
2019-01-16,-0.559419,-0.091115,0.083083,1.712240,-0.291626,0.176641,"Citi Velocity, exported by Charlie",france_italy_cmt_euribor_1y5y_citi_2026-10-05.xlsx
2019-01-17,-0.549566,-0.076848,0.090370,1.717150,-0.292994,0.186731,"Citi Velocity, exported by Charlie",france_italy_cmt_euribor_1y5y_citi_2026-10-05.xlsx
2019-01-18,-0.545523,-0.060572,0.096581,1.661900,-0.289923,0.207200,"Citi Velocity, exported by Charlie",france_italy_cmt_euribor_1y5y_citi_2026-10-05.xlsx
2019-01-21,-0.545739,-0.064504,0.110684,1.704190,-0.289097,0.209483,"Citi Velocity, exported by Charlie",france_italy_cmt_euribor_1y5y_citi_2026-10-05.xlsx
2019-01-22,-0.543083,-0.079571,0.104380,1.687910,-0.290251,0.192514,"Citi Velocity, exported by Charlie",france_italy_cmt_euribor_1y5y_citi_2026-10-05.xlsx
2019-01-23,-0.541931,-0.075136,0.106218,1.689860,-0.288848,0.185645,"Citi Velocity, exported by Charlie",france_italy_cmt_euribor_1y5y_citi_2026-10-05.xlsx
2019-01-24,-0.535549,-0.109209,0.088019,1.631140,-0.289492,0.152995,"Citi Velocity, exported by Charlie",france_italy_cmt_euribor_1y5y_citi_2026-10-05.xlsx
2019-01-25,-0.533841,-0.095397,0.099033,1.612560,-0.289317,0.175803,"Citi Velocity, exported by Charlie",france_italy_cmt_euribor_1y5y_citi_2026-10-05.xlsx
2019-01-28,-0.536570,-0.088322,0.110521,1.648130,-0.289512,0.173801,"Citi Velocity, exported by Charlie",france_italy_cmt_euribor_1y5y_citi_2026-10-05.xlsx
2019-01-29,-0.540102,-0.090806,0.093532,1.618410,-0.289070,0.163011,"Citi Velocity, exported by Charlie",france_italy_cmt_euribor_1y5y_citi_2026-10-05.xlsx
2019-01-30,-0.535154,-0.089841,0.081396,1.600140,-0.289094,0.157338,"Citi Velocity, exported by Charlie",france_italy_cmt_euribor_1y5y_citi_2026-10-05.xlsx
2019-01-31,-0.529046,-0.108928,0.087420,1.601700,-0.291701,0.132669,"Citi Velocity, exported by Charlie",france_italy_cmt_euribor_1y5y_citi_2026-10-05.xlsx
2019-02-01,-0.538922,-0.109031,0.177332,1.750390,-0.289742,0.148887,"Citi Velocity, exported by Charlie",france_italy_cmt_euribor_1y5y_citi_2026-10-05.xlsx
2019-02-04,-0.532194,-0.092010,0.190102,1.778890,-0.287784,0.159737,"Citi Velocity, exported by Charlie",france_italy_cmt_euribor_1y5y_citi_2026-10-05.xlsx
2019-02-05,-0.525518,-0.093692,0.197411,1.818540,-0.288426,0.155597,"Citi Velocity, exported by Charlie",france_italy_cmt_euribor_1y5y_citi_2026-10-05.xlsx
2019-02-06,-0.521485,-0.084248,0.208035,1.848510,-0.287949,0.151770,"Citi Velocity, exported by Charlie",france_italy_cmt_euribor_1y5y_citi_2026-10-05.xlsx
2019-02-07,-0.532312,-0.115475,0.302806,1.995660,-0.284863,0.119468,"Citi Velocity, exported by Charlie",france_italy_cmt_euribor_1y5y_citi_2026-10-05.xlsx
2019-02-08,-0.515969,-0.121071,0.373646,2.097920,-0.285234,0.099453,"Citi Velocity, exported by Charlie",france_italy_cmt_euribor_1y5y_citi_2026-10-05.xlsx
2019-02-11,-0.518108,-0.107694,0.310552,2.001030,-0.287911,0.110192,"Citi Velocity, exported by Charlie",france_italy_cmt_euribor_1y5y_citi_2026-10-05.xlsx
2019-02-12,-0.508133,-0.101110,0.241085,1.923490,-0.291179,0.125105,"Citi Velocity, exported by Charlie",france_italy_cmt_euribor_1y5y_citi_2026-10-05.xlsx
2019-02-13,-0.513649,-0.108901,0.208466,1.855790,-0.290278,0.133185,"Citi Velocity, exported by Charlie",france_italy_cmt_euribor_1y5y_citi_2026-10-05.xlsx
2019-02-14,-0.510926,-0.120837,0.220694,1.857810,-0.289118,0.128037,"Citi Velocity, exported by Charlie",france_italy_cmt_euribor_1y5y_citi_2026-10-05.xlsx
2019-02-15,-0.516607,-0.114477,0.210645,1.850890,-0.291272,0.131907,"Citi Velocity, exported by Charlie",france_italy_cmt_euribor_1y5y_citi_2026-10-05.xlsx
2019-02-18,-0.525489,-0.116194,0.167378,1.781690,-0.293005,0.130422,"Citi Velocity, exported by Charlie",france_italy_cmt_euribor_1y5y_citi_2026-10-05.xlsx
2019-02-19,-0.524969,-0.116598,0.186159,1.803570,-0.297427,0.122558,"Citi Velocity, exported by Charlie",france_italy_cmt_euribor_1y5y_citi_2026-10-05.xlsx
2019-02-20,-0.525888,-0.121349,0.231243,1.894020,-0.294799,0.114240,"Citi Velocity, exported by Charlie",france_italy_cmt_euribor_1y5y_citi_2026-10-05.xlsx
2019-02-21,-0.523654,-0.098539,0.222634,1.890160,-0.294672,0.139046,"Citi Velocity, exported by Charlie",france_italy_cmt_euribor_1y5y_citi_2026-10-05.xlsx
2019-02-22,-0.529995,-0.119827,0.253047,1.941160,-0.294533,0.118298,"Citi Velocity, exported by Charlie",france_italy_cmt_euribor_1y5y_citi_2026-10-05.xlsx
2019-02-25,-0.526326,-0.113593,0.174378,1.808960,-0.294092,0.121351,"Citi Velocity, exported by Charlie",france_italy_cmt_euribor_1y5y_citi_2026-10-05.xlsx
2019-02-26,-0.524281,-0.111341,0.139188,1.730580,-0.293153,0.124358,"Citi Velocity, exported by Charlie",france_italy_cmt_euribor_1y5y_citi_2026-10-05.xlsx
2019-02-27,-0.521204,-0.085259,0.187371,1.825970,-0.292262,0.155131,"Citi Velocity, exported by Charlie",france_italy_cmt_euribor_1y5y_citi_2026-10-05.xlsx
2019-02-28,-0.518319,-0.077771,0.166985,1.791380,-0.291165,0.168042,"Citi Velocity, exported by Charlie",france_italy_cmt_euribor_1y5y_citi_2026-10-05.xlsx
2019-03-01,-0.513440,-0.063605,0.160765,1.777160,-0.292294,0.179215,"Citi Velocity, exported by Charlie",france_italy_cmt_euribor_1y5y_citi_2026-10-05.xlsx
2019-03-04,-0.520451,-0.075920,0.152053,1.770370,-0.292829,0.162575,"Citi Velocity, exported by Charlie",france_italy_cmt_euribor_1y5y_citi_2026-10-05.xlsx
2019-03-05,-0.529657,-0.076151,0.138121,1.745150,-0.293209,0.163797,"Citi Velocity, exported by Charlie",france_italy_cmt_euribor_1y5y_citi_2026-10-05.xlsx
2019-03-06,-0.532990,-0.117712,0.081149,1.671820,-0.298070,0.128082,"Citi Velocity, exported by Charlie",france_italy_cmt_euribor_1y5y_citi_2026-10-05.xlsx
2019-03-07,-0.546650,-0.185924,0.008764,1.523000,-0.303635,0.072102,"Citi Velocity, exported by Charlie",france_italy_cmt_euribor_1y5y_citi_2026-10-05.xlsx
2019-03-08,-0.536249,-0.177646,0.020395,1.533970,-0.303589,0.083758,"Citi Velocity, exported by Charlie",france_italy_cmt_euribor_1y5y_citi_2026-10-05.xlsx
2019-03-11,-0.537383,-0.187090,0.065593,1.625790,-0.300789,0.081228,"Citi Velocity, exported by Charlie",france_italy_cmt_euribor_1y5y_citi_2026-10-05.xlsx
2019-03-12,-0.542952,-0.173304,0.069088,1.624210,-0.300763,0.084790,"Citi Velocity, exported by Charlie",france_italy_cmt_euribor_1y5y_citi_2026-10-05.xlsx
2019-03-13,-0.543250,-0.182098,0.076194,1.644560,-0.300579,0.084323,"Citi Velocity, exported by Charlie",france_italy_cmt_euribor_1y5y_citi_2026-10-05.xlsx
2019-03-14,-0.541998,-0.170197,0.031122,1.567120,-0.300089,0.096591,"Citi Velocity, exported by Charlie",france_italy_cmt_euribor_1y5y_citi_2026-10-05.xlsx
2019-03-15,-0.538134,-0.173271,0.031808,1.570240,-0.299995,0.097840,"Citi Velocity, exported by Charlie",france_italy_cmt_euribor_1y5y_citi_2026-10-05.xlsx
2019-03-18,-0.534577,-0.178381,0.002064,1.505190,-0.300157,0.084340,"Citi Velocity, exported by Charlie",france_italy_cmt_euribor_1y5y_citi_2026-10-05.xlsx
2019-03-19,-0.531279,-0.165110,0.021331,1.559880,-0.299879,0.094045,"Citi Velocity, exported by Charlie",france_italy_cmt_euribor_1y5y_citi_2026-10-05.xlsx
2019-03-20,-0.532851,-0.170427,0.031792,1.593590,-0.298079,0.091610,"Citi Velocity, exported by Charlie",france_italy_cmt_euribor_1y5y_citi_2026-10-05.xlsx
2019-03-21,-0.550296,-0.210545,0.027493,1.553410,-0.299367,0.067723,"Citi Velocity, exported by Charlie",france_italy_cmt_euribor_1y5y_citi_2026-10-05.xlsx
2019-03-22,-0.556032,-0.243273,0.059482,1.593420,-0.300832,0.040171,"Citi Velocity, exported by Charlie",france_italy_cmt_euribor_1y5y_citi_2026-10-05.xlsx
2019-03-25,-0.551132,-0.228223,0.092953,1.627940,-0.301026,0.047535,"Citi Velocity, exported by Charlie",france_italy_cmt_euribor_1y5y_citi_2026-10-05.xlsx
2019-03-26,-0.548851,-0.222013,0.066694,1.594450,-0.298996,0.055391,"Citi Velocity, exported by Charlie",france_italy_cmt_euribor_1y5y_citi_2026-10-05.xlsx
2019-03-27,-0.572581,-0.301953,0.052498,1.571170,-0.313351,-0.018012,"Citi Velocity, exported by Charlie",france_italy_cmt_euribor_1y5y_citi_2026-10-05.xlsx
2019-03-28,-0.557729,-0.274188,0.082641,1.620030,-0.312232,0.007024,"Citi Velocity, exported by Charlie",france_italy_cmt_euribor_1y5y_citi_2026-10-05.xlsx
2019-03-29,-0.555004,-0.278462,0.096170,1.638330,-0.313135,0.016294,"Citi Velocity, exported by Charlie",france_italy_cmt_euribor_1y5y_citi_2026-10-05.xlsx
2019-04-01,-0.550533,-0.237703,0.094533,1.638300,-0.313269,0.029942,"Citi Velocity, exported by Charlie",france_italy_cmt_euribor_1y5y_citi_2026-10-05.xlsx
2019-04-02,-0.544368,-0.259777,0.101076,1.681690,-0.316104,0.013182,"Citi Velocity, exported by Charlie",france_italy_cmt_euribor_1y5y_citi_2026-10-05.xlsx
2019-04-03,-0.535505,-0.230141,0.112150,1.702800,-0.314849,0.041915,"Citi Velocity, exported by Charlie",france_italy_cmt_euribor_1y5y_citi_2026-10-05.xlsx
2019-04-04,-0.531248,-0.239287,0.119468,1.678170,-0.316616,0.037859,"Citi Velocity, exported by Charlie",france_italy_cmt_euribor_1y5y_citi_2026-10-05.xlsx
2019-04-05,-0.524496,-0.239869,0.109024,1.655590,-0.315853,0.044653,"Citi Velocity, exported by Charlie",france_italy_cmt_euribor_1y5y_citi_2026-10-05.xlsx
2019-04-08,-0.531689,-0.239766,0.105666,1.662110,-0.315659,0.038584,"Citi Velocity, exported by Charlie",france_italy_cmt_euribor_1y5y_citi_2026-10-05.xlsx
2019-04-09,-0.527922,-0.249100,0.086603,1.629620,-0.315675,0.034911,"Citi Velocity, exported by Charlie",france_italy_cmt_euribor_1y5y_citi_2026-10-05.xlsx
2019-04-10,-0.544986,-0.280147,0.078442,1.608840,-0.321086,-0.003856,"Citi Velocity, exported by Charlie",france_italy_cmt_euribor_1y5y_citi_2026-10-05.xlsx
2019-04-11,-0.535400,-0.263793,0.065836,1.557160,-0.318866,0.013584,"Citi Velocity, exported by Charlie",france_italy_cmt_euribor_1y5y_citi_2026-10-05.xlsx
2019-04-12,-0.529813,-0.209771,0.067914,1.563080,-0.314073,0.058132,"Citi Velocity, exported by Charlie",france_italy_cmt_euribor_1y5y_citi_2026-10-05.xlsx
2019-04-15,-0.524319,-0.198442,0.080187,1.587430,-0.315451,0.060167,"Citi Velocity, exported by Charlie",france_italy_cmt_euribor_1y5y_citi_2026-10-05.xlsx
2019-04-16,-0.530856,-0.201795,0.100924,1.623850,-0.315161,0.061443,"Citi Velocity, exported by Charlie",france_italy_cmt_euribor_1y5y_citi_2026-10-05.xlsx
2019-04-17,-0.529243,-0.194228,0.122847,1.655550,-0.315762,0.075233,"Citi Velocity, exported by Charlie",france_italy_cmt_euribor_1y5y_citi_2026-10-05.xlsx
2019-04-18,-0.537762,-0.238572,0.111128,1.644540,-0.316097,0.040085,"Citi Velocity, exported by Charlie",france_italy_cmt_euribor_1y5y_citi_2026-10-05.xlsx
2019-04-19,,,,,-0.316317,0.040075,"Citi Velocity, exported by Charlie",france_italy_cmt_euribor_1y5y_citi_2026-10-05.xlsx
2019-04-22,,,,,-0.316315,0.040074,"Citi Velocity, exported by Charlie",france_italy_cmt_euribor_1y5y_citi_2026-10-05.xlsx
2019-04-23,-0.534596,-0.216850,0.162930,1.733230,-0.314928,0.053159,"Citi Velocity, exported by Charlie",france_italy_cmt_euribor_1y5y_citi_2026-10-05.xlsx
2019-04-24,-0.547975,-0.248133,0.146757,1.687150,-0.317772,0.016904,"Citi Velocity, exported by Charlie",france_italy_cmt_euribor_1y5y_citi_2026-10-05.xlsx
2019-04-25,-0.551982,-0.240225,0.174635,1.754300,-0.315422,0.024695,"Citi Velocity, exported by Charlie",france_italy_cmt_euribor_1y5y_citi_2026-10-05.xlsx
2019-04-26,-0.553454,-0.252296,0.132397,1.657610,-0.314635,0.024960,"Citi Velocity, exported by Charlie",france_italy_cmt_euribor_1y5y_citi_2026-10-05.xlsx
2019-04-29,-0.551812,-0.243359,0.124949,1.649750,-0.314730,0.029075,"Citi Velocity, exported by Charlie",france_italy_cmt_euribor_1y5y_citi_2026-10-05.xlsx
2019-04-30,-0.555896,-0.240484,0.109721,1.624760,-0.314020,0.037011,"Citi Velocity, exported by Charlie",france_italy_cmt_euribor_1y5y_citi_2026-10-05.xlsx
2019-05-01,,,,,-0.314576,0.037009,"Citi Velocity, exported by Charlie",france_italy_cmt_euribor_1y5y_citi_2026-10-05.xlsx
2019-05-02,-0.556473,-0.238850,0.081695,1.591370,-0.314288,0.037323,"Citi Velocity, exported by Charlie",france_italy_cmt_euribor_1y5y_citi_2026-10-05.xlsx
2019-05-03,-0.551366,-0.242380,0.070822,1.582780,-0.315524,0.038302,"Citi Velocity, exported by Charlie",france_italy_cmt_euribor_1y5y_citi_2026-10-05.xlsx
2019-05-06,,,,,-0.315233,0.038313,"Citi Velocity, exported by Charlie",france_italy_cmt_euribor_1y5y_citi_2026-10-05.xlsx
2019-05-07,-0.567933,-0.266643,0.083639,1.622440,-0.318077,0.006310,"Citi Velocity, exported by Charlie",france_italy_cmt_euribor_1y5y_citi_2026-10-05.xlsx
2019-05-08,-0.571538,-0.268477,0.104408,1.669360,-0.317909,0.005465,"Citi Velocity, exported by Charlie",france_italy_cmt_euribor_1y5y_citi_2026-10-05.xlsx
2019-05-09,-0.575866,-0.258395,0.154727,1.740750,-0.317237,0.009162,"Citi Velocity, exported by Charlie",france_italy_cmt_euribor_1y5y_citi_2026-10-05.xlsx
2019-05-10,-0.569380,-0.258054,0.165342,1.755960,-0.317469,0.003349,"Citi Velocity, exported by Charlie",france_italy_cmt_euribor_1y5y_citi_2026-10-05.xlsx
2019-05-13,-0.572854,-0.266928,0.176011,1.776960,-0.320056,-0.005303,"Citi Velocity, exported by Charlie",france_italy_cmt_euribor_1y5y_citi_2026-10-05.xlsx
2019-05-14,-0.573526,-0.269434,0.229286,1.838040,-0.326938,-0.017784,"Citi Velocity, exported by Charlie",france_italy_cmt_euribor_1y5y_citi_2026-10-05.xlsx
2019-05-15,-0.573251,-0.286006,0.245000,1.861230,-0.333069,-0.026155,"Citi Velocity, exported by Charlie",france_italy_cmt_euribor_1y5y_citi_2026-10-05.xlsx
2019-05-16,-0.566176,-0.290625,0.222524,1.824330,-0.334863,-0.022491,"Citi Velocity, exported by Charlie",france_italy_cmt_euribor_1y5y_citi_2026-10-05.xlsx
2019-05-17,-0.560360,-0.297129,0.154030,1.795390,-0.340551,-0.036698,"Citi Velocity, exported by Charlie",france_italy_cmt_euribor_1y5y_citi_2026-10-05.xlsx
2019-05-20,-0.557686,-0.280945,0.170708,1.832910,-0.343702,-0.028944,"Citi Velocity, exported by Charlie",france_italy_cmt_euribor_1y5y_citi_2026-10-05.xlsx
2019-05-21,-0.556291,-0.267465,0.149773,1.792120,-0.342366,-0.021386,"Citi Velocity, exported by Charlie",france_italy_cmt_euribor_1y5y_citi_2026-10-05.xlsx
2019-05-22,-0.560420,-0.285931,0.139816,1.773390,-0.340688,-0.033295,"Citi Velocity, exported by Charlie",france_italy_cmt_euribor_1y5y_citi_2026-10-05.xlsx
2019-05-23,-0.563205,-0.303410,0.144487,1.781610,-0.340513,-0.051360,"Citi Velocity, exported by Charlie",france_italy_cmt_euribor_1y5y_citi_2026-10-05.xlsx
2019-05-24,-0.568255,-0.311293,0.088700,1.664500,-0.341603,-0.049585,"Citi Velocity, exported by Charlie",france_italy_cmt_euribor_1y5y_citi_2026-10-05.xlsx
2019-05-27,,,,,-0.341842,-0.049485,"Citi Velocity, exported by Charlie",france_italy_cmt_euribor_1y5y_citi_2026-10-05.xlsx
2019-05-28,-0.577604,-0.330438,0.196993,1.850430,-0.346906,-0.072398,"Citi Velocity, exported by Charlie",france_italy_cmt_euribor_1y5y_citi_2026-10-05.xlsx
2019-05-29,-0.575907,-0.345673,0.173328,1.808380,-0.349150,-0.081907,"Citi Velocity, exported by Charlie",france_italy_cmt_euribor_1y5y_citi_2026-10-05.xlsx
2019-05-30,-0.574033,-0.348400,0.176510,1.825900,-0.353370,-0.080025,"Citi Velocity, exported by Charlie",france_italy_cmt_euribor_1y5y_citi_2026-10-05.xlsx
2019-05-31,-0.591833,-0.372593,0.205455,1.851820,-0.361709,-0.090952,"Citi Velocity, exported by Charlie",france_italy_cmt_euribor_1y5y_citi_2026-10-05.xlsx
2019-06-03,-0.571964,-0.366681,0.181888,1.789630,-0.358852,-0.100151,"Citi Velocity, exported by Charlie",france_italy_cmt_euribor_1y5y_citi_2026-10-05.xlsx
2019-06-04,-0.580791,-0.369462,0.127587,1.711300,-0.360372,-0.106940,"Citi Velocity, exported by Charlie",france_italy_cmt_euribor_1y5y_citi_2026-10-05.xlsx
2019-06-05,-0.592855,-0.394155,0.129843,1.715430,-0.375130,-0.136650,"Citi Velocity, exported by Charlie",france_italy_cmt_euribor_1y5y_citi_2026-10-05.xlsx
2019-06-06,-0.582301,-0.405929,0.108085,1.692910,-0.360407,-0.136040,"Citi Velocity, exported by Charlie",france_italy_cmt_euribor_1y5y_citi_2026-10-05.xlsx
2019-06-07,-0.601939,-0.436710,0.026103,1.566340,-0.370420,-0.157714,"Citi Velocity, exported by Charlie",france_italy_cmt_euribor_1y5y_citi_2026-10-05.xlsx
2019-06-10,-0.592146,-0.403280,0.056075,1.584260,-0.366576,-0.139325,"Citi Velocity, exported by Charlie",france_italy_cmt_euribor_1y5y_citi_2026-10-05.xlsx
2019-06-11,-0.595988,-0.405922,0.056820,1.568020,-0.366559,-0.148315,"Citi Velocity, exported by Charlie",france_italy_cmt_euribor_1y5y_citi_2026-10-05.xlsx
2019-06-12,-0.592486,-0.404021,0.096562,1.626470,-0.373726,-0.156333,"Citi Velocity, exported by Charlie",france_italy_cmt_euribor_1y5y_citi_2026-10-05.xlsx
2019-06-13,-0.584474,-0.400157,0.088290,1.594490,-0.376351,-0.160050,"Citi Velocity, exported by Charlie",france_italy_cmt_euribor_1y5y_citi_2026-10-05.xlsx
2019-06-14,-0.597512,-0.413271,0.040936,1.537530,-0.384902,-0.170306,"Citi Velocity, exported by Charlie",france_italy_cmt_euribor_1y5y_citi_2026-10-05.xlsx
2019-06-17,-0.593087,-0.409339,0.040548,1.528610,-0.381835,-0.163485,"Citi Velocity, exported by Charlie",france_italy_cmt_euribor_1y5y_citi_2026-10-05.xlsx
2019-06-18,-0.629311,-0.506720,-0.021986,1.338910,-0.433925,-0.235695,"Citi Velocity, exported by Charlie",france_italy_cmt_euribor_1y5y_citi_2026-10-05.xlsx
2019-06-19,-0.614575,-0.456185,-0.018049,1.334850,-0.427818,-0.202551,"Citi Velocity, exported by Charlie",france_italy_cmt_euribor_1y5y_citi_2026-10-05.xlsx
2019-06-20,-0.628266,-0.489489,-0.034994,1.326450,-0.439626,-0.218279,"Citi Velocity, exported by Charlie",france_italy_cmt_euribor_1y5y_citi_2026-10-05.xlsx
2019-06-21,-0.618947,-0.453672,-0.004505,1.380390,-0.426624,-0.186425,"Citi Velocity, exported by Charlie",france_italy_cmt_euribor_1y5y_citi_2026-10-05.xlsx
2019-06-24,-0.626637,-0.475386,0.007978,1.393450,-0.435209,-0.205644,"Citi Velocity, exported by Charlie",france_italy_cmt_euribor_1y5y_citi_2026-10-05.xlsx
2019-06-25,-0.630676,-0.497218,0.024361,1.398620,-0.437159,-0.221300,"Citi Velocity, exported by Charlie",france_italy_cmt_euribor_1y5y_citi_2026-10-05.xlsx
2019-06-26,-0.627334,-0.479513,0.028680,1.379420,-0.436056,-0.208520,"Citi Velocity, exported by Charlie",france_italy_cmt_euribor_1y5y_citi_2026-10-05.xlsx
2019-06-27,-0.629743,-0.482583,0.012790,1.360370,-0.439688,-0.218397,"Citi Velocity, exported by Charlie",france_italy_cmt_euribor_1y5y_citi_2026-10-05.xlsx
2019-06-28,-0.635483,-0.493185,-0.014798,1.310000,-0.444848,-0.231155,"Citi Velocity, exported by Charlie",france_italy_cmt_euribor_1y5y_citi_2026-10-05.xlsx
2019-07-01,-0.644502,-0.529205,-0.096752,1.151310,-0.454970,-0.254743,"Citi Velocity, exported by Charlie",france_italy_cmt_euribor_1y5y_citi_2026-10-05.xlsx
2019-07-02,-0.646601,-0.533491,-0.125198,1.081100,-0.466433,-0.262708,"Citi Velocity, exported by Charlie",france_italy_cmt_euribor_1y5y_citi_2026-10-05.xlsx
2019-07-03,-0.644172,-0.548740,-0.167286,0.906458,-0.468246,-0.278612,"Citi Velocity, exported by Charlie",france_italy_cmt_euribor_1y5y_citi_2026-10-05.xlsx
2019-07-04,-0.647396,-0.560013,-0.114567,0.945450,-0.466699,-0.287400,"Citi Velocity, exported by Charlie",france_italy_cmt_euribor_1y5y_citi_2026-10-05.xlsx
2019-07-05,-0.635067,-0.529808,-0.083996,1.024610,-0.457470,-0.264006,"Citi Velocity, exported by Charlie",france_italy_cmt_euribor_1y5y_citi_2026-10-05.xlsx
2019-07-08,-0.630935,-0.523483,-0.086878,1.018980,-0.458528,-0.272645,"Citi Velocity, exported by Charlie",france_italy_cmt_euribor_1y5y_citi_2026-10-05.xlsx
2019-07-09,-0.631930,-0.510851,-0.071835,1.015170,-0.452419,-0.248709,"Citi Velocity, exported by Charlie",france_italy_cmt_euribor_1y5y_citi_2026-10-05.xlsx
2019-07-10,-0.619835,-0.496525,-0.066507,1.013440,-0.455712,-0.225966,"Citi Velocity, exported by Charlie",france_italy_cmt_euribor_1y5y_citi_2026-10-05.xlsx
2019-07-11,-0.626138,-0.467684,-0.086146,0.972713,-0.458169,-0.204728,"Citi Velocity, exported by Charlie",france_italy_cmt_euribor_1y5y_citi_2026-10-05.xlsx
2019-07-12,-0.627317,-0.448864,-0.083640,0.989664,-0.459948,-0.200224,"Citi Velocity, exported by Charlie",france_italy_cmt_euribor_1y5y_citi_2026-10-05.xlsx
2019-07-15,-0.632458,-0.479125,-0.130315,0.903563,-0.468139,-0.225853,"Citi Velocity, exported by Charlie",france_italy_cmt_euribor_1y5y_citi_2026-10-05.xlsx
2019-07-16,-0.641636,-0.488475,-0.148190,0.863563,-0.476195,-0.238779,"Citi Velocity, exported by Charlie",france_italy_cmt_euribor_1y5y_citi_2026-10-05.xlsx
2019-07-17,-0.652348,-0.518780,-0.142670,0.855448,-0.480955,-0.265835,"Citi Velocity, exported by Charlie",france_italy_cmt_euribor_1y5y_citi_2026-10-05.xlsx
2019-07-18,-0.651618,-0.533829,-0.148026,0.809770,-0.483179,-0.280477,"Citi Velocity, exported by Charlie",france_italy_cmt_euribor_1y5y_citi_2026-10-05.xlsx
2019-07-19,-0.663757,-0.544546,-0.128173,0.861241,-0.492177,-0.298960,"Citi Velocity, exported by Charlie",france_italy_cmt_euribor_1y5y_citi_2026-10-05.xlsx
2019-07-22,-0.666218,-0.555402,-0.110081,0.930108,-0.491504,-0.307369,"Citi Velocity, exported by Charlie",france_italy_cmt_euribor_1y5y_citi_2026-10-05.xlsx
2019-07-23,-0.673751,-0.561604,-0.144860,0.867321,-0.493731,-0.305824,"Citi Velocity, exported by Charlie",france_italy_cmt_euribor_1y5y_citi_2026-10-05.xlsx
2019-07-24,-0.674464,-0.571620,-0.194985,0.761417,-0.499114,-0.324342,"Citi Velocity, exported by Charlie",france_italy_cmt_euribor_1y5y_citi_2026-10-05.xlsx
2019-07-25,-0.667973,-0.555521,-0.193168,0.787559,-0.496692,-0.325226,"Citi Velocity, exported by Charlie",france_italy_cmt_euribor_1y5y_citi_2026-10-05.xlsx
2019-07-26,-0.657845,-0.560183,-0.165409,0.834202,-0.487237,-0.313121,"Citi Velocity, exported by Charlie",france_italy_cmt_euribor_1y5y_citi_2026-10-05.xlsx
2019-07-29,-0.662596,-0.570892,-0.155722,0.841960,-0.488314,-0.316008,"Citi Velocity, exported by Charlie",france_italy_cmt_euribor_1y5y_citi_2026-10-05.xlsx
2019-07-30,-0.663513,-0.572852,-0.157696,0.861982,-0.486350,-0.317687,"Citi Velocity, exported by Charlie",france_italy_cmt_euribor_1y5y_citi_2026-10-05.xlsx
2019-07-31,-0.671489,-0.601105,-0.170842,0.820529,-0.495719,-0.342009,"Citi Velocity, exported by Charlie",france_italy_cmt_euribor_1y5y_citi_2026-10-05.xlsx
2019-08-01,-0.666158,-0.597287,-0.151390,0.840355,-0.494063,-0.347737,"Citi Velocity, exported by Charlie",france_italy_cmt_euribor_1y5y_citi_2026-10-05.xlsx
2019-08-02,-0.670694,-0.606107,-0.142977,0.846183,-0.503615,-0.367637,"Citi Velocity, exported by Charlie",france_italy_cmt_euribor_1y5y_citi_2026-10-05.xlsx
2019-08-05,-0.690050,-0.625100,-0.132193,0.870089,-0.512192,-0.390049,"Citi Velocity, exported by Charlie",france_italy_cmt_euribor_1y5y_citi_2026-10-05.xlsx
2019-08-06,-0.689732,-0.642965,-0.148238,0.814571,-0.517543,-0.397172,"Citi Velocity, exported by Charlie",france_italy_cmt_euribor_1y5y_citi_2026-10-05.xlsx
2019-08-07,-0.711069,-0.693414,-0.164005,0.723300,-0.530329,-0.437729,"Citi Velocity, exported by Charlie",france_italy_cmt_euribor_1y5y_citi_2026-10-05.xlsx
2019-08-08,-0.703952,-0.669912,-0.105400,0.848020,-0.530939,-0.429972,"Citi Velocity, exported by Charlie",france_italy_cmt_euribor_1y5y_citi_2026-10-05.xlsx
2019-08-09,-0.711442,-0.659819,0.110741,1.180700,-0.537525,-0.434562,"Citi Velocity, exported by Charlie",france_italy_cmt_euribor_1y5y_citi_2026-10-05.xlsx
2019-08-12,-0.728905,-0.673653,0.065242,1.095450,-0.538569,-0.438137,"Citi Velocity, exported by Charlie",france_italy_cmt_euribor_1y5y_citi_2026-10-05.xlsx
2019-08-13,-0.727385,-0.685749,-0.009689,0.977370,-0.537021,-0.446948,"Citi Velocity, exported by Charlie",france_italy_cmt_euribor_1y5y_citi_2026-10-05.xlsx
2019-08-14,-0.726072,-0.715337,-0.042309,0.899252,-0.537409,-0.479043,"Citi Velocity, exported by Charlie",france_italy_cmt_euribor_1y5y_citi_2026-10-05.xlsx
2019-08-15,-0.750535,-0.768888,-0.122566,0.751361,-0.578966,-0.546707,"Citi Velocity, exported by Charlie",france_italy_cmt_euribor_1y5y_citi_2026-10-05.xlsx
2019-08-16,-0.749431,-0.746194,-0.057419,0.848958,-0.575914,-0.544231,"Citi Velocity, exported by Charlie",france_italy_cmt_euribor_1y5y_citi_2026-10-05.xlsx
2019-08-19,-0.742940,-0.721001,-0.054582,0.881826,-0.565225,-0.506813,"Citi Velocity, exported by Charlie",france_italy_cmt_euribor_1y5y_citi_2026-10-05.xlsx
2019-08-20,-0.753906,-0.749955,-0.091798,0.785019,-0.573386,-0.528255,"Citi Velocity, exported by Charlie",france_italy_cmt_euribor_1y5y_citi_2026-10-05.xlsx
2019-08-21,-0.741882,-0.728583,-0.095378,0.769232,-0.554965,-0.495155,"Citi Velocity, exported by Charlie",france_italy_cmt_euribor_1y5y_citi_2026-10-05.xlsx
2019-08-22,-0.722259,-0.691561,-0.105944,0.773350,-0.527873,-0.456482,"Citi Velocity, exported by Charlie",france_italy_cmt_euribor_1y5y_citi_2026-10-05.xlsx
2019-08-23,-0.750676,-0.718443,-0.122540,0.743044,-0.542481,-0.478047,"Citi Velocity, exported by Charlie",france_italy_cmt_euribor_1y5y_citi_2026-10-05.xlsx
2019-08-26,,,,,-0.544502,-0.478693,"Citi Velocity, exported by Charlie",france_italy_cmt_euribor_1y5y_citi_2026-10-05.xlsx
2019-08-27,-0.776836,-0.739574,-0.200887,0.580317,-0.547716,-0.505696,"Citi Velocity, exported by Charlie",france_italy_cmt_euribor_1y5y_citi_2026-10-05.xlsx
2019-08-28,-0.782664,-0.744905,-0.238288,0.468606,-0.556283,-0.524905,"Citi Velocity, exported by Charlie",france_italy_cmt_euribor_1y5y_citi_2026-10-05.xlsx
2019-08-29,-0.786810,-0.743531,-0.259030,0.391659,-0.563187,-0.525835,"Citi Velocity, exported by Charlie",france_italy_cmt_euribor_1y5y_citi_2026-10-05.xlsx
2019-08-30,-0.797424,-0.748800,-0.239720,0.435859,-0.571608,-0.533462,"Citi Velocity, exported by Charlie",france_italy_cmt_euribor_1y5y_citi_2026-10-05.xlsx
2019-09-02,-0.776372,-0.744451,-0.268893,0.404883,-0.572842,-0.534278,"Citi Velocity, exported by Charlie",france_italy_cmt_euribor_1y5y_citi_2026-10-05.xlsx
2019-09-03,-0.784109,-0.746118,-0.303794,0.335504,-0.577035,-0.541546,"Citi Velocity, exported by Charlie",france_italy_cmt_euribor_1y5y_citi_2026-10-05.xlsx
2019-09-04,-0.769945,-0.727036,-0.337775,0.290740,-0.564783,-0.511503,"Citi Velocity, exported by Charlie",france_italy_cmt_euribor_1y5y_citi_2026-10-05.xlsx
2019-09-05,-0.752691,-0.676439,-0.329081,0.348058,-0.547584,-0.465326,"Citi Velocity, exported by Charlie",france_italy_cmt_euribor_1y5y_citi_2026-10-05.xlsx
2019-09-06,-0.751713,-0.701496,-0.349835,0.293251,-0.547002,-0.487947,"Citi Velocity, exported by Charlie",france_italy_cmt_euribor_1y5y_citi_2026-10-05.xlsx
2019-09-09,-0.746892,-0.659421,-0.297395,0.345300,-0.544482,-0.460046,"Citi Velocity, exported by Charlie",france_italy_cmt_euribor_1y5y_citi_2026-10-05.xlsx
2019-09-10,-0.733716,-0.650417,-0.265214,0.398700,-0.545887,-0.451004,"Citi Velocity, exported by Charlie",france_italy_cmt_euribor_1y5y_citi_2026-10-05.xlsx
2019-09-11,-0.730676,-0.660594,-0.304019,0.348263,-0.543841,-0.447219,"Citi Velocity, exported by Charlie",france_italy_cmt_euribor_1y5y_citi_2026-10-05.xlsx
2019-09-12,-0.649753,-0.605487,-0.292589,0.269129,-0.487979,-0.403682,"Citi Velocity, exported by Charlie",france_italy_cmt_euribor_1y5y_citi_2026-10-05.xlsx
2019-09-13,-0.651738,-0.548262,-0.216015,0.334535,-0.463210,-0.338903,"Citi Velocity, exported by Charlie",france_italy_cmt_euribor_1y5y_citi_2026-10-05.xlsx
2019-09-16,-0.650458,-0.566309,-0.265174,0.286637,-0.459933,-0.358677,"Citi Velocity, exported by Charlie",france_italy_cmt_euribor_1y5y_citi_2026-10-05.xlsx
2019-09-17,-0.644592,-0.552129,-0.235571,0.352137,-0.460715,-0.362073,"Citi Velocity, exported by Charlie",france_italy_cmt_euribor_1y5y_citi_2026-10-05.xlsx
2019-09-18,-0.654095,-0.571656,-0.253228,0.316779,-0.465981,-0.380713,"Citi Velocity, exported by Charlie",france_italy_cmt_euribor_1y5y_citi_2026-10-05.xlsx
2019-09-19,-0.648512,-0.554567,-0.245505,0.335802,-0.460442,-0.372824,"Citi Velocity, exported by Charlie",france_italy_cmt_euribor_1y5y_citi_2026-10-05.xlsx
2019-09-20,-0.643947,-0.557349,-0.240677,0.370022,-0.456550,-0.370678,"Citi Velocity, exported by Charlie",france_italy_cmt_euribor_1y5y_citi_2026-10-05.xlsx
2019-09-23,-0.654395,-0.603404,-0.268958,0.300934,-0.473409,-0.416842,"Citi Velocity, exported by Charlie",france_italy_cmt_euribor_1y5y_citi_2026-10-05.xlsx
2019-09-24,-0.652224,-0.602611,-0.260204,0.293204,-0.477834,-0.423941,"Citi Velocity, exported by Charlie",france_italy_cmt_euribor_1y5y_citi_2026-10-05.xlsx
2019-09-25,-0.649289,-0.595143,-0.245249,0.303010,-0.479469,-0.416467,"Citi Velocity, exported by Charlie",france_italy_cmt_euribor_1y5y_citi_2026-10-05.xlsx
2019-09-26,-0.657860,-0.600091,-0.243769,0.285586,-0.482227,-0.404441,"Citi Velocity, exported by Charlie",france_italy_cmt_euribor_1y5y_citi_2026-10-05.xlsx
2019-09-27,-0.665855,-0.603134,-0.266913,0.254354,-0.485572,-0.407004,"Citi Velocity, exported by Charlie",france_italy_cmt_euribor_1y5y_citi_2026-10-05.xlsx
2019-09-30,-0.669516,-0.615251,-0.284642,0.233850,-0.489909,-0.410110,"Citi Velocity, exported by Charlie",france_italy_cmt_euribor_1y5y_citi_2026-10-05.xlsx
2019-10-01,-0.672133,-0.611376,-0.287790,0.250783,-0.497970,-0.409655,"Citi Velocity, exported by Charlie",france_italy_cmt_euribor_1y5y_citi_2026-10-05.xlsx
2019-10-02,-0.671522,-0.589013,-0.263820,0.302059,-0.502402,-0.402351,"Citi Velocity, exported by Charlie",france_italy_cmt_euribor_1y5y_citi_2026-10-05.xlsx
2019-10-03,-0.682855,-0.611597,-0.277429,0.251248,-0.508736,-0.425563,"Citi Velocity, exported by Charlie",france_italy_cmt_euribor_1y5y_citi_2026-10-05.xlsx
2019-10-04,-0.678739,-0.614176,-0.282758,0.253790,-0.511873,-0.428095,"Citi Velocity, exported by Charlie",france_italy_cmt_euribor_1y5y_citi_2026-10-05.xlsx
2019-10-07,-0.666558,-0.602648,-0.269856,0.285188,-0.507740,-0.417649,"Citi Velocity, exported by Charlie",france_italy_cmt_euribor_1y5y_citi_2026-10-05.xlsx
2019-10-08,-0.675859,-0.626623,-0.265831,0.285687,-0.511371,-0.429398,"Citi Velocity, exported by Charlie",france_italy_cmt_euribor_1y5y_citi_2026-10-05.xlsx
2019-10-09,-0.657899,-0.593809,-0.251446,0.297795,-0.499029,-0.400989,"Citi Velocity, exported by Charlie",france_italy_cmt_euribor_1y5y_citi_2026-10-05.xlsx
2019-10-10,-0.638299,-0.539022,-0.236951,0.366742,-0.483403,-0.349063,"Citi Velocity, exported by Charlie",france_italy_cmt_euribor_1y5y_citi_2026-10-05.xlsx
2019-10-11,-0.649659,-0.533816,-0.250483,0.348687,-0.477116,-0.335560,"Citi Velocity, exported by Charlie",france_italy_cmt_euribor_1y5y_citi_2026-10-05.xlsx
2019-10-14,-0.620508,-0.529309,-0.265434,0.328019,-0.470019,-0.334720,"Citi Velocity, exported by Charlie",france_italy_cmt_euribor_1y5y_citi_2026-10-05.xlsx
2019-10-15,-0.614124,-0.506810,-0.266446,0.343568,-0.458484,-0.305736,"Citi Velocity, exported by Charlie",france_italy_cmt_euribor_1y5y_citi_2026-10-05.xlsx
2019-10-16,-0.611444,-0.496936,-0.283031,0.317190,-0.451505,-0.286327,"Citi Velocity, exported by Charlie",france_italy_cmt_euribor_1y5y_citi_2026-10-05.xlsx
2019-10-17,-0.617856,-0.486009,-0.264893,0.305386,-0.448426,-0.279663,"Citi Velocity, exported by Charlie",france_italy_cmt_euribor_1y5y_citi_2026-10-05.xlsx
2019-10-18,-0.622966,-0.480817,-0.256910,0.329477,-0.444297,-0.270764,"Citi Velocity, exported by Charlie",france_italy_cmt_euribor_1y5y_citi_2026-10-05.xlsx
2019-10-21,-0.612145,-0.449863,-0.230715,0.377506,-0.436006,-0.244182,"Citi Velocity, exported by Charlie",france_italy_cmt_euribor_1y5y_citi_2026-10-05.xlsx
2019-10-22,-0.628414,-0.466449,-0.232825,0.333806,-0.435615,-0.260364,"Citi Velocity, exported by Charlie",france_italy_cmt_euribor_1y5y_citi_2026-10-05.xlsx
2019-10-23,-0.631051,-0.479119,-0.220760,0.364035,-0.433956,-0.278934,"Citi Velocity, exported by Charlie",france_italy_cmt_euribor_1y5y_citi_2026-10-05.xlsx
2019-10-24,-0.639696,-0.493675,-0.220311,0.348238,-0.434891,-0.279471,"Citi Velocity, exported by Charlie",france_italy_cmt_euribor_1y5y_citi_2026-10-05.xlsx
2019-10-25,-0.637600,-0.470932,-0.208483,0.372493,-0.431157,-0.252510,"Citi Velocity, exported by Charlie",france_italy_cmt_euribor_1y5y_citi_2026-10-05.xlsx
2019-10-28,-0.629516,-0.445493,-0.185283,0.421287,-0.426365,-0.229544,"Citi Velocity, exported by Charlie",france_italy_cmt_euribor_1y5y_citi_2026-10-05.xlsx
2019-10-29,-0.627224,-0.450696,-0.196414,0.410824,-0.425369,-0.232689,"Citi Velocity, exported by Charlie",france_italy_cmt_euribor_1y5y_citi_2026-10-05.xlsx
2019-10-30,-0.620698,-0.449829,-0.189270,0.424896,-0.422470,-0.229480,"Citi Velocity, exported by Charlie",france_italy_cmt_euribor_1y5y_citi_2026-10-05.xlsx
2019-10-31,-0.628435,-0.487582,-0.213732,0.366935,-0.431182,-0.259509,"Citi Velocity, exported by Charlie",france_italy_cmt_euribor_1y5y_citi_2026-10-05.xlsx
2019-11-01,-0.619906,-0.470079,-0.202674,0.406039,-0.429752,-0.258703,"Citi Velocity, exported by Charlie",france_italy_cmt_euribor_1y5y_citi_2026-10-05.xlsx
2019-11-04,-0.614409,-0.459881,-0.202878,0.400094,-0.429432,-0.241893,"Citi Velocity, exported by Charlie",france_italy_cmt_euribor_1y5y_citi_2026-10-05.xlsx
2019-11-05,-0.610473,-0.446250,-0.202819,0.413677,-0.425621,-0.232518,"Citi Velocity, exported by Charlie",france_italy_cmt_euribor_1y5y_citi_2026-10-05.xlsx
2019-11-06,-0.607620,-0.443194,-0.199793,0.424299,-0.422865,-0.228759,"Citi Velocity, exported by Charlie",france_italy_cmt_euribor_1y5y_citi_2026-10-05.xlsx
2019-11-07,-0.600476,-0.389410,-0.183052,0.513447,-0.409097,-0.179405,"Citi Velocity, exported by Charlie",france_italy_cmt_euribor_1y5y_citi_2026-10-05.xlsx
2019-11-08,-0.607640,-0.397696,-0.151426,0.570405,-0.405958,-0.182278,"Citi Velocity, exported by Charlie",france_italy_cmt_euribor_1y5y_citi_2026-10-05.xlsx
2019-11-11,-0.603873,-0.383273,-0.119700,0.642947,-0.408729,-0.179932,"Citi Velocity, exported by Charlie",france_italy_cmt_euribor_1y5y_citi_2026-10-05.xlsx
2019-11-12,-0.610302,-0.388753,-0.137555,0.608851,-0.410650,-0.184644,"Citi Velocity, exported by Charlie",france_italy_cmt_euribor_1y5y_citi_2026-10-05.xlsx
2019-11-13,-0.617217,-0.412001,-0.127230,0.635102,-0.416619,-0.212642,"Citi Velocity, exported by Charlie",france_italy_cmt_euribor_1y5y_citi_2026-10-05.xlsx
2019-11-14,-0.624252,-0.438199,-0.082721,0.712438,-0.414335,-0.230675,"Citi Velocity, exported by Charlie",france_italy_cmt_euribor_1y5y_citi_2026-10-05.xlsx
2019-11-15,-0.625195,-0.430487,-0.112874,0.646739,-0.414934,-0.223726,"Citi Velocity, exported by Charlie",france_italy_cmt_euribor_1y5y_citi_2026-10-05.xlsx
2019-11-18,-0.614954,-0.432548,-0.116984,0.627215,-0.410493,-0.221270,"Citi Velocity, exported by Charlie",france_italy_cmt_euribor_1y5y_citi_2026-10-05.xlsx
2019-11-19,-0.630112,-0.436227,-0.109805,0.647878,-0.414673,-0.221079,"Citi Velocity, exported by Charlie",france_italy_cmt_euribor_1y5y_citi_2026-10-05.xlsx
2019-11-20,-0.624998,-0.442123,-0.110779,0.625430,-0.421008,-0.226174,"Citi Velocity, exported by Charlie",france_italy_cmt_euribor_1y5y_citi_2026-10-05.xlsx
2019-11-21,-0.609597,-0.419569,-0.129421,0.596943,-0.415206,-0.209843,"Citi Velocity, exported by Charlie",france_italy_cmt_euribor_1y5y_citi_2026-10-05.xlsx
2019-11-22,-0.614871,-0.441193,-0.134453,0.604710,-0.418989,-0.225988,"Citi Velocity, exported by Charlie",france_italy_cmt_euribor_1y5y_citi_2026-10-05.xlsx
2019-11-25,-0.615817,-0.434496,-0.146903,0.574920,-0.418751,-0.224508,"Citi Velocity, exported by Charlie",france_italy_cmt_euribor_1y5y_citi_2026-10-05.xlsx
2019-11-26,-0.626714,-0.446751,-0.144139,0.583071,-0.415042,-0.238310,"Citi Velocity, exported by Charlie",france_italy_cmt_euribor_1y5y_citi_2026-10-05.xlsx
2019-11-27,-0.621258,-0.439474,-0.141018,0.623763,-0.417766,-0.238420,"Citi Velocity, exported by Charlie",france_italy_cmt_euribor_1y5y_citi_2026-10-05.xlsx
2019-11-28,-0.624233,-0.439564,-0.142385,0.636320,-0.416639,-0.238517,"Citi Velocity, exported by Charlie",france_italy_cmt_euribor_1y5y_citi_2026-10-05.xlsx
2019-11-29,-0.602079,-0.442013,-0.136509,0.639928,-0.412812,-0.227187,"Citi Velocity, exported by Charlie",france_italy_cmt_euribor_1y5y_citi_2026-10-05.xlsx
2019-12-02,-0.602536,-0.388184,-0.114314,0.723620,-0.407870,-0.182264,"Citi Velocity, exported by Charlie",france_italy_cmt_euribor_1y5y_citi_2026-10-05.xlsx
2019-12-03,-0.623111,-0.444556,-0.130780,0.686441,-0.415157,-0.232660,"Citi Velocity, exported by Charlie",france_italy_cmt_euribor_1y5y_citi_2026-10-05.xlsx
2019-12-04,-0.623626,-0.433598,-0.141783,0.671452,-0.413858,-0.213065,"Citi Velocity, exported by Charlie",france_italy_cmt_euribor_1y5y_citi_2026-10-05.xlsx
2019-12-05,-0.621632,-0.406440,-0.105569,0.759267,-0.410745,-0.190222,"Citi Velocity, exported by Charlie",france_italy_cmt_euribor_1y5y_citi_2026-10-05.xlsx
2019-12-06,-0.623935,-0.397816,-0.127726,0.720434,-0.409911,-0.182548,"Citi Velocity, exported by Charlie",france_italy_cmt_euribor_1y5y_citi_2026-10-05.xlsx
2019-12-09,-0.627756,-0.417475,-0.148520,0.661447,-0.406582,-0.196376,"Citi Velocity, exported by Charlie",france_italy_cmt_euribor_1y5y_citi_2026-10-05.xlsx
2019-12-10,-0.633092,-0.418705,-0.165420,0.632824,-0.413363,-0.196037,"Citi Velocity, exported by Charlie",france_italy_cmt_euribor_1y5y_citi_2026-10-05.xlsx
2019-12-11,-0.630448,-0.435157,-0.181402,0.594769,-0.411178,-0.211194,"Citi Velocity, exported by Charlie",france_italy_cmt_euribor_1y5y_citi_2026-10-05.xlsx
2019-12-12,-0.619102,-0.394627,-0.185767,0.609479,-0.406459,-0.181369,"Citi Velocity, exported by Charlie",france_italy_cmt_euribor_1y5y_citi_2026-10-05.xlsx
2019-12-13,-0.620952,-0.409909,-0.210092,0.558992,-0.404690,-0.186381,"Citi Velocity, exported by Charlie",france_italy_cmt_euribor_1y5y_citi_2026-10-05.xlsx
2019-12-16,-0.617118,-0.406952,-0.198713,0.584186,-0.404447,-0.178741,"Citi Velocity, exported by Charlie",france_italy_cmt_euribor_1y5y_citi_2026-10-05.xlsx
2019-12-17,-0.637821,-0.416924,-0.209536,0.567119,-0.404392,-0.185788,"Citi Velocity, exported by Charlie",france_italy_cmt_euribor_1y5y_citi_2026-10-05.xlsx
2019-12-18,-0.634607,-0.386715,-0.201412,0.599200,-0.405086,-0.160407,"Citi Velocity, exported by Charlie",france_italy_cmt_euribor_1y5y_citi_2026-10-05.xlsx
2019-12-19,-0.637282,-0.378229,-0.179706,0.647834,-0.401796,-0.154354,"Citi Velocity, exported by Charlie",france_italy_cmt_euribor_1y5y_citi_2026-10-05.xlsx
2019-12-20,-0.638629,-0.392608,-0.177094,0.664762,-0.395779,-0.156020,"Citi Velocity, exported by Charlie",france_italy_cmt_euribor_1y5y_citi_2026-10-05.xlsx
2019-12-23,-0.640631,-0.389207,-0.165023,0.687928,-0.397494,-0.149724,"Citi Velocity, exported by Charlie",france_italy_cmt_euribor_1y5y_citi_2026-10-05.xlsx
2019-12-24,,,,,-0.397271,-0.148951,"Citi Velocity, exported by Charlie",france_italy_cmt_euribor_1y5y_citi_2026-10-05.xlsx
2019-12-25,,,,,-0.397270,-0.148951,"Citi Velocity, exported by Charlie",france_italy_cmt_euribor_1y5y_citi_2026-10-05.xlsx
2019-12-26,,,,,-0.397269,-0.148951,"Citi Velocity, exported by Charlie",france_italy_cmt_euribor_1y5y_citi_2026-10-05.xlsx
2019-12-27,-0.639901,-0.397760,-0.203180,0.619467,-0.392266,-0.156328,"Citi Velocity, exported by Charlie",france_italy_cmt_euribor_1y5y_citi_2026-10-05.xlsx
2019-12-30,-0.627982,-0.344536,-0.185552,0.650203,-0.389943,-0.112056,"Citi Velocity, exported by Charlie",france_italy_cmt_euribor_1y5y_citi_2026-10-05.xlsx
2019-12-31,,,,,-0.388627,-0.111994,"Citi Velocity, exported by Charlie",france_italy_cmt_euribor_1y5y_citi_2026-10-05.xlsx
2020-01-01,,,,,-0.388627,-0.111994,"Citi Velocity, exported by Charlie",france_italy_cmt_euribor_1y5y_citi_2026-10-05.xlsx
2020-01-02,-0.609539,-0.372362,-0.191812,0.669714,-0.389506,-0.148007,"Citi Velocity, exported by Charlie",france_italy_cmt_euribor_1y5y_citi_2026-10-05.xlsx
2020-01-03,-0.619291,-0.410171,-0.229996,0.607115,-0.396087,-0.181825,"Citi Velocity, exported by Charlie",france_italy_cmt_euribor_1y5y_citi_2026-10-05.xlsx
2020-01-06,-0.615504,-0.406904,-0.228146,0.614075,-0.399405,-0.191575,"Citi Velocity, exported by Charlie",france_italy_cmt_euribor_1y5y_citi_2026-10-05.xlsx
2020-01-07,-0.619681,-0.402883,-0.220101,0.655650,-0.403535,-0.195112,"Citi Velocity, exported by Charlie",france_italy_cmt_euribor_1y5y_citi_2026-10-05.xlsx
2020-01-08,-0.608835,-0.389428,-0.215110,0.671379,-0.401764,-0.183155,"Citi Velocity, exported by Charlie",france_italy_cmt_euribor_1y5y_citi_2026-10-05.xlsx
2020-01-09,-0.601849,-0.362651,-0.214428,0.655375,-0.398047,-0.148844,"Citi Velocity, exported by Charlie",france_italy_cmt_euribor_1y5y_citi_2026-10-05.xlsx
2020-01-10,-0.599714,-0.371061,-0.219762,0.626423,-0.396471,-0.150363,"Citi Velocity, exported by Charlie",france_italy_cmt_euribor_1y5y_citi_2026-10-05.xlsx
2020-01-13,-0.589692,-0.341066,-0.203848,0.676465,-0.392292,-0.126865,"Citi Velocity, exported by Charlie",france_italy_cmt_euribor_1y5y_citi_2026-10-05.xlsx
2020-01-14,-0.589218,-0.346409,-0.205855,0.669448,-0.394602,-0.133105,"Citi Velocity, exported by Charlie",france_italy_cmt_euribor_1y5y_citi_2026-10-05.xlsx
2020-01-15,-0.588160,-0.362940,-0.212163,0.666828,-0.395082,-0.150588,"Citi Velocity, exported by Charlie",france_italy_cmt_euribor_1y5y_citi_2026-10-05.xlsx
2020-01-16,-0.585092,-0.370802,-0.187049,0.730681,-0.395039,-0.160084,"Citi Velocity, exported by Charlie",france_italy_cmt_euribor_1y5y_citi_2026-10-05.xlsx
2020-01-17,-0.582903,-0.361594,-0.194791,0.694966,-0.394561,-0.155121,"Citi Velocity, exported by Charlie",france_italy_cmt_euribor_1y5y_citi_2026-10-05.xlsx
2020-01-20,-0.578703,-0.360225,-0.198211,0.681043,-0.394747,-0.157614,"Citi Velocity, exported by Charlie",france_italy_cmt_euribor_1y5y_citi_2026-10-05.xlsx
2020-01-21,-0.573247,-0.382253,-0.184166,0.689682,-0.392437,-0.176071,"Citi Velocity, exported by Charlie",france_italy_cmt_euribor_1y5y_citi_2026-10-05.xlsx
2020-01-22,-0.569463,-0.388038,-0.165461,0.696467,-0.389670,-0.178636,"Citi Velocity, exported by Charlie",france_italy_cmt_euribor_1y5y_citi_2026-10-05.xlsx
2020-01-23,-0.584875,-0.424929,-0.201705,0.602942,-0.392916,-0.206348,"Citi Velocity, exported by Charlie",france_italy_cmt_euribor_1y5y_citi_2026-10-05.xlsx
2020-01-24,-0.587197,-0.434272,-0.204833,0.584583,-0.398140,-0.220504,"Citi Velocity, exported by Charlie",france_italy_cmt_euribor_1y5y_citi_2026-10-05.xlsx
2020-01-27,-0.595656,-0.474883,-0.255446,0.413762,-0.412592,-0.268811,"Citi Velocity, exported by Charlie",france_italy_cmt_euribor_1y5y_citi_2026-10-05.xlsx
2020-01-28,-0.601142,-0.454607,-0.266848,0.393395,-0.417151,-0.246638,"Citi Velocity, exported by Charlie",france_italy_cmt_euribor_1y5y_citi_2026-10-05.xlsx
2020-01-29,-0.601782,-0.467086,-0.284987,0.347409,-0.422191,-0.256361,"Citi Velocity, exported by Charlie",france_italy_cmt_euribor_1y5y_citi_2026-10-05.xlsx
2020-01-30,-0.611769,-0.493375,-0.286302,0.329147,-0.431510,-0.277623,"Citi Velocity, exported by Charlie",france_italy_cmt_euribor_1y5y_citi_2026-10-05.xlsx
2020-01-31,-0.623338,-0.522852,-0.292374,0.318045,-0.435684,-0.301922,"Citi Velocity, exported by Charlie",france_italy_cmt_euribor_1y5y_citi_2026-10-05.xlsx
2020-02-03,-0.609756,-0.514910,-0.286963,0.336607,-0.433869,-0.294633,"Citi Velocity, exported by Charlie",france_italy_cmt_euribor_1y5y_citi_2026-10-05.xlsx
2020-02-04,-0.608292,-0.498288,-0.286333,0.323116,-0.429940,-0.281494,"Citi Velocity, exported by Charlie",france_italy_cmt_euribor_1y5y_citi_2026-10-05.xlsx
2020-02-05,-0.603106,-0.472509,-0.285771,0.334633,-0.425828,-0.258670,"Citi Velocity, exported by Charlie",france_italy_cmt_euribor_1y5y_citi_2026-10-05.xlsx
2020-02-06,-0.595005,-0.462066,-0.280133,0.345170,-0.423122,-0.246549,"Citi Velocity, exported by Charlie",france_italy_cmt_euribor_1y5y_citi_2026-10-05.xlsx
2020-02-07,-0.603029,-0.483856,-0.280282,0.322525,-0.425967,-0.267361,"Citi Velocity, exported by Charlie",france_italy_cmt_euribor_1y5y_citi_2026-10-05.xlsx
2020-02-10,-0.603666,-0.495844,-0.279644,0.317354,-0.427164,-0.283840,"Citi Velocity, exported by Charlie",france_italy_cmt_euribor_1y5y_citi_2026-10-05.xlsx
2020-02-11,-0.601328,-0.482570,-0.280522,0.327715,-0.436091,-0.275765,"Citi Velocity, exported by Charlie",france_italy_cmt_euribor_1y5y_citi_2026-10-05.xlsx
2020-02-12,-0.600552,-0.476982,-0.296140,0.289737,-0.437103,-0.273028,"Citi Velocity, exported by Charlie",france_italy_cmt_euribor_1y5y_citi_2026-10-05.xlsx
2020-02-13,-0.607121,-0.488357,-0.299424,0.261372,-0.441959,-0.287112,"Citi Velocity, exported by Charlie",france_italy_cmt_euribor_1y5y_citi_2026-10-05.xlsx
2020-02-14,-0.621279,-0.498328,-0.289986,0.295254,-0.444989,-0.297298,"Citi Velocity, exported by Charlie",france_italy_cmt_euribor_1y5y_citi_2026-10-05.xlsx
2020-02-17,-0.606655,-0.498122,-0.293954,0.288509,-0.445906,-0.301167,"Citi Velocity, exported by Charlie",france_italy_cmt_euribor_1y5y_citi_2026-10-05.xlsx
2020-02-18,-0.599480,-0.492117,-0.285729,0.315286,-0.440925,-0.304719,"Citi Velocity, exported by Charlie",france_italy_cmt_euribor_1y5y_citi_2026-10-05.xlsx
2020-02-19,-0.602514,-0.503283,-0.280889,0.316015,-0.437660,-0.308465,"Citi Velocity, exported by Charlie",france_italy_cmt_euribor_1y5y_citi_2026-10-05.xlsx
2020-02-20,-0.605394,-0.516676,-0.282295,0.301457,-0.439678,-0.317351,"Citi Velocity, exported by Charlie",france_italy_cmt_euribor_1y5y_citi_2026-10-05.xlsx
2020-02-21,-0.608452,-0.511029,-0.282826,0.291464,-0.440285,-0.310298,"Citi Velocity, exported by Charlie",france_italy_cmt_euribor_1y5y_citi_2026-10-05.xlsx
2020-02-24,-0.627243,-0.537347,-0.242426,0.352945,-0.451086,-0.333366,"Citi Velocity, exported by Charlie",france_italy_cmt_euribor_1y5y_citi_2026-10-05.xlsx
2020-02-25,-0.638874,-0.544204,-0.240426,0.362474,-0.463330,-0.346184,"Citi Velocity, exported by Charlie",france_italy_cmt_euribor_1y5y_citi_2026-10-05.xlsx
2020-02-26,-0.634464,-0.537706,-0.230305,0.372912,-0.466659,-0.336784,"Citi Velocity, exported by Charlie",france_italy_cmt_euribor_1y5y_citi_2026-10-05.xlsx
2020-02-27,-0.626622,-0.556076,-0.188264,0.461145,-0.475971,-0.351073,"Citi Velocity, exported by Charlie",france_italy_cmt_euribor_1y5y_citi_2026-10-05.xlsx
2020-02-28,-0.625563,-0.592236,-0.153368,0.516698,-0.496356,-0.377269,"Citi Velocity, exported by Charlie",france_italy_cmt_euribor_1y5y_citi_2026-10-05.xlsx
2020-03-02,-0.692004,-0.604079,-0.131712,0.571897,-0.532737,-0.404830,"Citi Velocity, exported by Charlie",france_italy_cmt_euribor_1y5y_citi_2026-10-05.xlsx
2020-03-03,-0.695838,-0.623349,-0.199543,0.423413,-0.545259,-0.415005,"Citi Velocity, exported by Charlie",france_italy_cmt_euribor_1y5y_citi_2026-10-05.xlsx
2020-03-04,-0.722709,-0.648715,-0.211201,0.432970,-0.548403,-0.428835,"Citi Velocity, exported by Charlie",france_italy_cmt_euribor_1y5y_citi_2026-10-05.xlsx
2020-03-05,-0.710978,-0.650641,-0.172462,0.500105,-0.529670,-0.433454,"Citi Velocity, exported by Charlie",france_italy_cmt_euribor_1y5y_citi_2026-10-05.xlsx
2020-03-06,-0.695467,-0.643646,-0.107741,0.552135,-0.523555,-0.433750,"Citi Velocity, exported by Charlie",france_italy_cmt_euribor_1y5y_citi_2026-10-05.xlsx
2020-03-09,-0.753978,-0.657686,0.161552,0.900247,-0.544464,-0.453013,"Citi Velocity, exported by Charlie",france_italy_cmt_euribor_1y5y_citi_2026-10-05.xlsx
2020-03-10,-0.743108,-0.596446,0.175486,0.876030,-0.538029,-0.426131,"Citi Velocity, exported by Charlie",france_italy_cmt_euribor_1y5y_citi_2026-10-05.xlsx
2020-03-11,-0.787176,-0.602839,0.083229,0.703111,-0.555860,-0.419335,"Citi Velocity, exported by Charlie",france_italy_cmt_euribor_1y5y_citi_2026-10-05.xlsx
2020-03-12,-0.740161,-0.463984,0.469970,1.337180,-0.497114,-0.378699,"Citi Velocity, exported by Charlie",france_italy_cmt_euribor_1y5y_citi_2026-10-05.xlsx
2020-03-13,-0.713356,-0.366387,0.479307,1.365970,-0.451901,-0.305190,"Citi Velocity, exported by Charlie",france_italy_cmt_euribor_1y5y_citi_2026-10-05.xlsx
2020-03-16,-0.653937,-0.230572,0.781932,1.704160,-0.447454,-0.252235,"Citi Velocity, exported by Charlie",france_italy_cmt_euribor_1y5y_citi_2026-10-05.xlsx
2020-03-17,-0.622571,-0.180143,1.146980,1.932790,-0.449871,-0.243653,"Citi Velocity, exported by Charlie",france_italy_cmt_euribor_1y5y_citi_2026-10-05.xlsx
2020-03-18,-0.594051,-0.091976,1.059620,1.793600,-0.424195,-0.129311,"Citi Velocity, exported by Charlie",france_italy_cmt_euribor_1y5y_citi_2026-10-05.xlsx
2020-03-19,-0.491802,-0.084585,0.596346,1.205190,-0.381177,-0.045680,"Citi Velocity, exported by Charlie",france_italy_cmt_euribor_1y5y_citi_2026-10-05.xlsx
2020-03-20,-0.544347,-0.217137,0.427045,1.051360,-0.388374,-0.140494,"Citi Velocity, exported by Charlie",france_italy_cmt_euribor_1y5y_citi_2026-10-05.xlsx
2020-03-23,-0.534750,-0.227576,0.456329,1.090680,-0.393376,-0.173881,"Citi Velocity, exported by Charlie",france_italy_cmt_euribor_1y5y_citi_2026-10-05.xlsx
2020-03-24,-0.491577,-0.170461,0.429162,1.038840,-0.382064,-0.127829,"Citi Velocity, exported by Charlie",france_italy_cmt_euribor_1y5y_citi_2026-10-05.xlsx
2020-03-25,-0.486880,-0.155897,0.416544,1.031270,-0.366411,-0.100365,"Citi Velocity, exported by Charlie",france_italy_cmt_euribor_1y5y_citi_2026-10-05.xlsx
2020-03-26,-0.578270,-0.351266,0.053429,0.674128,-0.379471,-0.174867,"Citi Velocity, exported by Charlie",france_italy_cmt_euribor_1y5y_citi_2026-10-05.xlsx
2020-03-27,-0.591231,-0.405766,0.115103,0.747800,-0.390294,-0.230557,"Citi Velocity, exported by Charlie",france_italy_cmt_euribor_1y5y_citi_2026-10-05.xlsx
2020-03-30,-0.576262,-0.426462,0.190900,0.879008,-0.394302,-0.263289,"Citi Velocity, exported by Charlie",france_italy_cmt_euribor_1y5y_citi_2026-10-05.xlsx
2020-03-31,-0.550710,-0.361184,0.220088,0.934927,-0.395443,-0.238012,"Citi Velocity, exported by Charlie",france_italy_cmt_euribor_1y5y_citi_2026-10-05.xlsx
2020-04-01,-0.552694,-0.336346,0.243512,0.939470,-0.381954,-0.238953,"Citi Velocity, exported by Charlie",france_italy_cmt_euribor_1y5y_citi_2026-10-05.xlsx
2020-04-02,-0.514240,-0.289027,0.228001,0.902770,-0.371165,-0.229473,"Citi Velocity, exported by Charlie",france_italy_cmt_euribor_1y5y_citi_2026-10-05.xlsx
2020-04-03,-0.504626,-0.276740,0.331217,0.990721,-0.369045,-0.235666,"Citi Velocity, exported by Charlie",france_italy_cmt_euribor_1y5y_citi_2026-10-05.xlsx
2020-04-06,-0.482850,-0.281898,0.334302,0.975976,-0.344994,-0.220223,"Citi Velocity, exported by Charlie",france_italy_cmt_euribor_1y5y_citi_2026-10-05.xlsx
2020-04-07,-0.469587,-0.217765,0.413847,1.103940,-0.306657,-0.167498,"Citi Velocity, exported by Charlie",france_italy_cmt_euribor_1y5y_citi_2026-10-05.xlsx
2020-04-08,-0.473413,-0.210912,0.519304,1.151650,-0.288060,-0.166580,"Citi Velocity, exported by Charlie",france_italy_cmt_euribor_1y5y_citi_2026-10-05.xlsx
2020-04-09,-0.504492,-0.263482,0.472272,1.082720,-0.322181,-0.200650,"Citi Velocity, exported by Charlie",france_italy_cmt_euribor_1y5y_citi_2026-10-05.xlsx
2020-04-10,,,,,-0.322172,-0.200656,"Citi Velocity, exported by Charlie",france_italy_cmt_euribor_1y5y_citi_2026-10-05.xlsx
2020-04-13,,,,,-0.322191,-0.200652,"Citi Velocity, exported by Charlie",france_italy_cmt_euribor_1y5y_citi_2026-10-05.xlsx
2020-04-14,-0.500689,-0.271741,0.594501,1.265100,-0.348129,-0.229568,"Citi Velocity, exported by Charlie",france_italy_cmt_euribor_1y5y_citi_2026-10-05.xlsx
2020-04-15,-0.468775,-0.291049,0.743079,1.446520,-0.338196,-0.253008,"Citi Velocity, exported by Charlie",france_italy_cmt_euribor_1y5y_citi_2026-10-05.xlsx
2020-04-16,-0.462076,-0.280888,0.646980,1.386570,-0.318591,-0.248283,"Citi Velocity, exported by Charlie",france_italy_cmt_euribor_1y5y_citi_2026-10-05.xlsx
2020-04-17,-0.478274,-0.311065,0.571614,1.343660,-0.319625,-0.254226,"Citi Velocity, exported by Charlie",france_italy_cmt_euribor_1y5y_citi_2026-10-05.xlsx
2020-04-20,-0.434399,-0.259224,0.679780,1.509280,-0.302691,-0.223908,"Citi Velocity, exported by Charlie",france_italy_cmt_euribor_1y5y_citi_2026-10-05.xlsx
2020-04-21,-0.453313,-0.257352,0.794653,1.738170,-0.264055,-0.219948,"Citi Velocity, exported by Charlie",france_italy_cmt_euribor_1y5y_citi_2026-10-05.xlsx
2020-04-22,-0.439239,-0.218726,0.761024,1.651870,-0.225827,-0.168065,"Citi Velocity, exported by Charlie",france_italy_cmt_euribor_1y5y_citi_2026-10-05.xlsx
2020-04-23,-0.475011,-0.279248,0.660416,1.532950,-0.249584,-0.192741,"Citi Velocity, exported by Charlie",france_italy_cmt_euribor_1y5y_citi_2026-10-05.xlsx
2020-04-24,-0.489783,-0.332709,0.622388,1.443480,-0.310659,-0.232208,"Citi Velocity, exported by Charlie",france_italy_cmt_euribor_1y5y_citi_2026-10-05.xlsx
2020-04-27,-0.468422,-0.316665,0.499131,1.283340,-0.324748,-0.219359,"Citi Velocity, exported by Charlie",france_italy_cmt_euribor_1y5y_citi_2026-10-05.xlsx
2020-04-28,-0.493068,-0.347828,0.398371,1.231940,-0.358019,-0.253016,"Citi Velocity, exported by Charlie",france_italy_cmt_euribor_1y5y_citi_2026-10-05.xlsx
2020-04-29,-0.526794,-0.385056,0.359875,1.251860,-0.372071,-0.263956,"Citi Velocity, exported by Charlie",france_italy_cmt_euribor_1y5y_citi_2026-10-05.xlsx
2020-04-30,-0.544642,-0.463094,0.309515,1.202580,-0.395809,-0.333490,"Citi Velocity, exported by Charlie",france_italy_cmt_euribor_1y5y_citi_2026-10-05.xlsx
2020-05-01,,,,,-0.395938,-0.333476,"Citi Velocity, exported by Charlie",france_italy_cmt_euribor_1y5y_citi_2026-10-05.xlsx
2020-05-04,-0.531474,-0.431501,0.318196,1.205000,-0.400676,-0.313077,"Citi Velocity, exported by Charlie",france_italy_cmt_euribor_1y5y_citi_2026-10-05.xlsx
2020-05-05,-0.574829,-0.451811,0.370525,1.337490,-0.395398,-0.333993,"Citi Velocity, exported by Charlie",france_italy_cmt_euribor_1y5y_citi_2026-10-05.xlsx
2020-05-06,-0.534646,-0.374104,0.403912,1.450560,-0.369458,-0.296567,"Citi Velocity, exported by Charlie",france_italy_cmt_euribor_1y5y_citi_2026-10-05.xlsx
2020-05-07,-0.552989,-0.400406,0.376990,1.385300,-0.367272,-0.300862,"Citi Velocity, exported by Charlie",france_italy_cmt_euribor_1y5y_citi_2026-10-05.xlsx
2020-05-08,,,,,-0.365588,-0.305557,"Citi Velocity, exported by Charlie",france_italy_cmt_euribor_1y5y_citi_2026-10-05.xlsx
2020-05-11,-0.537433,-0.392705,0.336914,1.350340,-0.362726,-0.302744,"Citi Velocity, exported by Charlie",france_italy_cmt_euribor_1y5y_citi_2026-10-05.xlsx
2020-05-12,-0.506447,-0.388481,0.334636,1.345760,-0.348105,-0.302091,"Citi Velocity, exported by Charlie",france_italy_cmt_euribor_1y5y_citi_2026-10-05.xlsx
2020-05-13,-0.522968,-0.408562,0.300089,1.263820,-0.352438,-0.304320,"Citi Velocity, exported by Charlie",france_italy_cmt_euribor_1y5y_citi_2026-10-05.xlsx
2020-05-14,-0.518207,-0.392868,0.317220,1.308400,-0.351104,-0.299012,"Citi Velocity, exported by Charlie",france_italy_cmt_euribor_1y5y_citi_2026-10-05.xlsx
2020-05-15,-0.508173,-0.373662,0.339675,1.370630,-0.351851,-0.296655,"Citi Velocity, exported by Charlie",france_italy_cmt_euribor_1y5y_citi_2026-10-05.xlsx
2020-05-18,-0.507011,-0.349959,0.273517,1.287260,-0.355476,-0.280707,"Citi Velocity, exported by Charlie",france_italy_cmt_euribor_1y5y_citi_2026-10-05.xlsx
2020-05-19,-0.519290,-0.358474,0.184279,1.163400,-0.352265,-0.268285,"Citi Velocity, exported by Charlie",france_italy_cmt_euribor_1y5y_citi_2026-10-05.xlsx
2020-05-20,-0.526258,-0.378916,0.197423,1.156880,-0.364354,-0.272380,"Citi Velocity, exported by Charlie",france_italy_cmt_euribor_1y5y_citi_2026-10-05.xlsx
2020-05-21,-0.536313,-0.401924,0.196479,1.150520,-0.369422,-0.288507,"Citi Velocity, exported by Charlie",france_italy_cmt_euribor_1y5y_citi_2026-10-05.xlsx
2020-05-22,-0.535280,-0.391368,0.211515,1.114530,-0.364753,-0.288843,"Citi Velocity, exported by Charlie",france_italy_cmt_euribor_1y5y_citi_2026-10-05.xlsx
2020-05-25,,,0.203500,1.089650,-0.360162,-0.280177,"Citi Velocity, exported by Charlie",france_italy_cmt_euribor_1y5y_citi_2026-10-05.xlsx
2020-05-26,-0.512374,-0.349883,0.204244,1.045550,-0.354300,-0.257353,"Citi Velocity, exported by Charlie",france_italy_cmt_euribor_1y5y_citi_2026-10-05.xlsx
2020-05-27,-0.523436,-0.371041,0.170694,0.978608,-0.359591,-0.268365,"Citi Velocity, exported by Charlie",france_italy_cmt_euribor_1y5y_citi_2026-10-05.xlsx
2020-05-28,-0.520041,-0.404520,0.149891,0.925460,-0.367361,-0.271022,"Citi Velocity, exported by Charlie",france_italy_cmt_euribor_1y5y_citi_2026-10-05.xlsx
2020-05-29,-0.514251,-0.421090,0.177267,0.978186,-0.382612,-0.288284,"Citi Velocity, exported by Charlie",france_italy_cmt_euribor_1y5y_citi_2026-10-05.xlsx
2020-06-01,-0.519367,-0.390909,0.131542,0.904987,-0.387868,-0.264611,"Citi Velocity, exported by Charlie",france_italy_cmt_euribor_1y5y_citi_2026-10-05.xlsx
2020-06-02,-0.521072,-0.399542,0.167944,0.947631,-0.390899,-0.273119,"Citi Velocity, exported by Charlie",france_italy_cmt_euribor_1y5y_citi_2026-10-05.xlsx
2020-06-03,-0.513985,-0.355468,0.170992,0.988277,-0.391083,-0.241003,"Citi Velocity, exported by Charlie",france_italy_cmt_euribor_1y5y_citi_2026-10-05.xlsx
2020-06-04,-0.505997,-0.381619,0.089123,0.829782,-0.397564,-0.245958,"Citi Velocity, exported by Charlie",france_italy_cmt_euribor_1y5y_citi_2026-10-05.xlsx
2020-06-05,-0.514721,-0.360559,0.062416,0.822341,-0.395595,-0.227754,"Citi Velocity, exported by Charlie",france_italy_cmt_euribor_1y5y_citi_2026-10-05.xlsx
2020-06-08,-0.520899,-0.393548,0.029089,0.794155,-0.404962,-0.255045,"Citi Velocity, exported by Charlie",france_italy_cmt_euribor_1y5y_citi_2026-10-05.xlsx
2020-06-09,-0.517329,-0.375619,0.034148,0.836859,-0.396532,-0.242754,"Citi Velocity, exported by Charlie",france_italy_cmt_euribor_1y5y_citi_2026-10-05.xlsx
2020-06-10,-0.521451,-0.362935,0.071580,0.912041,-0.391108,-0.248064,"Citi Velocity, exported by Charlie",france_italy_cmt_euribor_1y5y_citi_2026-10-05.xlsx
2020-06-11,-0.526413,-0.424768,0.041095,0.868980,-0.401288,-0.294377,"Citi Velocity, exported by Charlie",france_italy_cmt_euribor_1y5y_citi_2026-10-05.xlsx
2020-06-12,-0.546285,-0.455634,0.029327,0.832509,-0.412018,-0.307458,"Citi Velocity, exported by Charlie",france_italy_cmt_euribor_1y5y_citi_2026-10-05.xlsx
2020-06-15,-0.531377,-0.450920,-0.009168,0.803062,-0.405852,-0.307677,"Citi Velocity, exported by Charlie",france_italy_cmt_euribor_1y5y_citi_2026-10-05.xlsx
2020-06-16,-0.546122,-0.460273,-0.055862,0.766899,-0.414031,-0.300475,"Citi Velocity, exported by Charlie",france_italy_cmt_euribor_1y5y_citi_2026-10-05.xlsx
2020-06-17,-0.551830,-0.464727,-0.081203,0.775358,-0.429678,-0.308008,"Citi Velocity, exported by Charlie",france_italy_cmt_euribor_1y5y_citi_2026-10-05.xlsx
2020-06-18,-0.548410,-0.460919,-0.087688,0.770463,-0.437413,-0.320728,"Citi Velocity, exported by Charlie",france_italy_cmt_euribor_1y5y_citi_2026-10-05.xlsx
2020-06-19,-0.569894,-0.468524,-0.089484,0.758469,-0.448682,-0.328019,"Citi Velocity, exported by Charlie",france_italy_cmt_euribor_1y5y_citi_2026-10-05.xlsx
2020-06-22,-0.599864,-0.503956,-0.138503,0.691769,-0.451800,-0.350325,"Citi Velocity, exported by Charlie",france_italy_cmt_euribor_1y5y_citi_2026-10-05.xlsx
2020-06-23,-0.573083,-0.476080,-0.140740,0.679388,-0.447054,-0.335754,"Citi Velocity, exported by Charlie",france_italy_cmt_euribor_1y5y_citi_2026-10-05.xlsx
2020-06-24,-0.583610,-0.489399,-0.132670,0.680063,-0.447067,-0.342953,"Citi Velocity, exported by Charlie",france_italy_cmt_euribor_1y5y_citi_2026-10-05.xlsx
2020-06-25,-0.589750,-0.506882,-0.096682,0.722305,-0.446385,-0.346302,"Citi Velocity, exported by Charlie",france_italy_cmt_euribor_1y5y_citi_2026-10-05.xlsx
2020-06-26,-0.596280,-0.516029,-0.103323,0.705911,-0.456862,-0.357939,"Citi Velocity, exported by Charlie",france_italy_cmt_euribor_1y5y_citi_2026-10-05.xlsx
2020-06-29,-0.596327,-0.515970,-0.110443,0.709277,-0.459693,-0.355629,"Citi Velocity, exported by Charlie",france_italy_cmt_euribor_1y5y_citi_2026-10-05.xlsx
2020-06-30,-0.583192,-0.512181,-0.106039,0.681970,-0.462529,-0.363032,"Citi Velocity, exported by Charlie",france_italy_cmt_euribor_1y5y_citi_2026-10-05.xlsx
2020-07-01,-0.581675,-0.452484,-0.095493,0.705841,-0.454967,-0.322607,"Citi Velocity, exported by Charlie",france_italy_cmt_euribor_1y5y_citi_2026-10-05.xlsx
2020-07-02,-0.591109,-0.498207,-0.114568,0.665050,-0.464400,-0.352000,"Citi Velocity, exported by Charlie",france_italy_cmt_euribor_1y5y_citi_2026-10-05.xlsx
2020-07-03,-0.588241,-0.495810,-0.095659,0.709347,-0.465718,-0.350588,"Citi Velocity, exported by Charlie",france_italy_cmt_euribor_1y5y_citi_2026-10-05.xlsx
2020-07-06,-0.588904,-0.497083,-0.111195,0.680990,-0.464021,-0.346231,"Citi Velocity, exported by Charlie",france_italy_cmt_euribor_1y5y_citi_2026-10-05.xlsx
2020-07-07,-0.585970,-0.489510,-0.111492,0.659279,-0.460666,-0.337509,"Citi Velocity, exported by Charlie",france_italy_cmt_euribor_1y5y_citi_2026-10-05.xlsx
2020-07-08,-0.580985,-0.491809,-0.106693,0.651110,-0.456178,-0.344440,"Citi Velocity, exported by Charlie",france_italy_cmt_euribor_1y5y_citi_2026-10-05.xlsx
2020-07-09,-0.584013,-0.505461,-0.096291,0.656073,-0.455469,-0.356151,"Citi Velocity, exported by Charlie",france_italy_cmt_euribor_1y5y_citi_2026-10-05.xlsx
2020-07-10,-0.590444,-0.505597,-0.086225,0.675287,-0.460150,-0.360488,"Citi Velocity, exported by Charlie",france_italy_cmt_euribor_1y5y_citi_2026-10-05.xlsx
2020-07-13,-0.573434,-0.463654,-0.082821,0.684019,-0.445301,-0.327069,"Citi Velocity, exported by Charlie",france_italy_cmt_euribor_1y5y_citi_2026-10-05.xlsx
2020-07-14,-0.583466,-0.493115,-0.091389,0.662471,-0.443112,-0.342144,"Citi Velocity, exported by Charlie",france_italy_cmt_euribor_1y5y_citi_2026-10-05.xlsx
2020-07-15,-0.598569,-0.497745,-0.094773,0.668181,-0.449888,-0.350188,"Citi Velocity, exported by Charlie",france_italy_cmt_euribor_1y5y_citi_2026-10-05.xlsx
2020-07-16,-0.612879,-0.529001,-0.117930,0.650708,-0.459447,-0.367649,"Citi Velocity, exported by Charlie",france_italy_cmt_euribor_1y5y_citi_2026-10-05.xlsx
2020-07-17,-0.598879,-0.508082,-0.119199,0.657511,-0.454261,-0.354536,"Citi Velocity, exported by Charlie",france_italy_cmt_euribor_1y5y_citi_2026-10-05.xlsx
2020-07-20,-0.603828,-0.523503,-0.158013,0.568028,-0.454419,-0.365762,"Citi Velocity, exported by Charlie",france_italy_cmt_euribor_1y5y_citi_2026-10-05.xlsx
2020-07-21,-0.603020,-0.522571,-0.169973,0.555437,-0.463052,-0.375645,"Citi Velocity, exported by Charlie",france_italy_cmt_euribor_1y5y_citi_2026-10-05.xlsx
2020-07-22,-0.627342,-0.548509,-0.175627,0.504324,-0.469275,-0.391916,"Citi Velocity, exported by Charlie",france_italy_cmt_euribor_1y5y_citi_2026-10-05.xlsx
2020-07-23,-0.611441,-0.533204,-0.196768,0.452990,-0.463988,-0.379968,"Citi Velocity, exported by Charlie",france_italy_cmt_euribor_1y5y_citi_2026-10-05.xlsx
2020-07-24,-0.603277,-0.494813,-0.183475,0.474820,-0.456492,-0.359294,"Citi Velocity, exported by Charlie",france_italy_cmt_euribor_1y5y_citi_2026-10-05.xlsx
2020-07-27,-0.605856,-0.528288,-0.180614,0.467401,-0.461847,-0.378518,"Citi Velocity, exported by Charlie",france_italy_cmt_euribor_1y5y_citi_2026-10-05.xlsx
2020-07-28,-0.612947,-0.540693,-0.172773,0.494769,-0.466029,-0.391259,"Citi Velocity, exported by Charlie",france_italy_cmt_euribor_1y5y_citi_2026-10-05.xlsx
2020-07-29,-0.613567,-0.532274,-0.188338,0.480256,-0.466163,-0.378879,"Citi Velocity, exported by Charlie",france_italy_cmt_euribor_1y5y_citi_2026-10-05.xlsx
2020-07-30,-0.623559,-0.562043,-0.190946,0.457597,-0.477293,-0.409368,"Citi Velocity, exported by Charlie",france_italy_cmt_euribor_1y5y_citi_2026-10-05.xlsx
2020-07-31,-0.615747,-0.560546,-0.180112,0.489574,-0.475773,-0.405465,"Citi Velocity, exported by Charlie",france_italy_cmt_euribor_1y5y_citi_2026-10-05.xlsx
2020-08-03,-0.600614,-0.550882,-0.181413,0.493537,-0.476351,-0.396226,"Citi Velocity, exported by Charlie",france_italy_cmt_euribor_1y5y_citi_2026-10-05.xlsx
2020-08-04,-0.604492,-0.576002,-0.199472,0.444684,-0.480313,-0.411646,"Citi Velocity, exported by Charlie",france_italy_cmt_euribor_1y5y_citi_2026-10-05.xlsx
2020-08-05,-0.595315,-0.544870,-0.190991,0.454715,-0.473990,-0.387236,"Citi Velocity, exported by Charlie",france_italy_cmt_euribor_1y5y_citi_2026-10-05.xlsx
2020-08-06,-0.610522,-0.561586,-0.202660,0.411918,-0.476035,-0.399699,"Citi Velocity, exported by Charlie",france_italy_cmt_euribor_1y5y_citi_2026-10-05.xlsx
2020-08-07,-0.621929,-0.547440,-0.207541,0.396468,-0.473306,-0.384327,"Citi Velocity, exported by Charlie",france_italy_cmt_euribor_1y5y_citi_2026-10-05.xlsx
2020-08-10,-0.628163,-0.569098,-0.211495,0.401386,-0.479641,-0.401247,"Citi Velocity, exported by Charlie",france_italy_cmt_euribor_1y5y_citi_2026-10-05.xlsx
2020-08-11,-0.624240,-0.543890,-0.203180,0.420816,-0.476431,-0.373527,"Citi Velocity, exported by Charlie",france_italy_cmt_euribor_1y5y_citi_2026-10-05.xlsx
2020-08-12,-0.610475,-0.529322,-0.202077,0.425901,-0.474518,-0.365846,"Citi Velocity, exported by Charlie",france_italy_cmt_euribor_1y5y_citi_2026-10-05.xlsx
2020-08-13,-0.596444,-0.488919,-0.193683,0.475819,-0.471456,-0.340118,"Citi Velocity, exported by Charlie",france_italy_cmt_euribor_1y5y_citi_2026-10-05.xlsx
2020-08-14,-0.599681,-0.488278,-0.216812,0.453514,-0.473555,-0.347822,"Citi Velocity, exported by Charlie",france_italy_cmt_euribor_1y5y_citi_2026-10-05.xlsx
2020-08-17,-0.608026,-0.515373,-0.242073,0.398230,-0.477626,-0.366651,"Citi Velocity, exported by Charlie",france_italy_cmt_euribor_1y5y_citi_2026-10-05.xlsx
2020-08-18,-0.611800,-0.526663,-0.247751,0.395444,-0.479166,-0.375374,"Citi Velocity, exported by Charlie",france_italy_cmt_euribor_1y5y_citi_2026-10-05.xlsx
2020-08-19,-0.612998,-0.530313,-0.248405,0.389642,-0.482965,-0.382339,"Citi Velocity, exported by Charlie",france_italy_cmt_euribor_1y5y_citi_2026-10-05.xlsx
2020-08-20,-0.612898,-0.546573,-0.255341,0.389035,-0.490560,-0.398483,"Citi Velocity, exported by Charlie",france_italy_cmt_euribor_1y5y_citi_2026-10-05.xlsx
2020-08-21,-0.615956,-0.548890,-0.240666,0.408858,-0.494205,-0.404722,"Citi Velocity, exported by Charlie",france_italy_cmt_euribor_1y5y_citi_2026-10-05.xlsx
2020-08-24,-0.606112,-0.543837,-0.236228,0.415632,-0.492686,-0.399435,"Citi Velocity, exported by Charlie",france_italy_cmt_euribor_1y5y_citi_2026-10-05.xlsx
2020-08-25,-0.585320,-0.493447,-0.196908,0.502436,-0.483489,-0.367819,"Citi Velocity, exported by Charlie",france_italy_cmt_euribor_1y5y_citi_2026-10-05.xlsx
2020-08-26,-0.588695,-0.491688,-0.206223,0.486891,-0.477697,-0.359242,"Citi Velocity, exported by Charlie",france_italy_cmt_euribor_1y5y_citi_2026-10-05.xlsx
2020-08-27,-0.586187,-0.485904,-0.223002,0.481952,-0.477840,-0.351012,"Citi Velocity, exported by Charlie",france_italy_cmt_euribor_1y5y_citi_2026-10-05.xlsx
2020-08-28,-0.597105,-0.495952,-0.223137,0.477841,-0.481550,-0.366902,"Citi Velocity, exported by Charlie",france_italy_cmt_euribor_1y5y_citi_2026-10-05.xlsx
2020-08-31,,,-0.208343,0.521957,-0.480270,-0.361387,"Citi Velocity, exported by Charlie",france_italy_cmt_euribor_1y5y_citi_2026-10-05.xlsx
2020-09-01,-0.600446,-0.504210,-0.223727,0.480367,-0.486571,-0.374642,"Citi Velocity, exported by Charlie",france_italy_cmt_euribor_1y5y_citi_2026-10-05.xlsx
2020-09-02,-0.617672,-0.556282,-0.244296,0.429354,-0.494550,-0.410813,"Citi Velocity, exported by Charlie",france_italy_cmt_euribor_1y5y_citi_2026-10-05.xlsx
2020-09-03,-0.625771,-0.571424,-0.239674,0.437171,-0.504404,-0.422118,"Citi Velocity, exported by Charlie",france_italy_cmt_euribor_1y5y_citi_2026-10-05.xlsx
2020-09-04,-0.618644,-0.550123,-0.215580,0.476666,-0.506119,-0.411406,"Citi Velocity, exported by Charlie",france_italy_cmt_euribor_1y5y_citi_2026-10-05.xlsx
2020-09-07,-0.613384,-0.542789,-0.193832,0.509357,-0.505248,-0.413878,"Citi Velocity, exported by Charlie",france_italy_cmt_euribor_1y5y_citi_2026-10-05.xlsx
2020-09-08,-0.620108,-0.560365,-0.200914,0.499295,-0.506658,-0.427460,"Citi Velocity, exported by Charlie",france_italy_cmt_euribor_1y5y_citi_2026-10-05.xlsx
2020-09-09,-0.632183,-0.540117,-0.212351,0.479500,-0.503512,-0.405089,"Citi Velocity, exported by Charlie",france_italy_cmt_euribor_1y5y_citi_2026-10-05.xlsx
2020-09-10,-0.609113,-0.504221,-0.221642,0.462090,-0.495621,-0.382274,"Citi Velocity, exported by Charlie",france_italy_cmt_euribor_1y5y_citi_2026-10-05.xlsx
2020-09-11,-0.624077,-0.540976,-0.233295,0.437537,-0.502225,-0.414048,"Citi Velocity, exported by Charlie",france_italy_cmt_euribor_1y5y_citi_2026-10-05.xlsx
2020-09-14,-0.616277,-0.545989,-0.246017,0.412590,-0.507624,-0.416836,"Citi Velocity, exported by Charlie",france_italy_cmt_euribor_1y5y_citi_2026-10-05.xlsx
2020-09-15,-0.618935,-0.550976,-0.250720,0.399340,-0.508245,-0.417131,"Citi Velocity, exported by Charlie",france_italy_cmt_euribor_1y5y_citi_2026-10-05.xlsx
2020-09-16,-0.622696,-0.551185,-0.261222,0.368711,-0.510964,-0.412416,"Citi Velocity, exported by Charlie",france_italy_cmt_euribor_1y5y_citi_2026-10-05.xlsx
2020-09-17,-0.621151,-0.574325,-0.279587,0.345992,-0.522056,-0.428393,"Citi Velocity, exported by Charlie",france_italy_cmt_euribor_1y5y_citi_2026-10-05.xlsx
2020-09-18,-0.627880,-0.570801,-0.269166,0.365401,-0.525711,-0.424063,"Citi Velocity, exported by Charlie",france_italy_cmt_euribor_1y5y_citi_2026-10-05.xlsx
2020-09-21,-0.633661,-0.594796,-0.278255,0.335753,-0.535552,-0.441506,"Citi Velocity, exported by Charlie",france_italy_cmt_euribor_1y5y_citi_2026-10-05.xlsx
2020-09-22,-0.636060,-0.586391,-0.290181,0.270971,-0.528012,-0.431672,"Citi Velocity, exported by Charlie",france_italy_cmt_euribor_1y5y_citi_2026-10-05.xlsx
2020-09-23,-0.634260,-0.579001,-0.291413,0.265130,-0.522071,-0.423740,"Citi Velocity, exported by Charlie",france_italy_cmt_euribor_1y5y_citi_2026-10-05.xlsx
2020-09-24,-0.635775,-0.576048,-0.287941,0.288495,-0.521054,-0.425352,"Citi Velocity, exported by Charlie",france_italy_cmt_euribor_1y5y_citi_2026-10-05.xlsx
2020-09-25,-0.635903,-0.582328,-0.281362,0.305643,-0.522571,-0.435097,"Citi Velocity, exported by Charlie",france_italy_cmt_euribor_1y5y_citi_2026-10-05.xlsx
2020-09-28,-0.634093,-0.583391,-0.285871,0.294310,-0.519500,-0.430133,"Citi Velocity, exported by Charlie",france_italy_cmt_euribor_1y5y_citi_2026-10-05.xlsx
2020-09-29,-0.644769,-0.594772,-0.300652,0.259341,-0.521619,-0.440815,"Citi Velocity, exported by Charlie",france_italy_cmt_euribor_1y5y_citi_2026-10-05.xlsx
2020-09-30,-0.638449,-0.576132,-0.287211,0.292522,-0.517819,-0.429120,"Citi Velocity, exported by Charlie",france_italy_cmt_euribor_1y5y_citi_2026-10-05.xlsx
2020-10-01,-0.642863,-0.590771,-0.306666,0.257790,-0.521329,-0.435837,"Citi Velocity, exported by Charlie",france_italy_cmt_euribor_1y5y_citi_2026-10-05.xlsx
2020-10-02,-0.646048,-0.594001,-0.321695,0.219254,-0.525956,-0.434529,"Citi Velocity, exported by Charlie",france_italy_cmt_euribor_1y5y_citi_2026-10-05.xlsx
2020-10-05,-0.643732,-0.578587,-0.335267,0.221934,-0.526167,-0.432527,"Citi Velocity, exported by Charlie",france_italy_cmt_euribor_1y5y_citi_2026-10-05.xlsx
2020-10-06,-0.649955,-0.582595,-0.336275,0.210469,-0.525145,-0.426113,"Citi Velocity, exported by Charlie",france_italy_cmt_euribor_1y5y_citi_2026-10-05.xlsx
2020-10-07,-0.647142,-0.572172,-0.356610,0.194038,-0.528797,-0.423873,"Citi Velocity, exported by Charlie",france_italy_cmt_euribor_1y5y_citi_2026-10-05.xlsx
2020-10-08,-0.654463,-0.589465,-0.370743,0.176499,-0.530451,-0.435315,"Citi Velocity, exported by Charlie",france_italy_cmt_euribor_1y5y_citi_2026-10-05.xlsx
2020-10-09,-0.660411,-0.606350,-0.396695,0.138183,-0.532629,-0.443325,"Citi Velocity, exported by Charlie",france_italy_cmt_euribor_1y5y_citi_2026-10-05.xlsx
2020-10-12,-0.672501,-0.612488,-0.409197,0.104913,-0.533188,-0.444951,"Citi Velocity, exported by Charlie",france_italy_cmt_euribor_1y5y_citi_2026-10-05.xlsx
2020-10-13,-0.674345,-0.622715,-0.408242,0.101344,-0.533621,-0.457599,"Citi Velocity, exported by Charlie",france_italy_cmt_euribor_1y5y_citi_2026-10-05.xlsx
2020-10-14,-0.676776,-0.634197,-0.412771,0.088202,-0.536844,-0.466760,"Citi Velocity, exported by Charlie",france_italy_cmt_euribor_1y5y_citi_2026-10-05.xlsx
2020-10-15,-0.684241,-0.652686,-0.370544,0.153242,-0.538533,-0.478322,"Citi Velocity, exported by Charlie",france_italy_cmt_euribor_1y5y_citi_2026-10-05.xlsx
2020-10-16,-0.690316,-0.661640,-0.402160,0.092792,-0.539142,-0.484523,"Citi Velocity, exported by Charlie",france_italy_cmt_euribor_1y5y_citi_2026-10-05.xlsx
2020-10-19,-0.695614,-0.658425,-0.384554,0.150472,-0.540682,-0.490182,"Citi Velocity, exported by Charlie",france_italy_cmt_euribor_1y5y_citi_2026-10-05.xlsx
2020-10-20,-0.684515,-0.653689,-0.382084,0.166201,-0.534276,-0.472974,"Citi Velocity, exported by Charlie",france_italy_cmt_euribor_1y5y_citi_2026-10-05.xlsx
2020-10-21,-0.692486,-0.649527,-0.386712,0.188770,-0.532838,-0.467622,"Citi Velocity, exported by Charlie",france_italy_cmt_euribor_1y5y_citi_2026-10-05.xlsx
2020-10-22,-0.682650,-0.618878,-0.396726,0.214187,-0.534262,-0.451038,"Citi Velocity, exported by Charlie",france_italy_cmt_euribor_1y5y_citi_2026-10-05.xlsx
2020-10-23,-0.677534,-0.625503,-0.410333,0.181886,-0.533390,-0.449282,"Citi Velocity, exported by Charlie",france_italy_cmt_euribor_1y5y_citi_2026-10-05.xlsx
2020-10-26,-0.679471,-0.621975,-0.428653,0.145841,-0.530430,-0.453693,"Citi Velocity, exported by Charlie",france_italy_cmt_euribor_1y5y_citi_2026-10-05.xlsx
2020-10-27,-0.692886,-0.651951,-0.429151,0.130792,-0.536560,-0.479798,"Citi Velocity, exported by Charlie",france_italy_cmt_euribor_1y5y_citi_2026-10-05.xlsx
2020-10-28,-0.697227,-0.644100,-0.397466,0.192874,-0.540260,-0.481582,"Citi Velocity, exported by Charlie",france_italy_cmt_euribor_1y5y_citi_2026-10-05.xlsx
2020-10-29,-0.714244,-0.674570,-0.418545,0.135269,-0.552202,-0.493671,"Citi Velocity, exported by Charlie",france_italy_cmt_euribor_1y5y_citi_2026-10-05.xlsx
2020-10-30,-0.692376,-0.665557,-0.415063,0.130296,-0.552434,-0.486900,"Citi Velocity, exported by Charlie",france_italy_cmt_euribor_1y5y_citi_2026-10-05.xlsx
2020-11-02,-0.705124,-0.672148,-0.415502,0.124975,-0.552438,-0.485675,"Citi Velocity, exported by Charlie",france_italy_cmt_euribor_1y5y_citi_2026-10-05.xlsx
2020-11-03,-0.709318,-0.667134,-0.418354,0.102887,-0.550703,-0.476784,"Citi Velocity, exported by Charlie",france_italy_cmt_euribor_1y5y_citi_2026-10-05.xlsx
2020-11-04,-0.706775,-0.679976,-0.424709,0.079104,-0.549092,-0.486365,"Citi Velocity, exported by Charlie",france_italy_cmt_euribor_1y5y_citi_2026-10-05.xlsx
2020-11-05,-0.699329,-0.676209,-0.445183,0.059041,-0.550050,-0.486353,"Citi Velocity, exported by Charlie",france_italy_cmt_euribor_1y5y_citi_2026-10-05.xlsx
2020-11-06,-0.690265,-0.667477,-0.449169,0.055410,-0.549000,-0.482551,"Citi Velocity, exported by Charlie",france_italy_cmt_euribor_1y5y_citi_2026-10-05.xlsx
2020-11-09,-0.665117,-0.594513,-0.430058,0.134424,-0.532201,-0.436898,"Citi Velocity, exported by Charlie",france_italy_cmt_euribor_1y5y_citi_2026-10-05.xlsx
2020-11-10,-0.654243,-0.579287,-0.441159,0.132087,-0.528867,-0.418729,"Citi Velocity, exported by Charlie",france_italy_cmt_euribor_1y5y_citi_2026-10-05.xlsx
2020-11-11,-0.662835,-0.590259,-0.448834,0.108008,-0.528178,-0.425691,"Citi Velocity, exported by Charlie",france_italy_cmt_euribor_1y5y_citi_2026-10-05.xlsx
2020-11-12,-0.665319,-0.605188,-0.457464,0.069713,-0.528812,-0.436847,"Citi Velocity, exported by Charlie",france_italy_cmt_euribor_1y5y_citi_2026-10-05.xlsx
2020-11-13,-0.671570,-0.614789,-0.462311,0.047929,-0.534984,-0.445354,"Citi Velocity, exported by Charlie",france_italy_cmt_euribor_1y5y_citi_2026-10-05.xlsx
2020-11-16,-0.660445,-0.624586,-0.474347,0.028862,-0.536823,-0.444437,"Citi Velocity, exported by Charlie",france_italy_cmt_euribor_1y5y_citi_2026-10-05.xlsx
2020-11-17,-0.662507,-0.635458,-0.478968,0.021115,-0.538603,-0.452190,"Citi Velocity, exported by Charlie",france_italy_cmt_euribor_1y5y_citi_2026-10-05.xlsx
2020-11-18,-0.669448,-0.633539,-0.479204,0.026215,-0.543705,-0.453244,"Citi Velocity, exported by Charlie",france_italy_cmt_euribor_1y5y_citi_2026-10-05.xlsx
2020-11-19,-0.667756,-0.638924,-0.478433,0.031364,-0.543783,-0.457566,"Citi Velocity, exported by Charlie",france_italy_cmt_euribor_1y5y_citi_2026-10-05.xlsx
2020-11-20,-0.682318,-0.649950,-0.478220,0.022943,-0.548500,-0.466059,"Citi Velocity, exported by Charlie",france_italy_cmt_euribor_1y5y_citi_2026-10-05.xlsx
2020-11-23,-0.679887,-0.648706,-0.480318,0.010153,-0.542241,-0.458666,"Citi Velocity, exported by Charlie",france_italy_cmt_euribor_1y5y_citi_2026-10-05.xlsx
2020-11-24,-0.678877,-0.639455,-0.477707,-0.000674,-0.541885,-0.454220,"Citi Velocity, exported by Charlie",france_italy_cmt_euribor_1y5y_citi_2026-10-05.xlsx
2020-11-25,-0.687433,-0.638959,-0.470345,0.006569,-0.539910,-0.453896,"Citi Velocity, exported by Charlie",france_italy_cmt_euribor_1y5y_citi_2026-10-05.xlsx
2020-11-26,-0.689230,-0.646397,-0.473483,0.000622,-0.543777,-0.459107,"Citi Velocity, exported by Charlie",france_italy_cmt_euribor_1y5y_citi_2026-10-05.xlsx
2020-11-27,-0.686863,-0.642976,-0.476026,-0.005405,-0.543086,-0.460918,"Citi Velocity, exported by Charlie",france_italy_cmt_euribor_1y5y_citi_2026-10-05.xlsx
2020-11-30,-0.688185,-0.631129,-0.466023,0.012773,-0.543146,-0.455784,"Citi Velocity, exported by Charlie",france_italy_cmt_euribor_1y5y_citi_2026-10-05.xlsx
2020-12-01,-0.672237,-0.597826,-0.451372,0.047522,-0.540236,-0.442451,"Citi Velocity, exported by Charlie",france_italy_cmt_euribor_1y5y_citi_2026-10-05.xlsx
2020-12-02,-0.683553,-0.601668,-0.456139,0.034356,-0.540869,-0.440434,"Citi Velocity, exported by Charlie",france_italy_cmt_euribor_1y5y_citi_2026-10-05.xlsx
2020-12-03,-0.694148,-0.625526,-0.469463,0.005624,-0.545848,-0.451819,"Citi Velocity, exported by Charlie",france_italy_cmt_euribor_1y5y_citi_2026-10-05.xlsx
2020-12-04,-0.704589,-0.627203,-0.467939,0.024482,-0.553340,-0.454657,"Citi Velocity, exported by Charlie",france_italy_cmt_euribor_1y5y_citi_2026-10-05.xlsx
2020-12-07,-0.720378,-0.649373,-0.493019,0.008248,-0.559745,-0.472180,"Citi Velocity, exported by Charlie",france_italy_cmt_euribor_1y5y_citi_2026-10-05.xlsx
2020-12-08,-0.739901,-0.672508,-0.496071,-0.009115,-0.564606,-0.487203,"Citi Velocity, exported by Charlie",france_italy_cmt_euribor_1y5y_citi_2026-10-05.xlsx
2020-12-09,-0.736768,-0.671180,-0.493351,-0.022521,-0.568832,-0.486265,"Citi Velocity, exported by Charlie",france_italy_cmt_euribor_1y5y_citi_2026-10-05.xlsx
2020-12-10,-0.716286,-0.664662,-0.490917,-0.035709,-0.567355,-0.486871,"Citi Velocity, exported by Charlie",france_italy_cmt_euribor_1y5y_citi_2026-10-05.xlsx
2020-12-11,-0.729340,-0.688952,-0.495162,-0.043457,-0.573748,-0.498712,"Citi Velocity, exported by Charlie",france_italy_cmt_euribor_1y5y_citi_2026-10-05.xlsx
2020-12-14,-0.742360,-0.680812,-0.503005,-0.050228,-0.570289,-0.496084,"Citi Velocity, exported by Charlie",france_italy_cmt_euribor_1y5y_citi_2026-10-05.xlsx
2020-12-15,-0.733243,-0.670902,-0.524304,-0.070046,-0.568088,-0.489379,"Citi Velocity, exported by Charlie",france_italy_cmt_euribor_1y5y_citi_2026-10-05.xlsx
2020-12-16,-0.720892,-0.637706,-0.520863,-0.055059,-0.555475,-0.465895,"Citi Velocity, exported by Charlie",france_italy_cmt_euribor_1y5y_citi_2026-10-05.xlsx
2020-12-17,-0.712932,-0.644593,-0.529410,-0.057273,-0.552549,-0.467385,"Citi Velocity, exported by Charlie",france_italy_cmt_euribor_1y5y_citi_2026-10-05.xlsx
2020-12-18,-0.713547,-0.643126,-0.513388,-0.032692,-0.549260,-0.458979,"Citi Velocity, exported by Charlie",france_italy_cmt_euribor_1y5y_citi_2026-10-05.xlsx
2020-12-21,-0.704796,-0.646407,-0.506501,-0.017222,-0.548331,-0.459600,"Citi Velocity, exported by Charlie",france_italy_cmt_euribor_1y5y_citi_2026-10-05.xlsx
2020-12-22,-0.702455,-0.646375,-0.514355,-0.027534,-0.547185,-0.456051,"Citi Velocity, exported by Charlie",france_italy_cmt_euribor_1y5y_citi_2026-10-05.xlsx
2020-12-23,-0.670893,-0.602060,-0.503995,0.010534,-0.541737,-0.431635,"Citi Velocity, exported by Charlie",france_italy_cmt_euribor_1y5y_citi_2026-10-05.xlsx
2020-12-24,-0.674930,-0.602220,-0.509977,0.009784,-0.542225,-0.431412,"Citi Velocity, exported by Charlie",france_italy_cmt_euribor_1y5y_citi_2026-10-05.xlsx
2020-12-25,,,,,-0.542225,-0.431412,"Citi Velocity, exported by Charlie",france_italy_cmt_euribor_1y5y_citi_2026-10-05.xlsx
2020-12-28,,,-0.532826,-0.043338,-0.543201,-0.443377,"Citi Velocity, exported by Charlie",france_italy_cmt_euribor_1y5y_citi_2026-10-05.xlsx
2020-12-29,-0.726507,-0.648682,-0.527150,-0.030070,-0.546487,-0.453975,"Citi Velocity, exported by Charlie",france_italy_cmt_euribor_1y5y_citi_2026-10-05.xlsx
2020-12-30,-0.723933,-0.640064,-0.521371,-0.028697,-0.551705,-0.457850,"Citi Velocity, exported by Charlie",france_italy_cmt_euribor_1y5y_citi_2026-10-05.xlsx
2020-12-31,-0.728537,-0.640201,-0.527463,-0.029484,-0.552611,-0.458423,"Citi Velocity, exported by Charlie",france_italy_cmt_euribor_1y5y_citi_2026-10-05.xlsx
2021-01-01,,,,,-0.552612,-0.458423,"Citi Velocity, exported by Charlie",france_italy_cmt_euribor_1y5y_citi_2026-10-05.xlsx
2021-01-04,-0.656631,-0.657335,-0.510767,-0.028936,-0.562159,-0.478921,"Citi Velocity, exported by Charlie",france_italy_cmt_euribor_1y5y_citi_2026-10-05.xlsx
2021-01-05,-0.662825,-0.649444,-0.501978,-0.017252,-0.566512,-0.479023,"Citi Velocity, exported by Charlie",france_italy_cmt_euribor_1y5y_citi_2026-10-05.xlsx
2021-01-06,-0.669919,-0.631711,-0.497166,-0.013964,-0.563153,-0.461279,"Citi Velocity, exported by Charlie",france_italy_cmt_euribor_1y5y_citi_2026-10-05.xlsx
2021-01-07,-0.664841,-0.626346,-0.498588,-0.017553,-0.559407,-0.452758,"Citi Velocity, exported by Charlie",france_italy_cmt_euribor_1y5y_citi_2026-10-05.xlsx
2021-01-08,-0.665105,-0.630331,-0.502762,-0.043891,-0.555115,-0.448465,"Citi Velocity, exported by Charlie",france_italy_cmt_euribor_1y5y_citi_2026-10-05.xlsx
2021-01-11,-0.645354,-0.610738,-0.484621,-0.004240,-0.552819,-0.440334,"Citi Velocity, exported by Charlie",france_italy_cmt_euribor_1y5y_citi_2026-10-05.xlsx
2021-01-12,-0.630171,-0.577855,-0.426961,0.093661,-0.547346,-0.417225,"Citi Velocity, exported by Charlie",france_italy_cmt_euribor_1y5y_citi_2026-10-05.xlsx
2021-01-13,-0.638944,-0.616690,-0.459864,0.019832,-0.549947,-0.444643,"Citi Velocity, exported by Charlie",france_italy_cmt_euribor_1y5y_citi_2026-10-05.xlsx
2021-01-14,-0.651635,-0.641036,-0.404446,0.090701,-0.558297,-0.461954,"Citi Velocity, exported by Charlie",france_italy_cmt_euribor_1y5y_citi_2026-10-05.xlsx
2021-01-15,-0.638412,-0.630108,-0.431787,0.045147,-0.562047,-0.455835,"Citi Velocity, exported by Charlie",france_italy_cmt_euribor_1y5y_citi_2026-10-05.xlsx
2021-01-18,-0.633564,-0.611016,-0.412637,0.066705,-0.561518,-0.449123,"Citi Velocity, exported by Charlie",france_italy_cmt_euribor_1y5y_citi_2026-10-05.xlsx
2021-01-19,-0.624710,-0.611719,-0.444852,0.012918,-0.557799,-0.444070,"Citi Velocity, exported by Charlie",france_italy_cmt_euribor_1y5y_citi_2026-10-05.xlsx
2021-01-20,-0.633712,-0.614217,-0.428614,0.041224,-0.556369,-0.445171,"Citi Velocity, exported by Charlie",france_italy_cmt_euribor_1y5y_citi_2026-10-05.xlsx
2021-01-21,-0.623707,-0.588302,-0.384098,0.118999,-0.551844,-0.422773,"Citi Velocity, exported by Charlie",france_italy_cmt_euribor_1y5y_citi_2026-10-05.xlsx
2021-01-22,-0.617077,-0.600212,-0.352987,0.162749,-0.548082,-0.432488,"Citi Velocity, exported by Charlie",france_italy_cmt_euribor_1y5y_citi_2026-10-05.xlsx
2021-01-25,-0.624987,-0.629119,-0.382492,0.103466,-0.554888,-0.449791,"Citi Velocity, exported by Charlie",france_italy_cmt_euribor_1y5y_citi_2026-10-05.xlsx
2021-01-26,-0.627970,-0.623046,-0.401319,0.069011,-0.554094,-0.440577,"Citi Velocity, exported by Charlie",france_italy_cmt_euribor_1y5y_citi_2026-10-05.xlsx
2021-01-27,-0.644743,-0.637190,-0.407186,0.064584,-0.566613,-0.454876,"Citi Velocity, exported by Charlie",france_italy_cmt_euribor_1y5y_citi_2026-10-05.xlsx
2021-01-28,-0.649885,-0.645566,-0.409936,0.060545,-0.573980,-0.458847,"Citi Velocity, exported by Charlie",france_italy_cmt_euribor_1y5y_citi_2026-10-05.xlsx
2021-01-29,-0.637898,-0.613822,-0.410957,0.068945,-0.565364,-0.438850,"Citi Velocity, exported by Charlie",france_italy_cmt_euribor_1y5y_citi_2026-10-05.xlsx
2021-02-01,-0.635600,-0.611194,-0.422232,0.042376,-0.564666,-0.439267,"Citi Velocity, exported by Charlie",france_italy_cmt_euribor_1y5y_citi_2026-10-05.xlsx
2021-02-02,-0.636388,-0.591322,-0.406965,0.070603,-0.561713,-0.428855,"Citi Velocity, exported by Charlie",france_italy_cmt_euribor_1y5y_citi_2026-10-05.xlsx
2021-02-03,-0.651657,-0.584350,-0.439845,0.013254,-0.558160,-0.413983,"Citi Velocity, exported by Charlie",france_italy_cmt_euribor_1y5y_citi_2026-10-05.xlsx
2021-02-04,-0.653484,-0.575824,-0.446360,-0.014336,-0.557327,-0.406050,"Citi Velocity, exported by Charlie",france_italy_cmt_euribor_1y5y_citi_2026-10-05.xlsx
2021-02-05,-0.655618,-0.572049,-0.448855,-0.027852,-0.550357,-0.398571,"Citi Velocity, exported by Charlie",france_italy_cmt_euribor_1y5y_citi_2026-10-05.xlsx
2021-02-08,-0.654508,-0.568932,-0.458675,-0.050241,-0.548162,-0.397392,"Citi Velocity, exported by Charlie",france_italy_cmt_euribor_1y5y_citi_2026-10-05.xlsx
2021-02-09,-0.659178,-0.573682,-0.461298,-0.057798,-0.550534,-0.404622,"Citi Velocity, exported by Charlie",france_italy_cmt_euribor_1y5y_citi_2026-10-05.xlsx
2021-02-10,-0.663394,-0.569360,-0.461069,-0.065030,-0.553745,-0.400391,"Citi Velocity, exported by Charlie",france_italy_cmt_euribor_1y5y_citi_2026-10-05.xlsx
2021-02-11,-0.664246,-0.584582,-0.464557,-0.091828,-0.554088,-0.409287,"Citi Velocity, exported by Charlie",france_italy_cmt_euribor_1y5y_citi_2026-10-05.xlsx
2021-02-12,-0.659497,-0.556429,-0.463065,-0.078620,-0.555656,-0.396759,"Citi Velocity, exported by Charlie",france_italy_cmt_euribor_1y5y_citi_2026-10-05.xlsx
2021-02-15,-0.650542,-0.524184,-0.451777,-0.044103,-0.550571,-0.372164,"Citi Velocity, exported by Charlie",france_italy_cmt_euribor_1y5y_citi_2026-10-05.xlsx
2021-02-16,-0.650565,-0.509591,-0.440458,-0.022980,-0.547004,-0.355145,"Citi Velocity, exported by Charlie",france_italy_cmt_euribor_1y5y_citi_2026-10-05.xlsx
2021-02-17,-0.654216,-0.511156,-0.423880,0.011347,-0.547720,-0.364773,"Citi Velocity, exported by Charlie",france_italy_cmt_euribor_1y5y_citi_2026-10-05.xlsx
2021-02-18,-0.638524,-0.482990,-0.398079,0.065981,-0.546392,-0.345540,"Citi Velocity, exported by Charlie",france_italy_cmt_euribor_1y5y_citi_2026-10-05.xlsx
2021-02-19,-0.637104,-0.478582,-0.404830,0.046570,-0.544481,-0.330575,"Citi Velocity, exported by Charlie",france_italy_cmt_euribor_1y5y_citi_2026-10-05.xlsx
2021-02-22,-0.640668,-0.498559,-0.409955,0.028996,-0.545457,-0.349369,"Citi Velocity, exported by Charlie",france_italy_cmt_euribor_1y5y_citi_2026-10-05.xlsx
2021-02-23,-0.633880,-0.478896,-0.395705,0.063900,-0.540908,-0.340655,"Citi Velocity, exported by Charlie",france_italy_cmt_euribor_1y5y_citi_2026-10-05.xlsx
2021-02-24,-0.639014,-0.458333,-0.379376,0.095642,-0.541269,-0.331663,"Citi Velocity, exported by Charlie",france_italy_cmt_euribor_1y5y_citi_2026-10-05.xlsx
2021-02-25,-0.610949,-0.396508,-0.339313,0.180880,-0.527993,-0.278377,"Citi Velocity, exported by Charlie",france_italy_cmt_euribor_1y5y_citi_2026-10-05.xlsx
2021-02-26,-0.616858,-0.439014,-0.360479,0.157358,-0.520750,-0.283006,"Citi Velocity, exported by Charlie",france_italy_cmt_euribor_1y5y_citi_2026-10-05.xlsx
2021-03-01,-0.632097,-0.512362,-0.404212,0.071748,-0.535026,-0.344786,"Citi Velocity, exported by Charlie",france_italy_cmt_euribor_1y5y_citi_2026-10-05.xlsx
2021-03-02,-0.637826,-0.513582,-0.402844,0.083388,-0.541889,-0.351503,"Citi Velocity, exported by Charlie",france_italy_cmt_euribor_1y5y_citi_2026-10-05.xlsx
2021-03-03,-0.638916,-0.489401,-0.393278,0.126434,-0.541717,-0.330975,"Citi Velocity, exported by Charlie",france_italy_cmt_euribor_1y5y_citi_2026-10-05.xlsx
2021-03-04,-0.636939,-0.492386,-0.408158,0.114720,-0.541095,-0.332248,"Citi Velocity, exported by Charlie",france_italy_cmt_euribor_1y5y_citi_2026-10-05.xlsx
2021-03-05,-0.632375,-0.482531,-0.413109,0.128648,-0.539541,-0.314464,"Citi Velocity, exported by Charlie",france_italy_cmt_euribor_1y5y_citi_2026-10-05.xlsx
2021-03-08,-0.632146,-0.474122,-0.421216,0.119199,-0.538780,-0.307196,"Citi Velocity, exported by Charlie",france_italy_cmt_euribor_1y5y_citi_2026-10-05.xlsx
2021-03-09,-0.624775,-0.489129,-0.433754,0.077807,-0.536753,-0.312099,"Citi Velocity, exported by Charlie",france_italy_cmt_euribor_1y5y_citi_2026-10-05.xlsx
2021-03-10,-0.630581,-0.488263,-0.437620,0.067999,-0.538823,-0.320243,"Citi Velocity, exported by Charlie",france_italy_cmt_euribor_1y5y_citi_2026-10-05.xlsx
2021-03-11,-0.635466,-0.510747,-0.455152,0.007065,-0.540044,-0.328345,"Citi Velocity, exported by Charlie",france_italy_cmt_euribor_1y5y_citi_2026-10-05.xlsx
2021-03-12,-0.633895,-0.485306,-0.440912,0.039582,-0.540246,-0.314818,"Citi Velocity, exported by Charlie",france_italy_cmt_euribor_1y5y_citi_2026-10-05.xlsx
2021-03-15,-0.636145,-0.522691,-0.446611,0.009481,-0.542245,-0.339375,"Citi Velocity, exported by Charlie",france_italy_cmt_euribor_1y5y_citi_2026-10-05.xlsx
2021-03-16,-0.637070,-0.521943,-0.457649,0.018389,-0.546509,-0.345458,"Citi Velocity, exported by Charlie",france_italy_cmt_euribor_1y5y_citi_2026-10-05.xlsx
2021-03-17,-0.637528,-0.490229,-0.434206,0.080604,-0.543467,-0.319681,"Citi Velocity, exported by Charlie",france_italy_cmt_euribor_1y5y_citi_2026-10-05.xlsx
2021-03-18,-0.646015,-0.484088,-0.443831,0.063485,-0.542694,-0.310397,"Citi Velocity, exported by Charlie",france_italy_cmt_euribor_1y5y_citi_2026-10-05.xlsx
2021-03-19,-0.654920,-0.507820,-0.452991,0.040986,-0.549086,-0.328503,"Citi Velocity, exported by Charlie",france_italy_cmt_euribor_1y5y_citi_2026-10-05.xlsx
2021-03-22,-0.660098,-0.523754,-0.453686,0.029317,-0.549949,-0.335102,"Citi Velocity, exported by Charlie",france_italy_cmt_euribor_1y5y_citi_2026-10-05.xlsx
2021-03-23,-0.662814,-0.537145,-0.460450,-0.011114,-0.547682,-0.346217,"Citi Velocity, exported by Charlie",france_italy_cmt_euribor_1y5y_citi_2026-10-05.xlsx
2021-03-24,-0.664853,-0.545306,-0.463032,-0.021657,-0.548719,-0.353247,"Citi Velocity, exported by Charlie",france_italy_cmt_euribor_1y5y_citi_2026-10-05.xlsx
2021-03-25,-0.660951,-0.558549,-0.468496,-0.028410,-0.551631,-0.370560,"Citi Velocity, exported by Charlie",france_italy_cmt_euribor_1y5y_citi_2026-10-05.xlsx
2021-03-26,-0.661483,-0.543715,-0.463657,-0.014638,-0.553068,-0.354992,"Citi Velocity, exported by Charlie",france_italy_cmt_euribor_1y5y_citi_2026-10-05.xlsx
2021-03-29,-0.662697,-0.519146,-0.452273,0.018571,-0.551420,-0.338034,"Citi Velocity, exported by Charlie",france_italy_cmt_euribor_1y5y_citi_2026-10-05.xlsx
2021-03-30,-0.653856,-0.478006,-0.437127,0.056132,-0.549045,-0.314723,"Citi Velocity, exported by Charlie",france_italy_cmt_euribor_1y5y_citi_2026-10-05.xlsx
2021-03-31,-0.656515,-0.494149,-0.447257,0.038493,-0.548617,-0.319499,"Citi Velocity, exported by Charlie",france_italy_cmt_euribor_1y5y_citi_2026-10-05.xlsx
2021-04-01,-0.663270,-0.516284,-0.459148,0.006990,-0.551944,-0.337270,"Citi Velocity, exported by Charlie",france_italy_cmt_euribor_1y5y_citi_2026-10-05.xlsx
2021-04-02,,,,,-0.551852,-0.337252,"Citi Velocity, exported by Charlie",france_italy_cmt_euribor_1y5y_citi_2026-10-05.xlsx
2021-04-05,,,,,-0.551850,-0.337253,"Citi Velocity, exported by Charlie",france_italy_cmt_euribor_1y5y_citi_2026-10-05.xlsx
2021-04-06,-0.661669,-0.509047,-0.440251,0.063129,-0.552822,-0.335234,"Citi Velocity, exported by Charlie",france_italy_cmt_euribor_1y5y_citi_2026-10-05.xlsx
2021-04-07,-0.666686,-0.512845,-0.442072,0.058458,-0.554805,-0.340745,"Citi Velocity, exported by Charlie",france_italy_cmt_euribor_1y5y_citi_2026-10-05.xlsx
2021-04-08,-0.669327,-0.521837,-0.447086,0.038353,-0.559331,-0.349180,"Citi Velocity, exported by Charlie",france_italy_cmt_euribor_1y5y_citi_2026-10-05.xlsx
2021-04-09,-0.659567,-0.487042,-0.431405,0.097775,-0.557428,-0.326267,"Citi Velocity, exported by Charlie",france_italy_cmt_euribor_1y5y_citi_2026-10-05.xlsx
2021-04-12,-0.657172,-0.484444,-0.436600,0.099067,-0.552103,-0.323223,"Citi Velocity, exported by Charlie",france_italy_cmt_euribor_1y5y_citi_2026-10-05.xlsx
2021-04-13,-0.662557,-0.483344,-0.427529,0.118083,-0.552061,-0.321259,"Citi Velocity, exported by Charlie",france_italy_cmt_euribor_1y5y_citi_2026-10-05.xlsx
2021-04-14,-0.656368,-0.461656,-0.422040,0.131191,-0.546861,-0.300094,"Citi Velocity, exported by Charlie",france_italy_cmt_euribor_1y5y_citi_2026-10-05.xlsx
2021-04-15,-0.651011,-0.482094,-0.427399,0.102912,-0.548093,-0.321218,"Citi Velocity, exported by Charlie",france_italy_cmt_euribor_1y5y_citi_2026-10-05.xlsx
2021-04-16,-0.649647,-0.469420,-0.427571,0.112683,-0.544838,-0.306387,"Citi Velocity, exported by Charlie",france_italy_cmt_euribor_1y5y_citi_2026-10-05.xlsx
2021-04-19,-0.642049,-0.447346,-0.424055,0.143266,-0.540443,-0.288658,"Citi Velocity, exported by Charlie",france_italy_cmt_euribor_1y5y_citi_2026-10-05.xlsx
2021-04-20,-0.643071,-0.457423,-0.424892,0.142768,-0.539724,-0.295540,"Citi Velocity, exported by Charlie",france_italy_cmt_euribor_1y5y_citi_2026-10-05.xlsx
2021-04-21,-0.649177,-0.463581,-0.432897,0.117414,-0.539775,-0.302669,"Citi Velocity, exported by Charlie",france_italy_cmt_euribor_1y5y_citi_2026-10-05.xlsx
2021-04-22,-0.645104,-0.459919,-0.431135,0.118017,-0.542936,-0.297874,"Citi Velocity, exported by Charlie",france_italy_cmt_euribor_1y5y_citi_2026-10-05.xlsx
2021-04-23,-0.645228,-0.459722,-0.422883,0.143908,-0.541531,-0.295998,"Citi Velocity, exported by Charlie",france_italy_cmt_euribor_1y5y_citi_2026-10-05.xlsx
2021-04-26,-0.642176,-0.457440,-0.423571,0.152691,-0.541304,-0.290837,"Citi Velocity, exported by Charlie",france_italy_cmt_euribor_1y5y_citi_2026-10-05.xlsx
2021-04-27,-0.643813,-0.452427,-0.416948,0.171654,-0.538652,-0.284418,"Citi Velocity, exported by Charlie",france_italy_cmt_euribor_1y5y_citi_2026-10-05.xlsx
2021-04-28,-0.644238,-0.438281,-0.417114,0.178740,-0.537641,-0.273608,"Citi Velocity, exported by Charlie",france_italy_cmt_euribor_1y5y_citi_2026-10-05.xlsx
2021-04-29,-0.639152,-0.411971,-0.409942,0.205743,-0.536565,-0.249779,"Citi Velocity, exported by Charlie",france_italy_cmt_euribor_1y5y_citi_2026-10-05.xlsx
2021-04-30,-0.635610,-0.414285,-0.416521,0.194476,-0.538246,-0.259487,"Citi Velocity, exported by Charlie",france_italy_cmt_euribor_1y5y_citi_2026-10-05.xlsx
2021-05-03,,,-0.430316,0.168116,-0.540384,-0.262491,"Citi Velocity, exported by Charlie",france_italy_cmt_euribor_1y5y_citi_2026-10-05.xlsx
2021-05-04,-0.642871,-0.445475,-0.452752,0.157005,-0.542019,-0.285048,"Citi Velocity, exported by Charlie",france_italy_cmt_euribor_1y5y_citi_2026-10-05.xlsx
2021-05-05,-0.647943,-0.435450,-0.446715,0.183226,-0.537525,-0.280980,"Citi Velocity, exported by Charlie",france_italy_cmt_euribor_1y5y_citi_2026-10-05.xlsx
2021-05-06,-0.646180,-0.436385,-0.439748,0.195202,-0.538930,-0.285057,"Citi Velocity, exported by Charlie",france_italy_cmt_euribor_1y5y_citi_2026-10-05.xlsx
2021-05-07,-0.646172,-0.413694,-0.422413,0.231851,-0.535483,-0.274770,"Citi Velocity, exported by Charlie",france_italy_cmt_euribor_1y5y_citi_2026-10-05.xlsx
2021-05-10,-0.646144,-0.412048,-0.429791,0.211596,-0.536251,-0.273069,"Citi Velocity, exported by Charlie",france_italy_cmt_euribor_1y5y_citi_2026-10-05.xlsx
2021-05-11,-0.641334,-0.369818,-0.418174,0.259863,-0.532931,-0.242573,"Citi Velocity, exported by Charlie",france_italy_cmt_euribor_1y5y_citi_2026-10-05.xlsx
2021-05-12,-0.640593,-0.339195,-0.410191,0.283975,-0.533622,-0.225443,"Citi Velocity, exported by Charlie",france_italy_cmt_euribor_1y5y_citi_2026-10-05.xlsx
2021-05-13,-0.640625,-0.325827,-0.399823,0.310915,-0.536120,-0.222777,"Citi Velocity, exported by Charlie",france_italy_cmt_euribor_1y5y_citi_2026-10-05.xlsx
2021-05-14,-0.643125,-0.326052,-0.397084,0.327940,-0.541986,-0.227778,"Citi Velocity, exported by Charlie",france_italy_cmt_euribor_1y5y_citi_2026-10-05.xlsx
2021-05-17,-0.638120,-0.312966,-0.389510,0.355995,-0.538170,-0.224325,"Citi Velocity, exported by Charlie",france_italy_cmt_euribor_1y5y_citi_2026-10-05.xlsx
2021-05-18,-0.638705,-0.314513,-0.400789,0.336049,-0.543079,-0.216546,"Citi Velocity, exported by Charlie",france_italy_cmt_euribor_1y5y_citi_2026-10-05.xlsx
2021-05-19,-0.644656,-0.312341,-0.393914,0.354035,-0.539258,-0.215377,"Citi Velocity, exported by Charlie",france_italy_cmt_euribor_1y5y_citi_2026-10-05.xlsx
2021-05-20,-0.647882,-0.323231,-0.413714,0.306852,-0.535066,-0.207173,"Citi Velocity, exported by Charlie",france_italy_cmt_euribor_1y5y_citi_2026-10-05.xlsx
2021-05-21,-0.651253,-0.345977,-0.418777,0.287859,-0.536576,-0.227260,"Citi Velocity, exported by Charlie",france_italy_cmt_euribor_1y5y_citi_2026-10-05.xlsx
2021-05-24,-0.650596,-0.357329,-0.420060,0.277609,-0.535908,-0.234777,"Citi Velocity, exported by Charlie",france_italy_cmt_euribor_1y5y_citi_2026-10-05.xlsx
2021-05-25,-0.655119,-0.386109,-0.427985,0.232096,-0.535693,-0.250345,"Citi Velocity, exported by Charlie",france_italy_cmt_euribor_1y5y_citi_2026-10-05.xlsx
2021-05-26,-0.670753,-0.412243,-0.433365,0.199428,-0.535727,-0.271109,"Citi Velocity, exported by Charlie",france_italy_cmt_euribor_1y5y_citi_2026-10-05.xlsx
2021-05-27,-0.661003,-0.390205,-0.440910,0.208440,-0.534583,-0.249032,"Citi Velocity, exported by Charlie",france_italy_cmt_euribor_1y5y_citi_2026-10-05.xlsx
2021-05-28,-0.660714,-0.400706,-0.447885,0.187474,-0.537530,-0.258207,"Citi Velocity, exported by Charlie",france_italy_cmt_euribor_1y5y_citi_2026-10-05.xlsx
2021-05-31,,,-0.448157,0.190679,-0.539233,-0.259323,"Citi Velocity, exported by Charlie",france_italy_cmt_euribor_1y5y_citi_2026-10-05.xlsx
2021-06-01,-0.664531,-0.398833,-0.456218,0.171755,-0.539751,-0.259788,"Citi Velocity, exported by Charlie",france_italy_cmt_euribor_1y5y_citi_2026-10-05.xlsx
2021-06-02,-0.671189,-0.416012,-0.460558,0.150768,-0.540685,-0.273262,"Citi Velocity, exported by Charlie",france_italy_cmt_euribor_1y5y_citi_2026-10-05.xlsx
2021-06-03,-0.665154,-0.408036,-0.464441,0.157764,-0.539450,-0.263097,"Citi Velocity, exported by Charlie",france_italy_cmt_euribor_1y5y_citi_2026-10-05.xlsx
2021-06-04,-0.668396,-0.422694,-0.472723,0.133721,-0.540329,-0.271297,"Citi Velocity, exported by Charlie",france_italy_cmt_euribor_1y5y_citi_2026-10-05.xlsx
2021-06-07,-0.663140,-0.408918,-0.469025,0.162068,-0.537481,-0.266025,"Citi Velocity, exported by Charlie",france_italy_cmt_euribor_1y5y_citi_2026-10-05.xlsx
2021-06-08,-0.662179,-0.420222,-0.479473,0.134785,-0.535680,-0.274625,"Citi Velocity, exported by Charlie",france_italy_cmt_euribor_1y5y_citi_2026-10-05.xlsx
2021-06-09,-0.672970,-0.445581,-0.484190,0.106100,-0.537326,-0.292426,"Citi Velocity, exported by Charlie",france_italy_cmt_euribor_1y5y_citi_2026-10-05.xlsx
2021-06-10,-0.667805,-0.441276,-0.482890,0.093239,-0.540305,-0.291937,"Citi Velocity, exported by Charlie",france_italy_cmt_euribor_1y5y_citi_2026-10-05.xlsx
2021-06-11,-0.668585,-0.455646,-0.490903,0.051183,-0.543796,-0.298093,"Citi Velocity, exported by Charlie",france_italy_cmt_euribor_1y5y_citi_2026-10-05.xlsx
2021-06-14,-0.664435,-0.438013,-0.482550,0.076537,-0.540473,-0.292021,"Citi Velocity, exported by Charlie",france_italy_cmt_euribor_1y5y_citi_2026-10-05.xlsx
2021-06-15,-0.665452,-0.422495,-0.487094,0.081718,-0.539419,-0.279175,"Citi Velocity, exported by Charlie",france_italy_cmt_euribor_1y5y_citi_2026-10-05.xlsx
2021-06-16,-0.668238,-0.429765,-0.491848,0.072841,-0.540487,-0.284400,"Citi Velocity, exported by Charlie",france_italy_cmt_euribor_1y5y_citi_2026-10-05.xlsx
2021-06-17,-0.664454,-0.402578,-0.480561,0.114565,-0.537356,-0.271533,"Citi Velocity, exported by Charlie",france_italy_cmt_euribor_1y5y_citi_2026-10-05.xlsx
2021-06-18,-0.662693,-0.388465,-0.455024,0.169657,-0.534649,-0.262517,"Citi Velocity, exported by Charlie",france_italy_cmt_euribor_1y5y_citi_2026-10-05.xlsx
2021-06-21,-0.650635,-0.378259,-0.443367,0.185248,-0.529787,-0.243196,"Citi Velocity, exported by Charlie",france_italy_cmt_euribor_1y5y_citi_2026-10-05.xlsx
2021-06-22,-0.650416,-0.381085,-0.439402,0.200712,-0.527233,-0.243671,"Citi Velocity, exported by Charlie",france_italy_cmt_euribor_1y5y_citi_2026-10-05.xlsx
2021-06-23,-0.655418,-0.393497,-0.440042,0.197964,-0.527404,-0.251902,"Citi Velocity, exported by Charlie",france_italy_cmt_euribor_1y5y_citi_2026-10-05.xlsx
2021-06-24,-0.649828,-0.390915,-0.441654,0.175880,-0.527298,-0.248392,"Citi Velocity, exported by Charlie",france_italy_cmt_euribor_1y5y_citi_2026-10-05.xlsx
2021-06-25,-0.648483,-0.358415,-0.437773,0.215115,-0.526873,-0.229646,"Citi Velocity, exported by Charlie",france_italy_cmt_euribor_1y5y_citi_2026-10-05.xlsx
2021-06-28,-0.654455,-0.392572,-0.444917,0.184350,-0.529784,-0.245732,"Citi Velocity, exported by Charlie",france_italy_cmt_euribor_1y5y_citi_2026-10-05.xlsx
2021-06-29,-0.654268,-0.391098,-0.450070,0.172170,-0.530516,-0.236899,"Citi Velocity, exported by Charlie",france_italy_cmt_euribor_1y5y_citi_2026-10-05.xlsx
2021-06-30,-0.659059,-0.418366,-0.462236,0.135289,-0.532441,-0.255794,"Citi Velocity, exported by Charlie",france_italy_cmt_euribor_1y5y_citi_2026-10-05.xlsx
2021-07-01,-0.657884,-0.418442,-0.472085,0.116217,-0.534175,-0.254213,"Citi Velocity, exported by Charlie",france_italy_cmt_euribor_1y5y_citi_2026-10-05.xlsx
2021-07-02,-0.658545,-0.443644,-0.479476,0.097275,-0.537736,-0.273314,"Citi Velocity, exported by Charlie",france_italy_cmt_euribor_1y5y_citi_2026-10-05.xlsx
2021-07-05,-0.658092,-0.421487,-0.476789,0.111738,-0.534929,-0.258690,"Citi Velocity, exported by Charlie",france_italy_cmt_euribor_1y5y_citi_2026-10-05.xlsx
2021-07-06,-0.658794,-0.461564,-0.484843,0.072988,-0.535517,-0.291480,"Citi Velocity, exported by Charlie",france_italy_cmt_euribor_1y5y_citi_2026-10-05.xlsx
2021-07-07,-0.660119,-0.472297,-0.486616,0.077539,-0.537391,-0.304472,"Citi Velocity, exported by Charlie",france_italy_cmt_euribor_1y5y_citi_2026-10-05.xlsx
2021-07-08,-0.656341,-0.476730,-0.475969,0.099400,-0.537444,-0.315075,"Citi Velocity, exported by Charlie",france_italy_cmt_euribor_1y5y_citi_2026-10-05.xlsx
2021-07-09,-0.650873,-0.460605,-0.471304,0.102262,-0.536407,-0.298468,"Citi Velocity, exported by Charlie",france_italy_cmt_euribor_1y5y_citi_2026-10-05.xlsx
2021-07-12,-0.646629,-0.464617,-0.476067,0.078067,-0.536310,-0.301001,"Citi Velocity, exported by Charlie",france_italy_cmt_euribor_1y5y_citi_2026-10-05.xlsx
2021-07-13,-0.646451,-0.474350,-0.482075,0.062623,-0.534913,-0.300188,"Citi Velocity, exported by Charlie",france_italy_cmt_euribor_1y5y_citi_2026-10-05.xlsx
2021-07-14,-0.654161,-0.485348,-0.482028,0.060712,-0.533704,-0.304334,"Citi Velocity, exported by Charlie",france_italy_cmt_euribor_1y5y_citi_2026-10-05.xlsx
2021-07-15,-0.657487,-0.494658,-0.478750,0.076582,-0.534020,-0.306744,"Citi Velocity, exported by Charlie",france_italy_cmt_euribor_1y5y_citi_2026-10-05.xlsx
2021-07-16,-0.664215,-0.512803,-0.485463,0.048294,-0.533861,-0.314870,"Citi Velocity, exported by Charlie",france_italy_cmt_euribor_1y5y_citi_2026-10-05.xlsx
2021-07-19,-0.670150,-0.530494,-0.481955,0.055244,-0.534083,-0.332220,"Citi Velocity, exported by Charlie",france_italy_cmt_euribor_1y5y_citi_2026-10-05.xlsx
2021-07-20,-0.682670,-0.554129,-0.479428,0.051027,-0.528657,-0.346577,"Citi Velocity, exported by Charlie",france_italy_cmt_euribor_1y5y_citi_2026-10-05.xlsx
2021-07-21,-0.683320,-0.544735,-0.475863,0.057177,-0.530708,-0.332629,"Citi Velocity, exported by Charlie",france_italy_cmt_euribor_1y5y_citi_2026-10-05.xlsx
2021-07-22,-0.679765,-0.566795,-0.487459,0.023967,-0.538393,-0.351291,"Citi Velocity, exported by Charlie",france_italy_cmt_euribor_1y5y_citi_2026-10-05.xlsx
2021-07-23,-0.681876,-0.574662,-0.495968,-0.000959,-0.540954,-0.349927,"Citi Velocity, exported by Charlie",france_italy_cmt_euribor_1y5y_citi_2026-10-05.xlsx
2021-07-26,-0.682960,-0.572667,-0.496739,0.003449,-0.542210,-0.348008,"Citi Velocity, exported by Charlie",france_italy_cmt_euribor_1y5y_citi_2026-10-05.xlsx
2021-07-27,-0.687863,-0.583173,-0.495279,-0.001198,-0.542597,-0.357432,"Citi Velocity, exported by Charlie",france_italy_cmt_euribor_1y5y_citi_2026-10-05.xlsx
2021-07-28,-0.695574,-0.588682,-0.504114,-0.008829,-0.542812,-0.354641,"Citi Velocity, exported by Charlie",france_italy_cmt_euribor_1y5y_citi_2026-10-05.xlsx
2021-07-29,-0.693721,-0.595240,-0.503257,-0.011387,-0.542122,-0.357928,"Citi Velocity, exported by Charlie",france_italy_cmt_euribor_1y5y_citi_2026-10-05.xlsx
2021-07-30,-0.691848,-0.601950,-0.503135,-0.006037,-0.542675,-0.361518,"Citi Velocity, exported by Charlie",france_italy_cmt_euribor_1y5y_citi_2026-10-05.xlsx
2021-08-02,-0.688783,-0.615934,-0.522727,-0.043200,-0.546784,-0.377368,"Citi Velocity, exported by Charlie",france_italy_cmt_euribor_1y5y_citi_2026-10-05.xlsx
2021-08-03,-0.687120,-0.617369,-0.533310,-0.054109,-0.548690,-0.382337,"Citi Velocity, exported by Charlie",france_italy_cmt_euribor_1y5y_citi_2026-10-05.xlsx
2021-08-04,-0.694123,-0.621691,-0.534056,-0.058091,-0.547128,-0.382046,"Citi Velocity, exported by Charlie",france_italy_cmt_euribor_1y5y_citi_2026-10-05.xlsx
2021-08-05,-0.692602,-0.632683,-0.541638,-0.090481,-0.543723,-0.380832,"Citi Velocity, exported by Charlie",france_italy_cmt_euribor_1y5y_citi_2026-10-05.xlsx
2021-08-06,-0.683718,-0.592675,-0.530392,-0.052478,-0.541851,-0.358599,"Citi Velocity, exported by Charlie",france_italy_cmt_euribor_1y5y_citi_2026-10-05.xlsx
2021-08-09,-0.680342,-0.587039,-0.534556,-0.063634,-0.541323,-0.362578,"Citi Velocity, exported by Charlie",france_italy_cmt_euribor_1y5y_citi_2026-10-05.xlsx
2021-08-10,-0.684141,-0.591222,-0.538114,-0.071061,-0.543031,-0.367335,"Citi Velocity, exported by Charlie",france_italy_cmt_euribor_1y5y_citi_2026-10-05.xlsx
2021-08-11,-0.692466,-0.586542,-0.531302,-0.049915,-0.543740,-0.369691,"Citi Velocity, exported by Charlie",france_italy_cmt_euribor_1y5y_citi_2026-10-05.xlsx
2021-08-12,-0.688342,-0.584731,-0.532535,-0.066304,-0.544733,-0.369565,"Citi Velocity, exported by Charlie",france_italy_cmt_euribor_1y5y_citi_2026-10-05.xlsx
2021-08-13,-0.687810,-0.582027,-0.532381,-0.063821,-0.543620,-0.372897,"Citi Velocity, exported by Charlie",france_italy_cmt_euribor_1y5y_citi_2026-10-05.xlsx
2021-08-16,-0.690084,-0.585185,-0.532099,-0.057455,-0.543615,-0.374536,"Citi Velocity, exported by Charlie",france_italy_cmt_euribor_1y5y_citi_2026-10-05.xlsx
2021-08-17,-0.694060,-0.581279,-0.532405,-0.048428,-0.542995,-0.370563,"Citi Velocity, exported by Charlie",france_italy_cmt_euribor_1y5y_citi_2026-10-05.xlsx
2021-08-18,-0.705117,-0.589719,-0.532998,-0.065051,-0.543540,-0.377340,"Citi Velocity, exported by Charlie",france_italy_cmt_euribor_1y5y_citi_2026-10-05.xlsx
2021-08-19,-0.707334,-0.593218,-0.535376,-0.056158,-0.546534,-0.380295,"Citi Velocity, exported by Charlie",france_italy_cmt_euribor_1y5y_citi_2026-10-05.xlsx
2021-08-20,-0.712707,-0.598859,-0.540421,-0.072232,-0.544788,-0.381800,"Citi Velocity, exported by Charlie",france_italy_cmt_euribor_1y5y_citi_2026-10-05.xlsx
2021-08-23,-0.711616,-0.590292,-0.529058,-0.043451,-0.546172,-0.377766,"Citi Velocity, exported by Charlie",france_italy_cmt_euribor_1y5y_citi_2026-10-05.xlsx
2021-08-24,-0.709248,-0.585382,-0.533757,-0.049220,-0.546383,-0.377948,"Citi Velocity, exported by Charlie",france_italy_cmt_euribor_1y5y_citi_2026-10-05.xlsx
2021-08-25,-0.709420,-0.545906,-0.514407,0.026267,-0.546541,-0.355022,"Citi Velocity, exported by Charlie",france_italy_cmt_euribor_1y5y_citi_2026-10-05.xlsx
2021-08-26,-0.703499,-0.543031,-0.512767,0.029864,-0.545325,-0.349805,"Citi Velocity, exported by Charlie",france_italy_cmt_euribor_1y5y_citi_2026-10-05.xlsx
2021-08-27,-0.700382,-0.543405,-0.525149,0.005015,-0.543887,-0.350547,"Citi Velocity, exported by Charlie",france_italy_cmt_euribor_1y5y_citi_2026-10-05.xlsx
2021-08-30,,,-0.523827,-0.016635,-0.543806,-0.357532,"Citi Velocity, exported by Charlie",france_italy_cmt_euribor_1y5y_citi_2026-10-05.xlsx
2021-08-31,-0.692315,-0.514083,-0.509678,0.047336,-0.541389,-0.331821,"Citi Velocity, exported by Charlie",france_italy_cmt_euribor_1y5y_citi_2026-10-05.xlsx
2021-09-01,-0.697558,-0.517314,-0.510077,0.039118,-0.541614,-0.327175,"Citi Velocity, exported by Charlie",france_italy_cmt_euribor_1y5y_citi_2026-10-05.xlsx
2021-09-02,-0.699244,-0.534908,-0.523157,0.011028,-0.542486,-0.334554,"Citi Velocity, exported by Charlie",france_italy_cmt_euribor_1y5y_citi_2026-10-05.xlsx
2021-09-03,-0.692309,-0.520841,-0.513896,0.034626,-0.540894,-0.322675,"Citi Velocity, exported by Charlie",france_italy_cmt_euribor_1y5y_citi_2026-10-05.xlsx
2021-09-06,-0.689404,-0.522399,-0.517454,0.028455,-0.540606,-0.322080,"Citi Velocity, exported by Charlie",france_italy_cmt_euribor_1y5y_citi_2026-10-05.xlsx
2021-09-07,-0.678971,-0.477119,-0.494971,0.087021,-0.533989,-0.289811,"Citi Velocity, exported by Charlie",france_italy_cmt_euribor_1y5y_citi_2026-10-05.xlsx
2021-09-08,-0.683579,-0.479446,-0.495231,0.085492,-0.532072,-0.291289,"Citi Velocity, exported by Charlie",france_italy_cmt_euribor_1y5y_citi_2026-10-05.xlsx
2021-09-09,-0.688837,-0.517211,-0.515054,0.027466,-0.533524,-0.312709,"Citi Velocity, exported by Charlie",france_italy_cmt_euribor_1y5y_citi_2026-10-05.xlsx
2021-09-10,-0.688287,-0.494804,-0.507424,0.051460,-0.531428,-0.291810,"Citi Velocity, exported by Charlie",france_italy_cmt_euribor_1y5y_citi_2026-10-05.xlsx
2021-09-13,-0.690314,-0.495865,-0.510898,0.039115,-0.531313,-0.288362,"Citi Velocity, exported by Charlie",france_italy_cmt_euribor_1y5y_citi_2026-10-05.xlsx
2021-09-14,-0.691219,-0.499611,-0.515120,0.009462,-0.532193,-0.294845,"Citi Velocity, exported by Charlie",france_italy_cmt_euribor_1y5y_citi_2026-10-05.xlsx
2021-09-15,-0.695988,-0.483006,-0.508795,0.036825,-0.530585,-0.281368,"Citi Velocity, exported by Charlie",france_italy_cmt_euribor_1y5y_citi_2026-10-05.xlsx
2021-09-16,-0.696205,-0.482783,-0.515239,0.037691,-0.531063,-0.269167,"Citi Velocity, exported by Charlie",france_italy_cmt_euribor_1y5y_citi_2026-10-05.xlsx
2021-09-17,-0.696526,-0.466741,-0.506124,0.062132,-0.531644,-0.248408,"Citi Velocity, exported by Charlie",france_italy_cmt_euribor_1y5y_citi_2026-10-05.xlsx
2021-09-20,-0.703076,-0.486090,-0.517781,0.056348,-0.530779,-0.259919,"Citi Velocity, exported by Charlie",france_italy_cmt_euribor_1y5y_citi_2026-10-05.xlsx
2021-09-21,-0.701673,-0.495751,-0.527052,0.030274,-0.530829,-0.267361,"Citi Velocity, exported by Charlie",france_italy_cmt_euribor_1y5y_citi_2026-10-05.xlsx
2021-09-22,-0.702861,-0.488232,-0.534581,0.006945,-0.526998,-0.264406,"Citi Velocity, exported by Charlie",france_italy_cmt_euribor_1y5y_citi_2026-10-05.xlsx
2021-09-23,-0.692169,-0.437994,-0.523543,0.052496,-0.523551,-0.218563,"Citi Velocity, exported by Charlie",france_italy_cmt_euribor_1y5y_citi_2026-10-05.xlsx
2021-09-24,-0.695764,-0.420955,-0.507417,0.097063,-0.523258,-0.204850,"Citi Velocity, exported by Charlie",france_italy_cmt_euribor_1y5y_citi_2026-10-05.xlsx
2021-09-27,-0.694162,-0.410693,-0.501433,0.111319,-0.524486,-0.194879,"Citi Velocity, exported by Charlie",france_italy_cmt_euribor_1y5y_citi_2026-10-05.xlsx
2021-09-28,-0.698729,-0.391175,-0.489089,0.156797,-0.521214,-0.182434,"Citi Velocity, exported by Charlie",france_italy_cmt_euribor_1y5y_citi_2026-10-05.xlsx
2021-09-29,-0.703313,-0.407804,-0.499658,0.130950,-0.523559,-0.194976,"Citi Velocity, exported by Charlie",france_italy_cmt_euribor_1y5y_citi_2026-10-05.xlsx
2021-09-30,-0.698133,-0.399414,-0.488812,0.157091,-0.522149,-0.186443,"Citi Velocity, exported by Charlie",france_italy_cmt_euribor_1y5y_citi_2026-10-05.xlsx
2021-10-01,-0.702726,-0.423653,-0.499589,0.121482,-0.526690,-0.200835,"Citi Velocity, exported by Charlie",france_italy_cmt_euribor_1y5y_citi_2026-10-05.xlsx
2021-10-04,-0.705145,-0.423382,-0.498819,0.132132,-0.527912,-0.202004,"Citi Velocity, exported by Charlie",france_italy_cmt_euribor_1y5y_citi_2026-10-05.xlsx
2021-10-05,-0.701916,-0.405240,-0.499549,0.149005,-0.529285,-0.181757,"Citi Velocity, exported by Charlie",france_italy_cmt_euribor_1y5y_citi_2026-10-05.xlsx
2021-10-06,-0.703550,-0.402085,-0.493730,0.161008,-0.523327,-0.176960,"Citi Velocity, exported by Charlie",france_italy_cmt_euribor_1y5y_citi_2026-10-05.xlsx
2021-10-07,-0.703998,-0.419059,-0.504081,0.140935,-0.521831,-0.175982,"Citi Velocity, exported by Charlie",france_italy_cmt_euribor_1y5y_citi_2026-10-05.xlsx
2021-10-08,-0.700013,-0.392713,-0.499248,0.159483,-0.516488,-0.143631,"Citi Velocity, exported by Charlie",france_italy_cmt_euribor_1y5y_citi_2026-10-05.xlsx
2021-10-11,-0.695676,-0.367950,-0.489209,0.187905,-0.516807,-0.108905,"Citi Velocity, exported by Charlie",france_italy_cmt_euribor_1y5y_citi_2026-10-05.xlsx
2021-10-12,-0.690940,-0.342930,-0.491149,0.192076,-0.513728,-0.084613,"Citi Velocity, exported by Charlie",france_italy_cmt_euribor_1y5y_citi_2026-10-05.xlsx
2021-10-13,-0.695547,-0.353306,-0.487267,0.190782,-0.516152,-0.096934,"Citi Velocity, exported by Charlie",france_italy_cmt_euribor_1y5y_citi_2026-10-05.xlsx
2021-10-14,-0.698089,-0.387827,-0.491454,0.153553,-0.522371,-0.138175,"Citi Velocity, exported by Charlie",france_italy_cmt_euribor_1y5y_citi_2026-10-05.xlsx
2021-10-15,-0.699204,-0.380915,-0.487160,0.171441,-0.521984,-0.135474,"Citi Velocity, exported by Charlie",france_italy_cmt_euribor_1y5y_citi_2026-10-05.xlsx
2021-10-18,-0.679036,-0.326283,-0.466410,0.216723,-0.504495,-0.073959,"Citi Velocity, exported by Charlie",france_italy_cmt_euribor_1y5y_citi_2026-10-05.xlsx
2021-10-19,-0.678954,-0.302485,-0.459601,0.249206,-0.502649,-0.057675,"Citi Velocity, exported by Charlie",france_italy_cmt_euribor_1y5y_citi_2026-10-05.xlsx
2021-10-20,-0.696570,-0.328378,-0.467385,0.233622,-0.511388,-0.081143,"Citi Velocity, exported by Charlie",france_italy_cmt_euribor_1y5y_citi_2026-10-05.xlsx
2021-10-21,-0.684438,-0.292156,-0.464326,0.267151,-0.504811,-0.036866,"Citi Velocity, exported by Charlie",france_italy_cmt_euribor_1y5y_citi_2026-10-05.xlsx
2021-10-22,-0.685322,-0.283507,-0.457649,0.284925,-0.501812,-0.018008,"Citi Velocity, exported by Charlie",france_italy_cmt_euribor_1y5y_citi_2026-10-05.xlsx
2021-10-25,-0.693328,-0.316081,-0.471618,0.248676,-0.509354,-0.043046,"Citi Velocity, exported by Charlie",france_italy_cmt_euribor_1y5y_citi_2026-10-05.xlsx
2021-10-26,-0.693994,-0.308719,-0.479180,0.260139,-0.511678,-0.037403,"Citi Velocity, exported by Charlie",france_italy_cmt_euribor_1y5y_citi_2026-10-05.xlsx
2021-10-27,-0.693387,-0.334406,-0.483862,0.234954,-0.500662,-0.060759,"Citi Velocity, exported by Charlie",france_italy_cmt_euribor_1y5y_citi_2026-10-05.xlsx
2021-10-28,-0.681521,-0.294045,-0.434106,0.348049,-0.478859,-0.032525,"Citi Velocity, exported by Charlie",france_italy_cmt_euribor_1y5y_citi_2026-10-05.xlsx
2021-10-29,-0.660557,-0.210607,-0.369388,0.497200,-0.464882,0.057087,"Citi Velocity, exported by Charlie",france_italy_cmt_euribor_1y5y_citi_2026-10-05.xlsx
2021-11-01,-0.668459,-0.227868,-0.378994,0.502577,-0.476105,0.041268,"Citi Velocity, exported by Charlie",france_italy_cmt_euribor_1y5y_citi_2026-10-05.xlsx
2021-11-02,-0.699405,-0.330457,-0.464822,0.335623,-0.506946,-0.059136,"Citi Velocity, exported by Charlie",france_italy_cmt_euribor_1y5y_citi_2026-10-05.xlsx
2021-11-03,-0.699375,-0.326664,-0.476496,0.318972,-0.502460,-0.054350,"Citi Velocity, exported by Charlie",france_italy_cmt_euribor_1y5y_citi_2026-10-05.xlsx
2021-11-04,-0.741768,-0.410400,-0.524606,0.196874,-0.514556,-0.134807,"Citi Velocity, exported by Charlie",france_italy_cmt_euribor_1y5y_citi_2026-10-05.xlsx
2021-11-05,-0.747479,-0.438376,-0.534944,0.146188,-0.516986,-0.162507,"Citi Velocity, exported by Charlie",france_italy_cmt_euribor_1y5y_citi_2026-10-05.xlsx
2021-11-08,-0.745895,-0.423468,-0.537649,0.145508,-0.514530,-0.138814,"Citi Velocity, exported by Charlie",france_italy_cmt_euribor_1y5y_citi_2026-10-05.xlsx
2021-11-09,-0.758279,-0.445900,-0.547296,0.120765,-0.511990,-0.147206,"Citi Velocity, exported by Charlie",france_italy_cmt_euribor_1y5y_citi_2026-10-05.xlsx
2021-11-10,-0.761460,-0.393689,-0.521020,0.177688,-0.499392,-0.077053,"Citi Velocity, exported by Charlie",france_italy_cmt_euribor_1y5y_citi_2026-10-05.xlsx
2021-11-11,-0.758819,-0.369698,-0.496316,0.223364,-0.490050,-0.032831,"Citi Velocity, exported by Charlie",france_italy_cmt_euribor_1y5y_citi_2026-10-05.xlsx
2021-11-12,-0.782556,-0.406939,-0.501425,0.220618,-0.501471,-0.070155,"Citi Velocity, exported by Charlie",france_italy_cmt_euribor_1y5y_citi_2026-10-05.xlsx
2021-11-15,-0.789547,-0.394929,-0.505215,0.235041,-0.503440,-0.070908,"Citi Velocity, exported by Charlie",france_italy_cmt_euribor_1y5y_citi_2026-10-05.xlsx
2021-11-16,-0.806661,-0.417049,-0.510968,0.221126,-0.505217,-0.076790,"Citi Velocity, exported by Charlie",france_italy_cmt_euribor_1y5y_citi_2026-10-05.xlsx
2021-11-17,-0.812339,-0.411872,-0.512145,0.229635,-0.511409,-0.085566,"Citi Velocity, exported by Charlie",france_italy_cmt_euribor_1y5y_citi_2026-10-05.xlsx
2021-11-18,-0.807077,-0.439444,-0.528502,0.191500,-0.516426,-0.096290,"Citi Velocity, exported by Charlie",france_italy_cmt_euribor_1y5y_citi_2026-10-05.xlsx
2021-11-19,-0.808635,-0.488256,-0.546553,0.132794,-0.520798,-0.146360,"Citi Velocity, exported by Charlie",france_italy_cmt_euribor_1y5y_citi_2026-10-05.xlsx
2021-11-22,-0.800004,-0.450536,-0.536118,0.181568,-0.514824,-0.119373,"Citi Velocity, exported by Charlie",france_italy_cmt_euribor_1y5y_citi_2026-10-05.xlsx
2021-11-23,-0.808811,-0.394420,-0.503299,0.269638,-0.509802,-0.063051,"Citi Velocity, exported by Charlie",france_italy_cmt_euribor_1y5y_citi_2026-10-05.xlsx
2021-11-24,-0.822933,-0.383073,-0.496110,0.295813,-0.512665,-0.065292,"Citi Velocity, exported by Charlie",france_italy_cmt_euribor_1y5y_citi_2026-10-05.xlsx
2021-11-25,-0.816350,-0.401017,-0.497557,0.294522,-0.512399,-0.078950,"Citi Velocity, exported by Charlie",france_italy_cmt_euribor_1y5y_citi_2026-10-05.xlsx
2021-11-26,-0.821089,-0.474623,-0.524229,0.215620,-0.525220,-0.155384,"Citi Velocity, exported by Charlie",france_italy_cmt_euribor_1y5y_citi_2026-10-05.xlsx
2021-11-29,-0.805971,-0.460341,-0.516364,0.237972,-0.525102,-0.128965,"Citi Velocity, exported by Charlie",france_italy_cmt_euribor_1y5y_citi_2026-10-05.xlsx
2021-11-30,-0.800823,-0.464401,-0.501717,0.241427,-0.521177,-0.126391,"Citi Velocity, exported by Charlie",france_italy_cmt_euribor_1y5y_citi_2026-10-05.xlsx
2021-12-01,-0.781282,-0.414307,-0.453609,0.305828,-0.513451,-0.106446,"Citi Velocity, exported by Charlie",france_italy_cmt_euribor_1y5y_citi_2026-10-05.xlsx
2021-12-02,-0.795406,-0.465136,-0.484605,0.254244,-0.516082,-0.141765,"Citi Velocity, exported by Charlie",france_italy_cmt_euribor_1y5y_citi_2026-10-05.xlsx
2021-12-03,-0.791504,-0.458817,-0.490305,0.242654,-0.511441,-0.135318,"Citi Velocity, exported by Charlie",france_italy_cmt_euribor_1y5y_citi_2026-10-05.xlsx
2021-12-06,-0.786326,-0.474050,-0.515650,0.192247,-0.507486,-0.143325,"Citi Velocity, exported by Charlie",france_italy_cmt_euribor_1y5y_citi_2026-10-05.xlsx
2021-12-07,-0.776808,-0.454076,-0.500675,0.225714,-0.504789,-0.128536,"Citi Velocity, exported by Charlie",france_italy_cmt_euribor_1y5y_citi_2026-10-05.xlsx
2021-12-08,-0.764377,-0.407545,-0.470417,0.316151,-0.504766,-0.088616,"Citi Velocity, exported by Charlie",france_italy_cmt_euribor_1y5y_citi_2026-10-05.xlsx
2021-12-09,-0.768602,-0.440704,-0.497296,0.277266,-0.507338,-0.127352,"Citi Velocity, exported by Charlie",france_italy_cmt_euribor_1y5y_citi_2026-10-05.xlsx
2021-12-10,-0.733003,-0.438257,-0.508749,0.233272,-0.511803,-0.129126,"Citi Velocity, exported by Charlie",france_italy_cmt_euribor_1y5y_citi_2026-10-05.xlsx
2021-12-13,-0.699085,-0.459527,-0.529027,0.197925,-0.520489,-0.146245,"Citi Velocity, exported by Charlie",france_italy_cmt_euribor_1y5y_citi_2026-10-05.xlsx
2021-12-14,-0.684682,-0.443838,-0.513247,0.219113,-0.516569,-0.133826,"Citi Velocity, exported by Charlie",france_italy_cmt_euribor_1y5y_citi_2026-10-05.xlsx
2021-12-15,-0.686148,-0.441913,-0.497491,0.222404,-0.513843,-0.120212,"Citi Velocity, exported by Charlie",france_italy_cmt_euribor_1y5y_citi_2026-10-05.xlsx
2021-12-16,-0.679876,-0.429331,-0.483260,0.264039,-0.523021,-0.115293,"Citi Velocity, exported by Charlie",france_italy_cmt_euribor_1y5y_citi_2026-10-05.xlsx
2021-12-17,-0.689904,-0.460381,-0.504128,0.215109,-0.530196,-0.136532,"Citi Velocity, exported by Charlie",france_italy_cmt_euribor_1y5y_citi_2026-10-05.xlsx
2021-12-20,-0.695908,-0.471576,-0.506813,0.220528,-0.533599,-0.134647,"Citi Velocity, exported by Charlie",france_italy_cmt_euribor_1y5y_citi_2026-10-05.xlsx
2021-12-21,-0.687514,-0.417817,-0.487799,0.277116,-0.525062,-0.084407,"Citi Velocity, exported by Charlie",france_italy_cmt_euribor_1y5y_citi_2026-10-05.xlsx
2021-12-22,-0.696073,-0.401830,-0.466686,0.316063,-0.520221,-0.067747,"Citi Velocity, exported by Charlie",france_italy_cmt_euribor_1y5y_citi_2026-10-05.xlsx
2021-12-23,-0.660761,-0.352647,-0.430870,0.382031,-0.513947,-0.019114,"Citi Velocity, exported by Charlie",france_italy_cmt_euribor_1y5y_citi_2026-10-05.xlsx
2021-12-24,,,,,-0.513146,-0.019877,"Citi Velocity, exported by Charlie",france_italy_cmt_euribor_1y5y_citi_2026-10-05.xlsx
2021-12-27,,,-0.420821,0.422720,-0.514167,-0.013590,"Citi Velocity, exported by Charlie",france_italy_cmt_euribor_1y5y_citi_2026-10-05.xlsx
2021-12-28,,,-0.436223,0.400411,-0.509970,-0.005477,"Citi Velocity, exported by Charlie",france_italy_cmt_euribor_1y5y_citi_2026-10-05.xlsx
2021-12-29,-0.674683,-0.310795,-0.466054,0.439926,-0.501957,0.019801,"Citi Velocity, exported by Charlie",france_italy_cmt_euribor_1y5y_citi_2026-10-05.xlsx
2021-12-30,-0.674253,-0.307454,-0.438210,0.464430,-0.506996,0.020658,"Citi Velocity, exported by Charlie",france_italy_cmt_euribor_1y5y_citi_2026-10-05.xlsx
2021-12-31,,,,,-0.506220,0.020637,"Citi Velocity, exported by Charlie",france_italy_cmt_euribor_1y5y_citi_2026-10-05.xlsx
2022-01-03,,,-0.430386,0.470619,-0.501574,0.042284,"Citi Velocity, exported by Charlie",france_italy_cmt_euribor_1y5y_citi_2026-10-05.xlsx
2022-01-04,-0.659417,-0.285953,-0.427497,0.478703,-0.503092,0.036239,"Citi Velocity, exported by Charlie",france_italy_cmt_euribor_1y5y_citi_2026-10-05.xlsx
2022-01-05,-0.664424,-0.288243,-0.422782,0.498021,-0.509086,0.030689,"Citi Velocity, exported by Charlie",france_italy_cmt_euribor_1y5y_citi_2026-10-05.xlsx
2022-01-06,-0.650251,-0.253740,-0.402015,0.539549,-0.505473,0.062163,"Citi Velocity, exported by Charlie",france_italy_cmt_euribor_1y5y_citi_2026-10-05.xlsx
2022-01-07,-0.642518,-0.225890,-0.403297,0.560043,-0.504167,0.079725,"Citi Velocity, exported by Charlie",france_italy_cmt_euribor_1y5y_citi_2026-10-05.xlsx
2022-01-10,-0.641201,-0.222211,-0.409014,0.534338,-0.500517,0.083562,"Citi Velocity, exported by Charlie",france_italy_cmt_euribor_1y5y_citi_2026-10-05.xlsx
2022-01-11,-0.635159,-0.201719,-0.400897,0.558914,-0.489827,0.104261,"Citi Velocity, exported by Charlie",france_italy_cmt_euribor_1y5y_citi_2026-10-05.xlsx
2022-01-12,-0.639562,-0.228723,-0.412866,0.514687,-0.488683,0.078284,"Citi Velocity, exported by Charlie",france_italy_cmt_euribor_1y5y_citi_2026-10-05.xlsx
2022-01-13,-0.642295,-0.248866,-0.409865,0.497924,-0.489579,0.058686,"Citi Velocity, exported by Charlie",france_italy_cmt_euribor_1y5y_citi_2026-10-05.xlsx
2022-01-14,-0.637280,-0.207190,-0.398565,0.527505,-0.485935,0.095076,"Citi Velocity, exported by Charlie",france_italy_cmt_euribor_1y5y_citi_2026-10-05.xlsx
2022-01-17,-0.630608,-0.177568,-0.394329,0.550361,-0.473461,0.122366,"Citi Velocity, exported by Charlie",france_italy_cmt_euribor_1y5y_citi_2026-10-05.xlsx
2022-01-18,-0.634469,-0.179115,-0.392962,0.561334,-0.471982,0.116832,"Citi Velocity, exported by Charlie",france_italy_cmt_euribor_1y5y_citi_2026-10-05.xlsx
2022-01-19,-0.642270,-0.170732,-0.383660,0.585065,-0.471679,0.125362,"Citi Velocity, exported by Charlie",france_italy_cmt_euribor_1y5y_citi_2026-10-05.xlsx
2022-01-20,-0.646458,-0.184160,-0.394494,0.554285,-0.474127,0.116420,"Citi Velocity, exported by Charlie",france_italy_cmt_euribor_1y5y_citi_2026-10-05.xlsx
2022-01-21,-0.658709,-0.211415,-0.402811,0.538380,-0.478264,0.100568,"Citi Velocity, exported by Charlie",france_italy_cmt_euribor_1y5y_citi_2026-10-05.xlsx
2022-01-24,-0.668616,-0.238430,-0.406543,0.529345,-0.477860,0.087269,"Citi Velocity, exported by Charlie",france_italy_cmt_euribor_1y5y_citi_2026-10-05.xlsx
2022-01-25,-0.666729,-0.225859,-0.406910,0.524969,-0.474823,0.095980,"Citi Velocity, exported by Charlie",france_italy_cmt_euribor_1y5y_citi_2026-10-05.xlsx
2022-01-26,-0.662621,-0.210197,-0.382893,0.571486,-0.472436,0.107312,"Citi Velocity, exported by Charlie",france_italy_cmt_euribor_1y5y_citi_2026-10-05.xlsx
2022-01-27,-0.650455,-0.182022,-0.393247,0.539293,-0.464116,0.143603,"Citi Velocity, exported by Charlie",france_italy_cmt_euribor_1y5y_citi_2026-10-05.xlsx
2022-01-28,-0.646398,-0.163325,-0.394944,0.541597,-0.456912,0.163252,"Citi Velocity, exported by Charlie",france_italy_cmt_euribor_1y5y_citi_2026-10-05.xlsx
2022-01-31,-0.629788,-0.082493,-0.386461,0.551906,-0.430968,0.232391,"Citi Velocity, exported by Charlie",france_italy_cmt_euribor_1y5y_citi_2026-10-05.xlsx
2022-02-01,-0.628520,-0.060620,-0.365391,0.615787,-0.424699,0.252385,"Citi Velocity, exported by Charlie",france_italy_cmt_euribor_1y5y_citi_2026-10-05.xlsx
2022-02-02,-0.623274,-0.040432,-0.347737,0.641042,-0.422057,0.279173,"Citi Velocity, exported by Charlie",france_italy_cmt_euribor_1y5y_citi_2026-10-05.xlsx
2022-02-03,-0.549960,0.120310,-0.229688,0.862402,-0.349506,0.415045,"Citi Velocity, exported by Charlie",france_italy_cmt_euribor_1y5y_citi_2026-10-05.xlsx
2022-02-04,-0.511989,0.204746,-0.153621,1.025940,-0.317669,0.501750,"Citi Velocity, exported by Charlie",france_italy_cmt_euribor_1y5y_citi_2026-10-05.xlsx
2022-02-07,-0.499293,0.230814,-0.130257,1.105860,-0.317892,0.549790,"Citi Velocity, exported by Charlie",france_italy_cmt_euribor_1y5y_citi_2026-10-05.xlsx
2022-02-08,-0.505175,0.246786,-0.147895,1.109430,-0.325875,0.585768,"Citi Velocity, exported by Charlie",france_italy_cmt_euribor_1y5y_citi_2026-10-05.xlsx
2022-02-09,-0.530892,0.194551,-0.221604,1.017230,-0.335302,0.550357,"Citi Velocity, exported by Charlie",france_italy_cmt_euribor_1y5y_citi_2026-10-05.xlsx
2022-02-10,-0.516852,0.256849,-0.201372,1.111430,-0.307309,0.630315,"Citi Velocity, exported by Charlie",france_italy_cmt_euribor_1y5y_citi_2026-10-05.xlsx
2022-02-11,-0.518540,0.257052,-0.183845,1.178410,-0.283457,0.658681,"Citi Velocity, exported by Charlie",france_italy_cmt_euribor_1y5y_citi_2026-10-05.xlsx
2022-02-14,-0.535232,0.225115,-0.211670,1.183310,-0.292086,0.660204,"Citi Velocity, exported by Charlie",france_italy_cmt_euribor_1y5y_citi_2026-10-05.xlsx
2022-02-15,-0.528944,0.252769,-0.235578,1.176930,-0.294937,0.655269,"Citi Velocity, exported by Charlie",france_italy_cmt_euribor_1y5y_citi_2026-10-05.xlsx
2022-02-16,-0.555653,0.207154,-0.265985,1.106830,-0.320162,0.600383,"Citi Velocity, exported by Charlie",france_italy_cmt_euribor_1y5y_citi_2026-10-05.xlsx
2022-02-17,-0.576994,0.160415,-0.311361,1.037300,-0.337494,0.566564,"Citi Velocity, exported by Charlie",france_italy_cmt_euribor_1y5y_citi_2026-10-05.xlsx
2022-02-18,-0.595036,0.116997,-0.319392,1.018660,-0.334752,0.545792,"Citi Velocity, exported by Charlie",france_italy_cmt_euribor_1y5y_citi_2026-10-05.xlsx
2022-02-21,-0.587032,0.152610,-0.303094,1.073870,-0.333848,0.555892,"Citi Velocity, exported by Charlie",france_italy_cmt_euribor_1y5y_citi_2026-10-05.xlsx
2022-02-22,-0.570071,0.186764,-0.289804,1.095660,-0.320732,0.599227,"Citi Velocity, exported by Charlie",france_italy_cmt_euribor_1y5y_citi_2026-10-05.xlsx
2022-02-23,-0.554412,0.207235,-0.268199,1.117850,-0.310726,0.622458,"Citi Velocity, exported by Charlie",france_italy_cmt_euribor_1y5y_citi_2026-10-05.xlsx
2022-02-24,-0.570145,0.133208,-0.335181,0.988958,-0.343928,0.565523,"Citi Velocity, exported by Charlie",france_italy_cmt_euribor_1y5y_citi_2026-10-05.xlsx
2022-02-25,-0.556524,0.174548,-0.317949,1.024380,-0.338471,0.610103,"Citi Velocity, exported by Charlie",france_italy_cmt_euribor_1y5y_citi_2026-10-05.xlsx
2022-02-28,-0.606630,0.070572,-0.369986,0.936831,-0.372457,0.522725,"Citi Velocity, exported by Charlie",france_italy_cmt_euribor_1y5y_citi_2026-10-05.xlsx
2022-03-01,-0.680997,-0.209372,-0.504396,0.584230,-0.427335,0.338478,"Citi Velocity, exported by Charlie",france_italy_cmt_euribor_1y5y_citi_2026-10-05.xlsx
2022-03-02,-0.631277,-0.081301,-0.407395,0.722689,-0.378723,0.416710,"Citi Velocity, exported by Charlie",france_italy_cmt_euribor_1y5y_citi_2026-10-05.xlsx
2022-03-03,-0.636118,-0.082278,-0.390375,0.756200,-0.374807,0.418683,"Citi Velocity, exported by Charlie",france_italy_cmt_euribor_1y5y_citi_2026-10-05.xlsx
2022-03-04,-0.693539,-0.188046,-0.416689,0.706778,-0.353543,0.386428,"Citi Velocity, exported by Charlie",france_italy_cmt_euribor_1y5y_citi_2026-10-05.xlsx
2022-03-07,-0.667076,-0.122336,-0.384398,0.762657,-0.324266,0.414577,"Citi Velocity, exported by Charlie",france_italy_cmt_euribor_1y5y_citi_2026-10-05.xlsx
2022-03-08,-0.650513,-0.046394,-0.396717,0.761970,-0.286385,0.481597,"Citi Velocity, exported by Charlie",france_italy_cmt_euribor_1y5y_citi_2026-10-05.xlsx
2022-03-09,-0.614303,0.044669,-0.364564,0.822137,-0.272684,0.537114,"Citi Velocity, exported by Charlie",france_italy_cmt_euribor_1y5y_citi_2026-10-05.xlsx
2022-03-10,-0.556689,0.179683,-0.258785,1.074970,-0.240485,0.651599,"Citi Velocity, exported by Charlie",france_italy_cmt_euribor_1y5y_citi_2026-10-05.xlsx
2022-03-11,-0.549944,0.211478,-0.288800,1.054810,-0.236527,0.714588,"Citi Velocity, exported by Charlie",france_italy_cmt_euribor_1y5y_citi_2026-10-05.xlsx
2022-03-14,-0.532258,0.281833,-0.296245,1.122860,-0.220923,0.770150,"Citi Velocity, exported by Charlie",france_italy_cmt_euribor_1y5y_citi_2026-10-05.xlsx
2022-03-15,-0.559689,0.210642,-0.333202,1.047330,-0.224769,0.721032,"Citi Velocity, exported by Charlie",france_italy_cmt_euribor_1y5y_citi_2026-10-05.xlsx
2022-03-16,-0.539091,0.274231,-0.345002,1.051690,-0.215324,0.756114,"Citi Velocity, exported by Charlie",france_italy_cmt_euribor_1y5y_citi_2026-10-05.xlsx
2022-03-17,-0.532169,0.283653,-0.337765,1.068970,-0.232547,0.746455,"Citi Velocity, exported by Charlie",france_italy_cmt_euribor_1y5y_citi_2026-10-05.xlsx
2022-03-18,-0.543837,0.250260,-0.354800,1.039130,-0.225298,0.723602,"Citi Velocity, exported by Charlie",france_italy_cmt_euribor_1y5y_citi_2026-10-05.xlsx
2022-03-21,-0.528901,0.319428,-0.326175,1.103340,-0.221329,0.775083,"Citi Velocity, exported by Charlie",france_italy_cmt_euribor_1y5y_citi_2026-10-05.xlsx
2022-03-22,-0.499219,0.403259,-0.299574,1.173370,-0.200579,0.850971,"Citi Velocity, exported by Charlie",france_italy_cmt_euribor_1y5y_citi_2026-10-05.xlsx
2022-03-23,-0.507943,0.386396,-0.307830,1.147770,-0.201203,0.821741,"Citi Velocity, exported by Charlie",france_italy_cmt_euribor_1y5y_citi_2026-10-05.xlsx
2022-03-24,-0.492665,0.437276,-0.288166,1.194270,-0.185450,0.879095,"Citi Velocity, exported by Charlie",france_italy_cmt_euribor_1y5y_citi_2026-10-05.xlsx
2022-03-25,-0.476952,0.478149,-0.274382,1.212170,-0.166581,0.924811,"Citi Velocity, exported by Charlie",france_italy_cmt_euribor_1y5y_citi_2026-10-05.xlsx
2022-03-28,-0.458792,0.525721,-0.252517,1.280170,-0.136639,0.975722,"Citi Velocity, exported by Charlie",france_italy_cmt_euribor_1y5y_citi_2026-10-05.xlsx
2022-03-29,-0.411509,0.603773,-0.205970,1.351450,-0.105014,1.047670,"Citi Velocity, exported by Charlie",france_italy_cmt_euribor_1y5y_citi_2026-10-05.xlsx
2022-03-30,-0.360013,0.662253,-0.145164,1.413790,-0.076996,1.101660,"Citi Velocity, exported by Charlie",france_italy_cmt_euribor_1y5y_citi_2026-10-05.xlsx
2022-03-31,-0.377769,0.554000,-0.171673,1.319160,-0.109134,1.001920,"Citi Velocity, exported by Charlie",france_italy_cmt_euribor_1y5y_citi_2026-10-05.xlsx
2022-04-01,-0.377740,0.595482,-0.135311,1.380400,-0.112022,1.023710,"Citi Velocity, exported by Charlie",france_italy_cmt_euribor_1y5y_citi_2026-10-05.xlsx
2022-04-04,-0.376126,0.577403,-0.146434,1.349700,-0.119889,0.990927,"Citi Velocity, exported by Charlie",france_italy_cmt_euribor_1y5y_citi_2026-10-05.xlsx
2022-04-05,-0.342792,0.706455,-0.092024,1.490730,-0.085939,1.093680,"Citi Velocity, exported by Charlie",france_italy_cmt_euribor_1y5y_citi_2026-10-05.xlsx
2022-04-06,-0.346381,0.708459,-0.082027,1.549190,-0.085068,1.104230,"Citi Velocity, exported by Charlie",france_italy_cmt_euribor_1y5y_citi_2026-10-05.xlsx
2022-04-07,-0.332364,0.747054,-0.076943,1.573860,-0.063663,1.135970,"Citi Velocity, exported by Charlie",france_italy_cmt_euribor_1y5y_citi_2026-10-05.xlsx
2022-04-08,-0.312713,0.790228,-0.055328,1.589480,-0.028820,1.189050,"Citi Velocity, exported by Charlie",france_italy_cmt_euribor_1y5y_citi_2026-10-05.xlsx
2022-04-11,-0.277175,0.850384,-0.003905,1.688350,0.006485,1.284920,"Citi Velocity, exported by Charlie",france_italy_cmt_euribor_1y5y_citi_2026-10-05.xlsx
2022-04-12,-0.299867,0.803432,-0.037998,1.628420,-0.014736,1.251200,"Citi Velocity, exported by Charlie",france_italy_cmt_euribor_1y5y_citi_2026-10-05.xlsx
2022-04-13,-0.296948,0.780033,-0.053031,1.579700,-0.003381,1.232040,"Citi Velocity, exported by Charlie",france_italy_cmt_euribor_1y5y_citi_2026-10-05.xlsx
2022-04-14,-0.308679,0.804926,-0.037892,1.657380,-0.018908,1.280220,"Citi Velocity, exported by Charlie",france_italy_cmt_euribor_1y5y_citi_2026-10-05.xlsx
2022-04-15,,,,,-0.019013,1.279390,"Citi Velocity, exported by Charlie",france_italy_cmt_euribor_1y5y_citi_2026-10-05.xlsx
2022-04-18,,,,,-0.018956,1.279380,"Citi Velocity, exported by Charlie",france_italy_cmt_euribor_1y5y_citi_2026-10-05.xlsx
2022-04-19,-0.316306,0.824467,-0.053244,1.685200,-0.022415,1.311840,"Citi Velocity, exported by Charlie",france_italy_cmt_euribor_1y5y_citi_2026-10-05.xlsx
2022-04-20,-0.292584,0.802142,-0.052883,1.659550,-0.002413,1.280390,"Citi Velocity, exported by Charlie",france_italy_cmt_euribor_1y5y_citi_2026-10-05.xlsx
2022-04-21,-0.209832,0.877057,0.011133,1.749890,0.079617,1.348490,"Citi Velocity, exported by Charlie",france_italy_cmt_euribor_1y5y_citi_2026-10-05.xlsx
2022-04-22,-0.153959,0.936841,0.068162,1.850500,0.167203,1.424490,"Citi Velocity, exported by Charlie",france_italy_cmt_euribor_1y5y_citi_2026-10-05.xlsx
2022-04-25,-0.208296,0.817397,0.026757,1.762880,0.129533,1.312500,"Citi Velocity, exported by Charlie",france_italy_cmt_euribor_1y5y_citi_2026-10-05.xlsx
2022-04-26,-0.231539,0.779832,0.017948,1.717870,0.103868,1.269380,"Citi Velocity, exported by Charlie",france_italy_cmt_euribor_1y5y_citi_2026-10-05.xlsx
2022-04-27,-0.224531,0.772456,0.025769,1.731440,0.119947,1.275580,"Citi Velocity, exported by Charlie",france_italy_cmt_euribor_1y5y_citi_2026-10-05.xlsx
2022-04-28,-0.169305,0.871028,0.101106,1.887810,0.188990,1.384630,"Citi Velocity, exported by Charlie",france_italy_cmt_euribor_1y5y_citi_2026-10-05.xlsx
2022-04-29,-0.124578,0.901500,0.150426,1.944190,0.240803,1.436270,"Citi Velocity, exported by Charlie",france_italy_cmt_euribor_1y5y_citi_2026-10-05.xlsx
2022-05-02,,,0.164172,1.977930,0.241851,1.454260,"Citi Velocity, exported by Charlie",france_italy_cmt_euribor_1y5y_citi_2026-10-05.xlsx
2022-05-03,-0.142114,0.910182,0.197260,2.003740,0.246502,1.456190,"Citi Velocity, exported by Charlie",france_italy_cmt_euribor_1y5y_citi_2026-10-05.xlsx
2022-05-04,-0.130012,0.960501,0.290563,2.139170,0.250205,1.487210,"Citi Velocity, exported by Charlie",france_italy_cmt_euribor_1y5y_citi_2026-10-05.xlsx
2022-05-05,-0.136782,0.980378,0.293778,2.182420,0.245729,1.501570,"Citi Velocity, exported by Charlie",france_italy_cmt_euribor_1y5y_citi_2026-10-05.xlsx
2022-05-06,-0.096210,1.098440,0.374507,2.321040,0.302691,1.634490,"Citi Velocity, exported by Charlie",france_italy_cmt_euribor_1y5y_citi_2026-10-05.xlsx
2022-05-09,-0.139957,1.009330,0.350944,2.290860,0.272853,1.579060,"Citi Velocity, exported by Charlie",france_italy_cmt_euribor_1y5y_citi_2026-10-05.xlsx
2022-05-10,-0.164807,0.927761,0.276360,2.168740,0.240852,1.497610,"Citi Velocity, exported by Charlie",france_italy_cmt_euribor_1y5y_citi_2026-10-05.xlsx
2022-05-11,-0.166491,0.918367,0.214590,2.035710,0.240012,1.484660,"Citi Velocity, exported by Charlie",france_italy_cmt_euribor_1y5y_citi_2026-10-05.xlsx
2022-05-12,-0.216107,0.780910,0.140320,1.854570,0.188056,1.311740,"Citi Velocity, exported by Charlie",france_italy_cmt_euribor_1y5y_citi_2026-10-05.xlsx
2022-05-13,-0.191178,0.845657,0.205568,1.958200,0.214334,1.326270,"Citi Velocity, exported by Charlie",france_italy_cmt_euribor_1y5y_citi_2026-10-05.xlsx
2022-05-16,-0.169496,0.846966,0.229315,1.968470,0.251822,1.319880,"Citi Velocity, exported by Charlie",france_italy_cmt_euribor_1y5y_citi_2026-10-05.xlsx
2022-05-17,-0.102309,0.967828,0.321870,2.100380,0.348647,1.416930,"Citi Velocity, exported by Charlie",france_italy_cmt_euribor_1y5y_citi_2026-10-05.xlsx
2022-05-18,-0.087921,0.957468,0.331533,2.099060,0.363330,1.396690,"Citi Velocity, exported by Charlie",france_italy_cmt_euribor_1y5y_citi_2026-10-05.xlsx
2022-05-19,-0.085151,0.915312,0.343851,2.090340,0.378592,1.389600,"Citi Velocity, exported by Charlie",france_italy_cmt_euribor_1y5y_citi_2026-10-05.xlsx
2022-05-20,-0.084575,0.909328,0.378953,2.152230,0.376989,1.370390,"Citi Velocity, exported by Charlie",france_italy_cmt_euribor_1y5y_citi_2026-10-05.xlsx
2022-05-23,-0.052887,0.977690,0.398552,2.189640,0.396206,1.415840,"Citi Velocity, exported by Charlie",france_italy_cmt_euribor_1y5y_citi_2026-10-05.xlsx
2022-05-24,-0.043520,0.922803,0.384083,2.145980,0.392153,1.351900,"Citi Velocity, exported by Charlie",france_italy_cmt_euribor_1y5y_citi_2026-10-05.xlsx
2022-05-25,-0.051096,0.903062,0.350723,2.093630,0.383647,1.351980,"Citi Velocity, exported by Charlie",france_italy_cmt_euribor_1y5y_citi_2026-10-05.xlsx
2022-05-26,-0.049251,0.927649,0.319023,2.054090,0.379193,1.386300,"Citi Velocity, exported by Charlie",france_italy_cmt_euribor_1y5y_citi_2026-10-05.xlsx
2022-05-27,-0.016977,0.913395,0.326796,2.048600,0.385351,1.371570,"Citi Velocity, exported by Charlie",france_italy_cmt_euribor_1y5y_citi_2026-10-05.xlsx
2022-05-30,0.041686,0.996002,0.375996,2.142430,0.432433,1.426990,"Citi Velocity, exported by Charlie",france_italy_cmt_euribor_1y5y_citi_2026-10-05.xlsx
2022-05-31,0.074169,1.076040,0.439787,2.286290,0.469074,1.513680,"Citi Velocity, exported by Charlie",france_italy_cmt_euribor_1y5y_citi_2026-10-05.xlsx
2022-06-01,0.088486,1.128340,0.467247,2.325320,0.501910,1.566270,"Citi Velocity, exported by Charlie",france_italy_cmt_euribor_1y5y_citi_2026-10-05.xlsx
2022-06-02,,,0.549205,2.449600,0.538548,1.643970,"Citi Velocity, exported by Charlie",france_italy_cmt_euribor_1y5y_citi_2026-10-05.xlsx
2022-06-03,,,0.590105,2.553680,0.583055,1.705730,"Citi Velocity, exported by Charlie",france_italy_cmt_euribor_1y5y_citi_2026-10-05.xlsx
2022-06-06,0.173554,1.297640,0.608040,2.587940,0.613088,1.737040,"Citi Velocity, exported by Charlie",france_italy_cmt_euribor_1y5y_citi_2026-10-05.xlsx
2022-06-07,0.164008,1.253010,0.554629,2.477470,0.617466,1.700510,"Citi Velocity, exported by Charlie",france_italy_cmt_euribor_1y5y_citi_2026-10-05.xlsx
2022-06-08,0.202211,1.312830,0.592323,2.543800,0.664565,1.756590,"Citi Velocity, exported by Charlie",france_italy_cmt_euribor_1y5y_citi_2026-10-05.xlsx
2022-06-09,0.263096,1.452420,0.739811,2.797100,0.759277,1.861900,"Citi Velocity, exported by Charlie",france_italy_cmt_euribor_1y5y_citi_2026-10-05.xlsx
2022-06-10,0.345025,1.595040,0.953255,3.006920,0.856108,1.976640,"Citi Velocity, exported by Charlie",france_italy_cmt_euribor_1y5y_citi_2026-10-05.xlsx
2022-06-13,0.450284,1.799110,1.223410,3.357030,0.959977,2.192680,"Citi Velocity, exported by Charlie",france_italy_cmt_euribor_1y5y_citi_2026-10-05.xlsx
2022-06-14,0.519115,1.859390,1.254760,3.429040,1.083360,2.301700,"Citi Velocity, exported by Charlie",france_italy_cmt_euribor_1y5y_citi_2026-10-05.xlsx
2022-06-15,0.449545,1.707850,0.996963,3.014550,1.034840,2.178490,"Citi Velocity, exported by Charlie",france_italy_cmt_euribor_1y5y_citi_2026-10-05.xlsx
2022-06-16,0.503222,1.796740,1.033610,3.030750,1.086630,2.249040,"Citi Velocity, exported by Charlie",france_italy_cmt_euribor_1y5y_citi_2026-10-05.xlsx
2022-06-17,0.461198,1.739960,0.920848,2.835440,1.034720,2.203520,"Citi Velocity, exported by Charlie",france_italy_cmt_euribor_1y5y_citi_2026-10-05.xlsx
2022-06-20,0.473990,1.801910,0.931072,2.875820,1.047430,2.270810,"Citi Velocity, exported by Charlie",france_italy_cmt_euribor_1y5y_citi_2026-10-05.xlsx
2022-06-21,0.476335,1.832390,0.930997,2.893710,1.056940,2.291600,"Citi Velocity, exported by Charlie",france_italy_cmt_euribor_1y5y_citi_2026-10-05.xlsx
2022-06-22,0.432055,1.681450,0.838284,2.725760,1.015570,2.168130,"Citi Velocity, exported by Charlie",france_italy_cmt_euribor_1y5y_citi_2026-10-05.xlsx
2022-06-23,0.321157,1.437940,0.736542,2.542850,0.869577,1.900400,"Citi Velocity, exported by Charlie",france_italy_cmt_euribor_1y5y_citi_2026-10-05.xlsx
2022-06-24,0.311978,1.425260,0.781486,2.603290,0.844230,1.898770,"Citi Velocity, exported by Charlie",france_italy_cmt_euribor_1y5y_citi_2026-10-05.xlsx
2022-06-27,0.370796,1.544100,0.849231,2.699900,0.891241,2.016350,"Citi Velocity, exported by Charlie",france_italy_cmt_euribor_1y5y_citi_2026-10-05.xlsx
2022-06-28,0.420812,1.647570,0.854008,2.741640,0.941919,2.101020,"Citi Velocity, exported by Charlie",france_italy_cmt_euribor_1y5y_citi_2026-10-05.xlsx
2022-06-29,0.358595,1.492750,0.778065,2.566430,0.878974,1.970470,"Citi Velocity, exported by Charlie",france_italy_cmt_euribor_1y5y_citi_2026-10-05.xlsx
2022-06-30,0.304899,1.363820,0.705084,2.474610,0.808533,1.814160,"Citi Velocity, exported by Charlie",france_italy_cmt_euribor_1y5y_citi_2026-10-05.xlsx
2022-07-01,0.190238,1.170880,0.550638,2.230850,0.674889,1.621210,"Citi Velocity, exported by Charlie",france_italy_cmt_euribor_1y5y_citi_2026-10-05.xlsx
2022-07-04,0.289484,1.338250,0.624657,2.389650,0.790007,1.789000,"Citi Velocity, exported by Charlie",france_italy_cmt_euribor_1y5y_citi_2026-10-05.xlsx
2022-07-05,0.198377,1.166940,0.567486,2.272050,0.707084,1.641520,"Citi Velocity, exported by Charlie",france_italy_cmt_euribor_1y5y_citi_2026-10-05.xlsx
2022-07-06,0.190111,1.105320,0.535391,2.207810,0.688503,1.552250,"Citi Velocity, exported by Charlie",france_italy_cmt_euribor_1y5y_citi_2026-10-05.xlsx
2022-07-07,0.303481,1.243570,0.642229,2.384460,0.828982,1.718860,"Citi Velocity, exported by Charlie",france_italy_cmt_euribor_1y5y_citi_2026-10-05.xlsx
2022-07-08,0.313652,1.257600,0.621774,2.359560,0.855738,1.730910,"Citi Velocity, exported by Charlie",france_italy_cmt_euribor_1y5y_citi_2026-10-05.xlsx
2022-07-11,0.282178,1.150570,0.593540,2.309010,0.842155,1.647210,"Citi Velocity, exported by Charlie",france_italy_cmt_euribor_1y5y_citi_2026-10-05.xlsx
2022-07-12,0.221404,1.028250,0.579616,2.214760,0.772649,1.549460,"Citi Velocity, exported by Charlie",france_italy_cmt_euribor_1y5y_citi_2026-10-05.xlsx
2022-07-13,0.311786,1.111730,0.683980,2.335650,0.884236,1.604090,"Citi Velocity, exported by Charlie",france_italy_cmt_euribor_1y5y_citi_2026-10-05.xlsx
2022-07-14,0.370049,1.171870,0.893837,2.553120,0.975075,1.650140,"Citi Velocity, exported by Charlie",france_italy_cmt_euribor_1y5y_citi_2026-10-05.xlsx
2022-07-15,0.278406,1.105410,0.869686,2.502790,0.940913,1.612310,"Citi Velocity, exported by Charlie",france_italy_cmt_euribor_1y5y_citi_2026-10-05.xlsx
2022-07-18,0.311735,1.187810,0.848007,2.488190,0.967125,1.682080,"Citi Velocity, exported by Charlie",france_italy_cmt_euribor_1y5y_citi_2026-10-05.xlsx
2022-07-19,0.409517,1.258560,0.946343,2.568430,1.071830,1.764090,"Citi Velocity, exported by Charlie",france_italy_cmt_euribor_1y5y_citi_2026-10-05.xlsx
2022-07-20,0.404629,1.264660,1.005670,2.641200,1.082210,1.748950,"Citi Velocity, exported by Charlie",france_italy_cmt_euribor_1y5y_citi_2026-10-05.xlsx
2022-07-21,0.462328,1.240200,1.164530,2.775910,1.132360,1.721280,"Citi Velocity, exported by Charlie",france_italy_cmt_euribor_1y5y_citi_2026-10-05.xlsx
2022-07-22,0.326563,1.016840,0.980557,2.585460,1.005340,1.535080,"Citi Velocity, exported by Charlie",france_italy_cmt_euribor_1y5y_citi_2026-10-05.xlsx
2022-07-25,0.311249,0.996619,1.003270,2.568930,0.981851,1.490430,"Citi Velocity, exported by Charlie",france_italy_cmt_euribor_1y5y_citi_2026-10-05.xlsx
2022-07-26,0.283899,0.908859,0.975176,2.511640,0.953008,1.422920,"Citi Velocity, exported by Charlie",france_italy_cmt_euribor_1y5y_citi_2026-10-05.xlsx
2022-07-27,0.312538,0.908736,1.030170,2.574880,0.992932,1.428480,"Citi Velocity, exported by Charlie",france_italy_cmt_euribor_1y5y_citi_2026-10-05.xlsx
2022-07-28,0.217420,0.748056,0.934855,2.402720,0.892393,1.290530,"Citi Velocity, exported by Charlie",france_italy_cmt_euribor_1y5y_citi_2026-10-05.xlsx
2022-07-29,0.222408,0.772090,0.888396,2.290260,0.890904,1.330820,"Citi Velocity, exported by Charlie",france_italy_cmt_euribor_1y5y_citi_2026-10-05.xlsx
2022-08-01,0.218708,0.737157,0.768580,2.086320,0.886192,1.303250,"Citi Velocity, exported by Charlie",france_italy_cmt_euribor_1y5y_citi_2026-10-05.xlsx
2022-08-02,0.249984,0.788853,0.819080,2.175140,0.927354,1.358260,"Citi Velocity, exported by Charlie",france_italy_cmt_euribor_1y5y_citi_2026-10-05.xlsx
2022-08-03,0.313723,0.864761,0.832691,2.175790,0.970748,1.422580,"Citi Velocity, exported by Charlie",france_italy_cmt_euribor_1y5y_citi_2026-10-05.xlsx
2022-08-04,0.298166,0.794088,0.790722,2.089140,0.950145,1.377100,"Citi Velocity, exported by Charlie",france_italy_cmt_euribor_1y5y_citi_2026-10-05.xlsx
2022-08-05,0.380375,0.932474,0.812497,2.135490,1.041240,1.542350,"Citi Velocity, exported by Charlie",france_italy_cmt_euribor_1y5y_citi_2026-10-05.xlsx
2022-08-08,0.376475,0.901167,0.841701,2.176880,1.038140,1.509470,"Citi Velocity, exported by Charlie",france_italy_cmt_euribor_1y5y_citi_2026-10-05.xlsx
2022-08-09,0.408871,0.944499,0.867268,2.221440,1.079150,1.552810,"Citi Velocity, exported by Charlie",france_italy_cmt_euribor_1y5y_citi_2026-10-05.xlsx
2022-08-10,0.389628,0.890240,0.843114,2.134880,1.057990,1.507640,"Citi Velocity, exported by Charlie",france_italy_cmt_euribor_1y5y_citi_2026-10-05.xlsx
2022-08-11,0.416022,0.976691,0.852463,2.170400,1.080200,1.573890,"Citi Velocity, exported by Charlie",france_italy_cmt_euribor_1y5y_citi_2026-10-05.xlsx
2022-08-12,0.427105,1.010470,0.865702,2.235720,1.084150,1.592950,"Citi Velocity, exported by Charlie",france_italy_cmt_euribor_1y5y_citi_2026-10-05.xlsx
2022-08-15,0.388524,0.918536,0.832825,2.151000,1.023050,1.493390,"Citi Velocity, exported by Charlie",france_italy_cmt_euribor_1y5y_citi_2026-10-05.xlsx
2022-08-16,0.440691,0.994432,0.912931,2.310120,1.060470,1.544990,"Citi Velocity, exported by Charlie",france_italy_cmt_euribor_1y5y_citi_2026-10-05.xlsx
2022-08-17,0.550429,1.134220,1.029270,2.499990,1.171460,1.679210,"Citi Velocity, exported by Charlie",france_italy_cmt_euribor_1y5y_citi_2026-10-05.xlsx
2022-08-18,0.571728,1.135060,1.048850,2.506200,1.196930,1.693220,"Citi Velocity, exported by Charlie",france_italy_cmt_euribor_1y5y_citi_2026-10-05.xlsx
2022-08-19,0.642385,1.272920,1.120570,2.650770,1.283690,1.857780,"Citi Velocity, exported by Charlie",france_italy_cmt_euribor_1y5y_citi_2026-10-05.xlsx
2022-08-22,0.651985,1.337420,1.167570,2.737350,1.343370,1.959250,"Citi Velocity, exported by Charlie",france_italy_cmt_euribor_1y5y_citi_2026-10-05.xlsx
2022-08-23,0.553160,1.350230,1.202810,2.791570,1.355980,1.981330,"Citi Velocity, exported by Charlie",france_italy_cmt_euribor_1y5y_citi_2026-10-05.xlsx
2022-08-24,0.589662,1.422320,1.229140,2.825260,1.414020,2.042180,"Citi Velocity, exported by Charlie",france_italy_cmt_euribor_1y5y_citi_2026-10-05.xlsx
2022-08-25,0.565835,1.361130,1.153860,2.661770,1.393080,1.978950,"Citi Velocity, exported by Charlie",france_italy_cmt_euribor_1y5y_citi_2026-10-05.xlsx
2022-08-26,0.610208,1.456550,1.263160,2.807680,1.549260,2.065010,"Citi Velocity, exported by Charlie",france_italy_cmt_euribor_1y5y_citi_2026-10-05.xlsx
2022-08-29,,,1.401280,2.952790,1.700500,2.214600,"Citi Velocity, exported by Charlie",france_italy_cmt_euribor_1y5y_citi_2026-10-05.xlsx
2022-08-30,0.703825,1.607030,1.447420,2.993050,1.761280,2.249520,"Citi Velocity, exported by Charlie",france_italy_cmt_euribor_1y5y_citi_2026-10-05.xlsx
2022-08-31,0.736648,1.643460,1.565110,3.058350,1.795860,2.269390,"Citi Velocity, exported by Charlie",france_italy_cmt_euribor_1y5y_citi_2026-10-05.xlsx
2022-09-01,0.755103,1.664590,1.629410,3.114700,1.807780,2.269930,"Citi Velocity, exported by Charlie",france_italy_cmt_euribor_1y5y_citi_2026-10-05.xlsx
2022-09-02,0.696725,1.575180,1.548160,2.963190,1.775750,2.211410,"Citi Velocity, exported by Charlie",france_italy_cmt_euribor_1y5y_citi_2026-10-05.xlsx
2022-09-05,0.712791,1.625770,1.619130,3.056460,1.815540,2.297990,"Citi Velocity, exported by Charlie",france_italy_cmt_euribor_1y5y_citi_2026-10-05.xlsx
2022-09-06,0.701569,1.639380,1.613030,3.064600,1.808070,2.310510,"Citi Velocity, exported by Charlie",france_italy_cmt_euribor_1y5y_citi_2026-10-05.xlsx
2022-09-07,0.741678,1.597960,1.590680,3.007700,1.789060,2.266400,"Citi Velocity, exported by Charlie",france_italy_cmt_euribor_1y5y_citi_2026-10-05.xlsx
2022-09-08,1.000450,1.780460,1.748140,3.128170,1.921660,2.343210,"Citi Velocity, exported by Charlie",france_italy_cmt_euribor_1y5y_citi_2026-10-05.xlsx
2022-09-09,1.081290,1.786600,1.883850,3.195550,1.978830,2.354260,"Citi Velocity, exported by Charlie",france_italy_cmt_euribor_1y5y_citi_2026-10-05.xlsx
2022-09-12,1.110180,1.711480,1.886310,3.112790,2.000150,2.303580,"Citi Velocity, exported by Charlie",france_italy_cmt_euribor_1y5y_citi_2026-10-05.xlsx
2022-09-13,1.173950,1.808240,1.928630,3.192300,2.107130,2.424260,"Citi Velocity, exported by Charlie",france_italy_cmt_euribor_1y5y_citi_2026-10-05.xlsx
2022-09-14,1.201850,1.808500,1.965420,3.219840,2.172370,2.446380,"Citi Velocity, exported by Charlie",france_italy_cmt_euribor_1y5y_citi_2026-10-05.xlsx
2022-09-15,1.250760,1.873960,2.010920,3.278420,2.236250,2.482510,"Citi Velocity, exported by Charlie",france_italy_cmt_euribor_1y5y_citi_2026-10-05.xlsx
2022-09-16,1.297410,1.933640,2.082670,3.338060,2.270000,2.524360,"Citi Velocity, exported by Charlie",france_italy_cmt_euribor_1y5y_citi_2026-10-05.xlsx
2022-09-19,,,2.081020,3.316740,2.275630,2.525760,"Citi Velocity, exported by Charlie",france_italy_cmt_euribor_1y5y_citi_2026-10-05.xlsx
2022-09-20,1.464570,2.089080,2.141000,3.467470,2.360950,2.669610,"Citi Velocity, exported by Charlie",france_italy_cmt_euribor_1y5y_citi_2026-10-05.xlsx
2022-09-21,1.515750,2.086030,2.146580,3.452420,2.385780,2.700580,"Citi Velocity, exported by Charlie",france_italy_cmt_euribor_1y5y_citi_2026-10-05.xlsx
2022-09-22,1.579430,2.198320,2.208720,3.527440,2.445900,2.821870,"Citi Velocity, exported by Charlie",france_italy_cmt_euribor_1y5y_citi_2026-10-05.xlsx
2022-09-23,1.597400,2.262430,2.304020,3.714210,2.478900,2.921660,"Citi Velocity, exported by Charlie",france_italy_cmt_euribor_1y5y_citi_2026-10-05.xlsx
2022-09-26,1.658040,2.311810,2.395330,3.839750,2.538780,3.005210,"Citi Velocity, exported by Charlie",france_italy_cmt_euribor_1y5y_citi_2026-10-05.xlsx
2022-09-27,1.676240,2.425290,2.488110,4.034330,2.562050,3.117590,"Citi Velocity, exported by Charlie",france_italy_cmt_euribor_1y5y_citi_2026-10-05.xlsx
2022-09-28,1.630710,2.317990,2.349320,3.856330,2.487650,3.063640,"Citi Velocity, exported by Charlie",france_italy_cmt_euribor_1y5y_citi_2026-10-05.xlsx
2022-09-29,1.619480,2.331120,2.345770,3.883660,2.458540,3.044230,"Citi Velocity, exported by Charlie",france_italy_cmt_euribor_1y5y_citi_2026-10-05.xlsx
2022-09-30,1.570820,2.235790,2.265010,3.740890,2.407250,2.949190,"Citi Velocity, exported by Charlie",france_italy_cmt_euribor_1y5y_citi_2026-10-05.xlsx
2022-10-03,1.487970,2.033740,2.141840,3.458890,2.311610,2.755540,"Citi Velocity, exported by Charlie",france_italy_cmt_euribor_1y5y_citi_2026-10-05.xlsx
2022-10-04,1.477460,1.997090,2.076400,3.390760,2.264600,2.702890,"Citi Velocity, exported by Charlie",france_italy_cmt_euribor_1y5y_citi_2026-10-05.xlsx
2022-10-05,1.559320,2.131460,2.199840,3.634580,2.350490,2.843030,"Citi Velocity, exported by Charlie",france_italy_cmt_euribor_1y5y_citi_2026-10-05.xlsx
2022-10-06,1.621240,2.229280,2.288180,3.737850,2.450710,2.981420,"Citi Velocity, exported by Charlie",france_italy_cmt_euribor_1y5y_citi_2026-10-05.xlsx
2022-10-07,1.671690,2.326810,2.412980,3.946340,2.527350,3.113990,"Citi Velocity, exported by Charlie",france_italy_cmt_euribor_1y5y_citi_2026-10-05.xlsx
2022-10-10,1.718150,2.407120,2.354210,3.857530,2.580700,3.203500,"Citi Velocity, exported by Charlie",france_italy_cmt_euribor_1y5y_citi_2026-10-05.xlsx
2022-10-11,1.684040,2.351470,2.332610,3.849950,2.547870,3.147890,"Citi Velocity, exported by Charlie",france_italy_cmt_euribor_1y5y_citi_2026-10-05.xlsx
2022-10-12,1.722450,2.402370,2.402160,3.949160,2.570040,3.166530,"Citi Velocity, exported by Charlie",france_italy_cmt_euribor_1y5y_citi_2026-10-05.xlsx
2022-10-13,1.757300,2.426590,2.409080,3.912190,2.594250,3.167770,"Citi Velocity, exported by Charlie",france_italy_cmt_euribor_1y5y_citi_2026-10-05.xlsx
2022-10-14,1.784780,2.441610,2.414610,3.934450,2.619040,3.161800,"Citi Velocity, exported by Charlie",france_italy_cmt_euribor_1y5y_citi_2026-10-05.xlsx
2022-10-17,1.813190,2.404820,2.405850,3.881440,2.623620,3.124540,"Citi Velocity, exported by Charlie",france_italy_cmt_euribor_1y5y_citi_2026-10-05.xlsx
2022-10-18,1.810010,2.382080,2.392880,3.838150,2.604660,3.073620,"Citi Velocity, exported by Charlie",france_italy_cmt_euribor_1y5y_citi_2026-10-05.xlsx
2022-10-19,1.883980,2.508850,2.487140,3.945030,2.653520,3.143180,"Citi Velocity, exported by Charlie",france_italy_cmt_euribor_1y5y_citi_2026-10-05.xlsx
2022-10-20,1.895300,2.528130,2.492320,3.940100,2.688360,3.159730,"Citi Velocity, exported by Charlie",france_italy_cmt_euribor_1y5y_citi_2026-10-05.xlsx
2022-10-21,1.873380,2.519190,2.480860,3.956470,2.636280,3.136700,"Citi Velocity, exported by Charlie",france_italy_cmt_euribor_1y5y_citi_2026-10-05.xlsx
2022-10-24,1.877040,2.459600,2.389950,3.805490,2.608340,3.078390,"Citi Velocity, exported by Charlie",france_italy_cmt_euribor_1y5y_citi_2026-10-05.xlsx
2022-10-25,1.848330,2.313540,2.291910,3.609410,2.553580,2.912570,"Citi Velocity, exported by Charlie",france_italy_cmt_euribor_1y5y_citi_2026-10-05.xlsx
2022-10-26,1.875390,2.280210,2.295240,3.563350,2.535890,2.900240,"Citi Velocity, exported by Charlie",france_italy_cmt_euribor_1y5y_citi_2026-10-05.xlsx
2022-10-27,1.808920,2.123720,2.146050,3.285600,2.410360,2.749310,"Citi Velocity, exported by Charlie",france_italy_cmt_euribor_1y5y_citi_2026-10-05.xlsx
2022-10-28,1.883890,2.222030,2.272850,3.405790,2.533810,2.876350,"Citi Velocity, exported by Charlie",france_italy_cmt_euribor_1y5y_citi_2026-10-05.xlsx
2022-10-31,1.923870,2.263240,2.385610,3.545290,2.612720,2.931560,"Citi Velocity, exported by Charlie",france_italy_cmt_euribor_1y5y_citi_2026-10-05.xlsx
2022-11-01,1.920570,2.235260,2.347040,3.480220,2.620360,2.901260,"Citi Velocity, exported by Charlie",france_italy_cmt_euribor_1y5y_citi_2026-10-05.xlsx
2022-11-02,1.984450,2.278810,2.374170,3.524710,2.639390,2.934120,"Citi Velocity, exported by Charlie",france_italy_cmt_euribor_1y5y_citi_2026-10-05.xlsx
2022-11-03,2.066470,2.408380,2.442500,3.658750,2.723500,3.053060,"Citi Velocity, exported by Charlie",france_italy_cmt_euribor_1y5y_citi_2026-10-05.xlsx
2022-11-04,2.090260,2.446920,2.500910,3.713840,2.748950,3.078170,"Citi Velocity, exported by Charlie",france_italy_cmt_euribor_1y5y_citi_2026-10-05.xlsx
2022-11-07,2.121950,2.470890,2.514770,3.722790,2.768810,3.052390,"Citi Velocity, exported by Charlie",france_italy_cmt_euribor_1y5y_citi_2026-10-05.xlsx
2022-11-08,2.142110,2.440510,2.508590,3.654570,2.775150,2.996930,"Citi Velocity, exported by Charlie",france_italy_cmt_euribor_1y5y_citi_2026-10-05.xlsx
2022-11-09,2.130730,2.353990,2.496240,3.573910,2.733290,2.895370,"Citi Velocity, exported by Charlie",france_italy_cmt_euribor_1y5y_citi_2026-10-05.xlsx
2022-11-10,2.047410,2.179160,2.329360,3.285110,2.650010,2.741980,"Citi Velocity, exported by Charlie",france_italy_cmt_euribor_1y5y_citi_2026-10-05.xlsx
2022-11-11,2.148040,2.344520,2.502470,3.501580,2.733680,2.836270,"Citi Velocity, exported by Charlie",france_italy_cmt_euribor_1y5y_citi_2026-10-05.xlsx
2022-11-14,2.141090,2.342790,2.495440,3.475210,2.728990,2.813660,"Citi Velocity, exported by Charlie",france_italy_cmt_euribor_1y5y_citi_2026-10-05.xlsx
2022-11-15,2.129060,2.294450,2.441040,3.333870,2.697400,2.739010,"Citi Velocity, exported by Charlie",france_italy_cmt_euribor_1y5y_citi_2026-10-05.xlsx
2022-11-16,2.123390,2.206540,2.442920,3.256040,2.692990,2.683990,"Citi Velocity, exported by Charlie",france_italy_cmt_euribor_1y5y_citi_2026-10-05.xlsx
2022-11-17,2.133160,2.238340,2.477000,3.292760,2.720730,2.740500,"Citi Velocity, exported by Charlie",france_italy_cmt_euribor_1y5y_citi_2026-10-05.xlsx
2022-11-18,2.095750,2.209640,2.426760,3.213140,2.701760,2.742140,"Citi Velocity, exported by Charlie",france_italy_cmt_euribor_1y5y_citi_2026-10-05.xlsx
2022-11-21,2.094420,2.187670,2.487380,3.283410,2.698780,2.705620,"Citi Velocity, exported by Charlie",france_italy_cmt_euribor_1y5y_citi_2026-10-05.xlsx
2022-11-22,2.104170,2.186660,2.499500,3.284860,2.712870,2.696560,"Citi Velocity, exported by Charlie",france_italy_cmt_euribor_1y5y_citi_2026-10-05.xlsx
2022-11-23,2.147430,2.160800,2.478610,3.205290,2.741020,2.676160,"Citi Velocity, exported by Charlie",france_italy_cmt_euribor_1y5y_citi_2026-10-05.xlsx
2022-11-24,2.120380,2.089300,2.421480,3.130390,2.727360,2.602330,"Citi Velocity, exported by Charlie",france_italy_cmt_euribor_1y5y_citi_2026-10-05.xlsx
2022-11-25,2.173640,2.223100,2.460670,3.284130,2.780800,2.703060,"Citi Velocity, exported by Charlie",france_italy_cmt_euribor_1y5y_citi_2026-10-05.xlsx
2022-11-28,2.166260,2.220390,2.488750,3.331300,2.776860,2.709380,"Citi Velocity, exported by Charlie",france_italy_cmt_euribor_1y5y_citi_2026-10-05.xlsx
2022-11-29,2.062810,2.153320,2.402750,3.221240,2.725350,2.642170,"Citi Velocity, exported by Charlie",france_italy_cmt_euribor_1y5y_citi_2026-10-05.xlsx
2022-11-30,2.118280,2.190250,2.426790,3.286560,2.749280,2.671850,"Citi Velocity, exported by Charlie",france_italy_cmt_euribor_1y5y_citi_2026-10-05.xlsx
2022-12-01,2.048040,2.039790,2.322580,3.109990,2.700230,2.553530,"Citi Velocity, exported by Charlie",france_italy_cmt_euribor_1y5y_citi_2026-10-05.xlsx
2022-12-02,2.088420,2.103840,2.363380,3.167210,2.748160,2.613410,"Citi Velocity, exported by Charlie",france_italy_cmt_euribor_1y5y_citi_2026-10-05.xlsx
2022-12-05,2.089200,2.104180,2.383530,3.174170,2.760440,2.648290,"Citi Velocity, exported by Charlie",france_italy_cmt_euribor_1y5y_citi_2026-10-05.xlsx
2022-12-06,2.063710,2.039620,2.349620,3.094020,2.743140,2.584700,"Citi Velocity, exported by Charlie",france_italy_cmt_euribor_1y5y_citi_2026-10-05.xlsx
2022-12-07,2.079770,2.021190,2.304580,2.984410,2.731530,2.572250,"Citi Velocity, exported by Charlie",france_italy_cmt_euribor_1y5y_citi_2026-10-05.xlsx
2022-12-08,2.097580,2.055440,2.329780,3.068570,2.737640,2.589290,"Citi Velocity, exported by Charlie",france_italy_cmt_euribor_1y5y_citi_2026-10-05.xlsx
2022-12-09,2.159550,2.172980,2.426900,3.190950,2.770790,2.660530,"Citi Velocity, exported by Charlie",france_italy_cmt_euribor_1y5y_citi_2026-10-05.xlsx
2022-12-12,2.185140,2.191710,2.455060,3.214090,2.800360,2.685770,"Citi Velocity, exported by Charlie",france_italy_cmt_euribor_1y5y_citi_2026-10-05.xlsx
2022-12-13,2.166310,2.137240,2.429440,3.178070,2.766170,2.657210,"Citi Velocity, exported by Charlie",france_italy_cmt_euribor_1y5y_citi_2026-10-05.xlsx
2022-12-14,2.185830,2.143650,2.475510,3.230000,2.764550,2.641590,"Citi Velocity, exported by Charlie",france_italy_cmt_euribor_1y5y_citi_2026-10-05.xlsx
2022-12-15,2.330720,2.364760,2.754840,3.556780,2.932250,2.798680,"Citi Velocity, exported by Charlie",france_italy_cmt_euribor_1y5y_citi_2026-10-05.xlsx
2022-12-16,2.404980,2.468860,2.809140,3.693840,3.033260,2.918130,"Citi Velocity, exported by Charlie",france_italy_cmt_euribor_1y5y_citi_2026-10-05.xlsx
2022-12-19,2.424900,2.473250,2.819100,3.720140,3.049840,2.907330,"Citi Velocity, exported by Charlie",france_italy_cmt_euribor_1y5y_citi_2026-10-05.xlsx
2022-12-20,2.470260,2.574190,2.857250,3.808800,3.099840,2.998490,"Citi Velocity, exported by Charlie",france_italy_cmt_euribor_1y5y_citi_2026-10-05.xlsx
2022-12-21,2.517880,2.585750,2.792330,3.771860,3.136210,3.042470,"Citi Velocity, exported by Charlie",france_italy_cmt_euribor_1y5y_citi_2026-10-05.xlsx
2022-12-22,2.522050,2.631930,2.755810,3.795780,3.169470,3.090140,"Citi Velocity, exported by Charlie",france_italy_cmt_euribor_1y5y_citi_2026-10-05.xlsx
2022-12-23,2.560390,2.698550,2.781620,3.855640,3.211310,3.135260,"Citi Velocity, exported by Charlie",france_italy_cmt_euribor_1y5y_citi_2026-10-05.xlsx
2022-12-26,,,,,3.211180,3.134500,"Citi Velocity, exported by Charlie",france_italy_cmt_euribor_1y5y_citi_2026-10-05.xlsx
2022-12-27,2.587900,2.780290,2.814990,3.920590,3.243860,3.213150,"Citi Velocity, exported by Charlie",france_italy_cmt_euribor_1y5y_citi_2026-10-05.xlsx
2022-12-28,2.593890,2.774290,2.775910,3.924350,3.224170,3.201960,"Citi Velocity, exported by Charlie",france_italy_cmt_euribor_1y5y_citi_2026-10-05.xlsx
2022-12-29,2.567280,2.735670,2.862760,3.861550,3.202690,3.156830,"Citi Velocity, exported by Charlie",france_italy_cmt_euribor_1y5y_citi_2026-10-05.xlsx
2022-12-30,2.635860,2.813920,2.909610,3.949770,3.224620,3.230880,"Citi Velocity, exported by Charlie",france_italy_cmt_euribor_1y5y_citi_2026-10-05.xlsx
2023-01-02,2.666740,2.742300,2.887700,3.858400,3.195330,3.127310,"Citi Velocity, exported by Charlie",france_italy_cmt_euribor_1y5y_citi_2026-10-05.xlsx
2023-01-03,2.660160,2.690540,2.886280,3.818200,3.177420,3.048500,"Citi Velocity, exported by Charlie",france_italy_cmt_euribor_1y5y_citi_2026-10-05.xlsx
2023-01-04,2.632390,2.557990,2.808620,3.614620,3.118650,2.923320,"Citi Velocity, exported by Charlie",france_italy_cmt_euribor_1y5y_citi_2026-10-05.xlsx
2023-01-05,2.662990,2.608190,2.878100,3.682630,3.164160,2.988270,"Citi Velocity, exported by Charlie",france_italy_cmt_euribor_1y5y_citi_2026-10-05.xlsx
2023-01-06,2.633280,2.504860,2.863280,3.572100,3.159840,2.890930,"Citi Velocity, exported by Charlie",france_italy_cmt_euribor_1y5y_citi_2026-10-05.xlsx
2023-01-09,2.648120,2.530400,2.877340,3.571780,3.184110,2.897950,"Citi Velocity, exported by Charlie",france_italy_cmt_euribor_1y5y_citi_2026-10-05.xlsx
2023-01-10,2.676970,2.601210,2.905560,3.585620,3.218350,2.956590,"Citi Velocity, exported by Charlie",france_italy_cmt_euribor_1y5y_citi_2026-10-05.xlsx
2023-01-11,2.682380,2.504900,2.876620,3.462340,3.208510,2.857970,"Citi Velocity, exported by Charlie",france_italy_cmt_euribor_1y5y_citi_2026-10-05.xlsx
2023-01-12,2.637120,2.455060,2.861470,3.399970,3.154630,2.789290,"Citi Velocity, exported by Charlie",france_italy_cmt_euribor_1y5y_citi_2026-10-05.xlsx
2023-01-13,2.648890,2.456700,2.846560,3.389270,3.179060,2.781080,"Citi Velocity, exported by Charlie",france_italy_cmt_euribor_1y5y_citi_2026-10-05.xlsx
2023-01-16,2.652070,2.451150,2.842100,3.393880,3.174740,2.764750,"Citi Velocity, exported by Charlie",france_italy_cmt_euribor_1y5y_citi_2026-10-05.xlsx
2023-01-17,2.578890,2.334260,2.724690,3.244660,3.076950,2.673970,"Citi Velocity, exported by Charlie",france_italy_cmt_euribor_1y5y_citi_2026-10-05.xlsx
2023-01-18,2.600200,2.278620,2.727470,3.139180,3.081560,2.632980,"Citi Velocity, exported by Charlie",france_italy_cmt_euribor_1y5y_citi_2026-10-05.xlsx
2023-01-19,2.637590,2.347980,2.794420,3.211880,3.157850,2.710860,"Citi Velocity, exported by Charlie",france_italy_cmt_euribor_1y5y_citi_2026-10-05.xlsx
2023-01-20,2.672330,2.430530,2.875830,3.375180,3.198830,2.811560,"Citi Velocity, exported by Charlie",france_italy_cmt_euribor_1y5y_citi_2026-10-05.xlsx
2023-01-23,2.670440,2.473020,2.903730,3.416730,3.223550,2.856060,"Citi Velocity, exported by Charlie",france_italy_cmt_euribor_1y5y_citi_2026-10-05.xlsx
2023-01-24,2.654260,2.437040,2.860550,3.348060,3.223730,2.837830,"Citi Velocity, exported by Charlie",france_italy_cmt_euribor_1y5y_citi_2026-10-05.xlsx
2023-01-25,2.666480,2.423620,2.871570,3.380880,3.198770,2.833800,"Citi Velocity, exported by Charlie",france_italy_cmt_euribor_1y5y_citi_2026-10-05.xlsx
2023-01-26,2.682030,2.478520,2.911890,3.445210,3.220620,2.870410,"Citi Velocity, exported by Charlie",france_italy_cmt_euribor_1y5y_citi_2026-10-05.xlsx
2023-01-27,2.666730,2.509210,2.930820,3.525450,3.231890,2.892340,"Citi Velocity, exported by Charlie",france_italy_cmt_euribor_1y5y_citi_2026-10-05.xlsx
2023-01-30,2.725220,2.597950,3.010090,3.620740,3.277810,2.963410,"Citi Velocity, exported by Charlie",france_italy_cmt_euribor_1y5y_citi_2026-10-05.xlsx
2023-01-31,2.689240,2.563370,2.987270,3.581480,3.269500,2.929200,"Citi Velocity, exported by Charlie",france_italy_cmt_euribor_1y5y_citi_2026-10-05.xlsx
2023-02-01,2.733450,2.586810,3.009330,3.606940,3.291790,2.941850,"Citi Velocity, exported by Charlie",france_italy_cmt_euribor_1y5y_citi_2026-10-05.xlsx
2023-02-02,2.616550,2.306250,2.869220,3.198960,3.193020,2.702120,"Citi Velocity, exported by Charlie",france_italy_cmt_euribor_1y5y_citi_2026-10-05.xlsx
2023-02-03,2.664280,2.437050,2.918800,3.326740,3.235150,2.814170,"Citi Velocity, exported by Charlie",france_italy_cmt_euribor_1y5y_citi_2026-10-05.xlsx
2023-02-06,2.719670,2.537510,2.962700,3.436700,3.281100,2.918390,"Citi Velocity, exported by Charlie",france_italy_cmt_euribor_1y5y_citi_2026-10-05.xlsx
2023-02-07,2.728900,2.552210,2.980530,3.488420,3.314720,2.938450,"Citi Velocity, exported by Charlie",france_italy_cmt_euribor_1y5y_citi_2026-10-05.xlsx
2023-02-08,2.812880,2.606300,3.044040,3.554570,3.339450,2.950730,"Citi Velocity, exported by Charlie",france_italy_cmt_euribor_1y5y_citi_2026-10-05.xlsx
2023-02-09,2.802300,2.580520,3.024710,3.474550,3.333820,2.924910,"Citi Velocity, exported by Charlie",france_italy_cmt_euribor_1y5y_citi_2026-10-05.xlsx
2023-02-10,2.853250,2.657620,3.085600,3.547730,3.391200,2.985550,"Citi Velocity, exported by Charlie",france_italy_cmt_euribor_1y5y_citi_2026-10-05.xlsx
2023-02-13,2.872640,2.677740,3.096840,3.542780,3.409900,3.013260,"Citi Velocity, exported by Charlie",france_italy_cmt_euribor_1y5y_citi_2026-10-05.xlsx
2023-02-14,2.909100,2.745000,3.142560,3.590070,3.442690,3.093400,"Citi Velocity, exported by Charlie",france_italy_cmt_euribor_1y5y_citi_2026-10-05.xlsx
2023-02-15,2.941760,2.778190,3.194520,3.681110,3.455190,3.122110,"Citi Velocity, exported by Charlie",france_italy_cmt_euribor_1y5y_citi_2026-10-05.xlsx
2023-02-16,2.940840,2.805810,3.219200,3.710630,3.455490,3.138560,"Citi Velocity, exported by Charlie",france_italy_cmt_euribor_1y5y_citi_2026-10-05.xlsx
2023-02-17,2.943670,2.783020,3.221290,3.685070,3.450760,3.135250,"Citi Velocity, exported by Charlie",france_italy_cmt_euribor_1y5y_citi_2026-10-05.xlsx
2023-02-20,2.960590,2.792590,3.240970,3.713100,3.455140,3.140860,"Citi Velocity, exported by Charlie",france_italy_cmt_euribor_1y5y_citi_2026-10-05.xlsx
2023-02-21,3.006530,2.881060,3.316630,3.841420,3.497420,3.220610,"Citi Velocity, exported by Charlie",france_italy_cmt_euribor_1y5y_citi_2026-10-05.xlsx
2023-02-22,3.008580,2.853320,3.325340,3.839820,3.478830,3.204270,"Citi Velocity, exported by Charlie",france_italy_cmt_euribor_1y5y_citi_2026-10-05.xlsx
2023-02-23,2.997210,2.828940,3.301880,3.790080,3.478280,3.185200,"Citi Velocity, exported by Charlie",france_italy_cmt_euribor_1y5y_citi_2026-10-05.xlsx
2023-02-24,3.057100,2.905520,3.422080,3.900520,3.537570,3.265100,"Citi Velocity, exported by Charlie",france_italy_cmt_euribor_1y5y_citi_2026-10-05.xlsx
2023-02-27,3.095270,2.941940,3.411270,3.863710,3.567150,3.307290,"Citi Velocity, exported by Charlie",france_italy_cmt_euribor_1y5y_citi_2026-10-05.xlsx
2023-02-28,3.160690,3.010350,3.449670,3.934630,3.597230,3.365000,"Citi Velocity, exported by Charlie",france_italy_cmt_euribor_1y5y_citi_2026-10-05.xlsx
2023-03-01,3.213580,3.102290,3.535920,4.049180,3.667490,3.448340,"Citi Velocity, exported by Charlie",france_italy_cmt_euribor_1y5y_citi_2026-10-05.xlsx
2023-03-02,3.204720,3.120110,3.560970,4.101080,3.676990,3.456020,"Citi Velocity, exported by Charlie",france_italy_cmt_euribor_1y5y_citi_2026-10-05.xlsx
2023-03-03,3.235730,3.135200,3.534270,4.046460,3.709540,3.441360,"Citi Velocity, exported by Charlie",france_italy_cmt_euribor_1y5y_citi_2026-10-05.xlsx
2023-03-06,3.291590,3.154640,3.562920,4.053910,3.774260,3.440110,"Citi Velocity, exported by Charlie",france_italy_cmt_euribor_1y5y_citi_2026-10-05.xlsx
2023-03-07,3.337640,3.138720,3.573030,4.065390,3.832380,3.428810,"Citi Velocity, exported by Charlie",france_italy_cmt_euribor_1y5y_citi_2026-10-05.xlsx
2023-03-08,3.341260,3.109840,3.563630,3.966830,3.853380,3.400990,"Citi Velocity, exported by Charlie",france_italy_cmt_euribor_1y5y_citi_2026-10-05.xlsx
2023-03-09,3.314950,3.102820,3.561060,3.953530,3.829960,3.393500,"Citi Velocity, exported by Charlie",france_italy_cmt_euribor_1y5y_citi_2026-10-05.xlsx
2023-03-10,3.190830,2.903200,3.438490,3.801340,3.733960,3.253670,"Citi Velocity, exported by Charlie",france_italy_cmt_euribor_1y5y_citi_2026-10-05.xlsx
2023-03-13,2.904420,2.646690,3.150320,3.647340,3.394980,3.115410,"Citi Velocity, exported by Charlie",france_italy_cmt_euribor_1y5y_citi_2026-10-05.xlsx
2023-03-14,3.086820,2.858760,3.322880,3.855800,3.489370,3.216920,"Citi Velocity, exported by Charlie",france_italy_cmt_euribor_1y5y_citi_2026-10-05.xlsx
2023-03-15,2.698090,2.487780,3.050050,3.573430,3.159730,3.019960,"Citi Velocity, exported by Charlie",france_italy_cmt_euribor_1y5y_citi_2026-10-05.xlsx
2023-03-16,2.827220,2.573100,3.069500,3.578340,3.192630,3.012040,"Citi Velocity, exported by Charlie",france_italy_cmt_euribor_1y5y_citi_2026-10-05.xlsx
2023-03-17,2.780550,2.437910,3.005710,3.463480,3.195310,2.917220,"Citi Velocity, exported by Charlie",france_italy_cmt_euribor_1y5y_citi_2026-10-05.xlsx
2023-03-20,2.746030,2.428630,2.931630,3.376630,3.190630,2.914550,"Citi Velocity, exported by Charlie",france_italy_cmt_euribor_1y5y_citi_2026-10-05.xlsx
2023-03-21,2.924150,2.623770,3.008820,3.500450,3.327150,3.016180,"Citi Velocity, exported by Charlie",france_italy_cmt_euribor_1y5y_citi_2026-10-05.xlsx
2023-03-22,3.031960,2.703580,3.102930,3.609090,3.479150,3.100050,"Citi Velocity, exported by Charlie",france_italy_cmt_euribor_1y5y_citi_2026-10-05.xlsx
2023-03-23,2.930110,2.518000,3.032040,3.450100,3.405700,2.975160,"Citi Velocity, exported by Charlie",france_italy_cmt_euribor_1y5y_citi_2026-10-05.xlsx
2023-03-24,2.811080,2.424660,2.946280,3.382530,3.302450,2.904010,"Citi Velocity, exported by Charlie",france_italy_cmt_euribor_1y5y_citi_2026-10-05.xlsx
2023-03-27,2.929320,2.508360,3.001510,3.418000,3.378250,2.930520,"Citi Velocity, exported by Charlie",france_italy_cmt_euribor_1y5y_citi_2026-10-05.xlsx
2023-03-28,2.957730,2.597140,3.071980,3.513270,3.410020,3.007400,"Citi Velocity, exported by Charlie",france_italy_cmt_euribor_1y5y_citi_2026-10-05.xlsx
2023-03-29,2.925700,2.610390,3.082510,3.535070,3.405300,3.009940,"Citi Velocity, exported by Charlie",france_italy_cmt_euribor_1y5y_citi_2026-10-05.xlsx
2023-03-30,2.981420,2.693090,3.176410,3.640740,3.508190,3.096200,"Citi Velocity, exported by Charlie",france_italy_cmt_euribor_1y5y_citi_2026-10-05.xlsx
2023-03-31,2.978770,2.631970,3.166350,3.570650,3.507590,3.061170,"Citi Velocity, exported by Charlie",france_italy_cmt_euribor_1y5y_citi_2026-10-05.xlsx
2023-04-03,2.963700,2.568710,3.173650,3.530300,3.487960,2.983590,"Citi Velocity, exported by Charlie",france_italy_cmt_euribor_1y5y_citi_2026-10-05.xlsx
2023-04-04,2.973260,2.568610,3.176330,3.550860,3.465740,2.980380,"Citi Velocity, exported by Charlie",france_italy_cmt_euribor_1y5y_citi_2026-10-05.xlsx
2023-04-05,2.882220,2.471960,3.108120,3.441920,3.389520,2.893880,"Citi Velocity, exported by Charlie",france_italy_cmt_euribor_1y5y_citi_2026-10-05.xlsx
2023-04-06,2.920050,2.483930,3.121980,3.439630,3.438060,2.900270,"Citi Velocity, exported by Charlie",france_italy_cmt_euribor_1y5y_citi_2026-10-05.xlsx
2023-04-07,,,,,3.438170,2.899910,"Citi Velocity, exported by Charlie",france_italy_cmt_euribor_1y5y_citi_2026-10-05.xlsx
2023-04-10,,,,,3.438170,2.899910,"Citi Velocity, exported by Charlie",france_italy_cmt_euribor_1y5y_citi_2026-10-05.xlsx
2023-04-11,3.054230,2.626320,3.245160,3.593370,3.555030,3.007940,"Citi Velocity, exported by Charlie",france_italy_cmt_euribor_1y5y_citi_2026-10-05.xlsx
2023-04-12,3.110240,2.706460,3.293130,3.656820,3.624710,3.076510,"Citi Velocity, exported by Charlie",france_italy_cmt_euribor_1y5y_citi_2026-10-05.xlsx
2023-04-13,3.100000,2.694310,3.305170,3.658630,3.622480,3.066140,"Citi Velocity, exported by Charlie",france_italy_cmt_euribor_1y5y_citi_2026-10-05.xlsx
2023-04-14,3.162450,2.769430,3.352020,3.722190,3.662720,3.112860,"Citi Velocity, exported by Charlie",france_italy_cmt_euribor_1y5y_citi_2026-10-05.xlsx
2023-04-17,3.184960,2.818190,3.369650,3.759520,3.686130,3.173370,"Citi Velocity, exported by Charlie",france_italy_cmt_euribor_1y5y_citi_2026-10-05.xlsx
2023-04-18,3.196530,2.807000,3.370640,3.722340,3.678270,3.174020,"Citi Velocity, exported by Charlie",france_italy_cmt_euribor_1y5y_citi_2026-10-05.xlsx
2023-04-19,3.255650,2.868360,3.436480,3.802440,3.738570,3.240380,"Citi Velocity, exported by Charlie",france_italy_cmt_euribor_1y5y_citi_2026-10-05.xlsx
2023-04-20,3.215260,2.816930,3.415870,3.757620,3.718110,3.204850,"Citi Velocity, exported by Charlie",france_italy_cmt_euribor_1y5y_citi_2026-10-05.xlsx
2023-04-21,3.235030,2.851790,3.442750,3.808350,3.749200,3.226510,"Citi Velocity, exported by Charlie",france_italy_cmt_euribor_1y5y_citi_2026-10-05.xlsx
2023-04-24,3.261080,2.854320,3.455910,3.813270,3.782560,3.235070,"Citi Velocity, exported by Charlie",france_italy_cmt_euribor_1y5y_citi_2026-10-05.xlsx
2023-04-25,3.204020,2.718390,3.388020,3.712700,3.715800,3.130210,"Citi Velocity, exported by Charlie",france_italy_cmt_euribor_1y5y_citi_2026-10-05.xlsx
2023-04-26,3.149700,2.699330,3.372840,3.693330,3.674950,3.121570,"Citi Velocity, exported by Charlie",france_italy_cmt_euribor_1y5y_citi_2026-10-05.xlsx
2023-04-27,3.180460,2.775260,3.442170,3.786510,3.710710,3.166490,"Citi Velocity, exported by Charlie",france_italy_cmt_euribor_1y5y_citi_2026-10-05.xlsx
2023-04-28,3.085540,2.640260,3.355400,3.640080,3.653510,3.047190,"Citi Velocity, exported by Charlie",france_italy_cmt_euribor_1y5y_citi_2026-10-05.xlsx
2023-05-01,,,,,3.653480,3.046640,"Citi Velocity, exported by Charlie",france_italy_cmt_euribor_1y5y_citi_2026-10-05.xlsx
2023-05-02,3.074660,2.592300,3.335580,3.603890,3.634820,3.000890,"Citi Velocity, exported by Charlie",france_italy_cmt_euribor_1y5y_citi_2026-10-05.xlsx
2023-05-03,3.097800,2.599190,3.332310,3.586320,3.656050,3.003330,"Citi Velocity, exported by Charlie",france_italy_cmt_euribor_1y5y_citi_2026-10-05.xlsx
2023-05-04,2.984580,2.502670,3.263350,3.522420,3.570920,2.917830,"Citi Velocity, exported by Charlie",france_italy_cmt_euribor_1y5y_citi_2026-10-05.xlsx
2023-05-05,3.021330,2.587230,3.300380,3.589760,3.602170,2.974180,"Citi Velocity, exported by Charlie",france_italy_cmt_euribor_1y5y_citi_2026-10-05.xlsx
2023-05-08,3.052610,2.623550,3.325750,3.631500,3.636350,3.002950,"Citi Velocity, exported by Charlie",france_italy_cmt_euribor_1y5y_citi_2026-10-05.xlsx
2023-05-09,3.066710,2.631540,3.340560,3.659190,3.624280,3.006000,"Citi Velocity, exported by Charlie",france_italy_cmt_euribor_1y5y_citi_2026-10-05.xlsx
2023-05-10,3.046170,2.583400,3.320640,3.589170,3.618930,2.966110,"Citi Velocity, exported by Charlie",france_italy_cmt_euribor_1y5y_citi_2026-10-05.xlsx
2023-05-11,3.030560,2.535160,3.308860,3.539950,3.619990,2.914740,"Citi Velocity, exported by Charlie",france_italy_cmt_euribor_1y5y_citi_2026-10-05.xlsx
2023-05-12,3.056430,2.575160,3.347140,3.596840,3.656050,2.953130,"Citi Velocity, exported by Charlie",france_italy_cmt_euribor_1y5y_citi_2026-10-05.xlsx
2023-05-15,3.068440,2.604080,3.350530,3.609000,3.659670,2.975240,"Citi Velocity, exported by Charlie",france_italy_cmt_euribor_1y5y_citi_2026-10-05.xlsx
2023-05-16,3.106180,2.658100,3.380140,3.652650,3.687990,3.012470,"Citi Velocity, exported by Charlie",france_italy_cmt_euribor_1y5y_citi_2026-10-05.xlsx
2023-05-17,3.122240,2.673500,3.381340,3.646620,3.713100,3.036980,"Citi Velocity, exported by Charlie",france_italy_cmt_euribor_1y5y_citi_2026-10-05.xlsx
2023-05-18,3.153780,2.778380,3.441730,3.758940,3.749190,3.144900,"Citi Velocity, exported by Charlie",france_italy_cmt_euribor_1y5y_citi_2026-10-05.xlsx
2023-05-19,3.147900,2.770820,3.442950,3.719490,3.747520,3.131630,"Citi Velocity, exported by Charlie",france_italy_cmt_euribor_1y5y_citi_2026-10-05.xlsx
2023-05-22,3.169130,2.795550,3.469510,3.770150,3.763810,3.160100,"Citi Velocity, exported by Charlie",france_italy_cmt_euribor_1y5y_citi_2026-10-05.xlsx
2023-05-23,3.192460,2.803750,3.478390,3.782440,3.775370,3.177010,"Citi Velocity, exported by Charlie",france_italy_cmt_euribor_1y5y_citi_2026-10-05.xlsx
2023-05-24,3.198400,2.801060,3.486920,3.789780,3.785890,3.175700,"Citi Velocity, exported by Charlie",france_italy_cmt_euribor_1y5y_citi_2026-10-05.xlsx
2023-05-25,3.218250,2.848310,3.507830,3.826280,3.826550,3.229350,"Citi Velocity, exported by Charlie",france_italy_cmt_euribor_1y5y_citi_2026-10-05.xlsx
2023-05-26,3.256040,2.908930,3.533520,3.875560,3.854050,3.274110,"Citi Velocity, exported by Charlie",france_italy_cmt_euribor_1y5y_citi_2026-10-05.xlsx
2023-05-29,3.218200,2.809320,3.496320,3.766130,3.827600,3.193580,"Citi Velocity, exported by Charlie",france_italy_cmt_euribor_1y5y_citi_2026-10-05.xlsx
2023-05-30,3.182830,2.699470,3.448740,3.652300,3.776540,3.094940,"Citi Velocity, exported by Charlie",france_italy_cmt_euribor_1y5y_citi_2026-10-05.xlsx
2023-05-31,3.126040,2.611270,3.392330,3.554550,3.728460,3.012840,"Citi Velocity, exported by Charlie",france_italy_cmt_euribor_1y5y_citi_2026-10-05.xlsx
2023-06-01,3.121940,2.602000,3.386460,3.496630,3.718900,2.989760,"Citi Velocity, exported by Charlie",france_italy_cmt_euribor_1y5y_citi_2026-10-05.xlsx
2023-06-02,3.178190,2.668240,3.391320,3.475450,3.766820,3.043650,"Citi Velocity, exported by Charlie",france_italy_cmt_euribor_1y5y_citi_2026-10-05.xlsx
2023-06-05,3.231440,2.729100,3.437610,3.570690,3.791190,3.098010,"Citi Velocity, exported by Charlie",france_italy_cmt_euribor_1y5y_citi_2026-10-05.xlsx
2023-06-06,3.247500,2.722790,3.437930,3.596490,3.778100,3.070990,"Citi Velocity, exported by Charlie",france_italy_cmt_euribor_1y5y_citi_2026-10-05.xlsx
2023-06-07,3.278750,2.786930,3.487400,3.658390,3.797810,3.131660,"Citi Velocity, exported by Charlie",france_italy_cmt_euribor_1y5y_citi_2026-10-05.xlsx
2023-06-08,3.262070,2.769810,3.485790,3.635440,3.792790,3.110720,"Citi Velocity, exported by Charlie",france_italy_cmt_euribor_1y5y_citi_2026-10-05.xlsx
2023-06-09,3.263150,2.752760,3.468460,3.547010,3.777880,3.085910,"Citi Velocity, exported by Charlie",france_italy_cmt_euribor_1y5y_citi_2026-10-05.xlsx
2023-06-12,3.259540,2.738740,3.451190,3.499870,3.772780,3.078140,"Citi Velocity, exported by Charlie",france_italy_cmt_euribor_1y5y_citi_2026-10-05.xlsx
2023-06-13,3.314960,2.801980,3.479740,3.525490,3.808310,3.144230,"Citi Velocity, exported by Charlie",france_italy_cmt_euribor_1y5y_citi_2026-10-05.xlsx
2023-06-14,3.322890,2.833280,3.531480,3.600790,3.816190,3.169840,"Citi Velocity, exported by Charlie",france_italy_cmt_euribor_1y5y_citi_2026-10-05.xlsx
2023-06-15,3.405510,2.926740,3.610610,3.690650,3.900090,3.260340,"Citi Velocity, exported by Charlie",france_italy_cmt_euribor_1y5y_citi_2026-10-05.xlsx
2023-06-16,3.410210,2.876320,3.599460,3.607320,3.912260,3.234010,"Citi Velocity, exported by Charlie",france_italy_cmt_euribor_1y5y_citi_2026-10-05.xlsx
2023-06-19,3.446580,2.930410,3.646630,3.695450,3.950780,3.290630,"Citi Velocity, exported by Charlie",france_italy_cmt_euribor_1y5y_citi_2026-10-05.xlsx
2023-06-20,3.448830,2.828920,3.628790,3.636360,3.943530,3.201520,"Citi Velocity, exported by Charlie",france_italy_cmt_euribor_1y5y_citi_2026-10-05.xlsx
2023-06-21,3.467990,2.868760,3.640860,3.661490,3.966980,3.235630,"Citi Velocity, exported by Charlie",france_italy_cmt_euribor_1y5y_citi_2026-10-05.xlsx
2023-06-22,3.501510,2.957740,3.703280,3.747890,4.017470,3.313550,"Citi Velocity, exported by Charlie",france_italy_cmt_euribor_1y5y_citi_2026-10-05.xlsx
2023-06-23,3.435850,2.815260,3.664830,3.626960,3.957440,3.188440,"Citi Velocity, exported by Charlie",france_italy_cmt_euribor_1y5y_citi_2026-10-05.xlsx
2023-06-26,3.427350,2.770790,3.660160,3.577500,3.942760,3.154040,"Citi Velocity, exported by Charlie",france_italy_cmt_euribor_1y5y_citi_2026-10-05.xlsx
2023-06-27,3.490950,2.851600,3.708480,3.661940,3.975910,3.231960,"Citi Velocity, exported by Charlie",france_italy_cmt_euribor_1y5y_citi_2026-10-05.xlsx
2023-06-28,3.450630,2.797740,3.683580,3.651860,3.953610,3.189530,"Citi Velocity, exported by Charlie",france_italy_cmt_euribor_1y5y_citi_2026-10-05.xlsx
2023-06-29,3.470650,2.889400,3.754730,3.755870,3.972090,3.264280,"Citi Velocity, exported by Charlie",france_italy_cmt_euribor_1y5y_citi_2026-10-05.xlsx
2023-06-30,3.478750,2.894460,3.785100,3.761980,3.972520,3.264530,"Citi Velocity, exported by Charlie",france_italy_cmt_euribor_1y5y_citi_2026-10-05.xlsx
2023-07-03,3.514830,2.951380,3.822750,3.834410,4.010810,3.315160,"Citi Velocity, exported by Charlie",france_italy_cmt_euribor_1y5y_citi_2026-10-05.xlsx
2023-07-04,3.519030,2.952750,3.813460,3.852020,3.991790,3.312670,"Citi Velocity, exported by Charlie",france_italy_cmt_euribor_1y5y_citi_2026-10-05.xlsx
2023-07-05,3.504970,2.952650,3.765850,3.788450,3.971780,3.308890,"Citi Velocity, exported by Charlie",france_italy_cmt_euribor_1y5y_citi_2026-10-05.xlsx
2023-07-06,3.551350,3.099020,3.850850,3.967250,4.028480,3.462070,"Citi Velocity, exported by Charlie",france_italy_cmt_euribor_1y5y_citi_2026-10-05.xlsx
2023-07-07,3.519090,3.070140,3.797560,3.915570,4.006700,3.443180,"Citi Velocity, exported by Charlie",france_italy_cmt_euribor_1y5y_citi_2026-10-05.xlsx
2023-07-10,3.540240,3.087060,3.816560,3.946050,4.030420,3.445380,"Citi Velocity, exported by Charlie",france_italy_cmt_euribor_1y5y_citi_2026-10-05.xlsx
2023-07-11,3.553780,3.102510,3.846940,3.997920,4.047250,3.454240,"Citi Velocity, exported by Charlie",france_italy_cmt_euribor_1y5y_citi_2026-10-05.xlsx
2023-07-12,3.514740,3.006210,3.777690,3.850290,4.005990,3.362950,"Citi Velocity, exported by Charlie",france_italy_cmt_euribor_1y5y_citi_2026-10-05.xlsx
2023-07-13,3.483340,2.933860,3.722180,3.729110,3.981380,3.287290,"Citi Velocity, exported by Charlie",france_italy_cmt_euribor_1y5y_citi_2026-10-05.xlsx
2023-07-14,3.504030,2.948840,3.750580,3.759060,3.993890,3.291190,"Citi Velocity, exported by Charlie",france_italy_cmt_euribor_1y5y_citi_2026-10-05.xlsx
2023-07-17,3.506540,2.933340,3.754860,3.759560,3.996030,3.273340,"Citi Velocity, exported by Charlie",france_italy_cmt_euribor_1y5y_citi_2026-10-05.xlsx
2023-07-18,3.449060,2.817610,3.667740,3.587040,3.944320,3.161910,"Citi Velocity, exported by Charlie",france_italy_cmt_euribor_1y5y_citi_2026-10-05.xlsx
2023-07-19,3.459490,2.844970,3.677370,3.632900,3.935750,3.199060,"Citi Velocity, exported by Charlie",france_italy_cmt_euribor_1y5y_citi_2026-10-05.xlsx
2023-07-20,3.498710,2.918530,3.728720,3.707940,3.978630,3.275000,"Citi Velocity, exported by Charlie",france_italy_cmt_euribor_1y5y_citi_2026-10-05.xlsx
2023-07-21,3.483280,2.884910,3.718900,3.667670,3.967500,3.246840,"Citi Velocity, exported by Charlie",france_italy_cmt_euribor_1y5y_citi_2026-10-05.xlsx
2023-07-24,3.457170,2.840000,3.701410,3.614110,3.937440,3.190830,"Citi Velocity, exported by Charlie",france_italy_cmt_euribor_1y5y_citi_2026-10-05.xlsx
2023-07-25,3.464220,2.859370,3.723640,3.651070,3.927380,3.203930,"Citi Velocity, exported by Charlie",france_italy_cmt_euribor_1y5y_citi_2026-10-05.xlsx
2023-07-26,3.501630,2.919280,3.764080,3.698920,3.957850,3.255060,"Citi Velocity, exported by Charlie",france_italy_cmt_euribor_1y5y_citi_2026-10-05.xlsx
2023-07-27,3.473860,2.889660,3.735740,3.658210,3.927690,3.233460,"Citi Velocity, exported by Charlie",france_italy_cmt_euribor_1y5y_citi_2026-10-05.xlsx
2023-07-28,3.442880,2.874900,3.708170,3.644120,3.898970,3.214360,"Citi Velocity, exported by Charlie",france_italy_cmt_euribor_1y5y_citi_2026-10-05.xlsx
2023-07-31,3.445240,2.860060,3.690940,3.625260,3.903480,3.194200,"Citi Velocity, exported by Charlie",france_italy_cmt_euribor_1y5y_citi_2026-10-05.xlsx
2023-08-01,3.450430,2.917450,3.704100,3.682840,3.904640,3.249050,"Citi Velocity, exported by Charlie",france_italy_cmt_euribor_1y5y_citi_2026-10-05.xlsx
2023-08-02,3.425400,2.881940,3.676790,3.669310,3.883120,3.220870,"Citi Velocity, exported by Charlie",france_italy_cmt_euribor_1y5y_citi_2026-10-05.xlsx
2023-08-03,3.425680,2.901540,3.692070,3.719060,3.881780,3.247250,"Citi Velocity, exported by Charlie",france_italy_cmt_euribor_1y5y_citi_2026-10-05.xlsx
2023-08-04,3.439640,2.907210,3.701870,3.719410,3.902100,3.252710,"Citi Velocity, exported by Charlie",france_italy_cmt_euribor_1y5y_citi_2026-10-05.xlsx
2023-08-07,3.430400,2.901540,3.692330,3.738290,3.913300,3.272640,"Citi Velocity, exported by Charlie",france_italy_cmt_euribor_1y5y_citi_2026-10-05.xlsx
2023-08-08,3.397870,2.796770,3.665920,3.638570,3.894090,3.180470,"Citi Velocity, exported by Charlie",france_italy_cmt_euribor_1y5y_citi_2026-10-05.xlsx
2023-08-09,3.415550,2.829760,3.679640,3.648660,3.903200,3.198330,"Citi Velocity, exported by Charlie",france_italy_cmt_euribor_1y5y_citi_2026-10-05.xlsx
2023-08-10,3.427910,2.873550,3.692490,3.662570,3.919480,3.233220,"Citi Velocity, exported by Charlie",france_italy_cmt_euribor_1y5y_citi_2026-10-05.xlsx
2023-08-11,3.437800,2.954510,3.711190,3.736720,3.944060,3.313470,"Citi Velocity, exported by Charlie",france_italy_cmt_euribor_1y5y_citi_2026-10-05.xlsx
2023-08-14,3.454430,2.980150,3.729430,3.777610,3.967330,3.335590,"Citi Velocity, exported by Charlie",france_italy_cmt_euribor_1y5y_citi_2026-10-05.xlsx
2023-08-15,3.469480,3.025400,3.760980,3.847200,3.976490,3.366740,"Citi Velocity, exported by Charlie",france_italy_cmt_euribor_1y5y_citi_2026-10-05.xlsx
2023-08-16,3.459920,2.993940,3.750070,3.838830,3.967210,3.334010,"Citi Velocity, exported by Charlie",france_italy_cmt_euribor_1y5y_citi_2026-10-05.xlsx
2023-08-17,3.469970,3.025680,3.778960,3.885690,3.981730,3.369060,"Citi Velocity, exported by Charlie",france_italy_cmt_euribor_1y5y_citi_2026-10-05.xlsx
2023-08-18,3.440310,2.968180,3.739750,3.812780,3.962420,3.320850,"Citi Velocity, exported by Charlie",france_italy_cmt_euribor_1y5y_citi_2026-10-05.xlsx
2023-08-21,3.475320,3.050960,3.764480,3.873940,3.984790,3.379920,"Citi Velocity, exported by Charlie",france_italy_cmt_euribor_1y5y_citi_2026-10-05.xlsx
2023-08-22,3.464390,3.004710,3.748010,3.817180,3.971880,3.331820,"Citi Velocity, exported by Charlie",france_italy_cmt_euribor_1y5y_citi_2026-10-05.xlsx
2023-08-23,3.381460,2.864360,3.657270,3.663250,3.905090,3.204420,"Citi Velocity, exported by Charlie",france_italy_cmt_euribor_1y5y_citi_2026-10-05.xlsx
2023-08-24,3.384340,2.868870,3.668860,3.686250,3.892190,3.206970,"Citi Velocity, exported by Charlie",france_italy_cmt_euribor_1y5y_citi_2026-10-05.xlsx
2023-08-25,3.421110,2.927660,3.714090,3.757020,3.926560,3.259950,"Citi Velocity, exported by Charlie",france_italy_cmt_euribor_1y5y_citi_2026-10-05.xlsx
2023-08-28,3.447640,2.946540,3.745470,3.768670,3.943360,3.274510,"Citi Velocity, exported by Charlie",france_italy_cmt_euribor_1y5y_citi_2026-10-05.xlsx
2023-08-29,3.438900,2.892870,3.725360,3.700390,3.922740,3.209120,"Citi Velocity, exported by Charlie",france_italy_cmt_euribor_1y5y_citi_2026-10-05.xlsx
2023-08-30,3.450690,2.904860,3.734000,3.714380,3.941670,3.217190,"Citi Velocity, exported by Charlie",france_italy_cmt_euribor_1y5y_citi_2026-10-05.xlsx
2023-08-31,3.382910,2.814000,3.680010,3.632300,3.875710,3.143710,"Citi Velocity, exported by Charlie",france_italy_cmt_euribor_1y5y_citi_2026-10-05.xlsx
2023-09-01,3.383600,2.861600,3.703000,3.704600,3.869030,3.181070,"Citi Velocity, exported by Charlie",france_italy_cmt_euribor_1y5y_citi_2026-10-05.xlsx
2023-09-04,3.418910,2.911600,3.739660,3.775950,3.894870,3.222920,"Citi Velocity, exported by Charlie",france_italy_cmt_euribor_1y5y_citi_2026-10-05.xlsx
2023-09-05,3.424360,2.931250,3.734140,3.789840,3.890880,3.233020,"Citi Velocity, exported by Charlie",france_italy_cmt_euribor_1y5y_citi_2026-10-05.xlsx
2023-09-06,3.466530,2.998360,3.790770,3.885780,3.917500,3.276120,"Citi Velocity, exported by Charlie",france_italy_cmt_euribor_1y5y_citi_2026-10-05.xlsx
2023-09-07,3.461040,2.967130,3.769390,3.832340,3.912290,3.250310,"Citi Velocity, exported by Charlie",france_italy_cmt_euribor_1y5y_citi_2026-10-05.xlsx
2023-09-08,3.453300,2.947420,3.771930,3.820350,3.907510,3.233740,"Citi Velocity, exported by Charlie",france_italy_cmt_euribor_1y5y_citi_2026-10-05.xlsx
2023-09-11,3.472920,2.987240,3.806410,3.880830,3.930680,3.267430,"Citi Velocity, exported by Charlie",france_italy_cmt_euribor_1y5y_citi_2026-10-05.xlsx
2023-09-12,3.496400,3.000460,3.824370,3.889220,3.951270,3.283920,"Citi Velocity, exported by Charlie",france_italy_cmt_euribor_1y5y_citi_2026-10-05.xlsx
2023-09-13,3.537450,3.038560,3.886850,3.968290,3.989130,3.319160,"Citi Velocity, exported by Charlie",france_italy_cmt_euribor_1y5y_citi_2026-10-05.xlsx
2023-09-14,3.562520,2.969710,3.849740,3.843890,3.997690,3.237850,"Citi Velocity, exported by Charlie",france_italy_cmt_euribor_1y5y_citi_2026-10-05.xlsx
2023-09-15,3.590770,3.048150,3.899570,3.949020,4.023760,3.295040,"Citi Velocity, exported by Charlie",france_italy_cmt_euribor_1y5y_citi_2026-10-05.xlsx
2023-09-18,3.618940,3.106760,3.929210,4.004990,4.057730,3.353170,"Citi Velocity, exported by Charlie",france_italy_cmt_euribor_1y5y_citi_2026-10-05.xlsx
2023-09-19,3.625460,3.124380,3.923650,4.007520,4.062900,3.366090,"Citi Velocity, exported by Charlie",france_italy_cmt_euribor_1y5y_citi_2026-10-05.xlsx
2023-09-20,3.614630,3.090270,3.892640,3.953700,4.050530,3.335060,"Citi Velocity, exported by Charlie",france_italy_cmt_euribor_1y5y_citi_2026-10-05.xlsx
2023-09-21,3.609290,3.107430,3.916030,4.015330,4.054880,3.364440,"Citi Velocity, exported by Charlie",france_italy_cmt_euribor_1y5y_citi_2026-10-05.xlsx
2023-09-22,3.606890,3.107410,3.917010,4.049020,4.055650,3.362700,"Citi Velocity, exported by Charlie",france_italy_cmt_euribor_1y5y_citi_2026-10-05.xlsx
2023-09-25,3.594150,3.121570,3.912230,4.087510,4.050200,3.376150,"Citi Velocity, exported by Charlie",france_italy_cmt_euribor_1y5y_citi_2026-10-05.xlsx
2023-09-26,3.591670,3.128340,3.939600,4.142560,4.043350,3.382650,"Citi Velocity, exported by Charlie",france_italy_cmt_euribor_1y5y_citi_2026-10-05.xlsx
2023-09-27,3.589740,3.161400,3.959440,4.195300,4.046750,3.411290,"Citi Velocity, exported by Charlie",france_italy_cmt_euribor_1y5y_citi_2026-10-05.xlsx
2023-09-28,3.621890,3.294020,4.053370,4.348140,4.072070,3.538270,"Citi Velocity, exported by Charlie",france_italy_cmt_euribor_1y5y_citi_2026-10-05.xlsx
2023-09-29,3.577880,3.141820,3.962750,4.185590,4.031690,3.396400,"Citi Velocity, exported by Charlie",france_italy_cmt_euribor_1y5y_citi_2026-10-05.xlsx
2023-10-02,3.587670,3.196640,3.968150,4.208460,4.035550,3.458000,"Citi Velocity, exported by Charlie",france_italy_cmt_euribor_1y5y_citi_2026-10-05.xlsx
2023-10-03,3.575330,3.217880,3.983090,4.274580,4.036420,3.484170,"Citi Velocity, exported by Charlie",france_italy_cmt_euribor_1y5y_citi_2026-10-05.xlsx
2023-10-04,3.565190,3.220830,3.979170,4.277130,4.025480,3.477310,"Citi Velocity, exported by Charlie",france_italy_cmt_euribor_1y5y_citi_2026-10-05.xlsx
2023-10-05,3.537830,3.162130,3.945620,4.229440,4.007200,3.411550,"Citi Velocity, exported by Charlie",france_italy_cmt_euribor_1y5y_citi_2026-10-05.xlsx
2023-10-06,3.536270,3.177970,3.977820,4.285040,4.006750,3.410050,"Citi Velocity, exported by Charlie",france_italy_cmt_euribor_1y5y_citi_2026-10-05.xlsx
2023-10-09,3.495120,3.064730,3.944580,4.197870,3.966240,3.312670,"Citi Velocity, exported by Charlie",france_italy_cmt_euribor_1y5y_citi_2026-10-05.xlsx
2023-10-10,3.511570,3.072080,3.917840,4.125300,3.977230,3.321850,"Citi Velocity, exported by Charlie",france_italy_cmt_euribor_1y5y_citi_2026-10-05.xlsx
2023-10-11,3.524870,3.050080,3.915040,4.089940,3.983290,3.312920,"Citi Velocity, exported by Charlie",france_italy_cmt_euribor_1y5y_citi_2026-10-05.xlsx
2023-10-12,3.548730,3.110700,3.963680,4.174080,4.011080,3.373290,"Citi Velocity, exported by Charlie",france_italy_cmt_euribor_1y5y_citi_2026-10-05.xlsx
2023-10-13,3.534160,3.089980,3.967090,4.187270,3.998120,3.343110,"Citi Velocity, exported by Charlie",france_italy_cmt_euribor_1y5y_citi_2026-10-05.xlsx
2023-10-16,3.542920,3.121540,3.935600,4.165050,4.002970,3.363690,"Citi Velocity, exported by Charlie",france_italy_cmt_euribor_1y5y_citi_2026-10-05.xlsx
2023-10-17,3.583930,3.214160,3.989360,4.287620,4.032630,3.439940,"Citi Velocity, exported by Charlie",france_italy_cmt_euribor_1y5y_citi_2026-10-05.xlsx
2023-10-18,3.591080,3.247560,4.023140,4.369920,4.044910,3.477490,"Citi Velocity, exported by Charlie",france_italy_cmt_euribor_1y5y_citi_2026-10-05.xlsx
2023-10-19,3.594070,3.258940,4.013980,4.346930,4.046540,3.489690,"Citi Velocity, exported by Charlie",france_italy_cmt_euribor_1y5y_citi_2026-10-05.xlsx
2023-10-20,3.548260,3.174010,3.967800,4.278200,3.994070,3.421580,"Citi Velocity, exported by Charlie",france_italy_cmt_euribor_1y5y_citi_2026-10-05.xlsx
2023-10-23,3.559220,3.178420,3.937810,4.229690,4.000520,3.415700,"Citi Velocity, exported by Charlie",france_italy_cmt_euribor_1y5y_citi_2026-10-05.xlsx
2023-10-24,3.541290,3.137070,3.929560,4.213690,3.968290,3.367820,"Citi Velocity, exported by Charlie",france_italy_cmt_euribor_1y5y_citi_2026-10-05.xlsx
2023-10-25,3.551230,3.171790,3.970850,4.278600,3.966300,3.382300,"Citi Velocity, exported by Charlie",france_italy_cmt_euribor_1y5y_citi_2026-10-05.xlsx
2023-10-26,3.517370,3.123240,3.922270,4.191330,3.933430,3.336490,"Citi Velocity, exported by Charlie",france_italy_cmt_euribor_1y5y_citi_2026-10-05.xlsx
2023-10-27,3.500680,3.087320,3.907200,4.146290,3.910710,3.295830,"Citi Velocity, exported by Charlie",france_italy_cmt_euribor_1y5y_citi_2026-10-05.xlsx
2023-10-30,3.485940,3.061380,3.834280,4.055090,3.893310,3.278140,"Citi Velocity, exported by Charlie",france_italy_cmt_euribor_1y5y_citi_2026-10-05.xlsx
2023-10-31,3.479770,3.037790,3.843170,4.051120,3.885830,3.252600,"Citi Velocity, exported by Charlie",france_italy_cmt_euribor_1y5y_citi_2026-10-05.xlsx
2023-11-01,3.465240,2.992380,3.797870,3.980370,3.859280,3.189100,"Citi Velocity, exported by Charlie",france_italy_cmt_euribor_1y5y_citi_2026-10-05.xlsx
2023-11-02,3.472350,2.971950,3.788770,3.928550,3.860570,3.158670,"Citi Velocity, exported by Charlie",france_italy_cmt_euribor_1y5y_citi_2026-10-05.xlsx
2023-11-03,3.465690,2.924750,3.739020,3.844210,3.852380,3.107340,"Citi Velocity, exported by Charlie",france_italy_cmt_euribor_1y5y_citi_2026-10-05.xlsx
2023-11-06,3.490910,2.993320,3.807800,3.947730,3.865610,3.158280,"Citi Velocity, exported by Charlie",france_italy_cmt_euribor_1y5y_citi_2026-10-05.xlsx
2023-11-07,3.479210,2.957110,3.774610,3.889750,3.854610,3.124410,"Citi Velocity, exported by Charlie",france_italy_cmt_euribor_1y5y_citi_2026-10-05.xlsx
2023-11-08,3.481630,2.940490,3.776750,3.863850,3.867500,3.112520,"Citi Velocity, exported by Charlie",france_italy_cmt_euribor_1y5y_citi_2026-10-05.xlsx
2023-11-09,3.480320,2.945650,3.784300,3.866950,3.873910,3.122780,"Citi Velocity, exported by Charlie",france_italy_cmt_euribor_1y5y_citi_2026-10-05.xlsx
2023-11-10,3.502880,3.006670,3.803390,3.925830,3.890380,3.166360,"Citi Velocity, exported by Charlie",france_italy_cmt_euribor_1y5y_citi_2026-10-05.xlsx
2023-11-13,3.501920,3.018900,3.793920,3.927440,3.909500,3.187090,"Citi Velocity, exported by Charlie",france_italy_cmt_euribor_1y5y_citi_2026-10-05.xlsx
2023-11-14,3.440510,2.898720,3.717610,3.792820,3.856180,3.082450,"Citi Velocity, exported by Charlie",france_italy_cmt_euribor_1y5y_citi_2026-10-05.xlsx
2023-11-15,3.444900,2.906950,3.722720,3.794800,3.866240,3.098890,"Citi Velocity, exported by Charlie",france_italy_cmt_euribor_1y5y_citi_2026-10-05.xlsx
2023-11-16,3.407960,2.838580,3.658510,3.683920,3.836510,3.041050,"Citi Velocity, exported by Charlie",france_italy_cmt_euribor_1y5y_citi_2026-10-05.xlsx
2023-11-17,3.416540,2.864900,3.677520,3.711250,3.849040,3.063900,"Citi Velocity, exported by Charlie",france_italy_cmt_euribor_1y5y_citi_2026-10-05.xlsx
2023-11-20,3.441790,2.912220,3.666420,3.707100,3.859080,3.087140,"Citi Velocity, exported by Charlie",france_italy_cmt_euribor_1y5y_citi_2026-10-05.xlsx
2023-11-21,3.421230,2.855150,3.655260,3.685630,3.853630,3.043960,"Citi Velocity, exported by Charlie",france_italy_cmt_euribor_1y5y_citi_2026-10-05.xlsx
2023-11-22,3.433890,2.872380,3.672510,3.693140,3.863140,3.066330,"Citi Velocity, exported by Charlie",france_italy_cmt_euribor_1y5y_citi_2026-10-05.xlsx
2023-11-23,3.449050,2.931150,3.711100,3.767660,3.881060,3.123470,"Citi Velocity, exported by Charlie",france_italy_cmt_euribor_1y5y_citi_2026-10-05.xlsx
2023-11-24,3.460400,2.945400,3.720470,3.778940,3.873750,3.141390,"Citi Velocity, exported by Charlie",france_italy_cmt_euribor_1y5y_citi_2026-10-05.xlsx
2023-11-27,3.416630,2.838240,3.661970,3.667810,3.835090,3.036830,"Citi Velocity, exported by Charlie",france_italy_cmt_euribor_1y5y_citi_2026-10-05.xlsx
2023-11-28,3.386020,2.779070,3.618960,3.606280,3.801320,2.981230,"Citi Velocity, exported by Charlie",france_italy_cmt_euribor_1y5y_citi_2026-10-05.xlsx
2023-11-29,3.334640,2.688320,3.556660,3.502930,3.742320,2.902710,"Citi Velocity, exported by Charlie",france_italy_cmt_euribor_1y5y_citi_2026-10-05.xlsx
2023-11-30,3.337520,2.731200,3.567390,3.552310,3.727290,2.930610,"Citi Velocity, exported by Charlie",france_italy_cmt_euribor_1y5y_citi_2026-10-05.xlsx
2023-12-01,3.227030,2.606620,3.418350,3.382710,3.572340,2.801900,"Citi Velocity, exported by Charlie",france_italy_cmt_euribor_1y5y_citi_2026-10-05.xlsx
2023-12-04,3.235070,2.598550,3.421660,3.391770,3.587090,2.777690,"Citi Velocity, exported by Charlie",france_italy_cmt_euribor_1y5y_citi_2026-10-05.xlsx
2023-12-05,3.190060,2.515550,3.384370,3.319050,3.530650,2.698850,"Citi Velocity, exported by Charlie",france_italy_cmt_euribor_1y5y_citi_2026-10-05.xlsx
2023-12-06,3.196710,2.479290,3.393710,3.300190,3.534680,2.678600,"Citi Velocity, exported by Charlie",france_italy_cmt_euribor_1y5y_citi_2026-10-05.xlsx
2023-12-07,3.187160,2.447450,3.406890,3.283430,3.535620,2.655600,"Citi Velocity, exported by Charlie",france_italy_cmt_euribor_1y5y_citi_2026-10-05.xlsx
2023-12-08,3.241750,2.544340,3.491790,3.402190,3.588580,2.725100,"Citi Velocity, exported by Charlie",france_italy_cmt_euribor_1y5y_citi_2026-10-05.xlsx
2023-12-11,3.241680,2.556530,3.490810,3.409870,3.590040,2.736320,"Citi Velocity, exported by Charlie",france_italy_cmt_euribor_1y5y_citi_2026-10-05.xlsx
2023-12-12,3.249800,2.542060,3.508510,3.396320,3.587140,2.710240,"Citi Velocity, exported by Charlie",france_italy_cmt_euribor_1y5y_citi_2026-10-05.xlsx
2023-12-13,3.212360,2.478600,3.468240,3.317130,3.543380,2.656340,"Citi Velocity, exported by Charlie",france_italy_cmt_euribor_1y5y_citi_2026-10-05.xlsx
2023-12-14,3.146950,2.386410,3.354740,3.153820,3.475580,2.575090,"Citi Velocity, exported by Charlie",france_italy_cmt_euribor_1y5y_citi_2026-10-05.xlsx
2023-12-15,3.110560,2.297960,3.350940,3.108180,3.431840,2.484210,"Citi Velocity, exported by Charlie",france_italy_cmt_euribor_1y5y_citi_2026-10-05.xlsx
2023-12-18,3.155610,2.337950,3.378280,3.123860,3.489490,2.527260,"Citi Velocity, exported by Charlie",france_italy_cmt_euribor_1y5y_citi_2026-10-05.xlsx
2023-12-19,3.136240,2.279760,3.337550,3.017430,3.465380,2.491100,"Citi Velocity, exported by Charlie",france_italy_cmt_euribor_1y5y_citi_2026-10-05.xlsx
2023-12-20,3.096940,2.228930,3.303870,2.980130,3.423160,2.445240,"Citi Velocity, exported by Charlie",france_italy_cmt_euribor_1y5y_citi_2026-10-05.xlsx
2023-12-21,3.079740,2.198590,3.282620,2.948540,3.411940,2.423710,"Citi Velocity, exported by Charlie",france_italy_cmt_euribor_1y5y_citi_2026-10-05.xlsx
2023-12-22,3.050830,2.174940,3.220770,2.879400,3.390440,2.411520,"Citi Velocity, exported by Charlie",france_italy_cmt_euribor_1y5y_citi_2026-10-05.xlsx
2023-12-25,,,,,3.390440,2.410760,"Citi Velocity, exported by Charlie",france_italy_cmt_euribor_1y5y_citi_2026-10-05.xlsx
2023-12-26,,,,,3.390440,2.410760,"Citi Velocity, exported by Charlie",france_italy_cmt_euribor_1y5y_citi_2026-10-05.xlsx
2023-12-27,3.034860,2.129730,3.219950,2.867590,3.367590,2.364700,"Citi Velocity, exported by Charlie",france_italy_cmt_euribor_1y5y_citi_2026-10-05.xlsx
2023-12-28,2.996940,2.146310,3.236740,2.924900,3.330260,2.374120,"Citi Velocity, exported by Charlie",france_italy_cmt_euribor_1y5y_citi_2026-10-05.xlsx
2023-12-29,3.011020,2.214580,3.274170,3.012300,3.349770,2.428520,"Citi Velocity, exported by Charlie",france_italy_cmt_euribor_1y5y_citi_2026-10-05.xlsx
2024-01-01,,,,,3.349580,2.429090,"Citi Velocity, exported by Charlie",france_italy_cmt_euribor_1y5y_citi_2026-10-05.xlsx
2024-01-02,3.037100,2.262260,3.295410,3.028190,3.355810,2.445590,"Citi Velocity, exported by Charlie",france_italy_cmt_euribor_1y5y_citi_2026-10-05.xlsx
2024-01-03,3.046600,2.242320,3.301500,3.043100,3.354800,2.412960,"Citi Velocity, exported by Charlie",france_italy_cmt_euribor_1y5y_citi_2026-10-05.xlsx
2024-01-04,3.123130,2.348620,3.370500,3.141610,3.415200,2.506550,"Citi Velocity, exported by Charlie",france_italy_cmt_euribor_1y5y_citi_2026-10-05.xlsx
2024-01-05,3.153460,2.387300,3.391560,3.168160,3.437260,2.545540,"Citi Velocity, exported by Charlie",france_italy_cmt_euribor_1y5y_citi_2026-10-05.xlsx
2024-01-08,3.151670,2.378810,3.390420,3.177770,3.431590,2.539860,"Citi Velocity, exported by Charlie",france_italy_cmt_euribor_1y5y_citi_2026-10-05.xlsx
2024-01-09,3.180990,2.435530,3.413210,3.222300,3.453850,2.597810,"Citi Velocity, exported by Charlie",france_italy_cmt_euribor_1y5y_citi_2026-10-05.xlsx
2024-01-10,3.209680,2.463680,3.436110,3.215710,3.481580,2.620530,"Citi Velocity, exported by Charlie",france_italy_cmt_euribor_1y5y_citi_2026-10-05.xlsx
2024-01-11,3.201400,2.457390,3.420220,3.196630,3.462500,2.619250,"Citi Velocity, exported by Charlie",france_italy_cmt_euribor_1y5y_citi_2026-10-05.xlsx
2024-01-12,3.133710,2.378580,3.331820,3.090790,3.374790,2.540530,"Citi Velocity, exported by Charlie",france_italy_cmt_euribor_1y5y_citi_2026-10-05.xlsx
2024-01-15,3.185480,2.430930,3.355520,3.135080,3.420520,2.570550,"Citi Velocity, exported by Charlie",france_italy_cmt_euribor_1y5y_citi_2026-10-05.xlsx
2024-01-16,3.192590,2.446220,3.345380,3.166560,3.415130,2.582360,"Citi Velocity, exported by Charlie",france_italy_cmt_euribor_1y5y_citi_2026-10-05.xlsx
2024-01-17,3.265110,2.544620,3.442270,3.297970,3.492140,2.660370,"Citi Velocity, exported by Charlie",france_italy_cmt_euribor_1y5y_citi_2026-10-05.xlsx
2024-01-18,3.256630,2.553200,3.423470,3.273610,3.504710,2.681070,"Citi Velocity, exported by Charlie",france_italy_cmt_euribor_1y5y_citi_2026-10-05.xlsx
2024-01-19,3.279850,2.558130,3.423720,3.256150,3.527070,2.697650,"Citi Velocity, exported by Charlie",france_italy_cmt_euribor_1y5y_citi_2026-10-05.xlsx
2024-01-22,3.258550,2.514350,3.419100,3.222890,3.514300,2.664690,"Citi Velocity, exported by Charlie",france_italy_cmt_euribor_1y5y_citi_2026-10-05.xlsx
2024-01-23,3.263460,2.556740,3.435890,3.271910,3.519230,2.701050,"Citi Velocity, exported by Charlie",france_italy_cmt_euribor_1y5y_citi_2026-10-05.xlsx
2024-01-24,3.264840,2.556020,3.433340,3.263290,3.512820,2.696620,"Citi Velocity, exported by Charlie",france_italy_cmt_euribor_1y5y_citi_2026-10-05.xlsx
2024-01-25,3.189820,2.477820,3.353560,3.165960,3.429410,2.619540,"Citi Velocity, exported by Charlie",france_italy_cmt_euribor_1y5y_citi_2026-10-05.xlsx
2024-01-26,3.195470,2.496040,3.344600,3.166750,3.421580,2.632000,"Citi Velocity, exported by Charlie",france_italy_cmt_euribor_1y5y_citi_2026-10-05.xlsx
2024-01-29,3.154650,2.422620,3.293320,3.088150,3.386330,2.569440,"Citi Velocity, exported by Charlie",france_italy_cmt_euribor_1y5y_citi_2026-10-05.xlsx
2024-01-30,3.189210,2.466990,3.338950,3.161680,3.419910,2.607890,"Citi Velocity, exported by Charlie",france_italy_cmt_euribor_1y5y_citi_2026-10-05.xlsx
2024-01-31,3.109630,2.335040,3.271570,3.067790,3.347980,2.507620,"Citi Velocity, exported by Charlie",france_italy_cmt_euribor_1y5y_citi_2026-10-05.xlsx
2024-02-01,3.120560,2.321610,3.296220,3.072760,3.356640,2.485070,"Citi Velocity, exported by Charlie",france_italy_cmt_euribor_1y5y_citi_2026-10-05.xlsx
2024-02-02,3.225000,2.464670,3.386940,3.192620,3.474190,2.605720,"Citi Velocity, exported by Charlie",france_italy_cmt_euribor_1y5y_citi_2026-10-05.xlsx
2024-02-05,3.262890,2.552580,3.437330,3.272150,3.517250,2.699760,"Citi Velocity, exported by Charlie",france_italy_cmt_euribor_1y5y_citi_2026-10-05.xlsx
2024-02-06,3.240890,2.524700,3.405050,3.234880,3.493150,2.666780,"Citi Velocity, exported by Charlie",france_italy_cmt_euribor_1y5y_citi_2026-10-05.xlsx
2024-02-07,3.246630,2.531080,3.426330,3.251690,3.487560,2.663750,"Citi Velocity, exported by Charlie",france_italy_cmt_euribor_1y5y_citi_2026-10-05.xlsx
2024-02-08,3.275710,2.600320,3.460770,3.313140,3.516190,2.716830,"Citi Velocity, exported by Charlie",france_italy_cmt_euribor_1y5y_citi_2026-10-05.xlsx
2024-02-09,3.306910,2.649550,3.508910,3.377320,3.542220,2.765360,"Citi Velocity, exported by Charlie",france_italy_cmt_euribor_1y5y_citi_2026-10-05.xlsx
2024-02-12,3.315490,2.629950,3.473820,3.321090,3.524120,2.743070,"Citi Velocity, exported by Charlie",france_italy_cmt_euribor_1y5y_citi_2026-10-05.xlsx
2024-02-13,3.368230,2.680400,3.518860,3.369640,3.570770,2.774760,"Citi Velocity, exported by Charlie",france_italy_cmt_euribor_1y5y_citi_2026-10-05.xlsx
2024-02-14,3.348120,2.634940,3.486100,3.305280,3.550660,2.735520,"Citi Velocity, exported by Charlie",france_italy_cmt_euribor_1y5y_citi_2026-10-05.xlsx
2024-02-15,3.343050,2.624640,3.478200,3.287770,3.538900,2.727750,"Citi Velocity, exported by Charlie",france_italy_cmt_euribor_1y5y_citi_2026-10-05.xlsx
2024-02-16,3.388230,2.690190,3.513270,3.335390,3.590800,2.783830,"Citi Velocity, exported by Charlie",france_italy_cmt_euribor_1y5y_citi_2026-10-05.xlsx
2024-02-19,3.384160,2.686270,3.499160,3.348920,3.588710,2.783110,"Citi Velocity, exported by Charlie",france_italy_cmt_euribor_1y5y_citi_2026-10-05.xlsx
2024-02-20,3.350810,2.642570,3.469030,3.303830,3.555610,2.744420,"Citi Velocity, exported by Charlie",france_italy_cmt_euribor_1y5y_citi_2026-10-05.xlsx
2024-02-21,3.390090,2.707960,3.532920,3.382310,3.593300,2.798460,"Citi Velocity, exported by Charlie",france_italy_cmt_euribor_1y5y_citi_2026-10-05.xlsx
2024-02-22,3.423140,2.733880,3.550380,3.394400,3.628170,2.818660,"Citi Velocity, exported by Charlie",france_italy_cmt_euribor_1y5y_citi_2026-10-05.xlsx
2024-02-23,3.399120,2.676420,3.523880,3.314290,3.599820,2.764530,"Citi Velocity, exported by Charlie",france_italy_cmt_euribor_1y5y_citi_2026-10-05.xlsx
2024-02-26,3.445700,2.737420,3.570300,3.371920,3.648510,2.821810,"Citi Velocity, exported by Charlie",france_italy_cmt_euribor_1y5y_citi_2026-10-05.xlsx
2024-02-27,3.439420,2.752410,3.559350,3.374700,3.641800,2.836960,"Citi Velocity, exported by Charlie",france_italy_cmt_euribor_1y5y_citi_2026-10-05.xlsx
2024-02-28,3.432610,2.760730,3.546350,3.373880,3.623680,2.842820,"Citi Velocity, exported by Charlie",france_italy_cmt_euribor_1y5y_citi_2026-10-05.xlsx
2024-02-29,3.421520,2.715070,3.550850,3.343540,3.613230,2.799540,"Citi Velocity, exported by Charlie",france_italy_cmt_euribor_1y5y_citi_2026-10-05.xlsx
2024-03-01,3.421030,2.708610,3.569680,3.360940,3.614020,2.782040,"Citi Velocity, exported by Charlie",france_italy_cmt_euribor_1y5y_citi_2026-10-05.xlsx
2024-03-04,3.435090,2.710490,3.567490,3.337040,3.617380,2.770720,"Citi Velocity, exported by Charlie",france_italy_cmt_euribor_1y5y_citi_2026-10-05.xlsx
2024-03-05,3.406800,2.635490,3.535070,3.233750,3.589550,2.710580,"Citi Velocity, exported by Charlie",france_italy_cmt_euribor_1y5y_citi_2026-10-05.xlsx
2024-03-06,3.416900,2.649590,3.520620,3.206570,3.603360,2.715910,"Citi Velocity, exported by Charlie",france_italy_cmt_euribor_1y5y_citi_2026-10-05.xlsx
2024-03-07,3.388240,2.617280,3.500380,3.144150,3.570990,2.690400,"Citi Velocity, exported by Charlie",france_italy_cmt_euribor_1y5y_citi_2026-10-05.xlsx
2024-03-08,3.339010,2.549190,3.450390,3.090150,3.527940,2.618160,"Citi Velocity, exported by Charlie",france_italy_cmt_euribor_1y5y_citi_2026-10-05.xlsx
2024-03-11,3.369670,2.588290,3.472180,3.134860,3.551080,2.645470,"Citi Velocity, exported by Charlie",france_italy_cmt_euribor_1y5y_citi_2026-10-05.xlsx
2024-03-12,3.393940,2.620830,3.476710,3.121560,3.571540,2.671370,"Citi Velocity, exported by Charlie",france_italy_cmt_euribor_1y5y_citi_2026-10-05.xlsx
2024-03-13,3.405580,2.648680,3.459330,3.107640,3.586430,2.700030,"Citi Velocity, exported by Charlie",france_italy_cmt_euribor_1y5y_citi_2026-10-05.xlsx
2024-03-14,3.419310,2.702310,3.504940,3.198820,3.591200,2.762870,"Citi Velocity, exported by Charlie",france_italy_cmt_euribor_1y5y_citi_2026-10-05.xlsx
2024-03-15,3.443520,2.725740,3.550240,3.255880,3.612770,2.793590,"Citi Velocity, exported by Charlie",france_italy_cmt_euribor_1y5y_citi_2026-10-05.xlsx
2024-03-18,3.452300,2.734500,3.528550,3.227210,3.620860,2.801580,"Citi Velocity, exported by Charlie",france_italy_cmt_euribor_1y5y_citi_2026-10-05.xlsx
2024-03-19,3.427630,2.697030,3.516150,3.230750,3.599550,2.775690,"Citi Velocity, exported by Charlie",france_italy_cmt_euribor_1y5y_citi_2026-10-05.xlsx
2024-03-20,3.431330,2.700710,3.526630,3.245280,3.599540,2.789040,"Citi Velocity, exported by Charlie",france_italy_cmt_euribor_1y5y_citi_2026-10-05.xlsx
2024-03-21,3.396610,2.660110,3.490380,3.206910,3.567660,2.750460,"Citi Velocity, exported by Charlie",france_italy_cmt_euribor_1y5y_citi_2026-10-05.xlsx
2024-03-22,3.362820,2.609410,3.472650,3.166260,3.536070,2.688680,"Citi Velocity, exported by Charlie",france_italy_cmt_euribor_1y5y_citi_2026-10-05.xlsx
2024-03-25,3.395480,2.682130,3.488150,3.220680,3.561260,2.735240,"Citi Velocity, exported by Charlie",france_italy_cmt_euribor_1y5y_citi_2026-10-05.xlsx
2024-03-26,3.383170,2.665950,3.466100,3.184470,3.551830,2.721290,"Citi Velocity, exported by Charlie",france_italy_cmt_euribor_1y5y_citi_2026-10-05.xlsx
2024-03-27,3.351390,2.615410,3.446830,3.150360,3.525690,2.668490,"Citi Velocity, exported by Charlie",france_italy_cmt_euribor_1y5y_citi_2026-10-05.xlsx
2024-03-28,3.365690,2.628240,3.490500,3.197790,3.524480,2.658560,"Citi Velocity, exported by Charlie",france_italy_cmt_euribor_1y5y_citi_2026-10-05.xlsx
2024-03-29,,,,,3.524390,2.659110,"Citi Velocity, exported by Charlie",france_italy_cmt_euribor_1y5y_citi_2026-10-05.xlsx
2024-04-01,,,,,3.524390,2.659110,"Citi Velocity, exported by Charlie",france_italy_cmt_euribor_1y5y_citi_2026-10-05.xlsx
2024-04-02,3.356840,2.697990,3.504390,3.282860,3.512080,2.728680,"Citi Velocity, exported by Charlie",france_italy_cmt_euribor_1y5y_citi_2026-10-05.xlsx
2024-04-03,3.372300,2.711890,3.539590,3.333510,3.522780,2.737290,"Citi Velocity, exported by Charlie",france_italy_cmt_euribor_1y5y_citi_2026-10-05.xlsx
2024-04-04,3.363190,2.666600,3.495170,3.226730,3.523150,2.703260,"Citi Velocity, exported by Charlie",france_italy_cmt_euribor_1y5y_citi_2026-10-05.xlsx
2024-04-05,3.373700,2.702190,3.523340,3.300850,3.531480,2.746250,"Citi Velocity, exported by Charlie",france_italy_cmt_euribor_1y5y_citi_2026-10-05.xlsx
2024-04-08,3.397850,2.745640,3.530450,3.319430,3.556320,2.790940,"Citi Velocity, exported by Charlie",france_italy_cmt_euribor_1y5y_citi_2026-10-05.xlsx
2024-04-09,3.378990,2.683270,3.500910,3.249360,3.542860,2.739120,"Citi Velocity, exported by Charlie",france_italy_cmt_euribor_1y5y_citi_2026-10-05.xlsx
2024-04-10,3.423730,2.752540,3.532670,3.306840,3.588350,2.795190,"Citi Velocity, exported by Charlie",france_italy_cmt_euribor_1y5y_citi_2026-10-05.xlsx
2024-04-11,3.439740,2.799740,3.565550,3.400300,3.612250,2.860510,"Citi Velocity, exported by Charlie",france_italy_cmt_euribor_1y5y_citi_2026-10-05.xlsx
2024-04-12,3.358320,2.663440,3.480180,3.261920,3.541720,2.750940,"Citi Velocity, exported by Charlie",france_italy_cmt_euribor_1y5y_citi_2026-10-05.xlsx
2024-04-15,3.383180,2.737780,3.495550,3.342920,3.553440,2.812630,"Citi Velocity, exported by Charlie",france_italy_cmt_euribor_1y5y_citi_2026-10-05.xlsx
2024-04-16,3.401930,2.799630,3.533980,3.417610,3.579760,2.884850,"Citi Velocity, exported by Charlie",france_italy_cmt_euribor_1y5y_citi_2026-10-05.xlsx
2024-04-17,3.401310,2.787400,3.529010,3.404310,3.575240,2.858950,"Citi Velocity, exported by Charlie",france_italy_cmt_euribor_1y5y_citi_2026-10-05.xlsx
2024-04-18,3.415420,2.817470,3.551710,3.428230,3.590530,2.886180,"Citi Velocity, exported by Charlie",france_italy_cmt_euribor_1y5y_citi_2026-10-05.xlsx
2024-04-19,3.426940,2.853270,3.571140,3.458250,3.602910,2.912750,"Citi Velocity, exported by Charlie",france_italy_cmt_euribor_1y5y_citi_2026-10-05.xlsx
2024-04-22,3.401840,2.810610,3.513200,3.373910,3.571990,2.885890,"Citi Velocity, exported by Charlie",france_italy_cmt_euribor_1y5y_citi_2026-10-05.xlsx
2024-04-23,3.408760,2.819370,3.501790,3.360830,3.576040,2.885690,"Citi Velocity, exported by Charlie",france_italy_cmt_euribor_1y5y_citi_2026-10-05.xlsx
2024-04-24,3.432460,2.889000,3.556260,3.471250,3.598480,2.953080,"Citi Velocity, exported by Charlie",france_italy_cmt_euribor_1y5y_citi_2026-10-05.xlsx
2024-04-25,3.460380,2.937050,3.588260,3.521150,3.624970,2.989510,"Citi Velocity, exported by Charlie",france_italy_cmt_euribor_1y5y_citi_2026-10-05.xlsx
2024-04-26,3.449120,2.889960,3.555860,3.438560,3.615080,2.941350,"Citi Velocity, exported by Charlie",france_italy_cmt_euribor_1y5y_citi_2026-10-05.xlsx
2024-04-29,3.422730,2.826420,3.512400,3.368340,3.572170,2.889650,"Citi Velocity, exported by Charlie",france_italy_cmt_euribor_1y5y_citi_2026-10-05.xlsx
2024-04-30,3.473140,2.908840,3.571260,3.457890,3.616830,2.965030,"Citi Velocity, exported by Charlie",france_italy_cmt_euribor_1y5y_citi_2026-10-05.xlsx
2024-05-01,,,,,3.616720,2.965400,"Citi Velocity, exported by Charlie",france_italy_cmt_euribor_1y5y_citi_2026-10-05.xlsx
2024-05-02,3.450920,2.880410,3.547480,3.416850,3.605350,2.940950,"Citi Velocity, exported by Charlie",france_italy_cmt_euribor_1y5y_citi_2026-10-05.xlsx
2024-05-03,3.410130,2.818960,3.481170,3.360760,3.557170,2.876700,"Citi Velocity, exported by Charlie",france_italy_cmt_euribor_1y5y_citi_2026-10-05.xlsx
2024-05-06,3.403010,2.791770,3.468050,3.328870,3.548040,2.850170,"Citi Velocity, exported by Charlie",france_italy_cmt_euribor_1y5y_citi_2026-10-05.xlsx
2024-05-07,3.401650,2.753790,3.471620,3.304130,3.536140,2.807320,"Citi Velocity, exported by Charlie",france_italy_cmt_euribor_1y5y_citi_2026-10-05.xlsx
2024-05-08,3.412300,2.792050,3.476720,3.332510,3.555990,2.842510,"Citi Velocity, exported by Charlie",france_italy_cmt_euribor_1y5y_citi_2026-10-05.xlsx
2024-05-09,3.410730,2.819200,3.492720,3.367930,3.553770,2.865640,"Citi Velocity, exported by Charlie",france_italy_cmt_euribor_1y5y_citi_2026-10-05.xlsx
2024-05-10,3.425560,2.854350,3.507950,3.391450,3.577000,2.890000,"Citi Velocity, exported by Charlie",france_italy_cmt_euribor_1y5y_citi_2026-10-05.xlsx
2024-05-13,3.407240,2.837680,3.486380,3.378810,3.563530,2.867600,"Citi Velocity, exported by Charlie",france_italy_cmt_euribor_1y5y_citi_2026-10-05.xlsx
2024-05-14,3.417940,2.876100,3.493430,3.415010,3.576500,2.901240,"Citi Velocity, exported by Charlie",france_italy_cmt_euribor_1y5y_citi_2026-10-05.xlsx
2024-05-15,3.375530,2.757990,3.418790,3.269360,3.534420,2.796220,"Citi Velocity, exported by Charlie",france_italy_cmt_euribor_1y5y_citi_2026-10-05.xlsx
2024-05-16,3.381130,2.777320,3.435720,3.289760,3.547100,2.815040,"Citi Velocity, exported by Charlie",france_italy_cmt_euribor_1y5y_citi_2026-10-05.xlsx
2024-05-17,3.417780,2.849120,3.480710,3.352130,3.586450,2.881390,"Citi Velocity, exported by Charlie",france_italy_cmt_euribor_1y5y_citi_2026-10-05.xlsx
2024-05-20,3.417960,2.870920,3.480920,3.361630,3.584180,2.904260,"Citi Velocity, exported by Charlie",france_italy_cmt_euribor_1y5y_citi_2026-10-05.xlsx
2024-05-21,3.407770,2.840890,3.479540,3.345000,3.574830,2.873070,"Citi Velocity, exported by Charlie",france_italy_cmt_euribor_1y5y_citi_2026-10-05.xlsx
2024-05-22,3.429280,2.870960,3.504810,3.372460,3.595360,2.898400,"Citi Velocity, exported by Charlie",france_italy_cmt_euribor_1y5y_citi_2026-10-05.xlsx
2024-05-23,3.473270,2.958780,3.569760,3.470820,3.630880,2.975750,"Citi Velocity, exported by Charlie",france_italy_cmt_euribor_1y5y_citi_2026-10-05.xlsx
2024-05-24,3.475160,2.928510,3.581860,3.458880,3.635730,2.951780,"Citi Velocity, exported by Charlie",france_italy_cmt_euribor_1y5y_citi_2026-10-05.xlsx
2024-05-27,3.442190,2.892390,3.537600,3.398820,3.604730,2.926210,"Citi Velocity, exported by Charlie",france_italy_cmt_euribor_1y5y_citi_2026-10-05.xlsx
2024-05-28,3.443410,2.920110,3.548470,3.447290,3.601130,2.943380,"Citi Velocity, exported by Charlie",france_italy_cmt_euribor_1y5y_citi_2026-10-05.xlsx
2024-05-29,3.462820,2.996840,3.571350,3.527250,3.611650,3.014210,"Citi Velocity, exported by Charlie",france_italy_cmt_euribor_1y5y_citi_2026-10-05.xlsx
2024-05-30,3.445010,2.985130,3.545090,3.503750,3.603850,2.996830,"Citi Velocity, exported by Charlie",france_italy_cmt_euribor_1y5y_citi_2026-10-05.xlsx
2024-05-31,3.456370,2.973000,3.543500,3.504670,3.615770,2.980050,"Citi Velocity, exported by Charlie",france_italy_cmt_euribor_1y5y_citi_2026-10-05.xlsx
2024-06-03,3.424290,2.911820,3.506410,3.433430,3.587640,2.919000,"Citi Velocity, exported by Charlie",france_italy_cmt_euribor_1y5y_citi_2026-10-05.xlsx
2024-06-04,3.399160,2.873890,3.485130,3.403390,3.565030,2.879170,"Citi Velocity, exported by Charlie",france_italy_cmt_euribor_1y5y_citi_2026-10-05.xlsx
2024-06-05,3.386240,2.849730,3.466800,3.359440,3.545890,2.853050,"Citi Velocity, exported by Charlie",france_italy_cmt_euribor_1y5y_citi_2026-10-05.xlsx
2024-06-06,3.410980,2.899280,3.507200,3.429550,3.574340,2.901690,"Citi Velocity, exported by Charlie",france_italy_cmt_euribor_1y5y_citi_2026-10-05.xlsx
2024-06-07,3.447400,2.974450,3.561240,3.533650,3.609940,2.968920,"Citi Velocity, exported by Charlie",france_italy_cmt_euribor_1y5y_citi_2026-10-05.xlsx
2024-06-10,3.460760,3.062380,3.594760,3.620660,3.614620,3.017920,"Citi Velocity, exported by Charlie",france_italy_cmt_euribor_1y5y_citi_2026-10-05.xlsx
2024-06-11,3.437480,3.055120,3.579900,3.601720,3.592260,2.980460,"Citi Velocity, exported by Charlie",france_italy_cmt_euribor_1y5y_citi_2026-10-05.xlsx
2024-06-12,3.400680,2.972120,3.516210,3.468330,3.544980,2.898260,"Citi Velocity, exported by Charlie",france_italy_cmt_euribor_1y5y_citi_2026-10-05.xlsx
2024-06-13,3.386100,2.984430,3.543160,3.503430,3.539140,2.893000,"Citi Velocity, exported by Charlie",france_italy_cmt_euribor_1y5y_citi_2026-10-05.xlsx
2024-06-14,3.319530,2.921770,3.517890,3.444360,3.489380,2.791620,"Citi Velocity, exported by Charlie",france_italy_cmt_euribor_1y5y_citi_2026-10-05.xlsx
2024-06-17,3.360620,2.954340,3.532660,3.471080,3.502810,2.827240,"Citi Velocity, exported by Charlie",france_italy_cmt_euribor_1y5y_citi_2026-10-05.xlsx
2024-06-18,3.382000,2.927390,3.505680,3.420320,3.497190,2.792500,"Citi Velocity, exported by Charlie",france_italy_cmt_euribor_1y5y_citi_2026-10-05.xlsx
2024-06-19,3.383880,2.951160,3.521170,3.468820,3.499370,2.809440,"Citi Velocity, exported by Charlie",france_italy_cmt_euribor_1y5y_citi_2026-10-05.xlsx
2024-06-20,3.380050,2.957530,3.504830,3.468660,3.497310,2.835430,"Citi Velocity, exported by Charlie",france_italy_cmt_euribor_1y5y_citi_2026-10-05.xlsx
2024-06-21,3.357130,2.946140,3.482060,3.451170,3.468660,2.814600,"Citi Velocity, exported by Charlie",france_italy_cmt_euribor_1y5y_citi_2026-10-05.xlsx
2024-06-24,3.359700,2.937850,3.465680,3.435350,3.463830,2.813350,"Citi Velocity, exported by Charlie",france_italy_cmt_euribor_1y5y_citi_2026-10-05.xlsx
2024-06-25,3.350030,2.923170,3.481630,3.443080,3.462600,2.813570,"Citi Velocity, exported by Charlie",france_italy_cmt_euribor_1y5y_citi_2026-10-05.xlsx
2024-06-26,3.349180,2.972470,3.497380,3.488020,3.466110,2.847190,"Citi Velocity, exported by Charlie",france_italy_cmt_euribor_1y5y_citi_2026-10-05.xlsx
2024-06-27,3.345830,3.000530,3.500690,3.526880,3.459050,2.854650,"Citi Velocity, exported by Charlie",france_italy_cmt_euribor_1y5y_citi_2026-10-05.xlsx
2024-06-28,3.352040,3.022160,3.517690,3.553890,3.468490,2.864550,"Citi Velocity, exported by Charlie",france_italy_cmt_euribor_1y5y_citi_2026-10-05.xlsx
2024-07-01,3.389160,3.076240,3.511860,3.577100,3.498110,2.933580,"Citi Velocity, exported by Charlie",france_italy_cmt_euribor_1y5y_citi_2026-10-05.xlsx
2024-07-02,3.376520,3.045060,3.487450,3.538610,3.482610,2.915150,"Citi Velocity, exported by Charlie",france_italy_cmt_euribor_1y5y_citi_2026-10-05.xlsx
2024-07-03,3.369490,2.990800,3.473450,3.471860,3.476130,2.867560,"Citi Velocity, exported by Charlie",france_italy_cmt_euribor_1y5y_citi_2026-10-05.xlsx
2024-07-04,3.379860,3.028390,3.488390,3.506850,3.492930,2.907430,"Citi Velocity, exported by Charlie",france_italy_cmt_euribor_1y5y_citi_2026-10-05.xlsx
2024-07-05,3.348080,2.958850,3.429000,3.427770,3.468170,2.854200,"Citi Velocity, exported by Charlie",france_italy_cmt_euribor_1y5y_citi_2026-10-05.xlsx
2024-07-08,3.346040,2.920620,3.405560,3.385600,3.463460,2.843300,"Citi Velocity, exported by Charlie",france_italy_cmt_euribor_1y5y_citi_2026-10-05.xlsx
2024-07-09,3.351510,2.996140,3.444640,3.449690,3.473550,2.875480,"Citi Velocity, exported by Charlie",france_italy_cmt_euribor_1y5y_citi_2026-10-05.xlsx
2024-07-10,3.338360,2.942420,3.388930,3.360490,3.465170,2.845290,"Citi Velocity, exported by Charlie",france_italy_cmt_euribor_1y5y_citi_2026-10-05.xlsx
2024-07-11,3.263990,2.856020,3.314830,3.262690,3.395810,2.765440,"Citi Velocity, exported by Charlie",france_italy_cmt_euribor_1y5y_citi_2026-10-05.xlsx
2024-07-12,3.267000,2.886870,3.320810,3.276610,3.390600,2.792920,"Citi Velocity, exported by Charlie",france_italy_cmt_euribor_1y5y_citi_2026-10-05.xlsx
2024-07-15,3.262070,2.856260,3.293700,3.233270,3.387540,2.760370,"Citi Velocity, exported by Charlie",france_italy_cmt_euribor_1y5y_citi_2026-10-05.xlsx
2024-07-16,3.238220,2.826070,3.276210,3.203000,3.368570,2.719660,"Citi Velocity, exported by Charlie",france_italy_cmt_euribor_1y5y_citi_2026-10-05.xlsx
2024-07-17,3.238940,2.826500,3.294550,3.227960,3.375550,2.720380,"Citi Velocity, exported by Charlie",france_italy_cmt_euribor_1y5y_citi_2026-10-05.xlsx
2024-07-18,3.221450,2.793710,3.277490,3.190530,3.361350,2.693880,"Citi Velocity, exported by Charlie",france_italy_cmt_euribor_1y5y_citi_2026-10-05.xlsx
2024-07-19,3.234270,2.838870,3.294550,3.245130,3.377600,2.736140,"Citi Velocity, exported by Charlie",france_italy_cmt_euribor_1y5y_citi_2026-10-05.xlsx
2024-07-22,3.255970,2.872410,3.318840,3.249210,3.399230,2.760820,"Citi Velocity, exported by Charlie",france_italy_cmt_euribor_1y5y_citi_2026-10-05.xlsx
2024-07-23,3.228400,2.852650,3.314700,3.241740,3.370770,2.728740,"Citi Velocity, exported by Charlie",france_italy_cmt_euribor_1y5y_citi_2026-10-05.xlsx
2024-07-24,3.185990,2.833250,3.302110,3.245250,3.334580,2.708040,"Citi Velocity, exported by Charlie",france_italy_cmt_euribor_1y5y_citi_2026-10-05.xlsx
2024-07-25,3.147210,2.796080,3.275580,3.223450,3.293780,2.677900,"Citi Velocity, exported by Charlie",france_italy_cmt_euribor_1y5y_citi_2026-10-05.xlsx
2024-07-26,3.145050,2.789170,3.257030,3.208500,3.283780,2.670880,"Citi Velocity, exported by Charlie",france_italy_cmt_euribor_1y5y_citi_2026-10-05.xlsx
2024-07-29,3.133520,2.758080,3.225230,3.160860,3.266600,2.642830,"Citi Velocity, exported by Charlie",france_italy_cmt_euribor_1y5y_citi_2026-10-05.xlsx
2024-07-30,3.105490,2.730430,3.205200,3.141580,3.234300,2.609420,"Citi Velocity, exported by Charlie",france_italy_cmt_euribor_1y5y_citi_2026-10-05.xlsx
2024-07-31,3.081920,2.695820,3.177360,3.099580,3.214840,2.578240,"Citi Velocity, exported by Charlie",france_italy_cmt_euribor_1y5y_citi_2026-10-05.xlsx
2024-08-01,3.038810,2.646910,3.163260,3.072550,3.169440,2.517030,"Citi Velocity, exported by Charlie",france_italy_cmt_euribor_1y5y_citi_2026-10-05.xlsx
2024-08-02,2.939200,2.595710,3.089340,3.045450,3.064800,2.461740,"Citi Velocity, exported by Charlie",france_italy_cmt_euribor_1y5y_citi_2026-10-05.xlsx
2024-08-05,2.898760,2.608440,3.056280,3.073030,3.012710,2.459540,"Citi Velocity, exported by Charlie",france_italy_cmt_euribor_1y5y_citi_2026-10-05.xlsx
2024-08-06,2.937710,2.613190,3.079330,3.072560,3.027620,2.462180,"Citi Velocity, exported by Charlie",france_italy_cmt_euribor_1y5y_citi_2026-10-05.xlsx
2024-08-07,2.968180,2.659320,3.106480,3.111930,3.072300,2.522140,"Citi Velocity, exported by Charlie",france_italy_cmt_euribor_1y5y_citi_2026-10-05.xlsx
2024-08-08,2.955170,2.652020,3.100400,3.115130,3.067080,2.518480,"Citi Velocity, exported by Charlie",france_italy_cmt_euribor_1y5y_citi_2026-10-05.xlsx
2024-08-09,2.951970,2.615490,3.089640,3.060280,3.060740,2.479960,"Citi Velocity, exported by Charlie",france_italy_cmt_euribor_1y5y_citi_2026-10-05.xlsx
2024-08-12,2.961300,2.635560,3.096240,3.064810,3.063410,2.488790,"Citi Velocity, exported by Charlie",france_italy_cmt_euribor_1y5y_citi_2026-10-05.xlsx
2024-08-13,2.911340,2.570970,3.044640,2.985420,3.008140,2.426630,"Citi Velocity, exported by Charlie",france_italy_cmt_euribor_1y5y_citi_2026-10-05.xlsx
2024-08-14,2.908630,2.567360,3.037370,2.995070,3.001690,2.410800,"Citi Velocity, exported by Charlie",france_italy_cmt_euribor_1y5y_citi_2026-10-05.xlsx
2024-08-15,2.972950,2.659120,3.097900,3.075400,3.074240,2.497380,"Citi Velocity, exported by Charlie",france_italy_cmt_euribor_1y5y_citi_2026-10-05.xlsx
2024-08-16,2.968120,2.651030,3.101050,3.078140,3.076360,2.487430,"Citi Velocity, exported by Charlie",france_italy_cmt_euribor_1y5y_citi_2026-10-05.xlsx
2024-08-19,2.963310,2.659300,3.082250,3.068060,3.069270,2.496300,"Citi Velocity, exported by Charlie",france_italy_cmt_euribor_1y5y_citi_2026-10-05.xlsx
2024-08-20,2.936400,2.619220,3.054480,3.030390,3.033060,2.447380,"Citi Velocity, exported by Charlie",france_italy_cmt_euribor_1y5y_citi_2026-10-05.xlsx
2024-08-21,2.908610,2.588820,3.016980,2.992550,3.005200,2.429050,"Citi Velocity, exported by Charlie",france_italy_cmt_euribor_1y5y_citi_2026-10-05.xlsx
2024-08-22,2.927220,2.626930,3.032620,3.038190,3.029070,2.472740,"Citi Velocity, exported by Charlie",france_italy_cmt_euribor_1y5y_citi_2026-10-05.xlsx
2024-08-23,2.897060,2.588890,2.984860,2.978590,2.991710,2.431700,"Citi Velocity, exported by Charlie",france_italy_cmt_euribor_1y5y_citi_2026-10-05.xlsx
2024-08-26,2.916050,2.613580,3.010480,3.016910,3.010480,2.464870,"Citi Velocity, exported by Charlie",france_italy_cmt_euribor_1y5y_citi_2026-10-05.xlsx
2024-08-27,2.919110,2.649840,3.049250,3.080700,3.011230,2.483880,"Citi Velocity, exported by Charlie",france_italy_cmt_euribor_1y5y_citi_2026-10-05.xlsx
2024-08-28,2.907840,2.632130,3.038850,3.065440,2.997270,2.465380,"Citi Velocity, exported by Charlie",france_italy_cmt_euribor_1y5y_citi_2026-10-05.xlsx
2024-08-29,2.881020,2.633440,2.998390,3.059550,2.968970,2.469790,"Citi Velocity, exported by Charlie",france_italy_cmt_euribor_1y5y_citi_2026-10-05.xlsx
2024-08-30,2.903260,2.636560,3.023580,3.069760,2.986440,2.464700,"Citi Velocity, exported by Charlie",france_italy_cmt_euribor_1y5y_citi_2026-10-05.xlsx
2024-09-02,2.928210,2.676200,3.033210,3.092190,2.998820,2.505850,"Citi Velocity, exported by Charlie",france_italy_cmt_euribor_1y5y_citi_2026-10-05.xlsx
2024-09-03,2.912770,2.632020,3.024390,3.067400,2.981750,2.465990,"Citi Velocity, exported by Charlie",france_italy_cmt_euribor_1y5y_citi_2026-10-05.xlsx
2024-09-04,2.871320,2.562700,2.959710,2.968260,2.935040,2.406640,"Citi Velocity, exported by Charlie",france_italy_cmt_euribor_1y5y_citi_2026-10-05.xlsx
2024-09-05,2.842720,2.558250,2.950840,2.960570,2.912390,2.398540,"Citi Velocity, exported by Charlie",france_italy_cmt_euribor_1y5y_citi_2026-10-05.xlsx
2024-09-06,2.783570,2.494000,2.900520,2.920670,2.850800,2.347370,"Citi Velocity, exported by Charlie",france_italy_cmt_euribor_1y5y_citi_2026-10-05.xlsx
2024-09-09,2.782430,2.496260,2.901500,2.920060,2.843280,2.329980,"Citi Velocity, exported by Charlie",france_italy_cmt_euribor_1y5y_citi_2026-10-05.xlsx
2024-09-10,2.775790,2.477990,2.885900,2.896240,2.841730,2.310320,"Citi Velocity, exported by Charlie",france_italy_cmt_euribor_1y5y_citi_2026-10-05.xlsx
2024-09-11,2.732340,2.412040,2.837160,2.820470,2.803160,2.260160,"Citi Velocity, exported by Charlie",france_italy_cmt_euribor_1y5y_citi_2026-10-05.xlsx
2024-09-12,2.793870,2.481770,2.880130,2.856140,2.871100,2.317550,"Citi Velocity, exported by Charlie",france_italy_cmt_euribor_1y5y_citi_2026-10-05.xlsx
2024-09-13,2.761690,2.475910,2.856600,2.830560,2.837570,2.311420,"Citi Velocity, exported by Charlie",france_italy_cmt_euribor_1y5y_citi_2026-10-05.xlsx
2024-09-16,2.737350,2.454480,2.838270,2.794950,2.816600,2.278040,"Citi Velocity, exported by Charlie",france_italy_cmt_euribor_1y5y_citi_2026-10-05.xlsx
2024-09-17,2.755220,2.490790,2.851570,2.825060,2.831620,2.314040,"Citi Velocity, exported by Charlie",france_italy_cmt_euribor_1y5y_citi_2026-10-05.xlsx
2024-09-18,2.776320,2.544890,2.873820,2.891440,2.847730,2.351750,"Citi Velocity, exported by Charlie",france_italy_cmt_euribor_1y5y_citi_2026-10-05.xlsx
2024-09-19,2.741740,2.528570,2.828020,2.844130,2.814750,2.326590,"Citi Velocity, exported by Charlie",france_italy_cmt_euribor_1y5y_citi_2026-10-05.xlsx
2024-09-20,2.765850,2.576040,2.845280,2.874200,2.835500,2.360280,"Citi Velocity, exported by Charlie",france_italy_cmt_euribor_1y5y_citi_2026-10-05.xlsx
2024-09-23,2.682200,2.525350,2.768220,2.797280,2.752090,2.298080,"Citi Velocity, exported by Charlie",france_italy_cmt_euribor_1y5y_citi_2026-10-05.xlsx
2024-09-24,2.614610,2.460950,2.708430,2.733460,2.687150,2.243290,"Citi Velocity, exported by Charlie",france_italy_cmt_euribor_1y5y_citi_2026-10-05.xlsx
2024-09-25,2.636450,2.524870,2.728170,2.792980,2.694030,2.284090,"Citi Velocity, exported by Charlie",france_italy_cmt_euribor_1y5y_citi_2026-10-05.xlsx
2024-09-26,2.615650,2.522100,2.692040,2.731060,2.675000,2.277800,"Citi Velocity, exported by Charlie",france_italy_cmt_euribor_1y5y_citi_2026-10-05.xlsx
2024-09-27,2.578090,2.484020,2.680800,2.726410,2.629600,2.244330,"Citi Velocity, exported by Charlie",france_italy_cmt_euribor_1y5y_citi_2026-10-05.xlsx
2024-09-30,2.554040,2.467280,2.693200,2.732930,2.600240,2.217650,"Citi Velocity, exported by Charlie",france_italy_cmt_euribor_1y5y_citi_2026-10-05.xlsx
2024-10-01,2.525590,2.383580,2.652010,2.663340,2.568460,2.162300,"Citi Velocity, exported by Charlie",france_italy_cmt_euribor_1y5y_citi_2026-10-05.xlsx
2024-10-02,2.527650,2.428940,2.663060,2.709570,2.568310,2.207550,"Citi Velocity, exported by Charlie",france_italy_cmt_euribor_1y5y_citi_2026-10-05.xlsx
2024-10-03,2.534770,2.474500,2.670500,2.750520,2.575860,2.235260,"Citi Velocity, exported by Charlie",france_italy_cmt_euribor_1y5y_citi_2026-10-05.xlsx
2024-10-04,2.623990,2.570280,2.727010,2.833110,2.680070,2.344940,"Citi Velocity, exported by Charlie",france_italy_cmt_euribor_1y5y_citi_2026-10-05.xlsx
2024-10-07,2.652570,2.613320,2.785790,2.896870,2.722700,2.397700,"Citi Velocity, exported by Charlie",france_italy_cmt_euribor_1y5y_citi_2026-10-05.xlsx
2024-10-08,2.647420,2.602620,2.790640,2.881640,2.720410,2.384700,"Citi Velocity, exported by Charlie",france_italy_cmt_euribor_1y5y_citi_2026-10-05.xlsx
2024-10-09,2.654800,2.618120,2.805480,2.895030,2.716170,2.393270,"Citi Velocity, exported by Charlie",france_italy_cmt_euribor_1y5y_citi_2026-10-05.xlsx
2024-10-10,2.649440,2.619700,2.798430,2.881610,2.705080,2.395450,"Citi Velocity, exported by Charlie",france_italy_cmt_euribor_1y5y_citi_2026-10-05.xlsx
2024-10-11,2.652530,2.630940,2.858430,2.899910,2.706330,2.389590,"Citi Velocity, exported by Charlie",france_italy_cmt_euribor_1y5y_citi_2026-10-05.xlsx
2024-10-14,2.643770,2.629390,2.829070,2.881890,2.694410,2.377040,"Citi Velocity, exported by Charlie",france_italy_cmt_euribor_1y5y_citi_2026-10-05.xlsx
2024-10-15,2.604780,2.549380,2.781250,2.790190,2.654390,2.306260,"Citi Velocity, exported by Charlie",france_italy_cmt_euribor_1y5y_citi_2026-10-05.xlsx
2024-10-16,2.574590,2.505240,2.745780,2.739550,2.622660,2.271940,"Citi Velocity, exported by Charlie",france_italy_cmt_euribor_1y5y_citi_2026-10-05.xlsx
2024-10-17,2.538920,2.514810,2.702480,2.717720,2.581810,2.268390,"Citi Velocity, exported by Charlie",france_italy_cmt_euribor_1y5y_citi_2026-10-05.xlsx
2024-10-18,2.490410,2.470440,2.650850,2.672620,2.526770,2.235540,"Citi Velocity, exported by Charlie",france_italy_cmt_euribor_1y5y_citi_2026-10-05.xlsx
2024-10-21,2.540430,2.573890,2.716180,2.822740,2.555460,2.301270,"Citi Velocity, exported by Charlie",france_italy_cmt_euribor_1y5y_citi_2026-10-05.xlsx
2024-10-22,2.536580,2.600640,2.721500,2.852510,2.540440,2.321730,"Citi Velocity, exported by Charlie",france_italy_cmt_euribor_1y5y_citi_2026-10-05.xlsx
2024-10-23,2.491360,2.578310,2.681510,2.827960,2.480690,2.321670,"Citi Velocity, exported by Charlie",france_italy_cmt_euribor_1y5y_citi_2026-10-05.xlsx
2024-10-24,2.448010,2.512360,2.637240,2.757340,2.431860,2.250730,"Citi Velocity, exported by Charlie",france_italy_cmt_euribor_1y5y_citi_2026-10-05.xlsx
2024-10-25,2.480840,2.582490,2.687050,2.818390,2.451060,2.281220,"Citi Velocity, exported by Charlie",france_italy_cmt_euribor_1y5y_citi_2026-10-05.xlsx
2024-10-28,2.467830,2.571420,2.668970,2.809570,2.436920,2.272640,"Citi Velocity, exported by Charlie",france_italy_cmt_euribor_1y5y_citi_2026-10-05.xlsx
2024-10-29,2.473500,2.628730,2.700220,2.879300,2.439170,2.290890,"Citi Velocity, exported by Charlie",france_italy_cmt_euribor_1y5y_citi_2026-10-05.xlsx
2024-10-30,2.547660,2.712180,2.777980,2.983970,2.508620,2.358480,"Citi Velocity, exported by Charlie",france_italy_cmt_euribor_1y5y_citi_2026-10-05.xlsx
2024-10-31,2.585880,2.726470,2.822400,3.024710,2.539880,2.368940,"Citi Velocity, exported by Charlie",france_italy_cmt_euribor_1y5y_citi_2026-10-05.xlsx
2024-11-01,2.564590,2.727840,2.795260,3.023470,2.526610,2.366090,"Citi Velocity, exported by Charlie",france_italy_cmt_euribor_1y5y_citi_2026-10-05.xlsx
2024-11-04,2.566530,2.722060,2.802980,3.026340,2.530890,2.369110,"Citi Velocity, exported by Charlie",france_italy_cmt_euribor_1y5y_citi_2026-10-05.xlsx
2024-11-05,2.590220,2.750940,2.808110,3.054060,2.553400,2.415890,"Citi Velocity, exported by Charlie",france_italy_cmt_euribor_1y5y_citi_2026-10-05.xlsx
2024-11-06,2.509940,2.698920,2.755170,3.035840,2.449220,2.319610,"Citi Velocity, exported by Charlie",france_italy_cmt_euribor_1y5y_citi_2026-10-05.xlsx
2024-11-07,2.507290,2.727470,2.735790,3.047370,2.436550,2.304840,"Citi Velocity, exported by Charlie",france_italy_cmt_euribor_1y5y_citi_2026-10-05.xlsx
2024-11-08,2.503610,2.684130,2.740260,3.002500,2.437620,2.278290,"Citi Velocity, exported by Charlie",france_italy_cmt_euribor_1y5y_citi_2026-10-05.xlsx
2024-11-11,2.461890,2.637530,2.688530,2.931740,2.405550,2.221820,"Citi Velocity, exported by Charlie",france_italy_cmt_euribor_1y5y_citi_2026-10-05.xlsx
2024-11-12,2.451610,2.663870,2.666630,2.954990,2.391650,2.235660,"Citi Velocity, exported by Charlie",france_italy_cmt_euribor_1y5y_citi_2026-10-05.xlsx
2024-11-13,2.459280,2.696070,2.652340,2.970170,2.396770,2.262410,"Citi Velocity, exported by Charlie",france_italy_cmt_euribor_1y5y_citi_2026-10-05.xlsx
2024-11-14,2.412390,2.644170,2.591760,2.894560,2.341410,2.208310,"Citi Velocity, exported by Charlie",france_italy_cmt_euribor_1y5y_citi_2026-10-05.xlsx
2024-11-15,2.424240,2.646100,2.581650,2.879700,2.356390,2.209700,"Citi Velocity, exported by Charlie",france_italy_cmt_euribor_1y5y_citi_2026-10-05.xlsx
2024-11-18,2.471250,2.676160,2.634430,2.920370,2.409160,2.238230,"Citi Velocity, exported by Charlie",france_italy_cmt_euribor_1y5y_citi_2026-10-05.xlsx
2024-11-19,2.461480,2.648030,2.619030,2.900480,2.418230,2.240010,"Citi Velocity, exported by Charlie",france_italy_cmt_euribor_1y5y_citi_2026-10-05.xlsx
2024-11-20,2.460960,2.680720,2.607270,2.924130,2.414700,2.272700,"Citi Velocity, exported by Charlie",france_italy_cmt_euribor_1y5y_citi_2026-10-05.xlsx
2024-11-21,2.437890,2.666220,2.557780,2.891070,2.396890,2.253310,"Citi Velocity, exported by Charlie",france_italy_cmt_euribor_1y5y_citi_2026-10-05.xlsx
2024-11-22,2.337080,2.611460,2.458720,2.817300,2.313390,2.199780,"Citi Velocity, exported by Charlie",france_italy_cmt_euribor_1y5y_citi_2026-10-05.xlsx
2024-11-25,2.347250,2.591960,2.470830,2.796460,2.316660,2.159720,"Citi Velocity, exported by Charlie",france_italy_cmt_euribor_1y5y_citi_2026-10-05.xlsx
2024-11-26,2.383270,2.613470,2.480150,2.808740,2.329560,2.178210,"Citi Velocity, exported by Charlie",france_italy_cmt_euribor_1y5y_citi_2026-10-05.xlsx
2024-11-27,2.400660,2.613620,2.491310,2.778410,2.346950,2.163220,"Citi Velocity, exported by Charlie",france_italy_cmt_euribor_1y5y_citi_2026-10-05.xlsx
2024-11-28,2.364840,2.544000,2.444170,2.705410,2.316680,2.123910,"Citi Velocity, exported by Charlie",france_italy_cmt_euribor_1y5y_citi_2026-10-05.xlsx
2024-11-29,2.321210,2.477950,2.399360,2.637090,2.272810,2.075570,"Citi Velocity, exported by Charlie",france_italy_cmt_euribor_1y5y_citi_2026-10-05.xlsx
2024-12-02,2.281010,2.472780,2.371440,2.610910,2.229890,2.025450,"Citi Velocity, exported by Charlie",france_italy_cmt_euribor_1y5y_citi_2026-10-05.xlsx
2024-12-03,2.304660,2.488260,2.387630,2.615840,2.241080,2.021810,"Citi Velocity, exported by Charlie",france_italy_cmt_euribor_1y5y_citi_2026-10-05.xlsx
2024-12-04,2.311440,2.481190,2.387950,2.589280,2.256910,2.031970,"Citi Velocity, exported by Charlie",france_italy_cmt_euribor_1y5y_citi_2026-10-05.xlsx
2024-12-05,2.337180,2.489140,2.419100,2.603300,2.291430,2.087900,"Citi Velocity, exported by Charlie",france_italy_cmt_euribor_1y5y_citi_2026-10-05.xlsx
2024-12-06,2.325510,2.475210,2.420100,2.607510,2.295310,2.077510,"Citi Velocity, exported by Charlie",france_italy_cmt_euribor_1y5y_citi_2026-10-05.xlsx
2024-12-09,2.300150,2.457620,2.391190,2.583670,2.270040,2.064210,"Citi Velocity, exported by Charlie",france_italy_cmt_euribor_1y5y_citi_2026-10-05.xlsx
2024-12-10,2.278570,2.439770,2.372300,2.580220,2.258260,2.057440,"Citi Velocity, exported by Charlie",france_italy_cmt_euribor_1y5y_citi_2026-10-05.xlsx
2024-12-11,2.262130,2.445230,2.337630,2.552000,2.250650,2.053430,"Citi Velocity, exported by Charlie",france_italy_cmt_euribor_1y5y_citi_2026-10-05.xlsx
2024-12-12,2.283310,2.494050,2.401230,2.662560,2.278040,2.106100,"Citi Velocity, exported by Charlie",france_italy_cmt_euribor_1y5y_citi_2026-10-05.xlsx
2024-12-13,2.322330,2.561550,2.411680,2.727350,2.304110,2.165120,"Citi Velocity, exported by Charlie",france_italy_cmt_euribor_1y5y_citi_2026-10-05.xlsx
2024-12-16,2.322480,2.565110,2.404260,2.728610,2.311650,2.149310,"Citi Velocity, exported by Charlie",france_italy_cmt_euribor_1y5y_citi_2026-10-05.xlsx
2024-12-17,2.327330,2.568370,2.394020,2.731220,2.319660,2.159340,"Citi Velocity, exported by Charlie",france_italy_cmt_euribor_1y5y_citi_2026-10-05.xlsx
2024-12-18,2.328610,2.579350,2.357690,2.746160,2.309700,2.177700,"Citi Velocity, exported by Charlie",france_italy_cmt_euribor_1y5y_citi_2026-10-05.xlsx
2024-12-19,2.335010,2.621430,2.350660,2.793560,2.319030,2.230100,"Citi Velocity, exported by Charlie",france_italy_cmt_euribor_1y5y_citi_2026-10-05.xlsx
2024-12-20,2.325450,2.595870,2.351880,2.780700,2.285160,2.204610,"Citi Velocity, exported by Charlie",france_italy_cmt_euribor_1y5y_citi_2026-10-05.xlsx
2024-12-23,2.336290,2.646660,2.370920,2.830940,2.277270,2.238880,"Citi Velocity, exported by Charlie",france_italy_cmt_euribor_1y5y_citi_2026-10-05.xlsx
2024-12-24,,,,,2.271200,2.238590,"Citi Velocity, exported by Charlie",france_italy_cmt_euribor_1y5y_citi_2026-10-05.xlsx
2024-12-25,,,,,2.271200,2.238590,"Citi Velocity, exported by Charlie",france_italy_cmt_euribor_1y5y_citi_2026-10-05.xlsx
2024-12-26,,,,,2.271200,2.238590,"Citi Velocity, exported by Charlie",france_italy_cmt_euribor_1y5y_citi_2026-10-05.xlsx
2024-12-27,2.332140,2.689920,2.365770,2.856250,2.261520,2.278600,"Citi Velocity, exported by Charlie",france_italy_cmt_euribor_1y5y_citi_2026-10-05.xlsx
2024-12-30,2.336500,2.659450,2.367420,2.848990,2.246120,2.230480,"Citi Velocity, exported by Charlie",france_italy_cmt_euribor_1y5y_citi_2026-10-05.xlsx
2024-12-31,,,,,2.252160,2.232090,"Citi Velocity, exported by Charlie",france_italy_cmt_euribor_1y5y_citi_2026-10-05.xlsx
2025-01-01,,,,,2.252160,2.232090,"Citi Velocity, exported by Charlie",france_italy_cmt_euribor_1y5y_citi_2026-10-05.xlsx
2025-01-02,2.351280,2.695810,2.373630,2.843730,2.281770,2.243490,"Citi Velocity, exported by Charlie",france_italy_cmt_euribor_1y5y_citi_2026-10-05.xlsx
2025-01-03,2.408490,2.789240,2.430880,2.931430,2.341560,2.311350,"Citi Velocity, exported by Charlie",france_italy_cmt_euribor_1y5y_citi_2026-10-05.xlsx
2025-01-06,2.445630,2.786990,2.450590,2.930270,2.386530,2.355690,"Citi Velocity, exported by Charlie",france_italy_cmt_euribor_1y5y_citi_2026-10-05.xlsx
2025-01-07,2.437640,2.804130,2.446270,2.952200,2.385930,2.371620,"Citi Velocity, exported by Charlie",france_italy_cmt_euribor_1y5y_citi_2026-10-05.xlsx
2025-01-08,2.432780,2.820650,2.455380,2.978160,2.379030,2.377610,"Citi Velocity, exported by Charlie",france_italy_cmt_euribor_1y5y_citi_2026-10-05.xlsx
2025-01-09,2.454810,2.874250,2.480120,3.018060,2.399760,2.410190,"Citi Velocity, exported by Charlie",france_italy_cmt_euribor_1y5y_citi_2026-10-05.xlsx
2025-01-10,2.496100,2.922570,2.527970,3.100560,2.438260,2.455380,"Citi Velocity, exported by Charlie",france_italy_cmt_euribor_1y5y_citi_2026-10-05.xlsx
2025-01-13,2.506350,2.946690,2.547350,3.149630,2.448370,2.482760,"Citi Velocity, exported by Charlie",france_italy_cmt_euribor_1y5y_citi_2026-10-05.xlsx
2025-01-14,2.515820,2.965760,2.540450,3.160190,2.452000,2.516150,"Citi Velocity, exported by Charlie",france_italy_cmt_euribor_1y5y_citi_2026-10-05.xlsx
2025-01-15,2.474690,2.850260,2.464470,3.010100,2.410520,2.417620,"Citi Velocity, exported by Charlie",france_italy_cmt_euribor_1y5y_citi_2026-10-05.xlsx
2025-01-16,2.446930,2.835900,2.451890,2.981800,2.383660,2.402080,"Citi Velocity, exported by Charlie",france_italy_cmt_euribor_1y5y_citi_2026-10-05.xlsx
2025-01-17,2.431650,2.816390,2.453120,2.970470,2.367880,2.385680,"Citi Velocity, exported by Charlie",france_italy_cmt_euribor_1y5y_citi_2026-10-05.xlsx
2025-01-20,2.430590,2.809870,2.447100,2.949810,2.369260,2.375240,"Citi Velocity, exported by Charlie",france_italy_cmt_euribor_1y5y_citi_2026-10-05.xlsx
2025-01-21,2.423190,2.791110,2.436550,2.932040,2.363040,2.372910,"Citi Velocity, exported by Charlie",france_italy_cmt_euribor_1y5y_citi_2026-10-05.xlsx
2025-01-22,2.430230,2.776480,2.439400,2.938210,2.367000,2.378860,"Citi Velocity, exported by Charlie",france_italy_cmt_euribor_1y5y_citi_2026-10-05.xlsx
2025-01-23,2.432150,2.806980,2.465520,2.992000,2.380620,2.399960,"Citi Velocity, exported by Charlie",france_italy_cmt_euribor_1y5y_citi_2026-10-05.xlsx
2025-01-24,2.466940,2.834180,2.501740,3.018430,2.413420,2.439320,"Citi Velocity, exported by Charlie",france_italy_cmt_euribor_1y5y_citi_2026-10-05.xlsx
2025-01-27,2.444280,2.803620,2.478080,2.990080,2.401130,2.415610,"Citi Velocity, exported by Charlie",france_italy_cmt_euribor_1y5y_citi_2026-10-05.xlsx
2025-01-28,2.447360,2.813450,2.475860,2.989140,2.398500,2.431600,"Citi Velocity, exported by Charlie",france_italy_cmt_euribor_1y5y_citi_2026-10-05.xlsx
2025-01-29,2.444880,2.836220,2.476090,2.992390,2.389880,2.440030,"Citi Velocity, exported by Charlie",france_italy_cmt_euribor_1y5y_citi_2026-10-05.xlsx
2025-01-30,2.384010,2.774290,2.413560,2.930900,2.335120,2.380930,"Citi Velocity, exported by Charlie",france_italy_cmt_euribor_1y5y_citi_2026-10-05.xlsx
2025-01-31,2.322750,2.689560,2.360200,2.864570,2.271540,2.304160,"Citi Velocity, exported by Charlie",france_italy_cmt_euribor_1y5y_citi_2026-10-05.xlsx
2025-02-03,2.263920,2.597390,2.312980,2.799770,2.210780,2.229700,"Citi Velocity, exported by Charlie",france_italy_cmt_euribor_1y5y_citi_2026-10-05.xlsx
2025-02-04,2.277850,2.609180,2.320710,2.813990,2.222740,2.237230,"Citi Velocity, exported by Charlie",france_italy_cmt_euribor_1y5y_citi_2026-10-05.xlsx
2025-02-05,2.262130,2.584810,2.303660,2.770510,2.212830,2.212910,"Citi Velocity, exported by Charlie",france_italy_cmt_euribor_1y5y_citi_2026-10-05.xlsx
2025-02-06,2.263560,2.593720,2.302430,2.767480,2.215690,2.215190,"Citi Velocity, exported by Charlie",france_italy_cmt_euribor_1y5y_citi_2026-10-05.xlsx
2025-02-07,2.266580,2.606760,2.326160,2.799740,2.216010,2.220940,"Citi Velocity, exported by Charlie",france_italy_cmt_euribor_1y5y_citi_2026-10-05.xlsx
2025-02-10,2.235620,2.591200,2.292660,2.768980,2.190480,2.198240,"Citi Velocity, exported by Charlie",france_italy_cmt_euribor_1y5y_citi_2026-10-05.xlsx
2025-02-11,2.269570,2.665600,2.349870,2.853220,2.232640,2.265780,"Citi Velocity, exported by Charlie",france_italy_cmt_euribor_1y5y_citi_2026-10-05.xlsx
2025-02-12,2.305630,2.710990,2.372950,2.888040,2.272810,2.322140,"Citi Velocity, exported by Charlie",france_italy_cmt_euribor_1y5y_citi_2026-10-05.xlsx
2025-02-13,2.270480,2.624020,2.330040,2.810770,2.246810,2.278990,"Citi Velocity, exported by Charlie",france_italy_cmt_euribor_1y5y_citi_2026-10-05.xlsx
2025-02-14,2.276660,2.642390,2.359030,2.848550,2.256790,2.300220,"Citi Velocity, exported by Charlie",france_italy_cmt_euribor_1y5y_citi_2026-10-05.xlsx
2025-02-17,2.282240,2.668690,2.356680,2.865130,2.259930,2.321420,"Citi Velocity, exported by Charlie",france_italy_cmt_euribor_1y5y_citi_2026-10-05.xlsx
2025-02-18,2.281650,2.671060,2.358040,2.869050,2.260830,2.321340,"Citi Velocity, exported by Charlie",france_italy_cmt_euribor_1y5y_citi_2026-10-05.xlsx
2025-02-19,2.309570,2.730370,2.391650,2.944570,2.291380,2.354420,"Citi Velocity, exported by Charlie",france_italy_cmt_euribor_1y5y_citi_2026-10-05.xlsx
2025-02-20,2.291940,2.713930,2.365940,2.924550,2.281660,2.345950,"Citi Velocity, exported by Charlie",france_italy_cmt_euribor_1y5y_citi_2026-10-05.xlsx
2025-02-21,2.259510,2.665240,2.334810,2.869310,2.249390,2.292130,"Citi Velocity, exported by Charlie",france_italy_cmt_euribor_1y5y_citi_2026-10-05.xlsx
2025-02-24,2.239740,2.648800,2.320400,2.854730,2.233870,2.271250,"Citi Velocity, exported by Charlie",france_italy_cmt_euribor_1y5y_citi_2026-10-05.xlsx
2025-02-25,2.225200,2.630670,2.297580,2.833370,2.222320,2.257550,"Citi Velocity, exported by Charlie",france_italy_cmt_euribor_1y5y_citi_2026-10-05.xlsx
2025-02-26,2.231660,2.600720,2.288400,2.799280,2.222420,2.245820,"Citi Velocity, exported by Charlie",france_italy_cmt_euribor_1y5y_citi_2026-10-05.xlsx
2025-02-27,2.203820,2.573480,2.264720,2.787270,2.194490,2.218770,"Citi Velocity, exported by Charlie",france_italy_cmt_euribor_1y5y_citi_2026-10-05.xlsx
2025-02-28,2.195430,2.552410,2.249210,2.767290,2.184870,2.187800,"Citi Velocity, exported by Charlie",france_italy_cmt_euribor_1y5y_citi_2026-10-05.xlsx
2025-03-03,2.232500,2.625450,2.270840,2.826180,2.225720,2.246660,"Citi Velocity, exported by Charlie",france_italy_cmt_euribor_1y5y_citi_2026-10-05.xlsx
2025-03-04,2.185290,2.586870,2.218950,2.794020,2.196280,2.211600,"Citi Velocity, exported by Charlie",france_italy_cmt_euribor_1y5y_citi_2026-10-05.xlsx
2025-03-05,2.307950,2.851570,2.368230,3.088830,2.316950,2.471820,"Citi Velocity, exported by Charlie",france_italy_cmt_euribor_1y5y_citi_2026-10-05.xlsx
2025-03-06,2.321070,2.945660,2.371480,3.174420,2.333730,2.569530,"Citi Velocity, exported by Charlie",france_italy_cmt_euribor_1y5y_citi_2026-10-05.xlsx
2025-03-07,2.297100,2.888640,2.346490,3.103590,2.319530,2.516130,"Citi Velocity, exported by Charlie",france_italy_cmt_euribor_1y5y_citi_2026-10-05.xlsx
2025-03-10,2.272840,2.860400,2.319390,3.086810,2.299870,2.485260,"Citi Velocity, exported by Charlie",france_italy_cmt_euribor_1y5y_citi_2026-10-05.xlsx
2025-03-11,2.259940,2.887560,2.303660,3.118210,2.290340,2.522220,"Citi Velocity, exported by Charlie",france_italy_cmt_euribor_1y5y_citi_2026-10-05.xlsx
2025-03-12,2.287950,2.900810,2.329990,3.122780,2.308990,2.535590,"Citi Velocity, exported by Charlie",france_italy_cmt_euribor_1y5y_citi_2026-10-05.xlsx
2025-03-13,2.253420,2.871880,2.308190,3.098010,2.269130,2.499410,"Citi Velocity, exported by Charlie",france_italy_cmt_euribor_1y5y_citi_2026-10-05.xlsx
2025-03-14,2.252640,2.884400,2.305200,3.104560,2.263520,2.528130,"Citi Velocity, exported by Charlie",france_italy_cmt_euribor_1y5y_citi_2026-10-05.xlsx
2025-03-17,2.251200,2.824030,2.295550,3.039910,2.258150,2.489050,"Citi Velocity, exported by Charlie",france_italy_cmt_euribor_1y5y_citi_2026-10-05.xlsx
2025-03-18,2.250550,2.837680,2.294300,3.052640,2.252470,2.492980,"Citi Velocity, exported by Charlie",france_italy_cmt_euribor_1y5y_citi_2026-10-05.xlsx
2025-03-19,2.255760,2.827010,2.303090,3.046000,2.253150,2.480810,"Citi Velocity, exported by Charlie",france_italy_cmt_euribor_1y5y_citi_2026-10-05.xlsx
2025-03-20,2.243610,2.824780,2.287930,3.041990,2.238320,2.472480,"Citi Velocity, exported by Charlie",france_italy_cmt_euribor_1y5y_citi_2026-10-05.xlsx
2025-03-21,2.216890,2.789820,2.263030,2.995350,2.216970,2.439880,"Citi Velocity, exported by Charlie",france_italy_cmt_euribor_1y5y_citi_2026-10-05.xlsx
2025-03-24,2.214200,2.791400,2.252280,2.997090,2.211120,2.456390,"Citi Velocity, exported by Charlie",france_italy_cmt_euribor_1y5y_citi_2026-10-05.xlsx
2025-03-25,2.214630,2.799510,2.259900,3.003780,2.211820,2.467480,"Citi Velocity, exported by Charlie",france_italy_cmt_euribor_1y5y_citi_2026-10-05.xlsx
2025-03-26,2.206480,2.796760,2.245010,2.998000,2.208790,2.462810,"Citi Velocity, exported by Charlie",france_italy_cmt_euribor_1y5y_citi_2026-10-05.xlsx
2025-03-27,2.164420,2.758660,2.212140,2.960010,2.171130,2.431680,"Citi Velocity, exported by Charlie",france_italy_cmt_euribor_1y5y_citi_2026-10-05.xlsx
2025-03-28,2.136840,2.719090,2.171290,2.921800,2.134630,2.395220,"Citi Velocity, exported by Charlie",france_italy_cmt_euribor_1y5y_citi_2026-10-05.xlsx
2025-03-31,2.165550,2.735900,2.177480,2.935390,2.155640,2.390620,"Citi Velocity, exported by Charlie",france_italy_cmt_euribor_1y5y_citi_2026-10-05.xlsx
2025-04-01,2.139760,2.700530,2.160640,2.884130,2.133540,2.359820,"Citi Velocity, exported by Charlie",france_italy_cmt_euribor_1y5y_citi_2026-10-05.xlsx
2025-04-02,2.138930,2.707770,2.163760,2.891120,2.142790,2.370300,"Citi Velocity, exported by Charlie",france_italy_cmt_euribor_1y5y_citi_2026-10-05.xlsx
2025-04-03,2.086140,2.625890,2.116660,2.824190,2.092220,2.271810,"Citi Velocity, exported by Charlie",france_italy_cmt_euribor_1y5y_citi_2026-10-05.xlsx
2025-04-04,2.021090,2.553290,2.083870,2.795170,2.038260,2.237910,"Citi Velocity, exported by Charlie",france_italy_cmt_euribor_1y5y_citi_2026-10-05.xlsx
2025-04-07,1.986580,2.568450,2.070560,2.837690,2.021110,2.250920,"Citi Velocity, exported by Charlie",france_italy_cmt_euribor_1y5y_citi_2026-10-05.xlsx
2025-04-08,2.019520,2.617760,2.105910,2.875880,2.027250,2.280550,"Citi Velocity, exported by Charlie",france_italy_cmt_euribor_1y5y_citi_2026-10-05.xlsx
2025-04-09,1.943800,2.570500,2.066840,2.855970,1.968200,2.255500,"Citi Velocity, exported by Charlie",france_italy_cmt_euribor_1y5y_citi_2026-10-05.xlsx
2025-04-10,2.014980,2.605360,2.099530,2.843740,2.021190,2.257190,"Citi Velocity, exported by Charlie",france_italy_cmt_euribor_1y5y_citi_2026-10-05.xlsx
2025-04-11,1.976300,2.591100,2.076420,2.843330,1.998520,2.273940,"Citi Velocity, exported by Charlie",france_italy_cmt_euribor_1y5y_citi_2026-10-05.xlsx
2025-04-14,1.986160,2.564260,2.038280,2.741250,1.982830,2.223090,"Citi Velocity, exported by Charlie",france_italy_cmt_euribor_1y5y_citi_2026-10-05.xlsx
2025-04-15,1.973020,2.572140,2.048780,2.770140,1.972520,2.225290,"Citi Velocity, exported by Charlie",france_italy_cmt_euribor_1y5y_citi_2026-10-05.xlsx
2025-04-16,1.956000,2.539590,2.017780,2.735890,1.954220,2.203810,"Citi Velocity, exported by Charlie",france_italy_cmt_euribor_1y5y_citi_2026-10-05.xlsx
2025-04-17,1.869550,2.521450,1.905020,2.645190,1.869910,2.158340,"Citi Velocity, exported by Charlie",france_italy_cmt_euribor_1y5y_citi_2026-10-05.xlsx
2025-04-18,,,,,1.869910,2.158530,"Citi Velocity, exported by Charlie",france_italy_cmt_euribor_1y5y_citi_2026-10-05.xlsx
2025-04-21,,,,,1.869910,2.158530,"Citi Velocity, exported by Charlie",france_italy_cmt_euribor_1y5y_citi_2026-10-05.xlsx
2025-04-22,1.863990,2.466980,1.933740,2.645940,1.858620,2.134790,"Citi Velocity, exported by Charlie",france_italy_cmt_euribor_1y5y_citi_2026-10-05.xlsx
2025-04-23,1.918160,2.512540,1.968390,2.683930,1.893430,2.170440,"Citi Velocity, exported by Charlie",france_italy_cmt_euribor_1y5y_citi_2026-10-05.xlsx
2025-04-24,1.873840,2.423730,1.914570,2.589160,1.860330,2.119760,"Citi Velocity, exported by Charlie",france_italy_cmt_euribor_1y5y_citi_2026-10-05.xlsx
2025-04-25,1.889410,2.462680,1.938320,2.644820,1.880200,2.147900,"Citi Velocity, exported by Charlie",france_italy_cmt_euribor_1y5y_citi_2026-10-05.xlsx
2025-04-28,1.887580,2.468930,1.923560,2.638020,1.882920,2.159020,"Citi Velocity, exported by Charlie",france_italy_cmt_euribor_1y5y_citi_2026-10-05.xlsx
2025-04-29,1.886000,2.469880,1.930580,2.648650,1.883410,2.157190,"Citi Velocity, exported by Charlie",france_italy_cmt_euribor_1y5y_citi_2026-10-05.xlsx
2025-04-30,1.867890,2.427080,1.920460,2.622580,1.863870,2.125910,"Citi Velocity, exported by Charlie",france_italy_cmt_euribor_1y5y_citi_2026-10-05.xlsx
2025-05-01,,,,,1.863870,2.126650,"Citi Velocity, exported by Charlie",france_italy_cmt_euribor_1y5y_citi_2026-10-05.xlsx
2025-05-02,1.899230,2.490760,1.946580,2.664440,1.890950,2.183560,"Citi Velocity, exported by Charlie",france_italy_cmt_euribor_1y5y_citi_2026-10-05.xlsx
2025-05-05,1.898130,2.488990,1.937580,2.653380,1.895780,2.175960,"Citi Velocity, exported by Charlie",france_italy_cmt_euribor_1y5y_citi_2026-10-05.xlsx
2025-05-06,1.879020,2.489690,1.920640,2.658810,1.874640,2.173870,"Citi Velocity, exported by Charlie",france_italy_cmt_euribor_1y5y_citi_2026-10-05.xlsx
2025-05-07,1.868080,2.448860,1.903180,2.609260,1.866000,2.142290,"Citi Velocity, exported by Charlie",france_italy_cmt_euribor_1y5y_citi_2026-10-05.xlsx
2025-05-08,1.888400,2.477720,1.921260,2.634490,1.885460,2.172780,"Citi Velocity, exported by Charlie",france_italy_cmt_euribor_1y5y_citi_2026-10-05.xlsx
2025-05-09,1.899620,2.504730,1.942150,2.668740,1.896040,2.200900,"Citi Velocity, exported by Charlie",france_italy_cmt_euribor_1y5y_citi_2026-10-05.xlsx
2025-05-12,1.992040,2.612070,2.026470,2.768150,1.985060,2.299250,"Citi Velocity, exported by Charlie",france_italy_cmt_euribor_1y5y_citi_2026-10-05.xlsx
2025-05-13,1.992530,2.624760,2.028710,2.779370,1.987010,2.315370,"Citi Velocity, exported by Charlie",france_italy_cmt_euribor_1y5y_citi_2026-10-05.xlsx
2025-05-14,1.987670,2.643640,2.023630,2.787650,1.983200,2.330610,"Citi Velocity, exported by Charlie",france_italy_cmt_euribor_1y5y_citi_2026-10-05.xlsx
2025-05-15,1.957830,2.595460,2.001080,2.740400,1.955720,2.283270,"Citi Velocity, exported by Charlie",france_italy_cmt_euribor_1y5y_citi_2026-10-05.xlsx
2025-05-16,1.940760,2.550760,1.981330,2.693920,1.933450,2.250100,"Citi Velocity, exported by Charlie",france_italy_cmt_euribor_1y5y_citi_2026-10-05.xlsx
2025-05-19,1.935130,2.533170,1.976990,2.678930,1.924860,2.235620,"Citi Velocity, exported by Charlie",france_italy_cmt_euribor_1y5y_citi_2026-10-05.xlsx
2025-05-20,1.936450,2.540500,1.974330,2.693680,1.919720,2.250220,"Citi Velocity, exported by Charlie",france_italy_cmt_euribor_1y5y_citi_2026-10-05.xlsx
2025-05-21,1.942900,2.573280,1.981910,2.713440,1.923710,2.274370,"Citi Velocity, exported by Charlie",france_italy_cmt_euribor_1y5y_citi_2026-10-05.xlsx
2025-05-22,1.919010,2.577060,1.954660,2.719750,1.908110,2.280300,"Citi Velocity, exported by Charlie",france_italy_cmt_euribor_1y5y_citi_2026-10-05.xlsx
2025-05-23,1.862420,2.515490,1.905360,2.662860,1.857730,2.226640,"Citi Velocity, exported by Charlie",france_italy_cmt_euribor_1y5y_citi_2026-10-05.xlsx
2025-05-26,1.886650,2.512580,1.926620,2.649380,1.878720,2.222160,"Citi Velocity, exported by Charlie",france_italy_cmt_euribor_1y5y_citi_2026-10-05.xlsx
2025-05-27,1.883100,2.500860,1.926170,2.642100,1.867310,2.200400,"Citi Velocity, exported by Charlie",france_italy_cmt_euribor_1y5y_citi_2026-10-05.xlsx
2025-05-28,1.889030,2.505060,1.929730,2.635220,1.874380,2.205360,"Citi Velocity, exported by Charlie",france_italy_cmt_euribor_1y5y_citi_2026-10-05.xlsx
2025-05-29,1.875080,2.470310,1.903080,2.595190,1.855660,2.188520,"Citi Velocity, exported by Charlie",france_italy_cmt_euribor_1y5y_citi_2026-10-05.xlsx
2025-05-30,1.883570,2.462380,1.907630,2.597300,1.867830,2.189190,"Citi Velocity, exported by Charlie",france_italy_cmt_euribor_1y5y_citi_2026-10-05.xlsx
2025-06-02,1.885700,2.470950,1.906380,2.591330,1.863230,2.192080,"Citi Velocity, exported by Charlie",france_italy_cmt_euribor_1y5y_citi_2026-10-05.xlsx
2025-06-03,1.876080,2.460630,1.897150,2.577540,1.848210,2.181750,"Citi Velocity, exported by Charlie",france_italy_cmt_euribor_1y5y_citi_2026-10-05.xlsx
2025-06-04,1.883240,2.493050,1.904920,2.603540,1.850770,2.208220,"Citi Velocity, exported by Charlie",france_italy_cmt_euribor_1y5y_citi_2026-10-05.xlsx
2025-06-05,1.935950,2.576220,1.960280,2.685050,1.903290,2.271720,"Citi Velocity, exported by Charlie",france_italy_cmt_euribor_1y5y_citi_2026-10-05.xlsx
2025-06-06,1.938590,2.566900,1.960000,2.660740,1.906200,2.268370,"Citi Velocity, exported by Charlie",france_italy_cmt_euribor_1y5y_citi_2026-10-05.xlsx
2025-06-09,1.930750,2.560840,1.966690,2.661870,1.899420,2.268070,"Citi Velocity, exported by Charlie",france_italy_cmt_euribor_1y5y_citi_2026-10-05.xlsx
2025-06-10,1.922480,2.531430,1.964530,2.618070,1.887790,2.234270,"Citi Velocity, exported by Charlie",france_italy_cmt_euribor_1y5y_citi_2026-10-05.xlsx
2025-06-11,1.920080,2.531070,1.958740,2.603460,1.880800,2.229110,"Citi Velocity, exported by Charlie",france_italy_cmt_euribor_1y5y_citi_2026-10-05.xlsx
2025-06-12,1.906690,2.503010,1.951730,2.588730,1.880690,2.204730,"Citi Velocity, exported by Charlie",france_italy_cmt_euribor_1y5y_citi_2026-10-05.xlsx
2025-06-13,1.929220,2.571490,1.983840,2.663770,1.915320,2.250330,"Citi Velocity, exported by Charlie",france_italy_cmt_euribor_1y5y_citi_2026-10-05.xlsx
2025-06-16,1.926620,2.546750,1.966980,2.629640,1.907990,2.234400,"Citi Velocity, exported by Charlie",france_italy_cmt_euribor_1y5y_citi_2026-10-05.xlsx
2025-06-17,1.943410,2.573350,1.988720,2.662190,1.933860,2.248910,"Citi Velocity, exported by Charlie",france_italy_cmt_euribor_1y5y_citi_2026-10-05.xlsx
2025-06-18,1.936610,2.547500,1.982390,2.640770,1.924260,2.222940,"Citi Velocity, exported by Charlie",france_italy_cmt_euribor_1y5y_citi_2026-10-05.xlsx
2025-06-19,1.931700,2.580860,1.974400,2.678650,1.928230,2.244060,"Citi Velocity, exported by Charlie",france_italy_cmt_euribor_1y5y_citi_2026-10-05.xlsx
2025-06-20,1.938850,2.569920,1.982420,2.677960,1.934270,2.240460,"Citi Velocity, exported by Charlie",france_italy_cmt_euribor_1y5y_citi_2026-10-05.xlsx
2025-06-23,1.935040,2.545480,1.978480,2.656070,1.930130,2.222570,"Citi Velocity, exported by Charlie",france_italy_cmt_euribor_1y5y_citi_2026-10-05.xlsx
2025-06-24,1.931190,2.544470,1.959910,2.631370,1.913180,2.225910,"Citi Velocity, exported by Charlie",france_italy_cmt_euribor_1y5y_citi_2026-10-05.xlsx
2025-06-25,1.924740,2.556400,1.957770,2.650770,1.900570,2.245370,"Citi Velocity, exported by Charlie",france_italy_cmt_euribor_1y5y_citi_2026-10-05.xlsx
2025-06-26,1.910120,2.529200,1.936480,2.618360,1.884880,2.235310,"Citi Velocity, exported by Charlie",france_italy_cmt_euribor_1y5y_citi_2026-10-05.xlsx
2025-06-27,1.938800,2.569560,1.970360,2.667120,1.897030,2.268620,"Citi Velocity, exported by Charlie",france_italy_cmt_euribor_1y5y_citi_2026-10-05.xlsx
2025-06-30,1.922000,2.550120,1.945030,2.637090,1.886940,2.256480,"Citi Velocity, exported by Charlie",france_italy_cmt_euribor_1y5y_citi_2026-10-05.xlsx
2025-07-01,1.917310,2.540160,1.946120,2.624980,1.885930,2.241440,"Citi Velocity, exported by Charlie",france_italy_cmt_euribor_1y5y_citi_2026-10-05.xlsx
2025-07-02,1.923300,2.597720,1.963320,2.673830,1.892120,2.277860,"Citi Velocity, exported by Charlie",france_italy_cmt_euribor_1y5y_citi_2026-10-05.xlsx
2025-07-03,1.909230,2.562790,1.949760,2.629770,1.873660,2.254450,"Citi Velocity, exported by Charlie",france_italy_cmt_euribor_1y5y_citi_2026-10-05.xlsx
2025-07-04,1.894590,2.550600,1.927660,2.603720,1.872330,2.236320,"Citi Velocity, exported by Charlie",france_italy_cmt_euribor_1y5y_citi_2026-10-05.xlsx
2025-07-07,1.903960,2.589470,1.946660,2.652680,1.869590,2.265960,"Citi Velocity, exported by Charlie",france_italy_cmt_euribor_1y5y_citi_2026-10-05.xlsx
2025-07-08,1.922670,2.624220,1.967570,2.693760,1.887400,2.294800,"Citi Velocity, exported by Charlie",france_italy_cmt_euribor_1y5y_citi_2026-10-05.xlsx
2025-07-09,1.916550,2.620980,1.957140,2.681800,1.887930,2.284100,"Citi Velocity, exported by Charlie",france_italy_cmt_euribor_1y5y_citi_2026-10-05.xlsx
2025-07-10,1.936730,2.660260,1.979350,2.719910,1.915900,2.317540,"Citi Velocity, exported by Charlie",france_italy_cmt_euribor_1y5y_citi_2026-10-05.xlsx
2025-07-11,1.954340,2.680580,1.993050,2.742250,1.942090,2.339880,"Citi Velocity, exported by Charlie",france_italy_cmt_euribor_1y5y_citi_2026-10-05.xlsx
2025-07-14,1.937620,2.682780,1.975730,2.736230,1.929430,2.339820,"Citi Velocity, exported by Charlie",france_italy_cmt_euribor_1y5y_citi_2026-10-05.xlsx
2025-07-15,1.920960,2.649350,1.959250,2.707010,1.914150,2.301600,"Citi Velocity, exported by Charlie",france_italy_cmt_euribor_1y5y_citi_2026-10-05.xlsx
2025-07-16,1.907940,2.626930,1.945140,2.682180,1.896010,2.295700,"Citi Velocity, exported by Charlie",france_italy_cmt_euribor_1y5y_citi_2026-10-05.xlsx
2025-07-17,1.907880,2.618720,1.942770,2.675190,1.900340,2.292260,"Citi Velocity, exported by Charlie",france_italy_cmt_euribor_1y5y_citi_2026-10-05.xlsx
2025-07-18,1.917810,2.636450,1.946070,2.695550,1.903510,2.311590,"Citi Velocity, exported by Charlie",france_italy_cmt_euribor_1y5y_citi_2026-10-05.xlsx
2025-07-21,1.894900,2.545580,1.917550,2.607930,1.875450,2.252950,"Citi Velocity, exported by Charlie",france_italy_cmt_euribor_1y5y_citi_2026-10-05.xlsx
2025-07-22,1.885910,2.520050,1.912930,2.594300,1.857690,2.237010,"Citi Velocity, exported by Charlie",france_italy_cmt_euribor_1y5y_citi_2026-10-05.xlsx
2025-07-23,1.886010,2.520770,1.903370,2.592640,1.855730,2.243910,"Citi Velocity, exported by Charlie",france_italy_cmt_euribor_1y5y_citi_2026-10-05.xlsx
2025-07-24,1.960540,2.641170,1.986410,2.717310,1.925130,2.329630,"Citi Velocity, exported by Charlie",france_italy_cmt_euribor_1y5y_citi_2026-10-05.xlsx
2025-07-25,1.973930,2.668800,2.008800,2.750400,1.947710,2.357500,"Citi Velocity, exported by Charlie",france_italy_cmt_euribor_1y5y_citi_2026-10-05.xlsx
2025-07-28,1.958510,2.624020,1.981060,2.693260,1.945360,2.335060,"Citi Velocity, exported by Charlie",france_italy_cmt_euribor_1y5y_citi_2026-10-05.xlsx
2025-07-29,1.968840,2.636160,1.990150,2.700310,1.956390,2.347790,"Citi Velocity, exported by Charlie",france_italy_cmt_euribor_1y5y_citi_2026-10-05.xlsx
2025-07-30,1.981790,2.649510,2.012180,2.730620,1.966940,2.362930,"Citi Velocity, exported by Charlie",france_italy_cmt_euribor_1y5y_citi_2026-10-05.xlsx
2025-07-31,1.988620,2.649020,2.020780,2.720520,1.976940,2.354250,"Citi Velocity, exported by Charlie",france_italy_cmt_euribor_1y5y_citi_2026-10-05.xlsx
2025-08-01,1.967090,2.630550,1.994910,2.695530,1.947290,2.337100,"Citi Velocity, exported by Charlie",france_italy_cmt_euribor_1y5y_citi_2026-10-05.xlsx
2025-08-04,1.956900,2.589650,1.982530,2.650280,1.934600,2.303590,"Citi Velocity, exported by Charlie",france_italy_cmt_euribor_1y5y_citi_2026-10-05.xlsx
2025-08-05,1.964010,2.583750,1.982420,2.633080,1.934530,2.295410,"Citi Velocity, exported by Charlie",france_italy_cmt_euribor_1y5y_citi_2026-10-05.xlsx
2025-08-06,1.963270,2.598010,1.972190,2.640830,1.936000,2.302290,"Citi Velocity, exported by Charlie",france_italy_cmt_euribor_1y5y_citi_2026-10-05.xlsx
2025-08-07,1.972840,2.607740,1.982400,2.652890,1.950960,2.305150,"Citi Velocity, exported by Charlie",france_italy_cmt_euribor_1y5y_citi_2026-10-05.xlsx
2025-08-08,1.993060,2.649630,2.010770,2.703600,1.974470,2.341980,"Citi Velocity, exported by Charlie",france_italy_cmt_euribor_1y5y_citi_2026-10-05.xlsx
2025-08-11,1.999810,2.659610,2.017430,2.710370,1.983550,2.344730,"Citi Velocity, exported by Charlie",france_italy_cmt_euribor_1y5y_citi_2026-10-05.xlsx
2025-08-12,2.000920,2.691530,2.025160,2.737300,1.983230,2.368070,"Citi Velocity, exported by Charlie",france_italy_cmt_euribor_1y5y_citi_2026-10-05.xlsx
2025-08-13,1.982000,2.621430,1.993620,2.663790,1.966960,2.313200,"Citi Velocity, exported by Charlie",france_italy_cmt_euribor_1y5y_citi_2026-10-05.xlsx
2025-08-14,1.987820,2.652490,2.002230,2.694820,1.973390,2.339130,"Citi Velocity, exported by Charlie",france_italy_cmt_euribor_1y5y_citi_2026-10-05.xlsx
2025-08-15,1.998620,2.720260,2.017980,2.760700,1.982170,2.385120,"Citi Velocity, exported by Charlie",france_italy_cmt_euribor_1y5y_citi_2026-10-05.xlsx
2025-08-18,1.995900,2.717930,2.011760,2.748860,1.981430,2.373170,"Citi Velocity, exported by Charlie",france_italy_cmt_euribor_1y5y_citi_2026-10-05.xlsx
2025-08-19,1.992220,2.697440,2.009570,2.741510,1.979490,2.352890,"Citi Velocity, exported by Charlie",france_italy_cmt_euribor_1y5y_citi_2026-10-05.xlsx
2025-08-20,1.974560,2.678390,1.996960,2.713130,1.963450,2.324970,"Citi Velocity, exported by Charlie",france_italy_cmt_euribor_1y5y_citi_2026-10-05.xlsx
2025-08-21,2.003800,2.722530,2.038300,2.772530,1.993240,2.368560,"Citi Velocity, exported by Charlie",france_italy_cmt_euribor_1y5y_citi_2026-10-05.xlsx
2025-08-22,1.992510,2.672670,2.013110,2.718640,1.979340,2.330320,"Citi Velocity, exported by Charlie",france_italy_cmt_euribor_1y5y_citi_2026-10-05.xlsx
2025-08-25,2.009660,2.746260,2.044160,2.778140,1.995360,2.374090,"Citi Velocity, exported by Charlie",france_italy_cmt_euribor_1y5y_citi_2026-10-05.xlsx
2025-08-26,1.997180,2.726800,2.024870,2.741360,1.982000,2.333420,"Citi Velocity, exported by Charlie",france_italy_cmt_euribor_1y5y_citi_2026-10-05.xlsx
2025-08-27,1.993970,2.710820,2.022360,2.739690,1.973200,2.297330,"Citi Velocity, exported by Charlie",france_italy_cmt_euribor_1y5y_citi_2026-10-05.xlsx
2025-08-28,2.015820,2.700280,2.026380,2.726370,1.989810,2.310840,"Citi Velocity, exported by Charlie",france_italy_cmt_euribor_1y5y_citi_2026-10-05.xlsx
2025-08-29,2.010640,2.710010,2.037330,2.751210,1.994510,2.315560,"Citi Velocity, exported by Charlie",france_italy_cmt_euribor_1y5y_citi_2026-10-05.xlsx
2025-09-01,2.028400,2.740130,2.053420,2.783570,2.004830,2.336510,"Citi Velocity, exported by Charlie",france_italy_cmt_euribor_1y5y_citi_2026-10-05.xlsx
2025-09-02,2.039570,2.774050,2.074350,2.839170,2.016020,2.364710,"Citi Velocity, exported by Charlie",france_italy_cmt_euribor_1y5y_citi_2026-10-05.xlsx
2025-09-03,2.030260,2.745440,2.052160,2.788310,2.007970,2.336040,"Citi Velocity, exported by Charlie",france_italy_cmt_euribor_1y5y_citi_2026-10-05.xlsx
2025-09-04,2.033620,2.718930,2.049290,2.764240,2.012690,2.329400,"Citi Velocity, exported by Charlie",france_italy_cmt_euribor_1y5y_citi_2026-10-05.xlsx
2025-09-05,1.998540,2.664810,2.018880,2.688650,1.985450,2.283230,"Citi Velocity, exported by Charlie",france_italy_cmt_euribor_1y5y_citi_2026-10-05.xlsx
2025-09-08,1.997420,2.640660,2.014300,2.668540,1.980260,2.276300,"Citi Velocity, exported by Charlie",france_italy_cmt_euribor_1y5y_citi_2026-10-05.xlsx
2025-09-09,2.010160,2.650110,2.028050,2.689290,1.992240,2.304270,"Citi Velocity, exported by Charlie",france_italy_cmt_euribor_1y5y_citi_2026-10-05.xlsx
2025-09-10,2.016930,2.649180,2.036530,2.690060,1.999440,2.301860,"Citi Velocity, exported by Charlie",france_italy_cmt_euribor_1y5y_citi_2026-10-05.xlsx
2025-09-11,2.041290,2.666890,2.058520,2.712620,2.020950,2.324070,"Citi Velocity, exported by Charlie",france_italy_cmt_euribor_1y5y_citi_2026-10-05.xlsx
2025-09-12,2.049960,2.715060,2.069470,2.754330,2.023020,2.365440,"Citi Velocity, exported by Charlie",france_italy_cmt_euribor_1y5y_citi_2026-10-05.xlsx
2025-09-15,2.036600,2.703260,2.055260,2.718190,2.033580,2.353010,"Citi Velocity, exported by Charlie",france_italy_cmt_euribor_1y5y_citi_2026-10-05.xlsx
2025-09-16,2.033520,2.706610,2.048380,2.726340,2.026630,2.352250,"Citi Velocity, exported by Charlie",france_italy_cmt_euribor_1y5y_citi_2026-10-05.xlsx
2025-09-17,2.034810,2.705390,2.048410,2.718850,2.030400,2.347670,"Citi Velocity, exported by Charlie",france_italy_cmt_euribor_1y5y_citi_2026-10-05.xlsx
2025-09-18,2.039640,2.725570,2.051760,2.747650,2.032220,2.367190,"Citi Velocity, exported by Charlie",france_italy_cmt_euribor_1y5y_citi_2026-10-05.xlsx
2025-09-19,2.047000,2.749900,2.056530,2.766640,2.033530,2.386830,"Citi Velocity, exported by Charlie",france_italy_cmt_euribor_1y5y_citi_2026-10-05.xlsx
2025-09-22,2.043050,2.738970,2.050970,2.756240,2.022860,2.379040,"Citi Velocity, exported by Charlie",france_italy_cmt_euribor_1y5y_citi_2026-10-05.xlsx
2025-09-23,2.050070,2.757980,2.055450,2.772160,2.026170,2.394440,"Citi Velocity, exported by Charlie",france_italy_cmt_euribor_1y5y_citi_2026-10-05.xlsx
2025-09-24,2.055280,2.757520,2.059990,2.788370,2.025300,2.396820,"Citi Velocity, exported by Charlie",france_italy_cmt_euribor_1y5y_citi_2026-10-05.xlsx
2025-09-25,2.064330,2.786980,2.068780,2.830070,2.030180,2.430990,"Citi Velocity, exported by Charlie",france_italy_cmt_euribor_1y5y_citi_2026-10-05.xlsx
2025-09-26,2.063020,2.761110,2.057330,2.806410,2.035230,2.414210,"Citi Velocity, exported by Charlie",france_italy_cmt_euribor_1y5y_citi_2026-10-05.xlsx
2025-09-29,2.061900,2.739740,2.046980,2.779720,2.035620,2.389260,"Citi Velocity, exported by Charlie",france_italy_cmt_euribor_1y5y_citi_2026-10-05.xlsx
2025-09-30,2.061670,2.737930,2.044150,2.774240,2.042270,2.384460,"Citi Velocity, exported by Charlie",france_italy_cmt_euribor_1y5y_citi_2026-10-05.xlsx
2025-10-01,2.062090,2.721300,2.032030,2.754700,2.035160,2.375120,"Citi Velocity, exported by Charlie",france_italy_cmt_euribor_1y5y_citi_2026-10-05.xlsx
2025-10-02,2.060320,2.731290,2.036850,2.769840,2.031530,2.377210,"Citi Velocity, exported by Charlie",france_italy_cmt_euribor_1y5y_citi_2026-10-05.xlsx
2025-10-03,2.062230,2.724410,2.038810,2.765810,2.039190,2.377250,"Citi Velocity, exported by Charlie",france_italy_cmt_euribor_1y5y_citi_2026-10-05.xlsx
2025-10-06,2.056240,2.749240,2.036000,2.770920,2.034770,2.382750,"Citi Velocity, exported by Charlie",france_italy_cmt_euribor_1y5y_citi_2026-10-05.xlsx
2025-10-07,2.056510,2.757880,2.044060,2.776600,2.038190,2.386970,"Citi Velocity, exported by Charlie",france_italy_cmt_euribor_1y5y_citi_2026-10-05.xlsx
2025-10-08,2.046670,2.709880,2.028180,2.723860,2.022890,2.355660,"Citi Velocity, exported by Charlie",france_italy_cmt_euribor_1y5y_citi_2026-10-05.xlsx
2025-10-09,2.051090,2.729520,2.037630,2.751930,2.027600,2.376910,"Citi Velocity, exported by Charlie",france_italy_cmt_euribor_1y5y_citi_2026-10-05.xlsx
2025-10-10,2.034730,2.670140,2.018170,2.700290,2.009210,2.330580,"Citi Velocity, exported by Charlie",france_italy_cmt_euribor_1y5y_citi_2026-10-05.xlsx
2025-10-13,2.021420,2.663530,2.002880,2.676020,2.001380,2.314460,"Citi Velocity, exported by Charlie",france_italy_cmt_euribor_1y5y_citi_2026-10-05.xlsx
2025-10-14,2.017620,2.621260,1.995280,2.650500,1.998390,2.299540,"Citi Velocity, exported by Charlie",france_italy_cmt_euribor_1y5y_citi_2026-10-05.xlsx
2025-10-15,2.011480,2.559050,1.984280,2.602700,1.991860,2.259970,"Citi Velocity, exported by Charlie",france_italy_cmt_euribor_1y5y_citi_2026-10-05.xlsx
2025-10-16,2.011850,2.568520,1.981500,2.595200,1.990340,2.267190,"Citi Velocity, exported by Charlie",france_italy_cmt_euribor_1y5y_citi_2026-10-05.xlsx
2025-10-17,2.000680,2.578650,1.985740,2.612020,1.983220,2.269760,"Citi Velocity, exported by Charlie",france_italy_cmt_euribor_1y5y_citi_2026-10-05.xlsx
2025-10-20,2.003600,2.589050,1.988760,2.607100,1.987120,2.272960,"Citi Velocity, exported by Charlie",france_italy_cmt_euribor_1y5y_citi_2026-10-05.xlsx
2025-10-21,2.001310,2.584940,1.989740,2.592760,1.992170,2.261970,"Citi Velocity, exported by Charlie",france_italy_cmt_euribor_1y5y_citi_2026-10-05.xlsx
2025-10-22,2.003600,2.584480,1.988250,2.595820,2.002510,2.267150,"Citi Velocity, exported by Charlie",france_italy_cmt_euribor_1y5y_citi_2026-10-05.xlsx
2025-10-23,2.012760,2.610030,1.992170,2.615430,2.009440,2.281330,"Citi Velocity, exported by Charlie",france_italy_cmt_euribor_1y5y_citi_2026-10-05.xlsx
2025-10-24,2.040490,2.668640,2.016030,2.668920,2.037690,2.329080,"Citi Velocity, exported by Charlie",france_italy_cmt_euribor_1y5y_citi_2026-10-05.xlsx
2025-10-27,2.042700,2.659080,2.013620,2.651530,2.041370,2.323960,"Citi Velocity, exported by Charlie",france_italy_cmt_euribor_1y5y_citi_2026-10-05.xlsx
2025-10-28,2.041950,2.653380,2.016800,2.655110,2.038750,2.330150,"Citi Velocity, exported by Charlie",france_italy_cmt_euribor_1y5y_citi_2026-10-05.xlsx
2025-10-29,2.040310,2.642120,2.009330,2.642400,2.026690,2.329400,"Citi Velocity, exported by Charlie",france_italy_cmt_euribor_1y5y_citi_2026-10-05.xlsx
2025-10-30,2.049910,2.655890,2.025810,2.665070,2.036820,2.350910,"Citi Velocity, exported by Charlie",france_italy_cmt_euribor_1y5y_citi_2026-10-05.xlsx
2025-10-31,2.050100,2.649640,2.017090,2.649260,2.026950,2.332320,"Citi Velocity, exported by Charlie",france_italy_cmt_euribor_1y5y_citi_2026-10-05.xlsx
2025-11-03,2.053670,2.671900,2.014680,2.669030,2.033170,2.368650,"Citi Velocity, exported by Charlie",france_italy_cmt_euribor_1y5y_citi_2026-10-05.xlsx
2025-11-04,2.048260,2.663470,2.016420,2.662380,2.028250,2.354490,"Citi Velocity, exported by Charlie",france_italy_cmt_euribor_1y5y_citi_2026-10-05.xlsx
2025-11-05,2.055520,2.688310,2.033320,2.686300,2.025630,2.370160,"Citi Velocity, exported by Charlie",france_italy_cmt_euribor_1y5y_citi_2026-10-05.xlsx
2025-11-06,2.055140,2.684860,2.036150,2.682610,2.027040,2.362980,"Citi Velocity, exported by Charlie",france_italy_cmt_euribor_1y5y_citi_2026-10-05.xlsx
2025-11-07,2.049150,2.687400,2.042620,2.692480,2.025870,2.369800,"Citi Velocity, exported by Charlie",france_italy_cmt_euribor_1y5y_citi_2026-10-05.xlsx
2025-11-10,2.056960,2.677260,2.041680,2.676000,2.029070,2.369890,"Citi Velocity, exported by Charlie",france_italy_cmt_euribor_1y5y_citi_2026-10-05.xlsx
2025-11-11,2.058060,2.661220,2.043970,2.670580,2.037820,2.365150,"Citi Velocity, exported by Charlie",france_italy_cmt_euribor_1y5y_citi_2026-10-05.xlsx
2025-11-12,2.062750,2.638860,2.044110,2.653900,2.046250,2.369440,"Citi Velocity, exported by Charlie",france_italy_cmt_euribor_1y5y_citi_2026-10-05.xlsx
2025-11-13,2.076830,2.676100,2.067990,2.706110,2.063420,2.410510,"Citi Velocity, exported by Charlie",france_italy_cmt_euribor_1y5y_citi_2026-10-05.xlsx
2025-11-14,2.077960,2.701800,2.072770,2.734350,2.066820,2.428620,"Citi Velocity, exported by Charlie",france_italy_cmt_euribor_1y5y_citi_2026-10-05.xlsx
2025-11-17,2.084290,2.706340,2.073680,2.730930,2.067890,2.437100,"Citi Velocity, exported by Charlie",france_italy_cmt_euribor_1y5y_citi_2026-10-05.xlsx
2025-11-18,2.072700,2.705560,2.056920,2.727710,2.058320,2.427370,"Citi Velocity, exported by Charlie",france_italy_cmt_euribor_1y5y_citi_2026-10-05.xlsx
2025-11-19,2.073170,2.703990,2.050770,2.720030,2.058270,2.429680,"Citi Velocity, exported by Charlie",france_italy_cmt_euribor_1y5y_citi_2026-10-05.xlsx
2025-11-20,2.075210,2.717100,2.051850,2.726590,2.055760,2.426120,"Citi Velocity, exported by Charlie",france_italy_cmt_euribor_1y5y_citi_2026-10-05.xlsx
2025-11-21,2.065270,2.706140,2.042340,2.719680,2.044070,2.406100,"Citi Velocity, exported by Charlie",france_italy_cmt_euribor_1y5y_citi_2026-10-05.xlsx
2025-11-24,2.073310,2.695160,2.048610,2.718720,2.053900,2.408630,"Citi Velocity, exported by Charlie",france_italy_cmt_euribor_1y5y_citi_2026-10-05.xlsx
2025-11-25,2.070430,2.664060,2.042870,2.688130,2.052320,2.393860,"Citi Velocity, exported by Charlie",france_italy_cmt_euribor_1y5y_citi_2026-10-05.xlsx
2025-11-26,2.075050,2.660950,2.043830,2.680150,2.054890,2.395190,"Citi Velocity, exported by Charlie",france_italy_cmt_euribor_1y5y_citi_2026-10-05.xlsx
2025-11-27,2.076350,2.672710,2.047320,2.689180,2.056030,2.394890,"Citi Velocity, exported by Charlie",france_italy_cmt_euribor_1y5y_citi_2026-10-05.xlsx
2025-11-28,2.101660,2.680290,2.048730,2.689810,2.060750,2.409730,"Citi Velocity, exported by Charlie",france_italy_cmt_euribor_1y5y_citi_2026-10-05.xlsx
2025-12-01,2.104460,2.739820,2.064390,2.744160,2.072120,2.453740,"Citi Velocity, exported by Charlie",france_italy_cmt_euribor_1y5y_citi_2026-10-05.xlsx
2025-12-02,2.102390,2.753530,2.062840,2.750560,2.061060,2.446890,"Citi Velocity, exported by Charlie",france_italy_cmt_euribor_1y5y_citi_2026-10-05.xlsx
2025-12-03,2.098400,2.747210,2.064880,2.729580,2.055410,2.439210,"Citi Velocity, exported by Charlie",france_italy_cmt_euribor_1y5y_citi_2026-10-05.xlsx
2025-12-04,2.105200,2.774110,2.086740,2.763270,2.067650,2.458160,"Citi Velocity, exported by Charlie",france_italy_cmt_euribor_1y5y_citi_2026-10-05.xlsx
2025-12-05,2.118330,2.780480,2.096380,2.778200,2.084440,2.492110,"Citi Velocity, exported by Charlie",france_italy_cmt_euribor_1y5y_citi_2026-10-05.xlsx
2025-12-08,2.155870,2.861500,2.150130,2.882460,2.116710,2.598630,"Citi Velocity, exported by Charlie",france_italy_cmt_euribor_1y5y_citi_2026-10-05.xlsx
2025-12-09,2.148030,2.826850,2.150010,2.865560,2.114310,2.574450,"Citi Velocity, exported by Charlie",france_italy_cmt_euribor_1y5y_citi_2026-10-05.xlsx
2025-12-10,2.159630,2.846170,2.164670,2.878760,2.124050,2.590730,"Citi Velocity, exported by Charlie",france_italy_cmt_euribor_1y5y_citi_2026-10-05.xlsx
2025-12-11,2.154540,2.832640,2.156880,2.854250,2.124050,2.578240,"Citi Velocity, exported by Charlie",france_italy_cmt_euribor_1y5y_citi_2026-10-05.xlsx
2025-12-12,2.153660,2.847250,2.159820,2.868110,2.118000,2.585240,"Citi Velocity, exported by Charlie",france_italy_cmt_euribor_1y5y_citi_2026-10-05.xlsx
2025-12-15,2.149170,2.827830,2.150760,2.846610,2.111430,2.583410,"Citi Velocity, exported by Charlie",france_italy_cmt_euribor_1y5y_citi_2026-10-05.xlsx
2025-12-16,2.142670,2.815980,2.135010,2.826150,2.103560,2.579660,"Citi Velocity, exported by Charlie",france_italy_cmt_euribor_1y5y_citi_2026-10-05.xlsx
2025-12-17,2.141860,2.831370,2.142570,2.844760,2.100680,2.588680,"Citi Velocity, exported by Charlie",france_italy_cmt_euribor_1y5y_citi_2026-10-05.xlsx
2025-12-18,2.144870,2.812350,2.136650,2.817240,2.103160,2.572550,"Citi Velocity, exported by Charlie",france_italy_cmt_euribor_1y5y_citi_2026-10-05.xlsx
2025-12-19,2.151260,2.847430,2.143100,2.851280,2.098230,2.600140,"Citi Velocity, exported by Charlie",france_italy_cmt_euribor_1y5y_citi_2026-10-05.xlsx
2025-12-22,2.153710,2.865130,2.146820,2.876850,2.104460,2.618550,"Citi Velocity, exported by Charlie",france_italy_cmt_euribor_1y5y_citi_2026-10-05.xlsx
2025-12-23,2.148770,2.821980,2.136710,2.845990,2.096740,2.593550,"Citi Velocity, exported by Charlie",france_italy_cmt_euribor_1y5y_citi_2026-10-05.xlsx
2025-12-24,2.152120,2.822660,2.135180,2.846030,2.100610,2.592920,"Citi Velocity, exported by Charlie",france_italy_cmt_euribor_1y5y_citi_2026-10-05.xlsx
2025-12-25,,,,,2.100610,2.592920,"Citi Velocity, exported by Charlie",france_italy_cmt_euribor_1y5y_citi_2026-10-05.xlsx
2025-12-26,,,,,2.100610,2.592920,"Citi Velocity, exported by Charlie",france_italy_cmt_euribor_1y5y_citi_2026-10-05.xlsx
2025-12-29,2.135430,2.780030,2.100850,2.792950,2.094700,2.561480,"Citi Velocity, exported by Charlie",france_italy_cmt_euribor_1y5y_citi_2026-10-05.xlsx
2025-12-30,2.143350,2.811200,2.090600,2.818640,2.082550,2.570720,"Citi Velocity, exported by Charlie",france_italy_cmt_euribor_1y5y_citi_2026-10-05.xlsx
2025-12-31,2.153030,2.815160,2.085090,2.820620,2.085260,2.570550,"Citi Velocity, exported by Charlie",france_italy_cmt_euribor_1y5y_citi_2026-10-05.xlsx
2026-01-01,,,,,2.085260,2.570550,"Citi Velocity, exported by Charlie",france_italy_cmt_euribor_1y5y_citi_2026-10-05.xlsx
2026-01-02,2.154350,2.851810,2.112300,2.866970,2.093020,2.592290,"Citi Velocity, exported by Charlie",france_italy_cmt_euribor_1y5y_citi_2026-10-05.xlsx
2026-01-05,2.149470,2.822190,2.107560,2.830860,2.092710,2.567310,"Citi Velocity, exported by Charlie",france_italy_cmt_euribor_1y5y_citi_2026-10-05.xlsx
2026-01-06,2.132590,2.807340,2.089850,2.799100,2.077370,2.545650,"Citi Velocity, exported by Charlie",france_italy_cmt_euribor_1y5y_citi_2026-10-05.xlsx
2026-01-07,2.122570,2.776950,2.087650,2.778560,2.068720,2.512100,"Citi Velocity, exported by Charlie",france_italy_cmt_euribor_1y5y_citi_2026-10-05.xlsx
2026-01-08,2.127830,2.789680,2.096260,2.787760,2.077130,2.532340,"Citi Velocity, exported by Charlie",france_italy_cmt_euribor_1y5y_citi_2026-10-05.xlsx
2026-01-09,2.122310,2.780160,2.096850,2.774710,2.077700,2.532770,"Citi Velocity, exported by Charlie",france_italy_cmt_euribor_1y5y_citi_2026-10-05.xlsx
2026-01-12,2.122220,2.767350,2.091550,2.755790,2.079090,2.515170,"Citi Velocity, exported by Charlie",france_italy_cmt_euribor_1y5y_citi_2026-10-05.xlsx
2026-01-13,2.120310,2.775290,2.089270,2.767620,2.075450,2.518920,"Citi Velocity, exported by Charlie",france_italy_cmt_euribor_1y5y_citi_2026-10-05.xlsx
2026-01-14,2.111670,2.756520,2.078400,2.744860,2.072560,2.506710,"Citi Velocity, exported by Charlie",france_italy_cmt_euribor_1y5y_citi_2026-10-05.xlsx
2026-01-15,2.116470,2.761280,,,2.083140,2.514800,"Citi Velocity, exported by Charlie",france_italy_cmt_euribor_1y5y_citi_2026-10-05.xlsx
2026-01-16,2.125230,2.793730,,,2.092960,2.543650,"Citi Velocity, exported by Charlie",france_italy_cmt_euribor_1y5y_citi_2026-10-05.xlsx
2026-01-19,2.106090,2.752650,,,2.075390,2.529980,"Citi Velocity, exported by Charlie",france_italy_cmt_euribor_1y5y_citi_2026-10-05.xlsx
2026-01-20,2.099190,2.767100,2.067840,2.767800,2.068110,2.534820,"Citi Velocity, exported by Charlie",france_italy_cmt_euribor_1y5y_citi_2026-10-05.xlsx
2026-01-21,2.107800,2.776000,2.075660,2.789890,2.076820,2.553690,"Citi Velocity, exported by Charlie",france_italy_cmt_euribor_1y5y_citi_2026-10-05.xlsx
2026-01-22,2.117430,2.770480,2.085030,2.789480,2.083650,2.565670,"Citi Velocity, exported by Charlie",france_italy_cmt_euribor_1y5y_citi_2026-10-05.xlsx
2026-01-23,2.125120,2.754270,2.090620,2.789910,2.093880,2.587410,"Citi Velocity, exported by Charlie",france_italy_cmt_euribor_1y5y_citi_2026-10-05.xlsx
2026-01-26,2.114930,2.713570,2.077180,2.752770,2.085420,2.555570,"Citi Velocity, exported by Charlie",france_italy_cmt_euribor_1y5y_citi_2026-10-05.xlsx
2026-01-27,2.109930,2.714190,2.070040,2.750900,2.079400,2.548220,"Citi Velocity, exported by Charlie",france_italy_cmt_euribor_1y5y_citi_2026-10-05.xlsx
2026-01-28,2.097480,2.701220,2.055050,2.734470,2.060670,2.525900,"Citi Velocity, exported by Charlie",france_italy_cmt_euribor_1y5y_citi_2026-10-05.xlsx
2026-01-29,2.087090,2.681900,2.044530,2.718680,2.050750,2.499500,"Citi Velocity, exported by Charlie",france_italy_cmt_euribor_1y5y_citi_2026-10-05.xlsx
2026-01-30,2.092470,2.696370,2.054470,2.730690,2.065410,2.502920,"Citi Velocity, exported by Charlie",france_italy_cmt_euribor_1y5y_citi_2026-10-05.xlsx
2026-02-02,2.106390,2.718350,2.073350,2.756400,2.074480,2.530430,"Citi Velocity, exported by Charlie",france_italy_cmt_euribor_1y5y_citi_2026-10-05.xlsx
2026-02-03,2.110240,2.732040,2.082390,2.767570,2.078650,2.547220,"Citi Velocity, exported by Charlie",france_italy_cmt_euribor_1y5y_citi_2026-10-05.xlsx
2026-02-04,2.095170,2.710860,2.072650,2.744740,2.070310,2.520720,"Citi Velocity, exported by Charlie",france_italy_cmt_euribor_1y5y_citi_2026-10-05.xlsx
2026-02-05,2.090690,2.710890,2.071240,2.746330,2.059440,2.509310,"Citi Velocity, exported by Charlie",france_italy_cmt_euribor_1y5y_citi_2026-10-05.xlsx
2026-02-06,2.093700,2.707900,2.068430,2.737920,2.055590,2.508000,"Citi Velocity, exported by Charlie",france_italy_cmt_euribor_1y5y_citi_2026-10-05.xlsx
2026-02-09,2.086090,2.694130,2.059010,2.712310,2.044970,2.486640,"Citi Velocity, exported by Charlie",france_italy_cmt_euribor_1y5y_citi_2026-10-05.xlsx
2026-02-10,2.084940,2.665320,2.057080,2.685950,2.044530,2.466020,"Citi Velocity, exported by Charlie",france_italy_cmt_euribor_1y5y_citi_2026-10-05.xlsx
2026-02-11,2.085780,2.662840,2.058450,2.687310,2.050330,2.468680,"Citi Velocity, exported by Charlie",france_italy_cmt_euribor_1y5y_citi_2026-10-05.xlsx
2026-02-12,2.081520,2.653700,2.048830,2.671390,2.046220,2.455400,"Citi Velocity, exported by Charlie",france_italy_cmt_euribor_1y5y_citi_2026-10-05.xlsx
2026-02-13,2.067470,2.623620,2.033930,2.642350,2.039140,2.424110,"Citi Velocity, exported by Charlie",france_italy_cmt_euribor_1y5y_citi_2026-10-05.xlsx
2026-02-16,2.069620,2.624090,2.041390,2.648640,2.041080,2.424360,"Citi Velocity, exported by Charlie",france_italy_cmt_euribor_1y5y_citi_2026-10-05.xlsx
2026-02-17,2.067710,2.608710,2.039560,2.640040,2.043420,2.417870,"Citi Velocity, exported by Charlie",france_italy_cmt_euribor_1y5y_citi_2026-10-05.xlsx
2026-02-18,2.076640,2.610160,2.049870,2.642150,2.049360,2.422580,"Citi Velocity, exported by Charlie",france_italy_cmt_euribor_1y5y_citi_2026-10-05.xlsx
2026-02-19,2.078360,2.617590,2.056600,2.654040,2.056220,2.432520,"Citi Velocity, exported by Charlie",france_italy_cmt_euribor_1y5y_citi_2026-10-05.xlsx
2026-02-20,2.084310,2.610430,2.064460,2.651930,2.062950,2.434270,"Citi Velocity, exported by Charlie",france_italy_cmt_euribor_1y5y_citi_2026-10-05.xlsx
2026-02-23,2.074130,2.585030,2.053950,2.628780,2.060000,2.406510,"Citi Velocity, exported by Charlie",france_italy_cmt_euribor_1y5y_citi_2026-10-05.xlsx
2026-02-24,2.080140,2.582610,2.061780,2.627680,2.070250,2.408550,"Citi Velocity, exported by Charlie",france_italy_cmt_euribor_1y5y_citi_2026-10-05.xlsx
2026-02-25,2.080780,2.574600,2.061330,2.619460,2.062100,2.405490,"Citi Velocity, exported by Charlie",france_italy_cmt_euribor_1y5y_citi_2026-10-05.xlsx
2026-02-26,2.079460,2.573090,2.065040,2.619830,2.059880,2.396480,"Citi Velocity, exported by Charlie",france_italy_cmt_euribor_1y5y_citi_2026-10-05.xlsx
2026-02-27,2.061720,2.535190,2.052870,2.589810,2.047790,2.350130,"Citi Velocity, exported by Charlie",france_italy_cmt_euribor_1y5y_citi_2026-10-05.xlsx
2026-03-02,2.108610,2.618110,2.106830,2.674590,2.093500,2.423200,"Citi Velocity, exported by Charlie",france_italy_cmt_euribor_1y5y_citi_2026-10-05.xlsx
2026-03-03,2.180140,2.741230,2.197320,2.821700,2.169030,2.509230,"Citi Velocity, exported by Charlie",france_italy_cmt_euribor_1y5y_citi_2026-10-05.xlsx
2026-03-04,2.153510,2.679230,2.144870,2.740230,2.139590,2.469320,"Citi Velocity, exported by Charlie",france_italy_cmt_euribor_1y5y_citi_2026-10-05.xlsx
2026-03-05,2.226280,2.806730,2.239150,2.893460,2.216230,2.587110,"Citi Velocity, exported by Charlie",france_italy_cmt_euribor_1y5y_citi_2026-10-05.xlsx
2026-03-06,2.272580,2.880220,2.311080,2.998370,2.271580,2.639260,"Citi Velocity, exported by Charlie",france_italy_cmt_euribor_1y5y_citi_2026-10-05.xlsx
2026-03-09,2.309130,2.883640,2.344990,2.995810,2.331350,2.658120,"Citi Velocity, exported by Charlie",france_italy_cmt_euribor_1y5y_citi_2026-10-05.xlsx
2026-03-10,2.238820,2.785620,2.245890,2.868910,2.265240,2.614140,"Citi Velocity, exported by Charlie",france_italy_cmt_euribor_1y5y_citi_2026-10-05.xlsx
2026-03-11,2.339800,2.926500,2.365560,3.030260,2.382500,2.705410,"Citi Velocity, exported by Charlie",france_italy_cmt_euribor_1y5y_citi_2026-10-05.xlsx
2026-03-12,2.355890,2.971250,2.400200,3.089890,2.410420,2.723290,"Citi Velocity, exported by Charlie",france_italy_cmt_euribor_1y5y_citi_2026-10-05.xlsx
2026-03-13,2.366780,3.010670,2.420260,3.131120,2.427110,2.751860,"Citi Velocity, exported by Charlie",france_italy_cmt_euribor_1y5y_citi_2026-10-05.xlsx
2026-03-16,2.354860,2.963330,2.383810,3.067370,2.408480,2.727330,"Citi Velocity, exported by Charlie",france_italy_cmt_euribor_1y5y_citi_2026-10-05.xlsx
2026-03-17,2.340460,2.932170,2.369730,3.032930,2.385560,2.702490,"Citi Velocity, exported by Charlie",france_italy_cmt_euribor_1y5y_citi_2026-10-05.xlsx
2026-03-18,2.395090,2.987430,2.431500,3.107790,2.441470,2.751260,"Citi Velocity, exported by Charlie",france_italy_cmt_euribor_1y5y_citi_2026-10-05.xlsx
2026-03-19,2.508790,3.058280,2.552950,3.190070,2.577200,2.799140,"Citi Velocity, exported by Charlie",france_italy_cmt_euribor_1y5y_citi_2026-10-05.xlsx
2026-03-20,2.579060,3.156460,2.668790,3.325150,2.651910,2.890080,"Citi Velocity, exported by Charlie",france_italy_cmt_euribor_1y5y_citi_2026-10-05.xlsx
2026-03-23,2.543030,3.120300,2.603490,3.274870,2.605230,2.859860,"Citi Velocity, exported by Charlie",france_italy_cmt_euribor_1y5y_citi_2026-10-05.xlsx
2026-03-24,2.595070,3.157470,2.675650,3.340030,2.675250,2.916890,"Citi Velocity, exported by Charlie",france_italy_cmt_euribor_1y5y_citi_2026-10-05.xlsx
2026-03-25,2.555130,3.092630,2.616170,3.253040,2.612550,2.854150,"Citi Velocity, exported by Charlie",france_italy_cmt_euribor_1y5y_citi_2026-10-05.xlsx
2026-03-26,2.628390,3.208880,2.691890,3.392080,2.696650,2.952020,"Citi Velocity, exported by Charlie",france_italy_cmt_euribor_1y5y_citi_2026-10-05.xlsx
2026-03-27,2.608470,3.250950,2.694900,3.450250,2.681200,2.988930,"Citi Velocity, exported by Charlie",france_italy_cmt_euribor_1y5y_citi_2026-10-05.xlsx
2026-03-30,2.571720,3.168020,2.635680,3.363380,2.623430,2.921810,"Citi Velocity, exported by Charlie",france_italy_cmt_euribor_1y5y_citi_2026-10-05.xlsx
2026-03-31,2.599020,3.147300,2.621050,3.291500,2.610150,2.888360,"Citi Velocity, exported by Charlie",france_italy_cmt_euribor_1y5y_citi_2026-10-05.xlsx
2026-04-01,2.577370,3.107960,2.597920,3.244680,2.577630,2.859810,"Citi Velocity, exported by Charlie",france_italy_cmt_euribor_1y5y_citi_2026-10-05.xlsx
2026-04-02,2.597450,3.105600,2.611850,3.243610,2.611130,2.851820,"Citi Velocity, exported by Charlie",france_italy_cmt_euribor_1y5y_citi_2026-10-05.xlsx
2026-04-03,,,,,2.611130,2.851820,"Citi Velocity, exported by Charlie",france_italy_cmt_euribor_1y5y_citi_2026-10-05.xlsx
2026-04-06,,,,,2.611130,2.851820,"Citi Velocity, exported by Charlie",france_italy_cmt_euribor_1y5y_citi_2026-10-05.xlsx
2026-04-07,2.691470,3.237740,2.720420,3.399460,2.719990,2.969650,"Citi Velocity, exported by Charlie",france_italy_cmt_euribor_1y5y_citi_2026-10-05.xlsx
2026-04-08,2.487130,2.979430,2.490850,3.084890,2.501190,2.783440,"Citi Velocity, exported by Charlie",france_italy_cmt_euribor_1y5y_citi_2026-10-05.xlsx
2026-04-09,2.540280,3.071740,2.542810,3.181130,2.552910,2.839300,"Citi Velocity, exported by Charlie",france_italy_cmt_euribor_1y5y_citi_2026-10-05.xlsx
2026-04-10,2.552080,3.080670,2.541990,3.185410,2.576630,2.851490,"Citi Velocity, exported by Charlie",france_italy_cmt_euribor_1y5y_citi_2026-10-05.xlsx
2026-04-13,2.604770,3.141190,2.592640,3.254110,2.632600,2.896670,"Citi Velocity, exported by Charlie",france_italy_cmt_euribor_1y5y_citi_2026-10-05.xlsx
2026-04-14,2.531660,3.059330,2.506910,3.157340,2.560000,2.840060,"Citi Velocity, exported by Charlie",france_italy_cmt_euribor_1y5y_citi_2026-10-05.xlsx
2026-04-15,2.517530,3.058810,2.497200,3.160340,2.550380,2.834120,"Citi Velocity, exported by Charlie",france_italy_cmt_euribor_1y5y_citi_2026-10-05.xlsx
2026-04-16,2.495510,3.051030,2.477930,3.154770,2.528080,2.822750,"Citi Velocity, exported by Charlie",france_italy_cmt_euribor_1y5y_citi_2026-10-05.xlsx
2026-04-17,2.416310,2.954640,2.386430,3.028080,2.432850,2.744500,"Citi Velocity, exported by Charlie",france_italy_cmt_euribor_1y5y_citi_2026-10-05.xlsx
2026-04-20,2.452940,2.993240,2.430660,3.082280,2.465320,2.762820,"Citi Velocity, exported by Charlie",france_italy_cmt_euribor_1y5y_citi_2026-10-05.xlsx
2026-04-21,2.493920,3.031280,2.477010,3.128100,2.507610,2.791100,"Citi Velocity, exported by Charlie",france_italy_cmt_euribor_1y5y_citi_2026-10-05.xlsx
2026-04-22,2.518180,3.049440,2.505640,3.158220,2.539450,2.805170,"Citi Velocity, exported by Charlie",france_italy_cmt_euribor_1y5y_citi_2026-10-05.xlsx
2026-04-23,2.529330,3.067940,2.517760,3.176130,2.549010,2.826620,"Citi Velocity, exported by Charlie",france_italy_cmt_euribor_1y5y_citi_2026-10-05.xlsx
2026-04-24,2.537530,3.061660,2.523480,3.180950,2.560880,2.831110,"Citi Velocity, exported by Charlie",france_italy_cmt_euribor_1y5y_citi_2026-10-05.xlsx
2026-04-27,2.545160,3.097660,2.534900,3.218570,2.567020,2.853930,"Citi Velocity, exported by Charlie",france_italy_cmt_euribor_1y5y_citi_2026-10-05.xlsx
2026-04-28,2.603320,3.126470,2.588790,3.257840,2.625910,2.884370,"Citi Velocity, exported by Charlie",france_italy_cmt_euribor_1y5y_citi_2026-10-05.xlsx
2026-04-29,2.672140,3.194260,2.669080,3.337580,2.694510,2.933500,"Citi Velocity, exported by Charlie",france_italy_cmt_euribor_1y5y_citi_2026-10-05.xlsx
2026-04-30,2.625540,3.107830,2.603950,3.250160,2.661880,2.880980,"Citi Velocity, exported by Charlie",france_italy_cmt_euribor_1y5y_citi_2026-10-05.xlsx
2026-05-01,,,,,2.661880,2.880980,"Citi Velocity, exported by Charlie",france_italy_cmt_euribor_1y5y_citi_2026-10-05.xlsx
2026-05-04,2.660480,3.159390,2.640500,3.292360,2.702390,2.926900,"Citi Velocity, exported by Charlie",france_italy_cmt_euribor_1y5y_citi_2026-10-05.xlsx
2026-05-05,2.651880,3.147120,2.630350,3.266880,2.692930,2.917390,"Citi Velocity, exported by Charlie",france_italy_cmt_euribor_1y5y_citi_2026-10-05.xlsx
2026-05-06,2.558490,3.034130,2.520390,3.123890,2.588430,2.827560,"Citi Velocity, exported by Charlie",france_italy_cmt_euribor_1y5y_citi_2026-10-05.xlsx
2026-05-07,2.557240,3.022670,2.518900,3.109480,2.588040,2.817480,"Citi Velocity, exported by Charlie",france_italy_cmt_euribor_1y5y_citi_2026-10-05.xlsx
2026-05-08,2.581460,3.041820,2.545900,3.129020,2.608740,2.819840,"Citi Velocity, exported by Charlie",france_italy_cmt_euribor_1y5y_citi_2026-10-05.xlsx
2026-05-11,2.631350,3.096030,2.598620,3.196520,2.660460,2.873180,"Citi Velocity, exported by Charlie",france_italy_cmt_euribor_1y5y_citi_2026-10-05.xlsx
2026-05-12,2.662590,3.159720,2.629660,3.260910,2.694650,2.925930,"Citi Velocity, exported by Charlie",france_italy_cmt_euribor_1y5y_citi_2026-10-05.xlsx
2026-05-13,2.662600,3.166520,2.633190,3.264150,2.698430,2.946620,"Citi Velocity, exported by Charlie",france_italy_cmt_euribor_1y5y_citi_2026-10-05.xlsx
2026-05-14,2.633990,3.106750,2.597480,3.200290,2.649010,2.899020,"Citi Velocity, exported by Charlie",france_italy_cmt_euribor_1y5y_citi_2026-10-05.xlsx
2026-05-15,2.675030,3.216500,2.652900,3.315950,2.690040,2.987910,"Citi Velocity, exported by Charlie",france_italy_cmt_euribor_1y5y_citi_2026-10-05.xlsx
2026-05-18,2.668390,3.208170,2.643940,3.312360,2.677270,2.996090,"Citi Velocity, exported by Charlie",france_italy_cmt_euribor_1y5y_citi_2026-10-05.xlsx
2026-05-19,2.680940,3.242070,2.666520,3.352410,2.678050,3.029330,"Citi Velocity, exported by Charlie",france_italy_cmt_euribor_1y5y_citi_2026-10-05.xlsx
2026-05-20,2.625700,3.142630,2.592480,3.234960,2.615110,2.942220,"Citi Velocity, exported by Charlie",france_italy_cmt_euribor_1y5y_citi_2026-10-05.xlsx
2026-05-21,2.644020,3.161040,2.614000,3.255900,2.638860,2.947840,"Citi Velocity, exported by Charlie",france_italy_cmt_euribor_1y5y_citi_2026-10-05.xlsx
2026-05-22,2.620370,3.100820,2.582660,3.188790,2.616700,2.888470,"Citi Velocity, exported by Charlie",france_italy_cmt_euribor_1y5y_citi_2026-10-05.xlsx
2026-05-25,2.536530,2.990260,2.494870,3.067270,2.532140,2.794450,"Citi Velocity, exported by Charlie",france_italy_cmt_euribor_1y5y_citi_2026-10-05.xlsx
2026-05-26,2.591170,3.032500,2.556140,3.127180,2.581850,2.810710,"Citi Velocity, exported by Charlie",france_italy_cmt_euribor_1y5y_citi_2026-10-05.xlsx
2026-05-27,2.588400,3.025580,2.550060,3.115730,2.583100,2.814250,"Citi Velocity, exported by Charlie",france_italy_cmt_euribor_1y5y_citi_2026-10-05.xlsx
2026-05-28,2.568730,3.003760,2.528630,3.090380,2.563440,2.785540,"Citi Velocity, exported by Charlie",france_italy_cmt_euribor_1y5y_citi_2026-10-05.xlsx
2026-05-29,2.555040,2.963810,2.515280,3.047680,2.552230,2.758310,"Citi Velocity, exported by Charlie",france_italy_cmt_euribor_1y5y_citi_2026-10-05.xlsx
2026-06-01,2.628130,3.074770,2.602760,3.164170,2.631770,2.841240,"Citi Velocity, exported by Charlie",france_italy_cmt_euribor_1y5y_citi_2026-10-05.xlsx
2026-06-02,2.626280,3.042150,2.594390,3.115030,2.634230,2.818260,"Citi Velocity, exported by Charlie",france_italy_cmt_euribor_1y5y_citi_2026-10-05.xlsx
2026-06-03,2.662160,3.113990,2.637590,3.198170,2.672530,2.878460,"Citi Velocity, exported by Charlie",france_italy_cmt_euribor_1y5y_citi_2026-10-05.xlsx
2026-06-04,2.649880,3.104820,2.620390,3.188890,2.656240,2.868740,"Citi Velocity, exported by Charlie",france_italy_cmt_euribor_1y5y_citi_2026-10-05.xlsx
2026-06-05,2.675750,3.138000,2.650090,3.219220,2.683200,2.898590,"Citi Velocity, exported by Charlie",france_italy_cmt_euribor_1y5y_citi_2026-10-05.xlsx
2026-06-08,2.689180,3.172210,2.662600,3.250820,2.704480,2.924330,"Citi Velocity, exported by Charlie",france_italy_cmt_euribor_1y5y_citi_2026-10-05.xlsx
2026-06-09,2.671040,3.145430,2.648910,3.230620,2.691580,2.911530,"Citi Velocity, exported by Charlie",france_italy_cmt_euribor_1y5y_citi_2026-10-05.xlsx
2026-06-10,2.696070,3.176350,2.679420,3.270260,2.725920,2.928510,"Citi Velocity, exported by Charlie",france_italy_cmt_euribor_1y5y_citi_2026-10-05.xlsx
2026-06-11,2.664550,3.135050,2.651240,3.219730,2.691630,2.887140,"Citi Velocity, exported by Charlie",france_italy_cmt_euribor_1y5y_citi_2026-10-05.xlsx
2026-06-12,2.634340,3.085700,2.613140,3.156910,2.651240,2.856380,"Citi Velocity, exported by Charlie",france_italy_cmt_euribor_1y5y_citi_2026-10-05.xlsx
2026-06-15,2.602150,3.029750,2.572720,3.094250,2.624980,2.805310,"Citi Velocity, exported by Charlie",france_italy_cmt_euribor_1y5y_citi_2026-10-05.xlsx
2026-06-16,2.611140,3.013610,2.577580,3.075150,2.634910,2.793960,"Citi Velocity, exported by Charlie",france_italy_cmt_euribor_1y5y_citi_2026-10-05.xlsx
2026-06-17,2.614040,3.018430,2.587170,3.078560,2.638870,2.799220,"Citi Velocity, exported by Charlie",france_italy_cmt_euribor_1y5y_citi_2026-10-05.xlsx
2026-06-18,2.620800,3.028950,2.597080,3.082080,2.638250,2.799690,"Citi Velocity, exported by Charlie",france_italy_cmt_euribor_1y5y_citi_2026-10-05.xlsx
2026-06-19,2.647120,3.083540,2.625240,3.143870,2.652500,2.852400,"Citi Velocity, exported by Charlie",france_italy_cmt_euribor_1y5y_citi_2026-10-05.xlsx
2026-06-22,2.612230,3.041720,2.585290,3.094990,2.610570,2.813800,"Citi Velocity, exported by Charlie",france_italy_cmt_euribor_1y5y_citi_2026-10-05.xlsx
2026-06-23,2.601490,3.015010,2.577920,3.081460,2.606040,2.785010,"Citi Velocity, exported by Charlie",france_italy_cmt_euribor_1y5y_citi_2026-10-05.xlsx
2026-06-24,2.582580,2.981120,2.559350,3.043660,2.577180,2.750860,"Citi Velocity, exported by Charlie",france_italy_cmt_euribor_1y5y_citi_2026-10-05.xlsx
2026-06-25,2.578060,2.993280,2.568410,3.052660,2.571230,2.748580,"Citi Velocity, exported by Charlie",france_italy_cmt_euribor_1y5y_citi_2026-10-05.xlsx
2026-06-26,2.556820,2.971350,2.541270,3.024250,2.547650,2.725340,"Citi Velocity, exported by Charlie",france_italy_cmt_euribor_1y5y_citi_2026-10-05.xlsx
2026-06-29,2.575990,2.981060,2.568780,3.029960,2.572690,2.733200,"Citi Velocity, exported by Charlie",france_italy_cmt_euribor_1y5y_citi_2026-10-05.xlsx
2026-06-30,2.573110,2.985200,2.574330,3.032720,2.567390,2.732410,"Citi Velocity, exported by Charlie",france_italy_cmt_euribor_1y5y_citi_2026-10-05.xlsx
2026-07-01,2.548370,2.997250,2.560120,3.043660,2.536730,2.733580,"Citi Velocity, exported by Charlie",france_italy_cmt_euribor_1y5y_citi_2026-10-05.xlsx
2026-07-02,2.528130,3.000660,2.530090,3.049140,2.520650,2.746370,"Citi Velocity, exported by Charlie",france_italy_cmt_euribor_1y5y_citi_2026-10-05.xlsx
2026-07-03,2.553770,3.032970,2.557380,3.087740,2.541500,2.785440,"Citi Velocity, exported by Charlie",france_italy_cmt_euribor_1y5y_citi_2026-10-05.xlsx
2026-07-06,2.557880,3.032630,2.557670,3.090710,2.546760,2.790180,"Citi Velocity, exported by Charlie",france_italy_cmt_euribor_1y5y_citi_2026-10-05.xlsx
2026-07-07,2.592090,3.088230,2.594180,3.143490,2.581500,2.837820,"Citi Velocity, exported by Charlie",france_italy_cmt_euribor_1y5y_citi_2026-10-05.xlsx
2026-07-08,2.686990,3.224100,2.692240,3.277470,2.692300,2.944670,"Citi Velocity, exported by Charlie",france_italy_cmt_euribor_1y5y_citi_2026-10-05.xlsx
2026-07-09,2.654480,3.170500,2.651560,3.221320,2.662580,2.913770,"Citi Velocity, exported by Charlie",france_italy_cmt_euribor_1y5y_citi_2026-10-05.xlsx
2026-07-10,2.655460,3.159150,2.652440,3.209790,2.670650,2.912230,"Citi Velocity, exported by Charlie",france_italy_cmt_euribor_1y5y_citi_2026-10-05.xlsx
2026-07-13,2.704620,3.209350,2.710390,3.268010,2.731740,2.953620,"Citi Velocity, exported by Charlie",france_italy_cmt_euribor_1y5y_citi_2026-10-05.xlsx
2026-07-14,2.706290,3.215210,2.710590,3.268770,2.739660,2.959950,"Citi Velocity, exported by Charlie",france_italy_cmt_euribor_1y5y_citi_2026-10-05.xlsx
2026-07-15,2.705540,3.238390,2.715790,3.299520,2.748880,2.985220,"Citi Velocity, exported by Charlie",france_italy_cmt_euribor_1y5y_citi_2026-10-05.xlsx
2026-07-16,2.730400,3.264290,2.738100,3.338520,2.773090,3.002760,"Citi Velocity, exported by Charlie",france_italy_cmt_euribor_1y5y_citi_2026-10-05.xlsx
2026-07-17,2.737780,3.267830,2.755780,3.355550,2.788280,3.004130,"Citi Velocity, exported by Charlie",france_italy_cmt_euribor_1y5y_citi_2026-10-05.xlsx
2026-07-20,2.739080,3.279410,2.755040,3.367650,2.792060,3.023360,"Citi Velocity, exported by Charlie",france_italy_cmt_euribor_1y5y_citi_2026-10-05.xlsx
2026-07-21,2.750940,3.301850,2.764220,3.388560,2.795420,3.047780,"Citi Velocity, exported by Charlie",france_italy_cmt_euribor_1y5y_citi_2026-10-05.xlsx
2026-07-22,2.783580,3.330210,2.795690,3.423300,2.826230,3.073980,"Citi Velocity, exported by Charlie",france_italy_cmt_euribor_1y5y_citi_2026-10-05.xlsx
2026-07-23,2.808950,3.381430,2.831910,3.486920,2.859160,3.120690,"Citi Velocity, exported by Charlie",france_italy_cmt_euribor_1y5y_citi_2026-10-05.xlsx
2026-07-24,2.776080,3.322900,2.787690,3.421450,2.826730,3.076230,"Citi Velocity, exported by Charlie",france_italy_cmt_euribor_1y5y_citi_2026-10-05.xlsx
2026-07-27,2.746380,3.265390,2.757240,3.354920,2.783520,3.018620,"Citi Velocity, exported by Charlie",france_italy_cmt_euribor_1y5y_citi_2026-10-05.xlsx
2026-07-28,2.724020,3.234390,2.728180,3.320490,2.757170,2.991790,"Citi Velocity, exported by Charlie",france_italy_cmt_euribor_1y5y_citi_2026-10-05.xlsx
2026-07-29,2.757730,3.296030,2.774840,3.388550,2.797840,3.041780,"Citi Velocity, exported by Charlie",france_italy_cmt_euribor_1y5y_citi_2026-10-05.xlsx
2026-07-30,2.742940,3.294490,2.755730,3.385320,2.785780,3.043430,"Citi Velocity, exported by Charlie",france_italy_cmt_euribor_1y5y_citi_2026-10-05.xlsx
2026-07-31,2.767770,3.311300,2.767740,3.399190,2.808810,3.067050,"Citi Velocity, exported by Charlie",france_italy_cmt_euribor_1y5y_citi_2026-10-05.xlsx
2026-08-03,2.744870,3.261880,2.742940,3.334540,2.775500,3.023390,"Citi Velocity, exported by Charlie",france_italy_cmt_euribor_1y5y_citi_2026-10-05.xlsx
2026-08-04,2.716830,3.215940,2.713410,3.283210,2.756520,2.989310,"Citi Velocity, exported by Charlie",france_italy_cmt_euribor_1y5y_citi_2026-10-05.xlsx
2026-08-05,2.710810,3.216400,2.707160,3.275060,2.747180,2.978560,"Citi Velocity, exported by Charlie",france_italy_cmt_euribor_1y5y_citi_2026-10-05.xlsx
2026-08-06,2.723000,3.242680,2.722160,3.302950,2.755040,2.995750,"Citi Velocity, exported by Charlie",france_italy_cmt_euribor_1y5y_citi_2026-10-05.xlsx
2026-08-07,2.721770,3.240740,2.717750,3.299680,2.750170,2.998970,"Citi Velocity, exported by Charlie",france_italy_cmt_euribor_1y5y_citi_2026-10-05.xlsx
2026-08-10,2.755010,3.305830,2.757270,3.363460,2.782990,3.045860,"Citi Velocity, exported by Charlie",france_italy_cmt_euribor_1y5y_citi_2026-10-05.xlsx
2026-08-11,2.750600,3.297010,2.748990,3.341190,2.782370,3.015410,"Citi Velocity, exported by Charlie",france_italy_cmt_euribor_1y5y_citi_2026-10-05.xlsx
2026-08-12,2.760740,3.305880,2.756140,3.345380,2.796570,3.027260,"Citi Velocity, exported by Charlie",france_italy_cmt_euribor_1y5y_citi_2026-10-05.xlsx
2026-08-13,2.751340,3.282190,2.745980,3.313910,2.787390,3.003210,"Citi Velocity, exported by Charlie",france_italy_cmt_euribor_1y5y_citi_2026-10-05.xlsx
2026-08-14,2.773400,3.346650,2.770020,3.363530,2.806080,3.054590,"Citi Velocity, exported by Charlie",france_italy_cmt_euribor_1y5y_citi_2026-10-05.xlsx
2026-08-17,2.775980,3.365200,2.769370,3.384950,2.801960,3.060860,"Citi Velocity, exported by Charlie",france_italy_cmt_euribor_1y5y_citi_2026-10-05.xlsx
2026-08-18,2.809460,3.422250,2.820970,3.459870,2.839110,3.108030,"Citi Velocity, exported by Charlie",france_italy_cmt_euribor_1y5y_citi_2026-10-05.xlsx
2026-08-19,2.818590,3.429910,2.828300,3.458840,2.846590,3.126810,"Citi Velocity, exported by Charlie",france_italy_cmt_euribor_1y5y_citi_2026-10-05.xlsx
2026-08-20,2.807390,3.413440,2.810830,3.446870,2.835290,3.108410,"Citi Velocity, exported by Charlie",france_italy_cmt_euribor_1y5y_citi_2026-10-05.xlsx
2026-08-21,2.809830,3.434700,2.820490,3.467980,2.839570,3.121220,"Citi Velocity, exported by Charlie",france_italy_cmt_euribor_1y5y_citi_2026-10-05.xlsx
2026-08-24,2.835240,3.435970,2.843220,3.479590,2.870860,3.124980,"Citi Velocity, exported by Charlie",france_italy_cmt_euribor_1y5y_citi_2026-10-05.xlsx
2026-08-25,2.805810,3.368710,2.804730,3.412490,2.838050,3.081240,"Citi Velocity, exported by Charlie",france_italy_cmt_euribor_1y5y_citi_2026-10-05.xlsx
2026-08-26,2.813170,3.381060,2.818960,3.434280,2.848060,3.099280,"Citi Velocity, exported by Charlie",france_italy_cmt_euribor_1y5y_citi_2026-10-05.xlsx
2026-08-27,2.830260,3.406210,2.860030,3.463550,2.864450,3.120050,"Citi Velocity, exported by Charlie",france_italy_cmt_euribor_1y5y_citi_2026-10-05.xlsx
2026-08-28,2.863790,3.444320,2.866510,3.500720,2.898930,3.164350,"Citi Velocity, exported by Charlie",france_italy_cmt_euribor_1y5y_citi_2026-10-05.xlsx
2026-08-31,2.877030,3.479540,2.877500,3.542170,2.914610,3.197830,"Citi Velocity, exported by Charlie",france_italy_cmt_euribor_1y5y_citi_2026-10-05.xlsx
2026-09-01,2.895130,3.512460,2.893730,3.567700,2.934930,3.222290,"Citi Velocity, exported by Charlie",france_italy_cmt_euribor_1y5y_citi_2026-10-05.xlsx
2026-09-02,2.929930,3.573170,2.937840,3.619020,2.986640,3.273590,"Citi Velocity, exported by Charlie",france_italy_cmt_euribor_1y5y_citi_2026-10-05.xlsx
2026-09-03,2.914940,3.528840,2.911120,3.572110,2.967440,3.239340,"Citi Velocity, exported by Charlie",france_italy_cmt_euribor_1y5y_citi_2026-10-05.xlsx
2026-09-04,2.905380,3.515430,2.897690,3.556790,2.964430,3.233230,"Citi Velocity, exported by Charlie",france_italy_cmt_euribor_1y5y_citi_2026-10-05.xlsx
2026-09-07,2.939660,3.561360,2.933550,3.607310,2.989990,3.277690,"Citi Velocity, exported by Charlie",france_italy_cmt_euribor_1y5y_citi_2026-10-05.xlsx
2026-09-08,2.937530,3.549200,2.932350,3.593840,2.974230,3.267360,"Citi Velocity, exported by Charlie",france_italy_cmt_euribor_1y5y_citi_2026-10-05.xlsx
2026-09-09,2.975020,3.646300,2.986260,3.696260,3.021360,3.354680,"Citi Velocity, exported by Charlie",france_italy_cmt_euribor_1y5y_citi_2026-10-05.xlsx
2026-09-10,3.123250,3.801870,3.143640,3.852240,3.186280,3.468280,"Citi Velocity, exported by Charlie",france_italy_cmt_euribor_1y5y_citi_2026-10-05.xlsx
2026-09-11,3.106020,3.814060,3.117970,3.824280,3.177830,3.464430,"Citi Velocity, exported by Charlie",france_italy_cmt_euribor_1y5y_citi_2026-10-05.xlsx
2026-09-14,3.175900,3.882140,3.187080,3.909070,3.257130,3.543450,"Citi Velocity, exported by Charlie",france_italy_cmt_euribor_1y5y_citi_2026-10-05.xlsx
2026-09-15,3.139380,3.866290,3.143460,3.892880,3.211250,3.523670,"Citi Velocity, exported by Charlie",france_italy_cmt_euribor_1y5y_citi_2026-10-05.xlsx
2026-09-16,3.123530,3.819880,3.116210,3.836050,3.179260,3.486400,"Citi Velocity, exported by Charlie",france_italy_cmt_euribor_1y5y_citi_2026-10-05.xlsx
2026-09-17,3.143920,3.822500,3.118970,3.841550,3.189730,3.468000,"Citi Velocity, exported by Charlie",france_italy_cmt_euribor_1y5y_citi_2026-10-05.xlsx
2026-09-18,3.197080,3.955080,3.204190,3.958370,3.245540,3.553800,"Citi Velocity, exported by Charlie",france_italy_cmt_euribor_1y5y_citi_2026-10-05.xlsx
2026-09-21,3.141220,3.836260,3.126360,3.831580,3.175000,3.455650,"Citi Velocity, exported by Charlie",france_italy_cmt_euribor_1y5y_citi_2026-10-05.xlsx
2026-09-22,3.152930,3.863580,3.136250,3.836390,3.175930,3.457830,"Citi Velocity, exported by Charlie",france_italy_cmt_euribor_1y5y_citi_2026-10-05.xlsx
2026-09-23,3.214490,4.005240,3.218750,3.991380,3.246830,3.582940,"Citi Velocity, exported by Charlie",france_italy_cmt_euribor_1y5y_citi_2026-10-05.xlsx
2026-09-24,3.236670,4.070180,3.233670,4.055130,3.265870,3.661200,"Citi Velocity, exported by Charlie",france_italy_cmt_euribor_1y5y_citi_2026-10-05.xlsx
2026-09-25,3.204720,4.048300,3.199460,4.014960,3.233340,3.648990,"Citi Velocity, exported by Charlie",france_italy_cmt_euribor_1y5y_citi_2026-10-05.xlsx
2026-09-28,3.210750,4.088240,3.200620,4.056320,3.232160,3.667740,"Citi Velocity, exported by Charlie",france_italy_cmt_euribor_1y5y_citi_2026-10-05.xlsx
2026-09-29,3.196650,4.109590,3.186940,4.055830,3.210660,3.637870,"Citi Velocity, exported by Charlie",france_italy_cmt_euribor_1y5y_citi_2026-10-05.xlsx
2026-09-30,3.247350,4.100990,3.160240,4.021770,3.182910,3.582770,"Citi Velocity, exported by Charlie",france_italy_cmt_euribor_1y5y_citi_2026-10-05.xlsx
2026-10-01,3.170410,4.189760,3.212790,4.165470,3.104690,3.539800,"Citi Velocity, exported by Charlie",france_italy_cmt_euribor_1y5y_citi_2026-10-05.xlsx
2026-10-02,3.245180,4.206920,3.203140,4.062670,3.116760,3.489210,"Citi Velocity, exported by Charlie",france_italy_cmt_euribor_1y5y_citi_2026-10-05.xlsx
2026-10-03,3.259970,4.247290,3.216010,4.073600,,,"Citi Velocity, exported by Charlie",france_italy_cmt_euribor_1y5y_citi_2026-10-05.xlsx
2026-10-04,,,,,,3.505610,"Citi Velocity, exported by Charlie",france_italy_cmt_euribor_1y5y_citi_2026-10-05.xlsx
