date,bbg_esp_1y,source,raw_file
2011-10-06,3.178900,"Citi Velocity, exported by Charlie",spain_1y_bbg_2026-10-05.xlsx
2011-10-07,3.125500,"Citi Velocity, exported by Charlie",spain_1y_bbg_2026-10-05.xlsx
2011-10-10,3.233400,"Citi Velocity, exported by Charlie",spain_1y_bbg_2026-10-05.xlsx
2011-10-11,3.120600,"Citi Velocity, exported by Charlie",spain_1y_bbg_2026-10-05.xlsx
2011-10-12,3.140900,"Citi Velocity, exported by Charlie",spain_1y_bbg_2026-10-05.xlsx
2011-10-13,3.134800,"Citi Velocity, exported by Charlie",spain_1y_bbg_2026-10-05.xlsx
2011-10-14,3.265200,"Citi Velocity, exported by Charlie",spain_1y_bbg_2026-10-05.xlsx
2011-10-17,3.243900,"Citi Velocity, exported by Charlie",spain_1y_bbg_2026-10-05.xlsx
2011-10-18,3.432200,"Citi Velocity, exported by Charlie",spain_1y_bbg_2026-10-05.xlsx
2011-10-19,3.627400,"Citi Velocity, exported by Charlie",spain_1y_bbg_2026-10-05.xlsx
2011-10-20,3.676300,"Citi Velocity, exported by Charlie",spain_1y_bbg_2026-10-05.xlsx
2011-10-21,3.772500,"Citi Velocity, exported by Charlie",spain_1y_bbg_2026-10-05.xlsx
2011-10-24,3.815900,"Citi Velocity, exported by Charlie",spain_1y_bbg_2026-10-05.xlsx
2011-10-25,3.739500,"Citi Velocity, exported by Charlie",spain_1y_bbg_2026-10-05.xlsx
2011-10-26,3.679600,"Citi Velocity, exported by Charlie",spain_1y_bbg_2026-10-05.xlsx
2011-10-27,3.492600,"Citi Velocity, exported by Charlie",spain_1y_bbg_2026-10-05.xlsx
2011-10-28,3.543500,"Citi Velocity, exported by Charlie",spain_1y_bbg_2026-10-05.xlsx
2011-10-31,3.795000,"Citi Velocity, exported by Charlie",spain_1y_bbg_2026-10-05.xlsx
2011-11-01,3.872400,"Citi Velocity, exported by Charlie",spain_1y_bbg_2026-10-05.xlsx
2011-11-02,3.753500,"Citi Velocity, exported by Charlie",spain_1y_bbg_2026-10-05.xlsx
2011-11-03,3.814400,"Citi Velocity, exported by Charlie",spain_1y_bbg_2026-10-05.xlsx
2011-11-04,3.828100,"Citi Velocity, exported by Charlie",spain_1y_bbg_2026-10-05.xlsx
2011-11-07,4.089200,"Citi Velocity, exported by Charlie",spain_1y_bbg_2026-10-05.xlsx
2011-11-08,4.126500,"Citi Velocity, exported by Charlie",spain_1y_bbg_2026-10-05.xlsx
2011-11-09,4.434100,"Citi Velocity, exported by Charlie",spain_1y_bbg_2026-10-05.xlsx
2011-11-10,4.448100,"Citi Velocity, exported by Charlie",spain_1y_bbg_2026-10-05.xlsx
2011-11-11,4.504400,"Citi Velocity, exported by Charlie",spain_1y_bbg_2026-10-05.xlsx
2011-11-14,4.609900,"Citi Velocity, exported by Charlie",spain_1y_bbg_2026-10-05.xlsx
2011-11-15,5.135100,"Citi Velocity, exported by Charlie",spain_1y_bbg_2026-10-05.xlsx
2011-11-16,5.121400,"Citi Velocity, exported by Charlie",spain_1y_bbg_2026-10-05.xlsx
2011-11-17,5.338200,"Citi Velocity, exported by Charlie",spain_1y_bbg_2026-10-05.xlsx
2011-11-18,5.175700,"Citi Velocity, exported by Charlie",spain_1y_bbg_2026-10-05.xlsx
2011-11-21,5.243300,"Citi Velocity, exported by Charlie",spain_1y_bbg_2026-10-05.xlsx
2011-11-22,5.450600,"Citi Velocity, exported by Charlie",spain_1y_bbg_2026-10-05.xlsx
2011-11-23,5.470300,"Citi Velocity, exported by Charlie",spain_1y_bbg_2026-10-05.xlsx
2011-11-24,5.311200,"Citi Velocity, exported by Charlie",spain_1y_bbg_2026-10-05.xlsx
2011-11-25,5.231700,"Citi Velocity, exported by Charlie",spain_1y_bbg_2026-10-05.xlsx
2011-11-28,5.123800,"Citi Velocity, exported by Charlie",spain_1y_bbg_2026-10-05.xlsx
2011-11-29,4.946800,"Citi Velocity, exported by Charlie",spain_1y_bbg_2026-10-05.xlsx
2011-11-30,4.766600,"Citi Velocity, exported by Charlie",spain_1y_bbg_2026-10-05.xlsx
2011-12-01,4.550700,"Citi Velocity, exported by Charlie",spain_1y_bbg_2026-10-05.xlsx
2011-12-02,4.288600,"Citi Velocity, exported by Charlie",spain_1y_bbg_2026-10-05.xlsx
2011-12-05,3.850200,"Citi Velocity, exported by Charlie",spain_1y_bbg_2026-10-05.xlsx
2011-12-06,3.850100,"Citi Velocity, exported by Charlie",spain_1y_bbg_2026-10-05.xlsx
2011-12-07,3.844600,"Citi Velocity, exported by Charlie",spain_1y_bbg_2026-10-05.xlsx
2011-12-08,3.983600,"Citi Velocity, exported by Charlie",spain_1y_bbg_2026-10-05.xlsx
2011-12-09,4.172200,"Citi Velocity, exported by Charlie",spain_1y_bbg_2026-10-05.xlsx
2011-12-12,4.210800,"Citi Velocity, exported by Charlie",spain_1y_bbg_2026-10-05.xlsx
2011-12-13,3.760600,"Citi Velocity, exported by Charlie",spain_1y_bbg_2026-10-05.xlsx
2011-12-14,3.428000,"Citi Velocity, exported by Charlie",spain_1y_bbg_2026-10-05.xlsx
2011-12-15,3.311800,"Citi Velocity, exported by Charlie",spain_1y_bbg_2026-10-05.xlsx
2011-12-16,2.947200,"Citi Velocity, exported by Charlie",spain_1y_bbg_2026-10-05.xlsx
2011-12-19,2.968700,"Citi Velocity, exported by Charlie",spain_1y_bbg_2026-10-05.xlsx
2011-12-20,2.934100,"Citi Velocity, exported by Charlie",spain_1y_bbg_2026-10-05.xlsx
2011-12-21,2.934200,"Citi Velocity, exported by Charlie",spain_1y_bbg_2026-10-05.xlsx
2011-12-22,3.064400,"Citi Velocity, exported by Charlie",spain_1y_bbg_2026-10-05.xlsx
2011-12-23,3.056900,"Citi Velocity, exported by Charlie",spain_1y_bbg_2026-10-05.xlsx
2011-12-27,2.848000,"Citi Velocity, exported by Charlie",spain_1y_bbg_2026-10-05.xlsx
2011-12-28,2.696400,"Citi Velocity, exported by Charlie",spain_1y_bbg_2026-10-05.xlsx
2011-12-29,2.552100,"Citi Velocity, exported by Charlie",spain_1y_bbg_2026-10-05.xlsx
2011-12-30,2.815400,"Citi Velocity, exported by Charlie",spain_1y_bbg_2026-10-05.xlsx
2012-01-02,2.823500,"Citi Velocity, exported by Charlie",spain_1y_bbg_2026-10-05.xlsx
2012-01-03,2.657200,"Citi Velocity, exported by Charlie",spain_1y_bbg_2026-10-05.xlsx
2012-01-04,2.604200,"Citi Velocity, exported by Charlie",spain_1y_bbg_2026-10-05.xlsx
2012-01-05,2.630100,"Citi Velocity, exported by Charlie",spain_1y_bbg_2026-10-05.xlsx
2012-01-06,2.799200,"Citi Velocity, exported by Charlie",spain_1y_bbg_2026-10-05.xlsx
2012-01-09,2.732400,"Citi Velocity, exported by Charlie",spain_1y_bbg_2026-10-05.xlsx
2012-01-10,2.676000,"Citi Velocity, exported by Charlie",spain_1y_bbg_2026-10-05.xlsx
2012-01-11,2.282300,"Citi Velocity, exported by Charlie",spain_1y_bbg_2026-10-05.xlsx
2012-01-12,2.252200,"Citi Velocity, exported by Charlie",spain_1y_bbg_2026-10-05.xlsx
2012-01-13,2.248500,"Citi Velocity, exported by Charlie",spain_1y_bbg_2026-10-05.xlsx
2012-01-16,2.164800,"Citi Velocity, exported by Charlie",spain_1y_bbg_2026-10-05.xlsx
2012-01-17,2.137000,"Citi Velocity, exported by Charlie",spain_1y_bbg_2026-10-05.xlsx
2012-01-18,2.172000,"Citi Velocity, exported by Charlie",spain_1y_bbg_2026-10-05.xlsx
2012-01-19,2.330800,"Citi Velocity, exported by Charlie",spain_1y_bbg_2026-10-05.xlsx
2012-01-20,2.330500,"Citi Velocity, exported by Charlie",spain_1y_bbg_2026-10-05.xlsx
2012-01-23,2.301800,"Citi Velocity, exported by Charlie",spain_1y_bbg_2026-10-05.xlsx
2012-01-24,2.163100,"Citi Velocity, exported by Charlie",spain_1y_bbg_2026-10-05.xlsx
2012-01-25,2.061100,"Citi Velocity, exported by Charlie",spain_1y_bbg_2026-10-05.xlsx
2012-01-26,1.877800,"Citi Velocity, exported by Charlie",spain_1y_bbg_2026-10-05.xlsx
2012-01-27,1.748500,"Citi Velocity, exported by Charlie",spain_1y_bbg_2026-10-05.xlsx
2012-01-30,1.755600,"Citi Velocity, exported by Charlie",spain_1y_bbg_2026-10-05.xlsx
2012-01-31,1.699600,"Citi Velocity, exported by Charlie",spain_1y_bbg_2026-10-05.xlsx
2012-02-01,1.624800,"Citi Velocity, exported by Charlie",spain_1y_bbg_2026-10-05.xlsx
2012-02-02,1.673700,"Citi Velocity, exported by Charlie",spain_1y_bbg_2026-10-05.xlsx
2012-02-03,1.549800,"Citi Velocity, exported by Charlie",spain_1y_bbg_2026-10-05.xlsx
2012-02-06,1.567700,"Citi Velocity, exported by Charlie",spain_1y_bbg_2026-10-05.xlsx
2012-02-07,1.585700,"Citi Velocity, exported by Charlie",spain_1y_bbg_2026-10-05.xlsx
2012-02-08,1.649800,"Citi Velocity, exported by Charlie",spain_1y_bbg_2026-10-05.xlsx
2012-02-09,1.656200,"Citi Velocity, exported by Charlie",spain_1y_bbg_2026-10-05.xlsx
2012-02-10,1.579000,"Citi Velocity, exported by Charlie",spain_1y_bbg_2026-10-05.xlsx
2012-02-13,1.600200,"Citi Velocity, exported by Charlie",spain_1y_bbg_2026-10-05.xlsx
2012-02-14,1.599300,"Citi Velocity, exported by Charlie",spain_1y_bbg_2026-10-05.xlsx
2012-02-15,1.818100,"Citi Velocity, exported by Charlie",spain_1y_bbg_2026-10-05.xlsx
2012-02-16,1.895300,"Citi Velocity, exported by Charlie",spain_1y_bbg_2026-10-05.xlsx
2012-02-17,1.833100,"Citi Velocity, exported by Charlie",spain_1y_bbg_2026-10-05.xlsx
2012-02-20,1.791400,"Citi Velocity, exported by Charlie",spain_1y_bbg_2026-10-05.xlsx
2012-02-21,1.643000,"Citi Velocity, exported by Charlie",spain_1y_bbg_2026-10-05.xlsx
2012-02-22,1.655400,"Citi Velocity, exported by Charlie",spain_1y_bbg_2026-10-05.xlsx
2012-02-23,1.540800,"Citi Velocity, exported by Charlie",spain_1y_bbg_2026-10-05.xlsx
2012-02-24,1.542600,"Citi Velocity, exported by Charlie",spain_1y_bbg_2026-10-05.xlsx
2012-02-27,1.297400,"Citi Velocity, exported by Charlie",spain_1y_bbg_2026-10-05.xlsx
2012-02-28,1.258900,"Citi Velocity, exported by Charlie",spain_1y_bbg_2026-10-05.xlsx
2012-02-29,1.117800,"Citi Velocity, exported by Charlie",spain_1y_bbg_2026-10-05.xlsx
2012-03-01,1.019000,"Citi Velocity, exported by Charlie",spain_1y_bbg_2026-10-05.xlsx
2012-03-02,1.069700,"Citi Velocity, exported by Charlie",spain_1y_bbg_2026-10-05.xlsx
2012-03-05,1.192700,"Citi Velocity, exported by Charlie",spain_1y_bbg_2026-10-05.xlsx
2012-03-06,1.217600,"Citi Velocity, exported by Charlie",spain_1y_bbg_2026-10-05.xlsx
2012-03-07,1.218400,"Citi Velocity, exported by Charlie",spain_1y_bbg_2026-10-05.xlsx
2012-03-08,1.180500,"Citi Velocity, exported by Charlie",spain_1y_bbg_2026-10-05.xlsx
2012-03-09,1.181200,"Citi Velocity, exported by Charlie",spain_1y_bbg_2026-10-05.xlsx
2012-03-12,1.179200,"Citi Velocity, exported by Charlie",spain_1y_bbg_2026-10-05.xlsx
2012-03-13,1.259300,"Citi Velocity, exported by Charlie",spain_1y_bbg_2026-10-05.xlsx
2012-03-14,1.276700,"Citi Velocity, exported by Charlie",spain_1y_bbg_2026-10-05.xlsx
2012-03-15,1.257800,"Citi Velocity, exported by Charlie",spain_1y_bbg_2026-10-05.xlsx
2012-03-16,1.250400,"Citi Velocity, exported by Charlie",spain_1y_bbg_2026-10-05.xlsx
2012-03-19,1.240300,"Citi Velocity, exported by Charlie",spain_1y_bbg_2026-10-05.xlsx
2012-03-20,1.299900,"Citi Velocity, exported by Charlie",spain_1y_bbg_2026-10-05.xlsx
2012-03-21,1.499100,"Citi Velocity, exported by Charlie",spain_1y_bbg_2026-10-05.xlsx
2012-03-22,1.584500,"Citi Velocity, exported by Charlie",spain_1y_bbg_2026-10-05.xlsx
2012-03-23,1.613800,"Citi Velocity, exported by Charlie",spain_1y_bbg_2026-10-05.xlsx
2012-03-26,1.594700,"Citi Velocity, exported by Charlie",spain_1y_bbg_2026-10-05.xlsx
2012-03-27,1.588000,"Citi Velocity, exported by Charlie",spain_1y_bbg_2026-10-05.xlsx
2012-03-28,1.601700,"Citi Velocity, exported by Charlie",spain_1y_bbg_2026-10-05.xlsx
2012-03-29,1.702300,"Citi Velocity, exported by Charlie",spain_1y_bbg_2026-10-05.xlsx
2012-03-30,1.709100,"Citi Velocity, exported by Charlie",spain_1y_bbg_2026-10-05.xlsx
2012-04-02,1.701400,"Citi Velocity, exported by Charlie",spain_1y_bbg_2026-10-05.xlsx
2012-04-03,1.781900,"Citi Velocity, exported by Charlie",spain_1y_bbg_2026-10-05.xlsx
2012-04-04,1.922600,"Citi Velocity, exported by Charlie",spain_1y_bbg_2026-10-05.xlsx
2012-04-05,1.954200,"Citi Velocity, exported by Charlie",spain_1y_bbg_2026-10-05.xlsx
2012-04-10,2.122700,"Citi Velocity, exported by Charlie",spain_1y_bbg_2026-10-05.xlsx
2012-04-11,2.208200,"Citi Velocity, exported by Charlie",spain_1y_bbg_2026-10-05.xlsx
2012-04-12,2.324800,"Citi Velocity, exported by Charlie",spain_1y_bbg_2026-10-05.xlsx
2012-04-13,2.454000,"Citi Velocity, exported by Charlie",spain_1y_bbg_2026-10-05.xlsx
2012-04-16,2.645800,"Citi Velocity, exported by Charlie",spain_1y_bbg_2026-10-05.xlsx
2012-04-17,2.574900,"Citi Velocity, exported by Charlie",spain_1y_bbg_2026-10-05.xlsx
2012-04-18,2.633000,"Citi Velocity, exported by Charlie",spain_1y_bbg_2026-10-05.xlsx
2012-04-19,2.631400,"Citi Velocity, exported by Charlie",spain_1y_bbg_2026-10-05.xlsx
2012-04-20,2.638800,"Citi Velocity, exported by Charlie",spain_1y_bbg_2026-10-05.xlsx
2012-04-23,2.638100,"Citi Velocity, exported by Charlie",spain_1y_bbg_2026-10-05.xlsx
2012-04-24,2.674300,"Citi Velocity, exported by Charlie",spain_1y_bbg_2026-10-05.xlsx
2012-04-25,2.448200,"Citi Velocity, exported by Charlie",spain_1y_bbg_2026-10-05.xlsx
2012-04-26,2.447800,"Citi Velocity, exported by Charlie",spain_1y_bbg_2026-10-05.xlsx
2012-04-27,2.491500,"Citi Velocity, exported by Charlie",spain_1y_bbg_2026-10-05.xlsx
2012-04-30,2.399100,"Citi Velocity, exported by Charlie",spain_1y_bbg_2026-10-05.xlsx
2012-05-02,2.430000,"Citi Velocity, exported by Charlie",spain_1y_bbg_2026-10-05.xlsx
2012-05-03,2.412900,"Citi Velocity, exported by Charlie",spain_1y_bbg_2026-10-05.xlsx
2012-05-04,2.327500,"Citi Velocity, exported by Charlie",spain_1y_bbg_2026-10-05.xlsx
2012-05-07,2.394100,"Citi Velocity, exported by Charlie",spain_1y_bbg_2026-10-05.xlsx
2012-05-08,2.376400,"Citi Velocity, exported by Charlie",spain_1y_bbg_2026-10-05.xlsx
2012-05-09,2.520600,"Citi Velocity, exported by Charlie",spain_1y_bbg_2026-10-05.xlsx
2012-05-10,2.507000,"Citi Velocity, exported by Charlie",spain_1y_bbg_2026-10-05.xlsx
2012-05-11,2.519800,"Citi Velocity, exported by Charlie",spain_1y_bbg_2026-10-05.xlsx
2012-05-14,2.762200,"Citi Velocity, exported by Charlie",spain_1y_bbg_2026-10-05.xlsx
2012-05-15,3.101000,"Citi Velocity, exported by Charlie",spain_1y_bbg_2026-10-05.xlsx
2012-05-16,3.127600,"Citi Velocity, exported by Charlie",spain_1y_bbg_2026-10-05.xlsx
2012-05-17,3.251700,"Citi Velocity, exported by Charlie",spain_1y_bbg_2026-10-05.xlsx
2012-05-18,3.218200,"Citi Velocity, exported by Charlie",spain_1y_bbg_2026-10-05.xlsx
2012-05-21,3.296400,"Citi Velocity, exported by Charlie",spain_1y_bbg_2026-10-05.xlsx
2012-05-22,3.108100,"Citi Velocity, exported by Charlie",spain_1y_bbg_2026-10-05.xlsx
2012-05-23,3.239900,"Citi Velocity, exported by Charlie",spain_1y_bbg_2026-10-05.xlsx
2012-05-24,3.151200,"Citi Velocity, exported by Charlie",spain_1y_bbg_2026-10-05.xlsx
2012-05-25,3.127900,"Citi Velocity, exported by Charlie",spain_1y_bbg_2026-10-05.xlsx
2012-05-28,3.252300,"Citi Velocity, exported by Charlie",spain_1y_bbg_2026-10-05.xlsx
2012-05-29,3.418900,"Citi Velocity, exported by Charlie",spain_1y_bbg_2026-10-05.xlsx
2012-05-30,3.836500,"Citi Velocity, exported by Charlie",spain_1y_bbg_2026-10-05.xlsx
2012-05-31,3.834700,"Citi Velocity, exported by Charlie",spain_1y_bbg_2026-10-05.xlsx
2012-06-01,3.860900,"Citi Velocity, exported by Charlie",spain_1y_bbg_2026-10-05.xlsx
2012-06-04,3.860800,"Citi Velocity, exported by Charlie",spain_1y_bbg_2026-10-05.xlsx
2012-06-05,3.765200,"Citi Velocity, exported by Charlie",spain_1y_bbg_2026-10-05.xlsx
2012-06-06,3.599200,"Citi Velocity, exported by Charlie",spain_1y_bbg_2026-10-05.xlsx
2012-06-07,3.368000,"Citi Velocity, exported by Charlie",spain_1y_bbg_2026-10-05.xlsx
2012-06-08,3.361100,"Citi Velocity, exported by Charlie",spain_1y_bbg_2026-10-05.xlsx
2012-06-11,3.518400,"Citi Velocity, exported by Charlie",spain_1y_bbg_2026-10-05.xlsx
2012-06-12,3.726900,"Citi Velocity, exported by Charlie",spain_1y_bbg_2026-10-05.xlsx
2012-06-13,3.803500,"Citi Velocity, exported by Charlie",spain_1y_bbg_2026-10-05.xlsx
2012-06-14,3.941900,"Citi Velocity, exported by Charlie",spain_1y_bbg_2026-10-05.xlsx
2012-06-15,3.904600,"Citi Velocity, exported by Charlie",spain_1y_bbg_2026-10-05.xlsx
2012-06-18,4.132500,"Citi Velocity, exported by Charlie",spain_1y_bbg_2026-10-05.xlsx
2012-06-19,4.379900,"Citi Velocity, exported by Charlie",spain_1y_bbg_2026-10-05.xlsx
2012-06-20,4.376600,"Citi Velocity, exported by Charlie",spain_1y_bbg_2026-10-05.xlsx
2012-06-21,4.104100,"Citi Velocity, exported by Charlie",spain_1y_bbg_2026-10-05.xlsx
2012-06-22,3.980200,"Citi Velocity, exported by Charlie",spain_1y_bbg_2026-10-05.xlsx
2012-06-25,4.200700,"Citi Velocity, exported by Charlie",spain_1y_bbg_2026-10-05.xlsx
2012-06-26,4.237600,"Citi Velocity, exported by Charlie",spain_1y_bbg_2026-10-05.xlsx
2012-06-27,4.400300,"Citi Velocity, exported by Charlie",spain_1y_bbg_2026-10-05.xlsx
2012-06-28,4.651200,"Citi Velocity, exported by Charlie",spain_1y_bbg_2026-10-05.xlsx
2012-06-29,3.852000,"Citi Velocity, exported by Charlie",spain_1y_bbg_2026-10-05.xlsx
2012-07-02,3.489800,"Citi Velocity, exported by Charlie",spain_1y_bbg_2026-10-05.xlsx
2012-07-03,3.283200,"Citi Velocity, exported by Charlie",spain_1y_bbg_2026-10-05.xlsx
2012-07-04,3.248300,"Citi Velocity, exported by Charlie",spain_1y_bbg_2026-10-05.xlsx
2012-07-05,3.689000,"Citi Velocity, exported by Charlie",spain_1y_bbg_2026-10-05.xlsx
2012-07-06,3.886700,"Citi Velocity, exported by Charlie",spain_1y_bbg_2026-10-05.xlsx
2012-07-09,4.061300,"Citi Velocity, exported by Charlie",spain_1y_bbg_2026-10-05.xlsx
2012-07-10,3.856100,"Citi Velocity, exported by Charlie",spain_1y_bbg_2026-10-05.xlsx
2012-07-11,3.513100,"Citi Velocity, exported by Charlie",spain_1y_bbg_2026-10-05.xlsx
2012-07-12,3.672000,"Citi Velocity, exported by Charlie",spain_1y_bbg_2026-10-05.xlsx
2012-07-13,3.407200,"Citi Velocity, exported by Charlie",spain_1y_bbg_2026-10-05.xlsx
2012-07-16,3.661000,"Citi Velocity, exported by Charlie",spain_1y_bbg_2026-10-05.xlsx
2012-07-17,3.577900,"Citi Velocity, exported by Charlie",spain_1y_bbg_2026-10-05.xlsx
2012-07-18,3.966900,"Citi Velocity, exported by Charlie",spain_1y_bbg_2026-10-05.xlsx
2012-07-19,4.113200,"Citi Velocity, exported by Charlie",spain_1y_bbg_2026-10-05.xlsx
2012-07-20,4.364500,"Citi Velocity, exported by Charlie",spain_1y_bbg_2026-10-05.xlsx
2012-07-23,4.870300,"Citi Velocity, exported by Charlie",spain_1y_bbg_2026-10-05.xlsx
2012-07-24,4.908900,"Citi Velocity, exported by Charlie",spain_1y_bbg_2026-10-05.xlsx
2012-07-25,4.941000,"Citi Velocity, exported by Charlie",spain_1y_bbg_2026-10-05.xlsx
2012-07-26,4.303000,"Citi Velocity, exported by Charlie",spain_1y_bbg_2026-10-05.xlsx
2012-07-27,4.281400,"Citi Velocity, exported by Charlie",spain_1y_bbg_2026-10-05.xlsx
2012-07-30,3.627900,"Citi Velocity, exported by Charlie",spain_1y_bbg_2026-10-05.xlsx
2012-07-31,3.624000,"Citi Velocity, exported by Charlie",spain_1y_bbg_2026-10-05.xlsx
2012-08-01,3.584800,"Citi Velocity, exported by Charlie",spain_1y_bbg_2026-10-05.xlsx
2012-08-02,3.360800,"Citi Velocity, exported by Charlie",spain_1y_bbg_2026-10-05.xlsx
2012-08-03,2.781100,"Citi Velocity, exported by Charlie",spain_1y_bbg_2026-10-05.xlsx
2012-08-06,2.520400,"Citi Velocity, exported by Charlie",spain_1y_bbg_2026-10-05.xlsx
2012-08-07,2.613000,"Citi Velocity, exported by Charlie",spain_1y_bbg_2026-10-05.xlsx
2012-08-08,2.871500,"Citi Velocity, exported by Charlie",spain_1y_bbg_2026-10-05.xlsx
2012-08-09,2.874900,"Citi Velocity, exported by Charlie",spain_1y_bbg_2026-10-05.xlsx
2012-08-10,2.829700,"Citi Velocity, exported by Charlie",spain_1y_bbg_2026-10-05.xlsx
2012-08-13,2.967600,"Citi Velocity, exported by Charlie",spain_1y_bbg_2026-10-05.xlsx
2012-08-14,3.004300,"Citi Velocity, exported by Charlie",spain_1y_bbg_2026-10-05.xlsx
2012-08-15,2.996300,"Citi Velocity, exported by Charlie",spain_1y_bbg_2026-10-05.xlsx
2012-08-16,3.194600,"Citi Velocity, exported by Charlie",spain_1y_bbg_2026-10-05.xlsx
2012-08-17,3.115800,"Citi Velocity, exported by Charlie",spain_1y_bbg_2026-10-05.xlsx
2012-08-20,2.875200,"Citi Velocity, exported by Charlie",spain_1y_bbg_2026-10-05.xlsx
2012-08-21,2.815600,"Citi Velocity, exported by Charlie",spain_1y_bbg_2026-10-05.xlsx
2012-08-22,2.789000,"Citi Velocity, exported by Charlie",spain_1y_bbg_2026-10-05.xlsx
2012-08-23,2.776700,"Citi Velocity, exported by Charlie",spain_1y_bbg_2026-10-05.xlsx
2012-08-24,2.782400,"Citi Velocity, exported by Charlie",spain_1y_bbg_2026-10-05.xlsx
2012-08-27,2.811400,"Citi Velocity, exported by Charlie",spain_1y_bbg_2026-10-05.xlsx
2012-08-28,2.815200,"Citi Velocity, exported by Charlie",spain_1y_bbg_2026-10-05.xlsx
2012-08-29,2.779200,"Citi Velocity, exported by Charlie",spain_1y_bbg_2026-10-05.xlsx
2012-08-30,2.742900,"Citi Velocity, exported by Charlie",spain_1y_bbg_2026-10-05.xlsx
2012-08-31,2.701000,"Citi Velocity, exported by Charlie",spain_1y_bbg_2026-10-05.xlsx
2012-09-03,2.718600,"Citi Velocity, exported by Charlie",spain_1y_bbg_2026-10-05.xlsx
2012-09-04,2.488900,"Citi Velocity, exported by Charlie",spain_1y_bbg_2026-10-05.xlsx
2012-09-05,2.454800,"Citi Velocity, exported by Charlie",spain_1y_bbg_2026-10-05.xlsx
2012-09-06,2.424800,"Citi Velocity, exported by Charlie",spain_1y_bbg_2026-10-05.xlsx
2012-09-07,2.272500,"Citi Velocity, exported by Charlie",spain_1y_bbg_2026-10-05.xlsx
2012-09-10,2.270600,"Citi Velocity, exported by Charlie",spain_1y_bbg_2026-10-05.xlsx
2012-09-11,2.284000,"Citi Velocity, exported by Charlie",spain_1y_bbg_2026-10-05.xlsx
2012-09-12,2.200400,"Citi Velocity, exported by Charlie",spain_1y_bbg_2026-10-05.xlsx
2012-09-13,2.225000,"Citi Velocity, exported by Charlie",spain_1y_bbg_2026-10-05.xlsx
2012-09-14,2.263100,"Citi Velocity, exported by Charlie",spain_1y_bbg_2026-10-05.xlsx
2012-09-17,2.360100,"Citi Velocity, exported by Charlie",spain_1y_bbg_2026-10-05.xlsx
2012-09-18,2.374100,"Citi Velocity, exported by Charlie",spain_1y_bbg_2026-10-05.xlsx
2012-09-19,2.282800,"Citi Velocity, exported by Charlie",spain_1y_bbg_2026-10-05.xlsx
2012-09-20,2.321300,"Citi Velocity, exported by Charlie",spain_1y_bbg_2026-10-05.xlsx
2012-09-21,2.350800,"Citi Velocity, exported by Charlie",spain_1y_bbg_2026-10-05.xlsx
2012-09-24,2.320900,"Citi Velocity, exported by Charlie",spain_1y_bbg_2026-10-05.xlsx
2012-09-25,2.363600,"Citi Velocity, exported by Charlie",spain_1y_bbg_2026-10-05.xlsx
2012-09-26,2.626800,"Citi Velocity, exported by Charlie",spain_1y_bbg_2026-10-05.xlsx
2012-09-27,2.560200,"Citi Velocity, exported by Charlie",spain_1y_bbg_2026-10-05.xlsx
2012-09-28,2.572300,"Citi Velocity, exported by Charlie",spain_1y_bbg_2026-10-05.xlsx
2012-10-01,2.416000,"Citi Velocity, exported by Charlie",spain_1y_bbg_2026-10-05.xlsx
2012-10-02,2.356200,"Citi Velocity, exported by Charlie",spain_1y_bbg_2026-10-05.xlsx
2012-10-03,2.367600,"Citi Velocity, exported by Charlie",spain_1y_bbg_2026-10-05.xlsx
2012-10-04,2.382800,"Citi Velocity, exported by Charlie",spain_1y_bbg_2026-10-05.xlsx
2012-10-05,2.378000,"Citi Velocity, exported by Charlie",spain_1y_bbg_2026-10-05.xlsx
2012-10-08,2.356600,"Citi Velocity, exported by Charlie",spain_1y_bbg_2026-10-05.xlsx
2012-10-09,2.799500,"Citi Velocity, exported by Charlie",spain_1y_bbg_2026-10-05.xlsx
2012-10-10,2.802000,"Citi Velocity, exported by Charlie",spain_1y_bbg_2026-10-05.xlsx
2012-10-11,2.851200,"Citi Velocity, exported by Charlie",spain_1y_bbg_2026-10-05.xlsx
2012-10-12,2.807400,"Citi Velocity, exported by Charlie",spain_1y_bbg_2026-10-05.xlsx
2012-10-15,2.804300,"Citi Velocity, exported by Charlie",spain_1y_bbg_2026-10-05.xlsx
2012-10-16,2.703200,"Citi Velocity, exported by Charlie",spain_1y_bbg_2026-10-05.xlsx
2012-10-17,2.421700,"Citi Velocity, exported by Charlie",spain_1y_bbg_2026-10-05.xlsx
2012-10-18,2.421000,"Citi Velocity, exported by Charlie",spain_1y_bbg_2026-10-05.xlsx
2012-10-19,2.372600,"Citi Velocity, exported by Charlie",spain_1y_bbg_2026-10-05.xlsx
2012-10-22,2.381800,"Citi Velocity, exported by Charlie",spain_1y_bbg_2026-10-05.xlsx
2012-10-23,2.457100,"Citi Velocity, exported by Charlie",spain_1y_bbg_2026-10-05.xlsx
2012-10-24,2.535400,"Citi Velocity, exported by Charlie",spain_1y_bbg_2026-10-05.xlsx
2012-10-25,2.607900,"Citi Velocity, exported by Charlie",spain_1y_bbg_2026-10-05.xlsx
2012-10-26,2.620700,"Citi Velocity, exported by Charlie",spain_1y_bbg_2026-10-05.xlsx
2012-10-29,2.571400,"Citi Velocity, exported by Charlie",spain_1y_bbg_2026-10-05.xlsx
2012-10-30,2.535700,"Citi Velocity, exported by Charlie",spain_1y_bbg_2026-10-05.xlsx
2012-10-31,2.435000,"Citi Velocity, exported by Charlie",spain_1y_bbg_2026-10-05.xlsx
2012-11-01,2.434300,"Citi Velocity, exported by Charlie",spain_1y_bbg_2026-10-05.xlsx
2012-11-02,2.425000,"Citi Velocity, exported by Charlie",spain_1y_bbg_2026-10-05.xlsx
2012-11-05,2.500300,"Citi Velocity, exported by Charlie",spain_1y_bbg_2026-10-05.xlsx
2012-11-06,2.499400,"Citi Velocity, exported by Charlie",spain_1y_bbg_2026-10-05.xlsx
2012-11-07,2.550800,"Citi Velocity, exported by Charlie",spain_1y_bbg_2026-10-05.xlsx
2012-11-08,2.601000,"Citi Velocity, exported by Charlie",spain_1y_bbg_2026-10-05.xlsx
2012-11-09,2.589200,"Citi Velocity, exported by Charlie",spain_1y_bbg_2026-10-05.xlsx
2012-11-12,2.638800,"Citi Velocity, exported by Charlie",spain_1y_bbg_2026-10-05.xlsx
2012-11-13,2.655000,"Citi Velocity, exported by Charlie",spain_1y_bbg_2026-10-05.xlsx
2012-11-14,2.651700,"Citi Velocity, exported by Charlie",spain_1y_bbg_2026-10-05.xlsx
2012-11-15,2.644300,"Citi Velocity, exported by Charlie",spain_1y_bbg_2026-10-05.xlsx
2012-11-16,2.675000,"Citi Velocity, exported by Charlie",spain_1y_bbg_2026-10-05.xlsx
2012-11-19,2.746000,"Citi Velocity, exported by Charlie",spain_1y_bbg_2026-10-05.xlsx
2012-11-20,2.559600,"Citi Velocity, exported by Charlie",spain_1y_bbg_2026-10-05.xlsx
2012-11-21,2.647700,"Citi Velocity, exported by Charlie",spain_1y_bbg_2026-10-05.xlsx
2012-11-22,2.600700,"Citi Velocity, exported by Charlie",spain_1y_bbg_2026-10-05.xlsx
2012-11-23,2.508600,"Citi Velocity, exported by Charlie",spain_1y_bbg_2026-10-05.xlsx
2012-11-26,2.465900,"Citi Velocity, exported by Charlie",spain_1y_bbg_2026-10-05.xlsx
2012-11-27,2.351500,"Citi Velocity, exported by Charlie",spain_1y_bbg_2026-10-05.xlsx
2012-11-28,2.131600,"Citi Velocity, exported by Charlie",spain_1y_bbg_2026-10-05.xlsx
2012-11-29,2.133700,"Citi Velocity, exported by Charlie",spain_1y_bbg_2026-10-05.xlsx
2012-11-30,2.203600,"Citi Velocity, exported by Charlie",spain_1y_bbg_2026-10-05.xlsx
2012-12-03,2.185800,"Citi Velocity, exported by Charlie",spain_1y_bbg_2026-10-05.xlsx
2012-12-04,2.232200,"Citi Velocity, exported by Charlie",spain_1y_bbg_2026-10-05.xlsx
2012-12-05,2.303100,"Citi Velocity, exported by Charlie",spain_1y_bbg_2026-10-05.xlsx
2012-12-06,2.293200,"Citi Velocity, exported by Charlie",spain_1y_bbg_2026-10-05.xlsx
2012-12-07,2.411300,"Citi Velocity, exported by Charlie",spain_1y_bbg_2026-10-05.xlsx
2012-12-10,2.544400,"Citi Velocity, exported by Charlie",spain_1y_bbg_2026-10-05.xlsx
2012-12-11,2.441800,"Citi Velocity, exported by Charlie",spain_1y_bbg_2026-10-05.xlsx
2012-12-12,2.411300,"Citi Velocity, exported by Charlie",spain_1y_bbg_2026-10-05.xlsx
2012-12-13,2.392200,"Citi Velocity, exported by Charlie",spain_1y_bbg_2026-10-05.xlsx
2012-12-14,2.359400,"Citi Velocity, exported by Charlie",spain_1y_bbg_2026-10-05.xlsx
2012-12-17,2.334500,"Citi Velocity, exported by Charlie",spain_1y_bbg_2026-10-05.xlsx
2012-12-18,2.241100,"Citi Velocity, exported by Charlie",spain_1y_bbg_2026-10-05.xlsx
2012-12-19,2.176300,"Citi Velocity, exported by Charlie",spain_1y_bbg_2026-10-05.xlsx
2012-12-20,2.104600,"Citi Velocity, exported by Charlie",spain_1y_bbg_2026-10-05.xlsx
2012-12-21,2.119900,"Citi Velocity, exported by Charlie",spain_1y_bbg_2026-10-05.xlsx
2012-12-27,2.120200,"Citi Velocity, exported by Charlie",spain_1y_bbg_2026-10-05.xlsx
2012-12-28,2.099900,"Citi Velocity, exported by Charlie",spain_1y_bbg_2026-10-05.xlsx
2012-12-31,2.095100,"Citi Velocity, exported by Charlie",spain_1y_bbg_2026-10-05.xlsx
2013-01-02,1.801600,"Citi Velocity, exported by Charlie",spain_1y_bbg_2026-10-05.xlsx
2013-01-03,1.612500,"Citi Velocity, exported by Charlie",spain_1y_bbg_2026-10-05.xlsx
2013-01-04,1.510600,"Citi Velocity, exported by Charlie",spain_1y_bbg_2026-10-05.xlsx
2013-01-07,1.594600,"Citi Velocity, exported by Charlie",spain_1y_bbg_2026-10-05.xlsx
2013-01-08,1.549800,"Citi Velocity, exported by Charlie",spain_1y_bbg_2026-10-05.xlsx
2013-01-09,1.507600,"Citi Velocity, exported by Charlie",spain_1y_bbg_2026-10-05.xlsx
2013-01-10,1.338000,"Citi Velocity, exported by Charlie",spain_1y_bbg_2026-10-05.xlsx
2013-01-11,1.261500,"Citi Velocity, exported by Charlie",spain_1y_bbg_2026-10-05.xlsx
2013-01-14,1.329400,"Citi Velocity, exported by Charlie",spain_1y_bbg_2026-10-05.xlsx
2013-01-15,1.325000,"Citi Velocity, exported by Charlie",spain_1y_bbg_2026-10-05.xlsx
2013-01-16,1.502300,"Citi Velocity, exported by Charlie",spain_1y_bbg_2026-10-05.xlsx
2013-01-17,1.554300,"Citi Velocity, exported by Charlie",spain_1y_bbg_2026-10-05.xlsx
2013-01-18,1.556000,"Citi Velocity, exported by Charlie",spain_1y_bbg_2026-10-05.xlsx
2013-01-21,1.517300,"Citi Velocity, exported by Charlie",spain_1y_bbg_2026-10-05.xlsx
2013-01-22,1.460300,"Citi Velocity, exported by Charlie",spain_1y_bbg_2026-10-05.xlsx
2013-01-23,1.410900,"Citi Velocity, exported by Charlie",spain_1y_bbg_2026-10-05.xlsx
2013-01-24,1.366000,"Citi Velocity, exported by Charlie",spain_1y_bbg_2026-10-05.xlsx
2013-01-25,1.362000,"Citi Velocity, exported by Charlie",spain_1y_bbg_2026-10-05.xlsx
2013-01-28,1.350300,"Citi Velocity, exported by Charlie",spain_1y_bbg_2026-10-05.xlsx
2013-01-29,1.354100,"Citi Velocity, exported by Charlie",spain_1y_bbg_2026-10-05.xlsx
2013-01-30,1.376000,"Citi Velocity, exported by Charlie",spain_1y_bbg_2026-10-05.xlsx
2013-01-31,1.400900,"Citi Velocity, exported by Charlie",spain_1y_bbg_2026-10-05.xlsx
2013-02-01,1.373400,"Citi Velocity, exported by Charlie",spain_1y_bbg_2026-10-05.xlsx
2013-02-04,1.495900,"Citi Velocity, exported by Charlie",spain_1y_bbg_2026-10-05.xlsx
2013-02-05,1.486900,"Citi Velocity, exported by Charlie",spain_1y_bbg_2026-10-05.xlsx
2013-02-06,1.518500,"Citi Velocity, exported by Charlie",spain_1y_bbg_2026-10-05.xlsx
2013-02-07,1.504100,"Citi Velocity, exported by Charlie",spain_1y_bbg_2026-10-05.xlsx
2013-02-08,1.454800,"Citi Velocity, exported by Charlie",spain_1y_bbg_2026-10-05.xlsx
2013-02-11,1.472500,"Citi Velocity, exported by Charlie",spain_1y_bbg_2026-10-05.xlsx
2013-02-12,1.447100,"Citi Velocity, exported by Charlie",spain_1y_bbg_2026-10-05.xlsx
2013-02-13,1.492400,"Citi Velocity, exported by Charlie",spain_1y_bbg_2026-10-05.xlsx
2013-02-14,1.487000,"Citi Velocity, exported by Charlie",spain_1y_bbg_2026-10-05.xlsx
2013-02-15,1.420400,"Citi Velocity, exported by Charlie",spain_1y_bbg_2026-10-05.xlsx
2013-02-18,1.434400,"Citi Velocity, exported by Charlie",spain_1y_bbg_2026-10-05.xlsx
2013-02-19,1.385200,"Citi Velocity, exported by Charlie",spain_1y_bbg_2026-10-05.xlsx
2013-02-20,1.389000,"Citi Velocity, exported by Charlie",spain_1y_bbg_2026-10-05.xlsx
2013-02-21,1.400600,"Citi Velocity, exported by Charlie",spain_1y_bbg_2026-10-05.xlsx
2013-02-22,1.401900,"Citi Velocity, exported by Charlie",spain_1y_bbg_2026-10-05.xlsx
2013-02-25,1.377400,"Citi Velocity, exported by Charlie",spain_1y_bbg_2026-10-05.xlsx
2013-02-26,1.580600,"Citi Velocity, exported by Charlie",spain_1y_bbg_2026-10-05.xlsx
2013-02-27,1.546000,"Citi Velocity, exported by Charlie",spain_1y_bbg_2026-10-05.xlsx
2013-02-28,1.428300,"Citi Velocity, exported by Charlie",spain_1y_bbg_2026-10-05.xlsx
2013-03-01,1.387800,"Citi Velocity, exported by Charlie",spain_1y_bbg_2026-10-05.xlsx
2013-03-04,1.375900,"Citi Velocity, exported by Charlie",spain_1y_bbg_2026-10-05.xlsx
2013-03-05,1.364100,"Citi Velocity, exported by Charlie",spain_1y_bbg_2026-10-05.xlsx
2013-03-06,1.328400,"Citi Velocity, exported by Charlie",spain_1y_bbg_2026-10-05.xlsx
2013-03-07,1.323900,"Citi Velocity, exported by Charlie",spain_1y_bbg_2026-10-05.xlsx
2013-03-08,1.289800,"Citi Velocity, exported by Charlie",spain_1y_bbg_2026-10-05.xlsx
2013-03-11,1.319800,"Citi Velocity, exported by Charlie",spain_1y_bbg_2026-10-05.xlsx
2013-03-12,1.296800,"Citi Velocity, exported by Charlie",spain_1y_bbg_2026-10-05.xlsx
2013-03-13,1.393500,"Citi Velocity, exported by Charlie",spain_1y_bbg_2026-10-05.xlsx
2013-03-14,1.380600,"Citi Velocity, exported by Charlie",spain_1y_bbg_2026-10-05.xlsx
2013-03-15,1.353600,"Citi Velocity, exported by Charlie",spain_1y_bbg_2026-10-05.xlsx
2013-03-18,1.386700,"Citi Velocity, exported by Charlie",spain_1y_bbg_2026-10-05.xlsx
2013-03-19,1.444400,"Citi Velocity, exported by Charlie",spain_1y_bbg_2026-10-05.xlsx
2013-03-20,1.406900,"Citi Velocity, exported by Charlie",spain_1y_bbg_2026-10-05.xlsx
2013-03-21,1.349900,"Citi Velocity, exported by Charlie",spain_1y_bbg_2026-10-05.xlsx
2013-03-22,1.332800,"Citi Velocity, exported by Charlie",spain_1y_bbg_2026-10-05.xlsx
2013-03-25,1.393800,"Citi Velocity, exported by Charlie",spain_1y_bbg_2026-10-05.xlsx
2013-03-26,1.372000,"Citi Velocity, exported by Charlie",spain_1y_bbg_2026-10-05.xlsx
2013-03-27,1.408400,"Citi Velocity, exported by Charlie",spain_1y_bbg_2026-10-05.xlsx
2013-03-28,1.424800,"Citi Velocity, exported by Charlie",spain_1y_bbg_2026-10-05.xlsx
2013-04-02,1.369300,"Citi Velocity, exported by Charlie",spain_1y_bbg_2026-10-05.xlsx
2013-04-03,1.281200,"Citi Velocity, exported by Charlie",spain_1y_bbg_2026-10-05.xlsx
2013-04-04,1.255100,"Citi Velocity, exported by Charlie",spain_1y_bbg_2026-10-05.xlsx
2013-04-05,1.236000,"Citi Velocity, exported by Charlie",spain_1y_bbg_2026-10-05.xlsx
2013-04-08,1.187400,"Citi Velocity, exported by Charlie",spain_1y_bbg_2026-10-05.xlsx
2013-04-09,1.188700,"Citi Velocity, exported by Charlie",spain_1y_bbg_2026-10-05.xlsx
2013-04-10,1.148400,"Citi Velocity, exported by Charlie",spain_1y_bbg_2026-10-05.xlsx
2013-04-11,1.128400,"Citi Velocity, exported by Charlie",spain_1y_bbg_2026-10-05.xlsx
2013-04-12,1.134000,"Citi Velocity, exported by Charlie",spain_1y_bbg_2026-10-05.xlsx
2013-04-15,1.121400,"Citi Velocity, exported by Charlie",spain_1y_bbg_2026-10-05.xlsx
2013-04-16,1.106400,"Citi Velocity, exported by Charlie",spain_1y_bbg_2026-10-05.xlsx
2013-04-17,1.145300,"Citi Velocity, exported by Charlie",spain_1y_bbg_2026-10-05.xlsx
2013-04-18,1.147100,"Citi Velocity, exported by Charlie",spain_1y_bbg_2026-10-05.xlsx
2013-04-19,1.147300,"Citi Velocity, exported by Charlie",spain_1y_bbg_2026-10-05.xlsx
2013-04-22,1.081400,"Citi Velocity, exported by Charlie",spain_1y_bbg_2026-10-05.xlsx
2013-04-23,0.974000,"Citi Velocity, exported by Charlie",spain_1y_bbg_2026-10-05.xlsx
2013-04-24,1.014500,"Citi Velocity, exported by Charlie",spain_1y_bbg_2026-10-05.xlsx
2013-04-25,1.038300,"Citi Velocity, exported by Charlie",spain_1y_bbg_2026-10-05.xlsx
2013-04-26,1.032400,"Citi Velocity, exported by Charlie",spain_1y_bbg_2026-10-05.xlsx
2013-04-29,0.928400,"Citi Velocity, exported by Charlie",spain_1y_bbg_2026-10-05.xlsx
2013-04-30,0.915800,"Citi Velocity, exported by Charlie",spain_1y_bbg_2026-10-05.xlsx
2013-05-02,0.864900,"Citi Velocity, exported by Charlie",spain_1y_bbg_2026-10-05.xlsx
2013-05-03,0.752100,"Citi Velocity, exported by Charlie",spain_1y_bbg_2026-10-05.xlsx
2013-05-06,0.731400,"Citi Velocity, exported by Charlie",spain_1y_bbg_2026-10-05.xlsx
2013-05-07,0.752200,"Citi Velocity, exported by Charlie",spain_1y_bbg_2026-10-05.xlsx
2013-05-08,0.790300,"Citi Velocity, exported by Charlie",spain_1y_bbg_2026-10-05.xlsx
2013-05-09,0.843800,"Citi Velocity, exported by Charlie",spain_1y_bbg_2026-10-05.xlsx
2013-05-10,0.880500,"Citi Velocity, exported by Charlie",spain_1y_bbg_2026-10-05.xlsx
2013-05-13,0.932700,"Citi Velocity, exported by Charlie",spain_1y_bbg_2026-10-05.xlsx
2013-05-14,0.949200,"Citi Velocity, exported by Charlie",spain_1y_bbg_2026-10-05.xlsx
2013-05-15,1.004600,"Citi Velocity, exported by Charlie",spain_1y_bbg_2026-10-05.xlsx
2013-05-16,0.977300,"Citi Velocity, exported by Charlie",spain_1y_bbg_2026-10-05.xlsx
2013-05-17,0.916300,"Citi Velocity, exported by Charlie",spain_1y_bbg_2026-10-05.xlsx
2013-05-20,0.923000,"Citi Velocity, exported by Charlie",spain_1y_bbg_2026-10-05.xlsx
2013-05-21,0.917900,"Citi Velocity, exported by Charlie",spain_1y_bbg_2026-10-05.xlsx
2013-05-22,0.967700,"Citi Velocity, exported by Charlie",spain_1y_bbg_2026-10-05.xlsx
2013-05-23,1.040700,"Citi Velocity, exported by Charlie",spain_1y_bbg_2026-10-05.xlsx
2013-05-24,1.073300,"Citi Velocity, exported by Charlie",spain_1y_bbg_2026-10-05.xlsx
2013-05-27,1.056000,"Citi Velocity, exported by Charlie",spain_1y_bbg_2026-10-05.xlsx
2013-05-28,1.029700,"Citi Velocity, exported by Charlie",spain_1y_bbg_2026-10-05.xlsx
2013-05-29,1.092000,"Citi Velocity, exported by Charlie",spain_1y_bbg_2026-10-05.xlsx
2013-05-30,1.022600,"Citi Velocity, exported by Charlie",spain_1y_bbg_2026-10-05.xlsx
2013-05-31,1.067500,"Citi Velocity, exported by Charlie",spain_1y_bbg_2026-10-05.xlsx
2013-06-03,1.072100,"Citi Velocity, exported by Charlie",spain_1y_bbg_2026-10-05.xlsx
2013-06-04,1.023500,"Citi Velocity, exported by Charlie",spain_1y_bbg_2026-10-05.xlsx
2013-06-05,1.017400,"Citi Velocity, exported by Charlie",spain_1y_bbg_2026-10-05.xlsx
2013-06-06,1.080900,"Citi Velocity, exported by Charlie",spain_1y_bbg_2026-10-05.xlsx
2013-06-07,1.153500,"Citi Velocity, exported by Charlie",spain_1y_bbg_2026-10-05.xlsx
2013-06-10,1.141700,"Citi Velocity, exported by Charlie",spain_1y_bbg_2026-10-05.xlsx
2013-06-11,1.248300,"Citi Velocity, exported by Charlie",spain_1y_bbg_2026-10-05.xlsx
2013-06-12,1.196100,"Citi Velocity, exported by Charlie",spain_1y_bbg_2026-10-05.xlsx
2013-06-13,1.217400,"Citi Velocity, exported by Charlie",spain_1y_bbg_2026-10-05.xlsx
2013-06-14,1.260400,"Citi Velocity, exported by Charlie",spain_1y_bbg_2026-10-05.xlsx
2013-06-17,1.321600,"Citi Velocity, exported by Charlie",spain_1y_bbg_2026-10-05.xlsx
2013-06-18,1.357400,"Citi Velocity, exported by Charlie",spain_1y_bbg_2026-10-05.xlsx
2013-06-19,1.379900,"Citi Velocity, exported by Charlie",spain_1y_bbg_2026-10-05.xlsx
2013-06-20,1.500100,"Citi Velocity, exported by Charlie",spain_1y_bbg_2026-10-05.xlsx
2013-06-21,1.512600,"Citi Velocity, exported by Charlie",spain_1y_bbg_2026-10-05.xlsx
2013-06-24,1.652300,"Citi Velocity, exported by Charlie",spain_1y_bbg_2026-10-05.xlsx
2013-06-25,1.743200,"Citi Velocity, exported by Charlie",spain_1y_bbg_2026-10-05.xlsx
2013-06-26,1.642800,"Citi Velocity, exported by Charlie",spain_1y_bbg_2026-10-05.xlsx
2013-06-27,1.555000,"Citi Velocity, exported by Charlie",spain_1y_bbg_2026-10-05.xlsx
2013-06-28,1.514700,"Citi Velocity, exported by Charlie",spain_1y_bbg_2026-10-05.xlsx
2013-07-01,1.347100,"Citi Velocity, exported by Charlie",spain_1y_bbg_2026-10-05.xlsx
2013-07-02,1.263100,"Citi Velocity, exported by Charlie",spain_1y_bbg_2026-10-05.xlsx
2013-07-03,1.397600,"Citi Velocity, exported by Charlie",spain_1y_bbg_2026-10-05.xlsx
2013-07-04,1.267500,"Citi Velocity, exported by Charlie",spain_1y_bbg_2026-10-05.xlsx
2013-07-05,1.178500,"Citi Velocity, exported by Charlie",spain_1y_bbg_2026-10-05.xlsx
2013-07-08,1.147800,"Citi Velocity, exported by Charlie",spain_1y_bbg_2026-10-05.xlsx
2013-07-09,1.170900,"Citi Velocity, exported by Charlie",spain_1y_bbg_2026-10-05.xlsx
2013-07-10,1.300600,"Citi Velocity, exported by Charlie",spain_1y_bbg_2026-10-05.xlsx
2013-07-11,1.363100,"Citi Velocity, exported by Charlie",spain_1y_bbg_2026-10-05.xlsx
2013-07-12,1.380800,"Citi Velocity, exported by Charlie",spain_1y_bbg_2026-10-05.xlsx
2013-07-15,1.369500,"Citi Velocity, exported by Charlie",spain_1y_bbg_2026-10-05.xlsx
2013-07-16,1.357200,"Citi Velocity, exported by Charlie",spain_1y_bbg_2026-10-05.xlsx
2013-07-17,1.443500,"Citi Velocity, exported by Charlie",spain_1y_bbg_2026-10-05.xlsx
2013-07-18,1.344200,"Citi Velocity, exported by Charlie",spain_1y_bbg_2026-10-05.xlsx
2013-07-19,1.378800,"Citi Velocity, exported by Charlie",spain_1y_bbg_2026-10-05.xlsx
2013-07-22,1.333200,"Citi Velocity, exported by Charlie",spain_1y_bbg_2026-10-05.xlsx
2013-07-23,1.347300,"Citi Velocity, exported by Charlie",spain_1y_bbg_2026-10-05.xlsx
2013-07-24,1.342700,"Citi Velocity, exported by Charlie",spain_1y_bbg_2026-10-05.xlsx
2013-07-25,1.336900,"Citi Velocity, exported by Charlie",spain_1y_bbg_2026-10-05.xlsx
2013-07-26,1.219400,"Citi Velocity, exported by Charlie",spain_1y_bbg_2026-10-05.xlsx
2013-07-29,1.226500,"Citi Velocity, exported by Charlie",spain_1y_bbg_2026-10-05.xlsx
2013-07-30,1.199000,"Citi Velocity, exported by Charlie",spain_1y_bbg_2026-10-05.xlsx
2013-07-31,1.156100,"Citi Velocity, exported by Charlie",spain_1y_bbg_2026-10-05.xlsx
2013-08-01,1.144400,"Citi Velocity, exported by Charlie",spain_1y_bbg_2026-10-05.xlsx
2013-08-02,1.163600,"Citi Velocity, exported by Charlie",spain_1y_bbg_2026-10-05.xlsx
2013-08-05,1.170200,"Citi Velocity, exported by Charlie",spain_1y_bbg_2026-10-05.xlsx
2013-08-06,1.124900,"Citi Velocity, exported by Charlie",spain_1y_bbg_2026-10-05.xlsx
2013-08-07,1.132500,"Citi Velocity, exported by Charlie",spain_1y_bbg_2026-10-05.xlsx
2013-08-08,1.114900,"Citi Velocity, exported by Charlie",spain_1y_bbg_2026-10-05.xlsx
2013-08-09,1.113900,"Citi Velocity, exported by Charlie",spain_1y_bbg_2026-10-05.xlsx
2013-08-12,1.121000,"Citi Velocity, exported by Charlie",spain_1y_bbg_2026-10-05.xlsx
2013-08-13,1.118300,"Citi Velocity, exported by Charlie",spain_1y_bbg_2026-10-05.xlsx
2013-08-14,1.126000,"Citi Velocity, exported by Charlie",spain_1y_bbg_2026-10-05.xlsx
2013-08-15,1.156600,"Citi Velocity, exported by Charlie",spain_1y_bbg_2026-10-05.xlsx
2013-08-16,1.136800,"Citi Velocity, exported by Charlie",spain_1y_bbg_2026-10-05.xlsx
2013-08-19,1.179700,"Citi Velocity, exported by Charlie",spain_1y_bbg_2026-10-05.xlsx
2013-08-20,1.176000,"Citi Velocity, exported by Charlie",spain_1y_bbg_2026-10-05.xlsx
2013-08-21,1.256500,"Citi Velocity, exported by Charlie",spain_1y_bbg_2026-10-05.xlsx
2013-08-22,1.262800,"Citi Velocity, exported by Charlie",spain_1y_bbg_2026-10-05.xlsx
2013-08-23,1.217700,"Citi Velocity, exported by Charlie",spain_1y_bbg_2026-10-05.xlsx
2013-08-26,1.211300,"Citi Velocity, exported by Charlie",spain_1y_bbg_2026-10-05.xlsx
2013-08-27,1.224000,"Citi Velocity, exported by Charlie",spain_1y_bbg_2026-10-05.xlsx
2013-08-28,1.266100,"Citi Velocity, exported by Charlie",spain_1y_bbg_2026-10-05.xlsx
2013-08-29,1.259100,"Citi Velocity, exported by Charlie",spain_1y_bbg_2026-10-05.xlsx
2013-08-30,1.265800,"Citi Velocity, exported by Charlie",spain_1y_bbg_2026-10-05.xlsx
2013-09-02,1.259000,"Citi Velocity, exported by Charlie",spain_1y_bbg_2026-10-05.xlsx
2013-09-03,1.263100,"Citi Velocity, exported by Charlie",spain_1y_bbg_2026-10-05.xlsx
2013-09-04,1.249800,"Citi Velocity, exported by Charlie",spain_1y_bbg_2026-10-05.xlsx
2013-09-05,1.288800,"Citi Velocity, exported by Charlie",spain_1y_bbg_2026-10-05.xlsx
2013-09-06,1.256300,"Citi Velocity, exported by Charlie",spain_1y_bbg_2026-10-05.xlsx
2013-09-09,1.261000,"Citi Velocity, exported by Charlie",spain_1y_bbg_2026-10-05.xlsx
2013-09-10,1.234100,"Citi Velocity, exported by Charlie",spain_1y_bbg_2026-10-05.xlsx
2013-09-11,1.226900,"Citi Velocity, exported by Charlie",spain_1y_bbg_2026-10-05.xlsx
2013-09-12,1.218300,"Citi Velocity, exported by Charlie",spain_1y_bbg_2026-10-05.xlsx
2013-09-13,1.242000,"Citi Velocity, exported by Charlie",spain_1y_bbg_2026-10-05.xlsx
2013-09-16,1.296900,"Citi Velocity, exported by Charlie",spain_1y_bbg_2026-10-05.xlsx
2013-09-17,1.257000,"Citi Velocity, exported by Charlie",spain_1y_bbg_2026-10-05.xlsx
2013-09-18,1.270700,"Citi Velocity, exported by Charlie",spain_1y_bbg_2026-10-05.xlsx
2013-09-19,1.202500,"Citi Velocity, exported by Charlie",spain_1y_bbg_2026-10-05.xlsx
2013-09-20,1.172600,"Citi Velocity, exported by Charlie",spain_1y_bbg_2026-10-05.xlsx
2013-09-23,1.144100,"Citi Velocity, exported by Charlie",spain_1y_bbg_2026-10-05.xlsx
2013-09-24,1.131800,"Citi Velocity, exported by Charlie",spain_1y_bbg_2026-10-05.xlsx
2013-09-25,1.128300,"Citi Velocity, exported by Charlie",spain_1y_bbg_2026-10-05.xlsx
2013-09-26,1.157600,"Citi Velocity, exported by Charlie",spain_1y_bbg_2026-10-05.xlsx
2013-09-27,1.111900,"Citi Velocity, exported by Charlie",spain_1y_bbg_2026-10-05.xlsx
2013-09-30,1.090000,"Citi Velocity, exported by Charlie",spain_1y_bbg_2026-10-05.xlsx
2013-10-01,1.015100,"Citi Velocity, exported by Charlie",spain_1y_bbg_2026-10-05.xlsx
2013-10-02,0.993300,"Citi Velocity, exported by Charlie",spain_1y_bbg_2026-10-05.xlsx
2013-10-03,0.929500,"Citi Velocity, exported by Charlie",spain_1y_bbg_2026-10-05.xlsx
2013-10-04,0.889900,"Citi Velocity, exported by Charlie",spain_1y_bbg_2026-10-05.xlsx
2013-10-07,0.885500,"Citi Velocity, exported by Charlie",spain_1y_bbg_2026-10-05.xlsx
2013-10-08,0.934400,"Citi Velocity, exported by Charlie",spain_1y_bbg_2026-10-05.xlsx
2013-10-09,0.971900,"Citi Velocity, exported by Charlie",spain_1y_bbg_2026-10-05.xlsx
2013-10-10,0.949200,"Citi Velocity, exported by Charlie",spain_1y_bbg_2026-10-05.xlsx
2013-10-11,0.939600,"Citi Velocity, exported by Charlie",spain_1y_bbg_2026-10-05.xlsx
2013-10-14,0.947800,"Citi Velocity, exported by Charlie",spain_1y_bbg_2026-10-05.xlsx
2013-10-15,0.888600,"Citi Velocity, exported by Charlie",spain_1y_bbg_2026-10-05.xlsx
2013-10-16,0.926400,"Citi Velocity, exported by Charlie",spain_1y_bbg_2026-10-05.xlsx
2013-10-17,0.885300,"Citi Velocity, exported by Charlie",spain_1y_bbg_2026-10-05.xlsx
2013-10-18,0.847100,"Citi Velocity, exported by Charlie",spain_1y_bbg_2026-10-05.xlsx
2013-10-21,0.817400,"Citi Velocity, exported by Charlie",spain_1y_bbg_2026-10-05.xlsx
2013-10-22,0.799700,"Citi Velocity, exported by Charlie",spain_1y_bbg_2026-10-05.xlsx
2013-10-23,0.809600,"Citi Velocity, exported by Charlie",spain_1y_bbg_2026-10-05.xlsx
2013-10-24,0.848000,"Citi Velocity, exported by Charlie",spain_1y_bbg_2026-10-05.xlsx
2013-10-25,0.881000,"Citi Velocity, exported by Charlie",spain_1y_bbg_2026-10-05.xlsx
2013-10-28,0.876300,"Citi Velocity, exported by Charlie",spain_1y_bbg_2026-10-05.xlsx
2013-10-29,0.798500,"Citi Velocity, exported by Charlie",spain_1y_bbg_2026-10-05.xlsx
2013-10-30,0.791400,"Citi Velocity, exported by Charlie",spain_1y_bbg_2026-10-05.xlsx
2013-10-31,0.708200,"Citi Velocity, exported by Charlie",spain_1y_bbg_2026-10-05.xlsx
2013-11-01,0.670200,"Citi Velocity, exported by Charlie",spain_1y_bbg_2026-10-05.xlsx
2013-11-04,0.672100,"Citi Velocity, exported by Charlie",spain_1y_bbg_2026-10-05.xlsx
2013-11-05,0.738800,"Citi Velocity, exported by Charlie",spain_1y_bbg_2026-10-05.xlsx
2013-11-06,0.698400,"Citi Velocity, exported by Charlie",spain_1y_bbg_2026-10-05.xlsx
2013-11-07,0.567400,"Citi Velocity, exported by Charlie",spain_1y_bbg_2026-10-05.xlsx
2013-11-08,0.580900,"Citi Velocity, exported by Charlie",spain_1y_bbg_2026-10-05.xlsx
2013-11-11,0.590700,"Citi Velocity, exported by Charlie",spain_1y_bbg_2026-10-05.xlsx
2013-11-12,0.588100,"Citi Velocity, exported by Charlie",spain_1y_bbg_2026-10-05.xlsx
2013-11-13,0.581200,"Citi Velocity, exported by Charlie",spain_1y_bbg_2026-10-05.xlsx
2013-11-14,0.568400,"Citi Velocity, exported by Charlie",spain_1y_bbg_2026-10-05.xlsx
2013-11-15,0.577200,"Citi Velocity, exported by Charlie",spain_1y_bbg_2026-10-05.xlsx
2013-11-18,0.609200,"Citi Velocity, exported by Charlie",spain_1y_bbg_2026-10-05.xlsx
2013-11-19,0.627000,"Citi Velocity, exported by Charlie",spain_1y_bbg_2026-10-05.xlsx
2013-11-20,0.685200,"Citi Velocity, exported by Charlie",spain_1y_bbg_2026-10-05.xlsx
2013-11-21,0.671700,"Citi Velocity, exported by Charlie",spain_1y_bbg_2026-10-05.xlsx
2013-11-22,0.668900,"Citi Velocity, exported by Charlie",spain_1y_bbg_2026-10-05.xlsx
2013-11-25,0.674900,"Citi Velocity, exported by Charlie",spain_1y_bbg_2026-10-05.xlsx
2013-11-26,0.688000,"Citi Velocity, exported by Charlie",spain_1y_bbg_2026-10-05.xlsx
2013-11-27,0.732300,"Citi Velocity, exported by Charlie",spain_1y_bbg_2026-10-05.xlsx
2013-11-28,0.762800,"Citi Velocity, exported by Charlie",spain_1y_bbg_2026-10-05.xlsx
2013-11-29,0.763400,"Citi Velocity, exported by Charlie",spain_1y_bbg_2026-10-05.xlsx
2013-12-02,0.809700,"Citi Velocity, exported by Charlie",spain_1y_bbg_2026-10-05.xlsx
2013-12-03,0.818300,"Citi Velocity, exported by Charlie",spain_1y_bbg_2026-10-05.xlsx
2013-12-04,0.844100,"Citi Velocity, exported by Charlie",spain_1y_bbg_2026-10-05.xlsx
2013-12-05,0.880400,"Citi Velocity, exported by Charlie",spain_1y_bbg_2026-10-05.xlsx
2013-12-06,0.887200,"Citi Velocity, exported by Charlie",spain_1y_bbg_2026-10-05.xlsx
2013-12-09,0.885500,"Citi Velocity, exported by Charlie",spain_1y_bbg_2026-10-05.xlsx
2013-12-10,0.843400,"Citi Velocity, exported by Charlie",spain_1y_bbg_2026-10-05.xlsx
2013-12-11,0.865500,"Citi Velocity, exported by Charlie",spain_1y_bbg_2026-10-05.xlsx
2013-12-12,0.893000,"Citi Velocity, exported by Charlie",spain_1y_bbg_2026-10-05.xlsx
2013-12-13,0.865400,"Citi Velocity, exported by Charlie",spain_1y_bbg_2026-10-05.xlsx
2013-12-16,0.865800,"Citi Velocity, exported by Charlie",spain_1y_bbg_2026-10-05.xlsx
2013-12-17,0.920400,"Citi Velocity, exported by Charlie",spain_1y_bbg_2026-10-05.xlsx
2013-12-18,0.937400,"Citi Velocity, exported by Charlie",spain_1y_bbg_2026-10-05.xlsx
2013-12-19,0.918900,"Citi Velocity, exported by Charlie",spain_1y_bbg_2026-10-05.xlsx
2013-12-20,0.940700,"Citi Velocity, exported by Charlie",spain_1y_bbg_2026-10-05.xlsx
2013-12-23,0.940900,"Citi Velocity, exported by Charlie",spain_1y_bbg_2026-10-05.xlsx
2013-12-24,0.944300,"Citi Velocity, exported by Charlie",spain_1y_bbg_2026-10-05.xlsx
2013-12-27,0.941700,"Citi Velocity, exported by Charlie",spain_1y_bbg_2026-10-05.xlsx
2013-12-30,0.925400,"Citi Velocity, exported by Charlie",spain_1y_bbg_2026-10-05.xlsx
2013-12-31,0.949500,"Citi Velocity, exported by Charlie",spain_1y_bbg_2026-10-05.xlsx
2014-01-02,0.773800,"Citi Velocity, exported by Charlie",spain_1y_bbg_2026-10-05.xlsx
2014-01-03,0.711500,"Citi Velocity, exported by Charlie",spain_1y_bbg_2026-10-05.xlsx
2014-01-06,0.716300,"Citi Velocity, exported by Charlie",spain_1y_bbg_2026-10-05.xlsx
2014-01-07,0.682100,"Citi Velocity, exported by Charlie",spain_1y_bbg_2026-10-05.xlsx
2014-01-08,0.703200,"Citi Velocity, exported by Charlie",spain_1y_bbg_2026-10-05.xlsx
2014-01-09,0.672300,"Citi Velocity, exported by Charlie",spain_1y_bbg_2026-10-05.xlsx
2014-01-10,0.684200,"Citi Velocity, exported by Charlie",spain_1y_bbg_2026-10-05.xlsx
2014-01-13,0.685100,"Citi Velocity, exported by Charlie",spain_1y_bbg_2026-10-05.xlsx
2014-01-14,0.717600,"Citi Velocity, exported by Charlie",spain_1y_bbg_2026-10-05.xlsx
2014-01-15,0.704300,"Citi Velocity, exported by Charlie",spain_1y_bbg_2026-10-05.xlsx
2014-01-16,0.704000,"Citi Velocity, exported by Charlie",spain_1y_bbg_2026-10-05.xlsx
2014-01-17,0.722500,"Citi Velocity, exported by Charlie",spain_1y_bbg_2026-10-05.xlsx
2014-01-20,0.726400,"Citi Velocity, exported by Charlie",spain_1y_bbg_2026-10-05.xlsx
2014-01-21,0.696500,"Citi Velocity, exported by Charlie",spain_1y_bbg_2026-10-05.xlsx
2014-01-22,0.713700,"Citi Velocity, exported by Charlie",spain_1y_bbg_2026-10-05.xlsx
2014-01-23,0.722700,"Citi Velocity, exported by Charlie",spain_1y_bbg_2026-10-05.xlsx
2014-01-24,0.750100,"Citi Velocity, exported by Charlie",spain_1y_bbg_2026-10-05.xlsx
2014-01-27,0.740000,"Citi Velocity, exported by Charlie",spain_1y_bbg_2026-10-05.xlsx
2014-01-28,0.730800,"Citi Velocity, exported by Charlie",spain_1y_bbg_2026-10-05.xlsx
2014-01-29,0.726200,"Citi Velocity, exported by Charlie",spain_1y_bbg_2026-10-05.xlsx
2014-01-30,0.720000,"Citi Velocity, exported by Charlie",spain_1y_bbg_2026-10-05.xlsx
2014-01-31,0.687900,"Citi Velocity, exported by Charlie",spain_1y_bbg_2026-10-05.xlsx
2014-02-03,0.662400,"Citi Velocity, exported by Charlie",spain_1y_bbg_2026-10-05.xlsx
2014-02-04,0.647100,"Citi Velocity, exported by Charlie",spain_1y_bbg_2026-10-05.xlsx
2014-02-05,0.620900,"Citi Velocity, exported by Charlie",spain_1y_bbg_2026-10-05.xlsx
2014-02-06,0.638800,"Citi Velocity, exported by Charlie",spain_1y_bbg_2026-10-05.xlsx
2014-02-07,0.618000,"Citi Velocity, exported by Charlie",spain_1y_bbg_2026-10-05.xlsx
2014-02-10,0.606100,"Citi Velocity, exported by Charlie",spain_1y_bbg_2026-10-05.xlsx
2014-02-11,0.616300,"Citi Velocity, exported by Charlie",spain_1y_bbg_2026-10-05.xlsx
2014-02-12,0.632500,"Citi Velocity, exported by Charlie",spain_1y_bbg_2026-10-05.xlsx
2014-02-13,0.635400,"Citi Velocity, exported by Charlie",spain_1y_bbg_2026-10-05.xlsx
2014-02-14,0.610400,"Citi Velocity, exported by Charlie",spain_1y_bbg_2026-10-05.xlsx
2014-02-17,0.620300,"Citi Velocity, exported by Charlie",spain_1y_bbg_2026-10-05.xlsx
2014-02-18,0.575100,"Citi Velocity, exported by Charlie",spain_1y_bbg_2026-10-05.xlsx
2014-02-19,0.590000,"Citi Velocity, exported by Charlie",spain_1y_bbg_2026-10-05.xlsx
2014-02-20,0.583800,"Citi Velocity, exported by Charlie",spain_1y_bbg_2026-10-05.xlsx
2014-02-21,0.578300,"Citi Velocity, exported by Charlie",spain_1y_bbg_2026-10-05.xlsx
2014-02-24,0.576400,"Citi Velocity, exported by Charlie",spain_1y_bbg_2026-10-05.xlsx
2014-02-25,0.569900,"Citi Velocity, exported by Charlie",spain_1y_bbg_2026-10-05.xlsx
2014-02-26,0.555100,"Citi Velocity, exported by Charlie",spain_1y_bbg_2026-10-05.xlsx
2014-02-27,0.567000,"Citi Velocity, exported by Charlie",spain_1y_bbg_2026-10-05.xlsx
2014-02-28,0.557300,"Citi Velocity, exported by Charlie",spain_1y_bbg_2026-10-05.xlsx
2014-03-03,0.528400,"Citi Velocity, exported by Charlie",spain_1y_bbg_2026-10-05.xlsx
2014-03-04,0.519500,"Citi Velocity, exported by Charlie",spain_1y_bbg_2026-10-05.xlsx
2014-03-05,0.485700,"Citi Velocity, exported by Charlie",spain_1y_bbg_2026-10-05.xlsx
2014-03-06,0.508800,"Citi Velocity, exported by Charlie",spain_1y_bbg_2026-10-05.xlsx
2014-03-07,0.511800,"Citi Velocity, exported by Charlie",spain_1y_bbg_2026-10-05.xlsx
2014-03-10,0.495400,"Citi Velocity, exported by Charlie",spain_1y_bbg_2026-10-05.xlsx
2014-03-11,0.537500,"Citi Velocity, exported by Charlie",spain_1y_bbg_2026-10-05.xlsx
2014-03-12,0.575000,"Citi Velocity, exported by Charlie",spain_1y_bbg_2026-10-05.xlsx
2014-03-13,0.570200,"Citi Velocity, exported by Charlie",spain_1y_bbg_2026-10-05.xlsx
2014-03-14,0.583400,"Citi Velocity, exported by Charlie",spain_1y_bbg_2026-10-05.xlsx
2014-03-17,0.572800,"Citi Velocity, exported by Charlie",spain_1y_bbg_2026-10-05.xlsx
2014-03-18,0.566300,"Citi Velocity, exported by Charlie",spain_1y_bbg_2026-10-05.xlsx
2014-03-19,0.578100,"Citi Velocity, exported by Charlie",spain_1y_bbg_2026-10-05.xlsx
2014-03-20,0.589700,"Citi Velocity, exported by Charlie",spain_1y_bbg_2026-10-05.xlsx
2014-03-21,0.585200,"Citi Velocity, exported by Charlie",spain_1y_bbg_2026-10-05.xlsx
2014-03-24,0.583700,"Citi Velocity, exported by Charlie",spain_1y_bbg_2026-10-05.xlsx
2014-03-25,0.572900,"Citi Velocity, exported by Charlie",spain_1y_bbg_2026-10-05.xlsx
2014-03-26,0.573000,"Citi Velocity, exported by Charlie",spain_1y_bbg_2026-10-05.xlsx
2014-03-27,0.576900,"Citi Velocity, exported by Charlie",spain_1y_bbg_2026-10-05.xlsx
2014-03-28,0.582800,"Citi Velocity, exported by Charlie",spain_1y_bbg_2026-10-05.xlsx
2014-03-31,0.572300,"Citi Velocity, exported by Charlie",spain_1y_bbg_2026-10-05.xlsx
2014-04-01,0.580400,"Citi Velocity, exported by Charlie",spain_1y_bbg_2026-10-05.xlsx
2014-04-02,0.573000,"Citi Velocity, exported by Charlie",spain_1y_bbg_2026-10-05.xlsx
2014-04-03,0.547600,"Citi Velocity, exported by Charlie",spain_1y_bbg_2026-10-05.xlsx
2014-04-04,0.532000,"Citi Velocity, exported by Charlie",spain_1y_bbg_2026-10-05.xlsx
2014-04-07,0.537400,"Citi Velocity, exported by Charlie",spain_1y_bbg_2026-10-05.xlsx
2014-04-08,0.532500,"Citi Velocity, exported by Charlie",spain_1y_bbg_2026-10-05.xlsx
2014-04-09,0.533000,"Citi Velocity, exported by Charlie",spain_1y_bbg_2026-10-05.xlsx
2014-04-10,0.541600,"Citi Velocity, exported by Charlie",spain_1y_bbg_2026-10-05.xlsx
2014-04-11,0.574400,"Citi Velocity, exported by Charlie",spain_1y_bbg_2026-10-05.xlsx
2014-04-14,0.556600,"Citi Velocity, exported by Charlie",spain_1y_bbg_2026-10-05.xlsx
2014-04-15,0.531700,"Citi Velocity, exported by Charlie",spain_1y_bbg_2026-10-05.xlsx
2014-04-16,0.540800,"Citi Velocity, exported by Charlie",spain_1y_bbg_2026-10-05.xlsx
2014-04-17,0.544400,"Citi Velocity, exported by Charlie",spain_1y_bbg_2026-10-05.xlsx
2014-04-22,0.537200,"Citi Velocity, exported by Charlie",spain_1y_bbg_2026-10-05.xlsx
2014-04-23,0.536100,"Citi Velocity, exported by Charlie",spain_1y_bbg_2026-10-05.xlsx
2014-04-24,0.554900,"Citi Velocity, exported by Charlie",spain_1y_bbg_2026-10-05.xlsx
2014-04-25,0.552800,"Citi Velocity, exported by Charlie",spain_1y_bbg_2026-10-05.xlsx
2014-04-28,0.562800,"Citi Velocity, exported by Charlie",spain_1y_bbg_2026-10-05.xlsx
2014-04-29,0.540700,"Citi Velocity, exported by Charlie",spain_1y_bbg_2026-10-05.xlsx
2014-04-30,0.549700,"Citi Velocity, exported by Charlie",spain_1y_bbg_2026-10-05.xlsx
2014-05-02,0.549700,"Citi Velocity, exported by Charlie",spain_1y_bbg_2026-10-05.xlsx
2014-05-05,0.545400,"Citi Velocity, exported by Charlie",spain_1y_bbg_2026-10-05.xlsx
2014-05-06,0.534100,"Citi Velocity, exported by Charlie",spain_1y_bbg_2026-10-05.xlsx
2014-05-07,0.534100,"Citi Velocity, exported by Charlie",spain_1y_bbg_2026-10-05.xlsx
2014-05-08,0.528000,"Citi Velocity, exported by Charlie",spain_1y_bbg_2026-10-05.xlsx
2014-05-09,0.544900,"Citi Velocity, exported by Charlie",spain_1y_bbg_2026-10-05.xlsx
2014-05-12,0.563000,"Citi Velocity, exported by Charlie",spain_1y_bbg_2026-10-05.xlsx
2014-05-13,0.546500,"Citi Velocity, exported by Charlie",spain_1y_bbg_2026-10-05.xlsx
2014-05-14,0.558500,"Citi Velocity, exported by Charlie",spain_1y_bbg_2026-10-05.xlsx
2014-05-15,0.589800,"Citi Velocity, exported by Charlie",spain_1y_bbg_2026-10-05.xlsx
2014-05-16,0.611200,"Citi Velocity, exported by Charlie",spain_1y_bbg_2026-10-05.xlsx
2014-05-19,0.618500,"Citi Velocity, exported by Charlie",spain_1y_bbg_2026-10-05.xlsx
2014-05-20,0.636000,"Citi Velocity, exported by Charlie",spain_1y_bbg_2026-10-05.xlsx
2014-05-21,0.606100,"Citi Velocity, exported by Charlie",spain_1y_bbg_2026-10-05.xlsx
2014-05-22,0.596400,"Citi Velocity, exported by Charlie",spain_1y_bbg_2026-10-05.xlsx
2014-05-23,0.598000,"Citi Velocity, exported by Charlie",spain_1y_bbg_2026-10-05.xlsx
2014-05-26,0.550600,"Citi Velocity, exported by Charlie",spain_1y_bbg_2026-10-05.xlsx
2014-05-27,0.535100,"Citi Velocity, exported by Charlie",spain_1y_bbg_2026-10-05.xlsx
2014-05-28,0.512700,"Citi Velocity, exported by Charlie",spain_1y_bbg_2026-10-05.xlsx
2014-05-29,0.496200,"Citi Velocity, exported by Charlie",spain_1y_bbg_2026-10-05.xlsx
2014-05-30,0.494000,"Citi Velocity, exported by Charlie",spain_1y_bbg_2026-10-05.xlsx
2014-06-02,0.491200,"Citi Velocity, exported by Charlie",spain_1y_bbg_2026-10-05.xlsx
2014-06-03,0.484100,"Citi Velocity, exported by Charlie",spain_1y_bbg_2026-10-05.xlsx
2014-06-04,0.479700,"Citi Velocity, exported by Charlie",spain_1y_bbg_2026-10-05.xlsx
2014-06-05,0.394800,"Citi Velocity, exported by Charlie",spain_1y_bbg_2026-10-05.xlsx
2014-06-06,0.358600,"Citi Velocity, exported by Charlie",spain_1y_bbg_2026-10-05.xlsx
2014-06-09,0.367700,"Citi Velocity, exported by Charlie",spain_1y_bbg_2026-10-05.xlsx
2014-06-10,0.374700,"Citi Velocity, exported by Charlie",spain_1y_bbg_2026-10-05.xlsx
2014-06-11,0.355300,"Citi Velocity, exported by Charlie",spain_1y_bbg_2026-10-05.xlsx
2014-06-12,0.325800,"Citi Velocity, exported by Charlie",spain_1y_bbg_2026-10-05.xlsx
2014-06-13,0.307700,"Citi Velocity, exported by Charlie",spain_1y_bbg_2026-10-05.xlsx
2014-06-16,0.337700,"Citi Velocity, exported by Charlie",spain_1y_bbg_2026-10-05.xlsx
2014-06-17,0.384300,"Citi Velocity, exported by Charlie",spain_1y_bbg_2026-10-05.xlsx
2014-06-18,0.380800,"Citi Velocity, exported by Charlie",spain_1y_bbg_2026-10-05.xlsx
2014-06-19,0.369400,"Citi Velocity, exported by Charlie",spain_1y_bbg_2026-10-05.xlsx
2014-06-20,0.368400,"Citi Velocity, exported by Charlie",spain_1y_bbg_2026-10-05.xlsx
2014-06-23,0.364800,"Citi Velocity, exported by Charlie",spain_1y_bbg_2026-10-05.xlsx
2014-06-24,0.343100,"Citi Velocity, exported by Charlie",spain_1y_bbg_2026-10-05.xlsx
2014-06-25,0.334900,"Citi Velocity, exported by Charlie",spain_1y_bbg_2026-10-05.xlsx
2014-06-26,0.319800,"Citi Velocity, exported by Charlie",spain_1y_bbg_2026-10-05.xlsx
2014-06-27,0.313000,"Citi Velocity, exported by Charlie",spain_1y_bbg_2026-10-05.xlsx
2014-06-30,0.292800,"Citi Velocity, exported by Charlie",spain_1y_bbg_2026-10-05.xlsx
2014-07-01,0.284400,"Citi Velocity, exported by Charlie",spain_1y_bbg_2026-10-05.xlsx
2014-07-02,0.275900,"Citi Velocity, exported by Charlie",spain_1y_bbg_2026-10-05.xlsx
2014-07-03,0.265200,"Citi Velocity, exported by Charlie",spain_1y_bbg_2026-10-05.xlsx
2014-07-04,0.262300,"Citi Velocity, exported by Charlie",spain_1y_bbg_2026-10-05.xlsx
2014-07-07,0.240600,"Citi Velocity, exported by Charlie",spain_1y_bbg_2026-10-05.xlsx
2014-07-08,0.239700,"Citi Velocity, exported by Charlie",spain_1y_bbg_2026-10-05.xlsx
2014-07-09,0.239300,"Citi Velocity, exported by Charlie",spain_1y_bbg_2026-10-05.xlsx
2014-07-10,0.252100,"Citi Velocity, exported by Charlie",spain_1y_bbg_2026-10-05.xlsx
2014-07-11,0.246400,"Citi Velocity, exported by Charlie",spain_1y_bbg_2026-10-05.xlsx
2014-07-14,0.259500,"Citi Velocity, exported by Charlie",spain_1y_bbg_2026-10-05.xlsx
2014-07-15,0.254300,"Citi Velocity, exported by Charlie",spain_1y_bbg_2026-10-05.xlsx
2014-07-16,0.275700,"Citi Velocity, exported by Charlie",spain_1y_bbg_2026-10-05.xlsx
2014-07-17,0.263000,"Citi Velocity, exported by Charlie",spain_1y_bbg_2026-10-05.xlsx
2014-07-18,0.269200,"Citi Velocity, exported by Charlie",spain_1y_bbg_2026-10-05.xlsx
2014-07-21,0.269500,"Citi Velocity, exported by Charlie",spain_1y_bbg_2026-10-05.xlsx
2014-07-22,0.250500,"Citi Velocity, exported by Charlie",spain_1y_bbg_2026-10-05.xlsx
2014-07-23,0.244100,"Citi Velocity, exported by Charlie",spain_1y_bbg_2026-10-05.xlsx
2014-07-24,0.236000,"Citi Velocity, exported by Charlie",spain_1y_bbg_2026-10-05.xlsx
2014-07-25,0.231500,"Citi Velocity, exported by Charlie",spain_1y_bbg_2026-10-05.xlsx
2014-07-28,0.204400,"Citi Velocity, exported by Charlie",spain_1y_bbg_2026-10-05.xlsx
2014-07-29,0.184400,"Citi Velocity, exported by Charlie",spain_1y_bbg_2026-10-05.xlsx
2014-07-30,0.183900,"Citi Velocity, exported by Charlie",spain_1y_bbg_2026-10-05.xlsx
2014-07-31,0.176200,"Citi Velocity, exported by Charlie",spain_1y_bbg_2026-10-05.xlsx
2014-08-01,0.188100,"Citi Velocity, exported by Charlie",spain_1y_bbg_2026-10-05.xlsx
2014-08-04,0.122800,"Citi Velocity, exported by Charlie",spain_1y_bbg_2026-10-05.xlsx
2014-08-05,0.118400,"Citi Velocity, exported by Charlie",spain_1y_bbg_2026-10-05.xlsx
2014-08-06,0.116100,"Citi Velocity, exported by Charlie",spain_1y_bbg_2026-10-05.xlsx
2014-08-07,0.115000,"Citi Velocity, exported by Charlie",spain_1y_bbg_2026-10-05.xlsx
2014-08-08,0.119100,"Citi Velocity, exported by Charlie",spain_1y_bbg_2026-10-05.xlsx
2014-08-11,0.109800,"Citi Velocity, exported by Charlie",spain_1y_bbg_2026-10-05.xlsx
2014-08-12,0.106400,"Citi Velocity, exported by Charlie",spain_1y_bbg_2026-10-05.xlsx
2014-08-13,0.115800,"Citi Velocity, exported by Charlie",spain_1y_bbg_2026-10-05.xlsx
2014-08-14,0.114700,"Citi Velocity, exported by Charlie",spain_1y_bbg_2026-10-05.xlsx
2014-08-15,0.116200,"Citi Velocity, exported by Charlie",spain_1y_bbg_2026-10-05.xlsx
2014-08-18,0.117600,"Citi Velocity, exported by Charlie",spain_1y_bbg_2026-10-05.xlsx
2014-08-19,0.130500,"Citi Velocity, exported by Charlie",spain_1y_bbg_2026-10-05.xlsx
2014-08-20,0.170900,"Citi Velocity, exported by Charlie",spain_1y_bbg_2026-10-05.xlsx
2014-08-21,0.165800,"Citi Velocity, exported by Charlie",spain_1y_bbg_2026-10-05.xlsx
2014-08-22,0.166800,"Citi Velocity, exported by Charlie",spain_1y_bbg_2026-10-05.xlsx
2014-08-25,0.136600,"Citi Velocity, exported by Charlie",spain_1y_bbg_2026-10-05.xlsx
2014-08-26,0.141000,"Citi Velocity, exported by Charlie",spain_1y_bbg_2026-10-05.xlsx
2014-08-27,0.154500,"Citi Velocity, exported by Charlie",spain_1y_bbg_2026-10-05.xlsx
2014-08-28,0.181900,"Citi Velocity, exported by Charlie",spain_1y_bbg_2026-10-05.xlsx
2014-08-29,0.170600,"Citi Velocity, exported by Charlie",spain_1y_bbg_2026-10-05.xlsx
2014-09-01,0.172600,"Citi Velocity, exported by Charlie",spain_1y_bbg_2026-10-05.xlsx
2014-09-02,0.178800,"Citi Velocity, exported by Charlie",spain_1y_bbg_2026-10-05.xlsx
2014-09-03,0.174600,"Citi Velocity, exported by Charlie",spain_1y_bbg_2026-10-05.xlsx
2014-09-04,0.112700,"Citi Velocity, exported by Charlie",spain_1y_bbg_2026-10-05.xlsx
2014-09-05,0.100000,"Citi Velocity, exported by Charlie",spain_1y_bbg_2026-10-05.xlsx
2014-09-08,0.107100,"Citi Velocity, exported by Charlie",spain_1y_bbg_2026-10-05.xlsx
2014-09-09,0.147800,"Citi Velocity, exported by Charlie",spain_1y_bbg_2026-10-05.xlsx
2014-09-10,0.157700,"Citi Velocity, exported by Charlie",spain_1y_bbg_2026-10-05.xlsx
2014-09-11,0.149500,"Citi Velocity, exported by Charlie",spain_1y_bbg_2026-10-05.xlsx
2014-09-12,0.177100,"Citi Velocity, exported by Charlie",spain_1y_bbg_2026-10-05.xlsx
2014-09-15,0.188900,"Citi Velocity, exported by Charlie",spain_1y_bbg_2026-10-05.xlsx
2014-09-16,0.191000,"Citi Velocity, exported by Charlie",spain_1y_bbg_2026-10-05.xlsx
2014-09-17,0.196200,"Citi Velocity, exported by Charlie",spain_1y_bbg_2026-10-05.xlsx
2014-09-18,0.186800,"Citi Velocity, exported by Charlie",spain_1y_bbg_2026-10-05.xlsx
2014-09-19,0.171300,"Citi Velocity, exported by Charlie",spain_1y_bbg_2026-10-05.xlsx
2014-09-22,0.183300,"Citi Velocity, exported by Charlie",spain_1y_bbg_2026-10-05.xlsx
2014-09-23,0.197000,"Citi Velocity, exported by Charlie",spain_1y_bbg_2026-10-05.xlsx
2014-09-24,0.200100,"Citi Velocity, exported by Charlie",spain_1y_bbg_2026-10-05.xlsx
2014-09-25,0.195600,"Citi Velocity, exported by Charlie",spain_1y_bbg_2026-10-05.xlsx
2014-09-26,0.199800,"Citi Velocity, exported by Charlie",spain_1y_bbg_2026-10-05.xlsx
2014-09-29,0.214700,"Citi Velocity, exported by Charlie",spain_1y_bbg_2026-10-05.xlsx
2014-09-30,0.211200,"Citi Velocity, exported by Charlie",spain_1y_bbg_2026-10-05.xlsx
2014-10-01,0.194800,"Citi Velocity, exported by Charlie",spain_1y_bbg_2026-10-05.xlsx
2014-10-02,0.191800,"Citi Velocity, exported by Charlie",spain_1y_bbg_2026-10-05.xlsx
2014-10-03,0.191300,"Citi Velocity, exported by Charlie",spain_1y_bbg_2026-10-05.xlsx
2014-10-06,0.182400,"Citi Velocity, exported by Charlie",spain_1y_bbg_2026-10-05.xlsx
2014-10-07,0.216600,"Citi Velocity, exported by Charlie",spain_1y_bbg_2026-10-05.xlsx
2014-10-08,0.243500,"Citi Velocity, exported by Charlie",spain_1y_bbg_2026-10-05.xlsx
2014-10-09,0.242500,"Citi Velocity, exported by Charlie",spain_1y_bbg_2026-10-05.xlsx
2014-10-10,0.253900,"Citi Velocity, exported by Charlie",spain_1y_bbg_2026-10-05.xlsx
2014-10-13,0.265300,"Citi Velocity, exported by Charlie",spain_1y_bbg_2026-10-05.xlsx
2014-10-14,0.265600,"Citi Velocity, exported by Charlie",spain_1y_bbg_2026-10-05.xlsx
2014-10-15,0.275500,"Citi Velocity, exported by Charlie",spain_1y_bbg_2026-10-05.xlsx
2014-10-16,0.355500,"Citi Velocity, exported by Charlie",spain_1y_bbg_2026-10-05.xlsx
2014-10-17,0.324300,"Citi Velocity, exported by Charlie",spain_1y_bbg_2026-10-05.xlsx
2014-10-20,0.343400,"Citi Velocity, exported by Charlie",spain_1y_bbg_2026-10-05.xlsx
2014-10-21,0.372600,"Citi Velocity, exported by Charlie",spain_1y_bbg_2026-10-05.xlsx
2014-10-22,0.356900,"Citi Velocity, exported by Charlie",spain_1y_bbg_2026-10-05.xlsx
2014-10-23,0.371800,"Citi Velocity, exported by Charlie",spain_1y_bbg_2026-10-05.xlsx
2014-10-24,0.353700,"Citi Velocity, exported by Charlie",spain_1y_bbg_2026-10-05.xlsx
2014-10-27,0.350500,"Citi Velocity, exported by Charlie",spain_1y_bbg_2026-10-05.xlsx
2014-10-28,0.356100,"Citi Velocity, exported by Charlie",spain_1y_bbg_2026-10-05.xlsx
2014-10-29,0.352500,"Citi Velocity, exported by Charlie",spain_1y_bbg_2026-10-05.xlsx
2014-10-30,0.348900,"Citi Velocity, exported by Charlie",spain_1y_bbg_2026-10-05.xlsx
2014-10-31,0.335900,"Citi Velocity, exported by Charlie",spain_1y_bbg_2026-10-05.xlsx
2014-11-03,0.312100,"Citi Velocity, exported by Charlie",spain_1y_bbg_2026-10-05.xlsx
2014-11-04,0.271900,"Citi Velocity, exported by Charlie",spain_1y_bbg_2026-10-05.xlsx
2014-11-05,0.284500,"Citi Velocity, exported by Charlie",spain_1y_bbg_2026-10-05.xlsx
2014-11-06,0.273400,"Citi Velocity, exported by Charlie",spain_1y_bbg_2026-10-05.xlsx
2014-11-07,0.255200,"Citi Velocity, exported by Charlie",spain_1y_bbg_2026-10-05.xlsx
2014-11-10,0.270000,"Citi Velocity, exported by Charlie",spain_1y_bbg_2026-10-05.xlsx
2014-11-11,0.246500,"Citi Velocity, exported by Charlie",spain_1y_bbg_2026-10-05.xlsx
2014-11-12,0.254300,"Citi Velocity, exported by Charlie",spain_1y_bbg_2026-10-05.xlsx
2014-11-13,0.271300,"Citi Velocity, exported by Charlie",spain_1y_bbg_2026-10-05.xlsx
2014-11-14,0.268500,"Citi Velocity, exported by Charlie",spain_1y_bbg_2026-10-05.xlsx
2014-11-17,0.276400,"Citi Velocity, exported by Charlie",spain_1y_bbg_2026-10-05.xlsx
2014-11-18,0.297000,"Citi Velocity, exported by Charlie",spain_1y_bbg_2026-10-05.xlsx
2014-11-19,0.336900,"Citi Velocity, exported by Charlie",spain_1y_bbg_2026-10-05.xlsx
2014-11-20,0.314100,"Citi Velocity, exported by Charlie",spain_1y_bbg_2026-10-05.xlsx
2014-11-21,0.302900,"Citi Velocity, exported by Charlie",spain_1y_bbg_2026-10-05.xlsx
2014-11-24,0.295700,"Citi Velocity, exported by Charlie",spain_1y_bbg_2026-10-05.xlsx
2014-11-25,0.313700,"Citi Velocity, exported by Charlie",spain_1y_bbg_2026-10-05.xlsx
2014-11-26,0.323200,"Citi Velocity, exported by Charlie",spain_1y_bbg_2026-10-05.xlsx
2014-11-27,0.317300,"Citi Velocity, exported by Charlie",spain_1y_bbg_2026-10-05.xlsx
2014-11-28,0.326900,"Citi Velocity, exported by Charlie",spain_1y_bbg_2026-10-05.xlsx
2014-12-01,0.327300,"Citi Velocity, exported by Charlie",spain_1y_bbg_2026-10-05.xlsx
2014-12-02,0.327700,"Citi Velocity, exported by Charlie",spain_1y_bbg_2026-10-05.xlsx
2014-12-03,0.311100,"Citi Velocity, exported by Charlie",spain_1y_bbg_2026-10-05.xlsx
2014-12-04,0.321600,"Citi Velocity, exported by Charlie",spain_1y_bbg_2026-10-05.xlsx
2014-12-05,0.318300,"Citi Velocity, exported by Charlie",spain_1y_bbg_2026-10-05.xlsx
2014-12-08,0.319200,"Citi Velocity, exported by Charlie",spain_1y_bbg_2026-10-05.xlsx
2014-12-09,0.333300,"Citi Velocity, exported by Charlie",spain_1y_bbg_2026-10-05.xlsx
2014-12-10,0.378800,"Citi Velocity, exported by Charlie",spain_1y_bbg_2026-10-05.xlsx
2014-12-11,0.363300,"Citi Velocity, exported by Charlie",spain_1y_bbg_2026-10-05.xlsx
2014-12-12,0.367300,"Citi Velocity, exported by Charlie",spain_1y_bbg_2026-10-05.xlsx
2014-12-15,0.380500,"Citi Velocity, exported by Charlie",spain_1y_bbg_2026-10-05.xlsx
2014-12-16,0.389200,"Citi Velocity, exported by Charlie",spain_1y_bbg_2026-10-05.xlsx
2014-12-17,0.383100,"Citi Velocity, exported by Charlie",spain_1y_bbg_2026-10-05.xlsx
2014-12-18,0.362300,"Citi Velocity, exported by Charlie",spain_1y_bbg_2026-10-05.xlsx
2014-12-19,0.351000,"Citi Velocity, exported by Charlie",spain_1y_bbg_2026-10-05.xlsx
2014-12-22,0.316000,"Citi Velocity, exported by Charlie",spain_1y_bbg_2026-10-05.xlsx
2014-12-23,0.299100,"Citi Velocity, exported by Charlie",spain_1y_bbg_2026-10-05.xlsx
2014-12-24,0.315200,"Citi Velocity, exported by Charlie",spain_1y_bbg_2026-10-05.xlsx
2014-12-29,0.292500,"Citi Velocity, exported by Charlie",spain_1y_bbg_2026-10-05.xlsx
2014-12-30,0.281500,"Citi Velocity, exported by Charlie",spain_1y_bbg_2026-10-05.xlsx
2014-12-31,0.280800,"Citi Velocity, exported by Charlie",spain_1y_bbg_2026-10-05.xlsx
2015-01-02,0.207500,"Citi Velocity, exported by Charlie",spain_1y_bbg_2026-10-05.xlsx
2015-01-05,0.189400,"Citi Velocity, exported by Charlie",spain_1y_bbg_2026-10-05.xlsx
2015-01-06,0.164800,"Citi Velocity, exported by Charlie",spain_1y_bbg_2026-10-05.xlsx
2015-01-07,0.173300,"Citi Velocity, exported by Charlie",spain_1y_bbg_2026-10-05.xlsx
2015-01-08,0.177100,"Citi Velocity, exported by Charlie",spain_1y_bbg_2026-10-05.xlsx
2015-01-09,0.163400,"Citi Velocity, exported by Charlie",spain_1y_bbg_2026-10-05.xlsx
2015-01-12,0.165600,"Citi Velocity, exported by Charlie",spain_1y_bbg_2026-10-05.xlsx
2015-01-13,0.178700,"Citi Velocity, exported by Charlie",spain_1y_bbg_2026-10-05.xlsx
2015-01-14,0.181900,"Citi Velocity, exported by Charlie",spain_1y_bbg_2026-10-05.xlsx
2015-01-15,0.172000,"Citi Velocity, exported by Charlie",spain_1y_bbg_2026-10-05.xlsx
2015-01-16,0.173600,"Citi Velocity, exported by Charlie",spain_1y_bbg_2026-10-05.xlsx
2015-01-19,0.179700,"Citi Velocity, exported by Charlie",spain_1y_bbg_2026-10-05.xlsx
2015-01-20,0.168600,"Citi Velocity, exported by Charlie",spain_1y_bbg_2026-10-05.xlsx
2015-01-21,0.207600,"Citi Velocity, exported by Charlie",spain_1y_bbg_2026-10-05.xlsx
2015-01-22,0.155800,"Citi Velocity, exported by Charlie",spain_1y_bbg_2026-10-05.xlsx
2015-01-23,0.134700,"Citi Velocity, exported by Charlie",spain_1y_bbg_2026-10-05.xlsx
2015-01-26,0.154700,"Citi Velocity, exported by Charlie",spain_1y_bbg_2026-10-05.xlsx
2015-01-27,0.166700,"Citi Velocity, exported by Charlie",spain_1y_bbg_2026-10-05.xlsx
2015-01-28,0.180300,"Citi Velocity, exported by Charlie",spain_1y_bbg_2026-10-05.xlsx
2015-01-29,0.174700,"Citi Velocity, exported by Charlie",spain_1y_bbg_2026-10-05.xlsx
2015-01-30,0.158800,"Citi Velocity, exported by Charlie",spain_1y_bbg_2026-10-05.xlsx
2015-02-02,0.152100,"Citi Velocity, exported by Charlie",spain_1y_bbg_2026-10-05.xlsx
2015-02-03,0.139200,"Citi Velocity, exported by Charlie",spain_1y_bbg_2026-10-05.xlsx
2015-02-04,0.151900,"Citi Velocity, exported by Charlie",spain_1y_bbg_2026-10-05.xlsx
2015-02-05,0.144400,"Citi Velocity, exported by Charlie",spain_1y_bbg_2026-10-05.xlsx
2015-02-06,0.138600,"Citi Velocity, exported by Charlie",spain_1y_bbg_2026-10-05.xlsx
2015-02-09,0.139000,"Citi Velocity, exported by Charlie",spain_1y_bbg_2026-10-05.xlsx
2015-02-10,0.147800,"Citi Velocity, exported by Charlie",spain_1y_bbg_2026-10-05.xlsx
2015-02-11,0.155600,"Citi Velocity, exported by Charlie",spain_1y_bbg_2026-10-05.xlsx
2015-02-12,0.154300,"Citi Velocity, exported by Charlie",spain_1y_bbg_2026-10-05.xlsx
2015-02-13,0.156300,"Citi Velocity, exported by Charlie",spain_1y_bbg_2026-10-05.xlsx
2015-02-16,0.166900,"Citi Velocity, exported by Charlie",spain_1y_bbg_2026-10-05.xlsx
2015-02-17,0.168500,"Citi Velocity, exported by Charlie",spain_1y_bbg_2026-10-05.xlsx
2015-02-18,0.183300,"Citi Velocity, exported by Charlie",spain_1y_bbg_2026-10-05.xlsx
2015-02-19,0.171300,"Citi Velocity, exported by Charlie",spain_1y_bbg_2026-10-05.xlsx
2015-02-20,0.176800,"Citi Velocity, exported by Charlie",spain_1y_bbg_2026-10-05.xlsx
2015-02-23,0.164700,"Citi Velocity, exported by Charlie",spain_1y_bbg_2026-10-05.xlsx
2015-02-24,0.147000,"Citi Velocity, exported by Charlie",spain_1y_bbg_2026-10-05.xlsx
2015-02-25,0.110500,"Citi Velocity, exported by Charlie",spain_1y_bbg_2026-10-05.xlsx
2015-02-26,0.084500,"Citi Velocity, exported by Charlie",spain_1y_bbg_2026-10-05.xlsx
2015-02-27,0.080600,"Citi Velocity, exported by Charlie",spain_1y_bbg_2026-10-05.xlsx
2015-03-02,0.071600,"Citi Velocity, exported by Charlie",spain_1y_bbg_2026-10-05.xlsx
2015-03-03,0.073900,"Citi Velocity, exported by Charlie",spain_1y_bbg_2026-10-05.xlsx
2015-03-04,0.072100,"Citi Velocity, exported by Charlie",spain_1y_bbg_2026-10-05.xlsx
2015-03-05,0.056100,"Citi Velocity, exported by Charlie",spain_1y_bbg_2026-10-05.xlsx
2015-03-06,0.053600,"Citi Velocity, exported by Charlie",spain_1y_bbg_2026-10-05.xlsx
2015-03-09,0.059500,"Citi Velocity, exported by Charlie",spain_1y_bbg_2026-10-05.xlsx
2015-03-10,0.062800,"Citi Velocity, exported by Charlie",spain_1y_bbg_2026-10-05.xlsx
2015-03-11,0.067800,"Citi Velocity, exported by Charlie",spain_1y_bbg_2026-10-05.xlsx
2015-03-12,0.068400,"Citi Velocity, exported by Charlie",spain_1y_bbg_2026-10-05.xlsx
2015-03-13,0.068600,"Citi Velocity, exported by Charlie",spain_1y_bbg_2026-10-05.xlsx
2015-03-16,0.065700,"Citi Velocity, exported by Charlie",spain_1y_bbg_2026-10-05.xlsx
2015-03-17,0.075500,"Citi Velocity, exported by Charlie",spain_1y_bbg_2026-10-05.xlsx
2015-03-18,0.071700,"Citi Velocity, exported by Charlie",spain_1y_bbg_2026-10-05.xlsx
2015-03-19,0.060000,"Citi Velocity, exported by Charlie",spain_1y_bbg_2026-10-05.xlsx
2015-03-20,0.060200,"Citi Velocity, exported by Charlie",spain_1y_bbg_2026-10-05.xlsx
2015-03-23,0.065500,"Citi Velocity, exported by Charlie",spain_1y_bbg_2026-10-05.xlsx
2015-03-24,0.064100,"Citi Velocity, exported by Charlie",spain_1y_bbg_2026-10-05.xlsx
2015-03-25,0.060700,"Citi Velocity, exported by Charlie",spain_1y_bbg_2026-10-05.xlsx
2015-03-26,0.033700,"Citi Velocity, exported by Charlie",spain_1y_bbg_2026-10-05.xlsx
2015-03-27,0.020300,"Citi Velocity, exported by Charlie",spain_1y_bbg_2026-10-05.xlsx
2015-03-30,0.018800,"Citi Velocity, exported by Charlie",spain_1y_bbg_2026-10-05.xlsx
2015-03-31,0.005800,"Citi Velocity, exported by Charlie",spain_1y_bbg_2026-10-05.xlsx
2015-04-01,0.003200,"Citi Velocity, exported by Charlie",spain_1y_bbg_2026-10-05.xlsx
2015-04-02,0.005900,"Citi Velocity, exported by Charlie",spain_1y_bbg_2026-10-05.xlsx
2015-04-07,0.002700,"Citi Velocity, exported by Charlie",spain_1y_bbg_2026-10-05.xlsx
2015-04-08,0.005000,"Citi Velocity, exported by Charlie",spain_1y_bbg_2026-10-05.xlsx
2015-04-09,0.009500,"Citi Velocity, exported by Charlie",spain_1y_bbg_2026-10-05.xlsx
2015-04-10,0.003500,"Citi Velocity, exported by Charlie",spain_1y_bbg_2026-10-05.xlsx
2015-04-13,0.007000,"Citi Velocity, exported by Charlie",spain_1y_bbg_2026-10-05.xlsx
2015-04-14,-0.001500,"Citi Velocity, exported by Charlie",spain_1y_bbg_2026-10-05.xlsx
2015-04-15,0.003000,"Citi Velocity, exported by Charlie",spain_1y_bbg_2026-10-05.xlsx
2015-04-16,0.014200,"Citi Velocity, exported by Charlie",spain_1y_bbg_2026-10-05.xlsx
2015-04-17,0.030100,"Citi Velocity, exported by Charlie",spain_1y_bbg_2026-10-05.xlsx
2015-04-20,0.020500,"Citi Velocity, exported by Charlie",spain_1y_bbg_2026-10-05.xlsx
2015-04-21,0.027700,"Citi Velocity, exported by Charlie",spain_1y_bbg_2026-10-05.xlsx
2015-04-22,0.017000,"Citi Velocity, exported by Charlie",spain_1y_bbg_2026-10-05.xlsx
2015-04-23,0.018700,"Citi Velocity, exported by Charlie",spain_1y_bbg_2026-10-05.xlsx
2015-04-24,0.015100,"Citi Velocity, exported by Charlie",spain_1y_bbg_2026-10-05.xlsx
2015-04-27,0.005700,"Citi Velocity, exported by Charlie",spain_1y_bbg_2026-10-05.xlsx
2015-04-28,-0.004700,"Citi Velocity, exported by Charlie",spain_1y_bbg_2026-10-05.xlsx
2015-04-29,0.009000,"Citi Velocity, exported by Charlie",spain_1y_bbg_2026-10-05.xlsx
2015-04-30,0.011200,"Citi Velocity, exported by Charlie",spain_1y_bbg_2026-10-05.xlsx
2015-05-04,0.016000,"Citi Velocity, exported by Charlie",spain_1y_bbg_2026-10-05.xlsx
2015-05-05,0.019800,"Citi Velocity, exported by Charlie",spain_1y_bbg_2026-10-05.xlsx
2015-05-06,0.020900,"Citi Velocity, exported by Charlie",spain_1y_bbg_2026-10-05.xlsx
2015-05-07,0.019500,"Citi Velocity, exported by Charlie",spain_1y_bbg_2026-10-05.xlsx
2015-05-08,0.018400,"Citi Velocity, exported by Charlie",spain_1y_bbg_2026-10-05.xlsx
2015-05-11,-0.001600,"Citi Velocity, exported by Charlie",spain_1y_bbg_2026-10-05.xlsx
2015-05-12,-0.023400,"Citi Velocity, exported by Charlie",spain_1y_bbg_2026-10-05.xlsx
2015-05-13,0.016600,"Citi Velocity, exported by Charlie",spain_1y_bbg_2026-10-05.xlsx
2015-05-14,0.004000,"Citi Velocity, exported by Charlie",spain_1y_bbg_2026-10-05.xlsx
2015-05-15,0.002000,"Citi Velocity, exported by Charlie",spain_1y_bbg_2026-10-05.xlsx
2015-05-18,0.007000,"Citi Velocity, exported by Charlie",spain_1y_bbg_2026-10-05.xlsx
2015-05-19,0.005500,"Citi Velocity, exported by Charlie",spain_1y_bbg_2026-10-05.xlsx
2015-05-20,0.003500,"Citi Velocity, exported by Charlie",spain_1y_bbg_2026-10-05.xlsx
2015-05-21,0.003600,"Citi Velocity, exported by Charlie",spain_1y_bbg_2026-10-05.xlsx
2015-05-22,0.005600,"Citi Velocity, exported by Charlie",spain_1y_bbg_2026-10-05.xlsx
2015-05-25,0.007700,"Citi Velocity, exported by Charlie",spain_1y_bbg_2026-10-05.xlsx
2015-05-26,0.006200,"Citi Velocity, exported by Charlie",spain_1y_bbg_2026-10-05.xlsx
2015-05-27,0.002600,"Citi Velocity, exported by Charlie",spain_1y_bbg_2026-10-05.xlsx
2015-05-28,0.014500,"Citi Velocity, exported by Charlie",spain_1y_bbg_2026-10-05.xlsx
2015-05-29,0.017700,"Citi Velocity, exported by Charlie",spain_1y_bbg_2026-10-05.xlsx
2015-06-01,0.018300,"Citi Velocity, exported by Charlie",spain_1y_bbg_2026-10-05.xlsx
2015-06-02,0.022500,"Citi Velocity, exported by Charlie",spain_1y_bbg_2026-10-05.xlsx
2015-06-03,0.026800,"Citi Velocity, exported by Charlie",spain_1y_bbg_2026-10-05.xlsx
2015-06-04,0.023300,"Citi Velocity, exported by Charlie",spain_1y_bbg_2026-10-05.xlsx
2015-06-05,0.020700,"Citi Velocity, exported by Charlie",spain_1y_bbg_2026-10-05.xlsx
2015-06-08,0.027700,"Citi Velocity, exported by Charlie",spain_1y_bbg_2026-10-05.xlsx
2015-06-09,0.027800,"Citi Velocity, exported by Charlie",spain_1y_bbg_2026-10-05.xlsx
2015-06-10,0.047700,"Citi Velocity, exported by Charlie",spain_1y_bbg_2026-10-05.xlsx
2015-06-11,0.048700,"Citi Velocity, exported by Charlie",spain_1y_bbg_2026-10-05.xlsx
2015-06-12,0.079800,"Citi Velocity, exported by Charlie",spain_1y_bbg_2026-10-05.xlsx
2015-06-15,0.164500,"Citi Velocity, exported by Charlie",spain_1y_bbg_2026-10-05.xlsx
2015-06-16,0.168800,"Citi Velocity, exported by Charlie",spain_1y_bbg_2026-10-05.xlsx
2015-06-17,0.161000,"Citi Velocity, exported by Charlie",spain_1y_bbg_2026-10-05.xlsx
2015-06-18,0.163800,"Citi Velocity, exported by Charlie",spain_1y_bbg_2026-10-05.xlsx
2015-06-19,0.169300,"Citi Velocity, exported by Charlie",spain_1y_bbg_2026-10-05.xlsx
2015-06-22,0.109900,"Citi Velocity, exported by Charlie",spain_1y_bbg_2026-10-05.xlsx
2015-06-23,0.106700,"Citi Velocity, exported by Charlie",spain_1y_bbg_2026-10-05.xlsx
2015-06-24,0.120100,"Citi Velocity, exported by Charlie",spain_1y_bbg_2026-10-05.xlsx
2015-06-25,0.093100,"Citi Velocity, exported by Charlie",spain_1y_bbg_2026-10-05.xlsx
2015-06-26,0.097500,"Citi Velocity, exported by Charlie",spain_1y_bbg_2026-10-05.xlsx
2015-06-29,0.147500,"Citi Velocity, exported by Charlie",spain_1y_bbg_2026-10-05.xlsx
2015-06-30,0.145300,"Citi Velocity, exported by Charlie",spain_1y_bbg_2026-10-05.xlsx
2015-07-01,0.115800,"Citi Velocity, exported by Charlie",spain_1y_bbg_2026-10-05.xlsx
2015-07-02,0.110100,"Citi Velocity, exported by Charlie",spain_1y_bbg_2026-10-05.xlsx
2015-07-03,0.113000,"Citi Velocity, exported by Charlie",spain_1y_bbg_2026-10-05.xlsx
2015-07-06,0.151500,"Citi Velocity, exported by Charlie",spain_1y_bbg_2026-10-05.xlsx
2015-07-07,0.126800,"Citi Velocity, exported by Charlie",spain_1y_bbg_2026-10-05.xlsx
2015-07-08,0.126600,"Citi Velocity, exported by Charlie",spain_1y_bbg_2026-10-05.xlsx
2015-07-09,0.114500,"Citi Velocity, exported by Charlie",spain_1y_bbg_2026-10-05.xlsx
2015-07-10,0.092500,"Citi Velocity, exported by Charlie",spain_1y_bbg_2026-10-05.xlsx
2015-07-13,0.085800,"Citi Velocity, exported by Charlie",spain_1y_bbg_2026-10-05.xlsx
2015-07-14,0.089300,"Citi Velocity, exported by Charlie",spain_1y_bbg_2026-10-05.xlsx
2015-07-15,0.081800,"Citi Velocity, exported by Charlie",spain_1y_bbg_2026-10-05.xlsx
2015-07-16,0.056900,"Citi Velocity, exported by Charlie",spain_1y_bbg_2026-10-05.xlsx
2015-07-17,0.042000,"Citi Velocity, exported by Charlie",spain_1y_bbg_2026-10-05.xlsx
2015-07-20,0.036600,"Citi Velocity, exported by Charlie",spain_1y_bbg_2026-10-05.xlsx
2015-07-21,0.047800,"Citi Velocity, exported by Charlie",spain_1y_bbg_2026-10-05.xlsx
2015-07-22,0.050900,"Citi Velocity, exported by Charlie",spain_1y_bbg_2026-10-05.xlsx
2015-07-23,0.046300,"Citi Velocity, exported by Charlie",spain_1y_bbg_2026-10-05.xlsx
2015-07-24,0.034700,"Citi Velocity, exported by Charlie",spain_1y_bbg_2026-10-05.xlsx
2015-07-27,0.038400,"Citi Velocity, exported by Charlie",spain_1y_bbg_2026-10-05.xlsx
2015-07-28,0.030800,"Citi Velocity, exported by Charlie",spain_1y_bbg_2026-10-05.xlsx
2015-07-29,0.028800,"Citi Velocity, exported by Charlie",spain_1y_bbg_2026-10-05.xlsx
2015-07-30,0.021800,"Citi Velocity, exported by Charlie",spain_1y_bbg_2026-10-05.xlsx
2015-07-31,0.021900,"Citi Velocity, exported by Charlie",spain_1y_bbg_2026-10-05.xlsx
2015-08-03,0.020900,"Citi Velocity, exported by Charlie",spain_1y_bbg_2026-10-05.xlsx
2015-08-04,0.012000,"Citi Velocity, exported by Charlie",spain_1y_bbg_2026-10-05.xlsx
2015-08-05,0.015200,"Citi Velocity, exported by Charlie",spain_1y_bbg_2026-10-05.xlsx
2015-08-06,0.017000,"Citi Velocity, exported by Charlie",spain_1y_bbg_2026-10-05.xlsx
2015-08-07,0.013800,"Citi Velocity, exported by Charlie",spain_1y_bbg_2026-10-05.xlsx
2015-08-10,0.014900,"Citi Velocity, exported by Charlie",spain_1y_bbg_2026-10-05.xlsx
2015-08-11,0.016600,"Citi Velocity, exported by Charlie",spain_1y_bbg_2026-10-05.xlsx
2015-08-12,0.017700,"Citi Velocity, exported by Charlie",spain_1y_bbg_2026-10-05.xlsx
2015-08-13,0.021600,"Citi Velocity, exported by Charlie",spain_1y_bbg_2026-10-05.xlsx
2015-08-14,0.022200,"Citi Velocity, exported by Charlie",spain_1y_bbg_2026-10-05.xlsx
2015-08-17,0.026700,"Citi Velocity, exported by Charlie",spain_1y_bbg_2026-10-05.xlsx
2015-08-18,0.030000,"Citi Velocity, exported by Charlie",spain_1y_bbg_2026-10-05.xlsx
2015-08-19,0.037100,"Citi Velocity, exported by Charlie",spain_1y_bbg_2026-10-05.xlsx
2015-08-20,0.036400,"Citi Velocity, exported by Charlie",spain_1y_bbg_2026-10-05.xlsx
2015-08-21,0.034500,"Citi Velocity, exported by Charlie",spain_1y_bbg_2026-10-05.xlsx
2015-08-24,0.039100,"Citi Velocity, exported by Charlie",spain_1y_bbg_2026-10-05.xlsx
2015-08-25,0.041200,"Citi Velocity, exported by Charlie",spain_1y_bbg_2026-10-05.xlsx
2015-08-26,0.039900,"Citi Velocity, exported by Charlie",spain_1y_bbg_2026-10-05.xlsx
2015-08-27,0.040200,"Citi Velocity, exported by Charlie",spain_1y_bbg_2026-10-05.xlsx
2015-08-28,0.044400,"Citi Velocity, exported by Charlie",spain_1y_bbg_2026-10-05.xlsx
2015-08-31,0.042500,"Citi Velocity, exported by Charlie",spain_1y_bbg_2026-10-05.xlsx
2015-09-01,0.042100,"Citi Velocity, exported by Charlie",spain_1y_bbg_2026-10-05.xlsx
2015-09-02,0.042200,"Citi Velocity, exported by Charlie",spain_1y_bbg_2026-10-05.xlsx
2015-09-03,0.029100,"Citi Velocity, exported by Charlie",spain_1y_bbg_2026-10-05.xlsx
2015-09-04,0.021900,"Citi Velocity, exported by Charlie",spain_1y_bbg_2026-10-05.xlsx
2015-09-07,0.030800,"Citi Velocity, exported by Charlie",spain_1y_bbg_2026-10-05.xlsx
2015-09-08,0.030900,"Citi Velocity, exported by Charlie",spain_1y_bbg_2026-10-05.xlsx
2015-09-09,0.031500,"Citi Velocity, exported by Charlie",spain_1y_bbg_2026-10-05.xlsx
2015-09-10,0.033900,"Citi Velocity, exported by Charlie",spain_1y_bbg_2026-10-05.xlsx
2015-09-11,0.041400,"Citi Velocity, exported by Charlie",spain_1y_bbg_2026-10-05.xlsx
2015-09-14,0.040500,"Citi Velocity, exported by Charlie",spain_1y_bbg_2026-10-05.xlsx
2015-09-15,0.047600,"Citi Velocity, exported by Charlie",spain_1y_bbg_2026-10-05.xlsx
2015-09-16,0.061900,"Citi Velocity, exported by Charlie",spain_1y_bbg_2026-10-05.xlsx
2015-09-17,0.063900,"Citi Velocity, exported by Charlie",spain_1y_bbg_2026-10-05.xlsx
2015-09-18,0.049000,"Citi Velocity, exported by Charlie",spain_1y_bbg_2026-10-05.xlsx
2015-09-21,0.051700,"Citi Velocity, exported by Charlie",spain_1y_bbg_2026-10-05.xlsx
2015-09-22,0.048300,"Citi Velocity, exported by Charlie",spain_1y_bbg_2026-10-05.xlsx
2015-09-23,0.049400,"Citi Velocity, exported by Charlie",spain_1y_bbg_2026-10-05.xlsx
2015-09-24,0.050400,"Citi Velocity, exported by Charlie",spain_1y_bbg_2026-10-05.xlsx
2015-09-25,0.055100,"Citi Velocity, exported by Charlie",spain_1y_bbg_2026-10-05.xlsx
2015-09-28,0.045500,"Citi Velocity, exported by Charlie",spain_1y_bbg_2026-10-05.xlsx
2015-09-29,0.038000,"Citi Velocity, exported by Charlie",spain_1y_bbg_2026-10-05.xlsx
2015-09-30,0.034500,"Citi Velocity, exported by Charlie",spain_1y_bbg_2026-10-05.xlsx
2015-10-01,0.030600,"Citi Velocity, exported by Charlie",spain_1y_bbg_2026-10-05.xlsx
2015-10-02,0.014600,"Citi Velocity, exported by Charlie",spain_1y_bbg_2026-10-05.xlsx
2015-10-05,0.016200,"Citi Velocity, exported by Charlie",spain_1y_bbg_2026-10-05.xlsx
2015-10-06,0.022500,"Citi Velocity, exported by Charlie",spain_1y_bbg_2026-10-05.xlsx
2015-10-07,0.022600,"Citi Velocity, exported by Charlie",spain_1y_bbg_2026-10-05.xlsx
2015-10-08,0.021200,"Citi Velocity, exported by Charlie",spain_1y_bbg_2026-10-05.xlsx
2015-10-09,0.015900,"Citi Velocity, exported by Charlie",spain_1y_bbg_2026-10-05.xlsx
2015-10-12,0.021300,"Citi Velocity, exported by Charlie",spain_1y_bbg_2026-10-05.xlsx
2015-10-13,0.004800,"Citi Velocity, exported by Charlie",spain_1y_bbg_2026-10-05.xlsx
2015-10-14,0.013800,"Citi Velocity, exported by Charlie",spain_1y_bbg_2026-10-05.xlsx
2015-10-15,0.011500,"Citi Velocity, exported by Charlie",spain_1y_bbg_2026-10-05.xlsx
2015-10-16,0.010500,"Citi Velocity, exported by Charlie",spain_1y_bbg_2026-10-05.xlsx
2015-10-19,0.009500,"Citi Velocity, exported by Charlie",spain_1y_bbg_2026-10-05.xlsx
2015-10-20,0.009100,"Citi Velocity, exported by Charlie",spain_1y_bbg_2026-10-05.xlsx
2015-10-21,0.006100,"Citi Velocity, exported by Charlie",spain_1y_bbg_2026-10-05.xlsx
2015-10-22,-0.032500,"Citi Velocity, exported by Charlie",spain_1y_bbg_2026-10-05.xlsx
2015-10-23,-0.047900,"Citi Velocity, exported by Charlie",spain_1y_bbg_2026-10-05.xlsx
2015-10-26,-0.041400,"Citi Velocity, exported by Charlie",spain_1y_bbg_2026-10-05.xlsx
2015-10-27,-0.043600,"Citi Velocity, exported by Charlie",spain_1y_bbg_2026-10-05.xlsx
2015-10-28,-0.043200,"Citi Velocity, exported by Charlie",spain_1y_bbg_2026-10-05.xlsx
2015-10-29,-0.033200,"Citi Velocity, exported by Charlie",spain_1y_bbg_2026-10-05.xlsx
2015-10-30,-0.040000,"Citi Velocity, exported by Charlie",spain_1y_bbg_2026-10-05.xlsx
2015-11-02,-0.033400,"Citi Velocity, exported by Charlie",spain_1y_bbg_2026-10-05.xlsx
2015-11-03,-0.042400,"Citi Velocity, exported by Charlie",spain_1y_bbg_2026-10-05.xlsx
2015-11-04,-0.047200,"Citi Velocity, exported by Charlie",spain_1y_bbg_2026-10-05.xlsx
2015-11-05,-0.050300,"Citi Velocity, exported by Charlie",spain_1y_bbg_2026-10-05.xlsx
2015-11-06,-0.019600,"Citi Velocity, exported by Charlie",spain_1y_bbg_2026-10-05.xlsx
2015-11-09,-0.038900,"Citi Velocity, exported by Charlie",spain_1y_bbg_2026-10-05.xlsx
2015-11-10,-0.044800,"Citi Velocity, exported by Charlie",spain_1y_bbg_2026-10-05.xlsx
2015-11-11,-0.043400,"Citi Velocity, exported by Charlie",spain_1y_bbg_2026-10-05.xlsx
2015-11-12,-0.050200,"Citi Velocity, exported by Charlie",spain_1y_bbg_2026-10-05.xlsx
2015-11-13,-0.048800,"Citi Velocity, exported by Charlie",spain_1y_bbg_2026-10-05.xlsx
2015-11-16,-0.042400,"Citi Velocity, exported by Charlie",spain_1y_bbg_2026-10-05.xlsx
2015-11-17,-0.044200,"Citi Velocity, exported by Charlie",spain_1y_bbg_2026-10-05.xlsx
2015-11-18,-0.042800,"Citi Velocity, exported by Charlie",spain_1y_bbg_2026-10-05.xlsx
2015-11-19,-0.042900,"Citi Velocity, exported by Charlie",spain_1y_bbg_2026-10-05.xlsx
2015-11-20,-0.059500,"Citi Velocity, exported by Charlie",spain_1y_bbg_2026-10-05.xlsx
2015-11-23,-0.061600,"Citi Velocity, exported by Charlie",spain_1y_bbg_2026-10-05.xlsx
2015-11-24,-0.063800,"Citi Velocity, exported by Charlie",spain_1y_bbg_2026-10-05.xlsx
2015-11-25,-0.072000,"Citi Velocity, exported by Charlie",spain_1y_bbg_2026-10-05.xlsx
2015-11-26,-0.076200,"Citi Velocity, exported by Charlie",spain_1y_bbg_2026-10-05.xlsx
2015-11-27,-0.081000,"Citi Velocity, exported by Charlie",spain_1y_bbg_2026-10-05.xlsx
2015-11-30,-0.085800,"Citi Velocity, exported by Charlie",spain_1y_bbg_2026-10-05.xlsx
2015-12-01,-0.086600,"Citi Velocity, exported by Charlie",spain_1y_bbg_2026-10-05.xlsx
2015-12-02,-0.085800,"Citi Velocity, exported by Charlie",spain_1y_bbg_2026-10-05.xlsx
2015-12-03,-0.049800,"Citi Velocity, exported by Charlie",spain_1y_bbg_2026-10-05.xlsx
2015-12-04,-0.027600,"Citi Velocity, exported by Charlie",spain_1y_bbg_2026-10-05.xlsx
2015-12-07,-0.037500,"Citi Velocity, exported by Charlie",spain_1y_bbg_2026-10-05.xlsx
2015-12-08,-0.036600,"Citi Velocity, exported by Charlie",spain_1y_bbg_2026-10-05.xlsx
2015-12-09,-0.017800,"Citi Velocity, exported by Charlie",spain_1y_bbg_2026-10-05.xlsx
2015-12-10,0.013900,"Citi Velocity, exported by Charlie",spain_1y_bbg_2026-10-05.xlsx
2015-12-11,0.009500,"Citi Velocity, exported by Charlie",spain_1y_bbg_2026-10-05.xlsx
2015-12-14,0.011000,"Citi Velocity, exported by Charlie",spain_1y_bbg_2026-10-05.xlsx
2015-12-15,0.024100,"Citi Velocity, exported by Charlie",spain_1y_bbg_2026-10-05.xlsx
2015-12-16,0.021700,"Citi Velocity, exported by Charlie",spain_1y_bbg_2026-10-05.xlsx
2015-12-17,0.017800,"Citi Velocity, exported by Charlie",spain_1y_bbg_2026-10-05.xlsx
2015-12-18,0.015800,"Citi Velocity, exported by Charlie",spain_1y_bbg_2026-10-05.xlsx
2015-12-21,0.023500,"Citi Velocity, exported by Charlie",spain_1y_bbg_2026-10-05.xlsx
2015-12-22,0.003600,"Citi Velocity, exported by Charlie",spain_1y_bbg_2026-10-05.xlsx
2015-12-23,-0.026400,"Citi Velocity, exported by Charlie",spain_1y_bbg_2026-10-05.xlsx
2015-12-28,-0.021900,"Citi Velocity, exported by Charlie",spain_1y_bbg_2026-10-05.xlsx
2015-12-29,-0.041300,"Citi Velocity, exported by Charlie",spain_1y_bbg_2026-10-05.xlsx
2015-12-30,-0.061400,"Citi Velocity, exported by Charlie",spain_1y_bbg_2026-10-05.xlsx
2015-12-31,-0.061400,"Citi Velocity, exported by Charlie",spain_1y_bbg_2026-10-05.xlsx
2016-01-04,-0.089900,"Citi Velocity, exported by Charlie",spain_1y_bbg_2026-10-05.xlsx
2016-01-05,-0.094500,"Citi Velocity, exported by Charlie",spain_1y_bbg_2026-10-05.xlsx
2016-01-06,-0.095800,"Citi Velocity, exported by Charlie",spain_1y_bbg_2026-10-05.xlsx
2016-01-07,-0.084300,"Citi Velocity, exported by Charlie",spain_1y_bbg_2026-10-05.xlsx
2016-01-08,-0.080200,"Citi Velocity, exported by Charlie",spain_1y_bbg_2026-10-05.xlsx
2016-01-11,-0.071200,"Citi Velocity, exported by Charlie",spain_1y_bbg_2026-10-05.xlsx
2016-01-12,-0.075200,"Citi Velocity, exported by Charlie",spain_1y_bbg_2026-10-05.xlsx
2016-01-13,-0.076000,"Citi Velocity, exported by Charlie",spain_1y_bbg_2026-10-05.xlsx
2016-01-14,-0.078300,"Citi Velocity, exported by Charlie",spain_1y_bbg_2026-10-05.xlsx
2016-01-15,-0.078000,"Citi Velocity, exported by Charlie",spain_1y_bbg_2026-10-05.xlsx
2016-01-18,-0.070500,"Citi Velocity, exported by Charlie",spain_1y_bbg_2026-10-05.xlsx
2016-01-19,-0.066300,"Citi Velocity, exported by Charlie",spain_1y_bbg_2026-10-05.xlsx
2016-01-20,-0.054500,"Citi Velocity, exported by Charlie",spain_1y_bbg_2026-10-05.xlsx
2016-01-21,-0.071700,"Citi Velocity, exported by Charlie",spain_1y_bbg_2026-10-05.xlsx
2016-01-22,-0.071400,"Citi Velocity, exported by Charlie",spain_1y_bbg_2026-10-05.xlsx
2016-01-25,-0.068600,"Citi Velocity, exported by Charlie",spain_1y_bbg_2026-10-05.xlsx
2016-01-26,-0.068300,"Citi Velocity, exported by Charlie",spain_1y_bbg_2026-10-05.xlsx
2016-01-27,-0.061500,"Citi Velocity, exported by Charlie",spain_1y_bbg_2026-10-05.xlsx
2016-01-28,-0.065000,"Citi Velocity, exported by Charlie",spain_1y_bbg_2026-10-05.xlsx
2016-01-29,-0.083600,"Citi Velocity, exported by Charlie",spain_1y_bbg_2026-10-05.xlsx
2016-02-01,-0.077200,"Citi Velocity, exported by Charlie",spain_1y_bbg_2026-10-05.xlsx
2016-02-02,-0.079400,"Citi Velocity, exported by Charlie",spain_1y_bbg_2026-10-05.xlsx
2016-02-03,-0.092000,"Citi Velocity, exported by Charlie",spain_1y_bbg_2026-10-05.xlsx
2016-02-04,-0.089100,"Citi Velocity, exported by Charlie",spain_1y_bbg_2026-10-05.xlsx
2016-02-05,-0.090400,"Citi Velocity, exported by Charlie",spain_1y_bbg_2026-10-05.xlsx
2016-02-08,-0.070900,"Citi Velocity, exported by Charlie",spain_1y_bbg_2026-10-05.xlsx
2016-02-09,-0.034000,"Citi Velocity, exported by Charlie",spain_1y_bbg_2026-10-05.xlsx
2016-02-10,-0.047700,"Citi Velocity, exported by Charlie",spain_1y_bbg_2026-10-05.xlsx
2016-02-11,-0.006900,"Citi Velocity, exported by Charlie",spain_1y_bbg_2026-10-05.xlsx
2016-02-12,-0.014300,"Citi Velocity, exported by Charlie",spain_1y_bbg_2026-10-05.xlsx
2016-02-15,-0.003200,"Citi Velocity, exported by Charlie",spain_1y_bbg_2026-10-05.xlsx
2016-02-16,-0.011700,"Citi Velocity, exported by Charlie",spain_1y_bbg_2026-10-05.xlsx
2016-02-17,0.002600,"Citi Velocity, exported by Charlie",spain_1y_bbg_2026-10-05.xlsx
2016-02-18,-0.008500,"Citi Velocity, exported by Charlie",spain_1y_bbg_2026-10-05.xlsx
2016-02-19,-0.009000,"Citi Velocity, exported by Charlie",spain_1y_bbg_2026-10-05.xlsx
2016-02-22,-0.015000,"Citi Velocity, exported by Charlie",spain_1y_bbg_2026-10-05.xlsx
2016-02-23,-0.013600,"Citi Velocity, exported by Charlie",spain_1y_bbg_2026-10-05.xlsx
2016-02-24,-0.015100,"Citi Velocity, exported by Charlie",spain_1y_bbg_2026-10-05.xlsx
2016-02-25,-0.022400,"Citi Velocity, exported by Charlie",spain_1y_bbg_2026-10-05.xlsx
2016-02-26,-0.025000,"Citi Velocity, exported by Charlie",spain_1y_bbg_2026-10-05.xlsx
2016-02-29,-0.047500,"Citi Velocity, exported by Charlie",spain_1y_bbg_2026-10-05.xlsx
2016-03-01,-0.064100,"Citi Velocity, exported by Charlie",spain_1y_bbg_2026-10-05.xlsx
2016-03-02,-0.079100,"Citi Velocity, exported by Charlie",spain_1y_bbg_2026-10-05.xlsx
2016-03-03,-0.089100,"Citi Velocity, exported by Charlie",spain_1y_bbg_2026-10-05.xlsx
2016-03-04,-0.084200,"Citi Velocity, exported by Charlie",spain_1y_bbg_2026-10-05.xlsx
2016-03-07,-0.066200,"Citi Velocity, exported by Charlie",spain_1y_bbg_2026-10-05.xlsx
2016-03-08,-0.062200,"Citi Velocity, exported by Charlie",spain_1y_bbg_2026-10-05.xlsx
2016-03-09,-0.059800,"Citi Velocity, exported by Charlie",spain_1y_bbg_2026-10-05.xlsx
2016-03-10,-0.068300,"Citi Velocity, exported by Charlie",spain_1y_bbg_2026-10-05.xlsx
2016-03-11,-0.075900,"Citi Velocity, exported by Charlie",spain_1y_bbg_2026-10-05.xlsx
2016-03-14,-0.070100,"Citi Velocity, exported by Charlie",spain_1y_bbg_2026-10-05.xlsx
2016-03-15,-0.058800,"Citi Velocity, exported by Charlie",spain_1y_bbg_2026-10-05.xlsx
2016-03-16,-0.055900,"Citi Velocity, exported by Charlie",spain_1y_bbg_2026-10-05.xlsx
2016-03-17,-0.049300,"Citi Velocity, exported by Charlie",spain_1y_bbg_2026-10-05.xlsx
2016-03-18,-0.040300,"Citi Velocity, exported by Charlie",spain_1y_bbg_2026-10-05.xlsx
2016-03-21,-0.053700,"Citi Velocity, exported by Charlie",spain_1y_bbg_2026-10-05.xlsx
2016-03-22,-0.056400,"Citi Velocity, exported by Charlie",spain_1y_bbg_2026-10-05.xlsx
2016-03-23,-0.061900,"Citi Velocity, exported by Charlie",spain_1y_bbg_2026-10-05.xlsx
2016-03-24,-0.051600,"Citi Velocity, exported by Charlie",spain_1y_bbg_2026-10-05.xlsx
2016-03-29,-0.059600,"Citi Velocity, exported by Charlie",spain_1y_bbg_2026-10-05.xlsx
2016-03-30,-0.069200,"Citi Velocity, exported by Charlie",spain_1y_bbg_2026-10-05.xlsx
2016-03-31,-0.075600,"Citi Velocity, exported by Charlie",spain_1y_bbg_2026-10-05.xlsx
2016-04-01,-0.079100,"Citi Velocity, exported by Charlie",spain_1y_bbg_2026-10-05.xlsx
2016-04-04,-0.075600,"Citi Velocity, exported by Charlie",spain_1y_bbg_2026-10-05.xlsx
2016-04-05,-0.075300,"Citi Velocity, exported by Charlie",spain_1y_bbg_2026-10-05.xlsx
2016-04-06,-0.075100,"Citi Velocity, exported by Charlie",spain_1y_bbg_2026-10-05.xlsx
2016-04-07,-0.064800,"Citi Velocity, exported by Charlie",spain_1y_bbg_2026-10-05.xlsx
2016-04-08,-0.073400,"Citi Velocity, exported by Charlie",spain_1y_bbg_2026-10-05.xlsx
2016-04-11,-0.073100,"Citi Velocity, exported by Charlie",spain_1y_bbg_2026-10-05.xlsx
2016-04-12,-0.076400,"Citi Velocity, exported by Charlie",spain_1y_bbg_2026-10-05.xlsx
2016-04-13,-0.079100,"Citi Velocity, exported by Charlie",spain_1y_bbg_2026-10-05.xlsx
2016-04-14,-0.088400,"Citi Velocity, exported by Charlie",spain_1y_bbg_2026-10-05.xlsx
2016-04-15,-0.094800,"Citi Velocity, exported by Charlie",spain_1y_bbg_2026-10-05.xlsx
2016-04-18,-0.121000,"Citi Velocity, exported by Charlie",spain_1y_bbg_2026-10-05.xlsx
2016-04-19,-0.126000,"Citi Velocity, exported by Charlie",spain_1y_bbg_2026-10-05.xlsx
2016-04-20,-0.134100,"Citi Velocity, exported by Charlie",spain_1y_bbg_2026-10-05.xlsx
2016-04-21,-0.128500,"Citi Velocity, exported by Charlie",spain_1y_bbg_2026-10-05.xlsx
2016-04-22,-0.132000,"Citi Velocity, exported by Charlie",spain_1y_bbg_2026-10-05.xlsx
2016-04-25,-0.149000,"Citi Velocity, exported by Charlie",spain_1y_bbg_2026-10-05.xlsx
2016-04-26,-0.150500,"Citi Velocity, exported by Charlie",spain_1y_bbg_2026-10-05.xlsx
2016-04-27,-0.150400,"Citi Velocity, exported by Charlie",spain_1y_bbg_2026-10-05.xlsx
2016-04-28,-0.150700,"Citi Velocity, exported by Charlie",spain_1y_bbg_2026-10-05.xlsx
2016-04-29,-0.167000,"Citi Velocity, exported by Charlie",spain_1y_bbg_2026-10-05.xlsx
2016-05-02,-0.176000,"Citi Velocity, exported by Charlie",spain_1y_bbg_2026-10-05.xlsx
2016-05-03,-0.176500,"Citi Velocity, exported by Charlie",spain_1y_bbg_2026-10-05.xlsx
2016-05-04,-0.177000,"Citi Velocity, exported by Charlie",spain_1y_bbg_2026-10-05.xlsx
2016-05-05,-0.171600,"Citi Velocity, exported by Charlie",spain_1y_bbg_2026-10-05.xlsx
2016-05-06,-0.172100,"Citi Velocity, exported by Charlie",spain_1y_bbg_2026-10-05.xlsx
2016-05-09,-0.161300,"Citi Velocity, exported by Charlie",spain_1y_bbg_2026-10-05.xlsx
2016-05-10,-0.171500,"Citi Velocity, exported by Charlie",spain_1y_bbg_2026-10-05.xlsx
2016-05-11,-0.158900,"Citi Velocity, exported by Charlie",spain_1y_bbg_2026-10-05.xlsx
2016-05-12,-0.156800,"Citi Velocity, exported by Charlie",spain_1y_bbg_2026-10-05.xlsx
2016-05-13,-0.166200,"Citi Velocity, exported by Charlie",spain_1y_bbg_2026-10-05.xlsx
2016-05-16,-0.166200,"Citi Velocity, exported by Charlie",spain_1y_bbg_2026-10-05.xlsx
2016-05-17,-0.163600,"Citi Velocity, exported by Charlie",spain_1y_bbg_2026-10-05.xlsx
2016-05-18,-0.161600,"Citi Velocity, exported by Charlie",spain_1y_bbg_2026-10-05.xlsx
2016-05-19,-0.163000,"Citi Velocity, exported by Charlie",spain_1y_bbg_2026-10-05.xlsx
2016-05-20,-0.161400,"Citi Velocity, exported by Charlie",spain_1y_bbg_2026-10-05.xlsx
2016-05-23,-0.161300,"Citi Velocity, exported by Charlie",spain_1y_bbg_2026-10-05.xlsx
2016-05-24,-0.162800,"Citi Velocity, exported by Charlie",spain_1y_bbg_2026-10-05.xlsx
2016-05-25,-0.168900,"Citi Velocity, exported by Charlie",spain_1y_bbg_2026-10-05.xlsx
2016-05-26,-0.167300,"Citi Velocity, exported by Charlie",spain_1y_bbg_2026-10-05.xlsx
2016-05-27,-0.171400,"Citi Velocity, exported by Charlie",spain_1y_bbg_2026-10-05.xlsx
2016-05-30,-0.193200,"Citi Velocity, exported by Charlie",spain_1y_bbg_2026-10-05.xlsx
2016-05-31,-0.208900,"Citi Velocity, exported by Charlie",spain_1y_bbg_2026-10-05.xlsx
2016-06-01,-0.214200,"Citi Velocity, exported by Charlie",spain_1y_bbg_2026-10-05.xlsx
2016-06-02,-0.203400,"Citi Velocity, exported by Charlie",spain_1y_bbg_2026-10-05.xlsx
2016-06-03,-0.205600,"Citi Velocity, exported by Charlie",spain_1y_bbg_2026-10-05.xlsx
2016-06-06,-0.191900,"Citi Velocity, exported by Charlie",spain_1y_bbg_2026-10-05.xlsx
2016-06-07,-0.177000,"Citi Velocity, exported by Charlie",spain_1y_bbg_2026-10-05.xlsx
2016-06-08,-0.156200,"Citi Velocity, exported by Charlie",spain_1y_bbg_2026-10-05.xlsx
2016-06-09,-0.165700,"Citi Velocity, exported by Charlie",spain_1y_bbg_2026-10-05.xlsx
2016-06-10,-0.151600,"Citi Velocity, exported by Charlie",spain_1y_bbg_2026-10-05.xlsx
2016-06-13,-0.101000,"Citi Velocity, exported by Charlie",spain_1y_bbg_2026-10-05.xlsx
2016-06-14,-0.024500,"Citi Velocity, exported by Charlie",spain_1y_bbg_2026-10-05.xlsx
2016-06-15,-0.044000,"Citi Velocity, exported by Charlie",spain_1y_bbg_2026-10-05.xlsx
2016-06-16,-0.028400,"Citi Velocity, exported by Charlie",spain_1y_bbg_2026-10-05.xlsx
2016-06-17,-0.058500,"Citi Velocity, exported by Charlie",spain_1y_bbg_2026-10-05.xlsx
2016-06-20,-0.084700,"Citi Velocity, exported by Charlie",spain_1y_bbg_2026-10-05.xlsx
2016-06-21,-0.074900,"Citi Velocity, exported by Charlie",spain_1y_bbg_2026-10-05.xlsx
2016-06-22,-0.082600,"Citi Velocity, exported by Charlie",spain_1y_bbg_2026-10-05.xlsx
2016-06-23,-0.092000,"Citi Velocity, exported by Charlie",spain_1y_bbg_2026-10-05.xlsx
2016-06-24,-0.061200,"Citi Velocity, exported by Charlie",spain_1y_bbg_2026-10-05.xlsx
2016-06-27,-0.128700,"Citi Velocity, exported by Charlie",spain_1y_bbg_2026-10-05.xlsx
2016-06-28,-0.194500,"Citi Velocity, exported by Charlie",spain_1y_bbg_2026-10-05.xlsx
2016-06-29,-0.232400,"Citi Velocity, exported by Charlie",spain_1y_bbg_2026-10-05.xlsx
2016-06-30,-0.244300,"Citi Velocity, exported by Charlie",spain_1y_bbg_2026-10-05.xlsx
2016-07-01,-0.269300,"Citi Velocity, exported by Charlie",spain_1y_bbg_2026-10-05.xlsx
2016-07-04,-0.301700,"Citi Velocity, exported by Charlie",spain_1y_bbg_2026-10-05.xlsx
2016-07-05,-0.288000,"Citi Velocity, exported by Charlie",spain_1y_bbg_2026-10-05.xlsx
2016-07-06,-0.240300,"Citi Velocity, exported by Charlie",spain_1y_bbg_2026-10-05.xlsx
2016-07-07,-0.219200,"Citi Velocity, exported by Charlie",spain_1y_bbg_2026-10-05.xlsx
2016-07-08,-0.211400,"Citi Velocity, exported by Charlie",spain_1y_bbg_2026-10-05.xlsx
2016-07-11,-0.199300,"Citi Velocity, exported by Charlie",spain_1y_bbg_2026-10-05.xlsx
2016-07-12,-0.188200,"Citi Velocity, exported by Charlie",spain_1y_bbg_2026-10-05.xlsx
2016-07-13,-0.182800,"Citi Velocity, exported by Charlie",spain_1y_bbg_2026-10-05.xlsx
2016-07-14,-0.178700,"Citi Velocity, exported by Charlie",spain_1y_bbg_2026-10-05.xlsx
2016-07-15,-0.180700,"Citi Velocity, exported by Charlie",spain_1y_bbg_2026-10-05.xlsx
2016-07-18,-0.188200,"Citi Velocity, exported by Charlie",spain_1y_bbg_2026-10-05.xlsx
2016-07-19,-0.189700,"Citi Velocity, exported by Charlie",spain_1y_bbg_2026-10-05.xlsx
2016-07-20,-0.187700,"Citi Velocity, exported by Charlie",spain_1y_bbg_2026-10-05.xlsx
2016-07-21,-0.186300,"Citi Velocity, exported by Charlie",spain_1y_bbg_2026-10-05.xlsx
2016-07-22,-0.190900,"Citi Velocity, exported by Charlie",spain_1y_bbg_2026-10-05.xlsx
2016-07-25,-0.192400,"Citi Velocity, exported by Charlie",spain_1y_bbg_2026-10-05.xlsx
2016-07-26,-0.193500,"Citi Velocity, exported by Charlie",spain_1y_bbg_2026-10-05.xlsx
2016-07-27,-0.201700,"Citi Velocity, exported by Charlie",spain_1y_bbg_2026-10-05.xlsx
2016-07-28,-0.212800,"Citi Velocity, exported by Charlie",spain_1y_bbg_2026-10-05.xlsx
2016-07-29,-0.225300,"Citi Velocity, exported by Charlie",spain_1y_bbg_2026-10-05.xlsx
2016-08-01,-0.252900,"Citi Velocity, exported by Charlie",spain_1y_bbg_2026-10-05.xlsx
2016-08-02,-0.247400,"Citi Velocity, exported by Charlie",spain_1y_bbg_2026-10-05.xlsx
2016-08-03,-0.249200,"Citi Velocity, exported by Charlie",spain_1y_bbg_2026-10-05.xlsx
2016-08-04,-0.251900,"Citi Velocity, exported by Charlie",spain_1y_bbg_2026-10-05.xlsx
2016-08-05,-0.255800,"Citi Velocity, exported by Charlie",spain_1y_bbg_2026-10-05.xlsx
2016-08-08,-0.252400,"Citi Velocity, exported by Charlie",spain_1y_bbg_2026-10-05.xlsx
2016-08-09,-0.248900,"Citi Velocity, exported by Charlie",spain_1y_bbg_2026-10-05.xlsx
2016-08-10,-0.251700,"Citi Velocity, exported by Charlie",spain_1y_bbg_2026-10-05.xlsx
2016-08-11,-0.241100,"Citi Velocity, exported by Charlie",spain_1y_bbg_2026-10-05.xlsx
2016-08-12,-0.218100,"Citi Velocity, exported by Charlie",spain_1y_bbg_2026-10-05.xlsx
2016-08-15,-0.216500,"Citi Velocity, exported by Charlie",spain_1y_bbg_2026-10-05.xlsx
2016-08-16,-0.218300,"Citi Velocity, exported by Charlie",spain_1y_bbg_2026-10-05.xlsx
2016-08-17,-0.208700,"Citi Velocity, exported by Charlie",spain_1y_bbg_2026-10-05.xlsx
2016-08-18,-0.217400,"Citi Velocity, exported by Charlie",spain_1y_bbg_2026-10-05.xlsx
2016-08-19,-0.213000,"Citi Velocity, exported by Charlie",spain_1y_bbg_2026-10-05.xlsx
2016-08-22,-0.215100,"Citi Velocity, exported by Charlie",spain_1y_bbg_2026-10-05.xlsx
2016-08-23,-0.216700,"Citi Velocity, exported by Charlie",spain_1y_bbg_2026-10-05.xlsx
2016-08-24,-0.220800,"Citi Velocity, exported by Charlie",spain_1y_bbg_2026-10-05.xlsx
2016-08-25,-0.221700,"Citi Velocity, exported by Charlie",spain_1y_bbg_2026-10-05.xlsx
2016-08-26,-0.220800,"Citi Velocity, exported by Charlie",spain_1y_bbg_2026-10-05.xlsx
2016-08-29,-0.222000,"Citi Velocity, exported by Charlie",spain_1y_bbg_2026-10-05.xlsx
2016-08-30,-0.228200,"Citi Velocity, exported by Charlie",spain_1y_bbg_2026-10-05.xlsx
2016-08-31,-0.235500,"Citi Velocity, exported by Charlie",spain_1y_bbg_2026-10-05.xlsx
2016-09-01,-0.233900,"Citi Velocity, exported by Charlie",spain_1y_bbg_2026-10-05.xlsx
2016-09-02,-0.240800,"Citi Velocity, exported by Charlie",spain_1y_bbg_2026-10-05.xlsx
2016-09-05,-0.257100,"Citi Velocity, exported by Charlie",spain_1y_bbg_2026-10-05.xlsx
2016-09-06,-0.266200,"Citi Velocity, exported by Charlie",spain_1y_bbg_2026-10-05.xlsx
2016-09-07,-0.262300,"Citi Velocity, exported by Charlie",spain_1y_bbg_2026-10-05.xlsx
2016-09-08,-0.241400,"Citi Velocity, exported by Charlie",spain_1y_bbg_2026-10-05.xlsx
2016-09-09,-0.208300,"Citi Velocity, exported by Charlie",spain_1y_bbg_2026-10-05.xlsx
2016-09-12,-0.190300,"Citi Velocity, exported by Charlie",spain_1y_bbg_2026-10-05.xlsx
2016-09-13,-0.213700,"Citi Velocity, exported by Charlie",spain_1y_bbg_2026-10-05.xlsx
2016-09-14,-0.201100,"Citi Velocity, exported by Charlie",spain_1y_bbg_2026-10-05.xlsx
2016-09-15,-0.208000,"Citi Velocity, exported by Charlie",spain_1y_bbg_2026-10-05.xlsx
2016-09-16,-0.216000,"Citi Velocity, exported by Charlie",spain_1y_bbg_2026-10-05.xlsx
2016-09-19,-0.231100,"Citi Velocity, exported by Charlie",spain_1y_bbg_2026-10-05.xlsx
2016-09-20,-0.233800,"Citi Velocity, exported by Charlie",spain_1y_bbg_2026-10-05.xlsx
2016-09-21,-0.237400,"Citi Velocity, exported by Charlie",spain_1y_bbg_2026-10-05.xlsx
2016-09-22,-0.256100,"Citi Velocity, exported by Charlie",spain_1y_bbg_2026-10-05.xlsx
2016-09-23,-0.250800,"Citi Velocity, exported by Charlie",spain_1y_bbg_2026-10-05.xlsx
2016-09-26,-0.257600,"Citi Velocity, exported by Charlie",spain_1y_bbg_2026-10-05.xlsx
2016-09-27,-0.253200,"Citi Velocity, exported by Charlie",spain_1y_bbg_2026-10-05.xlsx
2016-09-28,-0.269300,"Citi Velocity, exported by Charlie",spain_1y_bbg_2026-10-05.xlsx
2016-09-29,-0.268500,"Citi Velocity, exported by Charlie",spain_1y_bbg_2026-10-05.xlsx
2016-09-30,-0.271900,"Citi Velocity, exported by Charlie",spain_1y_bbg_2026-10-05.xlsx
2016-10-03,-0.276300,"Citi Velocity, exported by Charlie",spain_1y_bbg_2026-10-05.xlsx
2016-10-04,-0.278100,"Citi Velocity, exported by Charlie",spain_1y_bbg_2026-10-05.xlsx
2016-10-05,-0.264900,"Citi Velocity, exported by Charlie",spain_1y_bbg_2026-10-05.xlsx
2016-10-06,-0.250300,"Citi Velocity, exported by Charlie",spain_1y_bbg_2026-10-05.xlsx
2016-10-07,-0.245300,"Citi Velocity, exported by Charlie",spain_1y_bbg_2026-10-05.xlsx
2016-10-10,-0.246000,"Citi Velocity, exported by Charlie",spain_1y_bbg_2026-10-05.xlsx
2016-10-11,-0.268500,"Citi Velocity, exported by Charlie",spain_1y_bbg_2026-10-05.xlsx
2016-10-12,-0.253000,"Citi Velocity, exported by Charlie",spain_1y_bbg_2026-10-05.xlsx
2016-10-13,-0.251200,"Citi Velocity, exported by Charlie",spain_1y_bbg_2026-10-05.xlsx
2016-10-14,-0.249900,"Citi Velocity, exported by Charlie",spain_1y_bbg_2026-10-05.xlsx
2016-10-17,-0.250600,"Citi Velocity, exported by Charlie",spain_1y_bbg_2026-10-05.xlsx
2016-10-18,-0.250800,"Citi Velocity, exported by Charlie",spain_1y_bbg_2026-10-05.xlsx
2016-10-19,-0.254000,"Citi Velocity, exported by Charlie",spain_1y_bbg_2026-10-05.xlsx
2016-10-20,-0.254100,"Citi Velocity, exported by Charlie",spain_1y_bbg_2026-10-05.xlsx
2016-10-21,-0.259400,"Citi Velocity, exported by Charlie",spain_1y_bbg_2026-10-05.xlsx
2016-10-24,-0.274400,"Citi Velocity, exported by Charlie",spain_1y_bbg_2026-10-05.xlsx
2016-10-25,-0.276200,"Citi Velocity, exported by Charlie",spain_1y_bbg_2026-10-05.xlsx
2016-10-26,-0.275900,"Citi Velocity, exported by Charlie",spain_1y_bbg_2026-10-05.xlsx
2016-10-27,-0.273700,"Citi Velocity, exported by Charlie",spain_1y_bbg_2026-10-05.xlsx
2016-10-28,-0.232000,"Citi Velocity, exported by Charlie",spain_1y_bbg_2026-10-05.xlsx
2016-10-31,-0.236900,"Citi Velocity, exported by Charlie",spain_1y_bbg_2026-10-05.xlsx
2016-11-01,-0.234400,"Citi Velocity, exported by Charlie",spain_1y_bbg_2026-10-05.xlsx
2016-11-02,-0.262800,"Citi Velocity, exported by Charlie",spain_1y_bbg_2026-10-05.xlsx
2016-11-03,-0.268300,"Citi Velocity, exported by Charlie",spain_1y_bbg_2026-10-05.xlsx
2016-11-04,-0.277500,"Citi Velocity, exported by Charlie",spain_1y_bbg_2026-10-05.xlsx
2016-11-07,-0.277800,"Citi Velocity, exported by Charlie",spain_1y_bbg_2026-10-05.xlsx
2016-11-08,-0.276000,"Citi Velocity, exported by Charlie",spain_1y_bbg_2026-10-05.xlsx
2016-11-09,-0.269300,"Citi Velocity, exported by Charlie",spain_1y_bbg_2026-10-05.xlsx
2016-11-10,-0.238900,"Citi Velocity, exported by Charlie",spain_1y_bbg_2026-10-05.xlsx
2016-11-11,-0.211600,"Citi Velocity, exported by Charlie",spain_1y_bbg_2026-10-05.xlsx
2016-11-14,-0.198100,"Citi Velocity, exported by Charlie",spain_1y_bbg_2026-10-05.xlsx
2016-11-15,-0.219900,"Citi Velocity, exported by Charlie",spain_1y_bbg_2026-10-05.xlsx
2016-11-16,-0.205800,"Citi Velocity, exported by Charlie",spain_1y_bbg_2026-10-05.xlsx
2016-11-17,-0.215400,"Citi Velocity, exported by Charlie",spain_1y_bbg_2026-10-05.xlsx
2016-11-18,-0.222000,"Citi Velocity, exported by Charlie",spain_1y_bbg_2026-10-05.xlsx
2016-11-21,-0.233600,"Citi Velocity, exported by Charlie",spain_1y_bbg_2026-10-05.xlsx
2016-11-22,-0.237800,"Citi Velocity, exported by Charlie",spain_1y_bbg_2026-10-05.xlsx
2016-11-23,-0.232900,"Citi Velocity, exported by Charlie",spain_1y_bbg_2026-10-05.xlsx
2016-11-24,-0.239900,"Citi Velocity, exported by Charlie",spain_1y_bbg_2026-10-05.xlsx
2016-11-25,-0.244700,"Citi Velocity, exported by Charlie",spain_1y_bbg_2026-10-05.xlsx
2016-11-28,-0.237200,"Citi Velocity, exported by Charlie",spain_1y_bbg_2026-10-05.xlsx
2016-11-29,-0.249600,"Citi Velocity, exported by Charlie",spain_1y_bbg_2026-10-05.xlsx
2016-11-30,-0.255000,"Citi Velocity, exported by Charlie",spain_1y_bbg_2026-10-05.xlsx
2016-12-01,-0.233400,"Citi Velocity, exported by Charlie",spain_1y_bbg_2026-10-05.xlsx
2016-12-02,-0.229400,"Citi Velocity, exported by Charlie",spain_1y_bbg_2026-10-05.xlsx
2016-12-05,-0.196800,"Citi Velocity, exported by Charlie",spain_1y_bbg_2026-10-05.xlsx
2016-12-06,-0.230200,"Citi Velocity, exported by Charlie",spain_1y_bbg_2026-10-05.xlsx
2016-12-07,-0.218400,"Citi Velocity, exported by Charlie",spain_1y_bbg_2026-10-05.xlsx
2016-12-08,-0.241700,"Citi Velocity, exported by Charlie",spain_1y_bbg_2026-10-05.xlsx
2016-12-09,-0.254300,"Citi Velocity, exported by Charlie",spain_1y_bbg_2026-10-05.xlsx
2016-12-12,-0.250100,"Citi Velocity, exported by Charlie",spain_1y_bbg_2026-10-05.xlsx
2016-12-13,-0.251800,"Citi Velocity, exported by Charlie",spain_1y_bbg_2026-10-05.xlsx
2016-12-14,-0.257500,"Citi Velocity, exported by Charlie",spain_1y_bbg_2026-10-05.xlsx
2016-12-15,-0.258700,"Citi Velocity, exported by Charlie",spain_1y_bbg_2026-10-05.xlsx
2016-12-16,-0.260900,"Citi Velocity, exported by Charlie",spain_1y_bbg_2026-10-05.xlsx
2016-12-19,-0.263700,"Citi Velocity, exported by Charlie",spain_1y_bbg_2026-10-05.xlsx
2016-12-20,-0.268500,"Citi Velocity, exported by Charlie",spain_1y_bbg_2026-10-05.xlsx
2016-12-21,-0.265700,"Citi Velocity, exported by Charlie",spain_1y_bbg_2026-10-05.xlsx
2016-12-22,-0.275500,"Citi Velocity, exported by Charlie",spain_1y_bbg_2026-10-05.xlsx
2016-12-23,-0.290800,"Citi Velocity, exported by Charlie",spain_1y_bbg_2026-10-05.xlsx
2016-12-27,-0.322900,"Citi Velocity, exported by Charlie",spain_1y_bbg_2026-10-05.xlsx
2016-12-28,-0.381200,"Citi Velocity, exported by Charlie",spain_1y_bbg_2026-10-05.xlsx
2016-12-29,-0.385600,"Citi Velocity, exported by Charlie",spain_1y_bbg_2026-10-05.xlsx
2016-12-30,-0.365100,"Citi Velocity, exported by Charlie",spain_1y_bbg_2026-10-05.xlsx
2017-01-02,-0.391600,"Citi Velocity, exported by Charlie",spain_1y_bbg_2026-10-05.xlsx
2017-01-03,-0.370500,"Citi Velocity, exported by Charlie",spain_1y_bbg_2026-10-05.xlsx
2017-01-04,-0.359900,"Citi Velocity, exported by Charlie",spain_1y_bbg_2026-10-05.xlsx
2017-01-05,-0.312600,"Citi Velocity, exported by Charlie",spain_1y_bbg_2026-10-05.xlsx
2017-01-06,-0.319500,"Citi Velocity, exported by Charlie",spain_1y_bbg_2026-10-05.xlsx
2017-01-09,-0.318800,"Citi Velocity, exported by Charlie",spain_1y_bbg_2026-10-05.xlsx
2017-01-10,-0.296500,"Citi Velocity, exported by Charlie",spain_1y_bbg_2026-10-05.xlsx
2017-01-11,-0.300100,"Citi Velocity, exported by Charlie",spain_1y_bbg_2026-10-05.xlsx
2017-01-12,-0.303400,"Citi Velocity, exported by Charlie",spain_1y_bbg_2026-10-05.xlsx
2017-01-13,-0.277900,"Citi Velocity, exported by Charlie",spain_1y_bbg_2026-10-05.xlsx
2017-01-16,-0.278700,"Citi Velocity, exported by Charlie",spain_1y_bbg_2026-10-05.xlsx
2017-01-17,-0.303400,"Citi Velocity, exported by Charlie",spain_1y_bbg_2026-10-05.xlsx
2017-01-18,-0.293800,"Citi Velocity, exported by Charlie",spain_1y_bbg_2026-10-05.xlsx
2017-01-19,-0.286900,"Citi Velocity, exported by Charlie",spain_1y_bbg_2026-10-05.xlsx
2017-01-20,-0.289200,"Citi Velocity, exported by Charlie",spain_1y_bbg_2026-10-05.xlsx
2017-01-23,-0.293500,"Citi Velocity, exported by Charlie",spain_1y_bbg_2026-10-05.xlsx
2017-01-24,-0.297800,"Citi Velocity, exported by Charlie",spain_1y_bbg_2026-10-05.xlsx
2017-01-25,-0.296600,"Citi Velocity, exported by Charlie",spain_1y_bbg_2026-10-05.xlsx
2017-01-26,-0.285500,"Citi Velocity, exported by Charlie",spain_1y_bbg_2026-10-05.xlsx
2017-01-27,-0.292900,"Citi Velocity, exported by Charlie",spain_1y_bbg_2026-10-05.xlsx
2017-01-30,-0.288100,"Citi Velocity, exported by Charlie",spain_1y_bbg_2026-10-05.xlsx
2017-01-31,-0.300100,"Citi Velocity, exported by Charlie",spain_1y_bbg_2026-10-05.xlsx
2017-02-01,-0.304600,"Citi Velocity, exported by Charlie",spain_1y_bbg_2026-10-05.xlsx
2017-02-02,-0.305700,"Citi Velocity, exported by Charlie",spain_1y_bbg_2026-10-05.xlsx
2017-02-03,-0.297200,"Citi Velocity, exported by Charlie",spain_1y_bbg_2026-10-05.xlsx
2017-02-06,-0.290800,"Citi Velocity, exported by Charlie",spain_1y_bbg_2026-10-05.xlsx
2017-02-07,-0.291700,"Citi Velocity, exported by Charlie",spain_1y_bbg_2026-10-05.xlsx
2017-02-08,-0.293000,"Citi Velocity, exported by Charlie",spain_1y_bbg_2026-10-05.xlsx
2017-02-09,-0.293500,"Citi Velocity, exported by Charlie",spain_1y_bbg_2026-10-05.xlsx
2017-02-10,-0.298600,"Citi Velocity, exported by Charlie",spain_1y_bbg_2026-10-05.xlsx
2017-02-13,-0.285200,"Citi Velocity, exported by Charlie",spain_1y_bbg_2026-10-05.xlsx
2017-02-14,-0.303100,"Citi Velocity, exported by Charlie",spain_1y_bbg_2026-10-05.xlsx
2017-02-15,-0.290900,"Citi Velocity, exported by Charlie",spain_1y_bbg_2026-10-05.xlsx
2017-02-16,-0.292300,"Citi Velocity, exported by Charlie",spain_1y_bbg_2026-10-05.xlsx
2017-02-17,-0.288700,"Citi Velocity, exported by Charlie",spain_1y_bbg_2026-10-05.xlsx
2017-02-20,-0.292500,"Citi Velocity, exported by Charlie",spain_1y_bbg_2026-10-05.xlsx
2017-02-21,-0.282300,"Citi Velocity, exported by Charlie",spain_1y_bbg_2026-10-05.xlsx
2017-02-22,-0.286600,"Citi Velocity, exported by Charlie",spain_1y_bbg_2026-10-05.xlsx
2017-02-23,-0.287500,"Citi Velocity, exported by Charlie",spain_1y_bbg_2026-10-05.xlsx
2017-02-24,-0.292400,"Citi Velocity, exported by Charlie",spain_1y_bbg_2026-10-05.xlsx
2017-02-27,-0.292200,"Citi Velocity, exported by Charlie",spain_1y_bbg_2026-10-05.xlsx
2017-02-28,-0.291500,"Citi Velocity, exported by Charlie",spain_1y_bbg_2026-10-05.xlsx
2017-03-01,-0.292300,"Citi Velocity, exported by Charlie",spain_1y_bbg_2026-10-05.xlsx
2017-03-02,-0.289700,"Citi Velocity, exported by Charlie",spain_1y_bbg_2026-10-05.xlsx
2017-03-03,-0.289500,"Citi Velocity, exported by Charlie",spain_1y_bbg_2026-10-05.xlsx
2017-03-06,-0.294500,"Citi Velocity, exported by Charlie",spain_1y_bbg_2026-10-05.xlsx
2017-03-07,-0.310900,"Citi Velocity, exported by Charlie",spain_1y_bbg_2026-10-05.xlsx
2017-03-08,-0.291400,"Citi Velocity, exported by Charlie",spain_1y_bbg_2026-10-05.xlsx
2017-03-09,-0.281900,"Citi Velocity, exported by Charlie",spain_1y_bbg_2026-10-05.xlsx
2017-03-10,-0.268800,"Citi Velocity, exported by Charlie",spain_1y_bbg_2026-10-05.xlsx
2017-03-13,-0.269500,"Citi Velocity, exported by Charlie",spain_1y_bbg_2026-10-05.xlsx
2017-03-14,-0.264300,"Citi Velocity, exported by Charlie",spain_1y_bbg_2026-10-05.xlsx
2017-03-15,-0.277600,"Citi Velocity, exported by Charlie",spain_1y_bbg_2026-10-05.xlsx
2017-03-16,-0.275400,"Citi Velocity, exported by Charlie",spain_1y_bbg_2026-10-05.xlsx
2017-03-17,-0.275100,"Citi Velocity, exported by Charlie",spain_1y_bbg_2026-10-05.xlsx
2017-03-20,-0.278400,"Citi Velocity, exported by Charlie",spain_1y_bbg_2026-10-05.xlsx
2017-03-21,-0.272600,"Citi Velocity, exported by Charlie",spain_1y_bbg_2026-10-05.xlsx
2017-03-22,-0.277500,"Citi Velocity, exported by Charlie",spain_1y_bbg_2026-10-05.xlsx
2017-03-23,-0.279400,"Citi Velocity, exported by Charlie",spain_1y_bbg_2026-10-05.xlsx
2017-03-24,-0.285900,"Citi Velocity, exported by Charlie",spain_1y_bbg_2026-10-05.xlsx
2017-03-27,-0.286700,"Citi Velocity, exported by Charlie",spain_1y_bbg_2026-10-05.xlsx
2017-03-28,-0.284900,"Citi Velocity, exported by Charlie",spain_1y_bbg_2026-10-05.xlsx
2017-03-29,-0.282600,"Citi Velocity, exported by Charlie",spain_1y_bbg_2026-10-05.xlsx
2017-03-30,-0.284600,"Citi Velocity, exported by Charlie",spain_1y_bbg_2026-10-05.xlsx
2017-03-31,-0.287500,"Citi Velocity, exported by Charlie",spain_1y_bbg_2026-10-05.xlsx
2017-04-03,-0.293100,"Citi Velocity, exported by Charlie",spain_1y_bbg_2026-10-05.xlsx
2017-04-04,-0.295600,"Citi Velocity, exported by Charlie",spain_1y_bbg_2026-10-05.xlsx
2017-04-05,-0.283500,"Citi Velocity, exported by Charlie",spain_1y_bbg_2026-10-05.xlsx
2017-04-06,-0.283400,"Citi Velocity, exported by Charlie",spain_1y_bbg_2026-10-05.xlsx
2017-04-07,-0.291600,"Citi Velocity, exported by Charlie",spain_1y_bbg_2026-10-05.xlsx
2017-04-10,-0.292000,"Citi Velocity, exported by Charlie",spain_1y_bbg_2026-10-05.xlsx
2017-04-11,-0.291800,"Citi Velocity, exported by Charlie",spain_1y_bbg_2026-10-05.xlsx
2017-04-12,-0.295900,"Citi Velocity, exported by Charlie",spain_1y_bbg_2026-10-05.xlsx
2017-04-13,-0.297800,"Citi Velocity, exported by Charlie",spain_1y_bbg_2026-10-05.xlsx
2017-04-18,-0.295600,"Citi Velocity, exported by Charlie",spain_1y_bbg_2026-10-05.xlsx
2017-04-19,-0.299000,"Citi Velocity, exported by Charlie",spain_1y_bbg_2026-10-05.xlsx
2017-04-20,-0.290700,"Citi Velocity, exported by Charlie",spain_1y_bbg_2026-10-05.xlsx
2017-04-21,-0.284300,"Citi Velocity, exported by Charlie",spain_1y_bbg_2026-10-05.xlsx
2017-04-24,-0.304300,"Citi Velocity, exported by Charlie",spain_1y_bbg_2026-10-05.xlsx
2017-04-25,-0.297400,"Citi Velocity, exported by Charlie",spain_1y_bbg_2026-10-05.xlsx
2017-04-26,-0.296700,"Citi Velocity, exported by Charlie",spain_1y_bbg_2026-10-05.xlsx
2017-04-27,-0.311300,"Citi Velocity, exported by Charlie",spain_1y_bbg_2026-10-05.xlsx
2017-04-28,-0.310600,"Citi Velocity, exported by Charlie",spain_1y_bbg_2026-10-05.xlsx
2017-05-02,-0.312600,"Citi Velocity, exported by Charlie",spain_1y_bbg_2026-10-05.xlsx
2017-05-03,-0.321500,"Citi Velocity, exported by Charlie",spain_1y_bbg_2026-10-05.xlsx
2017-05-04,-0.336200,"Citi Velocity, exported by Charlie",spain_1y_bbg_2026-10-05.xlsx
2017-05-05,-0.333500,"Citi Velocity, exported by Charlie",spain_1y_bbg_2026-10-05.xlsx
2017-05-08,-0.343100,"Citi Velocity, exported by Charlie",spain_1y_bbg_2026-10-05.xlsx
2017-05-09,-0.344200,"Citi Velocity, exported by Charlie",spain_1y_bbg_2026-10-05.xlsx
2017-05-10,-0.337600,"Citi Velocity, exported by Charlie",spain_1y_bbg_2026-10-05.xlsx
2017-05-11,-0.333000,"Citi Velocity, exported by Charlie",spain_1y_bbg_2026-10-05.xlsx
2017-05-12,-0.330900,"Citi Velocity, exported by Charlie",spain_1y_bbg_2026-10-05.xlsx
2017-05-15,-0.329800,"Citi Velocity, exported by Charlie",spain_1y_bbg_2026-10-05.xlsx
2017-05-16,-0.342200,"Citi Velocity, exported by Charlie",spain_1y_bbg_2026-10-05.xlsx
2017-05-17,-0.345700,"Citi Velocity, exported by Charlie",spain_1y_bbg_2026-10-05.xlsx
2017-05-18,-0.344600,"Citi Velocity, exported by Charlie",spain_1y_bbg_2026-10-05.xlsx
2017-05-19,-0.355200,"Citi Velocity, exported by Charlie",spain_1y_bbg_2026-10-05.xlsx
2017-05-22,-0.349600,"Citi Velocity, exported by Charlie",spain_1y_bbg_2026-10-05.xlsx
2017-05-23,-0.346000,"Citi Velocity, exported by Charlie",spain_1y_bbg_2026-10-05.xlsx
2017-05-24,-0.362300,"Citi Velocity, exported by Charlie",spain_1y_bbg_2026-10-05.xlsx
2017-05-25,-0.354600,"Citi Velocity, exported by Charlie",spain_1y_bbg_2026-10-05.xlsx
2017-05-26,-0.354100,"Citi Velocity, exported by Charlie",spain_1y_bbg_2026-10-05.xlsx
2017-05-29,-0.353100,"Citi Velocity, exported by Charlie",spain_1y_bbg_2026-10-05.xlsx
2017-05-30,-0.355600,"Citi Velocity, exported by Charlie",spain_1y_bbg_2026-10-05.xlsx
2017-05-31,-0.366100,"Citi Velocity, exported by Charlie",spain_1y_bbg_2026-10-05.xlsx
2017-06-01,-0.366100,"Citi Velocity, exported by Charlie",spain_1y_bbg_2026-10-05.xlsx
2017-06-02,-0.362500,"Citi Velocity, exported by Charlie",spain_1y_bbg_2026-10-05.xlsx
2017-06-05,-0.362500,"Citi Velocity, exported by Charlie",spain_1y_bbg_2026-10-05.xlsx
2017-06-06,-0.363000,"Citi Velocity, exported by Charlie",spain_1y_bbg_2026-10-05.xlsx
2017-06-07,-0.370000,"Citi Velocity, exported by Charlie",spain_1y_bbg_2026-10-05.xlsx
2017-06-08,-0.367900,"Citi Velocity, exported by Charlie",spain_1y_bbg_2026-10-05.xlsx
2017-06-09,-0.384100,"Citi Velocity, exported by Charlie",spain_1y_bbg_2026-10-05.xlsx
2017-06-12,-0.379900,"Citi Velocity, exported by Charlie",spain_1y_bbg_2026-10-05.xlsx
2017-06-13,-0.382100,"Citi Velocity, exported by Charlie",spain_1y_bbg_2026-10-05.xlsx
2017-06-14,-0.374900,"Citi Velocity, exported by Charlie",spain_1y_bbg_2026-10-05.xlsx
2017-06-15,-0.367600,"Citi Velocity, exported by Charlie",spain_1y_bbg_2026-10-05.xlsx
2017-06-16,-0.355700,"Citi Velocity, exported by Charlie",spain_1y_bbg_2026-10-05.xlsx
2017-06-19,-0.357700,"Citi Velocity, exported by Charlie",spain_1y_bbg_2026-10-05.xlsx
2017-06-20,-0.363700,"Citi Velocity, exported by Charlie",spain_1y_bbg_2026-10-05.xlsx
2017-06-21,-0.367200,"Citi Velocity, exported by Charlie",spain_1y_bbg_2026-10-05.xlsx
2017-06-22,-0.366300,"Citi Velocity, exported by Charlie",spain_1y_bbg_2026-10-05.xlsx
2017-06-23,-0.366800,"Citi Velocity, exported by Charlie",spain_1y_bbg_2026-10-05.xlsx
2017-06-26,-0.374500,"Citi Velocity, exported by Charlie",spain_1y_bbg_2026-10-05.xlsx
2017-06-27,-0.366900,"Citi Velocity, exported by Charlie",spain_1y_bbg_2026-10-05.xlsx
2017-06-28,-0.365400,"Citi Velocity, exported by Charlie",spain_1y_bbg_2026-10-05.xlsx
2017-06-29,-0.357200,"Citi Velocity, exported by Charlie",spain_1y_bbg_2026-10-05.xlsx
2017-06-30,-0.370100,"Citi Velocity, exported by Charlie",spain_1y_bbg_2026-10-05.xlsx
2017-07-03,-0.390900,"Citi Velocity, exported by Charlie",spain_1y_bbg_2026-10-05.xlsx
2017-07-04,-0.387900,"Citi Velocity, exported by Charlie",spain_1y_bbg_2026-10-05.xlsx
2017-07-05,-0.391600,"Citi Velocity, exported by Charlie",spain_1y_bbg_2026-10-05.xlsx
2017-07-06,-0.387700,"Citi Velocity, exported by Charlie",spain_1y_bbg_2026-10-05.xlsx
2017-07-07,-0.388800,"Citi Velocity, exported by Charlie",spain_1y_bbg_2026-10-05.xlsx
2017-07-10,-0.385200,"Citi Velocity, exported by Charlie",spain_1y_bbg_2026-10-05.xlsx
2017-07-11,-0.378900,"Citi Velocity, exported by Charlie",spain_1y_bbg_2026-10-05.xlsx
2017-07-12,-0.362600,"Citi Velocity, exported by Charlie",spain_1y_bbg_2026-10-05.xlsx
2017-07-13,-0.362700,"Citi Velocity, exported by Charlie",spain_1y_bbg_2026-10-05.xlsx
2017-07-14,-0.361700,"Citi Velocity, exported by Charlie",spain_1y_bbg_2026-10-05.xlsx
2017-07-17,-0.359700,"Citi Velocity, exported by Charlie",spain_1y_bbg_2026-10-05.xlsx
2017-07-18,-0.357700,"Citi Velocity, exported by Charlie",spain_1y_bbg_2026-10-05.xlsx
2017-07-19,-0.358200,"Citi Velocity, exported by Charlie",spain_1y_bbg_2026-10-05.xlsx
2017-07-20,-0.359200,"Citi Velocity, exported by Charlie",spain_1y_bbg_2026-10-05.xlsx
2017-07-21,-0.361800,"Citi Velocity, exported by Charlie",spain_1y_bbg_2026-10-05.xlsx
2017-07-24,-0.360300,"Citi Velocity, exported by Charlie",spain_1y_bbg_2026-10-05.xlsx
2017-07-25,-0.361800,"Citi Velocity, exported by Charlie",spain_1y_bbg_2026-10-05.xlsx
2017-07-26,-0.355700,"Citi Velocity, exported by Charlie",spain_1y_bbg_2026-10-05.xlsx
2017-07-27,-0.362400,"Citi Velocity, exported by Charlie",spain_1y_bbg_2026-10-05.xlsx
2017-07-28,-0.371700,"Citi Velocity, exported by Charlie",spain_1y_bbg_2026-10-05.xlsx
2017-07-31,-0.399200,"Citi Velocity, exported by Charlie",spain_1y_bbg_2026-10-05.xlsx
2017-08-01,-0.401400,"Citi Velocity, exported by Charlie",spain_1y_bbg_2026-10-05.xlsx
2017-08-02,-0.401000,"Citi Velocity, exported by Charlie",spain_1y_bbg_2026-10-05.xlsx
2017-08-03,-0.399300,"Citi Velocity, exported by Charlie",spain_1y_bbg_2026-10-05.xlsx
2017-08-04,-0.402500,"Citi Velocity, exported by Charlie",spain_1y_bbg_2026-10-05.xlsx
2017-08-07,-0.401600,"Citi Velocity, exported by Charlie",spain_1y_bbg_2026-10-05.xlsx
2017-08-08,-0.408600,"Citi Velocity, exported by Charlie",spain_1y_bbg_2026-10-05.xlsx
2017-08-09,-0.407700,"Citi Velocity, exported by Charlie",spain_1y_bbg_2026-10-05.xlsx
2017-08-10,-0.406600,"Citi Velocity, exported by Charlie",spain_1y_bbg_2026-10-05.xlsx
2017-08-11,-0.404000,"Citi Velocity, exported by Charlie",spain_1y_bbg_2026-10-05.xlsx
2017-08-14,-0.407400,"Citi Velocity, exported by Charlie",spain_1y_bbg_2026-10-05.xlsx
2017-08-15,-0.415100,"Citi Velocity, exported by Charlie",spain_1y_bbg_2026-10-05.xlsx
2017-08-16,-0.408800,"Citi Velocity, exported by Charlie",spain_1y_bbg_2026-10-05.xlsx
2017-08-17,-0.382500,"Citi Velocity, exported by Charlie",spain_1y_bbg_2026-10-05.xlsx
2017-08-18,-0.380500,"Citi Velocity, exported by Charlie",spain_1y_bbg_2026-10-05.xlsx
2017-08-21,-0.376100,"Citi Velocity, exported by Charlie",spain_1y_bbg_2026-10-05.xlsx
2017-08-22,-0.376200,"Citi Velocity, exported by Charlie",spain_1y_bbg_2026-10-05.xlsx
2017-08-23,-0.374700,"Citi Velocity, exported by Charlie",spain_1y_bbg_2026-10-05.xlsx
2017-08-24,-0.379900,"Citi Velocity, exported by Charlie",spain_1y_bbg_2026-10-05.xlsx
2017-08-25,-0.380500,"Citi Velocity, exported by Charlie",spain_1y_bbg_2026-10-05.xlsx
2017-08-28,-0.385600,"Citi Velocity, exported by Charlie",spain_1y_bbg_2026-10-05.xlsx
2017-08-29,-0.377100,"Citi Velocity, exported by Charlie",spain_1y_bbg_2026-10-05.xlsx
2017-08-30,-0.375100,"Citi Velocity, exported by Charlie",spain_1y_bbg_2026-10-05.xlsx
2017-08-31,-0.379900,"Citi Velocity, exported by Charlie",spain_1y_bbg_2026-10-05.xlsx
2017-09-01,-0.379900,"Citi Velocity, exported by Charlie",spain_1y_bbg_2026-10-05.xlsx
2017-09-04,-0.381000,"Citi Velocity, exported by Charlie",spain_1y_bbg_2026-10-05.xlsx
2017-09-05,-0.381100,"Citi Velocity, exported by Charlie",spain_1y_bbg_2026-10-05.xlsx
2017-09-06,-0.381700,"Citi Velocity, exported by Charlie",spain_1y_bbg_2026-10-05.xlsx
2017-09-07,-0.383000,"Citi Velocity, exported by Charlie",spain_1y_bbg_2026-10-05.xlsx
2017-09-08,-0.382000,"Citi Velocity, exported by Charlie",spain_1y_bbg_2026-10-05.xlsx
2017-09-11,-0.382600,"Citi Velocity, exported by Charlie",spain_1y_bbg_2026-10-05.xlsx
2017-09-12,-0.366200,"Citi Velocity, exported by Charlie",spain_1y_bbg_2026-10-05.xlsx
2017-09-13,-0.350800,"Citi Velocity, exported by Charlie",spain_1y_bbg_2026-10-05.xlsx
2017-09-14,-0.356200,"Citi Velocity, exported by Charlie",spain_1y_bbg_2026-10-05.xlsx
2017-09-15,-0.355200,"Citi Velocity, exported by Charlie",spain_1y_bbg_2026-10-05.xlsx
2017-09-18,-0.356200,"Citi Velocity, exported by Charlie",spain_1y_bbg_2026-10-05.xlsx
2017-09-19,-0.352700,"Citi Velocity, exported by Charlie",spain_1y_bbg_2026-10-05.xlsx
2017-09-20,-0.351700,"Citi Velocity, exported by Charlie",spain_1y_bbg_2026-10-05.xlsx
2017-09-21,-0.352200,"Citi Velocity, exported by Charlie",spain_1y_bbg_2026-10-05.xlsx
2017-09-22,-0.353200,"Citi Velocity, exported by Charlie",spain_1y_bbg_2026-10-05.xlsx
2017-09-25,-0.353700,"Citi Velocity, exported by Charlie",spain_1y_bbg_2026-10-05.xlsx
2017-09-26,-0.351100,"Citi Velocity, exported by Charlie",spain_1y_bbg_2026-10-05.xlsx
2017-09-27,-0.355200,"Citi Velocity, exported by Charlie",spain_1y_bbg_2026-10-05.xlsx
2017-09-28,-0.360300,"Citi Velocity, exported by Charlie",spain_1y_bbg_2026-10-05.xlsx
2017-09-29,-0.362400,"Citi Velocity, exported by Charlie",spain_1y_bbg_2026-10-05.xlsx
2017-10-02,-0.359800,"Citi Velocity, exported by Charlie",spain_1y_bbg_2026-10-05.xlsx
2017-10-03,-0.364000,"Citi Velocity, exported by Charlie",spain_1y_bbg_2026-10-05.xlsx
2017-10-04,-0.358200,"Citi Velocity, exported by Charlie",spain_1y_bbg_2026-10-05.xlsx
2017-10-05,-0.349800,"Citi Velocity, exported by Charlie",spain_1y_bbg_2026-10-05.xlsx
2017-10-06,-0.342400,"Citi Velocity, exported by Charlie",spain_1y_bbg_2026-10-05.xlsx
2017-10-09,-0.345000,"Citi Velocity, exported by Charlie",spain_1y_bbg_2026-10-05.xlsx
2017-10-10,-0.311000,"Citi Velocity, exported by Charlie",spain_1y_bbg_2026-10-05.xlsx
2017-10-11,-0.319900,"Citi Velocity, exported by Charlie",spain_1y_bbg_2026-10-05.xlsx
2017-10-12,-0.318100,"Citi Velocity, exported by Charlie",spain_1y_bbg_2026-10-05.xlsx
2017-10-13,-0.315500,"Citi Velocity, exported by Charlie",spain_1y_bbg_2026-10-05.xlsx
2017-10-16,-0.307400,"Citi Velocity, exported by Charlie",spain_1y_bbg_2026-10-05.xlsx
2017-10-17,-0.315800,"Citi Velocity, exported by Charlie",spain_1y_bbg_2026-10-05.xlsx
2017-10-18,-0.317100,"Citi Velocity, exported by Charlie",spain_1y_bbg_2026-10-05.xlsx
2017-10-19,-0.322900,"Citi Velocity, exported by Charlie",spain_1y_bbg_2026-10-05.xlsx
2017-10-20,-0.324800,"Citi Velocity, exported by Charlie",spain_1y_bbg_2026-10-05.xlsx
2017-10-23,-0.345000,"Citi Velocity, exported by Charlie",spain_1y_bbg_2026-10-05.xlsx
2017-10-24,-0.351600,"Citi Velocity, exported by Charlie",spain_1y_bbg_2026-10-05.xlsx
2017-10-25,-0.359300,"Citi Velocity, exported by Charlie",spain_1y_bbg_2026-10-05.xlsx
2017-10-26,-0.361300,"Citi Velocity, exported by Charlie",spain_1y_bbg_2026-10-05.xlsx
2017-10-27,-0.368100,"Citi Velocity, exported by Charlie",spain_1y_bbg_2026-10-05.xlsx
2017-10-30,-0.369100,"Citi Velocity, exported by Charlie",spain_1y_bbg_2026-10-05.xlsx
2017-10-31,-0.373800,"Citi Velocity, exported by Charlie",spain_1y_bbg_2026-10-05.xlsx
2017-11-01,-0.378600,"Citi Velocity, exported by Charlie",spain_1y_bbg_2026-10-05.xlsx
2017-11-02,-0.381400,"Citi Velocity, exported by Charlie",spain_1y_bbg_2026-10-05.xlsx
2017-11-03,-0.378800,"Citi Velocity, exported by Charlie",spain_1y_bbg_2026-10-05.xlsx
2017-11-06,-0.386300,"Citi Velocity, exported by Charlie",spain_1y_bbg_2026-10-05.xlsx
2017-11-07,-0.393300,"Citi Velocity, exported by Charlie",spain_1y_bbg_2026-10-05.xlsx
2017-11-08,-0.400800,"Citi Velocity, exported by Charlie",spain_1y_bbg_2026-10-05.xlsx
2017-11-09,-0.400100,"Citi Velocity, exported by Charlie",spain_1y_bbg_2026-10-05.xlsx
2017-11-10,-0.400800,"Citi Velocity, exported by Charlie",spain_1y_bbg_2026-10-05.xlsx
2017-11-13,-0.396100,"Citi Velocity, exported by Charlie",spain_1y_bbg_2026-10-05.xlsx
2017-11-14,-0.393500,"Citi Velocity, exported by Charlie",spain_1y_bbg_2026-10-05.xlsx
2017-11-15,-0.379800,"Citi Velocity, exported by Charlie",spain_1y_bbg_2026-10-05.xlsx
2017-11-16,-0.377000,"Citi Velocity, exported by Charlie",spain_1y_bbg_2026-10-05.xlsx
2017-11-17,-0.377100,"Citi Velocity, exported by Charlie",spain_1y_bbg_2026-10-05.xlsx
2017-11-20,-0.380600,"Citi Velocity, exported by Charlie",spain_1y_bbg_2026-10-05.xlsx
2017-11-21,-0.380200,"Citi Velocity, exported by Charlie",spain_1y_bbg_2026-10-05.xlsx
2017-11-22,-0.382200,"Citi Velocity, exported by Charlie",spain_1y_bbg_2026-10-05.xlsx
2017-11-23,-0.382500,"Citi Velocity, exported by Charlie",spain_1y_bbg_2026-10-05.xlsx
2017-11-24,-0.385100,"Citi Velocity, exported by Charlie",spain_1y_bbg_2026-10-05.xlsx
2017-11-27,-0.373500,"Citi Velocity, exported by Charlie",spain_1y_bbg_2026-10-05.xlsx
2017-11-28,-0.381600,"Citi Velocity, exported by Charlie",spain_1y_bbg_2026-10-05.xlsx
2017-11-29,-0.381200,"Citi Velocity, exported by Charlie",spain_1y_bbg_2026-10-05.xlsx
2017-11-30,-0.387100,"Citi Velocity, exported by Charlie",spain_1y_bbg_2026-10-05.xlsx
2017-12-01,-0.384600,"Citi Velocity, exported by Charlie",spain_1y_bbg_2026-10-05.xlsx
2017-12-04,-0.383100,"Citi Velocity, exported by Charlie",spain_1y_bbg_2026-10-05.xlsx
2017-12-05,-0.381100,"Citi Velocity, exported by Charlie",spain_1y_bbg_2026-10-05.xlsx
2017-12-06,-0.371900,"Citi Velocity, exported by Charlie",spain_1y_bbg_2026-10-05.xlsx
2017-12-07,-0.396300,"Citi Velocity, exported by Charlie",spain_1y_bbg_2026-10-05.xlsx
2017-12-08,-0.397400,"Citi Velocity, exported by Charlie",spain_1y_bbg_2026-10-05.xlsx
2017-12-11,-0.407500,"Citi Velocity, exported by Charlie",spain_1y_bbg_2026-10-05.xlsx
2017-12-12,-0.401600,"Citi Velocity, exported by Charlie",spain_1y_bbg_2026-10-05.xlsx
2017-12-13,-0.395700,"Citi Velocity, exported by Charlie",spain_1y_bbg_2026-10-05.xlsx
2017-12-14,-0.395100,"Citi Velocity, exported by Charlie",spain_1y_bbg_2026-10-05.xlsx
2017-12-15,-0.398200,"Citi Velocity, exported by Charlie",spain_1y_bbg_2026-10-05.xlsx
2017-12-18,-0.410000,"Citi Velocity, exported by Charlie",spain_1y_bbg_2026-10-05.xlsx
2017-12-19,-0.448800,"Citi Velocity, exported by Charlie",spain_1y_bbg_2026-10-05.xlsx
2017-12-20,-0.455200,"Citi Velocity, exported by Charlie",spain_1y_bbg_2026-10-05.xlsx
2017-12-21,-0.498000,"Citi Velocity, exported by Charlie",spain_1y_bbg_2026-10-05.xlsx
2017-12-22,-0.494200,"Citi Velocity, exported by Charlie",spain_1y_bbg_2026-10-05.xlsx
2017-12-27,-0.521100,"Citi Velocity, exported by Charlie",spain_1y_bbg_2026-10-05.xlsx
2017-12-28,-0.529400,"Citi Velocity, exported by Charlie",spain_1y_bbg_2026-10-05.xlsx
2017-12-29,-0.527800,"Citi Velocity, exported by Charlie",spain_1y_bbg_2026-10-05.xlsx
2018-01-02,-0.474300,"Citi Velocity, exported by Charlie",spain_1y_bbg_2026-10-05.xlsx
2018-01-03,-0.489500,"Citi Velocity, exported by Charlie",spain_1y_bbg_2026-10-05.xlsx
2018-01-04,-0.480000,"Citi Velocity, exported by Charlie",spain_1y_bbg_2026-10-05.xlsx
2018-01-05,-0.485200,"Citi Velocity, exported by Charlie",spain_1y_bbg_2026-10-05.xlsx
2018-01-08,-0.487800,"Citi Velocity, exported by Charlie",spain_1y_bbg_2026-10-05.xlsx
2018-01-09,-0.491400,"Citi Velocity, exported by Charlie",spain_1y_bbg_2026-10-05.xlsx
2018-01-10,-0.455500,"Citi Velocity, exported by Charlie",spain_1y_bbg_2026-10-05.xlsx
2018-01-11,-0.449800,"Citi Velocity, exported by Charlie",spain_1y_bbg_2026-10-05.xlsx
2018-01-12,-0.447300,"Citi Velocity, exported by Charlie",spain_1y_bbg_2026-10-05.xlsx
2018-01-15,-0.421700,"Citi Velocity, exported by Charlie",spain_1y_bbg_2026-10-05.xlsx
2018-01-16,-0.439100,"Citi Velocity, exported by Charlie",spain_1y_bbg_2026-10-05.xlsx
2018-01-17,-0.401900,"Citi Velocity, exported by Charlie",spain_1y_bbg_2026-10-05.xlsx
2018-01-18,-0.416600,"Citi Velocity, exported by Charlie",spain_1y_bbg_2026-10-05.xlsx
2018-01-19,-0.446000,"Citi Velocity, exported by Charlie",spain_1y_bbg_2026-10-05.xlsx
2018-01-22,-0.464600,"Citi Velocity, exported by Charlie",spain_1y_bbg_2026-10-05.xlsx
2018-01-23,-0.462400,"Citi Velocity, exported by Charlie",spain_1y_bbg_2026-10-05.xlsx
2018-01-24,-0.450700,"Citi Velocity, exported by Charlie",spain_1y_bbg_2026-10-05.xlsx
2018-01-25,-0.445500,"Citi Velocity, exported by Charlie",spain_1y_bbg_2026-10-05.xlsx
2018-01-26,-0.445200,"Citi Velocity, exported by Charlie",spain_1y_bbg_2026-10-05.xlsx
2018-01-29,-0.447000,"Citi Velocity, exported by Charlie",spain_1y_bbg_2026-10-05.xlsx
2018-01-30,-0.445700,"Citi Velocity, exported by Charlie",spain_1y_bbg_2026-10-05.xlsx
2018-01-31,-0.451100,"Citi Velocity, exported by Charlie",spain_1y_bbg_2026-10-05.xlsx
2018-02-01,-0.450900,"Citi Velocity, exported by Charlie",spain_1y_bbg_2026-10-05.xlsx
2018-02-02,-0.450600,"Citi Velocity, exported by Charlie",spain_1y_bbg_2026-10-05.xlsx
2018-02-05,-0.450900,"Citi Velocity, exported by Charlie",spain_1y_bbg_2026-10-05.xlsx
2018-02-06,-0.451700,"Citi Velocity, exported by Charlie",spain_1y_bbg_2026-10-05.xlsx
2018-02-07,-0.446300,"Citi Velocity, exported by Charlie",spain_1y_bbg_2026-10-05.xlsx
2018-02-08,-0.449100,"Citi Velocity, exported by Charlie",spain_1y_bbg_2026-10-05.xlsx
2018-02-09,-0.437800,"Citi Velocity, exported by Charlie",spain_1y_bbg_2026-10-05.xlsx
2018-02-12,-0.429100,"Citi Velocity, exported by Charlie",spain_1y_bbg_2026-10-05.xlsx
2018-02-13,-0.430400,"Citi Velocity, exported by Charlie",spain_1y_bbg_2026-10-05.xlsx
2018-02-14,-0.409700,"Citi Velocity, exported by Charlie",spain_1y_bbg_2026-10-05.xlsx
2018-02-15,-0.417600,"Citi Velocity, exported by Charlie",spain_1y_bbg_2026-10-05.xlsx
2018-02-16,-0.423200,"Citi Velocity, exported by Charlie",spain_1y_bbg_2026-10-05.xlsx
2018-02-19,-0.417400,"Citi Velocity, exported by Charlie",spain_1y_bbg_2026-10-05.xlsx
2018-02-20,-0.411600,"Citi Velocity, exported by Charlie",spain_1y_bbg_2026-10-05.xlsx
2018-02-21,-0.403300,"Citi Velocity, exported by Charlie",spain_1y_bbg_2026-10-05.xlsx
2018-02-22,-0.406200,"Citi Velocity, exported by Charlie",spain_1y_bbg_2026-10-05.xlsx
2018-02-23,-0.414900,"Citi Velocity, exported by Charlie",spain_1y_bbg_2026-10-05.xlsx
2018-02-26,-0.412000,"Citi Velocity, exported by Charlie",spain_1y_bbg_2026-10-05.xlsx
2018-02-27,-0.410100,"Citi Velocity, exported by Charlie",spain_1y_bbg_2026-10-05.xlsx
2018-02-28,-0.411300,"Citi Velocity, exported by Charlie",spain_1y_bbg_2026-10-05.xlsx
2018-03-01,-0.410800,"Citi Velocity, exported by Charlie",spain_1y_bbg_2026-10-05.xlsx
2018-03-02,-0.409900,"Citi Velocity, exported by Charlie",spain_1y_bbg_2026-10-05.xlsx
2018-03-05,-0.404900,"Citi Velocity, exported by Charlie",spain_1y_bbg_2026-10-05.xlsx
2018-03-06,-0.408100,"Citi Velocity, exported by Charlie",spain_1y_bbg_2026-10-05.xlsx
2018-03-07,-0.399400,"Citi Velocity, exported by Charlie",spain_1y_bbg_2026-10-05.xlsx
2018-03-08,-0.406200,"Citi Velocity, exported by Charlie",spain_1y_bbg_2026-10-05.xlsx
2018-03-09,-0.415300,"Citi Velocity, exported by Charlie",spain_1y_bbg_2026-10-05.xlsx
2018-03-12,-0.425400,"Citi Velocity, exported by Charlie",spain_1y_bbg_2026-10-05.xlsx
2018-03-13,-0.431500,"Citi Velocity, exported by Charlie",spain_1y_bbg_2026-10-05.xlsx
2018-03-14,-0.426800,"Citi Velocity, exported by Charlie",spain_1y_bbg_2026-10-05.xlsx
2018-03-15,-0.426800,"Citi Velocity, exported by Charlie",spain_1y_bbg_2026-10-05.xlsx
2018-03-16,-0.427000,"Citi Velocity, exported by Charlie",spain_1y_bbg_2026-10-05.xlsx
2018-03-19,-0.429800,"Citi Velocity, exported by Charlie",spain_1y_bbg_2026-10-05.xlsx
2018-03-20,-0.430000,"Citi Velocity, exported by Charlie",spain_1y_bbg_2026-10-05.xlsx
2018-03-21,-0.429700,"Citi Velocity, exported by Charlie",spain_1y_bbg_2026-10-05.xlsx
2018-03-22,-0.428800,"Citi Velocity, exported by Charlie",spain_1y_bbg_2026-10-05.xlsx
2018-03-23,-0.429500,"Citi Velocity, exported by Charlie",spain_1y_bbg_2026-10-05.xlsx
2018-03-26,-0.435400,"Citi Velocity, exported by Charlie",spain_1y_bbg_2026-10-05.xlsx
2018-03-27,-0.436100,"Citi Velocity, exported by Charlie",spain_1y_bbg_2026-10-05.xlsx
2018-03-28,-0.437800,"Citi Velocity, exported by Charlie",spain_1y_bbg_2026-10-05.xlsx
2018-03-29,-0.440700,"Citi Velocity, exported by Charlie",spain_1y_bbg_2026-10-05.xlsx
2018-04-03,-0.436700,"Citi Velocity, exported by Charlie",spain_1y_bbg_2026-10-05.xlsx
2018-04-04,-0.412700,"Citi Velocity, exported by Charlie",spain_1y_bbg_2026-10-05.xlsx
2018-04-05,-0.415100,"Citi Velocity, exported by Charlie",spain_1y_bbg_2026-10-05.xlsx
2018-04-06,-0.419700,"Citi Velocity, exported by Charlie",spain_1y_bbg_2026-10-05.xlsx
2018-04-09,-0.411400,"Citi Velocity, exported by Charlie",spain_1y_bbg_2026-10-05.xlsx
2018-04-10,-0.416600,"Citi Velocity, exported by Charlie",spain_1y_bbg_2026-10-05.xlsx
2018-04-11,-0.422300,"Citi Velocity, exported by Charlie",spain_1y_bbg_2026-10-05.xlsx
2018-04-12,-0.424300,"Citi Velocity, exported by Charlie",spain_1y_bbg_2026-10-05.xlsx
2018-04-13,-0.427500,"Citi Velocity, exported by Charlie",spain_1y_bbg_2026-10-05.xlsx
2018-04-16,-0.427200,"Citi Velocity, exported by Charlie",spain_1y_bbg_2026-10-05.xlsx
2018-04-17,-0.429500,"Citi Velocity, exported by Charlie",spain_1y_bbg_2026-10-05.xlsx
2018-04-18,-0.428100,"Citi Velocity, exported by Charlie",spain_1y_bbg_2026-10-05.xlsx
2018-04-19,-0.429300,"Citi Velocity, exported by Charlie",spain_1y_bbg_2026-10-05.xlsx
2018-04-20,-0.429500,"Citi Velocity, exported by Charlie",spain_1y_bbg_2026-10-05.xlsx
2018-04-23,-0.429200,"Citi Velocity, exported by Charlie",spain_1y_bbg_2026-10-05.xlsx
2018-04-24,-0.430400,"Citi Velocity, exported by Charlie",spain_1y_bbg_2026-10-05.xlsx
2018-04-25,-0.428000,"Citi Velocity, exported by Charlie",spain_1y_bbg_2026-10-05.xlsx
2018-04-26,-0.428100,"Citi Velocity, exported by Charlie",spain_1y_bbg_2026-10-05.xlsx
2018-04-27,-0.430700,"Citi Velocity, exported by Charlie",spain_1y_bbg_2026-10-05.xlsx
2018-04-30,-0.430400,"Citi Velocity, exported by Charlie",spain_1y_bbg_2026-10-05.xlsx
2018-05-02,-0.434300,"Citi Velocity, exported by Charlie",spain_1y_bbg_2026-10-05.xlsx
2018-05-03,-0.432900,"Citi Velocity, exported by Charlie",spain_1y_bbg_2026-10-05.xlsx
2018-05-04,-0.434700,"Citi Velocity, exported by Charlie",spain_1y_bbg_2026-10-05.xlsx
2018-05-07,-0.427900,"Citi Velocity, exported by Charlie",spain_1y_bbg_2026-10-05.xlsx
2018-05-08,-0.429200,"Citi Velocity, exported by Charlie",spain_1y_bbg_2026-10-05.xlsx
2018-05-09,-0.406800,"Citi Velocity, exported by Charlie",spain_1y_bbg_2026-10-05.xlsx
2018-05-10,-0.388900,"Citi Velocity, exported by Charlie",spain_1y_bbg_2026-10-05.xlsx
2018-05-11,-0.387000,"Citi Velocity, exported by Charlie",spain_1y_bbg_2026-10-05.xlsx
2018-05-14,-0.383600,"Citi Velocity, exported by Charlie",spain_1y_bbg_2026-10-05.xlsx
2018-05-15,-0.372200,"Citi Velocity, exported by Charlie",spain_1y_bbg_2026-10-05.xlsx
2018-05-16,-0.355700,"Citi Velocity, exported by Charlie",spain_1y_bbg_2026-10-05.xlsx
2018-05-17,-0.380900,"Citi Velocity, exported by Charlie",spain_1y_bbg_2026-10-05.xlsx
2018-05-18,-0.373900,"Citi Velocity, exported by Charlie",spain_1y_bbg_2026-10-05.xlsx
2018-05-21,-0.356700,"Citi Velocity, exported by Charlie",spain_1y_bbg_2026-10-05.xlsx
2018-05-22,-0.355200,"Citi Velocity, exported by Charlie",spain_1y_bbg_2026-10-05.xlsx
2018-05-23,-0.354100,"Citi Velocity, exported by Charlie",spain_1y_bbg_2026-10-05.xlsx
2018-05-24,-0.359300,"Citi Velocity, exported by Charlie",spain_1y_bbg_2026-10-05.xlsx
2018-05-25,-0.301400,"Citi Velocity, exported by Charlie",spain_1y_bbg_2026-10-05.xlsx
2018-05-28,-0.340600,"Citi Velocity, exported by Charlie",spain_1y_bbg_2026-10-05.xlsx
2018-05-29,-0.139500,"Citi Velocity, exported by Charlie",spain_1y_bbg_2026-10-05.xlsx
2018-05-30,-0.166600,"Citi Velocity, exported by Charlie",spain_1y_bbg_2026-10-05.xlsx
2018-05-31,-0.238200,"Citi Velocity, exported by Charlie",spain_1y_bbg_2026-10-05.xlsx
2018-06-01,-0.315000,"Citi Velocity, exported by Charlie",spain_1y_bbg_2026-10-05.xlsx
2018-06-04,-0.356100,"Citi Velocity, exported by Charlie",spain_1y_bbg_2026-10-05.xlsx
2018-06-05,-0.370500,"Citi Velocity, exported by Charlie",spain_1y_bbg_2026-10-05.xlsx
2018-06-06,-0.374200,"Citi Velocity, exported by Charlie",spain_1y_bbg_2026-10-05.xlsx
2018-06-07,-0.385600,"Citi Velocity, exported by Charlie",spain_1y_bbg_2026-10-05.xlsx
2018-06-08,-0.384100,"Citi Velocity, exported by Charlie",spain_1y_bbg_2026-10-05.xlsx
2018-06-11,-0.377700,"Citi Velocity, exported by Charlie",spain_1y_bbg_2026-10-05.xlsx
2018-06-12,-0.379900,"Citi Velocity, exported by Charlie",spain_1y_bbg_2026-10-05.xlsx
2018-06-13,-0.346900,"Citi Velocity, exported by Charlie",spain_1y_bbg_2026-10-05.xlsx
2018-06-14,-0.359200,"Citi Velocity, exported by Charlie",spain_1y_bbg_2026-10-05.xlsx
2018-06-15,-0.362200,"Citi Velocity, exported by Charlie",spain_1y_bbg_2026-10-05.xlsx
2018-06-18,-0.367500,"Citi Velocity, exported by Charlie",spain_1y_bbg_2026-10-05.xlsx
2018-06-19,-0.363400,"Citi Velocity, exported by Charlie",spain_1y_bbg_2026-10-05.xlsx
2018-06-20,-0.365200,"Citi Velocity, exported by Charlie",spain_1y_bbg_2026-10-05.xlsx
2018-06-21,-0.334000,"Citi Velocity, exported by Charlie",spain_1y_bbg_2026-10-05.xlsx
2018-06-22,-0.348300,"Citi Velocity, exported by Charlie",spain_1y_bbg_2026-10-05.xlsx
2018-06-25,-0.351100,"Citi Velocity, exported by Charlie",spain_1y_bbg_2026-10-05.xlsx
2018-06-26,-0.355600,"Citi Velocity, exported by Charlie",spain_1y_bbg_2026-10-05.xlsx
2018-06-27,-0.381100,"Citi Velocity, exported by Charlie",spain_1y_bbg_2026-10-05.xlsx
2018-06-28,-0.375200,"Citi Velocity, exported by Charlie",spain_1y_bbg_2026-10-05.xlsx
2018-06-29,-0.382400,"Citi Velocity, exported by Charlie",spain_1y_bbg_2026-10-05.xlsx
2018-07-02,-0.384500,"Citi Velocity, exported by Charlie",spain_1y_bbg_2026-10-05.xlsx
2018-07-03,-0.389400,"Citi Velocity, exported by Charlie",spain_1y_bbg_2026-10-05.xlsx
2018-07-04,-0.388000,"Citi Velocity, exported by Charlie",spain_1y_bbg_2026-10-05.xlsx
2018-07-05,-0.389300,"Citi Velocity, exported by Charlie",spain_1y_bbg_2026-10-05.xlsx
2018-07-06,-0.392100,"Citi Velocity, exported by Charlie",spain_1y_bbg_2026-10-05.xlsx
2018-07-09,-0.358900,"Citi Velocity, exported by Charlie",spain_1y_bbg_2026-10-05.xlsx
2018-07-10,-0.360600,"Citi Velocity, exported by Charlie",spain_1y_bbg_2026-10-05.xlsx
2018-07-11,-0.356100,"Citi Velocity, exported by Charlie",spain_1y_bbg_2026-10-05.xlsx
2018-07-12,-0.362100,"Citi Velocity, exported by Charlie",spain_1y_bbg_2026-10-05.xlsx
2018-07-13,-0.378200,"Citi Velocity, exported by Charlie",spain_1y_bbg_2026-10-05.xlsx
2018-07-16,-0.386700,"Citi Velocity, exported by Charlie",spain_1y_bbg_2026-10-05.xlsx
2018-07-17,-0.380500,"Citi Velocity, exported by Charlie",spain_1y_bbg_2026-10-05.xlsx
2018-07-18,-0.389800,"Citi Velocity, exported by Charlie",spain_1y_bbg_2026-10-05.xlsx
2018-07-19,-0.400200,"Citi Velocity, exported by Charlie",spain_1y_bbg_2026-10-05.xlsx
2018-07-20,-0.405500,"Citi Velocity, exported by Charlie",spain_1y_bbg_2026-10-05.xlsx
2018-07-23,-0.401800,"Citi Velocity, exported by Charlie",spain_1y_bbg_2026-10-05.xlsx
2018-07-24,-0.402000,"Citi Velocity, exported by Charlie",spain_1y_bbg_2026-10-05.xlsx
2018-07-25,-0.406500,"Citi Velocity, exported by Charlie",spain_1y_bbg_2026-10-05.xlsx
2018-07-26,-0.409700,"Citi Velocity, exported by Charlie",spain_1y_bbg_2026-10-05.xlsx
2018-07-27,-0.411100,"Citi Velocity, exported by Charlie",spain_1y_bbg_2026-10-05.xlsx
2018-07-30,-0.419000,"Citi Velocity, exported by Charlie",spain_1y_bbg_2026-10-05.xlsx
2018-07-31,-0.421100,"Citi Velocity, exported by Charlie",spain_1y_bbg_2026-10-05.xlsx
2018-08-01,-0.421100,"Citi Velocity, exported by Charlie",spain_1y_bbg_2026-10-05.xlsx
2018-08-02,-0.423100,"Citi Velocity, exported by Charlie",spain_1y_bbg_2026-10-05.xlsx
2018-08-03,-0.422500,"Citi Velocity, exported by Charlie",spain_1y_bbg_2026-10-05.xlsx
2018-08-06,-0.425500,"Citi Velocity, exported by Charlie",spain_1y_bbg_2026-10-05.xlsx
2018-08-07,-0.426400,"Citi Velocity, exported by Charlie",spain_1y_bbg_2026-10-05.xlsx
2018-08-08,-0.423200,"Citi Velocity, exported by Charlie",spain_1y_bbg_2026-10-05.xlsx
2018-08-09,-0.411100,"Citi Velocity, exported by Charlie",spain_1y_bbg_2026-10-05.xlsx
2018-08-10,-0.412500,"Citi Velocity, exported by Charlie",spain_1y_bbg_2026-10-05.xlsx
2018-08-13,-0.401000,"Citi Velocity, exported by Charlie",spain_1y_bbg_2026-10-05.xlsx
2018-08-14,-0.399500,"Citi Velocity, exported by Charlie",spain_1y_bbg_2026-10-05.xlsx
2018-08-15,-0.371100,"Citi Velocity, exported by Charlie",spain_1y_bbg_2026-10-05.xlsx
2018-08-16,-0.387600,"Citi Velocity, exported by Charlie",spain_1y_bbg_2026-10-05.xlsx
2018-08-17,-0.397000,"Citi Velocity, exported by Charlie",spain_1y_bbg_2026-10-05.xlsx
2018-08-20,-0.398100,"Citi Velocity, exported by Charlie",spain_1y_bbg_2026-10-05.xlsx
2018-08-21,-0.407000,"Citi Velocity, exported by Charlie",spain_1y_bbg_2026-10-05.xlsx
2018-08-22,-0.410100,"Citi Velocity, exported by Charlie",spain_1y_bbg_2026-10-05.xlsx
2018-08-23,-0.413100,"Citi Velocity, exported by Charlie",spain_1y_bbg_2026-10-05.xlsx
2018-08-24,-0.415900,"Citi Velocity, exported by Charlie",spain_1y_bbg_2026-10-05.xlsx
2018-08-27,-0.415100,"Citi Velocity, exported by Charlie",spain_1y_bbg_2026-10-05.xlsx
2018-08-28,-0.404700,"Citi Velocity, exported by Charlie",spain_1y_bbg_2026-10-05.xlsx
2018-08-29,-0.405700,"Citi Velocity, exported by Charlie",spain_1y_bbg_2026-10-05.xlsx
2018-08-30,-0.410500,"Citi Velocity, exported by Charlie",spain_1y_bbg_2026-10-05.xlsx
2018-08-31,-0.413500,"Citi Velocity, exported by Charlie",spain_1y_bbg_2026-10-05.xlsx
2018-09-03,-0.413600,"Citi Velocity, exported by Charlie",spain_1y_bbg_2026-10-05.xlsx
2018-09-04,-0.411500,"Citi Velocity, exported by Charlie",spain_1y_bbg_2026-10-05.xlsx
2018-09-05,-0.407900,"Citi Velocity, exported by Charlie",spain_1y_bbg_2026-10-05.xlsx
2018-09-06,-0.408200,"Citi Velocity, exported by Charlie",spain_1y_bbg_2026-10-05.xlsx
2018-09-07,-0.396000,"Citi Velocity, exported by Charlie",spain_1y_bbg_2026-10-05.xlsx
2018-09-10,-0.399900,"Citi Velocity, exported by Charlie",spain_1y_bbg_2026-10-05.xlsx
2018-09-11,-0.409600,"Citi Velocity, exported by Charlie",spain_1y_bbg_2026-10-05.xlsx
2018-09-12,-0.371000,"Citi Velocity, exported by Charlie",spain_1y_bbg_2026-10-05.xlsx
2018-09-13,-0.372300,"Citi Velocity, exported by Charlie",spain_1y_bbg_2026-10-05.xlsx
2018-09-14,-0.370600,"Citi Velocity, exported by Charlie",spain_1y_bbg_2026-10-05.xlsx
2018-09-17,-0.368000,"Citi Velocity, exported by Charlie",spain_1y_bbg_2026-10-05.xlsx
2018-09-18,-0.361000,"Citi Velocity, exported by Charlie",spain_1y_bbg_2026-10-05.xlsx
2018-09-19,-0.366200,"Citi Velocity, exported by Charlie",spain_1y_bbg_2026-10-05.xlsx
2018-09-20,-0.363900,"Citi Velocity, exported by Charlie",spain_1y_bbg_2026-10-05.xlsx
2018-09-21,-0.367900,"Citi Velocity, exported by Charlie",spain_1y_bbg_2026-10-05.xlsx
2018-09-24,-0.356900,"Citi Velocity, exported by Charlie",spain_1y_bbg_2026-10-05.xlsx
2018-09-25,-0.357700,"Citi Velocity, exported by Charlie",spain_1y_bbg_2026-10-05.xlsx
2018-09-26,-0.343100,"Citi Velocity, exported by Charlie",spain_1y_bbg_2026-10-05.xlsx
2018-09-27,-0.341000,"Citi Velocity, exported by Charlie",spain_1y_bbg_2026-10-05.xlsx
2018-09-28,-0.310600,"Citi Velocity, exported by Charlie",spain_1y_bbg_2026-10-05.xlsx
2018-10-01,-0.327600,"Citi Velocity, exported by Charlie",spain_1y_bbg_2026-10-05.xlsx
2018-10-02,-0.327100,"Citi Velocity, exported by Charlie",spain_1y_bbg_2026-10-05.xlsx
2018-10-03,-0.331600,"Citi Velocity, exported by Charlie",spain_1y_bbg_2026-10-05.xlsx
2018-10-04,-0.335300,"Citi Velocity, exported by Charlie",spain_1y_bbg_2026-10-05.xlsx
2018-10-05,-0.331600,"Citi Velocity, exported by Charlie",spain_1y_bbg_2026-10-05.xlsx
2018-10-08,-0.306100,"Citi Velocity, exported by Charlie",spain_1y_bbg_2026-10-05.xlsx
2018-10-09,-0.289300,"Citi Velocity, exported by Charlie",spain_1y_bbg_2026-10-05.xlsx
2018-10-10,-0.284000,"Citi Velocity, exported by Charlie",spain_1y_bbg_2026-10-05.xlsx
2018-10-11,-0.282100,"Citi Velocity, exported by Charlie",spain_1y_bbg_2026-10-05.xlsx
2018-10-12,-0.284000,"Citi Velocity, exported by Charlie",spain_1y_bbg_2026-10-05.xlsx
2018-10-15,-0.284200,"Citi Velocity, exported by Charlie",spain_1y_bbg_2026-10-05.xlsx
2018-10-16,-0.284000,"Citi Velocity, exported by Charlie",spain_1y_bbg_2026-10-05.xlsx
2018-10-17,-0.286200,"Citi Velocity, exported by Charlie",spain_1y_bbg_2026-10-05.xlsx
2018-10-18,-0.284400,"Citi Velocity, exported by Charlie",spain_1y_bbg_2026-10-05.xlsx
2018-10-19,-0.277100,"Citi Velocity, exported by Charlie",spain_1y_bbg_2026-10-05.xlsx
2018-10-22,-0.290800,"Citi Velocity, exported by Charlie",spain_1y_bbg_2026-10-05.xlsx
2018-10-23,-0.295500,"Citi Velocity, exported by Charlie",spain_1y_bbg_2026-10-05.xlsx
2018-10-24,-0.305700,"Citi Velocity, exported by Charlie",spain_1y_bbg_2026-10-05.xlsx
2018-10-25,-0.327400,"Citi Velocity, exported by Charlie",spain_1y_bbg_2026-10-05.xlsx
2018-10-26,-0.344900,"Citi Velocity, exported by Charlie",spain_1y_bbg_2026-10-05.xlsx
2018-10-29,-0.351000,"Citi Velocity, exported by Charlie",spain_1y_bbg_2026-10-05.xlsx
2018-10-30,-0.351200,"Citi Velocity, exported by Charlie",spain_1y_bbg_2026-10-05.xlsx
2018-10-31,-0.365000,"Citi Velocity, exported by Charlie",spain_1y_bbg_2026-10-05.xlsx
2018-11-01,-0.368500,"Citi Velocity, exported by Charlie",spain_1y_bbg_2026-10-05.xlsx
2018-11-02,-0.372100,"Citi Velocity, exported by Charlie",spain_1y_bbg_2026-10-05.xlsx
2018-11-05,-0.378600,"Citi Velocity, exported by Charlie",spain_1y_bbg_2026-10-05.xlsx
2018-11-06,-0.384400,"Citi Velocity, exported by Charlie",spain_1y_bbg_2026-10-05.xlsx
2018-11-07,-0.381500,"Citi Velocity, exported by Charlie",spain_1y_bbg_2026-10-05.xlsx
2018-11-08,-0.380700,"Citi Velocity, exported by Charlie",spain_1y_bbg_2026-10-05.xlsx
2018-11-09,-0.356000,"Citi Velocity, exported by Charlie",spain_1y_bbg_2026-10-05.xlsx
2018-11-12,-0.351600,"Citi Velocity, exported by Charlie",spain_1y_bbg_2026-10-05.xlsx
2018-11-13,-0.342900,"Citi Velocity, exported by Charlie",spain_1y_bbg_2026-10-05.xlsx
2018-11-14,-0.325300,"Citi Velocity, exported by Charlie",spain_1y_bbg_2026-10-05.xlsx
2018-11-15,-0.331400,"Citi Velocity, exported by Charlie",spain_1y_bbg_2026-10-05.xlsx
2018-11-16,-0.331300,"Citi Velocity, exported by Charlie",spain_1y_bbg_2026-10-05.xlsx
2018-11-19,-0.335700,"Citi Velocity, exported by Charlie",spain_1y_bbg_2026-10-05.xlsx
2018-11-20,-0.342400,"Citi Velocity, exported by Charlie",spain_1y_bbg_2026-10-05.xlsx
2018-11-21,-0.342800,"Citi Velocity, exported by Charlie",spain_1y_bbg_2026-10-05.xlsx
2018-11-22,-0.343400,"Citi Velocity, exported by Charlie",spain_1y_bbg_2026-10-05.xlsx
2018-11-23,-0.347400,"Citi Velocity, exported by Charlie",spain_1y_bbg_2026-10-05.xlsx
2018-11-26,-0.346700,"Citi Velocity, exported by Charlie",spain_1y_bbg_2026-10-05.xlsx
2018-11-27,-0.351500,"Citi Velocity, exported by Charlie",spain_1y_bbg_2026-10-05.xlsx
2018-11-28,-0.349000,"Citi Velocity, exported by Charlie",spain_1y_bbg_2026-10-05.xlsx
2018-11-29,-0.343700,"Citi Velocity, exported by Charlie",spain_1y_bbg_2026-10-05.xlsx
2018-11-30,-0.337400,"Citi Velocity, exported by Charlie",spain_1y_bbg_2026-10-05.xlsx
2018-12-03,-0.319300,"Citi Velocity, exported by Charlie",spain_1y_bbg_2026-10-05.xlsx
2018-12-04,-0.335400,"Citi Velocity, exported by Charlie",spain_1y_bbg_2026-10-05.xlsx
2018-12-05,-0.325800,"Citi Velocity, exported by Charlie",spain_1y_bbg_2026-10-05.xlsx
2018-12-06,-0.321800,"Citi Velocity, exported by Charlie",spain_1y_bbg_2026-10-05.xlsx
2018-12-07,-0.323000,"Citi Velocity, exported by Charlie",spain_1y_bbg_2026-10-05.xlsx
2018-12-10,-0.324000,"Citi Velocity, exported by Charlie",spain_1y_bbg_2026-10-05.xlsx
2018-12-11,-0.320600,"Citi Velocity, exported by Charlie",spain_1y_bbg_2026-10-05.xlsx
2018-12-12,-0.320600,"Citi Velocity, exported by Charlie",spain_1y_bbg_2026-10-05.xlsx
2018-12-13,-0.321000,"Citi Velocity, exported by Charlie",spain_1y_bbg_2026-10-05.xlsx
2018-12-14,-0.318100,"Citi Velocity, exported by Charlie",spain_1y_bbg_2026-10-05.xlsx
2018-12-17,-0.318400,"Citi Velocity, exported by Charlie",spain_1y_bbg_2026-10-05.xlsx
2018-12-18,-0.312700,"Citi Velocity, exported by Charlie",spain_1y_bbg_2026-10-05.xlsx
2018-12-19,-0.310100,"Citi Velocity, exported by Charlie",spain_1y_bbg_2026-10-05.xlsx
2018-12-20,-0.324300,"Citi Velocity, exported by Charlie",spain_1y_bbg_2026-10-05.xlsx
2018-12-21,-0.332400,"Citi Velocity, exported by Charlie",spain_1y_bbg_2026-10-05.xlsx
2018-12-24,-0.333700,"Citi Velocity, exported by Charlie",spain_1y_bbg_2026-10-05.xlsx
2018-12-27,-0.358700,"Citi Velocity, exported by Charlie",spain_1y_bbg_2026-10-05.xlsx
2018-12-28,-0.363800,"Citi Velocity, exported by Charlie",spain_1y_bbg_2026-10-05.xlsx
2018-12-31,-0.365100,"Citi Velocity, exported by Charlie",spain_1y_bbg_2026-10-05.xlsx
2019-01-02,-0.366600,"Citi Velocity, exported by Charlie",spain_1y_bbg_2026-10-05.xlsx
2019-01-03,-0.373400,"Citi Velocity, exported by Charlie",spain_1y_bbg_2026-10-05.xlsx
2019-01-04,-0.371400,"Citi Velocity, exported by Charlie",spain_1y_bbg_2026-10-05.xlsx
2019-01-07,-0.371100,"Citi Velocity, exported by Charlie",spain_1y_bbg_2026-10-05.xlsx
2019-01-08,-0.360600,"Citi Velocity, exported by Charlie",spain_1y_bbg_2026-10-05.xlsx
2019-01-09,-0.336200,"Citi Velocity, exported by Charlie",spain_1y_bbg_2026-10-05.xlsx
2019-01-10,-0.334400,"Citi Velocity, exported by Charlie",spain_1y_bbg_2026-10-05.xlsx
2019-01-11,-0.326000,"Citi Velocity, exported by Charlie",spain_1y_bbg_2026-10-05.xlsx
2019-01-14,-0.339400,"Citi Velocity, exported by Charlie",spain_1y_bbg_2026-10-05.xlsx
2019-01-15,-0.352500,"Citi Velocity, exported by Charlie",spain_1y_bbg_2026-10-05.xlsx
2019-01-16,-0.350200,"Citi Velocity, exported by Charlie",spain_1y_bbg_2026-10-05.xlsx
2019-01-17,-0.345000,"Citi Velocity, exported by Charlie",spain_1y_bbg_2026-10-05.xlsx
2019-01-18,-0.342400,"Citi Velocity, exported by Charlie",spain_1y_bbg_2026-10-05.xlsx
2019-01-21,-0.339400,"Citi Velocity, exported by Charlie",spain_1y_bbg_2026-10-05.xlsx
2019-01-22,-0.348900,"Citi Velocity, exported by Charlie",spain_1y_bbg_2026-10-05.xlsx
2019-01-23,-0.352200,"Citi Velocity, exported by Charlie",spain_1y_bbg_2026-10-05.xlsx
2019-01-24,-0.353000,"Citi Velocity, exported by Charlie",spain_1y_bbg_2026-10-05.xlsx
2019-01-25,-0.355600,"Citi Velocity, exported by Charlie",spain_1y_bbg_2026-10-05.xlsx
2019-01-28,-0.350900,"Citi Velocity, exported by Charlie",spain_1y_bbg_2026-10-05.xlsx
2019-01-29,-0.349200,"Citi Velocity, exported by Charlie",spain_1y_bbg_2026-10-05.xlsx
2019-01-30,-0.344400,"Citi Velocity, exported by Charlie",spain_1y_bbg_2026-10-05.xlsx
2019-01-31,-0.349700,"Citi Velocity, exported by Charlie",spain_1y_bbg_2026-10-05.xlsx
2019-02-01,-0.344800,"Citi Velocity, exported by Charlie",spain_1y_bbg_2026-10-05.xlsx
2019-02-04,-0.338400,"Citi Velocity, exported by Charlie",spain_1y_bbg_2026-10-05.xlsx
2019-02-05,-0.333500,"Citi Velocity, exported by Charlie",spain_1y_bbg_2026-10-05.xlsx
2019-02-06,-0.333500,"Citi Velocity, exported by Charlie",spain_1y_bbg_2026-10-05.xlsx
2019-02-07,-0.316800,"Citi Velocity, exported by Charlie",spain_1y_bbg_2026-10-05.xlsx
2019-02-08,-0.308900,"Citi Velocity, exported by Charlie",spain_1y_bbg_2026-10-05.xlsx
2019-02-11,-0.315300,"Citi Velocity, exported by Charlie",spain_1y_bbg_2026-10-05.xlsx
2019-02-12,-0.312000,"Citi Velocity, exported by Charlie",spain_1y_bbg_2026-10-05.xlsx
2019-02-13,-0.301900,"Citi Velocity, exported by Charlie",spain_1y_bbg_2026-10-05.xlsx
2019-02-14,-0.303100,"Citi Velocity, exported by Charlie",spain_1y_bbg_2026-10-05.xlsx
2019-02-15,-0.305100,"Citi Velocity, exported by Charlie",spain_1y_bbg_2026-10-05.xlsx
2019-02-18,-0.314700,"Citi Velocity, exported by Charlie",spain_1y_bbg_2026-10-05.xlsx
2019-02-19,-0.328500,"Citi Velocity, exported by Charlie",spain_1y_bbg_2026-10-05.xlsx
2019-02-20,-0.337000,"Citi Velocity, exported by Charlie",spain_1y_bbg_2026-10-05.xlsx
2019-02-21,-0.335100,"Citi Velocity, exported by Charlie",spain_1y_bbg_2026-10-05.xlsx
2019-02-22,-0.333600,"Citi Velocity, exported by Charlie",spain_1y_bbg_2026-10-05.xlsx
2019-02-25,-0.335500,"Citi Velocity, exported by Charlie",spain_1y_bbg_2026-10-05.xlsx
2019-02-26,-0.335200,"Citi Velocity, exported by Charlie",spain_1y_bbg_2026-10-05.xlsx
2019-02-27,-0.320400,"Citi Velocity, exported by Charlie",spain_1y_bbg_2026-10-05.xlsx
2019-02-28,-0.322900,"Citi Velocity, exported by Charlie",spain_1y_bbg_2026-10-05.xlsx
2019-03-01,-0.310300,"Citi Velocity, exported by Charlie",spain_1y_bbg_2026-10-05.xlsx
2019-03-04,-0.307500,"Citi Velocity, exported by Charlie",spain_1y_bbg_2026-10-05.xlsx
2019-03-05,-0.314900,"Citi Velocity, exported by Charlie",spain_1y_bbg_2026-10-05.xlsx
2019-03-06,-0.305500,"Citi Velocity, exported by Charlie",spain_1y_bbg_2026-10-05.xlsx
2019-03-07,-0.323300,"Citi Velocity, exported by Charlie",spain_1y_bbg_2026-10-05.xlsx
2019-03-08,-0.324400,"Citi Velocity, exported by Charlie",spain_1y_bbg_2026-10-05.xlsx
2019-03-11,-0.325400,"Citi Velocity, exported by Charlie",spain_1y_bbg_2026-10-05.xlsx
2019-03-12,-0.320600,"Citi Velocity, exported by Charlie",spain_1y_bbg_2026-10-05.xlsx
2019-03-13,-0.320600,"Citi Velocity, exported by Charlie",spain_1y_bbg_2026-10-05.xlsx
2019-03-14,-0.319000,"Citi Velocity, exported by Charlie",spain_1y_bbg_2026-10-05.xlsx
2019-03-15,-0.320600,"Citi Velocity, exported by Charlie",spain_1y_bbg_2026-10-05.xlsx
2019-03-18,-0.319800,"Citi Velocity, exported by Charlie",spain_1y_bbg_2026-10-05.xlsx
2019-03-19,-0.331400,"Citi Velocity, exported by Charlie",spain_1y_bbg_2026-10-05.xlsx
2019-03-20,-0.338400,"Citi Velocity, exported by Charlie",spain_1y_bbg_2026-10-05.xlsx
2019-03-21,-0.341600,"Citi Velocity, exported by Charlie",spain_1y_bbg_2026-10-05.xlsx
2019-03-22,-0.343800,"Citi Velocity, exported by Charlie",spain_1y_bbg_2026-10-05.xlsx
2019-03-25,-0.344400,"Citi Velocity, exported by Charlie",spain_1y_bbg_2026-10-05.xlsx
2019-03-26,-0.343800,"Citi Velocity, exported by Charlie",spain_1y_bbg_2026-10-05.xlsx
2019-03-27,-0.341400,"Citi Velocity, exported by Charlie",spain_1y_bbg_2026-10-05.xlsx
2019-03-28,-0.337300,"Citi Velocity, exported by Charlie",spain_1y_bbg_2026-10-05.xlsx
2019-03-29,-0.335100,"Citi Velocity, exported by Charlie",spain_1y_bbg_2026-10-05.xlsx
2019-04-01,-0.331800,"Citi Velocity, exported by Charlie",spain_1y_bbg_2026-10-05.xlsx
2019-04-02,-0.347000,"Citi Velocity, exported by Charlie",spain_1y_bbg_2026-10-05.xlsx
2019-04-03,-0.334800,"Citi Velocity, exported by Charlie",spain_1y_bbg_2026-10-05.xlsx
2019-04-04,-0.336600,"Citi Velocity, exported by Charlie",spain_1y_bbg_2026-10-05.xlsx
2019-04-05,-0.333200,"Citi Velocity, exported by Charlie",spain_1y_bbg_2026-10-05.xlsx
2019-04-08,-0.333700,"Citi Velocity, exported by Charlie",spain_1y_bbg_2026-10-05.xlsx
2019-04-09,-0.332100,"Citi Velocity, exported by Charlie",spain_1y_bbg_2026-10-05.xlsx
2019-04-10,-0.329900,"Citi Velocity, exported by Charlie",spain_1y_bbg_2026-10-05.xlsx
2019-04-11,-0.331600,"Citi Velocity, exported by Charlie",spain_1y_bbg_2026-10-05.xlsx
2019-04-12,-0.330000,"Citi Velocity, exported by Charlie",spain_1y_bbg_2026-10-05.xlsx
2019-04-15,-0.329600,"Citi Velocity, exported by Charlie",spain_1y_bbg_2026-10-05.xlsx
2019-04-16,-0.332600,"Citi Velocity, exported by Charlie",spain_1y_bbg_2026-10-05.xlsx
2019-04-17,-0.334700,"Citi Velocity, exported by Charlie",spain_1y_bbg_2026-10-05.xlsx
2019-04-18,-0.334100,"Citi Velocity, exported by Charlie",spain_1y_bbg_2026-10-05.xlsx
2019-04-23,-0.333400,"Citi Velocity, exported by Charlie",spain_1y_bbg_2026-10-05.xlsx
2019-04-24,-0.331300,"Citi Velocity, exported by Charlie",spain_1y_bbg_2026-10-05.xlsx
2019-04-25,-0.332700,"Citi Velocity, exported by Charlie",spain_1y_bbg_2026-10-05.xlsx
2019-04-26,-0.334400,"Citi Velocity, exported by Charlie",spain_1y_bbg_2026-10-05.xlsx
2019-04-29,-0.333200,"Citi Velocity, exported by Charlie",spain_1y_bbg_2026-10-05.xlsx
2019-04-30,-0.333400,"Citi Velocity, exported by Charlie",spain_1y_bbg_2026-10-05.xlsx
2019-05-02,-0.332900,"Citi Velocity, exported by Charlie",spain_1y_bbg_2026-10-05.xlsx
2019-05-03,-0.329100,"Citi Velocity, exported by Charlie",spain_1y_bbg_2026-10-05.xlsx
2019-05-06,-0.326400,"Citi Velocity, exported by Charlie",spain_1y_bbg_2026-10-05.xlsx
2019-05-07,-0.332300,"Citi Velocity, exported by Charlie",spain_1y_bbg_2026-10-05.xlsx
2019-05-08,-0.342000,"Citi Velocity, exported by Charlie",spain_1y_bbg_2026-10-05.xlsx
2019-05-09,-0.341300,"Citi Velocity, exported by Charlie",spain_1y_bbg_2026-10-05.xlsx
2019-05-10,-0.346000,"Citi Velocity, exported by Charlie",spain_1y_bbg_2026-10-05.xlsx
2019-05-13,-0.346400,"Citi Velocity, exported by Charlie",spain_1y_bbg_2026-10-05.xlsx
2019-05-14,-0.344200,"Citi Velocity, exported by Charlie",spain_1y_bbg_2026-10-05.xlsx
2019-05-15,-0.350900,"Citi Velocity, exported by Charlie",spain_1y_bbg_2026-10-05.xlsx
2019-05-16,-0.351400,"Citi Velocity, exported by Charlie",spain_1y_bbg_2026-10-05.xlsx
2019-05-17,-0.356000,"Citi Velocity, exported by Charlie",spain_1y_bbg_2026-10-05.xlsx
2019-05-20,-0.356200,"Citi Velocity, exported by Charlie",spain_1y_bbg_2026-10-05.xlsx
2019-05-21,-0.355800,"Citi Velocity, exported by Charlie",spain_1y_bbg_2026-10-05.xlsx
2019-05-22,-0.355900,"Citi Velocity, exported by Charlie",spain_1y_bbg_2026-10-05.xlsx
2019-05-23,-0.359300,"Citi Velocity, exported by Charlie",spain_1y_bbg_2026-10-05.xlsx
2019-05-24,-0.361600,"Citi Velocity, exported by Charlie",spain_1y_bbg_2026-10-05.xlsx
2019-05-27,-0.362100,"Citi Velocity, exported by Charlie",spain_1y_bbg_2026-10-05.xlsx
2019-05-28,-0.367100,"Citi Velocity, exported by Charlie",spain_1y_bbg_2026-10-05.xlsx
2019-05-29,-0.369900,"Citi Velocity, exported by Charlie",spain_1y_bbg_2026-10-05.xlsx
2019-05-30,-0.368200,"Citi Velocity, exported by Charlie",spain_1y_bbg_2026-10-05.xlsx
2019-05-31,-0.375600,"Citi Velocity, exported by Charlie",spain_1y_bbg_2026-10-05.xlsx
2019-06-03,-0.375000,"Citi Velocity, exported by Charlie",spain_1y_bbg_2026-10-05.xlsx
2019-06-04,-0.374800,"Citi Velocity, exported by Charlie",spain_1y_bbg_2026-10-05.xlsx
2019-06-05,-0.376200,"Citi Velocity, exported by Charlie",spain_1y_bbg_2026-10-05.xlsx
2019-06-06,-0.374600,"Citi Velocity, exported by Charlie",spain_1y_bbg_2026-10-05.xlsx
2019-06-07,-0.371300,"Citi Velocity, exported by Charlie",spain_1y_bbg_2026-10-05.xlsx
2019-06-10,-0.363100,"Citi Velocity, exported by Charlie",spain_1y_bbg_2026-10-05.xlsx
2019-06-11,-0.373000,"Citi Velocity, exported by Charlie",spain_1y_bbg_2026-10-05.xlsx
2019-06-12,-0.361600,"Citi Velocity, exported by Charlie",spain_1y_bbg_2026-10-05.xlsx
2019-06-13,-0.364500,"Citi Velocity, exported by Charlie",spain_1y_bbg_2026-10-05.xlsx
2019-06-14,-0.367100,"Citi Velocity, exported by Charlie",spain_1y_bbg_2026-10-05.xlsx
2019-06-17,-0.366700,"Citi Velocity, exported by Charlie",spain_1y_bbg_2026-10-05.xlsx
2019-06-18,-0.405100,"Citi Velocity, exported by Charlie",spain_1y_bbg_2026-10-05.xlsx
2019-06-19,-0.392900,"Citi Velocity, exported by Charlie",spain_1y_bbg_2026-10-05.xlsx
2019-06-20,-0.398300,"Citi Velocity, exported by Charlie",spain_1y_bbg_2026-10-05.xlsx
2019-06-21,-0.398600,"Citi Velocity, exported by Charlie",spain_1y_bbg_2026-10-05.xlsx
2019-06-24,-0.405100,"Citi Velocity, exported by Charlie",spain_1y_bbg_2026-10-05.xlsx
2019-06-25,-0.408300,"Citi Velocity, exported by Charlie",spain_1y_bbg_2026-10-05.xlsx
2019-06-26,-0.411900,"Citi Velocity, exported by Charlie",spain_1y_bbg_2026-10-05.xlsx
2019-06-27,-0.416100,"Citi Velocity, exported by Charlie",spain_1y_bbg_2026-10-05.xlsx
2019-06-28,-0.420300,"Citi Velocity, exported by Charlie",spain_1y_bbg_2026-10-05.xlsx
2019-07-01,-0.435700,"Citi Velocity, exported by Charlie",spain_1y_bbg_2026-10-05.xlsx
2019-07-02,-0.448500,"Citi Velocity, exported by Charlie",spain_1y_bbg_2026-10-05.xlsx
2019-07-03,-0.471700,"Citi Velocity, exported by Charlie",spain_1y_bbg_2026-10-05.xlsx
2019-07-04,-0.479800,"Citi Velocity, exported by Charlie",spain_1y_bbg_2026-10-05.xlsx
2019-07-05,-0.476600,"Citi Velocity, exported by Charlie",spain_1y_bbg_2026-10-05.xlsx
2019-07-08,-0.466600,"Citi Velocity, exported by Charlie",spain_1y_bbg_2026-10-05.xlsx
2019-07-09,-0.476400,"Citi Velocity, exported by Charlie",spain_1y_bbg_2026-10-05.xlsx
2019-07-10,-0.453500,"Citi Velocity, exported by Charlie",spain_1y_bbg_2026-10-05.xlsx
2019-07-11,-0.456100,"Citi Velocity, exported by Charlie",spain_1y_bbg_2026-10-05.xlsx
2019-07-12,-0.453400,"Citi Velocity, exported by Charlie",spain_1y_bbg_2026-10-05.xlsx
2019-07-15,-0.453800,"Citi Velocity, exported by Charlie",spain_1y_bbg_2026-10-05.xlsx
2019-07-16,-0.462700,"Citi Velocity, exported by Charlie",spain_1y_bbg_2026-10-05.xlsx
2019-07-17,-0.468700,"Citi Velocity, exported by Charlie",spain_1y_bbg_2026-10-05.xlsx
2019-07-18,-0.471000,"Citi Velocity, exported by Charlie",spain_1y_bbg_2026-10-05.xlsx
2019-07-19,-0.473900,"Citi Velocity, exported by Charlie",spain_1y_bbg_2026-10-05.xlsx
2019-07-22,-0.473700,"Citi Velocity, exported by Charlie",spain_1y_bbg_2026-10-05.xlsx
2019-07-23,-0.473200,"Citi Velocity, exported by Charlie",spain_1y_bbg_2026-10-05.xlsx
2019-07-24,-0.478200,"Citi Velocity, exported by Charlie",spain_1y_bbg_2026-10-05.xlsx
2019-07-25,-0.471500,"Citi Velocity, exported by Charlie",spain_1y_bbg_2026-10-05.xlsx
2019-07-26,-0.472300,"Citi Velocity, exported by Charlie",spain_1y_bbg_2026-10-05.xlsx
2019-07-29,-0.484300,"Citi Velocity, exported by Charlie",spain_1y_bbg_2026-10-05.xlsx
2019-07-30,-0.485200,"Citi Velocity, exported by Charlie",spain_1y_bbg_2026-10-05.xlsx
2019-07-31,-0.485200,"Citi Velocity, exported by Charlie",spain_1y_bbg_2026-10-05.xlsx
2019-08-01,-0.481500,"Citi Velocity, exported by Charlie",spain_1y_bbg_2026-10-05.xlsx
2019-08-02,-0.488500,"Citi Velocity, exported by Charlie",spain_1y_bbg_2026-10-05.xlsx
2019-08-05,-0.494600,"Citi Velocity, exported by Charlie",spain_1y_bbg_2026-10-05.xlsx
2019-08-06,-0.501200,"Citi Velocity, exported by Charlie",spain_1y_bbg_2026-10-05.xlsx
2019-08-07,-0.519000,"Citi Velocity, exported by Charlie",spain_1y_bbg_2026-10-05.xlsx
2019-08-08,-0.519100,"Citi Velocity, exported by Charlie",spain_1y_bbg_2026-10-05.xlsx
2019-08-09,-0.517200,"Citi Velocity, exported by Charlie",spain_1y_bbg_2026-10-05.xlsx
2019-08-12,-0.518900,"Citi Velocity, exported by Charlie",spain_1y_bbg_2026-10-05.xlsx
2019-08-13,-0.521500,"Citi Velocity, exported by Charlie",spain_1y_bbg_2026-10-05.xlsx
2019-08-14,-0.505800,"Citi Velocity, exported by Charlie",spain_1y_bbg_2026-10-05.xlsx
2019-08-15,-0.533800,"Citi Velocity, exported by Charlie",spain_1y_bbg_2026-10-05.xlsx
2019-08-16,-0.541900,"Citi Velocity, exported by Charlie",spain_1y_bbg_2026-10-05.xlsx
2019-08-19,-0.538500,"Citi Velocity, exported by Charlie",spain_1y_bbg_2026-10-05.xlsx
2019-08-20,-0.542300,"Citi Velocity, exported by Charlie",spain_1y_bbg_2026-10-05.xlsx
2019-08-21,-0.535800,"Citi Velocity, exported by Charlie",spain_1y_bbg_2026-10-05.xlsx
2019-08-22,-0.516300,"Citi Velocity, exported by Charlie",spain_1y_bbg_2026-10-05.xlsx
2019-08-23,-0.518400,"Citi Velocity, exported by Charlie",spain_1y_bbg_2026-10-05.xlsx
2019-08-26,-0.515700,"Citi Velocity, exported by Charlie",spain_1y_bbg_2026-10-05.xlsx
2019-08-27,-0.518100,"Citi Velocity, exported by Charlie",spain_1y_bbg_2026-10-05.xlsx
2019-08-28,-0.516200,"Citi Velocity, exported by Charlie",spain_1y_bbg_2026-10-05.xlsx
2019-08-29,-0.514900,"Citi Velocity, exported by Charlie",spain_1y_bbg_2026-10-05.xlsx
2019-08-30,-0.512400,"Citi Velocity, exported by Charlie",spain_1y_bbg_2026-10-05.xlsx
2019-09-02,-0.523200,"Citi Velocity, exported by Charlie",spain_1y_bbg_2026-10-05.xlsx
2019-09-03,-0.530500,"Citi Velocity, exported by Charlie",spain_1y_bbg_2026-10-05.xlsx
2019-09-04,-0.541400,"Citi Velocity, exported by Charlie",spain_1y_bbg_2026-10-05.xlsx
2019-09-05,-0.529700,"Citi Velocity, exported by Charlie",spain_1y_bbg_2026-10-05.xlsx
2019-09-06,-0.546100,"Citi Velocity, exported by Charlie",spain_1y_bbg_2026-10-05.xlsx
2019-09-09,-0.527300,"Citi Velocity, exported by Charlie",spain_1y_bbg_2026-10-05.xlsx
2019-09-10,-0.510300,"Citi Velocity, exported by Charlie",spain_1y_bbg_2026-10-05.xlsx
2019-09-11,-0.503000,"Citi Velocity, exported by Charlie",spain_1y_bbg_2026-10-05.xlsx
2019-09-12,-0.465800,"Citi Velocity, exported by Charlie",spain_1y_bbg_2026-10-05.xlsx
2019-09-13,-0.440500,"Citi Velocity, exported by Charlie",spain_1y_bbg_2026-10-05.xlsx
2019-09-16,-0.440800,"Citi Velocity, exported by Charlie",spain_1y_bbg_2026-10-05.xlsx
2019-09-17,-0.443700,"Citi Velocity, exported by Charlie",spain_1y_bbg_2026-10-05.xlsx
2019-09-18,-0.446400,"Citi Velocity, exported by Charlie",spain_1y_bbg_2026-10-05.xlsx
2019-09-19,-0.447500,"Citi Velocity, exported by Charlie",spain_1y_bbg_2026-10-05.xlsx
2019-09-20,-0.450200,"Citi Velocity, exported by Charlie",spain_1y_bbg_2026-10-05.xlsx
2019-09-23,-0.482400,"Citi Velocity, exported by Charlie",spain_1y_bbg_2026-10-05.xlsx
2019-09-24,-0.489600,"Citi Velocity, exported by Charlie",spain_1y_bbg_2026-10-05.xlsx
2019-09-25,-0.495200,"Citi Velocity, exported by Charlie",spain_1y_bbg_2026-10-05.xlsx
2019-09-26,-0.509900,"Citi Velocity, exported by Charlie",spain_1y_bbg_2026-10-05.xlsx
2019-09-27,-0.513500,"Citi Velocity, exported by Charlie",spain_1y_bbg_2026-10-05.xlsx
2019-09-30,-0.513100,"Citi Velocity, exported by Charlie",spain_1y_bbg_2026-10-05.xlsx
2019-10-01,-0.509000,"Citi Velocity, exported by Charlie",spain_1y_bbg_2026-10-05.xlsx
2019-10-02,-0.508000,"Citi Velocity, exported by Charlie",spain_1y_bbg_2026-10-05.xlsx
2019-10-03,-0.503800,"Citi Velocity, exported by Charlie",spain_1y_bbg_2026-10-05.xlsx
2019-10-04,-0.486100,"Citi Velocity, exported by Charlie",spain_1y_bbg_2026-10-05.xlsx
2019-10-07,-0.476400,"Citi Velocity, exported by Charlie",spain_1y_bbg_2026-10-05.xlsx
2019-10-08,-0.469100,"Citi Velocity, exported by Charlie",spain_1y_bbg_2026-10-05.xlsx
2019-10-09,-0.456000,"Citi Velocity, exported by Charlie",spain_1y_bbg_2026-10-05.xlsx
2019-10-10,-0.457600,"Citi Velocity, exported by Charlie",spain_1y_bbg_2026-10-05.xlsx
2019-10-11,-0.470600,"Citi Velocity, exported by Charlie",spain_1y_bbg_2026-10-05.xlsx
2019-10-14,-0.480200,"Citi Velocity, exported by Charlie",spain_1y_bbg_2026-10-05.xlsx
2019-10-15,-0.478500,"Citi Velocity, exported by Charlie",spain_1y_bbg_2026-10-05.xlsx
2019-10-16,-0.474600,"Citi Velocity, exported by Charlie",spain_1y_bbg_2026-10-05.xlsx
2019-10-17,-0.480700,"Citi Velocity, exported by Charlie",spain_1y_bbg_2026-10-05.xlsx
2019-10-18,-0.480700,"Citi Velocity, exported by Charlie",spain_1y_bbg_2026-10-05.xlsx
2019-10-21,-0.480400,"Citi Velocity, exported by Charlie",spain_1y_bbg_2026-10-05.xlsx
2019-10-22,-0.480900,"Citi Velocity, exported by Charlie",spain_1y_bbg_2026-10-05.xlsx
2019-10-23,-0.491000,"Citi Velocity, exported by Charlie",spain_1y_bbg_2026-10-05.xlsx
2019-10-24,-0.482600,"Citi Velocity, exported by Charlie",spain_1y_bbg_2026-10-05.xlsx
2019-10-25,-0.486400,"Citi Velocity, exported by Charlie",spain_1y_bbg_2026-10-05.xlsx
2019-10-28,-0.480400,"Citi Velocity, exported by Charlie",spain_1y_bbg_2026-10-05.xlsx
2019-10-29,-0.491400,"Citi Velocity, exported by Charlie",spain_1y_bbg_2026-10-05.xlsx
2019-10-30,-0.492000,"Citi Velocity, exported by Charlie",spain_1y_bbg_2026-10-05.xlsx
2019-10-31,-0.500900,"Citi Velocity, exported by Charlie",spain_1y_bbg_2026-10-05.xlsx
2019-11-01,-0.502300,"Citi Velocity, exported by Charlie",spain_1y_bbg_2026-10-05.xlsx
2019-11-04,-0.502200,"Citi Velocity, exported by Charlie",spain_1y_bbg_2026-10-05.xlsx
2019-11-05,-0.500500,"Citi Velocity, exported by Charlie",spain_1y_bbg_2026-10-05.xlsx
2019-11-06,-0.504500,"Citi Velocity, exported by Charlie",spain_1y_bbg_2026-10-05.xlsx
2019-11-07,-0.494000,"Citi Velocity, exported by Charlie",spain_1y_bbg_2026-10-05.xlsx
2019-11-08,-0.492300,"Citi Velocity, exported by Charlie",spain_1y_bbg_2026-10-05.xlsx
2019-11-11,-0.473900,"Citi Velocity, exported by Charlie",spain_1y_bbg_2026-10-05.xlsx
2019-11-12,-0.469300,"Citi Velocity, exported by Charlie",spain_1y_bbg_2026-10-05.xlsx
2019-11-13,-0.453200,"Citi Velocity, exported by Charlie",spain_1y_bbg_2026-10-05.xlsx
2019-11-14,-0.457600,"Citi Velocity, exported by Charlie",spain_1y_bbg_2026-10-05.xlsx
2019-11-15,-0.471000,"Citi Velocity, exported by Charlie",spain_1y_bbg_2026-10-05.xlsx
2019-11-18,-0.486100,"Citi Velocity, exported by Charlie",spain_1y_bbg_2026-10-05.xlsx
2019-11-19,-0.485700,"Citi Velocity, exported by Charlie",spain_1y_bbg_2026-10-05.xlsx
2019-11-20,-0.494300,"Citi Velocity, exported by Charlie",spain_1y_bbg_2026-10-05.xlsx
2019-11-21,-0.499500,"Citi Velocity, exported by Charlie",spain_1y_bbg_2026-10-05.xlsx
2019-11-22,-0.507200,"Citi Velocity, exported by Charlie",spain_1y_bbg_2026-10-05.xlsx
2019-11-25,-0.516700,"Citi Velocity, exported by Charlie",spain_1y_bbg_2026-10-05.xlsx
2019-11-26,-0.533900,"Citi Velocity, exported by Charlie",spain_1y_bbg_2026-10-05.xlsx
2019-11-27,-0.568800,"Citi Velocity, exported by Charlie",spain_1y_bbg_2026-10-05.xlsx
2019-11-28,-0.563900,"Citi Velocity, exported by Charlie",spain_1y_bbg_2026-10-05.xlsx
2019-11-29,-0.564700,"Citi Velocity, exported by Charlie",spain_1y_bbg_2026-10-05.xlsx
2019-12-02,-0.509400,"Citi Velocity, exported by Charlie",spain_1y_bbg_2026-10-05.xlsx
2019-12-03,-0.527000,"Citi Velocity, exported by Charlie",spain_1y_bbg_2026-10-05.xlsx
2019-12-04,-0.494900,"Citi Velocity, exported by Charlie",spain_1y_bbg_2026-10-05.xlsx
2019-12-05,-0.485900,"Citi Velocity, exported by Charlie",spain_1y_bbg_2026-10-05.xlsx
2019-12-06,-0.487900,"Citi Velocity, exported by Charlie",spain_1y_bbg_2026-10-05.xlsx
2019-12-09,-0.490400,"Citi Velocity, exported by Charlie",spain_1y_bbg_2026-10-05.xlsx
2019-12-10,-0.481100,"Citi Velocity, exported by Charlie",spain_1y_bbg_2026-10-05.xlsx
2019-12-11,-0.481500,"Citi Velocity, exported by Charlie",spain_1y_bbg_2026-10-05.xlsx
2019-12-12,-0.462400,"Citi Velocity, exported by Charlie",spain_1y_bbg_2026-10-05.xlsx
2019-12-13,-0.458800,"Citi Velocity, exported by Charlie",spain_1y_bbg_2026-10-05.xlsx
2019-12-16,-0.459500,"Citi Velocity, exported by Charlie",spain_1y_bbg_2026-10-05.xlsx
2019-12-17,-0.456800,"Citi Velocity, exported by Charlie",spain_1y_bbg_2026-10-05.xlsx
2019-12-18,-0.471100,"Citi Velocity, exported by Charlie",spain_1y_bbg_2026-10-05.xlsx
2019-12-19,-0.474600,"Citi Velocity, exported by Charlie",spain_1y_bbg_2026-10-05.xlsx
2019-12-20,-0.472500,"Citi Velocity, exported by Charlie",spain_1y_bbg_2026-10-05.xlsx
2019-12-23,-0.472000,"Citi Velocity, exported by Charlie",spain_1y_bbg_2026-10-05.xlsx
2019-12-24,-0.475900,"Citi Velocity, exported by Charlie",spain_1y_bbg_2026-10-05.xlsx
2019-12-27,-0.465500,"Citi Velocity, exported by Charlie",spain_1y_bbg_2026-10-05.xlsx
2019-12-30,-0.463600,"Citi Velocity, exported by Charlie",spain_1y_bbg_2026-10-05.xlsx
2020-01-02,-0.456500,"Citi Velocity, exported by Charlie",spain_1y_bbg_2026-10-05.xlsx
2020-01-03,-0.466400,"Citi Velocity, exported by Charlie",spain_1y_bbg_2026-10-05.xlsx
2020-01-06,-0.465800,"Citi Velocity, exported by Charlie",spain_1y_bbg_2026-10-05.xlsx
2020-01-07,-0.462800,"Citi Velocity, exported by Charlie",spain_1y_bbg_2026-10-05.xlsx
2020-01-08,-0.458700,"Citi Velocity, exported by Charlie",spain_1y_bbg_2026-10-05.xlsx
2020-01-09,-0.451400,"Citi Velocity, exported by Charlie",spain_1y_bbg_2026-10-05.xlsx
2020-01-10,-0.454100,"Citi Velocity, exported by Charlie",spain_1y_bbg_2026-10-05.xlsx
2020-01-13,-0.445600,"Citi Velocity, exported by Charlie",spain_1y_bbg_2026-10-05.xlsx
2020-01-14,-0.439200,"Citi Velocity, exported by Charlie",spain_1y_bbg_2026-10-05.xlsx
2020-01-15,-0.435900,"Citi Velocity, exported by Charlie",spain_1y_bbg_2026-10-05.xlsx
2020-01-16,-0.438800,"Citi Velocity, exported by Charlie",spain_1y_bbg_2026-10-05.xlsx
2020-01-17,-0.435000,"Citi Velocity, exported by Charlie",spain_1y_bbg_2026-10-05.xlsx
2020-01-20,-0.432900,"Citi Velocity, exported by Charlie",spain_1y_bbg_2026-10-05.xlsx
2020-01-21,-0.432000,"Citi Velocity, exported by Charlie",spain_1y_bbg_2026-10-05.xlsx
2020-01-22,-0.434000,"Citi Velocity, exported by Charlie",spain_1y_bbg_2026-10-05.xlsx
2020-01-23,-0.440700,"Citi Velocity, exported by Charlie",spain_1y_bbg_2026-10-05.xlsx
2020-01-24,-0.443000,"Citi Velocity, exported by Charlie",spain_1y_bbg_2026-10-05.xlsx
2020-01-27,-0.447900,"Citi Velocity, exported by Charlie",spain_1y_bbg_2026-10-05.xlsx
2020-01-28,-0.453100,"Citi Velocity, exported by Charlie",spain_1y_bbg_2026-10-05.xlsx
2020-01-29,-0.455200,"Citi Velocity, exported by Charlie",spain_1y_bbg_2026-10-05.xlsx
2020-01-30,-0.457500,"Citi Velocity, exported by Charlie",spain_1y_bbg_2026-10-05.xlsx
2020-01-31,-0.456900,"Citi Velocity, exported by Charlie",spain_1y_bbg_2026-10-05.xlsx
2020-02-03,-0.454700,"Citi Velocity, exported by Charlie",spain_1y_bbg_2026-10-05.xlsx
2020-02-04,-0.446200,"Citi Velocity, exported by Charlie",spain_1y_bbg_2026-10-05.xlsx
2020-02-05,-0.443000,"Citi Velocity, exported by Charlie",spain_1y_bbg_2026-10-05.xlsx
2020-02-06,-0.448000,"Citi Velocity, exported by Charlie",spain_1y_bbg_2026-10-05.xlsx
2020-02-07,-0.445900,"Citi Velocity, exported by Charlie",spain_1y_bbg_2026-10-05.xlsx
2020-02-10,-0.448800,"Citi Velocity, exported by Charlie",spain_1y_bbg_2026-10-05.xlsx
2020-02-11,-0.466800,"Citi Velocity, exported by Charlie",spain_1y_bbg_2026-10-05.xlsx
2020-02-12,-0.459700,"Citi Velocity, exported by Charlie",spain_1y_bbg_2026-10-05.xlsx
2020-02-13,-0.457600,"Citi Velocity, exported by Charlie",spain_1y_bbg_2026-10-05.xlsx
2020-02-14,-0.461700,"Citi Velocity, exported by Charlie",spain_1y_bbg_2026-10-05.xlsx
2020-02-17,-0.466000,"Citi Velocity, exported by Charlie",spain_1y_bbg_2026-10-05.xlsx
2020-02-18,-0.482800,"Citi Velocity, exported by Charlie",spain_1y_bbg_2026-10-05.xlsx
2020-02-19,-0.479600,"Citi Velocity, exported by Charlie",spain_1y_bbg_2026-10-05.xlsx
2020-02-20,-0.478300,"Citi Velocity, exported by Charlie",spain_1y_bbg_2026-10-05.xlsx
2020-02-21,-0.478300,"Citi Velocity, exported by Charlie",spain_1y_bbg_2026-10-05.xlsx
2020-02-24,-0.484900,"Citi Velocity, exported by Charlie",spain_1y_bbg_2026-10-05.xlsx
2020-02-25,-0.492100,"Citi Velocity, exported by Charlie",spain_1y_bbg_2026-10-05.xlsx
2020-02-26,-0.485400,"Citi Velocity, exported by Charlie",spain_1y_bbg_2026-10-05.xlsx
2020-02-27,-0.492700,"Citi Velocity, exported by Charlie",spain_1y_bbg_2026-10-05.xlsx
2020-02-28,-0.492600,"Citi Velocity, exported by Charlie",spain_1y_bbg_2026-10-05.xlsx
2020-03-02,-0.507900,"Citi Velocity, exported by Charlie",spain_1y_bbg_2026-10-05.xlsx
2020-03-03,-0.524200,"Citi Velocity, exported by Charlie",spain_1y_bbg_2026-10-05.xlsx
2020-03-04,-0.500000,"Citi Velocity, exported by Charlie",spain_1y_bbg_2026-10-05.xlsx
2020-03-05,-0.490500,"Citi Velocity, exported by Charlie",spain_1y_bbg_2026-10-05.xlsx
2020-03-06,-0.499600,"Citi Velocity, exported by Charlie",spain_1y_bbg_2026-10-05.xlsx
2020-03-09,-0.474000,"Citi Velocity, exported by Charlie",spain_1y_bbg_2026-10-05.xlsx
2020-03-10,-0.432300,"Citi Velocity, exported by Charlie",spain_1y_bbg_2026-10-05.xlsx
2020-03-11,-0.447700,"Citi Velocity, exported by Charlie",spain_1y_bbg_2026-10-05.xlsx
2020-03-12,-0.390400,"Citi Velocity, exported by Charlie",spain_1y_bbg_2026-10-05.xlsx
2020-03-13,-0.377400,"Citi Velocity, exported by Charlie",spain_1y_bbg_2026-10-05.xlsx
2020-03-16,-0.272300,"Citi Velocity, exported by Charlie",spain_1y_bbg_2026-10-05.xlsx
2020-03-17,-0.260000,"Citi Velocity, exported by Charlie",spain_1y_bbg_2026-10-05.xlsx
2020-03-18,-0.167900,"Citi Velocity, exported by Charlie",spain_1y_bbg_2026-10-05.xlsx
2020-03-19,-0.294700,"Citi Velocity, exported by Charlie",spain_1y_bbg_2026-10-05.xlsx
2020-03-20,-0.256500,"Citi Velocity, exported by Charlie",spain_1y_bbg_2026-10-05.xlsx
2020-03-23,-0.282300,"Citi Velocity, exported by Charlie",spain_1y_bbg_2026-10-05.xlsx
2020-03-24,-0.322500,"Citi Velocity, exported by Charlie",spain_1y_bbg_2026-10-05.xlsx
2020-03-25,-0.243500,"Citi Velocity, exported by Charlie",spain_1y_bbg_2026-10-05.xlsx
2020-03-26,-0.321600,"Citi Velocity, exported by Charlie",spain_1y_bbg_2026-10-05.xlsx
2020-03-27,-0.331800,"Citi Velocity, exported by Charlie",spain_1y_bbg_2026-10-05.xlsx
2020-03-30,-0.295800,"Citi Velocity, exported by Charlie",spain_1y_bbg_2026-10-05.xlsx
2020-03-31,-0.201100,"Citi Velocity, exported by Charlie",spain_1y_bbg_2026-10-05.xlsx
2020-04-01,-0.210300,"Citi Velocity, exported by Charlie",spain_1y_bbg_2026-10-05.xlsx
2020-04-02,-0.185700,"Citi Velocity, exported by Charlie",spain_1y_bbg_2026-10-05.xlsx
2020-04-03,-0.228600,"Citi Velocity, exported by Charlie",spain_1y_bbg_2026-10-05.xlsx
2020-04-06,-0.188900,"Citi Velocity, exported by Charlie",spain_1y_bbg_2026-10-05.xlsx
2020-04-07,-0.133900,"Citi Velocity, exported by Charlie",spain_1y_bbg_2026-10-05.xlsx
2020-04-08,-0.099700,"Citi Velocity, exported by Charlie",spain_1y_bbg_2026-10-05.xlsx
2020-04-09,-0.063500,"Citi Velocity, exported by Charlie",spain_1y_bbg_2026-10-05.xlsx
2020-04-14,0.040400,"Citi Velocity, exported by Charlie",spain_1y_bbg_2026-10-05.xlsx
2020-04-15,0.109900,"Citi Velocity, exported by Charlie",spain_1y_bbg_2026-10-05.xlsx
2020-04-16,0.067100,"Citi Velocity, exported by Charlie",spain_1y_bbg_2026-10-05.xlsx
2020-04-17,-0.004600,"Citi Velocity, exported by Charlie",spain_1y_bbg_2026-10-05.xlsx
2020-04-20,0.016000,"Citi Velocity, exported by Charlie",spain_1y_bbg_2026-10-05.xlsx
2020-04-21,0.000700,"Citi Velocity, exported by Charlie",spain_1y_bbg_2026-10-05.xlsx
2020-04-22,0.025500,"Citi Velocity, exported by Charlie",spain_1y_bbg_2026-10-05.xlsx
2020-04-23,-0.008200,"Citi Velocity, exported by Charlie",spain_1y_bbg_2026-10-05.xlsx
2020-04-24,-0.048700,"Citi Velocity, exported by Charlie",spain_1y_bbg_2026-10-05.xlsx
2020-04-27,-0.112500,"Citi Velocity, exported by Charlie",spain_1y_bbg_2026-10-05.xlsx
2020-04-28,-0.141500,"Citi Velocity, exported by Charlie",spain_1y_bbg_2026-10-05.xlsx
2020-04-29,-0.153500,"Citi Velocity, exported by Charlie",spain_1y_bbg_2026-10-05.xlsx
2020-04-30,-0.202500,"Citi Velocity, exported by Charlie",spain_1y_bbg_2026-10-05.xlsx
2020-05-04,-0.099900,"Citi Velocity, exported by Charlie",spain_1y_bbg_2026-10-05.xlsx
2020-05-05,-0.130800,"Citi Velocity, exported by Charlie",spain_1y_bbg_2026-10-05.xlsx
2020-05-06,-0.108800,"Citi Velocity, exported by Charlie",spain_1y_bbg_2026-10-05.xlsx
2020-05-07,-0.120200,"Citi Velocity, exported by Charlie",spain_1y_bbg_2026-10-05.xlsx
2020-05-08,-0.168000,"Citi Velocity, exported by Charlie",spain_1y_bbg_2026-10-05.xlsx
2020-05-11,-0.183100,"Citi Velocity, exported by Charlie",spain_1y_bbg_2026-10-05.xlsx
2020-05-12,-0.274900,"Citi Velocity, exported by Charlie",spain_1y_bbg_2026-10-05.xlsx
2020-05-13,-0.319000,"Citi Velocity, exported by Charlie",spain_1y_bbg_2026-10-05.xlsx
2020-05-14,-0.300200,"Citi Velocity, exported by Charlie",spain_1y_bbg_2026-10-05.xlsx
2020-05-15,-0.292800,"Citi Velocity, exported by Charlie",spain_1y_bbg_2026-10-05.xlsx
2020-05-18,-0.299800,"Citi Velocity, exported by Charlie",spain_1y_bbg_2026-10-05.xlsx
2020-05-19,-0.327000,"Citi Velocity, exported by Charlie",spain_1y_bbg_2026-10-05.xlsx
2020-05-20,-0.331100,"Citi Velocity, exported by Charlie",spain_1y_bbg_2026-10-05.xlsx
2020-05-21,-0.326300,"Citi Velocity, exported by Charlie",spain_1y_bbg_2026-10-05.xlsx
2020-05-22,-0.330100,"Citi Velocity, exported by Charlie",spain_1y_bbg_2026-10-05.xlsx
2020-05-25,-0.333000,"Citi Velocity, exported by Charlie",spain_1y_bbg_2026-10-05.xlsx
2020-05-26,-0.348000,"Citi Velocity, exported by Charlie",spain_1y_bbg_2026-10-05.xlsx
2020-05-27,-0.360500,"Citi Velocity, exported by Charlie",spain_1y_bbg_2026-10-05.xlsx
2020-05-28,-0.372900,"Citi Velocity, exported by Charlie",spain_1y_bbg_2026-10-05.xlsx
2020-05-29,-0.389200,"Citi Velocity, exported by Charlie",spain_1y_bbg_2026-10-05.xlsx
2020-06-01,-0.384800,"Citi Velocity, exported by Charlie",spain_1y_bbg_2026-10-05.xlsx
2020-06-02,-0.406000,"Citi Velocity, exported by Charlie",spain_1y_bbg_2026-10-05.xlsx
2020-06-03,-0.396700,"Citi Velocity, exported by Charlie",spain_1y_bbg_2026-10-05.xlsx
2020-06-04,-0.396400,"Citi Velocity, exported by Charlie",spain_1y_bbg_2026-10-05.xlsx
2020-06-05,-0.388600,"Citi Velocity, exported by Charlie",spain_1y_bbg_2026-10-05.xlsx
2020-06-08,-0.378400,"Citi Velocity, exported by Charlie",spain_1y_bbg_2026-10-05.xlsx
2020-06-09,-0.384300,"Citi Velocity, exported by Charlie",spain_1y_bbg_2026-10-05.xlsx
2020-06-10,-0.364100,"Citi Velocity, exported by Charlie",spain_1y_bbg_2026-10-05.xlsx
2020-06-11,-0.369300,"Citi Velocity, exported by Charlie",spain_1y_bbg_2026-10-05.xlsx
2020-06-12,-0.365200,"Citi Velocity, exported by Charlie",spain_1y_bbg_2026-10-05.xlsx
2020-06-15,-0.406600,"Citi Velocity, exported by Charlie",spain_1y_bbg_2026-10-05.xlsx
2020-06-16,-0.411300,"Citi Velocity, exported by Charlie",spain_1y_bbg_2026-10-05.xlsx
2020-06-17,-0.417400,"Citi Velocity, exported by Charlie",spain_1y_bbg_2026-10-05.xlsx
2020-06-18,-0.414400,"Citi Velocity, exported by Charlie",spain_1y_bbg_2026-10-05.xlsx
2020-06-19,-0.424200,"Citi Velocity, exported by Charlie",spain_1y_bbg_2026-10-05.xlsx
2020-06-22,-0.433600,"Citi Velocity, exported by Charlie",spain_1y_bbg_2026-10-05.xlsx
2020-06-23,-0.430300,"Citi Velocity, exported by Charlie",spain_1y_bbg_2026-10-05.xlsx
2020-06-24,-0.452700,"Citi Velocity, exported by Charlie",spain_1y_bbg_2026-10-05.xlsx
2020-06-25,-0.454000,"Citi Velocity, exported by Charlie",spain_1y_bbg_2026-10-05.xlsx
2020-06-26,-0.456800,"Citi Velocity, exported by Charlie",spain_1y_bbg_2026-10-05.xlsx
2020-06-29,-0.455800,"Citi Velocity, exported by Charlie",spain_1y_bbg_2026-10-05.xlsx
2020-06-30,-0.470600,"Citi Velocity, exported by Charlie",spain_1y_bbg_2026-10-05.xlsx
2020-07-01,-0.489500,"Citi Velocity, exported by Charlie",spain_1y_bbg_2026-10-05.xlsx
2020-07-02,-0.484000,"Citi Velocity, exported by Charlie",spain_1y_bbg_2026-10-05.xlsx
2020-07-03,-0.474500,"Citi Velocity, exported by Charlie",spain_1y_bbg_2026-10-05.xlsx
2020-07-06,-0.464000,"Citi Velocity, exported by Charlie",spain_1y_bbg_2026-10-05.xlsx
2020-07-07,-0.461500,"Citi Velocity, exported by Charlie",spain_1y_bbg_2026-10-05.xlsx
2020-07-08,-0.443400,"Citi Velocity, exported by Charlie",spain_1y_bbg_2026-10-05.xlsx
2020-07-09,-0.449000,"Citi Velocity, exported by Charlie",spain_1y_bbg_2026-10-05.xlsx
2020-07-10,-0.443900,"Citi Velocity, exported by Charlie",spain_1y_bbg_2026-10-05.xlsx
2020-07-13,-0.444600,"Citi Velocity, exported by Charlie",spain_1y_bbg_2026-10-05.xlsx
2020-07-14,-0.441900,"Citi Velocity, exported by Charlie",spain_1y_bbg_2026-10-05.xlsx
2020-07-15,-0.449600,"Citi Velocity, exported by Charlie",spain_1y_bbg_2026-10-05.xlsx
2020-07-16,-0.450000,"Citi Velocity, exported by Charlie",spain_1y_bbg_2026-10-05.xlsx
2020-07-17,-0.461000,"Citi Velocity, exported by Charlie",spain_1y_bbg_2026-10-05.xlsx
2020-07-20,-0.460400,"Citi Velocity, exported by Charlie",spain_1y_bbg_2026-10-05.xlsx
2020-07-21,-0.455000,"Citi Velocity, exported by Charlie",spain_1y_bbg_2026-10-05.xlsx
2020-07-22,-0.461200,"Citi Velocity, exported by Charlie",spain_1y_bbg_2026-10-05.xlsx
2020-07-23,-0.465500,"Citi Velocity, exported by Charlie",spain_1y_bbg_2026-10-05.xlsx
2020-07-24,-0.466500,"Citi Velocity, exported by Charlie",spain_1y_bbg_2026-10-05.xlsx
2020-07-27,-0.469800,"Citi Velocity, exported by Charlie",spain_1y_bbg_2026-10-05.xlsx
2020-07-28,-0.472000,"Citi Velocity, exported by Charlie",spain_1y_bbg_2026-10-05.xlsx
2020-07-29,-0.473200,"Citi Velocity, exported by Charlie",spain_1y_bbg_2026-10-05.xlsx
2020-07-30,-0.475200,"Citi Velocity, exported by Charlie",spain_1y_bbg_2026-10-05.xlsx
2020-07-31,-0.474600,"Citi Velocity, exported by Charlie",spain_1y_bbg_2026-10-05.xlsx
2020-08-03,-0.468000,"Citi Velocity, exported by Charlie",spain_1y_bbg_2026-10-05.xlsx
2020-08-04,-0.467500,"Citi Velocity, exported by Charlie",spain_1y_bbg_2026-10-05.xlsx
2020-08-05,-0.461000,"Citi Velocity, exported by Charlie",spain_1y_bbg_2026-10-05.xlsx
2020-08-06,-0.455100,"Citi Velocity, exported by Charlie",spain_1y_bbg_2026-10-05.xlsx
2020-08-07,-0.451900,"Citi Velocity, exported by Charlie",spain_1y_bbg_2026-10-05.xlsx
2020-08-10,-0.451800,"Citi Velocity, exported by Charlie",spain_1y_bbg_2026-10-05.xlsx
2020-08-11,-0.446600,"Citi Velocity, exported by Charlie",spain_1y_bbg_2026-10-05.xlsx
2020-08-12,-0.437100,"Citi Velocity, exported by Charlie",spain_1y_bbg_2026-10-05.xlsx
2020-08-13,-0.434800,"Citi Velocity, exported by Charlie",spain_1y_bbg_2026-10-05.xlsx
2020-08-14,-0.438200,"Citi Velocity, exported by Charlie",spain_1y_bbg_2026-10-05.xlsx
2020-08-17,-0.445700,"Citi Velocity, exported by Charlie",spain_1y_bbg_2026-10-05.xlsx
2020-08-18,-0.443500,"Citi Velocity, exported by Charlie",spain_1y_bbg_2026-10-05.xlsx
2020-08-19,-0.447500,"Citi Velocity, exported by Charlie",spain_1y_bbg_2026-10-05.xlsx
2020-08-20,-0.445300,"Citi Velocity, exported by Charlie",spain_1y_bbg_2026-10-05.xlsx
2020-08-21,-0.446100,"Citi Velocity, exported by Charlie",spain_1y_bbg_2026-10-05.xlsx
2020-08-24,-0.444000,"Citi Velocity, exported by Charlie",spain_1y_bbg_2026-10-05.xlsx
2020-08-25,-0.435700,"Citi Velocity, exported by Charlie",spain_1y_bbg_2026-10-05.xlsx
2020-08-26,-0.437800,"Citi Velocity, exported by Charlie",spain_1y_bbg_2026-10-05.xlsx
2020-08-27,-0.440100,"Citi Velocity, exported by Charlie",spain_1y_bbg_2026-10-05.xlsx
2020-08-28,-0.442800,"Citi Velocity, exported by Charlie",spain_1y_bbg_2026-10-05.xlsx
2020-08-31,-0.445500,"Citi Velocity, exported by Charlie",spain_1y_bbg_2026-10-05.xlsx
2020-09-01,-0.447000,"Citi Velocity, exported by Charlie",spain_1y_bbg_2026-10-05.xlsx
2020-09-02,-0.446700,"Citi Velocity, exported by Charlie",spain_1y_bbg_2026-10-05.xlsx
2020-09-03,-0.448300,"Citi Velocity, exported by Charlie",spain_1y_bbg_2026-10-05.xlsx
2020-09-04,-0.449700,"Citi Velocity, exported by Charlie",spain_1y_bbg_2026-10-05.xlsx
2020-09-07,-0.446000,"Citi Velocity, exported by Charlie",spain_1y_bbg_2026-10-05.xlsx
2020-09-08,-0.444200,"Citi Velocity, exported by Charlie",spain_1y_bbg_2026-10-05.xlsx
2020-09-09,-0.436400,"Citi Velocity, exported by Charlie",spain_1y_bbg_2026-10-05.xlsx
2020-09-10,-0.444100,"Citi Velocity, exported by Charlie",spain_1y_bbg_2026-10-05.xlsx
2020-09-11,-0.446000,"Citi Velocity, exported by Charlie",spain_1y_bbg_2026-10-05.xlsx
2020-09-14,-0.445600,"Citi Velocity, exported by Charlie",spain_1y_bbg_2026-10-05.xlsx
2020-09-15,-0.455800,"Citi Velocity, exported by Charlie",spain_1y_bbg_2026-10-05.xlsx
2020-09-16,-0.466700,"Citi Velocity, exported by Charlie",spain_1y_bbg_2026-10-05.xlsx
2020-09-17,-0.482000,"Citi Velocity, exported by Charlie",spain_1y_bbg_2026-10-05.xlsx
2020-09-18,-0.496100,"Citi Velocity, exported by Charlie",spain_1y_bbg_2026-10-05.xlsx
2020-09-21,-0.493600,"Citi Velocity, exported by Charlie",spain_1y_bbg_2026-10-05.xlsx
2020-09-22,-0.493500,"Citi Velocity, exported by Charlie",spain_1y_bbg_2026-10-05.xlsx
2020-09-23,-0.495200,"Citi Velocity, exported by Charlie",spain_1y_bbg_2026-10-05.xlsx
2020-09-24,-0.494600,"Citi Velocity, exported by Charlie",spain_1y_bbg_2026-10-05.xlsx
2020-09-25,-0.491200,"Citi Velocity, exported by Charlie",spain_1y_bbg_2026-10-05.xlsx
2020-09-28,-0.494300,"Citi Velocity, exported by Charlie",spain_1y_bbg_2026-10-05.xlsx
2020-09-29,-0.500700,"Citi Velocity, exported by Charlie",spain_1y_bbg_2026-10-05.xlsx
2020-09-30,-0.502200,"Citi Velocity, exported by Charlie",spain_1y_bbg_2026-10-05.xlsx
2020-10-01,-0.495900,"Citi Velocity, exported by Charlie",spain_1y_bbg_2026-10-05.xlsx
2020-10-02,-0.495800,"Citi Velocity, exported by Charlie",spain_1y_bbg_2026-10-05.xlsx
2020-10-05,-0.487000,"Citi Velocity, exported by Charlie",spain_1y_bbg_2026-10-05.xlsx
2020-10-06,-0.496600,"Citi Velocity, exported by Charlie",spain_1y_bbg_2026-10-05.xlsx
2020-10-07,-0.495600,"Citi Velocity, exported by Charlie",spain_1y_bbg_2026-10-05.xlsx
2020-10-08,-0.515600,"Citi Velocity, exported by Charlie",spain_1y_bbg_2026-10-05.xlsx
2020-10-09,-0.531800,"Citi Velocity, exported by Charlie",spain_1y_bbg_2026-10-05.xlsx
2020-10-12,-0.532200,"Citi Velocity, exported by Charlie",spain_1y_bbg_2026-10-05.xlsx
2020-10-13,-0.545200,"Citi Velocity, exported by Charlie",spain_1y_bbg_2026-10-05.xlsx
2020-10-14,-0.547900,"Citi Velocity, exported by Charlie",spain_1y_bbg_2026-10-05.xlsx
2020-10-15,-0.532900,"Citi Velocity, exported by Charlie",spain_1y_bbg_2026-10-05.xlsx
2020-10-16,-0.534900,"Citi Velocity, exported by Charlie",spain_1y_bbg_2026-10-05.xlsx
2020-10-19,-0.535700,"Citi Velocity, exported by Charlie",spain_1y_bbg_2026-10-05.xlsx
2020-10-20,-0.536500,"Citi Velocity, exported by Charlie",spain_1y_bbg_2026-10-05.xlsx
2020-10-21,-0.540500,"Citi Velocity, exported by Charlie",spain_1y_bbg_2026-10-05.xlsx
2020-10-22,-0.541900,"Citi Velocity, exported by Charlie",spain_1y_bbg_2026-10-05.xlsx
2020-10-23,-0.542200,"Citi Velocity, exported by Charlie",spain_1y_bbg_2026-10-05.xlsx
2020-10-26,-0.547500,"Citi Velocity, exported by Charlie",spain_1y_bbg_2026-10-05.xlsx
2020-10-27,-0.549700,"Citi Velocity, exported by Charlie",spain_1y_bbg_2026-10-05.xlsx
2020-10-28,-0.548400,"Citi Velocity, exported by Charlie",spain_1y_bbg_2026-10-05.xlsx
2020-10-29,-0.553000,"Citi Velocity, exported by Charlie",spain_1y_bbg_2026-10-05.xlsx
2020-10-30,-0.559700,"Citi Velocity, exported by Charlie",spain_1y_bbg_2026-10-05.xlsx
2020-11-02,-0.552800,"Citi Velocity, exported by Charlie",spain_1y_bbg_2026-10-05.xlsx
2020-11-03,-0.556400,"Citi Velocity, exported by Charlie",spain_1y_bbg_2026-10-05.xlsx
2020-11-04,-0.553300,"Citi Velocity, exported by Charlie",spain_1y_bbg_2026-10-05.xlsx
2020-11-05,-0.550100,"Citi Velocity, exported by Charlie",spain_1y_bbg_2026-10-05.xlsx
2020-11-06,-0.551400,"Citi Velocity, exported by Charlie",spain_1y_bbg_2026-10-05.xlsx
2020-11-09,-0.523900,"Citi Velocity, exported by Charlie",spain_1y_bbg_2026-10-05.xlsx
2020-11-10,-0.527200,"Citi Velocity, exported by Charlie",spain_1y_bbg_2026-10-05.xlsx
2020-11-11,-0.537800,"Citi Velocity, exported by Charlie",spain_1y_bbg_2026-10-05.xlsx
2020-11-12,-0.543900,"Citi Velocity, exported by Charlie",spain_1y_bbg_2026-10-05.xlsx
2020-11-13,-0.544400,"Citi Velocity, exported by Charlie",spain_1y_bbg_2026-10-05.xlsx
2020-11-16,-0.544900,"Citi Velocity, exported by Charlie",spain_1y_bbg_2026-10-05.xlsx
2020-11-17,-0.549100,"Citi Velocity, exported by Charlie",spain_1y_bbg_2026-10-05.xlsx
2020-11-18,-0.574200,"Citi Velocity, exported by Charlie",spain_1y_bbg_2026-10-05.xlsx
2020-11-19,-0.588200,"Citi Velocity, exported by Charlie",spain_1y_bbg_2026-10-05.xlsx
2020-11-20,-0.585200,"Citi Velocity, exported by Charlie",spain_1y_bbg_2026-10-05.xlsx
2020-11-23,-0.571800,"Citi Velocity, exported by Charlie",spain_1y_bbg_2026-10-05.xlsx
2020-11-24,-0.575500,"Citi Velocity, exported by Charlie",spain_1y_bbg_2026-10-05.xlsx
2020-11-25,-0.583900,"Citi Velocity, exported by Charlie",spain_1y_bbg_2026-10-05.xlsx
2020-11-26,-0.586900,"Citi Velocity, exported by Charlie",spain_1y_bbg_2026-10-05.xlsx
2020-11-27,-0.590200,"Citi Velocity, exported by Charlie",spain_1y_bbg_2026-10-05.xlsx
2020-11-30,-0.592900,"Citi Velocity, exported by Charlie",spain_1y_bbg_2026-10-05.xlsx
2020-12-01,-0.601600,"Citi Velocity, exported by Charlie",spain_1y_bbg_2026-10-05.xlsx
2020-12-02,-0.599000,"Citi Velocity, exported by Charlie",spain_1y_bbg_2026-10-05.xlsx
2020-12-03,-0.607500,"Citi Velocity, exported by Charlie",spain_1y_bbg_2026-10-05.xlsx
2020-12-04,-0.647400,"Citi Velocity, exported by Charlie",spain_1y_bbg_2026-10-05.xlsx
2020-12-07,-0.672200,"Citi Velocity, exported by Charlie",spain_1y_bbg_2026-10-05.xlsx
2020-12-08,-0.665600,"Citi Velocity, exported by Charlie",spain_1y_bbg_2026-10-05.xlsx
2020-12-09,-0.667400,"Citi Velocity, exported by Charlie",spain_1y_bbg_2026-10-05.xlsx
2020-12-10,-0.665100,"Citi Velocity, exported by Charlie",spain_1y_bbg_2026-10-05.xlsx
2020-12-11,-0.664600,"Citi Velocity, exported by Charlie",spain_1y_bbg_2026-10-05.xlsx
2020-12-14,-0.664900,"Citi Velocity, exported by Charlie",spain_1y_bbg_2026-10-05.xlsx
2020-12-15,-0.679700,"Citi Velocity, exported by Charlie",spain_1y_bbg_2026-10-05.xlsx
2020-12-16,-0.672600,"Citi Velocity, exported by Charlie",spain_1y_bbg_2026-10-05.xlsx
2020-12-17,-0.671600,"Citi Velocity, exported by Charlie",spain_1y_bbg_2026-10-05.xlsx
2020-12-18,-0.653900,"Citi Velocity, exported by Charlie",spain_1y_bbg_2026-10-05.xlsx
2020-12-21,-0.652700,"Citi Velocity, exported by Charlie",spain_1y_bbg_2026-10-05.xlsx
2020-12-22,-0.655400,"Citi Velocity, exported by Charlie",spain_1y_bbg_2026-10-05.xlsx
2020-12-23,-0.635100,"Citi Velocity, exported by Charlie",spain_1y_bbg_2026-10-05.xlsx
2020-12-24,-0.637000,"Citi Velocity, exported by Charlie",spain_1y_bbg_2026-10-05.xlsx
2020-12-28,-0.633700,"Citi Velocity, exported by Charlie",spain_1y_bbg_2026-10-05.xlsx
2020-12-29,-0.630500,"Citi Velocity, exported by Charlie",spain_1y_bbg_2026-10-05.xlsx
2020-12-30,-0.625600,"Citi Velocity, exported by Charlie",spain_1y_bbg_2026-10-05.xlsx
2020-12-31,-0.627600,"Citi Velocity, exported by Charlie",spain_1y_bbg_2026-10-05.xlsx
2021-01-04,-0.572900,"Citi Velocity, exported by Charlie",spain_1y_bbg_2026-10-05.xlsx
2021-01-05,-0.573900,"Citi Velocity, exported by Charlie",spain_1y_bbg_2026-10-05.xlsx
2021-01-06,-0.566500,"Citi Velocity, exported by Charlie",spain_1y_bbg_2026-10-05.xlsx
2021-01-07,-0.580500,"Citi Velocity, exported by Charlie",spain_1y_bbg_2026-10-05.xlsx
2021-01-08,-0.578200,"Citi Velocity, exported by Charlie",spain_1y_bbg_2026-10-05.xlsx
2021-01-11,-0.555600,"Citi Velocity, exported by Charlie",spain_1y_bbg_2026-10-05.xlsx
2021-01-12,-0.527800,"Citi Velocity, exported by Charlie",spain_1y_bbg_2026-10-05.xlsx
2021-01-13,-0.513800,"Citi Velocity, exported by Charlie",spain_1y_bbg_2026-10-05.xlsx
2021-01-14,-0.514000,"Citi Velocity, exported by Charlie",spain_1y_bbg_2026-10-05.xlsx
2021-01-15,-0.509100,"Citi Velocity, exported by Charlie",spain_1y_bbg_2026-10-05.xlsx
2021-01-18,-0.506900,"Citi Velocity, exported by Charlie",spain_1y_bbg_2026-10-05.xlsx
2021-01-19,-0.507100,"Citi Velocity, exported by Charlie",spain_1y_bbg_2026-10-05.xlsx
2021-01-20,-0.513100,"Citi Velocity, exported by Charlie",spain_1y_bbg_2026-10-05.xlsx
2021-01-21,-0.513400,"Citi Velocity, exported by Charlie",spain_1y_bbg_2026-10-05.xlsx
2021-01-22,-0.488900,"Citi Velocity, exported by Charlie",spain_1y_bbg_2026-10-05.xlsx
2021-01-25,-0.502300,"Citi Velocity, exported by Charlie",spain_1y_bbg_2026-10-05.xlsx
2021-01-26,-0.511900,"Citi Velocity, exported by Charlie",spain_1y_bbg_2026-10-05.xlsx
2021-01-27,-0.521200,"Citi Velocity, exported by Charlie",spain_1y_bbg_2026-10-05.xlsx
2021-01-28,-0.523100,"Citi Velocity, exported by Charlie",spain_1y_bbg_2026-10-05.xlsx
2021-01-29,-0.510900,"Citi Velocity, exported by Charlie",spain_1y_bbg_2026-10-05.xlsx
2021-02-01,-0.514900,"Citi Velocity, exported by Charlie",spain_1y_bbg_2026-10-05.xlsx
2021-02-02,-0.525100,"Citi Velocity, exported by Charlie",spain_1y_bbg_2026-10-05.xlsx
2021-02-03,-0.531200,"Citi Velocity, exported by Charlie",spain_1y_bbg_2026-10-05.xlsx
2021-02-04,-0.529900,"Citi Velocity, exported by Charlie",spain_1y_bbg_2026-10-05.xlsx
2021-02-05,-0.526500,"Citi Velocity, exported by Charlie",spain_1y_bbg_2026-10-05.xlsx
2021-02-08,-0.523700,"Citi Velocity, exported by Charlie",spain_1y_bbg_2026-10-05.xlsx
2021-02-09,-0.519300,"Citi Velocity, exported by Charlie",spain_1y_bbg_2026-10-05.xlsx
2021-02-10,-0.504700,"Citi Velocity, exported by Charlie",spain_1y_bbg_2026-10-05.xlsx
2021-02-11,-0.514500,"Citi Velocity, exported by Charlie",spain_1y_bbg_2026-10-05.xlsx
2021-02-12,-0.523500,"Citi Velocity, exported by Charlie",spain_1y_bbg_2026-10-05.xlsx
2021-02-15,-0.516800,"Citi Velocity, exported by Charlie",spain_1y_bbg_2026-10-05.xlsx
2021-02-16,-0.504500,"Citi Velocity, exported by Charlie",spain_1y_bbg_2026-10-05.xlsx
2021-02-17,-0.504600,"Citi Velocity, exported by Charlie",spain_1y_bbg_2026-10-05.xlsx
2021-02-18,-0.494900,"Citi Velocity, exported by Charlie",spain_1y_bbg_2026-10-05.xlsx
2021-02-19,-0.500700,"Citi Velocity, exported by Charlie",spain_1y_bbg_2026-10-05.xlsx
2021-02-22,-0.504300,"Citi Velocity, exported by Charlie",spain_1y_bbg_2026-10-05.xlsx
2021-02-23,-0.490300,"Citi Velocity, exported by Charlie",spain_1y_bbg_2026-10-05.xlsx
2021-02-24,-0.495100,"Citi Velocity, exported by Charlie",spain_1y_bbg_2026-10-05.xlsx
2021-02-25,-0.487200,"Citi Velocity, exported by Charlie",spain_1y_bbg_2026-10-05.xlsx
2021-02-26,-0.492200,"Citi Velocity, exported by Charlie",spain_1y_bbg_2026-10-05.xlsx
2021-03-01,-0.496400,"Citi Velocity, exported by Charlie",spain_1y_bbg_2026-10-05.xlsx
2021-03-02,-0.499100,"Citi Velocity, exported by Charlie",spain_1y_bbg_2026-10-05.xlsx
2021-03-03,-0.497700,"Citi Velocity, exported by Charlie",spain_1y_bbg_2026-10-05.xlsx
2021-03-04,-0.500700,"Citi Velocity, exported by Charlie",spain_1y_bbg_2026-10-05.xlsx
2021-03-05,-0.503400,"Citi Velocity, exported by Charlie",spain_1y_bbg_2026-10-05.xlsx
2021-03-08,-0.500200,"Citi Velocity, exported by Charlie",spain_1y_bbg_2026-10-05.xlsx
2021-03-09,-0.499600,"Citi Velocity, exported by Charlie",spain_1y_bbg_2026-10-05.xlsx
2021-03-10,-0.501000,"Citi Velocity, exported by Charlie",spain_1y_bbg_2026-10-05.xlsx
2021-03-11,-0.504400,"Citi Velocity, exported by Charlie",spain_1y_bbg_2026-10-05.xlsx
2021-03-12,-0.514100,"Citi Velocity, exported by Charlie",spain_1y_bbg_2026-10-05.xlsx
2021-03-15,-0.515900,"Citi Velocity, exported by Charlie",spain_1y_bbg_2026-10-05.xlsx
2021-03-16,-0.517100,"Citi Velocity, exported by Charlie",spain_1y_bbg_2026-10-05.xlsx
2021-03-17,-0.512900,"Citi Velocity, exported by Charlie",spain_1y_bbg_2026-10-05.xlsx
2021-03-18,-0.522900,"Citi Velocity, exported by Charlie",spain_1y_bbg_2026-10-05.xlsx
2021-03-19,-0.524200,"Citi Velocity, exported by Charlie",spain_1y_bbg_2026-10-05.xlsx
2021-03-22,-0.524200,"Citi Velocity, exported by Charlie",spain_1y_bbg_2026-10-05.xlsx
2021-03-23,-0.533200,"Citi Velocity, exported by Charlie",spain_1y_bbg_2026-10-05.xlsx
2021-03-24,-0.529800,"Citi Velocity, exported by Charlie",spain_1y_bbg_2026-10-05.xlsx
2021-03-25,-0.530400,"Citi Velocity, exported by Charlie",spain_1y_bbg_2026-10-05.xlsx
2021-03-26,-0.525600,"Citi Velocity, exported by Charlie",spain_1y_bbg_2026-10-05.xlsx
2021-03-29,-0.520800,"Citi Velocity, exported by Charlie",spain_1y_bbg_2026-10-05.xlsx
2021-03-30,-0.513900,"Citi Velocity, exported by Charlie",spain_1y_bbg_2026-10-05.xlsx
2021-03-31,-0.515700,"Citi Velocity, exported by Charlie",spain_1y_bbg_2026-10-05.xlsx
2021-04-01,-0.516100,"Citi Velocity, exported by Charlie",spain_1y_bbg_2026-10-05.xlsx
2021-04-06,-0.515300,"Citi Velocity, exported by Charlie",spain_1y_bbg_2026-10-05.xlsx
2021-04-07,-0.515900,"Citi Velocity, exported by Charlie",spain_1y_bbg_2026-10-05.xlsx
2021-04-08,-0.519600,"Citi Velocity, exported by Charlie",spain_1y_bbg_2026-10-05.xlsx
2021-04-09,-0.526600,"Citi Velocity, exported by Charlie",spain_1y_bbg_2026-10-05.xlsx
2021-04-12,-0.524600,"Citi Velocity, exported by Charlie",spain_1y_bbg_2026-10-05.xlsx
2021-04-13,-0.531200,"Citi Velocity, exported by Charlie",spain_1y_bbg_2026-10-05.xlsx
2021-04-14,-0.506500,"Citi Velocity, exported by Charlie",spain_1y_bbg_2026-10-05.xlsx
2021-04-15,-0.508600,"Citi Velocity, exported by Charlie",spain_1y_bbg_2026-10-05.xlsx
2021-04-16,-0.507800,"Citi Velocity, exported by Charlie",spain_1y_bbg_2026-10-05.xlsx
2021-04-19,-0.505600,"Citi Velocity, exported by Charlie",spain_1y_bbg_2026-10-05.xlsx
2021-04-20,-0.523200,"Citi Velocity, exported by Charlie",spain_1y_bbg_2026-10-05.xlsx
2021-04-21,-0.531000,"Citi Velocity, exported by Charlie",spain_1y_bbg_2026-10-05.xlsx
2021-04-22,-0.527000,"Citi Velocity, exported by Charlie",spain_1y_bbg_2026-10-05.xlsx
2021-04-23,-0.528100,"Citi Velocity, exported by Charlie",spain_1y_bbg_2026-10-05.xlsx
2021-04-26,-0.534000,"Citi Velocity, exported by Charlie",spain_1y_bbg_2026-10-05.xlsx
2021-04-27,-0.540300,"Citi Velocity, exported by Charlie",spain_1y_bbg_2026-10-05.xlsx
2021-04-28,-0.535300,"Citi Velocity, exported by Charlie",spain_1y_bbg_2026-10-05.xlsx
2021-04-29,-0.533000,"Citi Velocity, exported by Charlie",spain_1y_bbg_2026-10-05.xlsx
2021-04-30,-0.527700,"Citi Velocity, exported by Charlie",spain_1y_bbg_2026-10-05.xlsx
2021-05-03,-0.531500,"Citi Velocity, exported by Charlie",spain_1y_bbg_2026-10-05.xlsx
2021-05-04,-0.539000,"Citi Velocity, exported by Charlie",spain_1y_bbg_2026-10-05.xlsx
2021-05-05,-0.530600,"Citi Velocity, exported by Charlie",spain_1y_bbg_2026-10-05.xlsx
2021-05-06,-0.526900,"Citi Velocity, exported by Charlie",spain_1y_bbg_2026-10-05.xlsx
2021-05-07,-0.525900,"Citi Velocity, exported by Charlie",spain_1y_bbg_2026-10-05.xlsx
2021-05-10,-0.529100,"Citi Velocity, exported by Charlie",spain_1y_bbg_2026-10-05.xlsx
2021-05-11,-0.521500,"Citi Velocity, exported by Charlie",spain_1y_bbg_2026-10-05.xlsx
2021-05-12,-0.521800,"Citi Velocity, exported by Charlie",spain_1y_bbg_2026-10-05.xlsx
2021-05-13,-0.520500,"Citi Velocity, exported by Charlie",spain_1y_bbg_2026-10-05.xlsx
2021-05-14,-0.520200,"Citi Velocity, exported by Charlie",spain_1y_bbg_2026-10-05.xlsx
2021-05-17,-0.521900,"Citi Velocity, exported by Charlie",spain_1y_bbg_2026-10-05.xlsx
2021-05-18,-0.521500,"Citi Velocity, exported by Charlie",spain_1y_bbg_2026-10-05.xlsx
2021-05-19,-0.522900,"Citi Velocity, exported by Charlie",spain_1y_bbg_2026-10-05.xlsx
2021-05-20,-0.531500,"Citi Velocity, exported by Charlie",spain_1y_bbg_2026-10-05.xlsx
2021-05-21,-0.530700,"Citi Velocity, exported by Charlie",spain_1y_bbg_2026-10-05.xlsx
2021-05-24,-0.530600,"Citi Velocity, exported by Charlie",spain_1y_bbg_2026-10-05.xlsx
2021-05-25,-0.533300,"Citi Velocity, exported by Charlie",spain_1y_bbg_2026-10-05.xlsx
2021-05-26,-0.534500,"Citi Velocity, exported by Charlie",spain_1y_bbg_2026-10-05.xlsx
2021-05-27,-0.531800,"Citi Velocity, exported by Charlie",spain_1y_bbg_2026-10-05.xlsx
2021-05-28,-0.528400,"Citi Velocity, exported by Charlie",spain_1y_bbg_2026-10-05.xlsx
2021-05-31,-0.529500,"Citi Velocity, exported by Charlie",spain_1y_bbg_2026-10-05.xlsx
2021-06-01,-0.531400,"Citi Velocity, exported by Charlie",spain_1y_bbg_2026-10-05.xlsx
2021-06-02,-0.532100,"Citi Velocity, exported by Charlie",spain_1y_bbg_2026-10-05.xlsx
2021-06-03,-0.523400,"Citi Velocity, exported by Charlie",spain_1y_bbg_2026-10-05.xlsx
2021-06-04,-0.529500,"Citi Velocity, exported by Charlie",spain_1y_bbg_2026-10-05.xlsx
2021-06-07,-0.530500,"Citi Velocity, exported by Charlie",spain_1y_bbg_2026-10-05.xlsx
2021-06-08,-0.530500,"Citi Velocity, exported by Charlie",spain_1y_bbg_2026-10-05.xlsx
2021-06-09,-0.528200,"Citi Velocity, exported by Charlie",spain_1y_bbg_2026-10-05.xlsx
2021-06-10,-0.524400,"Citi Velocity, exported by Charlie",spain_1y_bbg_2026-10-05.xlsx
2021-06-11,-0.533700,"Citi Velocity, exported by Charlie",spain_1y_bbg_2026-10-05.xlsx
2021-06-14,-0.538900,"Citi Velocity, exported by Charlie",spain_1y_bbg_2026-10-05.xlsx
2021-06-15,-0.538200,"Citi Velocity, exported by Charlie",spain_1y_bbg_2026-10-05.xlsx
2021-06-16,-0.541000,"Citi Velocity, exported by Charlie",spain_1y_bbg_2026-10-05.xlsx
2021-06-17,-0.541000,"Citi Velocity, exported by Charlie",spain_1y_bbg_2026-10-05.xlsx
2021-06-18,-0.541400,"Citi Velocity, exported by Charlie",spain_1y_bbg_2026-10-05.xlsx
2021-06-21,-0.543300,"Citi Velocity, exported by Charlie",spain_1y_bbg_2026-10-05.xlsx
2021-06-22,-0.545400,"Citi Velocity, exported by Charlie",spain_1y_bbg_2026-10-05.xlsx
2021-06-23,-0.544600,"Citi Velocity, exported by Charlie",spain_1y_bbg_2026-10-05.xlsx
2021-06-24,-0.545200,"Citi Velocity, exported by Charlie",spain_1y_bbg_2026-10-05.xlsx
2021-06-25,-0.545800,"Citi Velocity, exported by Charlie",spain_1y_bbg_2026-10-05.xlsx
2021-06-28,-0.545600,"Citi Velocity, exported by Charlie",spain_1y_bbg_2026-10-05.xlsx
2021-06-29,-0.546200,"Citi Velocity, exported by Charlie",spain_1y_bbg_2026-10-05.xlsx
2021-06-30,-0.548100,"Citi Velocity, exported by Charlie",spain_1y_bbg_2026-10-05.xlsx
2021-07-01,-0.538700,"Citi Velocity, exported by Charlie",spain_1y_bbg_2026-10-05.xlsx
2021-07-02,-0.539000,"Citi Velocity, exported by Charlie",spain_1y_bbg_2026-10-05.xlsx
2021-07-05,-0.528700,"Citi Velocity, exported by Charlie",spain_1y_bbg_2026-10-05.xlsx
2021-07-06,-0.532100,"Citi Velocity, exported by Charlie",spain_1y_bbg_2026-10-05.xlsx
2021-07-07,-0.527100,"Citi Velocity, exported by Charlie",spain_1y_bbg_2026-10-05.xlsx
2021-07-08,-0.524300,"Citi Velocity, exported by Charlie",spain_1y_bbg_2026-10-05.xlsx
2021-07-09,-0.526000,"Citi Velocity, exported by Charlie",spain_1y_bbg_2026-10-05.xlsx
2021-07-12,-0.522100,"Citi Velocity, exported by Charlie",spain_1y_bbg_2026-10-05.xlsx
2021-07-13,-0.528600,"Citi Velocity, exported by Charlie",spain_1y_bbg_2026-10-05.xlsx
2021-07-14,-0.528400,"Citi Velocity, exported by Charlie",spain_1y_bbg_2026-10-05.xlsx
2021-07-15,-0.528500,"Citi Velocity, exported by Charlie",spain_1y_bbg_2026-10-05.xlsx
2021-07-16,-0.529700,"Citi Velocity, exported by Charlie",spain_1y_bbg_2026-10-05.xlsx
2021-07-19,-0.531600,"Citi Velocity, exported by Charlie",spain_1y_bbg_2026-10-05.xlsx
2021-07-20,-0.536900,"Citi Velocity, exported by Charlie",spain_1y_bbg_2026-10-05.xlsx
2021-07-21,-0.537900,"Citi Velocity, exported by Charlie",spain_1y_bbg_2026-10-05.xlsx
2021-07-22,-0.563700,"Citi Velocity, exported by Charlie",spain_1y_bbg_2026-10-05.xlsx
2021-07-23,-0.565100,"Citi Velocity, exported by Charlie",spain_1y_bbg_2026-10-05.xlsx
2021-07-26,-0.568900,"Citi Velocity, exported by Charlie",spain_1y_bbg_2026-10-05.xlsx
2021-07-27,-0.578500,"Citi Velocity, exported by Charlie",spain_1y_bbg_2026-10-05.xlsx
2021-07-28,-0.638200,"Citi Velocity, exported by Charlie",spain_1y_bbg_2026-10-05.xlsx
2021-07-29,-0.620500,"Citi Velocity, exported by Charlie",spain_1y_bbg_2026-10-05.xlsx
2021-07-30,-0.585400,"Citi Velocity, exported by Charlie",spain_1y_bbg_2026-10-05.xlsx
2021-08-02,-0.592300,"Citi Velocity, exported by Charlie",spain_1y_bbg_2026-10-05.xlsx
2021-08-03,-0.587000,"Citi Velocity, exported by Charlie",spain_1y_bbg_2026-10-05.xlsx
2021-08-04,-0.584700,"Citi Velocity, exported by Charlie",spain_1y_bbg_2026-10-05.xlsx
2021-08-05,-0.570500,"Citi Velocity, exported by Charlie",spain_1y_bbg_2026-10-05.xlsx
2021-08-06,-0.568000,"Citi Velocity, exported by Charlie",spain_1y_bbg_2026-10-05.xlsx
2021-08-09,-0.568200,"Citi Velocity, exported by Charlie",spain_1y_bbg_2026-10-05.xlsx
2021-08-10,-0.561900,"Citi Velocity, exported by Charlie",spain_1y_bbg_2026-10-05.xlsx
2021-08-11,-0.560000,"Citi Velocity, exported by Charlie",spain_1y_bbg_2026-10-05.xlsx
2021-08-12,-0.561100,"Citi Velocity, exported by Charlie",spain_1y_bbg_2026-10-05.xlsx
2021-08-13,-0.562400,"Citi Velocity, exported by Charlie",spain_1y_bbg_2026-10-05.xlsx
2021-08-16,-0.549900,"Citi Velocity, exported by Charlie",spain_1y_bbg_2026-10-05.xlsx
2021-08-17,-0.560300,"Citi Velocity, exported by Charlie",spain_1y_bbg_2026-10-05.xlsx
2021-08-18,-0.576300,"Citi Velocity, exported by Charlie",spain_1y_bbg_2026-10-05.xlsx
2021-08-19,-0.581400,"Citi Velocity, exported by Charlie",spain_1y_bbg_2026-10-05.xlsx
2021-08-20,-0.595200,"Citi Velocity, exported by Charlie",spain_1y_bbg_2026-10-05.xlsx
2021-08-23,-0.591600,"Citi Velocity, exported by Charlie",spain_1y_bbg_2026-10-05.xlsx
2021-08-24,-0.594500,"Citi Velocity, exported by Charlie",spain_1y_bbg_2026-10-05.xlsx
2021-08-25,-0.590600,"Citi Velocity, exported by Charlie",spain_1y_bbg_2026-10-05.xlsx
2021-08-26,-0.590500,"Citi Velocity, exported by Charlie",spain_1y_bbg_2026-10-05.xlsx
2021-08-27,-0.592300,"Citi Velocity, exported by Charlie",spain_1y_bbg_2026-10-05.xlsx
2021-08-30,-0.590000,"Citi Velocity, exported by Charlie",spain_1y_bbg_2026-10-05.xlsx
2021-08-31,-0.576600,"Citi Velocity, exported by Charlie",spain_1y_bbg_2026-10-05.xlsx
2021-09-01,-0.574000,"Citi Velocity, exported by Charlie",spain_1y_bbg_2026-10-05.xlsx
2021-09-02,-0.581700,"Citi Velocity, exported by Charlie",spain_1y_bbg_2026-10-05.xlsx
2021-09-03,-0.572400,"Citi Velocity, exported by Charlie",spain_1y_bbg_2026-10-05.xlsx
2021-09-06,-0.571100,"Citi Velocity, exported by Charlie",spain_1y_bbg_2026-10-05.xlsx
2021-09-07,-0.573500,"Citi Velocity, exported by Charlie",spain_1y_bbg_2026-10-05.xlsx
2021-09-08,-0.569400,"Citi Velocity, exported by Charlie",spain_1y_bbg_2026-10-05.xlsx
2021-09-09,-0.581100,"Citi Velocity, exported by Charlie",spain_1y_bbg_2026-10-05.xlsx
2021-09-10,-0.593800,"Citi Velocity, exported by Charlie",spain_1y_bbg_2026-10-05.xlsx
2021-09-13,-0.598100,"Citi Velocity, exported by Charlie",spain_1y_bbg_2026-10-05.xlsx
2021-09-14,-0.604400,"Citi Velocity, exported by Charlie",spain_1y_bbg_2026-10-05.xlsx
2021-09-15,-0.611100,"Citi Velocity, exported by Charlie",spain_1y_bbg_2026-10-05.xlsx
2021-09-16,-0.601300,"Citi Velocity, exported by Charlie",spain_1y_bbg_2026-10-05.xlsx
2021-09-17,-0.602900,"Citi Velocity, exported by Charlie",spain_1y_bbg_2026-10-05.xlsx
2021-09-20,-0.593600,"Citi Velocity, exported by Charlie",spain_1y_bbg_2026-10-05.xlsx
2021-09-21,-0.603800,"Citi Velocity, exported by Charlie",spain_1y_bbg_2026-10-05.xlsx
2021-09-22,-0.599000,"Citi Velocity, exported by Charlie",spain_1y_bbg_2026-10-05.xlsx
2021-09-23,-0.595500,"Citi Velocity, exported by Charlie",spain_1y_bbg_2026-10-05.xlsx
2021-09-24,-0.595400,"Citi Velocity, exported by Charlie",spain_1y_bbg_2026-10-05.xlsx
2021-09-27,-0.593200,"Citi Velocity, exported by Charlie",spain_1y_bbg_2026-10-05.xlsx
2021-09-28,-0.580800,"Citi Velocity, exported by Charlie",spain_1y_bbg_2026-10-05.xlsx
2021-09-29,-0.596000,"Citi Velocity, exported by Charlie",spain_1y_bbg_2026-10-05.xlsx
2021-09-30,-0.576900,"Citi Velocity, exported by Charlie",spain_1y_bbg_2026-10-05.xlsx
2021-10-01,-0.592600,"Citi Velocity, exported by Charlie",spain_1y_bbg_2026-10-05.xlsx
2021-10-04,-0.575800,"Citi Velocity, exported by Charlie",spain_1y_bbg_2026-10-05.xlsx
2021-10-05,-0.573100,"Citi Velocity, exported by Charlie",spain_1y_bbg_2026-10-05.xlsx
2021-10-06,-0.564900,"Citi Velocity, exported by Charlie",spain_1y_bbg_2026-10-05.xlsx
2021-10-07,-0.569400,"Citi Velocity, exported by Charlie",spain_1y_bbg_2026-10-05.xlsx
2021-10-08,-0.566900,"Citi Velocity, exported by Charlie",spain_1y_bbg_2026-10-05.xlsx
2021-10-11,-0.567800,"Citi Velocity, exported by Charlie",spain_1y_bbg_2026-10-05.xlsx
2021-10-12,-0.568500,"Citi Velocity, exported by Charlie",spain_1y_bbg_2026-10-05.xlsx
2021-10-13,-0.574000,"Citi Velocity, exported by Charlie",spain_1y_bbg_2026-10-05.xlsx
2021-10-14,-0.576200,"Citi Velocity, exported by Charlie",spain_1y_bbg_2026-10-05.xlsx
2021-10-15,-0.582900,"Citi Velocity, exported by Charlie",spain_1y_bbg_2026-10-05.xlsx
2021-10-18,-0.572900,"Citi Velocity, exported by Charlie",spain_1y_bbg_2026-10-05.xlsx
2021-10-19,-0.573600,"Citi Velocity, exported by Charlie",spain_1y_bbg_2026-10-05.xlsx
2021-10-20,-0.572000,"Citi Velocity, exported by Charlie",spain_1y_bbg_2026-10-05.xlsx
2021-10-21,-0.576400,"Citi Velocity, exported by Charlie",spain_1y_bbg_2026-10-05.xlsx
2021-10-22,-0.565200,"Citi Velocity, exported by Charlie",spain_1y_bbg_2026-10-05.xlsx
2021-10-25,-0.566100,"Citi Velocity, exported by Charlie",spain_1y_bbg_2026-10-05.xlsx
2021-10-26,-0.575100,"Citi Velocity, exported by Charlie",spain_1y_bbg_2026-10-05.xlsx
2021-10-27,-0.568000,"Citi Velocity, exported by Charlie",spain_1y_bbg_2026-10-05.xlsx
2021-10-28,-0.545000,"Citi Velocity, exported by Charlie",spain_1y_bbg_2026-10-05.xlsx
2021-10-29,-0.536500,"Citi Velocity, exported by Charlie",spain_1y_bbg_2026-10-05.xlsx
2021-11-01,-0.554000,"Citi Velocity, exported by Charlie",spain_1y_bbg_2026-10-05.xlsx
2021-11-02,-0.581100,"Citi Velocity, exported by Charlie",spain_1y_bbg_2026-10-05.xlsx
2021-11-03,-0.556400,"Citi Velocity, exported by Charlie",spain_1y_bbg_2026-10-05.xlsx
2021-11-04,-0.593900,"Citi Velocity, exported by Charlie",spain_1y_bbg_2026-10-05.xlsx
2021-11-05,-0.595700,"Citi Velocity, exported by Charlie",spain_1y_bbg_2026-10-05.xlsx
2021-11-08,-0.623500,"Citi Velocity, exported by Charlie",spain_1y_bbg_2026-10-05.xlsx
2021-11-09,-0.653600,"Citi Velocity, exported by Charlie",spain_1y_bbg_2026-10-05.xlsx
2021-11-10,-0.624600,"Citi Velocity, exported by Charlie",spain_1y_bbg_2026-10-05.xlsx
2021-11-11,-0.620600,"Citi Velocity, exported by Charlie",spain_1y_bbg_2026-10-05.xlsx
2021-11-12,-0.625300,"Citi Velocity, exported by Charlie",spain_1y_bbg_2026-10-05.xlsx
2021-11-15,-0.620100,"Citi Velocity, exported by Charlie",spain_1y_bbg_2026-10-05.xlsx
2021-11-16,-0.601600,"Citi Velocity, exported by Charlie",spain_1y_bbg_2026-10-05.xlsx
2021-11-17,-0.595400,"Citi Velocity, exported by Charlie",spain_1y_bbg_2026-10-05.xlsx
2021-11-18,-0.607500,"Citi Velocity, exported by Charlie",spain_1y_bbg_2026-10-05.xlsx
2021-11-19,-0.649100,"Citi Velocity, exported by Charlie",spain_1y_bbg_2026-10-05.xlsx
2021-11-22,-0.642500,"Citi Velocity, exported by Charlie",spain_1y_bbg_2026-10-05.xlsx
2021-11-23,-0.629200,"Citi Velocity, exported by Charlie",spain_1y_bbg_2026-10-05.xlsx
2021-11-24,-0.621600,"Citi Velocity, exported by Charlie",spain_1y_bbg_2026-10-05.xlsx
2021-11-25,-0.628600,"Citi Velocity, exported by Charlie",spain_1y_bbg_2026-10-05.xlsx
2021-11-26,-0.639500,"Citi Velocity, exported by Charlie",spain_1y_bbg_2026-10-05.xlsx
2021-11-29,-0.656300,"Citi Velocity, exported by Charlie",spain_1y_bbg_2026-10-05.xlsx
2021-11-30,-0.647000,"Citi Velocity, exported by Charlie",spain_1y_bbg_2026-10-05.xlsx
2021-12-01,-0.648500,"Citi Velocity, exported by Charlie",spain_1y_bbg_2026-10-05.xlsx
2021-12-02,-0.651900,"Citi Velocity, exported by Charlie",spain_1y_bbg_2026-10-05.xlsx
2021-12-03,-0.624700,"Citi Velocity, exported by Charlie",spain_1y_bbg_2026-10-05.xlsx
2021-12-06,-0.631300,"Citi Velocity, exported by Charlie",spain_1y_bbg_2026-10-05.xlsx
2021-12-07,-0.629100,"Citi Velocity, exported by Charlie",spain_1y_bbg_2026-10-05.xlsx
2021-12-08,-0.578700,"Citi Velocity, exported by Charlie",spain_1y_bbg_2026-10-05.xlsx
2021-12-09,-0.579200,"Citi Velocity, exported by Charlie",spain_1y_bbg_2026-10-05.xlsx
2021-12-10,-0.541300,"Citi Velocity, exported by Charlie",spain_1y_bbg_2026-10-05.xlsx
2021-12-13,-0.565100,"Citi Velocity, exported by Charlie",spain_1y_bbg_2026-10-05.xlsx
2021-12-14,-0.566000,"Citi Velocity, exported by Charlie",spain_1y_bbg_2026-10-05.xlsx
2021-12-15,-0.582200,"Citi Velocity, exported by Charlie",spain_1y_bbg_2026-10-05.xlsx
2021-12-16,-0.585100,"Citi Velocity, exported by Charlie",spain_1y_bbg_2026-10-05.xlsx
2021-12-17,-0.617600,"Citi Velocity, exported by Charlie",spain_1y_bbg_2026-10-05.xlsx
2021-12-20,-0.616800,"Citi Velocity, exported by Charlie",spain_1y_bbg_2026-10-05.xlsx
2021-12-21,-0.616600,"Citi Velocity, exported by Charlie",spain_1y_bbg_2026-10-05.xlsx
2021-12-22,-0.606400,"Citi Velocity, exported by Charlie",spain_1y_bbg_2026-10-05.xlsx
2021-12-23,-0.594400,"Citi Velocity, exported by Charlie",spain_1y_bbg_2026-10-05.xlsx
2021-12-24,-0.596400,"Citi Velocity, exported by Charlie",spain_1y_bbg_2026-10-05.xlsx
2021-12-27,-0.588700,"Citi Velocity, exported by Charlie",spain_1y_bbg_2026-10-05.xlsx
2021-12-28,-0.600100,"Citi Velocity, exported by Charlie",spain_1y_bbg_2026-10-05.xlsx
2021-12-29,-0.601500,"Citi Velocity, exported by Charlie",spain_1y_bbg_2026-10-05.xlsx
2021-12-30,-0.596500,"Citi Velocity, exported by Charlie",spain_1y_bbg_2026-10-05.xlsx
2021-12-31,-0.598200,"Citi Velocity, exported by Charlie",spain_1y_bbg_2026-10-05.xlsx
2022-01-03,-0.600200,"Citi Velocity, exported by Charlie",spain_1y_bbg_2026-10-05.xlsx
2022-01-04,-0.597000,"Citi Velocity, exported by Charlie",spain_1y_bbg_2026-10-05.xlsx
2022-01-05,-0.574400,"Citi Velocity, exported by Charlie",spain_1y_bbg_2026-10-05.xlsx
2022-01-06,-0.586700,"Citi Velocity, exported by Charlie",spain_1y_bbg_2026-10-05.xlsx
2022-01-07,-0.589500,"Citi Velocity, exported by Charlie",spain_1y_bbg_2026-10-05.xlsx
2022-01-10,-0.580200,"Citi Velocity, exported by Charlie",spain_1y_bbg_2026-10-05.xlsx
2022-01-11,-0.569500,"Citi Velocity, exported by Charlie",spain_1y_bbg_2026-10-05.xlsx
2022-01-12,-0.547600,"Citi Velocity, exported by Charlie",spain_1y_bbg_2026-10-05.xlsx
2022-01-13,-0.550400,"Citi Velocity, exported by Charlie",spain_1y_bbg_2026-10-05.xlsx
2022-01-14,-0.534200,"Citi Velocity, exported by Charlie",spain_1y_bbg_2026-10-05.xlsx
2022-01-17,-0.565400,"Citi Velocity, exported by Charlie",spain_1y_bbg_2026-10-05.xlsx
2022-01-18,-0.547700,"Citi Velocity, exported by Charlie",spain_1y_bbg_2026-10-05.xlsx
2022-01-19,-0.520600,"Citi Velocity, exported by Charlie",spain_1y_bbg_2026-10-05.xlsx
2022-01-20,-0.542300,"Citi Velocity, exported by Charlie",spain_1y_bbg_2026-10-05.xlsx
2022-01-21,-0.542400,"Citi Velocity, exported by Charlie",spain_1y_bbg_2026-10-05.xlsx
2022-01-24,-0.550000,"Citi Velocity, exported by Charlie",spain_1y_bbg_2026-10-05.xlsx
2022-01-25,-0.552800,"Citi Velocity, exported by Charlie",spain_1y_bbg_2026-10-05.xlsx
2022-01-26,-0.555200,"Citi Velocity, exported by Charlie",spain_1y_bbg_2026-10-05.xlsx
2022-01-27,-0.565000,"Citi Velocity, exported by Charlie",spain_1y_bbg_2026-10-05.xlsx
2022-01-28,-0.538800,"Citi Velocity, exported by Charlie",spain_1y_bbg_2026-10-05.xlsx
2022-01-31,-0.558500,"Citi Velocity, exported by Charlie",spain_1y_bbg_2026-10-05.xlsx
2022-02-01,-0.544900,"Citi Velocity, exported by Charlie",spain_1y_bbg_2026-10-05.xlsx
2022-02-02,-0.524600,"Citi Velocity, exported by Charlie",spain_1y_bbg_2026-10-05.xlsx
2022-02-03,-0.416500,"Citi Velocity, exported by Charlie",spain_1y_bbg_2026-10-05.xlsx
2022-02-04,-0.367000,"Citi Velocity, exported by Charlie",spain_1y_bbg_2026-10-05.xlsx
2022-02-07,-0.400600,"Citi Velocity, exported by Charlie",spain_1y_bbg_2026-10-05.xlsx
2022-02-08,-0.410900,"Citi Velocity, exported by Charlie",spain_1y_bbg_2026-10-05.xlsx
2022-02-09,-0.389900,"Citi Velocity, exported by Charlie",spain_1y_bbg_2026-10-05.xlsx
2022-02-10,-0.389200,"Citi Velocity, exported by Charlie",spain_1y_bbg_2026-10-05.xlsx
2022-02-11,-0.367400,"Citi Velocity, exported by Charlie",spain_1y_bbg_2026-10-05.xlsx
2022-02-14,-0.395600,"Citi Velocity, exported by Charlie",spain_1y_bbg_2026-10-05.xlsx
2022-02-15,-0.448400,"Citi Velocity, exported by Charlie",spain_1y_bbg_2026-10-05.xlsx
2022-02-16,-0.489100,"Citi Velocity, exported by Charlie",spain_1y_bbg_2026-10-05.xlsx
2022-02-17,-0.530000,"Citi Velocity, exported by Charlie",spain_1y_bbg_2026-10-05.xlsx
2022-02-18,-0.518700,"Citi Velocity, exported by Charlie",spain_1y_bbg_2026-10-05.xlsx
2022-02-21,-0.517200,"Citi Velocity, exported by Charlie",spain_1y_bbg_2026-10-05.xlsx
2022-02-22,-0.510100,"Citi Velocity, exported by Charlie",spain_1y_bbg_2026-10-05.xlsx
2022-02-23,-0.503400,"Citi Velocity, exported by Charlie",spain_1y_bbg_2026-10-05.xlsx
2022-02-24,-0.518400,"Citi Velocity, exported by Charlie",spain_1y_bbg_2026-10-05.xlsx
2022-02-25,-0.525600,"Citi Velocity, exported by Charlie",spain_1y_bbg_2026-10-05.xlsx
2022-02-28,-0.538400,"Citi Velocity, exported by Charlie",spain_1y_bbg_2026-10-05.xlsx
2022-03-01,-0.540300,"Citi Velocity, exported by Charlie",spain_1y_bbg_2026-10-05.xlsx
2022-03-02,-0.518900,"Citi Velocity, exported by Charlie",spain_1y_bbg_2026-10-05.xlsx
2022-03-03,-0.511000,"Citi Velocity, exported by Charlie",spain_1y_bbg_2026-10-05.xlsx
2022-03-04,-0.521800,"Citi Velocity, exported by Charlie",spain_1y_bbg_2026-10-05.xlsx
2022-03-07,-0.535600,"Citi Velocity, exported by Charlie",spain_1y_bbg_2026-10-05.xlsx
2022-03-08,-0.535200,"Citi Velocity, exported by Charlie",spain_1y_bbg_2026-10-05.xlsx
2022-03-09,-0.506200,"Citi Velocity, exported by Charlie",spain_1y_bbg_2026-10-05.xlsx
2022-03-10,-0.472100,"Citi Velocity, exported by Charlie",spain_1y_bbg_2026-10-05.xlsx
2022-03-11,-0.488500,"Citi Velocity, exported by Charlie",spain_1y_bbg_2026-10-05.xlsx
2022-03-14,-0.484900,"Citi Velocity, exported by Charlie",spain_1y_bbg_2026-10-05.xlsx
2022-03-15,-0.485800,"Citi Velocity, exported by Charlie",spain_1y_bbg_2026-10-05.xlsx
2022-03-16,-0.478900,"Citi Velocity, exported by Charlie",spain_1y_bbg_2026-10-05.xlsx
2022-03-17,-0.495000,"Citi Velocity, exported by Charlie",spain_1y_bbg_2026-10-05.xlsx
2022-03-18,-0.469800,"Citi Velocity, exported by Charlie",spain_1y_bbg_2026-10-05.xlsx
2022-03-21,-0.451400,"Citi Velocity, exported by Charlie",spain_1y_bbg_2026-10-05.xlsx
2022-03-22,-0.454500,"Citi Velocity, exported by Charlie",spain_1y_bbg_2026-10-05.xlsx
2022-03-23,-0.469000,"Citi Velocity, exported by Charlie",spain_1y_bbg_2026-10-05.xlsx
2022-03-24,-0.471400,"Citi Velocity, exported by Charlie",spain_1y_bbg_2026-10-05.xlsx
2022-03-25,-0.458000,"Citi Velocity, exported by Charlie",spain_1y_bbg_2026-10-05.xlsx
2022-03-28,-0.443300,"Citi Velocity, exported by Charlie",spain_1y_bbg_2026-10-05.xlsx
2022-03-29,-0.427200,"Citi Velocity, exported by Charlie",spain_1y_bbg_2026-10-05.xlsx
2022-03-30,-0.400400,"Citi Velocity, exported by Charlie",spain_1y_bbg_2026-10-05.xlsx
2022-03-31,-0.409000,"Citi Velocity, exported by Charlie",spain_1y_bbg_2026-10-05.xlsx
2022-04-01,-0.411600,"Citi Velocity, exported by Charlie",spain_1y_bbg_2026-10-05.xlsx
2022-04-04,-0.402600,"Citi Velocity, exported by Charlie",spain_1y_bbg_2026-10-05.xlsx
2022-04-05,-0.357400,"Citi Velocity, exported by Charlie",spain_1y_bbg_2026-10-05.xlsx
2022-04-06,-0.288600,"Citi Velocity, exported by Charlie",spain_1y_bbg_2026-10-05.xlsx
2022-04-07,-0.280800,"Citi Velocity, exported by Charlie",spain_1y_bbg_2026-10-05.xlsx
2022-04-08,-0.251100,"Citi Velocity, exported by Charlie",spain_1y_bbg_2026-10-05.xlsx
2022-04-11,-0.250000,"Citi Velocity, exported by Charlie",spain_1y_bbg_2026-10-05.xlsx
2022-04-12,-0.264500,"Citi Velocity, exported by Charlie",spain_1y_bbg_2026-10-05.xlsx
2022-04-13,-0.267200,"Citi Velocity, exported by Charlie",spain_1y_bbg_2026-10-05.xlsx
2022-04-14,-0.258300,"Citi Velocity, exported by Charlie",spain_1y_bbg_2026-10-05.xlsx
2022-04-19,-0.226100,"Citi Velocity, exported by Charlie",spain_1y_bbg_2026-10-05.xlsx
2022-04-20,-0.235400,"Citi Velocity, exported by Charlie",spain_1y_bbg_2026-10-05.xlsx
2022-04-21,-0.164700,"Citi Velocity, exported by Charlie",spain_1y_bbg_2026-10-05.xlsx
2022-04-22,-0.133600,"Citi Velocity, exported by Charlie",spain_1y_bbg_2026-10-05.xlsx
2022-04-25,-0.161800,"Citi Velocity, exported by Charlie",spain_1y_bbg_2026-10-05.xlsx
2022-04-26,-0.159100,"Citi Velocity, exported by Charlie",spain_1y_bbg_2026-10-05.xlsx
2022-04-27,-0.168700,"Citi Velocity, exported by Charlie",spain_1y_bbg_2026-10-05.xlsx
2022-04-28,-0.122500,"Citi Velocity, exported by Charlie",spain_1y_bbg_2026-10-05.xlsx
2022-04-29,-0.088900,"Citi Velocity, exported by Charlie",spain_1y_bbg_2026-10-05.xlsx
2022-05-02,-0.090800,"Citi Velocity, exported by Charlie",spain_1y_bbg_2026-10-05.xlsx
2022-05-03,-0.055000,"Citi Velocity, exported by Charlie",spain_1y_bbg_2026-10-05.xlsx
2022-05-04,0.075600,"Citi Velocity, exported by Charlie",spain_1y_bbg_2026-10-05.xlsx
2022-05-05,0.074400,"Citi Velocity, exported by Charlie",spain_1y_bbg_2026-10-05.xlsx
2022-05-06,0.095300,"Citi Velocity, exported by Charlie",spain_1y_bbg_2026-10-05.xlsx
2022-05-09,0.072600,"Citi Velocity, exported by Charlie",spain_1y_bbg_2026-10-05.xlsx
2022-05-10,0.035600,"Citi Velocity, exported by Charlie",spain_1y_bbg_2026-10-05.xlsx
2022-05-11,0.019700,"Citi Velocity, exported by Charlie",spain_1y_bbg_2026-10-05.xlsx
2022-05-12,-0.015200,"Citi Velocity, exported by Charlie",spain_1y_bbg_2026-10-05.xlsx
2022-05-13,-0.000800,"Citi Velocity, exported by Charlie",spain_1y_bbg_2026-10-05.xlsx
2022-05-16,0.071600,"Citi Velocity, exported by Charlie",spain_1y_bbg_2026-10-05.xlsx
2022-05-17,0.100700,"Citi Velocity, exported by Charlie",spain_1y_bbg_2026-10-05.xlsx
2022-05-18,0.145900,"Citi Velocity, exported by Charlie",spain_1y_bbg_2026-10-05.xlsx
2022-05-19,0.144400,"Citi Velocity, exported by Charlie",spain_1y_bbg_2026-10-05.xlsx
2022-05-20,0.145100,"Citi Velocity, exported by Charlie",spain_1y_bbg_2026-10-05.xlsx
2022-05-23,0.153700,"Citi Velocity, exported by Charlie",spain_1y_bbg_2026-10-05.xlsx
2022-05-24,0.150500,"Citi Velocity, exported by Charlie",spain_1y_bbg_2026-10-05.xlsx
2022-05-25,0.146200,"Citi Velocity, exported by Charlie",spain_1y_bbg_2026-10-05.xlsx
2022-05-26,0.124400,"Citi Velocity, exported by Charlie",spain_1y_bbg_2026-10-05.xlsx
2022-05-27,0.112300,"Citi Velocity, exported by Charlie",spain_1y_bbg_2026-10-05.xlsx
2022-05-30,0.157000,"Citi Velocity, exported by Charlie",spain_1y_bbg_2026-10-05.xlsx
2022-05-31,0.158400,"Citi Velocity, exported by Charlie",spain_1y_bbg_2026-10-05.xlsx
2022-06-01,0.188500,"Citi Velocity, exported by Charlie",spain_1y_bbg_2026-10-05.xlsx
2022-06-02,0.238300,"Citi Velocity, exported by Charlie",spain_1y_bbg_2026-10-05.xlsx
2022-06-03,0.256400,"Citi Velocity, exported by Charlie",spain_1y_bbg_2026-10-05.xlsx
2022-06-06,0.297600,"Citi Velocity, exported by Charlie",spain_1y_bbg_2026-10-05.xlsx
2022-06-07,0.329200,"Citi Velocity, exported by Charlie",spain_1y_bbg_2026-10-05.xlsx
2022-06-08,0.463500,"Citi Velocity, exported by Charlie",spain_1y_bbg_2026-10-05.xlsx
2022-06-09,0.544900,"Citi Velocity, exported by Charlie",spain_1y_bbg_2026-10-05.xlsx
2022-06-10,0.720100,"Citi Velocity, exported by Charlie",spain_1y_bbg_2026-10-05.xlsx
2022-06-13,0.744500,"Citi Velocity, exported by Charlie",spain_1y_bbg_2026-10-05.xlsx
2022-06-14,0.890000,"Citi Velocity, exported by Charlie",spain_1y_bbg_2026-10-05.xlsx
2022-06-15,0.749900,"Citi Velocity, exported by Charlie",spain_1y_bbg_2026-10-05.xlsx
2022-06-16,0.788300,"Citi Velocity, exported by Charlie",spain_1y_bbg_2026-10-05.xlsx
2022-06-17,0.744000,"Citi Velocity, exported by Charlie",spain_1y_bbg_2026-10-05.xlsx
2022-06-20,0.775400,"Citi Velocity, exported by Charlie",spain_1y_bbg_2026-10-05.xlsx
2022-06-21,0.748800,"Citi Velocity, exported by Charlie",spain_1y_bbg_2026-10-05.xlsx
2022-06-22,0.681600,"Citi Velocity, exported by Charlie",spain_1y_bbg_2026-10-05.xlsx
2022-06-23,0.556100,"Citi Velocity, exported by Charlie",spain_1y_bbg_2026-10-05.xlsx
2022-06-24,0.573900,"Citi Velocity, exported by Charlie",spain_1y_bbg_2026-10-05.xlsx
2022-06-27,0.610300,"Citi Velocity, exported by Charlie",spain_1y_bbg_2026-10-05.xlsx
2022-06-28,0.670900,"Citi Velocity, exported by Charlie",spain_1y_bbg_2026-10-05.xlsx
2022-06-29,0.624500,"Citi Velocity, exported by Charlie",spain_1y_bbg_2026-10-05.xlsx
2022-06-30,0.541500,"Citi Velocity, exported by Charlie",spain_1y_bbg_2026-10-05.xlsx
2022-07-01,0.490400,"Citi Velocity, exported by Charlie",spain_1y_bbg_2026-10-05.xlsx
2022-07-04,0.598100,"Citi Velocity, exported by Charlie",spain_1y_bbg_2026-10-05.xlsx
2022-07-05,0.547900,"Citi Velocity, exported by Charlie",spain_1y_bbg_2026-10-05.xlsx
2022-07-06,0.596700,"Citi Velocity, exported by Charlie",spain_1y_bbg_2026-10-05.xlsx
2022-07-07,0.682000,"Citi Velocity, exported by Charlie",spain_1y_bbg_2026-10-05.xlsx
2022-07-08,0.663700,"Citi Velocity, exported by Charlie",spain_1y_bbg_2026-10-05.xlsx
2022-07-11,0.620700,"Citi Velocity, exported by Charlie",spain_1y_bbg_2026-10-05.xlsx
2022-07-12,0.576500,"Citi Velocity, exported by Charlie",spain_1y_bbg_2026-10-05.xlsx
2022-07-13,0.631500,"Citi Velocity, exported by Charlie",spain_1y_bbg_2026-10-05.xlsx
2022-07-14,0.694600,"Citi Velocity, exported by Charlie",spain_1y_bbg_2026-10-05.xlsx
2022-07-15,0.666400,"Citi Velocity, exported by Charlie",spain_1y_bbg_2026-10-05.xlsx
2022-07-18,0.691300,"Citi Velocity, exported by Charlie",spain_1y_bbg_2026-10-05.xlsx
2022-07-19,0.765600,"Citi Velocity, exported by Charlie",spain_1y_bbg_2026-10-05.xlsx
2022-07-20,0.755400,"Citi Velocity, exported by Charlie",spain_1y_bbg_2026-10-05.xlsx
2022-07-21,0.815700,"Citi Velocity, exported by Charlie",spain_1y_bbg_2026-10-05.xlsx
2022-07-22,0.605300,"Citi Velocity, exported by Charlie",spain_1y_bbg_2026-10-05.xlsx
2022-07-25,0.562500,"Citi Velocity, exported by Charlie",spain_1y_bbg_2026-10-05.xlsx
2022-07-26,0.606500,"Citi Velocity, exported by Charlie",spain_1y_bbg_2026-10-05.xlsx
2022-07-27,0.673900,"Citi Velocity, exported by Charlie",spain_1y_bbg_2026-10-05.xlsx
2022-07-28,0.571700,"Citi Velocity, exported by Charlie",spain_1y_bbg_2026-10-05.xlsx
2022-07-29,0.575600,"Citi Velocity, exported by Charlie",spain_1y_bbg_2026-10-05.xlsx
2022-08-01,0.427200,"Citi Velocity, exported by Charlie",spain_1y_bbg_2026-10-05.xlsx
2022-08-02,0.527800,"Citi Velocity, exported by Charlie",spain_1y_bbg_2026-10-05.xlsx
2022-08-03,0.524300,"Citi Velocity, exported by Charlie",spain_1y_bbg_2026-10-05.xlsx
2022-08-04,0.530400,"Citi Velocity, exported by Charlie",spain_1y_bbg_2026-10-05.xlsx
2022-08-05,0.611900,"Citi Velocity, exported by Charlie",spain_1y_bbg_2026-10-05.xlsx
2022-08-08,0.617000,"Citi Velocity, exported by Charlie",spain_1y_bbg_2026-10-05.xlsx
2022-08-09,0.654500,"Citi Velocity, exported by Charlie",spain_1y_bbg_2026-10-05.xlsx
2022-08-10,0.747700,"Citi Velocity, exported by Charlie",spain_1y_bbg_2026-10-05.xlsx
2022-08-11,0.783100,"Citi Velocity, exported by Charlie",spain_1y_bbg_2026-10-05.xlsx
2022-08-12,0.789800,"Citi Velocity, exported by Charlie",spain_1y_bbg_2026-10-05.xlsx
2022-08-15,0.749300,"Citi Velocity, exported by Charlie",spain_1y_bbg_2026-10-05.xlsx
2022-08-16,0.770900,"Citi Velocity, exported by Charlie",spain_1y_bbg_2026-10-05.xlsx
2022-08-17,0.824300,"Citi Velocity, exported by Charlie",spain_1y_bbg_2026-10-05.xlsx
2022-08-18,0.839900,"Citi Velocity, exported by Charlie",spain_1y_bbg_2026-10-05.xlsx
2022-08-19,0.922200,"Citi Velocity, exported by Charlie",spain_1y_bbg_2026-10-05.xlsx
2022-08-22,0.941100,"Citi Velocity, exported by Charlie",spain_1y_bbg_2026-10-05.xlsx
2022-08-23,0.840100,"Citi Velocity, exported by Charlie",spain_1y_bbg_2026-10-05.xlsx
2022-08-24,0.863900,"Citi Velocity, exported by Charlie",spain_1y_bbg_2026-10-05.xlsx
2022-08-25,0.792400,"Citi Velocity, exported by Charlie",spain_1y_bbg_2026-10-05.xlsx
2022-08-26,0.930200,"Citi Velocity, exported by Charlie",spain_1y_bbg_2026-10-05.xlsx
2022-08-29,0.978800,"Citi Velocity, exported by Charlie",spain_1y_bbg_2026-10-05.xlsx
2022-08-30,1.015500,"Citi Velocity, exported by Charlie",spain_1y_bbg_2026-10-05.xlsx
2022-08-31,1.065800,"Citi Velocity, exported by Charlie",spain_1y_bbg_2026-10-05.xlsx
2022-09-01,1.065400,"Citi Velocity, exported by Charlie",spain_1y_bbg_2026-10-05.xlsx
2022-09-02,1.048700,"Citi Velocity, exported by Charlie",spain_1y_bbg_2026-10-05.xlsx
2022-09-05,1.091600,"Citi Velocity, exported by Charlie",spain_1y_bbg_2026-10-05.xlsx
2022-09-06,1.288000,"Citi Velocity, exported by Charlie",spain_1y_bbg_2026-10-05.xlsx
2022-09-07,1.376000,"Citi Velocity, exported by Charlie",spain_1y_bbg_2026-10-05.xlsx
2022-09-08,1.504900,"Citi Velocity, exported by Charlie",spain_1y_bbg_2026-10-05.xlsx
2022-09-09,1.581300,"Citi Velocity, exported by Charlie",spain_1y_bbg_2026-10-05.xlsx
2022-09-12,1.595900,"Citi Velocity, exported by Charlie",spain_1y_bbg_2026-10-05.xlsx
2022-09-13,1.690900,"Citi Velocity, exported by Charlie",spain_1y_bbg_2026-10-05.xlsx
2022-09-14,1.727500,"Citi Velocity, exported by Charlie",spain_1y_bbg_2026-10-05.xlsx
2022-09-15,1.717300,"Citi Velocity, exported by Charlie",spain_1y_bbg_2026-10-05.xlsx
2022-09-16,1.798700,"Citi Velocity, exported by Charlie",spain_1y_bbg_2026-10-05.xlsx
2022-09-19,1.959400,"Citi Velocity, exported by Charlie",spain_1y_bbg_2026-10-05.xlsx
2022-09-20,2.018900,"Citi Velocity, exported by Charlie",spain_1y_bbg_2026-10-05.xlsx
2022-09-21,2.053900,"Citi Velocity, exported by Charlie",spain_1y_bbg_2026-10-05.xlsx
2022-09-22,2.093100,"Citi Velocity, exported by Charlie",spain_1y_bbg_2026-10-05.xlsx
2022-09-23,2.131000,"Citi Velocity, exported by Charlie",spain_1y_bbg_2026-10-05.xlsx
2022-09-26,2.184400,"Citi Velocity, exported by Charlie",spain_1y_bbg_2026-10-05.xlsx
2022-09-27,2.195000,"Citi Velocity, exported by Charlie",spain_1y_bbg_2026-10-05.xlsx
2022-09-28,2.005600,"Citi Velocity, exported by Charlie",spain_1y_bbg_2026-10-05.xlsx
2022-09-29,1.977000,"Citi Velocity, exported by Charlie",spain_1y_bbg_2026-10-05.xlsx
2022-09-30,2.007200,"Citi Velocity, exported by Charlie",spain_1y_bbg_2026-10-05.xlsx
2022-10-03,1.930500,"Citi Velocity, exported by Charlie",spain_1y_bbg_2026-10-05.xlsx
2022-10-04,1.882900,"Citi Velocity, exported by Charlie",spain_1y_bbg_2026-10-05.xlsx
2022-10-05,2.057400,"Citi Velocity, exported by Charlie",spain_1y_bbg_2026-10-05.xlsx
2022-10-06,2.131300,"Citi Velocity, exported by Charlie",spain_1y_bbg_2026-10-05.xlsx
2022-10-07,2.186000,"Citi Velocity, exported by Charlie",spain_1y_bbg_2026-10-05.xlsx
2022-10-10,2.207400,"Citi Velocity, exported by Charlie",spain_1y_bbg_2026-10-05.xlsx
2022-10-11,2.203800,"Citi Velocity, exported by Charlie",spain_1y_bbg_2026-10-05.xlsx
2022-10-12,2.201500,"Citi Velocity, exported by Charlie",spain_1y_bbg_2026-10-05.xlsx
2022-10-13,2.207200,"Citi Velocity, exported by Charlie",spain_1y_bbg_2026-10-05.xlsx
2022-10-14,2.265100,"Citi Velocity, exported by Charlie",spain_1y_bbg_2026-10-05.xlsx
2022-10-17,2.260600,"Citi Velocity, exported by Charlie",spain_1y_bbg_2026-10-05.xlsx
2022-10-18,2.261000,"Citi Velocity, exported by Charlie",spain_1y_bbg_2026-10-05.xlsx
2022-10-19,2.289700,"Citi Velocity, exported by Charlie",spain_1y_bbg_2026-10-05.xlsx
2022-10-20,2.314300,"Citi Velocity, exported by Charlie",spain_1y_bbg_2026-10-05.xlsx
2022-10-21,2.282300,"Citi Velocity, exported by Charlie",spain_1y_bbg_2026-10-05.xlsx
2022-10-24,2.257800,"Citi Velocity, exported by Charlie",spain_1y_bbg_2026-10-05.xlsx
2022-10-25,2.220300,"Citi Velocity, exported by Charlie",spain_1y_bbg_2026-10-05.xlsx
2022-10-26,2.273300,"Citi Velocity, exported by Charlie",spain_1y_bbg_2026-10-05.xlsx
2022-10-27,2.146900,"Citi Velocity, exported by Charlie",spain_1y_bbg_2026-10-05.xlsx
2022-10-28,2.247000,"Citi Velocity, exported by Charlie",spain_1y_bbg_2026-10-05.xlsx
2022-10-31,2.217900,"Citi Velocity, exported by Charlie",spain_1y_bbg_2026-10-05.xlsx
2022-11-01,2.236100,"Citi Velocity, exported by Charlie",spain_1y_bbg_2026-10-05.xlsx
2022-11-02,2.289200,"Citi Velocity, exported by Charlie",spain_1y_bbg_2026-10-05.xlsx
2022-11-03,2.318400,"Citi Velocity, exported by Charlie",spain_1y_bbg_2026-10-05.xlsx
2022-11-04,2.361900,"Citi Velocity, exported by Charlie",spain_1y_bbg_2026-10-05.xlsx
2022-11-07,2.429200,"Citi Velocity, exported by Charlie",spain_1y_bbg_2026-10-05.xlsx
2022-11-08,2.417400,"Citi Velocity, exported by Charlie",spain_1y_bbg_2026-10-05.xlsx
2022-11-09,2.513300,"Citi Velocity, exported by Charlie",spain_1y_bbg_2026-10-05.xlsx
2022-11-10,2.462000,"Citi Velocity, exported by Charlie",spain_1y_bbg_2026-10-05.xlsx
2022-11-11,2.550500,"Citi Velocity, exported by Charlie",spain_1y_bbg_2026-10-05.xlsx
2022-11-14,2.536900,"Citi Velocity, exported by Charlie",spain_1y_bbg_2026-10-05.xlsx
2022-11-15,2.485900,"Citi Velocity, exported by Charlie",spain_1y_bbg_2026-10-05.xlsx
2022-11-16,2.455500,"Citi Velocity, exported by Charlie",spain_1y_bbg_2026-10-05.xlsx
2022-11-17,2.429900,"Citi Velocity, exported by Charlie",spain_1y_bbg_2026-10-05.xlsx
2022-11-18,2.363200,"Citi Velocity, exported by Charlie",spain_1y_bbg_2026-10-05.xlsx
2022-11-21,2.375200,"Citi Velocity, exported by Charlie",spain_1y_bbg_2026-10-05.xlsx
2022-11-22,2.369000,"Citi Velocity, exported by Charlie",spain_1y_bbg_2026-10-05.xlsx
2022-11-23,2.366000,"Citi Velocity, exported by Charlie",spain_1y_bbg_2026-10-05.xlsx
2022-11-24,2.407000,"Citi Velocity, exported by Charlie",spain_1y_bbg_2026-10-05.xlsx
2022-11-25,2.435400,"Citi Velocity, exported by Charlie",spain_1y_bbg_2026-10-05.xlsx
2022-11-28,2.422200,"Citi Velocity, exported by Charlie",spain_1y_bbg_2026-10-05.xlsx
2022-11-29,2.381200,"Citi Velocity, exported by Charlie",spain_1y_bbg_2026-10-05.xlsx
2022-11-30,2.389800,"Citi Velocity, exported by Charlie",spain_1y_bbg_2026-10-05.xlsx
2022-12-01,2.359700,"Citi Velocity, exported by Charlie",spain_1y_bbg_2026-10-05.xlsx
2022-12-02,2.388700,"Citi Velocity, exported by Charlie",spain_1y_bbg_2026-10-05.xlsx
2022-12-05,2.393500,"Citi Velocity, exported by Charlie",spain_1y_bbg_2026-10-05.xlsx
2022-12-06,2.375800,"Citi Velocity, exported by Charlie",spain_1y_bbg_2026-10-05.xlsx
2022-12-07,2.328700,"Citi Velocity, exported by Charlie",spain_1y_bbg_2026-10-05.xlsx
2022-12-08,2.459300,"Citi Velocity, exported by Charlie",spain_1y_bbg_2026-10-05.xlsx
2022-12-09,2.461400,"Citi Velocity, exported by Charlie",spain_1y_bbg_2026-10-05.xlsx
2022-12-12,2.464400,"Citi Velocity, exported by Charlie",spain_1y_bbg_2026-10-05.xlsx
2022-12-13,2.438200,"Citi Velocity, exported by Charlie",spain_1y_bbg_2026-10-05.xlsx
2022-12-14,2.427000,"Citi Velocity, exported by Charlie",spain_1y_bbg_2026-10-05.xlsx
2022-12-15,2.587400,"Citi Velocity, exported by Charlie",spain_1y_bbg_2026-10-05.xlsx
2022-12-16,2.581000,"Citi Velocity, exported by Charlie",spain_1y_bbg_2026-10-05.xlsx
2022-12-19,2.611000,"Citi Velocity, exported by Charlie",spain_1y_bbg_2026-10-05.xlsx
2022-12-20,2.628400,"Citi Velocity, exported by Charlie",spain_1y_bbg_2026-10-05.xlsx
2022-12-21,2.628100,"Citi Velocity, exported by Charlie",spain_1y_bbg_2026-10-05.xlsx
2022-12-22,2.620700,"Citi Velocity, exported by Charlie",spain_1y_bbg_2026-10-05.xlsx
2022-12-23,2.667600,"Citi Velocity, exported by Charlie",spain_1y_bbg_2026-10-05.xlsx
2022-12-27,2.663900,"Citi Velocity, exported by Charlie",spain_1y_bbg_2026-10-05.xlsx
2022-12-28,2.592800,"Citi Velocity, exported by Charlie",spain_1y_bbg_2026-10-05.xlsx
2022-12-29,2.609100,"Citi Velocity, exported by Charlie",spain_1y_bbg_2026-10-05.xlsx
2022-12-30,2.641100,"Citi Velocity, exported by Charlie",spain_1y_bbg_2026-10-05.xlsx
2023-01-02,2.819400,"Citi Velocity, exported by Charlie",spain_1y_bbg_2026-10-05.xlsx
2023-01-03,2.821100,"Citi Velocity, exported by Charlie",spain_1y_bbg_2026-10-05.xlsx
2023-01-04,2.844400,"Citi Velocity, exported by Charlie",spain_1y_bbg_2026-10-05.xlsx
2023-01-05,2.896100,"Citi Velocity, exported by Charlie",spain_1y_bbg_2026-10-05.xlsx
2023-01-06,2.956500,"Citi Velocity, exported by Charlie",spain_1y_bbg_2026-10-05.xlsx
2023-01-09,3.138900,"Citi Velocity, exported by Charlie",spain_1y_bbg_2026-10-05.xlsx
2023-01-10,2.883200,"Citi Velocity, exported by Charlie",spain_1y_bbg_2026-10-05.xlsx
2023-01-11,2.896700,"Citi Velocity, exported by Charlie",spain_1y_bbg_2026-10-05.xlsx
2023-01-12,2.951200,"Citi Velocity, exported by Charlie",spain_1y_bbg_2026-10-05.xlsx
2023-01-13,2.935600,"Citi Velocity, exported by Charlie",spain_1y_bbg_2026-10-05.xlsx
2023-01-16,2.918900,"Citi Velocity, exported by Charlie",spain_1y_bbg_2026-10-05.xlsx
2023-01-17,2.717200,"Citi Velocity, exported by Charlie",spain_1y_bbg_2026-10-05.xlsx
2023-01-18,2.813500,"Citi Velocity, exported by Charlie",spain_1y_bbg_2026-10-05.xlsx
2023-01-19,2.865200,"Citi Velocity, exported by Charlie",spain_1y_bbg_2026-10-05.xlsx
2023-01-20,2.925100,"Citi Velocity, exported by Charlie",spain_1y_bbg_2026-10-05.xlsx
2023-01-23,2.909700,"Citi Velocity, exported by Charlie",spain_1y_bbg_2026-10-05.xlsx
2023-01-24,2.884300,"Citi Velocity, exported by Charlie",spain_1y_bbg_2026-10-05.xlsx
2023-01-25,2.898400,"Citi Velocity, exported by Charlie",spain_1y_bbg_2026-10-05.xlsx
2023-01-26,2.909700,"Citi Velocity, exported by Charlie",spain_1y_bbg_2026-10-05.xlsx
2023-01-27,2.884200,"Citi Velocity, exported by Charlie",spain_1y_bbg_2026-10-05.xlsx
2023-01-30,2.929300,"Citi Velocity, exported by Charlie",spain_1y_bbg_2026-10-05.xlsx
2023-01-31,2.922200,"Citi Velocity, exported by Charlie",spain_1y_bbg_2026-10-05.xlsx
2023-02-01,2.861600,"Citi Velocity, exported by Charlie",spain_1y_bbg_2026-10-05.xlsx
2023-02-02,2.801100,"Citi Velocity, exported by Charlie",spain_1y_bbg_2026-10-05.xlsx
2023-02-03,2.859300,"Citi Velocity, exported by Charlie",spain_1y_bbg_2026-10-05.xlsx
2023-02-06,2.865100,"Citi Velocity, exported by Charlie",spain_1y_bbg_2026-10-05.xlsx
2023-02-07,2.837300,"Citi Velocity, exported by Charlie",spain_1y_bbg_2026-10-05.xlsx
2023-02-08,2.932200,"Citi Velocity, exported by Charlie",spain_1y_bbg_2026-10-05.xlsx
2023-02-09,2.957700,"Citi Velocity, exported by Charlie",spain_1y_bbg_2026-10-05.xlsx
2023-02-10,2.976600,"Citi Velocity, exported by Charlie",spain_1y_bbg_2026-10-05.xlsx
2023-02-13,2.999600,"Citi Velocity, exported by Charlie",spain_1y_bbg_2026-10-05.xlsx
2023-02-14,3.037400,"Citi Velocity, exported by Charlie",spain_1y_bbg_2026-10-05.xlsx
2023-02-15,3.036400,"Citi Velocity, exported by Charlie",spain_1y_bbg_2026-10-05.xlsx
2023-02-16,3.043600,"Citi Velocity, exported by Charlie",spain_1y_bbg_2026-10-05.xlsx
2023-02-17,3.044400,"Citi Velocity, exported by Charlie",spain_1y_bbg_2026-10-05.xlsx
2023-02-20,3.098900,"Citi Velocity, exported by Charlie",spain_1y_bbg_2026-10-05.xlsx
2023-02-21,3.121900,"Citi Velocity, exported by Charlie",spain_1y_bbg_2026-10-05.xlsx
2023-02-22,3.088800,"Citi Velocity, exported by Charlie",spain_1y_bbg_2026-10-05.xlsx
2023-02-23,3.110200,"Citi Velocity, exported by Charlie",spain_1y_bbg_2026-10-05.xlsx
2023-02-24,3.126200,"Citi Velocity, exported by Charlie",spain_1y_bbg_2026-10-05.xlsx
2023-02-27,3.137600,"Citi Velocity, exported by Charlie",spain_1y_bbg_2026-10-05.xlsx
2023-02-28,3.185100,"Citi Velocity, exported by Charlie",spain_1y_bbg_2026-10-05.xlsx
2023-03-01,3.203400,"Citi Velocity, exported by Charlie",spain_1y_bbg_2026-10-05.xlsx
2023-03-02,3.210000,"Citi Velocity, exported by Charlie",spain_1y_bbg_2026-10-05.xlsx
2023-03-03,3.179800,"Citi Velocity, exported by Charlie",spain_1y_bbg_2026-10-05.xlsx
2023-03-06,3.203000,"Citi Velocity, exported by Charlie",spain_1y_bbg_2026-10-05.xlsx
2023-03-07,3.227500,"Citi Velocity, exported by Charlie",spain_1y_bbg_2026-10-05.xlsx
2023-03-08,3.344200,"Citi Velocity, exported by Charlie",spain_1y_bbg_2026-10-05.xlsx
2023-03-09,3.320700,"Citi Velocity, exported by Charlie",spain_1y_bbg_2026-10-05.xlsx
2023-03-10,3.245200,"Citi Velocity, exported by Charlie",spain_1y_bbg_2026-10-05.xlsx
2023-03-13,3.032100,"Citi Velocity, exported by Charlie",spain_1y_bbg_2026-10-05.xlsx
2023-03-14,3.050100,"Citi Velocity, exported by Charlie",spain_1y_bbg_2026-10-05.xlsx
2023-03-15,2.725400,"Citi Velocity, exported by Charlie",spain_1y_bbg_2026-10-05.xlsx
2023-03-16,2.847400,"Citi Velocity, exported by Charlie",spain_1y_bbg_2026-10-05.xlsx
2023-03-17,2.834300,"Citi Velocity, exported by Charlie",spain_1y_bbg_2026-10-05.xlsx
2023-03-20,2.812700,"Citi Velocity, exported by Charlie",spain_1y_bbg_2026-10-05.xlsx
2023-03-21,2.915800,"Citi Velocity, exported by Charlie",spain_1y_bbg_2026-10-05.xlsx
2023-03-22,2.979600,"Citi Velocity, exported by Charlie",spain_1y_bbg_2026-10-05.xlsx
2023-03-23,2.955300,"Citi Velocity, exported by Charlie",spain_1y_bbg_2026-10-05.xlsx
2023-03-24,2.872200,"Citi Velocity, exported by Charlie",spain_1y_bbg_2026-10-05.xlsx
2023-03-27,2.452700,"Citi Velocity, exported by Charlie",spain_1y_bbg_2026-10-05.xlsx
2023-03-28,3.010300,"Citi Velocity, exported by Charlie",spain_1y_bbg_2026-10-05.xlsx
2023-03-29,2.968100,"Citi Velocity, exported by Charlie",spain_1y_bbg_2026-10-05.xlsx
2023-03-30,3.024400,"Citi Velocity, exported by Charlie",spain_1y_bbg_2026-10-05.xlsx
2023-03-31,2.971200,"Citi Velocity, exported by Charlie",spain_1y_bbg_2026-10-05.xlsx
2023-04-03,3.013700,"Citi Velocity, exported by Charlie",spain_1y_bbg_2026-10-05.xlsx
2023-04-04,2.976500,"Citi Velocity, exported by Charlie",spain_1y_bbg_2026-10-05.xlsx
2023-04-05,2.955200,"Citi Velocity, exported by Charlie",spain_1y_bbg_2026-10-05.xlsx
2023-04-06,2.964700,"Citi Velocity, exported by Charlie",spain_1y_bbg_2026-10-05.xlsx
2023-04-11,3.109300,"Citi Velocity, exported by Charlie",spain_1y_bbg_2026-10-05.xlsx
2023-04-12,3.232600,"Citi Velocity, exported by Charlie",spain_1y_bbg_2026-10-05.xlsx
2023-04-13,3.215200,"Citi Velocity, exported by Charlie",spain_1y_bbg_2026-10-05.xlsx
2023-04-14,3.264700,"Citi Velocity, exported by Charlie",spain_1y_bbg_2026-10-05.xlsx
2023-04-17,3.285900,"Citi Velocity, exported by Charlie",spain_1y_bbg_2026-10-05.xlsx
2023-04-18,3.294200,"Citi Velocity, exported by Charlie",spain_1y_bbg_2026-10-05.xlsx
2023-04-19,3.302500,"Citi Velocity, exported by Charlie",spain_1y_bbg_2026-10-05.xlsx
2023-04-20,3.304700,"Citi Velocity, exported by Charlie",spain_1y_bbg_2026-10-05.xlsx
2023-04-21,3.280300,"Citi Velocity, exported by Charlie",spain_1y_bbg_2026-10-05.xlsx
2023-04-24,3.242700,"Citi Velocity, exported by Charlie",spain_1y_bbg_2026-10-05.xlsx
2023-04-25,3.236600,"Citi Velocity, exported by Charlie",spain_1y_bbg_2026-10-05.xlsx
2023-04-26,1.181400,"Citi Velocity, exported by Charlie",spain_1y_bbg_2026-10-05.xlsx
2023-04-27,3.196700,"Citi Velocity, exported by Charlie",spain_1y_bbg_2026-10-05.xlsx
2023-04-28,3.126500,"Citi Velocity, exported by Charlie",spain_1y_bbg_2026-10-05.xlsx
2023-05-02,3.138700,"Citi Velocity, exported by Charlie",spain_1y_bbg_2026-10-05.xlsx
2023-05-03,3.164200,"Citi Velocity, exported by Charlie",spain_1y_bbg_2026-10-05.xlsx
2023-05-04,3.071100,"Citi Velocity, exported by Charlie",spain_1y_bbg_2026-10-05.xlsx
2023-05-05,3.099500,"Citi Velocity, exported by Charlie",spain_1y_bbg_2026-10-05.xlsx
2023-05-08,3.128600,"Citi Velocity, exported by Charlie",spain_1y_bbg_2026-10-05.xlsx
2023-05-09,3.243500,"Citi Velocity, exported by Charlie",spain_1y_bbg_2026-10-05.xlsx
2023-05-10,3.250500,"Citi Velocity, exported by Charlie",spain_1y_bbg_2026-10-05.xlsx
2023-05-11,3.236300,"Citi Velocity, exported by Charlie",spain_1y_bbg_2026-10-05.xlsx
2023-05-12,3.231200,"Citi Velocity, exported by Charlie",spain_1y_bbg_2026-10-05.xlsx
2023-05-15,3.222500,"Citi Velocity, exported by Charlie",spain_1y_bbg_2026-10-05.xlsx
2023-05-16,3.262100,"Citi Velocity, exported by Charlie",spain_1y_bbg_2026-10-05.xlsx
2023-05-17,3.260700,"Citi Velocity, exported by Charlie",spain_1y_bbg_2026-10-05.xlsx
2023-05-18,3.301300,"Citi Velocity, exported by Charlie",spain_1y_bbg_2026-10-05.xlsx
2023-05-19,3.294000,"Citi Velocity, exported by Charlie",spain_1y_bbg_2026-10-05.xlsx
2023-05-22,3.302900,"Citi Velocity, exported by Charlie",spain_1y_bbg_2026-10-05.xlsx
2023-05-23,3.301600,"Citi Velocity, exported by Charlie",spain_1y_bbg_2026-10-05.xlsx
2023-05-24,3.322300,"Citi Velocity, exported by Charlie",spain_1y_bbg_2026-10-05.xlsx
2023-05-25,3.354500,"Citi Velocity, exported by Charlie",spain_1y_bbg_2026-10-05.xlsx
2023-05-26,3.372600,"Citi Velocity, exported by Charlie",spain_1y_bbg_2026-10-05.xlsx
2023-05-29,3.343300,"Citi Velocity, exported by Charlie",spain_1y_bbg_2026-10-05.xlsx
2023-05-30,3.351600,"Citi Velocity, exported by Charlie",spain_1y_bbg_2026-10-05.xlsx
2023-05-31,3.329500,"Citi Velocity, exported by Charlie",spain_1y_bbg_2026-10-05.xlsx
2023-06-01,3.332000,"Citi Velocity, exported by Charlie",spain_1y_bbg_2026-10-05.xlsx
2023-06-02,3.364700,"Citi Velocity, exported by Charlie",spain_1y_bbg_2026-10-05.xlsx
2023-06-05,3.440700,"Citi Velocity, exported by Charlie",spain_1y_bbg_2026-10-05.xlsx
2023-06-06,3.415300,"Citi Velocity, exported by Charlie",spain_1y_bbg_2026-10-05.xlsx
2023-06-07,3.502400,"Citi Velocity, exported by Charlie",spain_1y_bbg_2026-10-05.xlsx
2023-06-08,3.463500,"Citi Velocity, exported by Charlie",spain_1y_bbg_2026-10-05.xlsx
2023-06-09,3.462600,"Citi Velocity, exported by Charlie",spain_1y_bbg_2026-10-05.xlsx
2023-06-12,3.473600,"Citi Velocity, exported by Charlie",spain_1y_bbg_2026-10-05.xlsx
2023-06-13,3.496600,"Citi Velocity, exported by Charlie",spain_1y_bbg_2026-10-05.xlsx
2023-06-14,3.482400,"Citi Velocity, exported by Charlie",spain_1y_bbg_2026-10-05.xlsx
2023-06-15,3.580100,"Citi Velocity, exported by Charlie",spain_1y_bbg_2026-10-05.xlsx
2023-06-16,3.602200,"Citi Velocity, exported by Charlie",spain_1y_bbg_2026-10-05.xlsx
2023-06-19,3.588600,"Citi Velocity, exported by Charlie",spain_1y_bbg_2026-10-05.xlsx
2023-06-20,3.595900,"Citi Velocity, exported by Charlie",spain_1y_bbg_2026-10-05.xlsx
2023-06-21,3.619100,"Citi Velocity, exported by Charlie",spain_1y_bbg_2026-10-05.xlsx
2023-06-22,3.658000,"Citi Velocity, exported by Charlie",spain_1y_bbg_2026-10-05.xlsx
2023-06-23,3.625200,"Citi Velocity, exported by Charlie",spain_1y_bbg_2026-10-05.xlsx
2023-06-26,3.616700,"Citi Velocity, exported by Charlie",spain_1y_bbg_2026-10-05.xlsx
2023-06-27,3.649000,"Citi Velocity, exported by Charlie",spain_1y_bbg_2026-10-05.xlsx
2023-06-28,3.617700,"Citi Velocity, exported by Charlie",spain_1y_bbg_2026-10-05.xlsx
2023-06-29,3.669400,"Citi Velocity, exported by Charlie",spain_1y_bbg_2026-10-05.xlsx
2023-06-30,3.720300,"Citi Velocity, exported by Charlie",spain_1y_bbg_2026-10-05.xlsx
2023-07-03,3.773000,"Citi Velocity, exported by Charlie",spain_1y_bbg_2026-10-05.xlsx
2023-07-04,3.773400,"Citi Velocity, exported by Charlie",spain_1y_bbg_2026-10-05.xlsx
2023-07-05,3.790300,"Citi Velocity, exported by Charlie",spain_1y_bbg_2026-10-05.xlsx
2023-07-06,3.823300,"Citi Velocity, exported by Charlie",spain_1y_bbg_2026-10-05.xlsx
2023-07-07,3.824100,"Citi Velocity, exported by Charlie",spain_1y_bbg_2026-10-05.xlsx
2023-07-10,3.820800,"Citi Velocity, exported by Charlie",spain_1y_bbg_2026-10-05.xlsx
2023-07-11,3.838800,"Citi Velocity, exported by Charlie",spain_1y_bbg_2026-10-05.xlsx
2023-07-12,3.794500,"Citi Velocity, exported by Charlie",spain_1y_bbg_2026-10-05.xlsx
2023-07-13,3.761800,"Citi Velocity, exported by Charlie",spain_1y_bbg_2026-10-05.xlsx
2023-07-14,3.780000,"Citi Velocity, exported by Charlie",spain_1y_bbg_2026-10-05.xlsx
2023-07-17,3.779600,"Citi Velocity, exported by Charlie",spain_1y_bbg_2026-10-05.xlsx
2023-07-18,3.721200,"Citi Velocity, exported by Charlie",spain_1y_bbg_2026-10-05.xlsx
2023-07-19,3.710100,"Citi Velocity, exported by Charlie",spain_1y_bbg_2026-10-05.xlsx
2023-07-20,3.742200,"Citi Velocity, exported by Charlie",spain_1y_bbg_2026-10-05.xlsx
2023-07-21,3.732600,"Citi Velocity, exported by Charlie",spain_1y_bbg_2026-10-05.xlsx
2023-07-24,3.711500,"Citi Velocity, exported by Charlie",spain_1y_bbg_2026-10-05.xlsx
2023-07-25,3.712600,"Citi Velocity, exported by Charlie",spain_1y_bbg_2026-10-05.xlsx
2023-07-26,3.735700,"Citi Velocity, exported by Charlie",spain_1y_bbg_2026-10-05.xlsx
2023-07-27,3.707700,"Citi Velocity, exported by Charlie",spain_1y_bbg_2026-10-05.xlsx
2023-07-28,3.689300,"Citi Velocity, exported by Charlie",spain_1y_bbg_2026-10-05.xlsx
2023-07-31,3.706100,"Citi Velocity, exported by Charlie",spain_1y_bbg_2026-10-05.xlsx
2023-08-01,3.701400,"Citi Velocity, exported by Charlie",spain_1y_bbg_2026-10-05.xlsx
2023-08-02,3.690300,"Citi Velocity, exported by Charlie",spain_1y_bbg_2026-10-05.xlsx
2023-08-03,3.699100,"Citi Velocity, exported by Charlie",spain_1y_bbg_2026-10-05.xlsx
2023-08-04,3.702800,"Citi Velocity, exported by Charlie",spain_1y_bbg_2026-10-05.xlsx
2023-08-07,3.685400,"Citi Velocity, exported by Charlie",spain_1y_bbg_2026-10-05.xlsx
2023-08-08,3.673300,"Citi Velocity, exported by Charlie",spain_1y_bbg_2026-10-05.xlsx
2023-08-09,3.654700,"Citi Velocity, exported by Charlie",spain_1y_bbg_2026-10-05.xlsx
2023-08-10,3.641900,"Citi Velocity, exported by Charlie",spain_1y_bbg_2026-10-05.xlsx
2023-08-11,3.640600,"Citi Velocity, exported by Charlie",spain_1y_bbg_2026-10-05.xlsx
2023-08-14,3.668400,"Citi Velocity, exported by Charlie",spain_1y_bbg_2026-10-05.xlsx
2023-08-15,3.689900,"Citi Velocity, exported by Charlie",spain_1y_bbg_2026-10-05.xlsx
2023-08-16,3.710500,"Citi Velocity, exported by Charlie",spain_1y_bbg_2026-10-05.xlsx
2023-08-17,3.708200,"Citi Velocity, exported by Charlie",spain_1y_bbg_2026-10-05.xlsx
2023-08-18,3.682100,"Citi Velocity, exported by Charlie",spain_1y_bbg_2026-10-05.xlsx
2023-08-21,3.698000,"Citi Velocity, exported by Charlie",spain_1y_bbg_2026-10-05.xlsx
2023-08-22,3.668000,"Citi Velocity, exported by Charlie",spain_1y_bbg_2026-10-05.xlsx
2023-08-23,3.620600,"Citi Velocity, exported by Charlie",spain_1y_bbg_2026-10-05.xlsx
2023-08-24,3.637400,"Citi Velocity, exported by Charlie",spain_1y_bbg_2026-10-05.xlsx
2023-08-25,3.664500,"Citi Velocity, exported by Charlie",spain_1y_bbg_2026-10-05.xlsx
2023-08-28,3.709500,"Citi Velocity, exported by Charlie",spain_1y_bbg_2026-10-05.xlsx
2023-08-29,3.685500,"Citi Velocity, exported by Charlie",spain_1y_bbg_2026-10-05.xlsx
2023-08-30,3.707400,"Citi Velocity, exported by Charlie",spain_1y_bbg_2026-10-05.xlsx
2023-08-31,3.637000,"Citi Velocity, exported by Charlie",spain_1y_bbg_2026-10-05.xlsx
2023-09-01,3.625300,"Citi Velocity, exported by Charlie",spain_1y_bbg_2026-10-05.xlsx
2023-09-04,3.668600,"Citi Velocity, exported by Charlie",spain_1y_bbg_2026-10-05.xlsx
2023-09-05,3.652400,"Citi Velocity, exported by Charlie",spain_1y_bbg_2026-10-05.xlsx
2023-09-06,3.721200,"Citi Velocity, exported by Charlie",spain_1y_bbg_2026-10-05.xlsx
2023-09-07,3.712500,"Citi Velocity, exported by Charlie",spain_1y_bbg_2026-10-05.xlsx
2023-09-08,3.693000,"Citi Velocity, exported by Charlie",spain_1y_bbg_2026-10-05.xlsx
2023-09-11,3.709500,"Citi Velocity, exported by Charlie",spain_1y_bbg_2026-10-05.xlsx
2023-09-12,3.730500,"Citi Velocity, exported by Charlie",spain_1y_bbg_2026-10-05.xlsx
2023-09-13,3.741700,"Citi Velocity, exported by Charlie",spain_1y_bbg_2026-10-05.xlsx
2023-09-14,3.763400,"Citi Velocity, exported by Charlie",spain_1y_bbg_2026-10-05.xlsx
2023-09-15,3.784900,"Citi Velocity, exported by Charlie",spain_1y_bbg_2026-10-05.xlsx
2023-09-18,3.797700,"Citi Velocity, exported by Charlie",spain_1y_bbg_2026-10-05.xlsx
2023-09-19,3.807100,"Citi Velocity, exported by Charlie",spain_1y_bbg_2026-10-05.xlsx
2023-09-20,3.789900,"Citi Velocity, exported by Charlie",spain_1y_bbg_2026-10-05.xlsx
2023-09-21,3.805000,"Citi Velocity, exported by Charlie",spain_1y_bbg_2026-10-05.xlsx
2023-09-22,3.812900,"Citi Velocity, exported by Charlie",spain_1y_bbg_2026-10-05.xlsx
2023-09-25,3.794300,"Citi Velocity, exported by Charlie",spain_1y_bbg_2026-10-05.xlsx
2023-09-26,3.814600,"Citi Velocity, exported by Charlie",spain_1y_bbg_2026-10-05.xlsx
2023-09-27,3.858400,"Citi Velocity, exported by Charlie",spain_1y_bbg_2026-10-05.xlsx
2023-09-28,3.925400,"Citi Velocity, exported by Charlie",spain_1y_bbg_2026-10-05.xlsx
2023-09-29,3.854700,"Citi Velocity, exported by Charlie",spain_1y_bbg_2026-10-05.xlsx
2023-10-02,3.876600,"Citi Velocity, exported by Charlie",spain_1y_bbg_2026-10-05.xlsx
2023-10-03,3.862700,"Citi Velocity, exported by Charlie",spain_1y_bbg_2026-10-05.xlsx
2023-10-04,3.842500,"Citi Velocity, exported by Charlie",spain_1y_bbg_2026-10-05.xlsx
2023-10-05,3.820600,"Citi Velocity, exported by Charlie",spain_1y_bbg_2026-10-05.xlsx
2023-10-06,3.824600,"Citi Velocity, exported by Charlie",spain_1y_bbg_2026-10-05.xlsx
2023-10-09,3.780400,"Citi Velocity, exported by Charlie",spain_1y_bbg_2026-10-05.xlsx
2023-10-10,3.779700,"Citi Velocity, exported by Charlie",spain_1y_bbg_2026-10-05.xlsx
2023-10-11,3.785400,"Citi Velocity, exported by Charlie",spain_1y_bbg_2026-10-05.xlsx
2023-10-12,3.808200,"Citi Velocity, exported by Charlie",spain_1y_bbg_2026-10-05.xlsx
2023-10-13,3.796100,"Citi Velocity, exported by Charlie",spain_1y_bbg_2026-10-05.xlsx
2023-10-16,3.799600,"Citi Velocity, exported by Charlie",spain_1y_bbg_2026-10-05.xlsx
2023-10-17,3.828600,"Citi Velocity, exported by Charlie",spain_1y_bbg_2026-10-05.xlsx
2023-10-18,3.817900,"Citi Velocity, exported by Charlie",spain_1y_bbg_2026-10-05.xlsx
2023-10-19,3.818700,"Citi Velocity, exported by Charlie",spain_1y_bbg_2026-10-05.xlsx
2023-10-20,3.795000,"Citi Velocity, exported by Charlie",spain_1y_bbg_2026-10-05.xlsx
2023-10-23,3.795800,"Citi Velocity, exported by Charlie",spain_1y_bbg_2026-10-05.xlsx
2023-10-24,3.765400,"Citi Velocity, exported by Charlie",spain_1y_bbg_2026-10-05.xlsx
2023-10-25,3.778400,"Citi Velocity, exported by Charlie",spain_1y_bbg_2026-10-05.xlsx
2023-10-26,3.750500,"Citi Velocity, exported by Charlie",spain_1y_bbg_2026-10-05.xlsx
2023-10-27,3.721500,"Citi Velocity, exported by Charlie",spain_1y_bbg_2026-10-05.xlsx
2023-10-30,3.700400,"Citi Velocity, exported by Charlie",spain_1y_bbg_2026-10-05.xlsx
2023-10-31,3.678200,"Citi Velocity, exported by Charlie",spain_1y_bbg_2026-10-05.xlsx
2023-11-01,3.669700,"Citi Velocity, exported by Charlie",spain_1y_bbg_2026-10-05.xlsx
2023-11-02,3.661600,"Citi Velocity, exported by Charlie",spain_1y_bbg_2026-10-05.xlsx
2023-11-03,3.666700,"Citi Velocity, exported by Charlie",spain_1y_bbg_2026-10-05.xlsx
2023-11-06,3.666000,"Citi Velocity, exported by Charlie",spain_1y_bbg_2026-10-05.xlsx
2023-11-07,3.624400,"Citi Velocity, exported by Charlie",spain_1y_bbg_2026-10-05.xlsx
2023-11-08,3.617900,"Citi Velocity, exported by Charlie",spain_1y_bbg_2026-10-05.xlsx
2023-11-09,3.614100,"Citi Velocity, exported by Charlie",spain_1y_bbg_2026-10-05.xlsx
2023-11-10,3.619100,"Citi Velocity, exported by Charlie",spain_1y_bbg_2026-10-05.xlsx
2023-11-13,3.633700,"Citi Velocity, exported by Charlie",spain_1y_bbg_2026-10-05.xlsx
2023-11-14,3.589200,"Citi Velocity, exported by Charlie",spain_1y_bbg_2026-10-05.xlsx
2023-11-15,3.599000,"Citi Velocity, exported by Charlie",spain_1y_bbg_2026-10-05.xlsx
2023-11-16,3.573000,"Citi Velocity, exported by Charlie",spain_1y_bbg_2026-10-05.xlsx
2023-11-17,3.590400,"Citi Velocity, exported by Charlie",spain_1y_bbg_2026-10-05.xlsx
2023-11-20,3.600000,"Citi Velocity, exported by Charlie",spain_1y_bbg_2026-10-05.xlsx
2023-11-21,3.570100,"Citi Velocity, exported by Charlie",spain_1y_bbg_2026-10-05.xlsx
2023-11-22,3.589800,"Citi Velocity, exported by Charlie",spain_1y_bbg_2026-10-05.xlsx
2023-11-23,3.586500,"Citi Velocity, exported by Charlie",spain_1y_bbg_2026-10-05.xlsx
2023-11-24,3.602100,"Citi Velocity, exported by Charlie",spain_1y_bbg_2026-10-05.xlsx
2023-11-27,3.552000,"Citi Velocity, exported by Charlie",spain_1y_bbg_2026-10-05.xlsx
2023-11-28,3.520000,"Citi Velocity, exported by Charlie",spain_1y_bbg_2026-10-05.xlsx
2023-11-29,3.463400,"Citi Velocity, exported by Charlie",spain_1y_bbg_2026-10-05.xlsx
2023-11-30,3.466800,"Citi Velocity, exported by Charlie",spain_1y_bbg_2026-10-05.xlsx
2023-12-01,3.378200,"Citi Velocity, exported by Charlie",spain_1y_bbg_2026-10-05.xlsx
2023-12-04,3.408500,"Citi Velocity, exported by Charlie",spain_1y_bbg_2026-10-05.xlsx
2023-12-05,3.384300,"Citi Velocity, exported by Charlie",spain_1y_bbg_2026-10-05.xlsx
2023-12-06,3.324300,"Citi Velocity, exported by Charlie",spain_1y_bbg_2026-10-05.xlsx
2023-12-07,3.327500,"Citi Velocity, exported by Charlie",spain_1y_bbg_2026-10-05.xlsx
2023-12-08,3.344600,"Citi Velocity, exported by Charlie",spain_1y_bbg_2026-10-05.xlsx
2023-12-11,3.361600,"Citi Velocity, exported by Charlie",spain_1y_bbg_2026-10-05.xlsx
2023-12-12,3.371600,"Citi Velocity, exported by Charlie",spain_1y_bbg_2026-10-05.xlsx
2023-12-13,3.339800,"Citi Velocity, exported by Charlie",spain_1y_bbg_2026-10-05.xlsx
2023-12-14,3.265300,"Citi Velocity, exported by Charlie",spain_1y_bbg_2026-10-05.xlsx
2023-12-15,3.204600,"Citi Velocity, exported by Charlie",spain_1y_bbg_2026-10-05.xlsx
2023-12-18,3.280400,"Citi Velocity, exported by Charlie",spain_1y_bbg_2026-10-05.xlsx
2023-12-19,3.262700,"Citi Velocity, exported by Charlie",spain_1y_bbg_2026-10-05.xlsx
2023-12-20,3.230700,"Citi Velocity, exported by Charlie",spain_1y_bbg_2026-10-05.xlsx
2023-12-21,3.213200,"Citi Velocity, exported by Charlie",spain_1y_bbg_2026-10-05.xlsx
2023-12-22,3.190700,"Citi Velocity, exported by Charlie",spain_1y_bbg_2026-10-05.xlsx
2023-12-27,3.174700,"Citi Velocity, exported by Charlie",spain_1y_bbg_2026-10-05.xlsx
2023-12-28,3.163000,"Citi Velocity, exported by Charlie",spain_1y_bbg_2026-10-05.xlsx
2023-12-29,3.187600,"Citi Velocity, exported by Charlie",spain_1y_bbg_2026-10-05.xlsx
2024-01-02,3.230800,"Citi Velocity, exported by Charlie",spain_1y_bbg_2026-10-05.xlsx
2024-01-03,3.229500,"Citi Velocity, exported by Charlie",spain_1y_bbg_2026-10-05.xlsx
2024-01-04,3.288700,"Citi Velocity, exported by Charlie",spain_1y_bbg_2026-10-05.xlsx
2024-01-05,3.346600,"Citi Velocity, exported by Charlie",spain_1y_bbg_2026-10-05.xlsx
2024-01-08,3.356200,"Citi Velocity, exported by Charlie",spain_1y_bbg_2026-10-05.xlsx
2024-01-09,3.367800,"Citi Velocity, exported by Charlie",spain_1y_bbg_2026-10-05.xlsx
2024-01-10,3.352200,"Citi Velocity, exported by Charlie",spain_1y_bbg_2026-10-05.xlsx
2024-01-11,3.337400,"Citi Velocity, exported by Charlie",spain_1y_bbg_2026-10-05.xlsx
2024-01-12,3.248400,"Citi Velocity, exported by Charlie",spain_1y_bbg_2026-10-05.xlsx
2024-01-15,3.302100,"Citi Velocity, exported by Charlie",spain_1y_bbg_2026-10-05.xlsx
2024-01-16,3.316700,"Citi Velocity, exported by Charlie",spain_1y_bbg_2026-10-05.xlsx
2024-01-17,3.390400,"Citi Velocity, exported by Charlie",spain_1y_bbg_2026-10-05.xlsx
2024-01-18,3.392700,"Citi Velocity, exported by Charlie",spain_1y_bbg_2026-10-05.xlsx
2024-01-19,3.428400,"Citi Velocity, exported by Charlie",spain_1y_bbg_2026-10-05.xlsx
2024-01-22,3.418200,"Citi Velocity, exported by Charlie",spain_1y_bbg_2026-10-05.xlsx
2024-01-23,3.431700,"Citi Velocity, exported by Charlie",spain_1y_bbg_2026-10-05.xlsx
2024-01-24,3.421900,"Citi Velocity, exported by Charlie",spain_1y_bbg_2026-10-05.xlsx
2024-01-25,3.340300,"Citi Velocity, exported by Charlie",spain_1y_bbg_2026-10-05.xlsx
2024-01-26,3.338500,"Citi Velocity, exported by Charlie",spain_1y_bbg_2026-10-05.xlsx
2024-01-29,3.275000,"Citi Velocity, exported by Charlie",spain_1y_bbg_2026-10-05.xlsx
2024-01-30,3.298200,"Citi Velocity, exported by Charlie",spain_1y_bbg_2026-10-05.xlsx
2024-01-31,3.254800,"Citi Velocity, exported by Charlie",spain_1y_bbg_2026-10-05.xlsx
2024-02-01,3.291600,"Citi Velocity, exported by Charlie",spain_1y_bbg_2026-10-05.xlsx
2024-02-02,3.366500,"Citi Velocity, exported by Charlie",spain_1y_bbg_2026-10-05.xlsx
2024-02-05,3.417000,"Citi Velocity, exported by Charlie",spain_1y_bbg_2026-10-05.xlsx
2024-02-06,3.373400,"Citi Velocity, exported by Charlie",spain_1y_bbg_2026-10-05.xlsx
2024-02-07,3.374500,"Citi Velocity, exported by Charlie",spain_1y_bbg_2026-10-05.xlsx
2024-02-08,3.394600,"Citi Velocity, exported by Charlie",spain_1y_bbg_2026-10-05.xlsx
2024-02-09,3.408400,"Citi Velocity, exported by Charlie",spain_1y_bbg_2026-10-05.xlsx
2024-02-12,3.365200,"Citi Velocity, exported by Charlie",spain_1y_bbg_2026-10-05.xlsx
2024-02-13,3.425200,"Citi Velocity, exported by Charlie",spain_1y_bbg_2026-10-05.xlsx
2024-02-14,3.401500,"Citi Velocity, exported by Charlie",spain_1y_bbg_2026-10-05.xlsx
2024-02-15,3.404700,"Citi Velocity, exported by Charlie",spain_1y_bbg_2026-10-05.xlsx
2024-02-16,3.449800,"Citi Velocity, exported by Charlie",spain_1y_bbg_2026-10-05.xlsx
2024-02-19,3.427200,"Citi Velocity, exported by Charlie",spain_1y_bbg_2026-10-05.xlsx
2024-02-20,3.395900,"Citi Velocity, exported by Charlie",spain_1y_bbg_2026-10-05.xlsx
2024-02-21,3.433500,"Citi Velocity, exported by Charlie",spain_1y_bbg_2026-10-05.xlsx
2024-02-22,3.461900,"Citi Velocity, exported by Charlie",spain_1y_bbg_2026-10-05.xlsx
2024-02-23,3.432600,"Citi Velocity, exported by Charlie",spain_1y_bbg_2026-10-05.xlsx
2024-02-26,3.479700,"Citi Velocity, exported by Charlie",spain_1y_bbg_2026-10-05.xlsx
2024-02-27,3.477800,"Citi Velocity, exported by Charlie",spain_1y_bbg_2026-10-05.xlsx
2024-02-28,3.480700,"Citi Velocity, exported by Charlie",spain_1y_bbg_2026-10-05.xlsx
2024-02-29,3.487200,"Citi Velocity, exported by Charlie",spain_1y_bbg_2026-10-05.xlsx
2024-03-01,3.498400,"Citi Velocity, exported by Charlie",spain_1y_bbg_2026-10-05.xlsx
2024-03-04,3.519700,"Citi Velocity, exported by Charlie",spain_1y_bbg_2026-10-05.xlsx
2024-03-05,3.486700,"Citi Velocity, exported by Charlie",spain_1y_bbg_2026-10-05.xlsx
2024-03-06,3.511700,"Citi Velocity, exported by Charlie",spain_1y_bbg_2026-10-05.xlsx
2024-03-07,3.479400,"Citi Velocity, exported by Charlie",spain_1y_bbg_2026-10-05.xlsx
2024-03-08,3.437600,"Citi Velocity, exported by Charlie",spain_1y_bbg_2026-10-05.xlsx
2024-03-11,3.472900,"Citi Velocity, exported by Charlie",spain_1y_bbg_2026-10-05.xlsx
2024-03-12,3.492700,"Citi Velocity, exported by Charlie",spain_1y_bbg_2026-10-05.xlsx
2024-03-13,3.497200,"Citi Velocity, exported by Charlie",spain_1y_bbg_2026-10-05.xlsx
2024-03-14,3.503700,"Citi Velocity, exported by Charlie",spain_1y_bbg_2026-10-05.xlsx
2024-03-15,3.526200,"Citi Velocity, exported by Charlie",spain_1y_bbg_2026-10-05.xlsx
2024-03-18,3.527600,"Citi Velocity, exported by Charlie",spain_1y_bbg_2026-10-05.xlsx
2024-03-19,3.513900,"Citi Velocity, exported by Charlie",spain_1y_bbg_2026-10-05.xlsx
2024-03-20,3.507400,"Citi Velocity, exported by Charlie",spain_1y_bbg_2026-10-05.xlsx
2024-03-21,3.469600,"Citi Velocity, exported by Charlie",spain_1y_bbg_2026-10-05.xlsx
2024-03-22,3.447300,"Citi Velocity, exported by Charlie",spain_1y_bbg_2026-10-05.xlsx
2024-03-25,3.471200,"Citi Velocity, exported by Charlie",spain_1y_bbg_2026-10-05.xlsx
2024-03-26,3.460900,"Citi Velocity, exported by Charlie",spain_1y_bbg_2026-10-05.xlsx
2024-03-27,3.437700,"Citi Velocity, exported by Charlie",spain_1y_bbg_2026-10-05.xlsx
2024-03-28,3.450100,"Citi Velocity, exported by Charlie",spain_1y_bbg_2026-10-05.xlsx
2024-04-02,3.434300,"Citi Velocity, exported by Charlie",spain_1y_bbg_2026-10-05.xlsx
2024-04-03,3.455700,"Citi Velocity, exported by Charlie",spain_1y_bbg_2026-10-05.xlsx
2024-04-04,3.459000,"Citi Velocity, exported by Charlie",spain_1y_bbg_2026-10-05.xlsx
2024-04-05,3.459900,"Citi Velocity, exported by Charlie",spain_1y_bbg_2026-10-05.xlsx
2024-04-08,3.476700,"Citi Velocity, exported by Charlie",spain_1y_bbg_2026-10-05.xlsx
2024-04-09,3.457800,"Citi Velocity, exported by Charlie",spain_1y_bbg_2026-10-05.xlsx
2024-04-10,3.478100,"Citi Velocity, exported by Charlie",spain_1y_bbg_2026-10-05.xlsx
2024-04-11,3.478200,"Citi Velocity, exported by Charlie",spain_1y_bbg_2026-10-05.xlsx
2024-04-12,3.415500,"Citi Velocity, exported by Charlie",spain_1y_bbg_2026-10-05.xlsx
2024-04-15,3.441900,"Citi Velocity, exported by Charlie",spain_1y_bbg_2026-10-05.xlsx
2024-04-16,3.458400,"Citi Velocity, exported by Charlie",spain_1y_bbg_2026-10-05.xlsx
2024-04-17,3.457000,"Citi Velocity, exported by Charlie",spain_1y_bbg_2026-10-05.xlsx
2024-04-18,3.455300,"Citi Velocity, exported by Charlie",spain_1y_bbg_2026-10-05.xlsx
2024-04-19,3.457100,"Citi Velocity, exported by Charlie",spain_1y_bbg_2026-10-05.xlsx
2024-04-22,3.408900,"Citi Velocity, exported by Charlie",spain_1y_bbg_2026-10-05.xlsx
2024-04-23,3.416500,"Citi Velocity, exported by Charlie",spain_1y_bbg_2026-10-05.xlsx
2024-04-24,3.443700,"Citi Velocity, exported by Charlie",spain_1y_bbg_2026-10-05.xlsx
2024-04-25,3.480800,"Citi Velocity, exported by Charlie",spain_1y_bbg_2026-10-05.xlsx
2024-04-26,3.458200,"Citi Velocity, exported by Charlie",spain_1y_bbg_2026-10-05.xlsx
2024-04-29,3.415200,"Citi Velocity, exported by Charlie",spain_1y_bbg_2026-10-05.xlsx
2024-04-30,3.455300,"Citi Velocity, exported by Charlie",spain_1y_bbg_2026-10-05.xlsx
2024-05-02,3.427000,"Citi Velocity, exported by Charlie",spain_1y_bbg_2026-10-05.xlsx
2024-05-03,3.401100,"Citi Velocity, exported by Charlie",spain_1y_bbg_2026-10-05.xlsx
2024-05-06,3.399400,"Citi Velocity, exported by Charlie",spain_1y_bbg_2026-10-05.xlsx
2024-05-07,3.406500,"Citi Velocity, exported by Charlie",spain_1y_bbg_2026-10-05.xlsx
2024-05-08,3.433300,"Citi Velocity, exported by Charlie",spain_1y_bbg_2026-10-05.xlsx
2024-05-09,3.422000,"Citi Velocity, exported by Charlie",spain_1y_bbg_2026-10-05.xlsx
2024-05-10,3.432100,"Citi Velocity, exported by Charlie",spain_1y_bbg_2026-10-05.xlsx
2024-05-13,3.416000,"Citi Velocity, exported by Charlie",spain_1y_bbg_2026-10-05.xlsx
2024-05-14,3.437700,"Citi Velocity, exported by Charlie",spain_1y_bbg_2026-10-05.xlsx
2024-05-15,3.390600,"Citi Velocity, exported by Charlie",spain_1y_bbg_2026-10-05.xlsx
2024-05-16,3.384600,"Citi Velocity, exported by Charlie",spain_1y_bbg_2026-10-05.xlsx
2024-05-17,3.417300,"Citi Velocity, exported by Charlie",spain_1y_bbg_2026-10-05.xlsx
2024-05-20,3.396600,"Citi Velocity, exported by Charlie",spain_1y_bbg_2026-10-05.xlsx
2024-05-21,3.402400,"Citi Velocity, exported by Charlie",spain_1y_bbg_2026-10-05.xlsx
2024-05-22,3.432700,"Citi Velocity, exported by Charlie",spain_1y_bbg_2026-10-05.xlsx
2024-05-23,3.459400,"Citi Velocity, exported by Charlie",spain_1y_bbg_2026-10-05.xlsx
2024-05-24,3.470700,"Citi Velocity, exported by Charlie",spain_1y_bbg_2026-10-05.xlsx
2024-05-27,3.452700,"Citi Velocity, exported by Charlie",spain_1y_bbg_2026-10-05.xlsx
2024-05-28,3.451100,"Citi Velocity, exported by Charlie",spain_1y_bbg_2026-10-05.xlsx
2024-05-29,3.464000,"Citi Velocity, exported by Charlie",spain_1y_bbg_2026-10-05.xlsx
2024-05-30,3.438700,"Citi Velocity, exported by Charlie",spain_1y_bbg_2026-10-05.xlsx
2024-05-31,3.471800,"Citi Velocity, exported by Charlie",spain_1y_bbg_2026-10-05.xlsx
2024-06-03,3.434600,"Citi Velocity, exported by Charlie",spain_1y_bbg_2026-10-05.xlsx
2024-06-04,3.417200,"Citi Velocity, exported by Charlie",spain_1y_bbg_2026-10-05.xlsx
2024-06-05,3.411400,"Citi Velocity, exported by Charlie",spain_1y_bbg_2026-10-05.xlsx
2024-06-06,3.443600,"Citi Velocity, exported by Charlie",spain_1y_bbg_2026-10-05.xlsx
2024-06-07,3.449500,"Citi Velocity, exported by Charlie",spain_1y_bbg_2026-10-05.xlsx
2024-06-10,3.465100,"Citi Velocity, exported by Charlie",spain_1y_bbg_2026-10-05.xlsx
2024-06-11,3.456900,"Citi Velocity, exported by Charlie",spain_1y_bbg_2026-10-05.xlsx
2024-06-12,3.410600,"Citi Velocity, exported by Charlie",spain_1y_bbg_2026-10-05.xlsx
2024-06-13,3.392000,"Citi Velocity, exported by Charlie",spain_1y_bbg_2026-10-05.xlsx
2024-06-14,3.357600,"Citi Velocity, exported by Charlie",spain_1y_bbg_2026-10-05.xlsx
2024-06-17,3.381400,"Citi Velocity, exported by Charlie",spain_1y_bbg_2026-10-05.xlsx
2024-06-18,3.379000,"Citi Velocity, exported by Charlie",spain_1y_bbg_2026-10-05.xlsx
2024-06-19,3.393500,"Citi Velocity, exported by Charlie",spain_1y_bbg_2026-10-05.xlsx
2024-06-20,3.389900,"Citi Velocity, exported by Charlie",spain_1y_bbg_2026-10-05.xlsx
2024-06-21,3.369200,"Citi Velocity, exported by Charlie",spain_1y_bbg_2026-10-05.xlsx
2024-06-24,3.372200,"Citi Velocity, exported by Charlie",spain_1y_bbg_2026-10-05.xlsx
2024-06-25,3.360500,"Citi Velocity, exported by Charlie",spain_1y_bbg_2026-10-05.xlsx
2024-06-26,3.380500,"Citi Velocity, exported by Charlie",spain_1y_bbg_2026-10-05.xlsx
2024-06-27,3.376200,"Citi Velocity, exported by Charlie",spain_1y_bbg_2026-10-05.xlsx
2024-06-28,3.388000,"Citi Velocity, exported by Charlie",spain_1y_bbg_2026-10-05.xlsx
2024-07-01,3.414400,"Citi Velocity, exported by Charlie",spain_1y_bbg_2026-10-05.xlsx
2024-07-02,3.406700,"Citi Velocity, exported by Charlie",spain_1y_bbg_2026-10-05.xlsx
2024-07-03,3.392800,"Citi Velocity, exported by Charlie",spain_1y_bbg_2026-10-05.xlsx
2024-07-04,3.394600,"Citi Velocity, exported by Charlie",spain_1y_bbg_2026-10-05.xlsx
2024-07-05,3.353800,"Citi Velocity, exported by Charlie",spain_1y_bbg_2026-10-05.xlsx
2024-07-08,3.365100,"Citi Velocity, exported by Charlie",spain_1y_bbg_2026-10-05.xlsx
2024-07-09,3.356500,"Citi Velocity, exported by Charlie",spain_1y_bbg_2026-10-05.xlsx
2024-07-10,3.339700,"Citi Velocity, exported by Charlie",spain_1y_bbg_2026-10-05.xlsx
2024-07-11,3.290900,"Citi Velocity, exported by Charlie",spain_1y_bbg_2026-10-05.xlsx
2024-07-12,3.293900,"Citi Velocity, exported by Charlie",spain_1y_bbg_2026-10-05.xlsx
2024-07-15,3.279300,"Citi Velocity, exported by Charlie",spain_1y_bbg_2026-10-05.xlsx
2024-07-16,3.270700,"Citi Velocity, exported by Charlie",spain_1y_bbg_2026-10-05.xlsx
2024-07-17,3.281800,"Citi Velocity, exported by Charlie",spain_1y_bbg_2026-10-05.xlsx
2024-07-18,3.284600,"Citi Velocity, exported by Charlie",spain_1y_bbg_2026-10-05.xlsx
2024-07-19,3.277100,"Citi Velocity, exported by Charlie",spain_1y_bbg_2026-10-05.xlsx
2024-07-22,3.289900,"Citi Velocity, exported by Charlie",spain_1y_bbg_2026-10-05.xlsx
2024-07-23,3.267800,"Citi Velocity, exported by Charlie",spain_1y_bbg_2026-10-05.xlsx
2024-07-24,3.236200,"Citi Velocity, exported by Charlie",spain_1y_bbg_2026-10-05.xlsx
2024-07-25,3.204500,"Citi Velocity, exported by Charlie",spain_1y_bbg_2026-10-05.xlsx
2024-07-26,3.197400,"Citi Velocity, exported by Charlie",spain_1y_bbg_2026-10-05.xlsx
2024-07-29,3.185800,"Citi Velocity, exported by Charlie",spain_1y_bbg_2026-10-05.xlsx
2024-07-30,3.151800,"Citi Velocity, exported by Charlie",spain_1y_bbg_2026-10-05.xlsx
2024-07-31,3.127400,"Citi Velocity, exported by Charlie",spain_1y_bbg_2026-10-05.xlsx
2024-08-01,3.093500,"Citi Velocity, exported by Charlie",spain_1y_bbg_2026-10-05.xlsx
2024-08-02,2.998100,"Citi Velocity, exported by Charlie",spain_1y_bbg_2026-10-05.xlsx
2024-08-05,3.008300,"Citi Velocity, exported by Charlie",spain_1y_bbg_2026-10-05.xlsx
2024-08-06,3.041800,"Citi Velocity, exported by Charlie",spain_1y_bbg_2026-10-05.xlsx
2024-08-07,2.996600,"Citi Velocity, exported by Charlie",spain_1y_bbg_2026-10-05.xlsx
2024-08-08,2.995900,"Citi Velocity, exported by Charlie",spain_1y_bbg_2026-10-05.xlsx
2024-08-09,3.006700,"Citi Velocity, exported by Charlie",spain_1y_bbg_2026-10-05.xlsx
2024-08-12,3.008200,"Citi Velocity, exported by Charlie",spain_1y_bbg_2026-10-05.xlsx
2024-08-13,2.968100,"Citi Velocity, exported by Charlie",spain_1y_bbg_2026-10-05.xlsx
2024-08-14,2.969200,"Citi Velocity, exported by Charlie",spain_1y_bbg_2026-10-05.xlsx
2024-08-15,3.024000,"Citi Velocity, exported by Charlie",spain_1y_bbg_2026-10-05.xlsx
2024-08-16,3.012300,"Citi Velocity, exported by Charlie",spain_1y_bbg_2026-10-05.xlsx
2024-08-19,3.020400,"Citi Velocity, exported by Charlie",spain_1y_bbg_2026-10-05.xlsx
2024-08-20,2.987700,"Citi Velocity, exported by Charlie",spain_1y_bbg_2026-10-05.xlsx
2024-08-21,2.950700,"Citi Velocity, exported by Charlie",spain_1y_bbg_2026-10-05.xlsx
2024-08-22,2.979200,"Citi Velocity, exported by Charlie",spain_1y_bbg_2026-10-05.xlsx
2024-08-23,2.965500,"Citi Velocity, exported by Charlie",spain_1y_bbg_2026-10-05.xlsx
2024-08-26,2.988600,"Citi Velocity, exported by Charlie",spain_1y_bbg_2026-10-05.xlsx
2024-08-27,2.989200,"Citi Velocity, exported by Charlie",spain_1y_bbg_2026-10-05.xlsx
2024-08-28,2.977300,"Citi Velocity, exported by Charlie",spain_1y_bbg_2026-10-05.xlsx
2024-08-29,2.954400,"Citi Velocity, exported by Charlie",spain_1y_bbg_2026-10-05.xlsx
2024-08-30,2.980800,"Citi Velocity, exported by Charlie",spain_1y_bbg_2026-10-05.xlsx
2024-09-02,2.999400,"Citi Velocity, exported by Charlie",spain_1y_bbg_2026-10-05.xlsx
2024-09-03,2.988800,"Citi Velocity, exported by Charlie",spain_1y_bbg_2026-10-05.xlsx
2024-09-04,2.934000,"Citi Velocity, exported by Charlie",spain_1y_bbg_2026-10-05.xlsx
2024-09-05,2.903600,"Citi Velocity, exported by Charlie",spain_1y_bbg_2026-10-05.xlsx
2024-09-06,2.845900,"Citi Velocity, exported by Charlie",spain_1y_bbg_2026-10-05.xlsx
2024-09-09,2.836100,"Citi Velocity, exported by Charlie",spain_1y_bbg_2026-10-05.xlsx
2024-09-10,2.812900,"Citi Velocity, exported by Charlie",spain_1y_bbg_2026-10-05.xlsx
2024-09-11,2.807300,"Citi Velocity, exported by Charlie",spain_1y_bbg_2026-10-05.xlsx
2024-09-12,2.852200,"Citi Velocity, exported by Charlie",spain_1y_bbg_2026-10-05.xlsx
2024-09-13,2.829400,"Citi Velocity, exported by Charlie",spain_1y_bbg_2026-10-05.xlsx
2024-09-16,2.808900,"Citi Velocity, exported by Charlie",spain_1y_bbg_2026-10-05.xlsx
2024-09-17,2.825200,"Citi Velocity, exported by Charlie",spain_1y_bbg_2026-10-05.xlsx
2024-09-18,2.846400,"Citi Velocity, exported by Charlie",spain_1y_bbg_2026-10-05.xlsx
2024-09-19,2.813500,"Citi Velocity, exported by Charlie",spain_1y_bbg_2026-10-05.xlsx
2024-09-20,2.818900,"Citi Velocity, exported by Charlie",spain_1y_bbg_2026-10-05.xlsx
2024-09-23,2.743700,"Citi Velocity, exported by Charlie",spain_1y_bbg_2026-10-05.xlsx
2024-09-24,2.689800,"Citi Velocity, exported by Charlie",spain_1y_bbg_2026-10-05.xlsx
2024-09-25,2.705100,"Citi Velocity, exported by Charlie",spain_1y_bbg_2026-10-05.xlsx
2024-09-26,2.689600,"Citi Velocity, exported by Charlie",spain_1y_bbg_2026-10-05.xlsx
2024-09-27,2.653400,"Citi Velocity, exported by Charlie",spain_1y_bbg_2026-10-05.xlsx
2024-09-30,2.630300,"Citi Velocity, exported by Charlie",spain_1y_bbg_2026-10-05.xlsx
2024-10-01,2.607600,"Citi Velocity, exported by Charlie",spain_1y_bbg_2026-10-05.xlsx
2024-10-02,2.593900,"Citi Velocity, exported by Charlie",spain_1y_bbg_2026-10-05.xlsx
2024-10-03,2.597000,"Citi Velocity, exported by Charlie",spain_1y_bbg_2026-10-05.xlsx
2024-10-04,2.671500,"Citi Velocity, exported by Charlie",spain_1y_bbg_2026-10-05.xlsx
2024-10-07,2.706600,"Citi Velocity, exported by Charlie",spain_1y_bbg_2026-10-05.xlsx
2024-10-08,2.702900,"Citi Velocity, exported by Charlie",spain_1y_bbg_2026-10-05.xlsx
2024-10-09,2.732400,"Citi Velocity, exported by Charlie",spain_1y_bbg_2026-10-05.xlsx
2024-10-10,2.719700,"Citi Velocity, exported by Charlie",spain_1y_bbg_2026-10-05.xlsx
2024-10-11,2.738600,"Citi Velocity, exported by Charlie",spain_1y_bbg_2026-10-05.xlsx
2024-10-14,2.718000,"Citi Velocity, exported by Charlie",spain_1y_bbg_2026-10-05.xlsx
2024-10-15,2.717900,"Citi Velocity, exported by Charlie",spain_1y_bbg_2026-10-05.xlsx
2024-10-16,2.677900,"Citi Velocity, exported by Charlie",spain_1y_bbg_2026-10-05.xlsx
2024-10-17,2.615400,"Citi Velocity, exported by Charlie",spain_1y_bbg_2026-10-05.xlsx
2024-10-18,2.559900,"Citi Velocity, exported by Charlie",spain_1y_bbg_2026-10-05.xlsx
2024-10-21,2.608400,"Citi Velocity, exported by Charlie",spain_1y_bbg_2026-10-05.xlsx
2024-10-22,2.603700,"Citi Velocity, exported by Charlie",spain_1y_bbg_2026-10-05.xlsx
2024-10-23,2.547800,"Citi Velocity, exported by Charlie",spain_1y_bbg_2026-10-05.xlsx
2024-10-24,2.515100,"Citi Velocity, exported by Charlie",spain_1y_bbg_2026-10-05.xlsx
2024-10-25,2.523100,"Citi Velocity, exported by Charlie",spain_1y_bbg_2026-10-05.xlsx
2024-10-28,2.507900,"Citi Velocity, exported by Charlie",spain_1y_bbg_2026-10-05.xlsx
2024-10-29,2.505500,"Citi Velocity, exported by Charlie",spain_1y_bbg_2026-10-05.xlsx
2024-10-30,2.559500,"Citi Velocity, exported by Charlie",spain_1y_bbg_2026-10-05.xlsx
2024-10-31,2.579000,"Citi Velocity, exported by Charlie",spain_1y_bbg_2026-10-05.xlsx
2024-11-01,2.535000,"Citi Velocity, exported by Charlie",spain_1y_bbg_2026-10-05.xlsx
2024-11-04,2.636000,"Citi Velocity, exported by Charlie",spain_1y_bbg_2026-10-05.xlsx
2024-11-05,2.640200,"Citi Velocity, exported by Charlie",spain_1y_bbg_2026-10-05.xlsx
2024-11-06,2.548200,"Citi Velocity, exported by Charlie",spain_1y_bbg_2026-10-05.xlsx
2024-11-07,2.566900,"Citi Velocity, exported by Charlie",spain_1y_bbg_2026-10-05.xlsx
2024-11-08,2.575000,"Citi Velocity, exported by Charlie",spain_1y_bbg_2026-10-05.xlsx
2024-11-11,2.549800,"Citi Velocity, exported by Charlie",spain_1y_bbg_2026-10-05.xlsx
2024-11-12,2.523500,"Citi Velocity, exported by Charlie",spain_1y_bbg_2026-10-05.xlsx
2024-11-13,2.497200,"Citi Velocity, exported by Charlie",spain_1y_bbg_2026-10-05.xlsx
2024-11-14,2.456000,"Citi Velocity, exported by Charlie",spain_1y_bbg_2026-10-05.xlsx
2024-11-15,2.456900,"Citi Velocity, exported by Charlie",spain_1y_bbg_2026-10-05.xlsx
2024-11-18,2.516100,"Citi Velocity, exported by Charlie",spain_1y_bbg_2026-10-05.xlsx
2024-11-19,2.477900,"Citi Velocity, exported by Charlie",spain_1y_bbg_2026-10-05.xlsx
2024-11-20,2.464200,"Citi Velocity, exported by Charlie",spain_1y_bbg_2026-10-05.xlsx
2024-11-21,2.423400,"Citi Velocity, exported by Charlie",spain_1y_bbg_2026-10-05.xlsx
2024-11-22,2.285300,"Citi Velocity, exported by Charlie",spain_1y_bbg_2026-10-05.xlsx
2024-11-25,2.315700,"Citi Velocity, exported by Charlie",spain_1y_bbg_2026-10-05.xlsx
2024-11-26,2.326000,"Citi Velocity, exported by Charlie",spain_1y_bbg_2026-10-05.xlsx
2024-11-27,2.349800,"Citi Velocity, exported by Charlie",spain_1y_bbg_2026-10-05.xlsx
2024-11-28,2.307700,"Citi Velocity, exported by Charlie",spain_1y_bbg_2026-10-05.xlsx
2024-11-29,2.238800,"Citi Velocity, exported by Charlie",spain_1y_bbg_2026-10-05.xlsx
2024-12-02,2.204900,"Citi Velocity, exported by Charlie",spain_1y_bbg_2026-10-05.xlsx
2024-12-03,2.226900,"Citi Velocity, exported by Charlie",spain_1y_bbg_2026-10-05.xlsx
2024-12-04,2.270600,"Citi Velocity, exported by Charlie",spain_1y_bbg_2026-10-05.xlsx
2024-12-05,2.292800,"Citi Velocity, exported by Charlie",spain_1y_bbg_2026-10-05.xlsx
2024-12-06,2.256500,"Citi Velocity, exported by Charlie",spain_1y_bbg_2026-10-05.xlsx
2024-12-09,2.168900,"Citi Velocity, exported by Charlie",spain_1y_bbg_2026-10-05.xlsx
2024-12-10,2.159200,"Citi Velocity, exported by Charlie",spain_1y_bbg_2026-10-05.xlsx
2024-12-11,2.154100,"Citi Velocity, exported by Charlie",spain_1y_bbg_2026-10-05.xlsx
2024-12-12,2.182500,"Citi Velocity, exported by Charlie",spain_1y_bbg_2026-10-05.xlsx
2024-12-13,2.222700,"Citi Velocity, exported by Charlie",spain_1y_bbg_2026-10-05.xlsx
2024-12-16,2.217500,"Citi Velocity, exported by Charlie",spain_1y_bbg_2026-10-05.xlsx
2024-12-17,2.183200,"Citi Velocity, exported by Charlie",spain_1y_bbg_2026-10-05.xlsx
2024-12-18,2.175000,"Citi Velocity, exported by Charlie",spain_1y_bbg_2026-10-05.xlsx
2024-12-19,2.182300,"Citi Velocity, exported by Charlie",spain_1y_bbg_2026-10-05.xlsx
2024-12-20,2.212600,"Citi Velocity, exported by Charlie",spain_1y_bbg_2026-10-05.xlsx
2024-12-23,2.210600,"Citi Velocity, exported by Charlie",spain_1y_bbg_2026-10-05.xlsx
2024-12-24,2.229800,"Citi Velocity, exported by Charlie",spain_1y_bbg_2026-10-05.xlsx
2024-12-27,2.202800,"Citi Velocity, exported by Charlie",spain_1y_bbg_2026-10-05.xlsx
2024-12-30,2.196800,"Citi Velocity, exported by Charlie",spain_1y_bbg_2026-10-05.xlsx
2024-12-31,2.203300,"Citi Velocity, exported by Charlie",spain_1y_bbg_2026-10-05.xlsx
2025-01-02,2.225200,"Citi Velocity, exported by Charlie",spain_1y_bbg_2026-10-05.xlsx
2025-01-03,2.289700,"Citi Velocity, exported by Charlie",spain_1y_bbg_2026-10-05.xlsx
2025-01-06,2.332000,"Citi Velocity, exported by Charlie",spain_1y_bbg_2026-10-05.xlsx
2025-01-07,2.391700,"Citi Velocity, exported by Charlie",spain_1y_bbg_2026-10-05.xlsx
2025-01-08,2.403500,"Citi Velocity, exported by Charlie",spain_1y_bbg_2026-10-05.xlsx
2025-01-09,2.411200,"Citi Velocity, exported by Charlie",spain_1y_bbg_2026-10-05.xlsx
2025-01-10,2.439300,"Citi Velocity, exported by Charlie",spain_1y_bbg_2026-10-05.xlsx
2025-01-13,2.469300,"Citi Velocity, exported by Charlie",spain_1y_bbg_2026-10-05.xlsx
2025-01-14,2.470800,"Citi Velocity, exported by Charlie",spain_1y_bbg_2026-10-05.xlsx
2025-01-15,2.405200,"Citi Velocity, exported by Charlie",spain_1y_bbg_2026-10-05.xlsx
2025-01-16,2.371400,"Citi Velocity, exported by Charlie",spain_1y_bbg_2026-10-05.xlsx
2025-01-17,2.367100,"Citi Velocity, exported by Charlie",spain_1y_bbg_2026-10-05.xlsx
2025-01-20,2.395100,"Citi Velocity, exported by Charlie",spain_1y_bbg_2026-10-05.xlsx
2025-01-21,2.383100,"Citi Velocity, exported by Charlie",spain_1y_bbg_2026-10-05.xlsx
2025-01-22,2.390700,"Citi Velocity, exported by Charlie",spain_1y_bbg_2026-10-05.xlsx
2025-01-23,2.391800,"Citi Velocity, exported by Charlie",spain_1y_bbg_2026-10-05.xlsx
2025-01-24,2.411100,"Citi Velocity, exported by Charlie",spain_1y_bbg_2026-10-05.xlsx
2025-01-27,2.400500,"Citi Velocity, exported by Charlie",spain_1y_bbg_2026-10-05.xlsx
2025-01-28,2.407100,"Citi Velocity, exported by Charlie",spain_1y_bbg_2026-10-05.xlsx
2025-01-29,2.404200,"Citi Velocity, exported by Charlie",spain_1y_bbg_2026-10-05.xlsx
2025-01-30,2.334500,"Citi Velocity, exported by Charlie",spain_1y_bbg_2026-10-05.xlsx
2025-01-31,2.275000,"Citi Velocity, exported by Charlie",spain_1y_bbg_2026-10-05.xlsx
2025-02-03,2.215600,"Citi Velocity, exported by Charlie",spain_1y_bbg_2026-10-05.xlsx
2025-02-04,2.226600,"Citi Velocity, exported by Charlie",spain_1y_bbg_2026-10-05.xlsx
2025-02-05,2.228700,"Citi Velocity, exported by Charlie",spain_1y_bbg_2026-10-05.xlsx
2025-02-06,2.227800,"Citi Velocity, exported by Charlie",spain_1y_bbg_2026-10-05.xlsx
2025-02-07,2.214500,"Citi Velocity, exported by Charlie",spain_1y_bbg_2026-10-05.xlsx
2025-02-10,2.198000,"Citi Velocity, exported by Charlie",spain_1y_bbg_2026-10-05.xlsx
2025-02-11,2.222900,"Citi Velocity, exported by Charlie",spain_1y_bbg_2026-10-05.xlsx
2025-02-12,2.254800,"Citi Velocity, exported by Charlie",spain_1y_bbg_2026-10-05.xlsx
2025-02-13,2.223400,"Citi Velocity, exported by Charlie",spain_1y_bbg_2026-10-05.xlsx
2025-02-14,2.245100,"Citi Velocity, exported by Charlie",spain_1y_bbg_2026-10-05.xlsx
2025-02-17,2.255300,"Citi Velocity, exported by Charlie",spain_1y_bbg_2026-10-05.xlsx
2025-02-18,2.245100,"Citi Velocity, exported by Charlie",spain_1y_bbg_2026-10-05.xlsx
2025-02-19,2.274100,"Citi Velocity, exported by Charlie",spain_1y_bbg_2026-10-05.xlsx
2025-02-20,2.262600,"Citi Velocity, exported by Charlie",spain_1y_bbg_2026-10-05.xlsx
2025-02-21,2.237400,"Citi Velocity, exported by Charlie",spain_1y_bbg_2026-10-05.xlsx
2025-02-24,2.222100,"Citi Velocity, exported by Charlie",spain_1y_bbg_2026-10-05.xlsx
2025-02-25,2.211200,"Citi Velocity, exported by Charlie",spain_1y_bbg_2026-10-05.xlsx
2025-02-26,2.214400,"Citi Velocity, exported by Charlie",spain_1y_bbg_2026-10-05.xlsx
2025-02-27,2.189700,"Citi Velocity, exported by Charlie",spain_1y_bbg_2026-10-05.xlsx
2025-02-28,2.194000,"Citi Velocity, exported by Charlie",spain_1y_bbg_2026-10-05.xlsx
2025-03-03,2.230300,"Citi Velocity, exported by Charlie",spain_1y_bbg_2026-10-05.xlsx
2025-03-04,2.197500,"Citi Velocity, exported by Charlie",spain_1y_bbg_2026-10-05.xlsx
2025-03-05,2.297600,"Citi Velocity, exported by Charlie",spain_1y_bbg_2026-10-05.xlsx
2025-03-06,2.301100,"Citi Velocity, exported by Charlie",spain_1y_bbg_2026-10-05.xlsx
2025-03-07,2.295700,"Citi Velocity, exported by Charlie",spain_1y_bbg_2026-10-05.xlsx
2025-03-10,2.277800,"Citi Velocity, exported by Charlie",spain_1y_bbg_2026-10-05.xlsx
2025-03-11,2.261000,"Citi Velocity, exported by Charlie",spain_1y_bbg_2026-10-05.xlsx
2025-03-12,2.278900,"Citi Velocity, exported by Charlie",spain_1y_bbg_2026-10-05.xlsx
2025-03-13,2.253700,"Citi Velocity, exported by Charlie",spain_1y_bbg_2026-10-05.xlsx
2025-03-14,2.249200,"Citi Velocity, exported by Charlie",spain_1y_bbg_2026-10-05.xlsx
2025-03-17,2.248100,"Citi Velocity, exported by Charlie",spain_1y_bbg_2026-10-05.xlsx
2025-03-18,2.246900,"Citi Velocity, exported by Charlie",spain_1y_bbg_2026-10-05.xlsx
2025-03-19,2.249100,"Citi Velocity, exported by Charlie",spain_1y_bbg_2026-10-05.xlsx
2025-03-20,2.234300,"Citi Velocity, exported by Charlie",spain_1y_bbg_2026-10-05.xlsx
2025-03-21,2.218500,"Citi Velocity, exported by Charlie",spain_1y_bbg_2026-10-05.xlsx
2025-03-24,2.207600,"Citi Velocity, exported by Charlie",spain_1y_bbg_2026-10-05.xlsx
2025-03-25,2.216500,"Citi Velocity, exported by Charlie",spain_1y_bbg_2026-10-05.xlsx
2025-03-26,2.197400,"Citi Velocity, exported by Charlie",spain_1y_bbg_2026-10-05.xlsx
2025-03-27,2.158300,"Citi Velocity, exported by Charlie",spain_1y_bbg_2026-10-05.xlsx
2025-03-28,2.139900,"Citi Velocity, exported by Charlie",spain_1y_bbg_2026-10-05.xlsx
2025-03-31,2.154900,"Citi Velocity, exported by Charlie",spain_1y_bbg_2026-10-05.xlsx
2025-04-01,2.142200,"Citi Velocity, exported by Charlie",spain_1y_bbg_2026-10-05.xlsx
2025-04-02,2.146600,"Citi Velocity, exported by Charlie",spain_1y_bbg_2026-10-05.xlsx
2025-04-03,2.109800,"Citi Velocity, exported by Charlie",spain_1y_bbg_2026-10-05.xlsx
2025-04-04,2.057400,"Citi Velocity, exported by Charlie",spain_1y_bbg_2026-10-05.xlsx
2025-04-07,2.015300,"Citi Velocity, exported by Charlie",spain_1y_bbg_2026-10-05.xlsx
2025-04-08,2.048600,"Citi Velocity, exported by Charlie",spain_1y_bbg_2026-10-05.xlsx
2025-04-09,1.975200,"Citi Velocity, exported by Charlie",spain_1y_bbg_2026-10-05.xlsx
2025-04-10,2.015600,"Citi Velocity, exported by Charlie",spain_1y_bbg_2026-10-05.xlsx
2025-04-11,2.007700,"Citi Velocity, exported by Charlie",spain_1y_bbg_2026-10-05.xlsx
2025-04-14,1.993700,"Citi Velocity, exported by Charlie",spain_1y_bbg_2026-10-05.xlsx
2025-04-15,1.981800,"Citi Velocity, exported by Charlie",spain_1y_bbg_2026-10-05.xlsx
2025-04-16,1.971500,"Citi Velocity, exported by Charlie",spain_1y_bbg_2026-10-05.xlsx
2025-04-17,1.902700,"Citi Velocity, exported by Charlie",spain_1y_bbg_2026-10-05.xlsx
2025-04-22,1.874000,"Citi Velocity, exported by Charlie",spain_1y_bbg_2026-10-05.xlsx
2025-04-23,1.928900,"Citi Velocity, exported by Charlie",spain_1y_bbg_2026-10-05.xlsx
2025-04-24,1.888500,"Citi Velocity, exported by Charlie",spain_1y_bbg_2026-10-05.xlsx
2025-04-25,1.897400,"Citi Velocity, exported by Charlie",spain_1y_bbg_2026-10-05.xlsx
2025-04-28,1.881200,"Citi Velocity, exported by Charlie",spain_1y_bbg_2026-10-05.xlsx
2025-04-29,1.896400,"Citi Velocity, exported by Charlie",spain_1y_bbg_2026-10-05.xlsx
2025-04-30,1.871300,"Citi Velocity, exported by Charlie",spain_1y_bbg_2026-10-05.xlsx
2025-05-02,1.915700,"Citi Velocity, exported by Charlie",spain_1y_bbg_2026-10-05.xlsx
2025-05-05,1.919000,"Citi Velocity, exported by Charlie",spain_1y_bbg_2026-10-05.xlsx
2025-05-06,1.895800,"Citi Velocity, exported by Charlie",spain_1y_bbg_2026-10-05.xlsx
2025-05-07,1.879100,"Citi Velocity, exported by Charlie",spain_1y_bbg_2026-10-05.xlsx
2025-05-08,1.908100,"Citi Velocity, exported by Charlie",spain_1y_bbg_2026-10-05.xlsx
2025-05-09,1.913600,"Citi Velocity, exported by Charlie",spain_1y_bbg_2026-10-05.xlsx
2025-05-12,1.993400,"Citi Velocity, exported by Charlie",spain_1y_bbg_2026-10-05.xlsx
2025-05-13,2.000700,"Citi Velocity, exported by Charlie",spain_1y_bbg_2026-10-05.xlsx
2025-05-14,2.008300,"Citi Velocity, exported by Charlie",spain_1y_bbg_2026-10-05.xlsx
2025-05-15,1.970800,"Citi Velocity, exported by Charlie",spain_1y_bbg_2026-10-05.xlsx
2025-05-16,1.951800,"Citi Velocity, exported by Charlie",spain_1y_bbg_2026-10-05.xlsx
2025-05-19,1.955700,"Citi Velocity, exported by Charlie",spain_1y_bbg_2026-10-05.xlsx
2025-05-20,1.942500,"Citi Velocity, exported by Charlie",spain_1y_bbg_2026-10-05.xlsx
2025-05-21,1.957900,"Citi Velocity, exported by Charlie",spain_1y_bbg_2026-10-05.xlsx
2025-05-22,1.932700,"Citi Velocity, exported by Charlie",spain_1y_bbg_2026-10-05.xlsx
2025-05-23,1.887800,"Citi Velocity, exported by Charlie",spain_1y_bbg_2026-10-05.xlsx
2025-05-26,1.909800,"Citi Velocity, exported by Charlie",spain_1y_bbg_2026-10-05.xlsx
2025-05-27,1.906700,"Citi Velocity, exported by Charlie",spain_1y_bbg_2026-10-05.xlsx
2025-05-28,1.915100,"Citi Velocity, exported by Charlie",spain_1y_bbg_2026-10-05.xlsx
2025-05-29,1.906700,"Citi Velocity, exported by Charlie",spain_1y_bbg_2026-10-05.xlsx
2025-05-30,1.919000,"Citi Velocity, exported by Charlie",spain_1y_bbg_2026-10-05.xlsx
2025-06-02,1.924600,"Citi Velocity, exported by Charlie",spain_1y_bbg_2026-10-05.xlsx
2025-06-03,1.908500,"Citi Velocity, exported by Charlie",spain_1y_bbg_2026-10-05.xlsx
2025-06-04,1.909700,"Citi Velocity, exported by Charlie",spain_1y_bbg_2026-10-05.xlsx
2025-06-05,1.955700,"Citi Velocity, exported by Charlie",spain_1y_bbg_2026-10-05.xlsx
2025-06-06,1.952600,"Citi Velocity, exported by Charlie",spain_1y_bbg_2026-10-05.xlsx
2025-06-09,1.942300,"Citi Velocity, exported by Charlie",spain_1y_bbg_2026-10-05.xlsx
2025-06-10,1.942200,"Citi Velocity, exported by Charlie",spain_1y_bbg_2026-10-05.xlsx
2025-06-11,1.942800,"Citi Velocity, exported by Charlie",spain_1y_bbg_2026-10-05.xlsx
2025-06-12,1.929300,"Citi Velocity, exported by Charlie",spain_1y_bbg_2026-10-05.xlsx
2025-06-13,1.946600,"Citi Velocity, exported by Charlie",spain_1y_bbg_2026-10-05.xlsx
2025-06-16,1.943400,"Citi Velocity, exported by Charlie",spain_1y_bbg_2026-10-05.xlsx
2025-06-17,1.962900,"Citi Velocity, exported by Charlie",spain_1y_bbg_2026-10-05.xlsx
2025-06-18,1.935500,"Citi Velocity, exported by Charlie",spain_1y_bbg_2026-10-05.xlsx
2025-06-19,1.938200,"Citi Velocity, exported by Charlie",spain_1y_bbg_2026-10-05.xlsx
2025-06-20,1.936600,"Citi Velocity, exported by Charlie",spain_1y_bbg_2026-10-05.xlsx
2025-06-23,1.925700,"Citi Velocity, exported by Charlie",spain_1y_bbg_2026-10-05.xlsx
2025-06-24,1.927600,"Citi Velocity, exported by Charlie",spain_1y_bbg_2026-10-05.xlsx
2025-06-25,1.916000,"Citi Velocity, exported by Charlie",spain_1y_bbg_2026-10-05.xlsx
2025-06-26,1.900900,"Citi Velocity, exported by Charlie",spain_1y_bbg_2026-10-05.xlsx
2025-06-27,1.925600,"Citi Velocity, exported by Charlie",spain_1y_bbg_2026-10-05.xlsx
2025-06-30,1.929200,"Citi Velocity, exported by Charlie",spain_1y_bbg_2026-10-05.xlsx
2025-07-01,1.912600,"Citi Velocity, exported by Charlie",spain_1y_bbg_2026-10-05.xlsx
2025-07-02,1.891300,"Citi Velocity, exported by Charlie",spain_1y_bbg_2026-10-05.xlsx
2025-07-03,1.909800,"Citi Velocity, exported by Charlie",spain_1y_bbg_2026-10-05.xlsx
2025-07-04,1.902600,"Citi Velocity, exported by Charlie",spain_1y_bbg_2026-10-05.xlsx
2025-07-07,1.902100,"Citi Velocity, exported by Charlie",spain_1y_bbg_2026-10-05.xlsx
2025-07-08,1.921100,"Citi Velocity, exported by Charlie",spain_1y_bbg_2026-10-05.xlsx
2025-07-09,1.908100,"Citi Velocity, exported by Charlie",spain_1y_bbg_2026-10-05.xlsx
2025-07-10,1.928000,"Citi Velocity, exported by Charlie",spain_1y_bbg_2026-10-05.xlsx
2025-07-11,1.945000,"Citi Velocity, exported by Charlie",spain_1y_bbg_2026-10-05.xlsx
2025-07-14,1.923600,"Citi Velocity, exported by Charlie",spain_1y_bbg_2026-10-05.xlsx
2025-07-15,1.917000,"Citi Velocity, exported by Charlie",spain_1y_bbg_2026-10-05.xlsx
2025-07-16,1.892500,"Citi Velocity, exported by Charlie",spain_1y_bbg_2026-10-05.xlsx
2025-07-17,1.905000,"Citi Velocity, exported by Charlie",spain_1y_bbg_2026-10-05.xlsx
2025-07-18,1.904300,"Citi Velocity, exported by Charlie",spain_1y_bbg_2026-10-05.xlsx
2025-07-21,1.889300,"Citi Velocity, exported by Charlie",spain_1y_bbg_2026-10-05.xlsx
2025-07-22,1.882200,"Citi Velocity, exported by Charlie",spain_1y_bbg_2026-10-05.xlsx
2025-07-23,1.898800,"Citi Velocity, exported by Charlie",spain_1y_bbg_2026-10-05.xlsx
2025-07-24,1.955200,"Citi Velocity, exported by Charlie",spain_1y_bbg_2026-10-05.xlsx
2025-07-25,1.966100,"Citi Velocity, exported by Charlie",spain_1y_bbg_2026-10-05.xlsx
2025-07-28,1.945500,"Citi Velocity, exported by Charlie",spain_1y_bbg_2026-10-05.xlsx
2025-07-29,1.955800,"Citi Velocity, exported by Charlie",spain_1y_bbg_2026-10-05.xlsx
2025-07-30,1.960400,"Citi Velocity, exported by Charlie",spain_1y_bbg_2026-10-05.xlsx
2025-07-31,1.961600,"Citi Velocity, exported by Charlie",spain_1y_bbg_2026-10-05.xlsx
2025-08-01,1.944100,"Citi Velocity, exported by Charlie",spain_1y_bbg_2026-10-05.xlsx
2025-08-04,1.933300,"Citi Velocity, exported by Charlie",spain_1y_bbg_2026-10-05.xlsx
2025-08-05,1.949700,"Citi Velocity, exported by Charlie",spain_1y_bbg_2026-10-05.xlsx
2025-08-06,1.963500,"Citi Velocity, exported by Charlie",spain_1y_bbg_2026-10-05.xlsx
2025-08-07,1.963000,"Citi Velocity, exported by Charlie",spain_1y_bbg_2026-10-05.xlsx
2025-08-08,1.979000,"Citi Velocity, exported by Charlie",spain_1y_bbg_2026-10-05.xlsx
2025-08-11,1.984900,"Citi Velocity, exported by Charlie",spain_1y_bbg_2026-10-05.xlsx
2025-08-12,1.987200,"Citi Velocity, exported by Charlie",spain_1y_bbg_2026-10-05.xlsx
2025-08-13,1.972700,"Citi Velocity, exported by Charlie",spain_1y_bbg_2026-10-05.xlsx
2025-08-14,1.969300,"Citi Velocity, exported by Charlie",spain_1y_bbg_2026-10-05.xlsx
2025-08-15,1.986100,"Citi Velocity, exported by Charlie",spain_1y_bbg_2026-10-05.xlsx
2025-08-18,1.981700,"Citi Velocity, exported by Charlie",spain_1y_bbg_2026-10-05.xlsx
2025-08-19,1.978100,"Citi Velocity, exported by Charlie",spain_1y_bbg_2026-10-05.xlsx
2025-08-20,1.963500,"Citi Velocity, exported by Charlie",spain_1y_bbg_2026-10-05.xlsx
2025-08-21,1.996300,"Citi Velocity, exported by Charlie",spain_1y_bbg_2026-10-05.xlsx
2025-08-22,1.978300,"Citi Velocity, exported by Charlie",spain_1y_bbg_2026-10-05.xlsx
2025-08-25,1.995500,"Citi Velocity, exported by Charlie",spain_1y_bbg_2026-10-05.xlsx
2025-08-26,1.982900,"Citi Velocity, exported by Charlie",spain_1y_bbg_2026-10-05.xlsx
2025-08-27,1.972100,"Citi Velocity, exported by Charlie",spain_1y_bbg_2026-10-05.xlsx
2025-08-28,1.977100,"Citi Velocity, exported by Charlie",spain_1y_bbg_2026-10-05.xlsx
2025-08-29,1.986500,"Citi Velocity, exported by Charlie",spain_1y_bbg_2026-10-05.xlsx
2025-09-01,1.993200,"Citi Velocity, exported by Charlie",spain_1y_bbg_2026-10-05.xlsx
2025-09-02,2.000600,"Citi Velocity, exported by Charlie",spain_1y_bbg_2026-10-05.xlsx
2025-09-03,1.997300,"Citi Velocity, exported by Charlie",spain_1y_bbg_2026-10-05.xlsx
2025-09-04,1.997700,"Citi Velocity, exported by Charlie",spain_1y_bbg_2026-10-05.xlsx
2025-09-05,1.985600,"Citi Velocity, exported by Charlie",spain_1y_bbg_2026-10-05.xlsx
2025-09-08,1.985000,"Citi Velocity, exported by Charlie",spain_1y_bbg_2026-10-05.xlsx
2025-09-09,1.992900,"Citi Velocity, exported by Charlie",spain_1y_bbg_2026-10-05.xlsx
2025-09-10,1.999900,"Citi Velocity, exported by Charlie",spain_1y_bbg_2026-10-05.xlsx
2025-09-11,2.022500,"Citi Velocity, exported by Charlie",spain_1y_bbg_2026-10-05.xlsx
2025-09-12,2.035300,"Citi Velocity, exported by Charlie",spain_1y_bbg_2026-10-05.xlsx
2025-09-15,2.034600,"Citi Velocity, exported by Charlie",spain_1y_bbg_2026-10-05.xlsx
2025-09-16,2.021200,"Citi Velocity, exported by Charlie",spain_1y_bbg_2026-10-05.xlsx
2025-09-17,2.023000,"Citi Velocity, exported by Charlie",spain_1y_bbg_2026-10-05.xlsx
2025-09-18,2.019500,"Citi Velocity, exported by Charlie",spain_1y_bbg_2026-10-05.xlsx
2025-09-19,2.024500,"Citi Velocity, exported by Charlie",spain_1y_bbg_2026-10-05.xlsx
2025-09-22,2.020100,"Citi Velocity, exported by Charlie",spain_1y_bbg_2026-10-05.xlsx
2025-09-23,2.026000,"Citi Velocity, exported by Charlie",spain_1y_bbg_2026-10-05.xlsx
2025-09-24,2.026400,"Citi Velocity, exported by Charlie",spain_1y_bbg_2026-10-05.xlsx
2025-09-25,2.035300,"Citi Velocity, exported by Charlie",spain_1y_bbg_2026-10-05.xlsx
2025-09-26,2.032000,"Citi Velocity, exported by Charlie",spain_1y_bbg_2026-10-05.xlsx
2025-09-29,2.031900,"Citi Velocity, exported by Charlie",spain_1y_bbg_2026-10-05.xlsx
2025-09-30,2.036000,"Citi Velocity, exported by Charlie",spain_1y_bbg_2026-10-05.xlsx
2025-10-01,2.034300,"Citi Velocity, exported by Charlie",spain_1y_bbg_2026-10-05.xlsx
2025-10-02,2.032300,"Citi Velocity, exported by Charlie",spain_1y_bbg_2026-10-05.xlsx
2025-10-03,2.028500,"Citi Velocity, exported by Charlie",spain_1y_bbg_2026-10-05.xlsx
2025-10-06,2.019000,"Citi Velocity, exported by Charlie",spain_1y_bbg_2026-10-05.xlsx
2025-10-07,2.007400,"Citi Velocity, exported by Charlie",spain_1y_bbg_2026-10-05.xlsx
2025-10-08,2.006500,"Citi Velocity, exported by Charlie",spain_1y_bbg_2026-10-05.xlsx
2025-10-09,2.012900,"Citi Velocity, exported by Charlie",spain_1y_bbg_2026-10-05.xlsx
2025-10-10,1.994500,"Citi Velocity, exported by Charlie",spain_1y_bbg_2026-10-05.xlsx
2025-10-13,1.984300,"Citi Velocity, exported by Charlie",spain_1y_bbg_2026-10-05.xlsx
2025-10-14,1.990500,"Citi Velocity, exported by Charlie",spain_1y_bbg_2026-10-05.xlsx
2025-10-15,1.984500,"Citi Velocity, exported by Charlie",spain_1y_bbg_2026-10-05.xlsx
2025-10-16,1.998200,"Citi Velocity, exported by Charlie",spain_1y_bbg_2026-10-05.xlsx
2025-10-17,2.009800,"Citi Velocity, exported by Charlie",spain_1y_bbg_2026-10-05.xlsx
2025-10-20,2.002200,"Citi Velocity, exported by Charlie",spain_1y_bbg_2026-10-05.xlsx
2025-10-21,1.989700,"Citi Velocity, exported by Charlie",spain_1y_bbg_2026-10-05.xlsx
2025-10-22,1.989000,"Citi Velocity, exported by Charlie",spain_1y_bbg_2026-10-05.xlsx
2025-10-23,1.992000,"Citi Velocity, exported by Charlie",spain_1y_bbg_2026-10-05.xlsx
2025-10-24,2.014500,"Citi Velocity, exported by Charlie",spain_1y_bbg_2026-10-05.xlsx
2025-10-27,2.015000,"Citi Velocity, exported by Charlie",spain_1y_bbg_2026-10-05.xlsx
2025-10-28,2.011600,"Citi Velocity, exported by Charlie",spain_1y_bbg_2026-10-05.xlsx
2025-10-29,2.004000,"Citi Velocity, exported by Charlie",spain_1y_bbg_2026-10-05.xlsx
2025-10-30,2.000700,"Citi Velocity, exported by Charlie",spain_1y_bbg_2026-10-05.xlsx
2025-10-31,1.998500,"Citi Velocity, exported by Charlie",spain_1y_bbg_2026-10-05.xlsx
2025-11-03,2.016900,"Citi Velocity, exported by Charlie",spain_1y_bbg_2026-10-05.xlsx
2025-11-04,1.994700,"Citi Velocity, exported by Charlie",spain_1y_bbg_2026-10-05.xlsx
2025-11-05,2.012500,"Citi Velocity, exported by Charlie",spain_1y_bbg_2026-10-05.xlsx
2025-11-06,2.005600,"Citi Velocity, exported by Charlie",spain_1y_bbg_2026-10-05.xlsx
2025-11-07,2.003900,"Citi Velocity, exported by Charlie",spain_1y_bbg_2026-10-05.xlsx
2025-11-10,2.005200,"Citi Velocity, exported by Charlie",spain_1y_bbg_2026-10-05.xlsx
2025-11-11,2.001400,"Citi Velocity, exported by Charlie",spain_1y_bbg_2026-10-05.xlsx
2025-11-12,2.000700,"Citi Velocity, exported by Charlie",spain_1y_bbg_2026-10-05.xlsx
2025-11-13,2.002500,"Citi Velocity, exported by Charlie",spain_1y_bbg_2026-10-05.xlsx
2025-11-14,1.998200,"Citi Velocity, exported by Charlie",spain_1y_bbg_2026-10-05.xlsx
2025-11-17,2.014600,"Citi Velocity, exported by Charlie",spain_1y_bbg_2026-10-05.xlsx
2025-11-18,1.997700,"Citi Velocity, exported by Charlie",spain_1y_bbg_2026-10-05.xlsx
2025-11-19,1.980400,"Citi Velocity, exported by Charlie",spain_1y_bbg_2026-10-05.xlsx
2025-11-20,1.987800,"Citi Velocity, exported by Charlie",spain_1y_bbg_2026-10-05.xlsx
2025-11-21,2.004800,"Citi Velocity, exported by Charlie",spain_1y_bbg_2026-10-05.xlsx
2025-11-24,2.001100,"Citi Velocity, exported by Charlie",spain_1y_bbg_2026-10-05.xlsx
2025-11-25,1.996100,"Citi Velocity, exported by Charlie",spain_1y_bbg_2026-10-05.xlsx
2025-11-26,1.993100,"Citi Velocity, exported by Charlie",spain_1y_bbg_2026-10-05.xlsx
2025-11-27,1.978600,"Citi Velocity, exported by Charlie",spain_1y_bbg_2026-10-05.xlsx
2025-11-28,1.974600,"Citi Velocity, exported by Charlie",spain_1y_bbg_2026-10-05.xlsx
2025-12-01,1.989300,"Citi Velocity, exported by Charlie",spain_1y_bbg_2026-10-05.xlsx
2025-12-02,1.979300,"Citi Velocity, exported by Charlie",spain_1y_bbg_2026-10-05.xlsx
2025-12-03,1.952200,"Citi Velocity, exported by Charlie",spain_1y_bbg_2026-10-05.xlsx
2025-12-04,1.966100,"Citi Velocity, exported by Charlie",spain_1y_bbg_2026-10-05.xlsx
2025-12-05,1.966900,"Citi Velocity, exported by Charlie",spain_1y_bbg_2026-10-05.xlsx
2025-12-08,2.010900,"Citi Velocity, exported by Charlie",spain_1y_bbg_2026-10-05.xlsx
2025-12-09,2.032100,"Citi Velocity, exported by Charlie",spain_1y_bbg_2026-10-05.xlsx
2025-12-10,2.060500,"Citi Velocity, exported by Charlie",spain_1y_bbg_2026-10-05.xlsx
2025-12-11,2.051400,"Citi Velocity, exported by Charlie",spain_1y_bbg_2026-10-05.xlsx
2025-12-12,2.049900,"Citi Velocity, exported by Charlie",spain_1y_bbg_2026-10-05.xlsx
2025-12-15,2.050300,"Citi Velocity, exported by Charlie",spain_1y_bbg_2026-10-05.xlsx
2025-12-16,2.039300,"Citi Velocity, exported by Charlie",spain_1y_bbg_2026-10-05.xlsx
2025-12-17,2.036000,"Citi Velocity, exported by Charlie",spain_1y_bbg_2026-10-05.xlsx
2025-12-18,2.043100,"Citi Velocity, exported by Charlie",spain_1y_bbg_2026-10-05.xlsx
2025-12-19,2.049100,"Citi Velocity, exported by Charlie",spain_1y_bbg_2026-10-05.xlsx
2025-12-22,2.045800,"Citi Velocity, exported by Charlie",spain_1y_bbg_2026-10-05.xlsx
2025-12-23,2.041500,"Citi Velocity, exported by Charlie",spain_1y_bbg_2026-10-05.xlsx
2025-12-24,2.047400,"Citi Velocity, exported by Charlie",spain_1y_bbg_2026-10-05.xlsx
2025-12-29,2.026100,"Citi Velocity, exported by Charlie",spain_1y_bbg_2026-10-05.xlsx
2025-12-30,2.024000,"Citi Velocity, exported by Charlie",spain_1y_bbg_2026-10-05.xlsx
2025-12-31,2.042200,"Citi Velocity, exported by Charlie",spain_1y_bbg_2026-10-05.xlsx
2026-01-02,2.032400,"Citi Velocity, exported by Charlie",spain_1y_bbg_2026-10-05.xlsx
2026-01-05,2.029600,"Citi Velocity, exported by Charlie",spain_1y_bbg_2026-10-05.xlsx
2026-01-06,2.019700,"Citi Velocity, exported by Charlie",spain_1y_bbg_2026-10-05.xlsx
2026-01-07,2.023100,"Citi Velocity, exported by Charlie",spain_1y_bbg_2026-10-05.xlsx
2026-01-08,2.026400,"Citi Velocity, exported by Charlie",spain_1y_bbg_2026-10-05.xlsx
2026-01-09,2.038700,"Citi Velocity, exported by Charlie",spain_1y_bbg_2026-10-05.xlsx
2026-01-12,2.042600,"Citi Velocity, exported by Charlie",spain_1y_bbg_2026-10-05.xlsx
2026-01-13,2.030900,"Citi Velocity, exported by Charlie",spain_1y_bbg_2026-10-05.xlsx
2026-01-14,2.021600,"Citi Velocity, exported by Charlie",spain_1y_bbg_2026-10-05.xlsx
2026-01-15,2.033500,"Citi Velocity, exported by Charlie",spain_1y_bbg_2026-10-05.xlsx
2026-01-16,2.034500,"Citi Velocity, exported by Charlie",spain_1y_bbg_2026-10-05.xlsx
2026-01-19,2.022700,"Citi Velocity, exported by Charlie",spain_1y_bbg_2026-10-05.xlsx
2026-01-20,2.017300,"Citi Velocity, exported by Charlie",spain_1y_bbg_2026-10-05.xlsx
2026-01-21,2.049300,"Citi Velocity, exported by Charlie",spain_1y_bbg_2026-10-05.xlsx
2026-01-22,2.050000,"Citi Velocity, exported by Charlie",spain_1y_bbg_2026-10-05.xlsx
2026-01-23,2.049200,"Citi Velocity, exported by Charlie",spain_1y_bbg_2026-10-05.xlsx
2026-01-26,2.038300,"Citi Velocity, exported by Charlie",spain_1y_bbg_2026-10-05.xlsx
2026-01-27,2.030400,"Citi Velocity, exported by Charlie",spain_1y_bbg_2026-10-05.xlsx
2026-01-28,2.026800,"Citi Velocity, exported by Charlie",spain_1y_bbg_2026-10-05.xlsx
2026-01-29,2.013100,"Citi Velocity, exported by Charlie",spain_1y_bbg_2026-10-05.xlsx
2026-01-30,2.021600,"Citi Velocity, exported by Charlie",spain_1y_bbg_2026-10-05.xlsx
2026-02-02,2.032600,"Citi Velocity, exported by Charlie",spain_1y_bbg_2026-10-05.xlsx
2026-02-03,2.036400,"Citi Velocity, exported by Charlie",spain_1y_bbg_2026-10-05.xlsx
2026-02-04,2.042500,"Citi Velocity, exported by Charlie",spain_1y_bbg_2026-10-05.xlsx
2026-02-05,2.052600,"Citi Velocity, exported by Charlie",spain_1y_bbg_2026-10-05.xlsx
2026-02-06,2.058400,"Citi Velocity, exported by Charlie",spain_1y_bbg_2026-10-05.xlsx
2026-02-09,2.039200,"Citi Velocity, exported by Charlie",spain_1y_bbg_2026-10-05.xlsx
2026-02-10,2.043400,"Citi Velocity, exported by Charlie",spain_1y_bbg_2026-10-05.xlsx
2026-02-11,2.042900,"Citi Velocity, exported by Charlie",spain_1y_bbg_2026-10-05.xlsx
2026-02-12,2.040500,"Citi Velocity, exported by Charlie",spain_1y_bbg_2026-10-05.xlsx
2026-02-13,2.033200,"Citi Velocity, exported by Charlie",spain_1y_bbg_2026-10-05.xlsx
2026-02-16,2.033200,"Citi Velocity, exported by Charlie",spain_1y_bbg_2026-10-05.xlsx
2026-02-17,2.030900,"Citi Velocity, exported by Charlie",spain_1y_bbg_2026-10-05.xlsx
2026-02-18,2.042600,"Citi Velocity, exported by Charlie",spain_1y_bbg_2026-10-05.xlsx
2026-02-19,2.038300,"Citi Velocity, exported by Charlie",spain_1y_bbg_2026-10-05.xlsx
2026-02-20,2.045000,"Citi Velocity, exported by Charlie",spain_1y_bbg_2026-10-05.xlsx
2026-02-23,2.045100,"Citi Velocity, exported by Charlie",spain_1y_bbg_2026-10-05.xlsx
2026-02-24,2.051200,"Citi Velocity, exported by Charlie",spain_1y_bbg_2026-10-05.xlsx
2026-02-25,2.036900,"Citi Velocity, exported by Charlie",spain_1y_bbg_2026-10-05.xlsx
2026-02-26,2.031800,"Citi Velocity, exported by Charlie",spain_1y_bbg_2026-10-05.xlsx
2026-02-27,2.032500,"Citi Velocity, exported by Charlie",spain_1y_bbg_2026-10-05.xlsx
2026-03-02,2.062200,"Citi Velocity, exported by Charlie",spain_1y_bbg_2026-10-05.xlsx
2026-03-03,2.132800,"Citi Velocity, exported by Charlie",spain_1y_bbg_2026-10-05.xlsx
2026-03-04,2.113900,"Citi Velocity, exported by Charlie",spain_1y_bbg_2026-10-05.xlsx
2026-03-05,2.153100,"Citi Velocity, exported by Charlie",spain_1y_bbg_2026-10-05.xlsx
2026-03-06,2.211800,"Citi Velocity, exported by Charlie",spain_1y_bbg_2026-10-05.xlsx
2026-03-09,2.241500,"Citi Velocity, exported by Charlie",spain_1y_bbg_2026-10-05.xlsx
2026-03-10,2.195900,"Citi Velocity, exported by Charlie",spain_1y_bbg_2026-10-05.xlsx
2026-03-11,2.314100,"Citi Velocity, exported by Charlie",spain_1y_bbg_2026-10-05.xlsx
2026-03-12,2.320900,"Citi Velocity, exported by Charlie",spain_1y_bbg_2026-10-05.xlsx
2026-03-13,2.346600,"Citi Velocity, exported by Charlie",spain_1y_bbg_2026-10-05.xlsx
2026-03-16,2.307000,"Citi Velocity, exported by Charlie",spain_1y_bbg_2026-10-05.xlsx
2026-03-17,2.274600,"Citi Velocity, exported by Charlie",spain_1y_bbg_2026-10-05.xlsx
2026-03-18,2.334300,"Citi Velocity, exported by Charlie",spain_1y_bbg_2026-10-05.xlsx
2026-03-19,2.482800,"Citi Velocity, exported by Charlie",spain_1y_bbg_2026-10-05.xlsx
2026-03-20,2.542600,"Citi Velocity, exported by Charlie",spain_1y_bbg_2026-10-05.xlsx
2026-03-23,2.499400,"Citi Velocity, exported by Charlie",spain_1y_bbg_2026-10-05.xlsx
2026-03-24,2.584100,"Citi Velocity, exported by Charlie",spain_1y_bbg_2026-10-05.xlsx
2026-03-25,2.498200,"Citi Velocity, exported by Charlie",spain_1y_bbg_2026-10-05.xlsx
2026-03-26,2.585000,"Citi Velocity, exported by Charlie",spain_1y_bbg_2026-10-05.xlsx
2026-03-27,2.529900,"Citi Velocity, exported by Charlie",spain_1y_bbg_2026-10-05.xlsx
2026-03-30,2.507400,"Citi Velocity, exported by Charlie",spain_1y_bbg_2026-10-05.xlsx
2026-03-31,2.512700,"Citi Velocity, exported by Charlie",spain_1y_bbg_2026-10-05.xlsx
2026-04-01,2.474200,"Citi Velocity, exported by Charlie",spain_1y_bbg_2026-10-05.xlsx
2026-04-02,2.513700,"Citi Velocity, exported by Charlie",spain_1y_bbg_2026-10-05.xlsx
2026-04-07,2.559500,"Citi Velocity, exported by Charlie",spain_1y_bbg_2026-10-05.xlsx
2026-04-08,2.475700,"Citi Velocity, exported by Charlie",spain_1y_bbg_2026-10-05.xlsx
2026-04-09,2.495800,"Citi Velocity, exported by Charlie",spain_1y_bbg_2026-10-05.xlsx
2026-04-10,2.553300,"Citi Velocity, exported by Charlie",spain_1y_bbg_2026-10-05.xlsx
2026-04-13,2.599700,"Citi Velocity, exported by Charlie",spain_1y_bbg_2026-10-05.xlsx
2026-04-14,2.498900,"Citi Velocity, exported by Charlie",spain_1y_bbg_2026-10-05.xlsx
2026-04-15,2.495000,"Citi Velocity, exported by Charlie",spain_1y_bbg_2026-10-05.xlsx
2026-04-16,2.460100,"Citi Velocity, exported by Charlie",spain_1y_bbg_2026-10-05.xlsx
2026-04-17,2.361900,"Citi Velocity, exported by Charlie",spain_1y_bbg_2026-10-05.xlsx
2026-04-20,2.413500,"Citi Velocity, exported by Charlie",spain_1y_bbg_2026-10-05.xlsx
2026-04-21,2.470600,"Citi Velocity, exported by Charlie",spain_1y_bbg_2026-10-05.xlsx
2026-04-22,2.500900,"Citi Velocity, exported by Charlie",spain_1y_bbg_2026-10-05.xlsx
2026-04-23,2.495200,"Citi Velocity, exported by Charlie",spain_1y_bbg_2026-10-05.xlsx
2026-04-24,2.483200,"Citi Velocity, exported by Charlie",spain_1y_bbg_2026-10-05.xlsx
2026-04-27,2.504700,"Citi Velocity, exported by Charlie",spain_1y_bbg_2026-10-05.xlsx
2026-04-28,2.572800,"Citi Velocity, exported by Charlie",spain_1y_bbg_2026-10-05.xlsx
2026-04-29,2.659300,"Citi Velocity, exported by Charlie",spain_1y_bbg_2026-10-05.xlsx
2026-04-30,2.575000,"Citi Velocity, exported by Charlie",spain_1y_bbg_2026-10-05.xlsx
2026-05-04,2.632500,"Citi Velocity, exported by Charlie",spain_1y_bbg_2026-10-05.xlsx
2026-05-05,2.583600,"Citi Velocity, exported by Charlie",spain_1y_bbg_2026-10-05.xlsx
2026-05-06,2.534400,"Citi Velocity, exported by Charlie",spain_1y_bbg_2026-10-05.xlsx
2026-05-07,2.555300,"Citi Velocity, exported by Charlie",spain_1y_bbg_2026-10-05.xlsx
2026-05-08,2.573500,"Citi Velocity, exported by Charlie",spain_1y_bbg_2026-10-05.xlsx
2026-05-11,2.606600,"Citi Velocity, exported by Charlie",spain_1y_bbg_2026-10-05.xlsx
2026-05-12,2.646100,"Citi Velocity, exported by Charlie",spain_1y_bbg_2026-10-05.xlsx
2026-05-13,2.636100,"Citi Velocity, exported by Charlie",spain_1y_bbg_2026-10-05.xlsx
2026-05-14,2.574700,"Citi Velocity, exported by Charlie",spain_1y_bbg_2026-10-05.xlsx
2026-05-15,2.604700,"Citi Velocity, exported by Charlie",spain_1y_bbg_2026-10-05.xlsx
2026-05-18,2.586600,"Citi Velocity, exported by Charlie",spain_1y_bbg_2026-10-05.xlsx
2026-05-19,2.603000,"Citi Velocity, exported by Charlie",spain_1y_bbg_2026-10-05.xlsx
2026-05-20,2.532300,"Citi Velocity, exported by Charlie",spain_1y_bbg_2026-10-05.xlsx
2026-05-21,2.565700,"Citi Velocity, exported by Charlie",spain_1y_bbg_2026-10-05.xlsx
2026-05-22,2.546200,"Citi Velocity, exported by Charlie",spain_1y_bbg_2026-10-05.xlsx
2026-05-25,2.469300,"Citi Velocity, exported by Charlie",spain_1y_bbg_2026-10-05.xlsx
2026-05-26,2.534500,"Citi Velocity, exported by Charlie",spain_1y_bbg_2026-10-05.xlsx
2026-05-27,2.519000,"Citi Velocity, exported by Charlie",spain_1y_bbg_2026-10-05.xlsx
2026-05-28,2.496900,"Citi Velocity, exported by Charlie",spain_1y_bbg_2026-10-05.xlsx
2026-05-29,2.482400,"Citi Velocity, exported by Charlie",spain_1y_bbg_2026-10-05.xlsx
2026-06-01,2.545600,"Citi Velocity, exported by Charlie",spain_1y_bbg_2026-10-05.xlsx
2026-06-02,2.550800,"Citi Velocity, exported by Charlie",spain_1y_bbg_2026-10-05.xlsx
2026-06-03,2.631300,"Citi Velocity, exported by Charlie",spain_1y_bbg_2026-10-05.xlsx
2026-06-04,2.610000,"Citi Velocity, exported by Charlie",spain_1y_bbg_2026-10-05.xlsx
2026-06-05,2.619000,"Citi Velocity, exported by Charlie",spain_1y_bbg_2026-10-05.xlsx
2026-06-08,2.634600,"Citi Velocity, exported by Charlie",spain_1y_bbg_2026-10-05.xlsx
2026-06-09,2.599800,"Citi Velocity, exported by Charlie",spain_1y_bbg_2026-10-05.xlsx
2026-06-10,2.639600,"Citi Velocity, exported by Charlie",spain_1y_bbg_2026-10-05.xlsx
2026-06-11,2.614800,"Citi Velocity, exported by Charlie",spain_1y_bbg_2026-10-05.xlsx
2026-06-12,2.561500,"Citi Velocity, exported by Charlie",spain_1y_bbg_2026-10-05.xlsx
2026-06-15,2.534500,"Citi Velocity, exported by Charlie",spain_1y_bbg_2026-10-05.xlsx
2026-06-16,2.523200,"Citi Velocity, exported by Charlie",spain_1y_bbg_2026-10-05.xlsx
2026-06-17,2.534300,"Citi Velocity, exported by Charlie",spain_1y_bbg_2026-10-05.xlsx
2026-06-18,2.534600,"Citi Velocity, exported by Charlie",spain_1y_bbg_2026-10-05.xlsx
2026-06-19,2.562300,"Citi Velocity, exported by Charlie",spain_1y_bbg_2026-10-05.xlsx
2026-06-22,2.526600,"Citi Velocity, exported by Charlie",spain_1y_bbg_2026-10-05.xlsx
2026-06-23,2.514000,"Citi Velocity, exported by Charlie",spain_1y_bbg_2026-10-05.xlsx
2026-06-24,2.495000,"Citi Velocity, exported by Charlie",spain_1y_bbg_2026-10-05.xlsx
2026-06-25,2.483500,"Citi Velocity, exported by Charlie",spain_1y_bbg_2026-10-05.xlsx
2026-06-26,2.466600,"Citi Velocity, exported by Charlie",spain_1y_bbg_2026-10-05.xlsx
2026-06-29,2.488500,"Citi Velocity, exported by Charlie",spain_1y_bbg_2026-10-05.xlsx
2026-06-30,2.472700,"Citi Velocity, exported by Charlie",spain_1y_bbg_2026-10-05.xlsx
2026-07-01,2.441800,"Citi Velocity, exported by Charlie",spain_1y_bbg_2026-10-05.xlsx
2026-07-02,2.427500,"Citi Velocity, exported by Charlie",spain_1y_bbg_2026-10-05.xlsx
2026-07-03,2.447200,"Citi Velocity, exported by Charlie",spain_1y_bbg_2026-10-05.xlsx
2026-07-06,2.456200,"Citi Velocity, exported by Charlie",spain_1y_bbg_2026-10-05.xlsx
2026-07-07,2.492400,"Citi Velocity, exported by Charlie",spain_1y_bbg_2026-10-05.xlsx
2026-07-08,2.654200,"Citi Velocity, exported by Charlie",spain_1y_bbg_2026-10-05.xlsx
2026-07-09,2.599600,"Citi Velocity, exported by Charlie",spain_1y_bbg_2026-10-05.xlsx
2026-07-10,2.595300,"Citi Velocity, exported by Charlie",spain_1y_bbg_2026-10-05.xlsx
2026-07-13,2.660100,"Citi Velocity, exported by Charlie",spain_1y_bbg_2026-10-05.xlsx
2026-07-14,2.666400,"Citi Velocity, exported by Charlie",spain_1y_bbg_2026-10-05.xlsx
2026-07-15,2.636700,"Citi Velocity, exported by Charlie",spain_1y_bbg_2026-10-05.xlsx
2026-07-16,2.652000,"Citi Velocity, exported by Charlie",spain_1y_bbg_2026-10-05.xlsx
2026-07-17,2.666100,"Citi Velocity, exported by Charlie",spain_1y_bbg_2026-10-05.xlsx
2026-07-20,2.666900,"Citi Velocity, exported by Charlie",spain_1y_bbg_2026-10-05.xlsx
2026-07-21,2.657100,"Citi Velocity, exported by Charlie",spain_1y_bbg_2026-10-05.xlsx
2026-07-22,2.688100,"Citi Velocity, exported by Charlie",spain_1y_bbg_2026-10-05.xlsx
2026-07-23,2.709300,"Citi Velocity, exported by Charlie",spain_1y_bbg_2026-10-05.xlsx
2026-07-24,2.665400,"Citi Velocity, exported by Charlie",spain_1y_bbg_2026-10-05.xlsx
2026-07-27,2.644100,"Citi Velocity, exported by Charlie",spain_1y_bbg_2026-10-05.xlsx
2026-07-28,2.609000,"Citi Velocity, exported by Charlie",spain_1y_bbg_2026-10-05.xlsx
2026-07-29,2.651100,"Citi Velocity, exported by Charlie",spain_1y_bbg_2026-10-05.xlsx
2026-07-30,2.617700,"Citi Velocity, exported by Charlie",spain_1y_bbg_2026-10-05.xlsx
2026-07-31,2.652700,"Citi Velocity, exported by Charlie",spain_1y_bbg_2026-10-05.xlsx
2026-08-03,2.633000,"Citi Velocity, exported by Charlie",spain_1y_bbg_2026-10-05.xlsx
2026-08-04,2.594100,"Citi Velocity, exported by Charlie",spain_1y_bbg_2026-10-05.xlsx
2026-08-05,2.639400,"Citi Velocity, exported by Charlie",spain_1y_bbg_2026-10-05.xlsx
2026-08-06,2.655800,"Citi Velocity, exported by Charlie",spain_1y_bbg_2026-10-05.xlsx
2026-08-07,2.649600,"Citi Velocity, exported by Charlie",spain_1y_bbg_2026-10-05.xlsx
2026-08-10,2.689400,"Citi Velocity, exported by Charlie",spain_1y_bbg_2026-10-05.xlsx
2026-08-11,2.675600,"Citi Velocity, exported by Charlie",spain_1y_bbg_2026-10-05.xlsx
2026-08-12,2.678400,"Citi Velocity, exported by Charlie",spain_1y_bbg_2026-10-05.xlsx
2026-08-13,2.668300,"Citi Velocity, exported by Charlie",spain_1y_bbg_2026-10-05.xlsx
2026-08-14,2.692300,"Citi Velocity, exported by Charlie",spain_1y_bbg_2026-10-05.xlsx
2026-08-17,2.697300,"Citi Velocity, exported by Charlie",spain_1y_bbg_2026-10-05.xlsx
2026-08-18,2.730000,"Citi Velocity, exported by Charlie",spain_1y_bbg_2026-10-05.xlsx
2026-08-19,2.735800,"Citi Velocity, exported by Charlie",spain_1y_bbg_2026-10-05.xlsx
2026-08-20,2.740600,"Citi Velocity, exported by Charlie",spain_1y_bbg_2026-10-05.xlsx
2026-08-21,2.730300,"Citi Velocity, exported by Charlie",spain_1y_bbg_2026-10-05.xlsx
2026-08-24,2.753000,"Citi Velocity, exported by Charlie",spain_1y_bbg_2026-10-05.xlsx
2026-08-25,2.703900,"Citi Velocity, exported by Charlie",spain_1y_bbg_2026-10-05.xlsx
2026-08-26,2.721800,"Citi Velocity, exported by Charlie",spain_1y_bbg_2026-10-05.xlsx
2026-08-27,2.738300,"Citi Velocity, exported by Charlie",spain_1y_bbg_2026-10-05.xlsx
2026-08-28,2.770700,"Citi Velocity, exported by Charlie",spain_1y_bbg_2026-10-05.xlsx
2026-08-31,2.799800,"Citi Velocity, exported by Charlie",spain_1y_bbg_2026-10-05.xlsx
2026-09-01,2.811700,"Citi Velocity, exported by Charlie",spain_1y_bbg_2026-10-05.xlsx
2026-09-02,2.886700,"Citi Velocity, exported by Charlie",spain_1y_bbg_2026-10-05.xlsx
2026-09-03,2.863900,"Citi Velocity, exported by Charlie",spain_1y_bbg_2026-10-05.xlsx
2026-09-04,2.857800,"Citi Velocity, exported by Charlie",spain_1y_bbg_2026-10-05.xlsx
2026-09-07,2.893300,"Citi Velocity, exported by Charlie",spain_1y_bbg_2026-10-05.xlsx
2026-09-08,2.884900,"Citi Velocity, exported by Charlie",spain_1y_bbg_2026-10-05.xlsx
2026-09-09,2.929900,"Citi Velocity, exported by Charlie",spain_1y_bbg_2026-10-05.xlsx
2026-09-10,3.105500,"Citi Velocity, exported by Charlie",spain_1y_bbg_2026-10-05.xlsx
2026-09-11,3.072300,"Citi Velocity, exported by Charlie",spain_1y_bbg_2026-10-05.xlsx
2026-09-14,3.111400,"Citi Velocity, exported by Charlie",spain_1y_bbg_2026-10-05.xlsx
2026-09-15,3.088900,"Citi Velocity, exported by Charlie",spain_1y_bbg_2026-10-05.xlsx
2026-09-16,3.062300,"Citi Velocity, exported by Charlie",spain_1y_bbg_2026-10-05.xlsx
2026-09-17,3.068300,"Citi Velocity, exported by Charlie",spain_1y_bbg_2026-10-05.xlsx
2026-09-18,3.128400,"Citi Velocity, exported by Charlie",spain_1y_bbg_2026-10-05.xlsx
2026-09-21,3.070500,"Citi Velocity, exported by Charlie",spain_1y_bbg_2026-10-05.xlsx
2026-09-22,3.075000,"Citi Velocity, exported by Charlie",spain_1y_bbg_2026-10-05.xlsx
2026-09-23,3.137800,"Citi Velocity, exported by Charlie",spain_1y_bbg_2026-10-05.xlsx
2026-09-24,3.135800,"Citi Velocity, exported by Charlie",spain_1y_bbg_2026-10-05.xlsx
2026-09-25,3.091900,"Citi Velocity, exported by Charlie",spain_1y_bbg_2026-10-05.xlsx
2026-09-28,3.093900,"Citi Velocity, exported by Charlie",spain_1y_bbg_2026-10-05.xlsx
2026-09-29,3.067400,"Citi Velocity, exported by Charlie",spain_1y_bbg_2026-10-05.xlsx
2026-09-30,3.029000,"Citi Velocity, exported by Charlie",spain_1y_bbg_2026-10-05.xlsx
2026-10-01,2.989900,"Citi Velocity, exported by Charlie",spain_1y_bbg_2026-10-05.xlsx
2026-10-02,3.013900,"Citi Velocity, exported by Charlie",spain_1y_bbg_2026-10-05.xlsx
2026-10-05,2.983700,"Citi Velocity, exported by Charlie",spain_1y_bbg_2026-10-05.xlsx
